h3_index,latitude,longitude,bike_amenities,car_amenities,children_amenity,food_amenities,health_amenity,home_amenities,infrastructure_amenities,leisure_amenities,needs_amenities,other_amenities,pet_amenity,public_transport,shops_amenities,social_amenities,study_amenity,water_amenities,work_amenity,parking_area,traffic_count,highway,voltage,сharger_number,has_charging_station,distance_to_center
88118180c3fffff,55.2267210741875,37.3016534279335,0.0,0.0,0.0,0.0,0.0,0.0,1.0,0.0,0.0,0.0,0.0,0.0,0.0,0.0,0.0,0.0,0.0,0.0,23432.645305200276,0.0,0.0,0.0,0,61.77708475200384
88118180d3fffff,55.24476254415629,37.323087292261235,0.0,0.0,0.0,0.0,0.0,0.0,0.0,0.0,0.0,0.0,0.0,1.0,0.0,0.0,0.0,0.0,0.0,0.0,23432.645305200276,0.0,0.0,0.0,0,59.441910547401285
8811818287fffff,55.240533143393684,37.25301701599613,0.0,0.0,0.0,0.0,0.0,0.0,0.0,0.0,0.0,0.0,0.0,2.0,0.0,0.0,0.0,0.0,0.0,0.0,23432.645305200276,0.0,0.0,0.0,0,61.40151769969864
88118182d1fffff,55.264058217273295,37.22673626413978,0.0,0.0,0.0,0.0,0.0,0.0,0.0,0.0,0.0,0.0,0.0,1.0,0.0,0.0,0.0,0.0,0.0,0.0,23432.645305200276,0.0,0.0,0.0,0,59.64180232246267
88118182d3fffff,55.26892652986115,37.23792569227649,0.0,0.0,0.0,0.0,0.0,0.0,0.0,0.0,1.0,0.0,0.0,0.0,0.0,0.0,0.0,0.0,0.0,0.0,23432.645305200276,0.0,0.0,0.0,0,58.85762866617018
88118182d7fffff,55.2606119839588,37.23890284643395,0.0,0.0,0.0,0.0,0.0,0.0,1.0,0.0,0.0,0.0,0.0,0.0,0.0,0.0,0.0,0.0,0.0,0.0,23432.645305200276,0.0,0.0,0.0,0,59.681327519292736
8811818351fffff,55.17177680788297,37.15545828724665,0.0,0.0,0.0,0.0,0.0,0.0,0.0,0.0,0.0,0.0,0.0,0.0,0.0,0.0,0.0,0.0,0.0,0.0,23432.645305200276,0.0,220000.0,2.0,1,70.87219543492336
8811818353fffff,55.17664681206617,37.166607903553015,0.0,0.0,0.0,0.0,0.0,0.0,0.0,0.0,0.0,0.0,0.0,0.0,0.0,0.0,0.0,0.0,0.0,0.0,23432.645305200276,0.0,220000.0,1.0,1,70.08878196387035
8811818357fffff,55.16833321499073,37.167596508059624,0.0,0.0,0.0,0.0,0.0,0.0,0.0,0.0,0.0,0.0,0.0,0.0,0.0,0.0,0.0,0.0,0.0,0.0,23432.645305200276,0.0,35000.0,0.0,0,70.91209014011487
881181835dfffff,55.16690619548996,37.144312330226974,0.0,0.0,0.0,0.0,0.0,0.0,0.0,0.0,0.0,0.0,0.0,0.0,0.0,0.0,0.0,0.0,0.0,0.0,23432.645305200276,0.0,220000.0,2.0,1,71.6581222147305
881181840bfffff,55.32037811464932,37.39686110882517,0.0,0.0,0.0,0.0,0.0,0.0,0.0,0.0,0.0,0.0,0.0,0.0,0.0,1.0,0.0,0.0,0.0,0.0,23432.645305200276,0.0,0.0,0.0,0,50.02047428618107
8811818443fffff,55.3189789456863,37.373438642385146,0.0,0.0,0.0,0.0,0.0,0.0,0.0,0.0,0.0,0.0,0.0,2.0,0.0,0.0,0.0,0.0,0.0,0.0,23432.645305200276,0.0,0.0,0.0,0,50.59734097254795
8811818447fffff,55.31065975533505,37.374390991822594,0.0,0.0,0.0,0.0,0.0,0.0,0.0,0.0,2.0,0.0,0.0,0.0,0.0,0.0,0.0,0.0,0.0,0.0,23432.645305200276,0.0,0.0,0.0,0,51.46362047594634
8811818449fffff,55.317575569382036,37.35002237372437,0.0,1.0,0.0,0.0,0.0,0.0,0.0,0.0,0.0,0.0,0.0,2.0,0.0,0.0,0.0,1.0,0.0,0.0,23432.645305200276,2.0,0.0,0.0,0,51.211247323342555
881181844bfffff,55.322437046336354,37.36125230290669,0.0,0.0,0.0,0.0,0.0,0.0,2.0,0.0,0.0,0.0,0.0,0.0,0.0,0.0,0.0,0.0,0.0,0.0,23432.645305200276,0.0,0.0,0.0,0,50.46978502943317
881181844dfffff,55.309257348963904,37.350979182935895,0.0,0.0,0.0,0.0,0.0,0.0,0.0,0.0,0.0,0.0,0.0,1.0,0.0,0.0,0.0,0.0,0.0,0.0,23432.645305200276,0.0,0.0,0.0,0,52.068287109516405
8811818451fffff,55.332158120106776,37.383723225150035,0.0,0.0,0.0,0.0,0.0,0.0,0.0,0.0,0.0,0.0,0.0,0.0,0.0,0.0,0.0,0.0,0.0,0.0,23432.645305200276,0.0,35000.0,3.0,1,49.00207058686714
8811818453fffff,55.33701771524856,37.39496422011576,0.0,0.0,0.0,0.0,0.0,0.0,0.0,0.0,0.0,0.0,0.0,0.0,0.0,0.0,0.0,0.0,0.0,0.0,23432.645305200276,0.0,35000.0,4.0,1,48.27628925756613
8811818457fffff,55.32869803471422,37.39591285034438,0.0,0.0,0.0,0.0,0.0,0.0,1.0,0.0,0.0,1.0,0.0,0.0,0.0,0.0,0.0,0.0,0.0,0.0,23432.645305200276,0.0,0.0,0.0,0,49.14734272828453
8811818459fffff,55.33561660849958,37.37153282364137,0.0,0.0,0.0,0.0,0.0,0.0,0.0,0.0,0.0,0.0,0.0,0.0,0.0,0.0,0.0,0.0,0.0,0.0,23432.645305200276,0.0,35000.0,3.0,1,48.871664853003
881181845bfffff,55.3404771964301,37.38277217527365,0.0,0.0,0.0,0.0,0.0,0.0,0.0,0.0,0.0,0.0,0.0,0.0,0.0,0.0,0.0,0.0,0.0,0.0,23432.645305200276,0.0,35000.0,1.0,1,48.136818713868706
881181845dfffff,55.32729789685692,37.37248591973104,0.0,0.0,0.0,0.0,0.0,0.0,0.0,0.0,0.0,0.0,0.0,0.0,0.0,0.0,0.0,0.0,0.0,0.0,23432.645305200276,0.0,35000.0,4.0,1,49.73331635471269
8811818461fffff,55.294020658480214,37.376294571922266,0.0,0.0,0.0,0.0,0.0,0.0,1.0,0.0,0.0,0.0,0.0,0.0,0.0,0.0,0.0,0.0,0.0,0.0,23432.645305200276,0.0,0.0,0.0,0,53.20250826998898
881181846bfffff,55.30234032615055,37.37534296826211,0.0,0.0,0.0,0.0,0.0,0.0,0.0,0.0,0.0,0.0,0.0,0.0,0.0,0.0,0.0,0.0,0.0,0.0,23432.645305200276,1.0,0.0,0.0,0,52.33204415824804
881181846dfffff,55.28916126981982,37.36506912674832,0.0,0.0,0.0,0.0,0.0,0.0,0.0,0.0,0.0,0.0,0.0,2.0,0.0,0.0,0.0,0.0,0.0,0.0,23432.645305200276,1.0,0.0,0.0,0,53.9254669967911
88118184c9fffff,55.35159272364675,37.42870935180675,0.0,0.0,0.0,0.0,0.0,0.0,0.0,0.0,0.0,0.0,0.0,0.0,0.0,0.0,0.0,0.0,0.0,0.0,23432.645305200276,0.0,35000.0,3.0,1,46.134345125044106
8811818543fffff,55.260739609891345,37.3800972631346,0.0,0.0,0.0,0.0,0.0,1.0,0.0,0.0,0.0,0.0,0.0,1.0,0.0,0.0,0.0,0.0,2.0,0.0,23432.645305200276,0.0,0.0,0.0,0,56.7029096850999
8811818547fffff,55.25241875500537,37.381047006170455,0.0,0.0,0.0,0.0,0.0,1.0,0.0,0.0,0.0,0.0,0.0,0.0,0.0,0.0,0.0,0.0,0.0,0.0,23432.645305200276,0.0,0.0,0.0,0,57.58222925469287
881181854bfffff,55.26420193759996,37.36792782428657,0.0,0.0,0.0,0.0,0.0,0.0,0.0,0.0,0.0,0.0,0.0,1.0,0.0,0.0,0.0,0.0,0.0,0.0,23432.645305200276,0.0,0.0,0.0,0,56.53884023006678
8811818559fffff,55.27738060907212,37.3781966617779,0.0,0.0,0.0,0.0,0.0,0.0,1.0,0.0,0.0,0.0,0.0,0.0,0.0,0.0,0.0,0.0,0.0,0.0,23432.645305200276,0.0,0.0,0.0,0,54.94917450303195
881181855bfffff,55.282238640564664,37.38942170532548,0.0,0.0,0.0,0.0,0.0,0.0,0.0,0.0,0.0,0.0,0.0,1.0,0.0,0.0,0.0,0.0,0.0,0.0,23432.645305200276,0.0,0.0,0.0,0,54.23774394259006
881181855dfffff,55.269060228029495,37.37914714840965,0.0,0.0,0.0,0.0,0.0,0.0,0.0,0.0,1.0,0.0,0.0,1.0,0.0,0.0,0.0,0.0,0.0,0.0,23432.645305200276,0.0,0.0,0.0,0,55.82519946028071
8811818601fffff,55.336253485024685,37.31249921711563,0.0,0.0,0.0,0.0,0.0,1.0,0.0,1.0,0.0,0.0,0.0,0.0,0.0,0.0,0.0,0.0,0.0,0.0,23432.645305200276,0.0,0.0,0.0,0,50.10561502044367
8811818603fffff,55.34111830087173,37.32372624899781,0.0,0.0,0.0,0.0,0.0,0.0,0.0,0.0,4.0,0.0,0.0,0.0,0.0,0.0,0.0,0.0,0.0,70845.72602030454,23432.645305200276,0.0,0.0,0.0,0,49.33605417262501
8811818605fffff,55.32793732003586,37.31346365487634,0.0,0.0,0.0,0.0,0.0,0.0,0.0,0.0,0.0,0.0,0.0,0.0,0.0,0.0,0.0,0.0,2.0,0.0,23432.645305200276,0.0,0.0,0.0,0,50.94044467629445
8811818607fffff,55.33280176999225,37.32468864568582,0.0,0.0,2.0,0.0,0.0,4.0,0.0,0.0,5.0,0.0,0.0,0.0,0.0,0.0,0.0,0.0,0.0,0.0,23432.645305200276,0.0,0.0,0.0,0,50.17458754475107
8811818609fffff,55.33970360358749,37.30030901884751,0.0,0.0,0.0,0.0,0.0,0.0,0.0,0.0,0.0,0.0,0.0,1.0,0.0,0.0,0.0,0.0,0.0,0.0,23432.645305200276,0.0,0.0,0.0,0,50.05145977438801
881181860bfffff,55.344569409970255,37.31153440137541,0.0,0.0,0.0,0.0,0.0,0.0,1.0,0.0,1.0,0.0,0.0,2.0,0.0,0.0,0.0,0.0,0.0,2675.7714795813486,23432.645305200276,2.0,0.0,0.0,0,49.274135312053055
8811818611fffff,55.35429914744007,37.33399624086474,0.0,0.0,0.0,0.0,0.0,0.0,0.0,0.0,0.0,0.0,0.0,3.0,0.0,0.0,0.0,0.0,0.0,4398.032024411212,23432.645305200276,2.0,0.0,0.0,0,47.731644005801364
8811818613fffff,55.35916307685289,37.34523269974139,0.0,0.0,0.0,0.0,0.0,0.0,0.0,0.0,0.0,0.0,0.0,2.0,0.0,0.0,0.0,0.0,0.0,0.0,23432.645305200276,2.0,0.0,0.0,0,46.9668850705783
8811818615fffff,55.345982491408726,37.334956971527596,0.0,0.0,0.0,0.0,0.0,0.0,1.0,0.0,0.0,0.0,0.0,0.0,0.0,0.0,0.0,0.0,0.0,0.0,23432.645305200276,0.0,0.0,0.0,0,48.570724405308155
8811818617fffff,55.35084605579863,37.34619138566173,0.0,1.0,0.0,1.0,0.0,0.0,0.0,0.0,0.0,0.0,0.0,2.0,0.0,0.0,0.0,0.0,0.0,0.0,23432.645305200276,4.0,0.0,0.0,0,47.80983314681921
8811818623fffff,55.32103108234873,37.33783690530617,0.0,0.0,1.0,0.0,0.0,0.0,0.0,0.0,0.0,0.0,0.0,1.0,0.0,0.0,0.0,0.0,0.0,17145.374986422037,23432.645305200276,2.0,0.0,0.0,0,51.10652875006693
8811818627fffff,55.31271346683061,37.33879613123096,0.0,0.0,0.0,0.0,0.0,0.0,0.0,0.0,0.0,0.0,0.0,1.0,0.0,0.0,0.0,0.0,0.0,0.0,23432.645305200276,0.0,0.0,0.0,0,51.95748555066231
8811818635fffff,55.32589355062182,37.34906518961113,0.0,1.0,0.0,1.0,2.0,0.0,3.0,1.0,5.0,3.0,0.0,5.0,3.0,3.0,1.0,0.0,2.0,106388.73199674742,23432.645305200276,2.0,35000.0,5.0,1,50.35674744430151
8811818637fffff,55.33075539295107,37.36029716207161,0.0,0.0,0.0,0.0,0.0,0.0,0.0,0.0,0.0,0.0,0.0,0.0,0.0,0.0,0.0,0.0,0.0,0.0,23432.645305200276,0.0,35000.0,3.0,1,49.611718974737514
881181863bfffff,55.3425287941773,37.34714969579992,0.0,0.0,0.0,0.0,0.0,0.0,0.0,0.0,0.0,0.0,0.0,2.0,0.0,0.0,0.0,0.0,0.0,0.0,23432.645305200276,1.0,0.0,0.0,0,48.65589680108263
881181863dfffff,55.32934845851593,37.33687730352764,0.0,0.0,0.0,0.0,0.0,0.0,0.0,0.0,0.0,0.0,0.0,0.0,0.0,1.0,0.0,0.0,0.0,0.0,23432.645305200276,0.0,35000.0,0.0,0,50.258321261707835
8811818641fffff,55.33828470556309,37.27689801069467,0.0,0.0,0.0,0.0,0.0,0.0,1.0,0.0,0.0,0.0,0.0,0.0,0.0,0.0,0.0,0.0,0.0,0.0,23432.645305200276,0.0,0.0,0.0,0,50.80059880051231
8811818643fffff,55.34315212565527,37.28811805191224,0.0,0.0,0.0,0.0,0.0,0.0,0.0,0.0,0.0,0.0,0.0,2.0,0.0,0.0,0.0,0.0,0.0,0.0,23432.645305200276,0.0,0.0,0.0,0,50.01216499783337
8811818645fffff,55.32997011970911,37.27786932343335,0.0,0.0,0.0,0.0,0.0,0.0,1.0,0.0,0.0,0.0,0.0,2.0,0.0,0.0,0.0,0.0,0.0,0.0,23432.645305200276,2.0,0.0,0.0,0,51.617331264515144
8811818647fffff,55.33483717322171,37.28908732651977,0.0,0.0,0.0,0.0,0.0,0.0,0.0,0.0,0.0,0.0,0.0,1.0,0.0,0.0,0.0,0.0,0.0,0.0,23432.645305200276,2.0,0.0,0.0,0,50.832583901253734
8811818655fffff,55.34801892225491,37.299341783838834,0.0,0.0,0.0,0.0,0.0,0.0,4.0,0.0,0.0,0.0,0.0,0.0,0.0,0.0,0.0,0.0,0.0,15001.494219393995,23432.645305200276,0.0,0.0,0.0,0,49.22729842892683
881181865dfffff,55.35146683770039,37.28714839741952,0.0,0.0,0.0,0.0,0.0,0.0,0.0,0.0,0.0,0.0,0.0,0.0,0.0,0.0,0.0,0.0,0.0,6111.423083484445,23432.645305200276,0.0,0.0,0.0,0,49.19558157419739
8811818681fffff,55.37029403513467,37.391165977358064,0.0,2.0,0.0,0.0,0.0,0.0,0.0,0.0,0.0,0.0,0.0,2.0,0.0,0.0,0.0,0.0,0.0,0.0,23432.645305200276,2.0,35000.0,10.0,1,44.81524552843216
8811818683fffff,55.37515445622139,37.40241886384677,0.0,0.0,0.0,0.0,0.0,0.0,0.0,0.0,0.0,0.0,0.0,2.0,0.0,0.0,0.0,0.0,0.0,0.0,23432.645305200276,3.0,0.0,0.0,0,44.080113676749036
8811818685fffff,55.36197531619527,37.39211609676091,0.0,0.0,0.0,1.0,0.0,0.0,0.0,0.0,0.0,0.0,0.0,0.0,0.0,0.0,0.0,0.0,0.0,0.0,23432.645305200276,0.0,35000.0,0.0,0,45.67677017755417
8811818687fffff,55.366835373821935,37.40336693188791,0.0,0.0,0.0,0.0,0.0,0.0,0.0,0.0,0.0,0.0,0.0,0.0,0.0,0.0,0.0,0.0,0.0,0.0,23432.645305200276,0.0,35000.0,8.0,1,44.94556130527072
8811818689fffff,55.373751097750066,37.37896424437991,0.0,0.0,0.0,0.0,0.0,0.0,0.0,1.0,0.0,0.0,0.0,1.0,0.0,2.0,0.0,0.0,0.0,53616.27921689443,23432.645305200276,0.0,35000.0,5.0,1,44.70126922020827
881181868bfffff,55.37861251280744,37.390215485115064,0.0,0.0,0.0,0.0,0.0,0.0,0.0,0.0,0.0,0.0,0.0,2.0,0.0,0.0,0.0,0.0,0.0,0.0,23432.645305200276,5.0,0.0,0.0,0,43.95645363125249
881181868dfffff,55.3654329837104,37.379916787249634,0.0,0.0,0.0,0.0,0.0,0.0,2.0,0.0,0.0,1.0,0.0,2.0,0.0,0.0,0.0,0.0,0.0,0.0,23432.645305200276,2.0,0.0,0.0,0,45.55605243691248
8811818691fffff,55.38833345002564,37.41272906109848,0.0,0.0,0.0,1.0,0.0,0.0,0.0,0.0,0.0,0.0,0.0,2.0,1.0,0.0,0.0,0.0,0.0,0.0,23432.645305200276,2.0,0.0,0.0,0,42.48407777182492
8811818693fffff,55.39319297050719,37.423991398254806,0.0,1.0,0.0,1.0,0.0,0.0,0.0,0.0,1.0,0.0,0.0,0.0,1.0,1.0,0.0,0.0,0.0,0.0,23432.645305200276,0.0,0.0,0.0,0,41.757135612375016
8811818695fffff,55.380014246131374,37.4136754476694,0.0,0.0,0.0,1.0,0.0,0.0,1.0,0.0,0.0,1.0,0.0,0.0,0.0,0.0,0.0,0.0,0.0,0.0,23432.645305200276,0.0,10000.0,13.0,1,43.35095025286934
8811818697fffff,55.38487340402511,37.42493572977907,0.0,0.0,0.0,0.0,0.0,0.0,0.0,0.0,0.0,0.0,0.0,2.0,3.0,0.0,0.0,0.0,0.0,0.0,23432.645305200276,3.0,0.0,0.0,0,42.62806627194241
88118186a3fffff,55.35505518613575,37.41651238007058,0.0,0.0,0.0,0.0,0.0,0.0,0.0,0.0,0.0,0.0,0.0,0.0,0.0,0.0,0.0,0.0,0.0,0.0,23432.645305200276,0.0,35000.0,1.0,1,45.9660612062072
88118186a5fffff,55.341876681444596,37.406208905579824,0.0,0.0,0.0,0.0,0.0,0.0,0.0,0.0,0.0,0.0,0.0,0.0,0.0,0.0,0.0,0.0,0.0,0.0,23432.645305200276,0.0,35000.0,4.0,1,47.55622681208082
88118186a7fffff,55.346735017856794,37.4174572824933,0.0,0.0,0.0,0.0,0.0,0.0,0.0,0.0,0.0,0.0,0.0,0.0,0.0,0.0,0.0,0.0,0.0,0.0,23432.645305200276,0.0,35000.0,3.0,1,46.84215130563612
88118186abfffff,55.35851605032787,37.40431462804499,0.0,0.0,0.0,0.0,0.0,0.0,0.0,1.0,0.0,0.0,0.0,0.0,0.0,0.0,0.0,0.0,0.0,0.0,23432.645305200276,0.0,0.0,0.0,0,45.8134855562122
88118186adfffff,55.345337155905014,37.39401521792121,0.0,0.0,0.0,0.0,0.0,0.0,0.0,0.0,0.0,0.0,0.0,1.0,0.0,0.0,0.0,0.0,0.0,9189.595801037782,23432.645305200276,0.0,0.0,0.0,0,47.407427010285346
88118186b1fffff,55.36823354603163,37.42682328117178,0.0,0.0,0.0,0.0,0.0,0.0,0.0,0.0,0.0,0.0,0.0,1.0,0.0,0.0,0.0,0.0,0.0,0.0,23432.645305200276,0.0,35000.0,22.0,1,44.37695822312156
88118186b5fffff,55.359913255214515,37.42776650147531,0.0,0.0,0.0,0.0,0.0,0.0,0.0,0.0,0.0,0.0,0.0,0.0,0.0,0.0,0.0,0.0,0.0,0.0,23432.645305200276,0.0,35000.0,2.0,1,45.25465080166218
88118186b9fffff,55.371694800620226,37.4146214628764,0.0,0.0,0.0,0.0,0.0,0.0,0.0,0.0,0.0,0.0,0.0,0.0,0.0,0.0,0.0,0.0,0.0,0.0,23432.645305200276,0.0,35000.0,14.0,1,44.2203323378212
88118186bdfffff,55.363375113839304,37.41556710693751,0.0,0.0,0.0,0.0,0.0,0.0,0.0,0.0,0.0,0.0,0.0,1.0,0.0,0.0,0.0,0.0,0.0,0.0,23432.645305200276,0.0,35000.0,5.0,1,45.09208036982262
88118186c1fffff,55.372343523575445,37.35551583767277,0.0,0.0,0.0,0.0,0.0,0.0,0.0,2.0,0.0,0.0,0.0,0.0,0.0,0.0,0.0,0.0,0.0,23829.375441334,23432.645305200276,0.0,0.0,0.0,0,45.36308201491891
88118186c3fffff,55.37720656164101,37.366761733985776,0.0,0.0,0.0,0.0,0.0,0.0,0.0,0.0,0.0,0.0,0.0,0.0,0.0,0.0,0.0,0.0,0.0,0.0,23432.645305200276,0.0,35000.0,1.0,1,44.603752095499814
88118186c9fffff,55.375796395872015,37.34331419967187,0.0,0.0,0.0,0.0,0.0,0.0,1.0,0.0,0.0,0.0,0.0,0.0,0.0,0.0,0.0,0.0,0.0,0.0,23432.645305200276,0.0,0.0,0.0,0,45.29102491077432
88118186d5fffff,55.38206897035104,37.37801132771384,0.0,0.0,0.0,0.0,0.0,0.0,0.0,0.0,0.0,0.0,0.0,0.0,0.0,0.0,0.0,0.0,0.0,0.0,23432.645305200276,0.0,35000.0,3.0,1,43.84948665482899
88118186ddfffff,55.38552382882521,37.36580639267609,0.0,0.0,0.0,1.0,0.0,0.0,2.0,0.0,2.0,0.0,0.0,2.0,0.0,0.0,0.0,0.0,0.0,0.0,23432.645305200276,1.0,35000.0,4.0,1,43.759329513209416
88118186e1fffff,55.352253311812,37.36962551027883,0.0,0.0,0.0,0.0,0.0,0.0,0.0,0.0,0.0,0.0,0.0,2.0,0.0,0.0,0.0,0.0,0.0,7270.988752043106,23432.645305200276,0.0,0.0,0.0,0,47.15599551792051
88118186e9fffff,55.3557089932041,37.357429492356395,0.0,0.0,0.0,0.0,0.0,0.0,1.0,0.0,0.0,0.0,0.0,3.0,0.0,0.0,0.0,0.0,0.0,0.0,23432.645305200276,5.0,0.0,0.0,0,47.05360002313262
88118186ebfffff,55.360571302787385,37.3686712925673,0.0,0.0,0.0,0.0,0.0,0.0,0.0,0.0,0.0,0.0,0.0,2.0,0.0,0.0,0.0,0.0,0.0,0.0,23432.645305200276,2.0,0.0,0.0,0,46.30225764408499
8811818713fffff,55.30093888971473,37.351935617465365,0.0,0.0,0.0,0.0,0.0,0.0,0.0,0.0,0.0,0.0,0.0,1.0,0.0,0.0,0.0,0.0,0.0,0.0,23432.645305200276,1.0,0.0,0.0,0,52.92774467681555
8811818721fffff,55.25794223956543,37.333333276152665,0.0,0.0,0.0,0.0,0.0,0.0,1.0,0.0,0.0,0.0,0.0,0.0,0.0,0.0,0.0,0.0,0.0,0.0,23432.645305200276,0.0,0.0,0.0,0,57.84533396316102
8811818725fffff,55.24962332560741,37.33429191249579,0.0,0.0,0.0,0.0,0.0,0.0,1.0,0.0,0.0,0.0,0.0,0.0,0.0,0.0,0.0,0.0,0.0,0.0,23432.645305200276,0.0,0.0,0.0,0,58.70923239399336
8811818729fffff,55.2613994002308,37.32116557624681,0.0,0.0,0.0,0.0,0.0,0.0,0.0,0.0,0.0,0.0,0.0,1.0,0.0,0.0,0.0,0.0,0.0,0.0,23432.645305200276,0.0,0.0,0.0,0,57.72225669594282
881181873bfffff,55.28430125611283,37.35384736335609,0.0,0.0,0.0,0.0,0.0,0.0,1.0,0.0,0.0,0.0,0.0,0.0,0.0,0.0,0.0,0.0,0.0,0.0,23432.645305200276,0.0,0.0,0.0,0,54.6534614407907
8811818753fffff,55.30298738828105,37.31635470249583,0.0,0.0,0.0,0.0,0.0,0.0,0.0,0.0,0.0,0.0,0.0,2.0,0.0,0.0,0.0,0.0,0.0,0.0,23432.645305200276,0.0,0.0,0.0,0,53.463473415762245
8811818755fffff,55.289806659198554,37.30610447908801,0.0,0.0,0.0,0.0,0.0,0.0,1.0,0.0,0.0,0.0,0.0,2.0,0.0,0.0,0.0,0.0,0.0,0.0,23432.645305200276,0.0,0.0,0.0,0,55.06616695120098
8811818757fffff,55.294670266590686,37.31731763055205,0.0,0.0,0.0,0.0,0.0,0.0,1.0,1.0,0.0,0.0,0.0,1.0,0.0,0.0,0.0,0.0,0.0,0.0,23432.645305200276,0.0,0.0,0.0,0,54.31018851755572
881181876dfffff,55.25512809465595,37.28659404715257,0.0,0.0,0.0,0.0,0.0,0.0,0.0,0.0,0.0,0.0,0.0,1.0,0.0,0.0,0.0,0.0,0.0,0.0,23432.645305200276,0.0,0.0,0.0,0,59.1164785750115
8811819021fffff,55.17975096574665,37.01381670299624,0.0,0.0,0.0,0.0,0.0,0.0,0.0,0.0,0.0,0.0,0.0,1.0,0.0,0.0,0.0,0.0,0.0,16856.709534809303,23432.645305200276,0.0,0.0,0.0,0,74.23244414252814
8811819023fffff,55.18463122396244,37.024938447912916,0.0,0.0,0.0,0.0,0.0,0.0,0.0,0.0,0.0,0.0,0.0,2.0,0.0,0.0,0.0,0.0,0.0,16856.709534809303,23432.645305200276,0.0,0.0,0.0,0,73.40487678783654
8811819029fffff,55.18317635640458,37.001678418470846,0.0,0.0,0.0,0.0,0.0,0.0,1.0,0.0,0.0,0.0,0.0,1.0,0.0,0.0,0.0,0.0,0.0,0.0,23432.645305200276,0.0,0.0,0.0,0,74.30272971454586
881181902bfffff,55.18805759144686,37.01279850289483,0.0,0.0,0.0,0.0,0.0,0.0,0.0,0.0,0.0,0.0,0.0,0.0,0.0,0.0,0.0,0.0,0.0,16856.709534809303,23432.645305200276,0.0,0.0,0.0,0,73.47136826582076
8811819033fffff,55.20269768520807,37.04618072460962,0.0,0.0,0.0,0.0,0.0,0.0,0.0,0.0,1.0,0.0,0.0,0.0,0.0,0.0,0.0,0.0,0.0,0.0,23432.645305200276,0.0,0.0,0.0,0,70.98581095804026
881181903bfffff,55.20612539799143,37.03403506135347,0.0,0.0,0.0,0.0,0.0,0.0,1.0,0.0,0.0,0.0,0.0,0.0,0.0,0.0,0.0,0.0,0.0,0.0,23432.645305200276,0.0,0.0,0.0,0,71.05078717529797
881181904bfffff,55.21005113679772,36.96320318543684,0.0,0.0,0.0,0.0,0.0,0.0,0.0,1.0,0.0,0.0,0.0,0.0,0.0,0.0,0.0,0.0,0.0,0.0,23432.645305200276,0.0,0.0,0.0,0,73.10614191688988
8811819051fffff,55.21982036766875,36.98544503239288,0.0,0.0,0.0,0.0,1.0,0.0,0.0,0.0,0.0,0.0,0.0,1.0,1.0,0.0,0.0,0.0,0.0,0.0,23432.645305200276,0.0,0.0,0.0,0,71.41417004331825
8811819053fffff,55.22470408144369,36.99657145448623,0.0,0.0,0.0,0.0,0.0,0.0,0.0,0.0,0.0,0.0,0.0,2.0,0.0,0.0,0.0,0.0,0.0,0.0,23432.645305200276,1.0,0.0,0.0,0,70.56980006923787
8811819057fffff,55.216399007506375,36.99759364397368,0.0,2.0,0.0,0.0,0.0,0.0,1.0,0.0,1.0,0.0,0.0,0.0,3.0,1.0,0.0,0.0,2.0,0.0,23432.645305200276,1.0,0.0,0.0,0,71.3078841532973
8811819059fffff,55.22324013962854,36.97329568629407,0.0,0.0,0.0,0.0,0.0,0.0,1.0,0.0,0.0,0.0,0.0,0.0,0.0,0.0,0.0,0.0,0.0,0.0,23432.645305200276,0.0,0.0,0.0,0,71.53067085026869
881181905dfffff,55.21493605251123,36.974322276367644,0.0,0.0,0.0,0.0,0.0,0.0,1.0,0.0,0.0,0.0,0.0,0.0,0.0,0.0,0.0,0.0,0.0,0.0,23432.645305200276,0.0,0.0,0.0,0,72.2596308746583
8811819081fffff,55.233949384127634,37.077582387547444,0.0,0.0,0.0,0.0,0.0,0.0,0.0,0.0,0.0,0.0,0.0,0.0,0.0,0.0,0.0,0.0,0.0,0.0,23432.645305200276,0.0,110000.0,0.0,0,66.97354432243837
8811819089fffff,55.23737881458889,37.06542694171531,0.0,0.0,0.0,0.0,0.0,0.0,1.0,0.0,2.0,0.0,0.0,0.0,0.0,0.0,0.0,0.0,0.0,0.0,23432.645305200276,0.0,110000.0,0.0,0,67.03940545590171
881181908bfffff,55.242257549492145,37.076575032060084,0.0,0.0,0.0,0.0,0.0,0.0,0.0,0.0,1.0,0.0,0.0,0.0,0.0,0.0,0.0,0.0,0.0,0.0,23432.645305200276,0.0,110000.0,0.0,0,66.20928451338395
881181908dfffff,55.229071022492576,37.06643630685769,0.0,0.0,0.0,0.0,0.0,0.0,0.0,0.0,0.0,0.0,0.0,0.0,0.0,0.0,0.0,0.0,0.0,0.0,23432.645305200276,0.0,220000.0,3.0,1,67.80102505698751
8811819091fffff,55.25201319648661,37.09888222650535,0.0,0.0,0.0,0.0,0.0,0.0,0.0,0.0,0.0,0.0,0.0,0.0,0.0,0.0,0.0,0.0,0.0,12105.793876990498,23432.645305200276,0.0,0.0,0.0,0,64.55388858953712
8811819097fffff,55.24858082379296,37.111042650334376,0.0,0.0,0.0,0.0,0.0,0.0,2.0,0.0,0.0,0.0,0.0,0.0,0.0,0.0,0.0,0.0,0.0,0.0,23432.645305200276,0.0,0.0,0.0,0,64.50121042696794
8811819099fffff,55.255443978444,37.08672105629759,0.0,0.0,0.0,0.0,0.0,0.0,0.0,0.0,0.0,0.0,0.0,1.0,0.0,0.0,0.0,0.0,0.0,0.0,23432.645305200276,0.0,0.0,0.0,0,64.61803136268864
881181909bfffff,55.260321870277004,37.09787850274823,0.0,0.0,0.0,0.0,0.0,0.0,1.0,0.0,0.0,0.0,0.0,4.0,0.0,0.0,0.0,0.0,0.0,0.0,23432.645305200276,2.0,0.0,0.0,0,63.78841773820422
88118190a1fffff,55.21390010587151,37.09174581718566,0.0,0.0,0.0,0.0,0.0,0.0,2.0,0.0,0.0,0.0,0.0,0.0,0.0,0.0,0.0,0.0,0.0,0.0,23432.645305200276,0.0,0.0,0.0,0,68.47245685481731
88118190a9fffff,55.2173323445567,37.07959591932329,0.0,0.0,0.0,0.0,1.0,0.0,2.0,0.0,0.0,0.0,0.0,2.0,2.0,1.0,0.0,0.0,0.0,17363.98543642556,23432.645305200276,2.0,0.0,0.0,0,68.5141887229746
88118190c1fffff,55.235926334429934,37.04212799433805,0.0,1.0,0.0,1.0,0.0,0.0,2.0,0.0,1.0,0.0,0.0,3.0,0.0,0.0,0.0,0.0,0.0,0.0,23432.645305200276,2.0,220000.0,3.0,1,67.95195488989269
88118190c3fffff,55.240806655277275,37.05327075319004,0.0,0.0,0.0,0.0,0.0,0.0,0.0,0.0,0.0,0.0,0.0,2.0,0.0,0.0,0.0,0.0,0.0,0.0,23432.645305200276,1.0,0.0,0.0,0,67.11627489127766
88118190c7fffff,55.23249947318701,37.054282521331096,0.0,0.0,0.0,0.0,0.0,0.0,0.0,0.0,0.0,0.0,0.0,0.0,0.0,0.0,0.0,0.0,0.0,0.0,23432.645305200276,0.0,220000.0,2.0,1,67.87105871885248
88118190c9fffff,55.239351606201446,37.02997272690476,0.0,0.0,0.0,0.0,0.0,0.0,0.0,0.0,0.0,0.0,0.0,0.0,0.0,0.0,0.0,0.0,0.0,0.0,23432.645305200276,0.0,220000.0,3.0,1,68.04367119377463
88118190cdfffff,55.2310454084012,37.030988904961355,0.0,0.0,0.0,0.0,0.0,0.0,0.0,0.0,0.0,0.0,0.0,2.0,0.0,0.0,0.0,0.0,0.0,0.0,23432.645305200276,1.0,0.0,0.0,0,68.78900704271362
88118190d3fffff,55.258873169644346,37.07455914073822,0.0,0.0,0.0,0.0,0.0,0.0,0.0,0.0,0.0,0.0,0.0,0.0,0.0,0.0,0.0,0.0,0.0,0.0,23432.645305200276,0.0,110000.0,0.0,0,64.69360082375839
88118190d5fffff,55.24568637011472,37.06441718248753,0.0,0.0,0.0,0.0,0.0,0.0,0.0,0.0,0.0,0.0,0.0,3.0,0.0,0.0,0.0,0.0,0.0,0.0,23432.645305200276,2.0,0.0,0.0,0,66.28202202925767
88118190d7fffff,55.25056547811337,37.07556728320029,0.0,0.0,0.0,0.0,0.0,0.0,0.0,0.0,0.0,0.0,0.0,3.0,0.0,0.0,0.0,0.0,0.0,0.0,23432.645305200276,1.0,110000.0,2.0,1,65.4492539974471
88118190dbfffff,55.26230077006718,37.06239648085475,0.0,0.0,0.0,0.0,0.0,0.0,3.0,0.0,0.0,0.0,0.0,0.0,0.0,0.0,0.0,0.0,0.0,8416.003566975058,23432.645305200276,0.0,0.0,0.0,0,64.78055316654269
88118190e3fffff,55.22076299417275,37.067445278144696,0.0,0.0,0.0,0.0,0.0,0.0,0.0,0.0,0.0,0.0,0.0,0.0,0.0,0.0,0.0,0.0,0.0,0.0,23432.645305200276,1.0,220000.0,3.0,1,68.5667406199216
88118190e7fffff,55.212454729976464,37.068453855806176,0.0,0.0,1.0,0.0,1.0,0.0,1.0,0.0,0.0,0.0,0.0,2.0,0.0,1.0,0.0,0.0,0.0,63364.210051831964,23432.645305200276,2.0,220000.0,4.0,1,69.33641738108055
88118190ebfffff,55.22419205469899,37.05529389467465,0.0,0.0,0.0,0.0,0.0,0.0,1.0,0.0,0.0,0.0,0.0,2.0,0.0,0.0,0.0,0.0,0.0,0.0,23432.645305200276,1.0,0.0,0.0,0,68.63008408884126
88118190edfffff,55.211005201157185,37.04516813484344,0.0,0.0,0.0,0.0,0.0,0.0,0.0,0.0,0.0,0.0,0.0,0.0,0.0,0.0,0.0,0.0,0.0,0.0,23432.645305200276,0.0,0.0,1.0,1,70.2212474443
8811819181fffff,55.17578562691779,37.08462288079962,0.0,0.0,0.0,0.0,0.0,0.0,0.0,0.0,0.0,0.0,0.0,0.0,0.0,0.0,0.0,0.0,0.0,0.0,23432.645305200276,0.0,220000.0,3.0,1,72.43052037462843
8811819187fffff,55.172350345104775,37.09676078450142,0.0,0.0,0.0,0.0,0.0,0.0,0.0,0.0,0.0,0.0,0.0,0.0,0.0,0.0,0.0,0.0,0.0,2146.42132447287,23432.645305200276,0.0,220000.0,4.0,1,72.41909040377719
881181918bfffff,55.18409543976659,37.083618272498825,0.0,0.0,0.0,0.0,0.0,0.0,0.0,0.0,0.0,0.0,0.0,0.0,0.0,0.0,0.0,0.0,0.0,0.0,23432.645305200276,0.0,220000.0,2.0,1,71.64033729321984
88118191b1fffff,55.17378665613507,37.120036942841146,0.0,0.0,0.0,0.0,0.0,0.0,0.0,0.0,0.0,0.0,0.0,0.0,0.0,0.0,0.0,0.0,0.0,0.0,23432.645305200276,0.0,110000.0,0.0,0,71.61982300861375
88118191b5fffff,55.16547501948133,37.12103436089031,0.0,0.0,0.0,0.0,0.0,0.0,0.0,0.0,0.0,0.0,0.0,0.0,0.0,0.0,0.0,0.0,0.0,0.0,23432.645305200276,0.0,220000.0,2.0,1,72.42706734738815
88118191b7fffff,55.17034721962009,37.13217500983225,0.0,0.0,0.0,0.0,0.0,0.0,0.0,0.0,0.0,0.0,0.0,0.0,0.0,0.0,0.0,0.0,0.0,0.0,23432.645305200276,0.0,220000.0,4.0,1,71.63377531464013
88118191bdfffff,55.168913475952,37.10889794487195,0.0,0.0,0.0,0.0,0.0,0.0,0.0,0.0,0.0,1.0,0.0,0.0,0.0,0.0,0.0,0.0,0.0,0.0,23432.645305200276,0.0,220000.0,2.0,1,72.41793809457538
88118191c9fffff,55.181203269355315,37.03707765593122,0.0,0.0,0.0,0.0,0.0,0.0,0.0,0.0,1.0,0.0,0.0,3.0,0.0,0.0,0.0,0.0,0.0,0.0,23432.645305200276,0.0,0.0,0.0,0,73.34845532842914
88118191cbfffff,55.186081948105,37.04820471992132,0.0,0.0,0.0,0.0,0.0,0.0,0.0,0.0,0.0,0.0,0.0,2.0,0.0,0.0,0.0,0.0,0.0,0.0,23432.645305200276,0.0,0.0,0.0,0,72.52637176148535
88118191d1fffff,55.19583749534298,37.07046983117113,0.0,0.0,0.0,0.0,0.0,0.0,1.0,0.0,0.0,0.0,0.0,1.0,0.0,0.0,0.0,0.0,0.0,0.0,23432.645305200276,0.0,220000.0,2.0,1,70.88714137543025
88118191d5fffff,55.187528525600136,37.07147722933342,0.0,0.0,0.0,0.0,0.0,0.0,0.0,0.0,0.0,0.0,0.0,0.0,0.0,0.0,0.0,0.0,0.0,0.0,23432.645305200276,0.0,220000.0,2.0,1,71.66794438283215
88118191d9fffff,55.19926838431849,37.058325648223416,0.0,0.0,0.0,0.0,0.0,0.0,0.0,0.0,0.0,0.0,0.0,0.0,0.0,0.0,0.0,0.0,0.0,0.0,23432.645305200276,0.0,220000.0,2.0,1,70.9312531775409
88118191dbfffff,55.20414623025082,37.06946204007183,0.0,0.0,0.0,0.0,0.0,0.0,0.0,0.0,0.0,0.0,0.0,3.0,0.0,0.0,0.0,0.0,0.0,0.0,23432.645305200276,0.0,220000.0,2.0,1,70.10992580573232
8811819285fffff,55.24961788449395,36.99350249223124,0.0,0.0,0.0,0.0,0.0,0.0,0.0,0.0,0.0,0.0,0.0,0.0,0.0,0.0,0.0,0.0,0.0,0.0,23432.645305200276,0.0,220000.0,2.0,1,68.383243701054
8811819287fffff,55.25450211990505,37.0046385926921,0.0,0.0,0.0,0.0,0.0,0.0,0.0,0.0,1.0,0.0,0.0,0.0,0.0,0.0,0.0,0.0,0.0,0.0,23432.645305200276,0.0,0.0,0.0,0,67.53292987062039
8811819289fffff,55.26134031307506,36.98031808299016,0.0,0.0,0.0,0.0,0.0,0.0,0.0,0.0,0.0,0.0,0.0,0.0,0.0,0.0,0.0,0.0,0.0,0.0,23432.645305200276,0.0,220000.0,3.0,1,67.80598976977552
881181928dfffff,55.25303679818793,36.98134427330675,0.0,0.0,0.0,0.0,0.0,0.0,0.0,0.0,0.0,0.0,0.0,0.0,0.0,0.0,0.0,0.0,0.0,0.0,23432.645305200276,0.0,220000.0,3.0,1,68.51771965827805
88118192a1fffff,55.23789240550489,37.00668095838957,0.0,0.0,0.0,0.0,0.0,0.0,1.0,0.0,0.0,0.0,0.0,0.0,0.0,0.0,0.0,0.0,0.0,0.0,23432.645305200276,0.0,0.0,0.0,0,68.99063157020315
88118192a3fffff,55.24277528848202,37.0178167200578,0.0,0.0,0.0,0.0,0.0,0.0,0.0,0.0,0.0,0.0,0.0,0.0,0.0,0.0,0.0,0.0,0.0,0.0,23432.645305200276,0.0,220000.0,3.0,1,68.14616031441149
88118192abfffff,55.24619738125248,37.00565997482417,0.0,0.0,0.0,0.0,0.0,0.0,1.0,0.0,0.0,0.0,0.0,0.0,0.0,0.0,0.0,0.0,0.0,0.0,23432.645305200276,0.0,220000.0,2.0,1,68.25937010397746
88118192b5fffff,55.24765756725534,37.02895615216621,0.0,0.0,0.0,0.0,0.0,0.0,1.0,0.0,0.0,0.0,0.0,0.0,0.0,0.0,0.0,0.0,0.0,0.0,23432.645305200276,0.0,0.0,0.0,0,67.30286769540213
88118192b9fffff,55.25938575126219,37.01577836552903,0.0,0.0,0.0,0.0,0.0,0.0,1.0,0.0,0.0,0.0,0.0,0.0,0.0,0.0,0.0,0.0,0.0,0.0,23432.645305200276,0.0,0.0,0.0,0,66.68365580403163
88118192bdfffff,55.25108063850582,37.01679774172168,0.0,0.0,0.0,0.0,0.0,0.0,0.0,0.0,1.0,0.0,0.0,0.0,0.0,0.0,0.0,0.0,0.0,0.0,23432.645305200276,0.0,0.0,0.0,0,67.41249279072734
88118192d5fffff,55.269643590171846,36.97929149198806,0.0,0.0,0.0,0.0,0.0,0.0,0.0,0.0,0.0,0.0,0.0,0.0,0.0,0.0,0.0,0.0,0.0,0.0,23432.645305200276,0.0,220000.0,1.0,1,67.09952788695638
88118192e3fffff,55.24473304585705,36.98237006317171,0.0,0.0,0.0,0.0,0.0,0.0,0.0,0.0,0.0,0.0,0.0,0.0,0.0,0.0,0.0,0.0,0.0,0.0,23432.645305200276,0.0,220000.0,1.0,1,69.2345560340555
8811819401fffff,55.32625124515272,37.1487468583651,0.0,0.0,0.0,0.0,0.0,0.0,0.0,0.0,0.0,0.0,0.0,0.0,0.0,0.0,0.0,0.0,0.0,0.0,23432.645305200276,0.0,110000.0,4.0,1,55.83505752783922
8811819403fffff,55.331127317776826,37.15993648621014,0.0,0.0,0.0,0.0,0.0,0.0,0.0,0.0,0.0,0.0,0.0,2.0,0.0,0.0,0.0,0.0,0.0,0.0,23432.645305200276,1.0,0.0,0.0,0,55.00107302776375
8811819405fffff,55.31794190939055,37.1497424390627,0.0,1.0,0.0,3.0,1.0,0.0,1.0,3.0,1.0,0.0,0.0,6.0,2.0,2.0,0.0,0.0,2.0,32603.918007044085,23432.645305200276,5.0,0.0,0.0,0,56.59176598023185
8811819407fffff,55.32281761251775,37.160930041273794,0.0,2.0,0.0,0.0,1.0,0.0,1.0,0.0,0.0,0.0,0.0,3.0,4.0,3.0,0.0,0.0,0.0,0.0,23432.645305200276,2.0,0.0,6.0,1,55.76091829646439
8811819409fffff,55.329683283392434,37.13656292167656,0.0,0.0,0.0,0.0,0.0,0.0,0.0,0.0,0.0,0.0,0.0,0.0,0.0,0.0,0.0,0.0,0.0,0.0,23432.645305200276,0.0,110000.0,7.0,1,55.92239652918884
881181940dfffff,55.32137455733263,37.13756091698873,0.0,0.0,0.0,0.0,0.0,0.0,2.0,0.0,0.0,0.0,0.0,0.0,0.0,0.0,0.0,0.0,0.0,30043.228870906958,23432.645305200276,0.0,0.0,0.0,0,56.67079860179649
8811819411fffff,55.34431260840137,37.170137885249204,0.0,2.0,0.0,1.0,0.0,0.0,1.0,0.0,0.0,0.0,0.0,2.0,2.0,0.0,0.0,0.0,0.0,9994.689479556759,23432.645305200276,0.0,0.0,0.0,0,53.41109762698903
8811819413fffff,55.34918781676953,37.181336918225455,0.0,0.0,0.0,0.0,0.0,1.0,1.0,0.0,1.0,0.0,0.0,1.0,3.0,0.0,0.0,0.0,2.0,11956.828441289153,23432.645305200276,0.0,0.0,0.0,0,52.57759916050877
8811819415fffff,55.33600277437143,37.171129801492555,0.0,0.0,0.0,0.0,0.0,0.0,1.0,0.0,0.0,0.0,0.0,2.0,0.0,0.0,0.0,0.0,0.0,0.0,23432.645305200276,0.0,0.0,3.0,1,54.1689299861629
881181941dfffff,55.33943678282642,37.15894254214497,0.0,0.0,0.0,0.0,0.0,1.0,2.0,0.0,0.0,0.0,0.0,0.0,0.0,0.0,0.0,0.0,0.0,0.0,23432.645305200276,0.0,0.0,0.0,0,54.24645465498711
8811819423fffff,55.31107183137044,37.17410322146055,0.0,0.0,0.0,0.0,2.0,0.0,2.0,1.0,1.0,0.0,0.0,5.0,2.0,4.0,0.0,0.0,2.0,49598.303334015225,23432.645305200276,5.0,0.0,0.0,0,56.472893342218185
8811819429fffff,55.30963233393903,37.150737630264786,0.0,1.0,0.0,0.0,0.0,0.0,0.0,0.0,0.0,0.0,0.0,2.0,3.0,1.0,0.0,0.0,0.0,0.0,23432.645305200276,0.0,0.0,0.0,0,57.35350139450074
881181942bfffff,55.31450766739588,37.16192320756365,0.0,1.0,0.0,0.0,0.0,0.0,0.0,0.0,0.0,0.0,0.0,0.0,0.0,0.0,0.0,0.0,0.0,19045.08108341732,23432.645305200276,0.0,0.0,0.0,0,56.525780855172016
8811819431fffff,55.324256487445815,37.184305416653665,0.0,0.0,0.0,0.0,0.0,0.0,3.0,0.0,0.0,0.0,0.0,2.0,0.0,0.0,0.0,0.0,0.0,0.0,23432.645305200276,0.0,0.0,0.0,0,54.87635967383359
8811819433fffff,55.32912997237187,37.195502050378145,0.0,0.0,0.0,0.0,1.0,0.0,0.0,0.0,0.0,0.0,0.0,0.0,0.0,0.0,0.0,0.0,0.0,0.0,23432.645305200276,0.0,0.0,6.0,1,54.0548502427579
8811819435fffff,55.31594556414928,37.185294141625384,0.0,1.0,1.0,0.0,2.0,0.0,1.0,0.0,0.0,0.0,0.0,0.0,1.0,0.0,0.0,0.0,0.0,7325.289201264436,23432.645305200276,0.0,0.0,0.0,0,55.65245854549412
8811819437fffff,55.32081868026105,37.19648874676755,0.0,0.0,0.0,0.0,0.0,0.0,0.0,0.0,0.0,0.0,0.0,0.0,0.0,0.0,0.0,0.0,0.0,0.0,23432.645305200276,0.0,0.0,3.0,1,54.83425598274741
8811819439fffff,55.327692699958504,37.17212132945736,0.0,1.0,0.0,0.0,0.0,0.0,1.0,0.0,0.0,0.0,0.0,0.0,0.0,0.0,0.0,0.0,0.0,0.0,23432.645305200276,0.0,0.0,3.0,1,54.93198052403894
881181943bfffff,55.332567170879194,37.183316304580984,0.0,0.0,0.0,0.0,0.0,0.0,0.0,0.0,0.0,0.0,0.0,0.0,0.0,0.0,0.0,0.0,0.0,0.0,23432.645305200276,0.0,0.0,5.0,1,54.105044203886756
881181943dfffff,55.31938238550925,37.17311246937097,0.0,0.0,0.0,0.0,0.0,0.0,1.0,0.0,1.0,0.0,0.0,2.0,0.0,1.0,0.0,0.0,0.0,15733.346648839743,23432.645305200276,2.0,0.0,0.0,0,55.700035984774594
8811819441fffff,55.328235070973534,37.113195616247864,0.0,0.0,0.0,0.0,0.0,0.0,0.0,0.0,1.0,0.0,0.0,2.0,0.0,0.0,0.0,0.0,0.0,0.0,23432.645305200276,0.0,0.0,0.0,0,56.867762358775245
8811819443fffff,55.33311372721557,37.124378232240225,0.0,0.0,0.0,0.0,0.0,0.0,0.0,0.0,1.0,0.0,0.0,0.0,0.0,0.0,0.0,0.0,0.0,0.0,23432.645305200276,0.0,0.0,0.0,0,56.022869149560464
8811819447fffff,55.324805611200674,37.125378642373185,0.0,0.0,0.0,0.0,0.0,0.0,0.0,0.0,0.0,0.0,0.0,0.0,0.0,0.0,0.0,0.0,0.0,0.0,23432.645305200276,0.0,110000.0,3.0,1,56.762819862523386
8811819449fffff,55.33166293663044,37.101011839645004,0.0,0.0,0.0,0.0,0.0,0.0,0.0,0.0,0.0,0.0,0.0,0.0,0.0,0.0,0.0,0.0,0.0,0.0,23432.645305200276,0.0,0.0,2.0,1,56.98555036280046
881181944dfffff,55.323355801349834,37.102016686742274,0.0,0.0,0.0,0.0,0.0,0.0,0.0,0.0,1.0,0.0,0.0,2.0,0.0,0.0,0.0,0.0,0.0,0.0,23432.645305200276,1.0,0.0,0.0,0,57.71405445942822
8811819453fffff,55.351177810836504,37.14575777701725,0.0,0.0,0.0,0.0,0.0,0.0,0.0,0.0,0.0,0.0,0.0,0.0,0.0,0.0,0.0,0.0,0.0,0.0,23432.645305200276,0.0,110000.0,4.0,1,53.59720364689253
8811819455fffff,55.33799176924294,37.13556453569086,0.0,0.0,0.0,0.0,0.0,0.0,0.0,0.0,0.0,0.0,0.0,0.0,0.0,0.0,0.0,0.0,0.0,0.0,23432.645305200276,0.0,110000.0,3.0,1,55.17944277508308
8811819457fffff,55.34286919622229,37.14675452757075,0.0,0.0,0.0,0.0,0.0,1.0,0.0,0.0,0.0,0.0,0.0,0.0,0.0,0.0,0.0,0.0,0.0,0.0,23432.645305200276,0.0,110000.0,3.0,1,54.337555280533564
8811819461fffff,55.30818865940946,37.127378288685286,0.0,0.0,0.0,0.0,0.0,0.0,0.0,0.0,0.0,0.0,0.0,0.0,0.0,0.0,0.0,0.0,0.0,0.0,23432.645305200276,0.0,110000.0,0.0,0,58.25885008096778
8811819465fffff,55.29987982432644,37.12837752532233,0.0,0.0,0.0,0.0,0.0,0.0,0.0,0.0,0.0,0.0,0.0,0.0,0.0,0.0,0.0,0.0,0.0,0.0,23432.645305200276,0.0,110000.0,1.0,1,59.014522975128166
8811819467fffff,55.30475638597168,37.13955573650697,0.0,0.0,0.0,0.0,0.0,0.0,0.0,0.0,1.0,0.0,0.0,2.0,0.0,0.0,0.0,0.0,0.0,0.0,23432.645305200276,1.0,0.0,0.0,0,58.18310978914168
881181946bfffff,55.31649725514976,37.12637866111185,0.0,0.0,0.0,0.0,0.0,0.0,0.0,0.0,0.0,0.0,0.0,0.0,0.0,1.0,0.0,0.0,0.0,42068.301592177035,23432.645305200276,0.0,110000.0,0.0,0,57.508216131836726
8811819489fffff,55.36380973028605,37.2149561660677,0.0,0.0,0.0,0.0,0.0,0.0,0.0,0.0,0.0,0.0,0.0,0.0,0.0,0.0,0.0,0.0,2.0,0.0,23432.645305200276,0.0,0.0,0.0,0,50.089222439483585
881181948bfffff,55.36868246147802,37.22616996821095,0.0,0.0,0.0,0.0,0.0,0.0,0.0,0.0,1.0,0.0,0.0,0.0,0.0,0.0,0.0,0.0,0.0,0.0,23432.645305200276,0.0,0.0,0.0,0,49.26415688989279
881181949bfffff,55.386738224191255,37.247630593777835,0.0,0.0,0.0,0.0,0.0,1.0,1.0,0.0,0.0,0.0,0.0,0.0,0.0,0.0,0.0,0.0,0.0,0.0,23432.645305200276,0.0,35000.0,1.0,1,46.844174881497
88118194a1fffff,55.34030496135625,37.241304036407655,0.0,0.0,0.0,0.0,0.0,0.0,1.0,0.0,0.0,0.0,0.0,1.0,0.0,0.0,0.0,0.0,0.0,0.0,23432.645305200276,0.0,0.0,0.0,0,51.585966856856274
88118194a5fffff,55.331991957042874,37.24228222056221,0.0,0.0,0.0,0.0,0.0,0.0,1.0,0.0,0.0,0.0,0.0,0.0,0.0,0.0,0.0,0.0,0.0,0.0,23432.645305200276,0.0,0.0,0.0,0,52.383704735032246
88118194adfffff,55.33543432025426,37.230094681708316,0.0,0.0,0.0,0.0,0.0,0.0,2.0,0.0,0.0,0.0,0.0,0.0,0.0,0.0,0.0,0.0,0.0,0.0,23432.645305200276,0.0,0.0,0.0,0,52.39412483830061
88118194b7fffff,55.3549131562817,37.274954243149324,0.0,0.0,0.0,0.0,0.0,0.0,0.0,0.0,0.0,0.0,0.0,1.0,0.0,0.0,0.0,0.0,0.0,0.0,23432.645305200276,0.0,0.0,0.0,0,49.179008973876584
88118194c1fffff,55.36237273697957,37.19155139878554,0.0,1.0,0.0,1.0,0.0,0.0,0.0,0.0,0.0,0.0,0.0,3.0,1.0,0.0,0.0,0.0,0.0,0.0,23432.645305200276,1.0,0.0,0.0,0,50.98699629568974
88118194c3fffff,55.3672470762057,37.20275984735948,0.0,0.0,0.0,0.0,0.0,0.0,2.0,0.0,0.0,0.0,0.0,3.0,0.0,0.0,0.0,0.0,0.0,0.0,23432.645305200276,1.0,0.0,0.0,0,50.15405019555212
88118194c5fffff,55.35406240709636,37.19253964204211,1.0,1.0,0.0,0.0,0.0,0.0,0.0,0.0,0.0,0.0,0.0,1.0,0.0,0.0,0.0,0.0,0.0,0.0,23432.645305200276,1.0,0.0,0.0,0,51.74605298932865
88118194c9fffff,55.365807499047,37.179355980742365,0.0,0.0,0.0,0.0,0.0,0.0,1.0,0.0,0.0,0.0,0.0,0.0,0.0,1.0,0.0,0.0,0.0,0.0,23432.645305200276,0.0,0.0,0.0,0,51.07190466465109
88118194cdfffff,55.357497778533165,37.18034664348849,0.0,0.0,0.0,0.0,0.0,0.0,2.0,0.0,0.0,0.0,0.0,0.0,0.0,0.0,0.0,0.0,0.0,0.0,23432.645305200276,0.0,0.0,0.0,0,51.82191460670391
88118194d3fffff,55.385305083886216,37.22420530310648,0.0,0.0,0.0,0.0,0.0,0.0,0.0,0.0,0.0,0.0,0.0,4.0,0.0,0.0,0.0,0.0,0.0,0.0,23432.645305200276,1.0,35000.0,3.0,1,47.730467715373685
88118194d5fffff,55.37212079537602,37.21397199017836,0.0,0.0,0.0,0.0,0.0,0.0,1.0,0.0,0.0,0.0,0.0,0.0,0.0,0.0,0.0,0.0,0.0,0.0,23432.645305200276,0.0,0.0,0.0,0,49.32318033550624
88118194d7fffff,55.37699389365462,37.22518782820975,0.0,0.0,0.0,0.0,0.0,0.0,0.0,0.0,1.0,0.0,0.0,0.0,0.0,1.0,0.0,0.0,0.0,5899.328719865179,23432.645305200276,0.0,0.0,0.0,0,48.49449761468922
88118194d9fffff,55.383867746384965,37.20078626684552,0.0,0.0,0.0,0.0,0.0,0.0,0.0,0.0,0.0,0.0,0.0,3.0,0.0,0.0,0.0,0.0,0.0,0.0,23432.645305200276,0.0,35000.0,4.0,1,48.646273592305185
88118194dbfffff,55.38874219989621,37.21200248068289,0.0,0.0,0.0,0.0,0.0,0.0,0.0,0.0,0.0,0.0,0.0,0.0,0.0,0.0,0.0,0.0,0.0,0.0,23432.645305200276,0.0,35000.0,6.0,1,47.808302953088884
88118194ddfffff,55.375557532267216,37.20177325049455,0.0,0.0,0.0,1.0,0.0,0.0,0.0,0.0,0.0,0.0,0.0,2.0,0.0,0.0,0.0,0.0,0.0,0.0,23432.645305200276,1.0,0.0,0.0,0,49.39720089023985
88118194e7fffff,55.33887508785577,37.217906381015716,0.0,0.0,0.0,0.0,0.0,0.0,0.0,0.0,0.0,0.0,0.0,0.0,0.0,0.0,0.0,0.0,4.0,0.0,23432.645305200276,0.0,0.0,0.0,0,52.41875476696702
881181950bfffff,55.276391642174936,37.15471450467373,0.0,0.0,0.0,0.0,0.0,0.0,0.0,0.0,0.0,0.0,0.0,1.0,0.0,0.0,0.0,0.0,0.0,0.0,23432.645305200276,0.0,0.0,0.0,0,60.446915044925944
8811819511fffff,55.286138734284755,37.17707315305413,0.0,0.0,0.0,0.0,0.0,0.0,0.0,0.0,0.0,0.0,0.0,0.0,0.0,0.0,0.0,0.0,0.0,72962.03072798903,23432.645305200276,0.0,0.0,0.0,0,58.81838937767774
8811819513fffff,55.29101135854888,37.18825799620011,0.0,0.0,0.0,1.0,0.0,1.0,0.0,0.0,3.0,0.0,0.0,3.0,0.0,0.0,0.0,0.0,0.0,793793.7662808268,23432.645305200276,4.0,0.0,0.0,0,58.007541205495826
8811819519fffff,55.28957639632116,37.164900376065056,0.0,1.0,0.0,0.0,0.0,0.0,0.0,0.0,0.0,0.0,0.0,0.0,0.0,0.0,0.0,0.0,0.0,0.0,23432.645305200276,0.0,0.0,0.0,0,58.84852087887908
881181951bfffff,55.294450005411306,37.1760835630754,0.0,0.0,0.0,0.0,0.0,0.0,0.0,0.0,0.0,0.0,0.0,1.0,0.0,0.0,0.0,0.0,0.0,0.0,23432.645305200276,1.0,0.0,0.0,0,58.0322497403338
8811819521fffff,55.24801951298036,37.16985456929447,0.0,0.0,0.0,0.0,0.0,0.0,0.0,0.0,0.0,0.0,0.0,2.0,0.0,0.0,0.0,0.0,0.0,0.0,23432.645305200276,1.0,0.0,0.0,0,62.803184409110855
8811819527fffff,55.24457881106212,37.182015303713975,0.0,0.0,0.0,0.0,0.0,0.0,0.0,0.0,0.0,0.0,0.0,2.0,0.0,0.0,0.0,0.0,0.0,0.0,23432.645305200276,2.0,0.0,0.0,0,62.80724765802657
881181952bfffff,55.25633136451742,37.168864505018114,0.0,0.0,0.0,0.0,0.0,0.0,1.0,0.0,2.0,0.0,0.0,0.0,0.0,1.0,0.0,0.0,0.0,0.0,23432.645305200276,0.0,0.0,0.0,0,62.00464476935881
881181953dfffff,55.26120349248083,37.18003960239253,0.0,0.0,0.0,0.0,0.0,0.0,1.0,0.0,0.0,0.0,0.0,0.0,0.0,0.0,0.0,0.0,0.0,0.0,23432.645305200276,0.0,0.0,0.0,0,61.20067232801481
8811819541fffff,55.27007582512988,37.12020441958236,0.0,1.0,0.0,0.0,0.0,0.0,0.0,0.0,0.0,0.0,0.0,2.0,0.0,0.0,0.0,0.0,0.0,0.0,23432.645305200276,0.0,0.0,0.0,0,62.13428832861669
8811819543fffff,55.274951886488736,37.13137289190108,0.0,2.0,0.0,0.0,0.0,0.0,0.0,0.0,0.0,0.0,0.0,2.0,0.0,0.0,0.0,0.0,0.0,18136.698404482057,23432.645305200276,1.0,0.0,0.0,0,61.30991673365052
8811819549fffff,55.2735079610369,37.108037523042285,0.0,0.0,0.0,0.0,0.0,0.0,0.0,0.0,0.0,0.0,0.0,1.0,0.0,0.0,0.0,0.0,0.0,0.0,23432.645305200276,0.0,110000.0,1.0,1,62.19656719271427
881181954bfffff,55.27838500494321,37.11920433601419,0.0,3.0,0.0,4.0,0.0,0.0,0.0,0.0,2.0,0.0,0.0,2.0,0.0,0.0,0.0,0.0,0.0,90059.31298291015,23432.645305200276,1.0,110000.0,7.0,1,61.367517581185865
881181954dfffff,55.2651991527824,37.10903962352054,0.0,0.0,0.0,2.0,0.0,0.0,0.0,0.0,1.0,0.0,0.0,0.0,1.0,1.0,0.0,0.0,0.0,0.0,23432.645305200276,0.0,0.0,0.0,0,62.96047996874174
8811819555fffff,55.2798273360279,37.142545041443576,0.0,0.0,0.0,0.0,0.0,0.0,0.0,0.0,0.0,0.0,0.0,1.0,0.0,0.0,0.0,0.0,0.0,0.0,23432.645305200276,1.0,0.0,0.0,0,60.48744296805295
8811819557fffff,55.284702172915964,37.153720869176254,0.0,0.0,0.0,0.0,0.0,0.0,0.0,0.0,0.0,0.0,0.0,2.0,0.0,0.0,0.0,0.0,0.0,0.0,23432.645305200276,1.0,0.0,0.0,0,59.666948927390756
8811819559fffff,55.291570750247445,37.129376371251674,0.0,0.0,0.0,0.0,0.0,0.0,0.0,0.0,0.0,0.0,0.0,2.0,0.0,0.0,0.0,0.0,0.0,0.0,23432.645305200276,1.0,0.0,0.0,0,59.775044818255566
881181955bfffff,55.29644694136394,37.14055256116982,0.0,0.0,0.0,0.0,0.0,0.0,0.0,0.0,0.0,0.0,0.0,2.0,0.0,0.0,0.0,0.0,0.0,0.0,23432.645305200276,1.0,0.0,0.0,0,58.946623318845795
8811819587fffff,55.29873754287231,37.24619112919008,0.0,0.0,0.0,0.0,0.0,0.0,1.0,0.0,0.0,0.0,0.0,0.0,0.0,0.0,0.0,0.0,0.0,0.0,23432.645305200276,0.0,0.0,0.0,0,55.61516097543554
8811819589fffff,55.30562553418593,37.221834613025486,0.0,0.0,0.0,0.0,0.0,0.0,0.0,0.0,0.0,0.0,0.0,4.0,0.0,0.0,0.0,0.0,0.0,0.0,23432.645305200276,4.0,0.0,0.0,0,55.58989380078156
881181958bfffff,55.310495690902094,37.233034184305886,0.0,1.0,0.0,0.0,0.0,0.0,0.0,0.0,0.0,0.0,0.0,3.0,0.0,0.0,0.0,0.0,0.0,0.0,23432.645305200276,5.0,0.0,0.0,0,54.78935460461393
8811819591fffff,55.32023414658649,37.255444381146475,0.0,0.0,0.0,0.0,0.0,0.0,0.0,0.0,0.0,0.0,0.0,2.0,0.0,0.0,0.0,0.0,0.0,0.0,23432.645305200276,2.0,0.0,0.0,0,53.19703832551984
8811819593fffff,55.325102443885534,37.26665500862888,0.0,0.0,0.0,1.0,1.0,0.0,0.0,0.0,2.0,0.0,0.0,2.0,1.0,1.0,0.0,0.0,2.0,0.0,23432.645305200276,2.0,0.0,0.0,0,52.40553522581572
8811819597fffff,55.3167879852636,37.267627976911264,0.0,1.0,0.0,0.0,0.0,0.0,0.0,0.0,0.0,0.0,0.0,0.0,0.0,0.0,0.0,0.0,0.0,0.0,23432.645305200276,0.0,0.0,0.0,0,53.22240732182583
881181959dfffff,55.31536522864709,37.24423744002576,0.0,0.0,0.0,0.0,0.0,0.0,0.0,0.0,0.0,0.0,0.0,2.0,0.0,0.0,0.0,0.0,0.0,0.0,23432.645305200276,2.0,0.0,0.0,0,53.99169171140027
88118195a1fffff,55.282108902494976,37.24814328984651,0.0,0.0,0.0,0.0,0.0,0.0,0.0,0.0,2.0,0.0,0.0,0.0,0.0,0.0,0.0,0.0,0.0,0.0,23432.645305200276,0.0,0.0,0.0,0,57.25280476786868
88118195a9fffff,55.28555490901323,37.23597023719652,0.0,0.0,0.0,0.0,0.0,0.0,0.0,0.0,0.0,0.0,0.0,1.0,0.0,0.0,0.0,0.0,0.0,0.0,23432.645305200276,0.0,0.0,0.0,0,57.21984822561289
88118195c1fffff,55.30419537731614,37.1984609813201,0.0,0.0,0.0,0.0,0.0,0.0,2.0,0.0,0.0,0.0,0.0,3.0,0.0,0.0,0.0,0.0,0.0,121533.38180140805,23432.645305200276,0.0,0.0,2.0,1,56.406566933006964
88118195c3fffff,55.30906713846471,37.2096552144829,0.0,0.0,0.0,0.0,0.0,0.0,0.0,0.0,0.0,0.0,0.0,0.0,0.0,0.0,0.0,0.0,0.0,0.0,23432.645305200276,0.0,0.0,7.0,1,55.597363153587644
88118195c5fffff,55.295883367175826,37.199446519935194,0.0,0.0,0.0,0.0,0.0,0.0,0.0,0.0,0.0,0.0,0.0,3.0,0.0,0.0,0.0,0.0,0.0,0.0,23432.645305200276,1.0,0.0,0.0,0,57.19910339097016
88118195c7fffff,55.30075475933261,37.21063872522271,0.0,1.0,0.0,0.0,0.0,0.0,3.0,0.0,1.0,0.0,0.0,3.0,3.0,2.0,0.0,0.0,0.0,0.0,23432.645305200276,3.0,0.0,1.0,1,56.39318320389241
88118195c9fffff,55.307634401336365,37.18628247972277,0.0,1.0,0.0,0.0,0.0,0.0,1.0,0.0,1.0,0.0,0.0,2.0,0.0,0.0,0.0,0.0,0.0,0.0,23432.645305200276,1.0,0.0,0.0,0,56.43314464808332
88118195cbfffff,55.312507148460185,37.19747505700618,0.0,0.0,0.0,0.0,0.0,0.0,0.0,0.0,0.0,0.0,0.0,0.0,0.0,0.0,0.0,0.0,0.0,0.0,23432.645305200276,0.0,0.0,2.0,1,55.61822456955691
88118195d5fffff,55.31393828196605,37.22085313162413,0.0,0.0,0.0,0.0,0.0,0.0,0.0,0.0,0.0,0.0,0.0,4.0,0.0,0.0,0.0,0.0,0.0,0.0,23432.645305200276,0.0,0.0,0.0,0,54.79073277558735
88118195d9fffff,55.325691178871956,37.20768703785231,0.0,0.0,0.0,0.0,0.0,0.0,0.0,0.0,0.0,0.0,0.0,2.0,0.0,0.0,0.0,0.0,0.0,0.0,23432.645305200276,2.0,0.0,2.0,1,54.01839084917324
88118195dbfffff,55.33056305914786,37.21888901584446,0.0,0.0,0.0,0.0,0.0,0.0,0.0,0.0,0.0,0.0,0.0,2.0,0.0,0.0,0.0,0.0,0.0,0.0,23432.645305200276,1.0,0.0,0.0,0,53.204974491952015
88118195ddfffff,55.317379278426806,37.208671318767934,0.0,0.0,0.0,0.0,0.0,0.0,0.0,0.0,0.0,0.0,0.0,2.0,0.0,0.0,0.0,0.0,0.0,0.0,23432.645305200276,1.0,0.0,0.0,0,54.805705116608934
88118195edfffff,55.27925863129423,37.2014164409715,0.0,0.0,0.0,0.0,0.0,0.0,0.0,0.0,1.0,0.0,0.0,0.0,0.0,0.0,0.0,0.0,0.0,0.0,23432.645305200276,0.0,0.0,0.0,0,58.79608379699008
8811819601fffff,55.350242029358384,37.06344352999172,0.0,0.0,0.0,0.0,0.0,0.0,0.0,0.0,0.0,0.0,0.0,0.0,0.0,0.0,0.0,0.0,0.0,0.0,23432.645305200276,0.0,0.0,2.0,1,56.71932177748436
8811819605fffff,55.34193696870262,37.06445601729948,0.0,0.0,0.0,0.0,0.0,0.0,0.0,0.0,0.0,0.0,0.0,0.0,0.0,0.0,0.0,0.0,0.0,0.0,23432.645305200276,0.0,0.0,2.0,1,57.41511063445876
881181960bfffff,55.35854684876485,37.06243064630964,0.0,0.0,0.0,0.0,0.0,0.0,0.0,0.0,0.0,0.0,0.0,0.0,0.0,0.0,0.0,0.0,0.0,0.0,23432.645305200276,0.0,0.0,3.0,1,56.03024229671625
881181960dfffff,55.34535845769461,37.052269249116705,0.0,0.0,0.0,0.0,0.0,0.0,0.0,0.0,0.0,0.0,0.0,0.0,0.0,0.0,0.0,0.0,0.0,0.0,23432.645305200276,0.0,0.0,2.0,1,57.583366035582465
881181961bfffff,55.376618214791904,37.08378508741689,0.0,0.0,0.0,0.0,0.0,0.0,1.0,0.0,2.0,0.0,0.0,0.0,0.0,0.0,0.0,0.0,0.0,0.0,23432.645305200276,0.0,0.0,0.0,0,53.612535092940576
8811819621fffff,55.3302079723735,37.07765171541044,0.0,0.0,0.0,0.0,0.0,0.0,0.0,0.0,0.0,0.0,0.0,0.0,0.0,0.0,0.0,0.0,0.0,0.0,23432.645305200276,0.0,0.0,4.0,1,57.97043765561639
8811819623fffff,55.33508920815094,37.08882731359725,0.0,0.0,0.0,0.0,0.0,0.0,0.0,0.0,0.0,0.0,0.0,0.0,0.0,0.0,0.0,0.0,0.0,0.0,23432.645305200276,0.0,0.0,2.0,1,57.116100069966485
8811819625fffff,55.321901818848914,37.07866099672194,0.0,0.0,0.0,0.0,0.0,0.0,0.0,0.0,1.0,0.0,0.0,3.0,0.0,0.0,0.0,0.0,0.0,0.0,23432.645305200276,0.0,0.0,3.0,1,58.687597735387946
8811819629fffff,55.33363166714386,37.06546810846489,0.0,0.0,0.0,0.0,0.0,0.0,0.0,0.0,0.0,0.0,0.0,0.0,0.0,0.0,0.0,0.0,0.0,0.0,23432.645305200276,0.0,0.0,4.0,1,58.117369045075314
881181962bfffff,55.33851388551492,37.07664203913759,0.0,0.0,0.0,0.0,0.0,0.0,0.0,0.0,0.0,0.0,0.0,0.0,0.0,0.0,0.0,0.0,0.0,0.0,23432.645305200276,0.0,0.0,1.0,1,57.259319869180395
881181962dfffff,55.32532612502845,37.06647980371978,0.0,0.0,0.0,0.0,0.0,0.0,0.0,0.0,0.0,0.0,0.0,0.0,0.0,0.0,0.0,0.0,0.0,0.0,23432.645305200276,0.0,0.0,1.0,1,58.82586644806365
8811819653fffff,55.375155762445054,37.06040368889361,0.0,0.0,0.0,0.0,0.0,0.0,0.0,0.0,0.0,0.0,0.0,0.0,0.0,0.0,0.0,0.0,0.0,0.0,23432.645305200276,0.0,0.0,2.0,1,54.673218832870056
8811819657fffff,55.3668514265758,37.061417366021054,0.0,0.0,0.0,0.0,0.0,0.0,0.0,0.0,0.0,0.0,0.0,0.0,0.0,0.0,0.0,0.0,0.0,0.0,23432.645305200276,0.0,0.0,3.0,1,55.34812157240633
8811819661fffff,55.33216995683245,37.04211518092834,0.0,0.0,0.0,0.0,0.0,0.0,0.0,0.0,0.0,0.0,0.0,0.0,0.0,0.0,0.0,0.0,0.0,0.0,23432.645305200276,0.0,0.0,4.0,1,59.13908975936195
8811819663fffff,55.33705376806042,37.053283755377045,0.0,0.0,0.0,0.0,0.0,0.0,0.0,0.0,0.0,0.0,0.0,0.0,0.0,0.0,0.0,0.0,0.0,0.0,23432.645305200276,0.0,0.0,4.0,1,58.2766646494488
8811819665fffff,55.3238653980035,37.04313130709986,0.0,0.0,0.0,0.0,0.0,0.0,0.0,0.0,0.0,0.0,0.0,0.0,0.0,0.0,0.0,0.0,0.0,0.0,23432.645305200276,0.0,0.0,2.0,1,59.83635638506006
881181966bfffff,55.340474275103986,37.04109865718048,0.0,0.0,0.0,0.0,0.0,0.0,0.0,0.0,0.0,0.0,0.0,0.0,0.0,0.0,0.0,0.0,0.0,0.0,23432.645305200276,0.0,0.0,3.0,1,58.44821914088324
8811819683fffff,55.389288509317566,37.152970695947126,0.0,0.0,0.0,0.0,0.0,0.0,0.0,0.0,0.0,0.0,0.0,0.0,0.0,0.0,0.0,0.0,0.0,0.0,23432.645305200276,0.0,110000.0,3.0,1,49.84161550937332
8811819687fffff,55.38098049280211,37.153966978813564,0.0,0.0,0.0,0.0,0.0,0.0,0.0,0.0,0.0,0.0,0.0,0.0,0.0,0.0,0.0,0.0,0.0,0.0,23432.645305200276,0.0,110000.0,4.0,1,50.559855081817034
8811819693fffff,55.40735247074283,37.174396838905665,0.0,0.0,0.0,0.0,0.0,0.0,0.0,0.0,0.0,0.0,0.0,2.0,0.0,0.0,0.0,0.0,0.0,0.0,23432.645305200276,0.0,0.0,0.0,0,47.41627858003488
8811819695fffff,55.39416654513058,37.164178221185985,0.0,0.0,0.0,0.0,0.0,0.0,0.0,0.0,0.0,0.0,0.0,0.0,0.0,0.0,0.0,0.0,0.0,0.0,23432.645305200276,0.0,110000.0,4.0,1,48.9870554566793
8811819697fffff,55.39904396167472,37.175389445113616,0.0,0.0,0.0,0.0,0.0,0.0,0.0,0.0,0.0,0.0,0.0,0.0,0.0,0.0,0.0,0.0,0.0,0.0,23432.645305200276,0.0,110000.0,3.0,1,48.13385840050231
881181969bfffff,55.41078258526888,37.16218854993483,0.0,0.0,0.0,0.0,0.0,0.0,0.0,0.0,1.0,0.0,0.0,2.0,0.0,0.0,0.0,0.0,0.0,0.0,23432.645305200276,0.0,0.0,0.0,0,47.56570166007732
88118196a1fffff,55.364363733252304,37.15595837366045,0.0,0.0,0.0,0.0,0.0,0.0,0.0,0.0,0.0,0.0,0.0,0.0,0.0,0.0,0.0,0.0,0.0,0.0,23432.645305200276,0.0,110000.0,3.0,1,52.01621506719263
88118196a3fffff,55.36924066472715,37.167159804571774,0.0,0.0,0.0,0.0,0.0,0.0,0.0,0.0,0.0,0.0,0.0,1.0,0.0,0.0,0.0,0.0,0.0,0.0,23432.645305200276,0.0,380.0,0.0,0,51.17120698821554
88118196a7fffff,55.360931553925774,37.168152887016596,0.0,0.0,0.0,0.0,0.0,0.0,2.0,0.0,0.0,0.0,0.0,0.0,0.0,0.0,0.0,0.0,0.0,0.0,23432.645305200276,0.0,0.0,0.0,0,51.91199484182673
88118196abfffff,55.37267223399824,37.154962871308406,0.0,0.0,0.0,0.0,0.0,0.0,0.0,0.0,0.0,0.0,0.0,0.0,0.0,0.0,0.0,0.0,0.0,0.0,23432.645305200276,0.0,110000.0,4.0,1,51.2848148280934
88118196adfffff,55.35948618437498,37.144760636054755,0.0,0.0,0.0,0.0,0.0,0.0,0.0,0.0,0.0,0.0,0.0,0.0,0.0,0.0,0.0,0.0,0.0,0.0,23432.645305200276,0.0,110000.0,3.0,1,52.862764273072706
88118196b3fffff,55.38730227670229,37.18858434440504,0.0,0.0,0.0,0.0,0.0,0.0,0.0,0.0,1.0,0.0,0.0,0.0,0.0,1.0,0.0,0.0,0.0,0.0,23432.645305200276,0.0,0.0,0.0,0,48.74488168133154
88118196dbfffff,55.41275727531306,37.12656144369394,0.0,0.0,0.0,0.0,0.0,0.0,0.0,0.0,0.0,0.0,0.0,2.0,0.0,0.0,0.0,0.0,0.0,0.0,23432.645305200276,0.0,0.0,0.0,0,48.778297785379735
88118196ddfffff,55.399569972461585,37.11636083343934,0.0,0.0,0.0,0.0,0.0,0.0,1.0,0.0,0.0,0.0,0.0,0.0,0.0,0.0,0.0,0.0,0.0,0.0,23432.645305200276,0.0,0.0,0.0,0,50.32760358666335
88118196e5fffff,55.35803663157876,37.12137465118268,0.0,0.0,0.0,0.0,0.0,0.0,1.0,0.0,0.0,0.0,0.0,0.0,0.0,0.0,0.0,0.0,0.0,0.0,23432.645305200276,0.0,0.0,0.0,0,53.83791503789769
8811819723fffff,55.27693850520263,37.09586987848558,0.0,0.0,0.0,0.0,0.0,0.0,0.0,0.0,0.0,0.0,0.0,0.0,0.0,0.0,0.0,0.0,0.0,0.0,23432.645305200276,0.0,110000.0,3.0,1,62.27072392782187
8811819729fffff,55.27548784004809,37.07254167408697,0.0,0.0,0.0,0.0,0.0,0.0,0.0,0.0,0.0,0.0,0.0,0.0,0.0,0.0,0.0,0.0,0.0,0.0,23432.645305200276,0.0,110000.0,1.0,1,63.19604954232041
881181972bfffff,55.28036745760624,37.0837014869409,0.0,0.0,0.0,0.0,0.0,0.0,0.0,0.0,0.0,0.0,0.0,0.0,0.0,0.0,0.0,0.0,0.0,0.0,23432.645305200276,0.0,110000.0,1.0,1,62.35671219145602
881181972dfffff,55.2671806237382,37.073550604443845,0.0,0.0,0.0,0.0,0.0,0.0,0.0,0.0,0.0,0.0,0.0,0.0,0.0,0.0,0.0,0.0,0.0,0.0,23432.645305200276,0.0,110000.0,1.0,1,63.94247915858595
8811819731fffff,55.290124863330966,37.10603214679861,0.0,0.0,0.0,0.0,0.0,0.0,0.0,0.0,0.0,0.0,0.0,0.0,0.0,0.0,0.0,0.0,0.0,0.0,23432.645305200276,0.0,110000.0,1.0,1,60.68245341416132
8811819733fffff,55.295002649835574,37.117202995742495,0.0,0.0,0.0,0.0,0.0,0.0,0.0,0.0,0.0,0.0,0.0,0.0,0.0,0.0,0.0,0.0,0.0,0.0,23432.645305200276,0.0,110000.0,1.0,1,59.84766233460703
8811819735fffff,55.28181653133537,37.107035030877995,0.0,1.0,0.0,0.0,0.0,0.0,1.0,0.0,0.0,0.0,0.0,0.0,0.0,0.0,0.0,0.0,0.0,0.0,23432.645305200276,0.0,110000.0,4.0,1,61.43716887444867
8811819737fffff,55.28669394662739,37.118203861477134,0.0,1.0,0.0,0.0,0.0,0.0,4.0,0.0,0.0,0.0,0.0,2.0,0.0,0.0,0.0,0.0,0.0,0.0,23432.645305200276,1.0,110000.0,3.0,1,60.605251903873395
881181974bfffff,55.302372255223425,37.03400352346869,0.0,0.0,0.0,0.0,0.0,0.0,0.0,0.0,0.0,0.0,0.0,0.0,0.0,0.0,0.0,0.0,2.0,0.0,23432.645305200276,0.0,0.0,0.0,0,62.10515157265656
8811819753fffff,55.31702034270276,37.06749110329578,0.0,0.0,0.0,0.0,0.0,0.0,2.0,0.0,1.0,0.0,0.0,1.0,0.0,0.0,0.0,0.0,0.0,0.0,23432.645305200276,1.0,0.0,0.0,0,59.5403812435099
881181975bfffff,55.32044366694785,37.05531157755056,0.0,0.0,0.0,0.0,0.0,0.0,0.0,0.0,0.0,0.0,0.0,2.0,0.0,0.0,0.0,0.0,0.0,0.0,23432.645305200276,1.0,0.0,0.0,0,59.68233611680299
881181975dfffff,55.30725556005874,37.04516236764392,0.0,0.0,0.0,1.0,0.0,0.0,0.0,0.0,0.0,0.0,0.0,0.0,0.0,0.0,0.0,0.0,0.0,0.0,23432.645305200276,0.0,0.0,0.0,0,61.24920626357082
881181b041fffff,55.44036847937713,37.51329519828105,0.0,0.0,0.0,0.0,0.0,0.0,0.0,0.0,0.0,0.0,0.0,0.0,0.0,0.0,0.0,0.0,0.0,0.0,23432.645305200276,0.0,0.0,2.0,1,35.311560190364574
881181b043fffff,55.4452226299836,37.52459294520989,0.0,0.0,0.0,0.0,0.0,0.0,4.0,1.0,1.0,0.0,0.0,0.0,0.0,2.0,0.0,0.0,0.0,159766.4531934259,23432.645305200276,0.0,0.0,0.0,0,34.65531038883028
881181b047fffff,55.43690005966922,37.525519079024626,0.0,0.0,0.0,0.0,0.0,0.0,0.0,0.0,0.0,0.0,0.0,0.0,0.0,0.0,0.0,0.0,0.0,0.0,23432.645305200276,0.0,0.0,1.0,1,35.560148977936926
881181b049fffff,55.44383529620594,37.50107052478835,0.0,0.0,0.0,1.0,0.0,0.0,0.0,0.0,0.0,0.0,0.0,0.0,0.0,0.0,0.0,0.0,0.0,0.0,23432.645305200276,0.0,0.0,0.0,0,35.08255219120948
881181b04bfffff,55.44869044653955,37.512366630270456,0.0,0.0,0.0,1.0,2.0,0.0,0.0,2.0,2.0,0.0,0.0,2.0,0.0,1.0,0.0,0.0,0.0,77750.36718795348,23432.645305200276,3.0,0.0,0.0,0,34.411954873920145
881181b051fffff,55.4583988244361,37.53496997603576,0.0,0.0,1.0,0.0,0.0,0.0,0.0,1.0,0.0,0.0,0.0,0.0,0.0,0.0,0.0,0.0,0.0,0.0,23432.645305200276,0.0,0.0,3.0,1,33.10264803614847
881181b053fffff,55.463252050310736,37.546277218218094,0.0,1.0,0.0,1.0,0.0,0.0,0.0,1.0,1.0,0.0,0.0,0.0,0.0,1.0,0.0,0.0,0.0,10457.580148902496,23432.645305200276,1.0,0.0,0.0,0,32.46523694605553
881181b055fffff,55.450076139455554,37.53589440289016,0.0,0.0,0.0,0.0,0.0,0.0,1.0,0.0,0.0,0.0,0.0,1.0,0.0,1.0,0.0,0.0,0.0,0.0,23432.645305200276,1.0,110000.0,2.0,1,34.00996511604233
881181b059fffff,55.46186703806422,37.52273958428935,0.0,0.0,0.0,0.0,0.0,0.0,1.0,2.0,0.0,0.0,0.0,0.0,0.0,0.0,0.0,0.0,0.0,0.0,23432.645305200276,1.0,110000.0,18.0,1,32.84965440348024
881181b05bfffff,55.46672126482656,37.534045185357364,0.0,0.0,0.0,0.0,0.0,0.0,0.0,0.0,0.0,0.0,0.0,0.0,0.0,0.0,0.0,0.0,0.0,0.0,23432.645305200276,1.0,110000.0,8.0,1,32.19655903360773
881181b05dfffff,55.45354495623093,37.52366644703631,0.0,2.0,0.0,0.0,0.0,0.0,0.0,0.0,1.0,0.0,0.0,3.0,0.0,2.0,0.0,0.0,0.0,68210.6402358919,23432.645305200276,6.0,110000.0,13.0,1,33.75177699675826
881181b0d9fffff,55.495833099479746,37.60195683297375,0.0,0.0,0.0,0.0,0.0,0.0,0.0,0.0,0.0,0.0,0.0,0.0,0.0,0.0,0.0,0.0,0.0,0.0,23432.645305200276,0.0,110000.0,5.0,1,28.555540105048603
881181b0dbfffff,55.50068280970697,37.61328845662652,0.0,0.0,0.0,0.0,0.0,0.0,0.0,0.0,0.0,0.0,0.0,0.0,0.0,0.0,0.0,0.0,0.0,0.0,23432.645305200276,0.0,110000.0,1.0,1,28.003050127641366
881181b203fffff,55.46740418761336,37.47474669154608,0.0,0.0,0.0,0.0,0.0,0.0,0.0,0.0,1.0,1.0,0.0,2.0,0.0,1.0,0.0,0.0,0.0,0.0,23432.645305200276,1.0,0.0,6.0,1,32.92670586904104
881181b207fffff,55.459084276736434,37.47568293172886,0.0,0.0,1.0,0.0,0.0,0.0,1.0,0.0,1.0,0.0,0.0,0.0,0.0,0.0,0.0,0.0,2.0,0.0,23432.645305200276,0.0,0.0,0.0,0,33.80441151093119
881181b20bfffff,55.47086498638331,37.462514774842184,0.0,0.0,0.0,0.0,0.0,0.0,0.0,0.0,0.0,0.0,0.0,2.0,0.0,0.0,0.0,0.0,0.0,0.0,23432.645305200276,0.0,0.0,2.0,1,32.77428133995125
881181b211fffff,55.48058208053513,37.48510910686938,0.0,0.0,0.0,0.0,0.0,0.0,0.0,0.0,0.0,0.0,0.0,0.0,0.0,0.0,0.0,0.0,0.0,0.0,23432.645305200276,2.0,0.0,0.0,0,31.338360354353167
881181b213fffff,55.485439666967125,37.49641184760082,0.0,1.0,0.0,0.0,0.0,0.0,0.0,0.0,1.0,0.0,0.0,4.0,0.0,0.0,0.0,0.0,0.0,0.0,23432.645305200276,4.0,0.0,0.0,0,30.634390295439953
881181b215fffff,55.472262055496515,37.48604364635291,0.0,0.0,0.0,0.0,0.0,0.0,0.0,0.0,0.0,0.0,0.0,3.0,0.0,0.0,0.0,0.0,0.0,0.0,23432.645305200276,0.0,0.0,2.0,1,32.21836289312884
881181b219fffff,55.484043273726996,37.47287310567775,0.0,0.0,0.0,1.0,0.0,0.0,0.0,2.0,0.0,0.0,0.0,1.0,0.0,0.0,0.0,0.0,0.0,0.0,23432.645305200276,10.0,0.0,0.0,0,31.180134069235038
881181b21dfffff,55.475723853392424,37.47381008293471,0.0,0.0,0.0,0.0,0.0,0.0,0.0,0.0,0.0,0.0,0.0,4.0,0.0,0.0,0.0,0.0,0.0,0.0,23432.645305200276,0.0,0.0,3.0,1,32.05186702646152
881181b223fffff,55.44730051012609,37.488845059582495,0.0,0.0,0.0,0.0,0.0,1.0,2.0,1.0,1.0,0.0,0.0,0.0,0.0,0.0,0.0,0.0,2.0,0.0,23432.645305200276,0.0,0.0,0.0,0,34.87350364290229
881181b231fffff,55.46047777912482,37.499208153631855,0.0,2.0,0.0,0.0,0.0,0.0,0.0,0.0,0.0,0.0,0.0,0.0,0.0,0.0,0.0,0.0,0.0,0.0,23432.645305200276,0.0,0.0,0.0,0,33.29688980880788
881181b233fffff,55.465333647803334,37.51050839806834,0.0,0.0,0.0,0.0,0.0,0.0,0.0,0.0,1.0,0.0,0.0,0.0,0.0,0.0,0.0,0.0,0.0,0.0,23432.645305200276,0.0,0.0,0.0,0,32.61765197064977
881181b235fffff,55.4521566598699,37.50013952235266,0.0,0.0,0.0,0.0,0.0,0.0,1.0,0.0,0.0,1.0,0.0,0.0,0.0,0.0,0.0,0.0,0.0,0.0,23432.645305200276,0.0,0.0,0.0,0,34.18876449814396
881181b237fffff,55.457012169463916,37.511437696937925,1.0,1.0,1.0,0.0,0.0,0.0,3.0,0.0,3.0,0.0,0.0,2.0,0.0,2.0,0.0,0.0,0.0,0.0,23432.645305200276,1.0,110000.0,4.0,1,33.51394232072325
881181b239fffff,55.46394178518431,37.48697781815534,0.0,0.0,1.0,0.0,0.0,0.0,0.0,0.0,0.0,0.0,0.0,0.0,0.0,0.0,0.0,0.0,0.0,0.0,23432.645305200276,0.0,0.0,3.0,1,33.101020815128074
881181b23bfffff,55.46879865362384,37.49827641841023,0.0,0.0,0.0,0.0,0.0,0.0,0.0,0.0,0.0,0.0,0.0,5.0,0.0,0.0,0.0,0.0,0.0,0.0,23432.645305200276,2.0,0.0,8.0,1,32.40708393752048
881181b24bfffff,55.4729202704898,37.42676028038073,0.0,0.0,0.0,0.0,0.0,0.0,0.0,0.0,0.0,0.0,0.0,0.0,0.0,0.0,0.0,0.0,0.0,0.0,23432.645305200276,0.0,0.0,2.0,1,33.29282605768977
881181b251fffff,55.48264263714012,37.449340586171076,0.0,0.0,0.0,0.0,0.0,0.0,0.0,0.0,0.0,0.0,0.0,2.0,0.0,0.0,0.0,0.0,0.0,0.0,23432.645305200276,2.0,0.0,3.0,1,31.786870056029755
881181b257fffff,55.47918404728304,37.46157572919438,0.0,0.0,0.0,0.0,0.0,0.0,0.0,0.0,0.0,0.0,0.0,2.0,0.0,0.0,0.0,0.0,0.0,0.0,23432.645305200276,0.0,0.0,3.0,1,31.907936499351464
881181b259fffff,55.48609962293579,37.437104654904395,0.0,0.0,0.0,0.0,0.0,0.0,0.0,0.0,0.0,0.0,0.0,1.0,0.0,0.0,0.0,0.0,0.0,0.0,23432.645305200276,0.0,0.0,0.0,0,31.68892194307174
881181b25dfffff,55.477781772833026,37.438048575305025,0.0,0.0,0.0,0.0,0.0,0.0,0.0,0.0,0.0,0.0,0.0,2.0,0.0,0.0,0.0,0.0,0.0,0.0,23432.645305200276,2.0,0.0,3.0,1,32.536259569733225
881181b281fffff,55.49654177262701,37.5425841691309,0.0,1.0,0.0,0.0,1.0,0.0,0.0,1.0,1.0,0.0,0.0,3.0,1.0,5.0,0.0,0.0,2.0,24081.51535831784,23432.645305200276,2.0,0.0,0.0,0,28.83296502726745
881181b283fffff,55.50139578568034,37.55390343010212,0.0,0.0,1.0,0.0,0.0,0.0,0.0,0.0,5.0,0.0,1.0,6.0,0.0,2.0,0.0,0.0,2.0,343461.38485906797,23432.645305200276,3.0,110000.0,1.0,1,28.192455046243275
881181b285fffff,55.48821971041127,37.543507976762534,0.0,0.0,0.0,0.0,0.0,0.0,0.0,0.0,0.0,0.0,0.0,2.0,0.0,0.0,0.0,0.0,0.0,0.0,23432.645305200276,2.0,110000.0,7.0,1,29.73911328996312
881181b287fffff,55.49307336614046,37.554825160441276,0.0,0.0,1.0,2.0,2.0,0.0,1.0,2.0,7.0,0.0,0.0,5.0,2.0,3.0,0.0,0.0,2.0,176664.60447956793,23432.645305200276,4.0,0.0,4.0,1,29.102804717166347
881181b289fffff,55.50000857355036,37.53034238011436,0.0,0.0,0.0,0.0,0.0,0.0,0.0,0.0,0.0,0.0,0.0,4.0,0.0,0.0,0.0,0.0,0.0,0.0,23432.645305200276,4.0,110000.0,9.0,1,28.58676859915418
881181b28bfffff,55.504863588689254,37.541659997568786,0.0,2.0,1.0,6.0,2.0,5.0,1.0,5.0,8.0,0.0,1.0,2.0,5.0,3.0,0.0,0.0,0.0,84136.26335283645,23432.645305200276,25.0,110000.0,12.0,1,27.92830019314988
881181b28dfffff,55.491687114988686,37.53126862823388,0.0,0.0,0.0,0.0,0.0,0.0,0.0,0.0,0.0,0.0,0.0,0.0,0.0,0.0,0.0,0.0,0.0,0.0,23432.645305200276,0.0,110000.0,10.0,1,29.48676839476464
881181b291fffff,55.51457168330765,37.56430639811523,0.0,2.0,0.0,10.0,5.0,0.0,1.0,3.0,6.0,1.0,0.0,5.0,6.0,5.0,0.0,0.0,6.0,153528.8392323856,23432.645305200276,12.0,0.0,0.0,0,26.652894188309062
881181b293fffff,55.51942476109388,37.5756351831096,0.0,0.0,0.0,2.0,2.0,1.0,4.0,0.0,3.0,0.0,0.0,2.0,4.0,3.0,0.0,0.0,0.0,19807.50254704993,23432.645305200276,2.0,0.0,0.0,0,26.03800635128064
881181b295fffff,55.506249153302484,37.56522641209835,0.0,5.0,0.0,6.0,7.0,1.0,4.0,5.0,10.0,1.0,0.0,7.0,18.0,17.0,0.0,0.0,8.0,215633.98012194093,23432.645305200276,35.0,0.0,0.0,0,27.566172374102475
881181b297fffff,55.51110187464692,37.57655311606984,2.0,6.0,1.0,6.0,5.0,1.0,2.0,5.0,3.0,1.0,0.0,7.0,10.0,8.0,0.0,0.0,6.0,40924.832558964,23432.645305200276,8.0,0.0,0.0,0,26.955116151886504
881181b299fffff,55.518039885424265,37.552058879676466,0.0,0.0,0.0,0.0,0.0,35.0,0.0,0.0,0.0,0.0,0.0,0.0,0.0,0.0,0.0,0.0,0.0,0.0,23432.645305200276,0.0,0.0,0.0,0,26.375602775263935
881181b29dfffff,55.5097179588905,37.552981336585255,0.0,5.0,0.0,2.0,1.0,0.0,0.0,0.0,1.0,0.0,0.0,5.0,0.0,0.0,0.0,0.0,0.0,19807.880937790665,23432.645305200276,13.0,110000.0,21.0,1,27.2833458582402
881181b2a1fffff,55.47642778945855,37.55666753244247,0.0,0.0,0.0,0.0,0.0,0.0,1.0,0.0,1.0,0.0,0.0,0.0,0.0,0.0,0.0,0.0,0.0,0.0,23432.645305200276,0.0,0.0,0.0,0,30.926796200518222
881181b2a3fffff,55.481280085637856,37.56798428035784,0.0,0.0,0.0,0.0,0.0,0.0,0.0,0.0,0.0,0.0,0.0,0.0,0.0,0.0,0.0,0.0,0.0,206130.96151203112,23432.645305200276,0.0,0.0,0.0,0,30.31166800075878
881181b2a9fffff,55.479897402388794,37.544431420678116,0.0,0.0,0.0,1.0,0.0,0.0,0.0,1.0,3.0,0.0,0.0,0.0,0.0,2.0,0.0,0.0,4.0,0.0,23432.645305200276,0.0,0.0,0.0,0,30.64661566893903
881181b2abfffff,55.4847507006176,37.55574652781677,0.0,0.0,0.0,0.0,0.0,0.0,0.0,0.0,1.0,0.0,0.0,5.0,2.0,0.0,0.0,0.0,2.0,382917.44974532677,23432.645305200276,8.0,110000.0,3.0,1,30.014284320245157
881181b2adfffff,55.471574848906336,37.545354501091936,0.0,1.0,0.0,4.0,4.0,1.0,1.0,5.0,9.0,0.0,1.0,3.0,2.0,7.0,0.0,0.0,10.0,56862.67519625118,23432.645305200276,0.0,0.0,0.0,0,31.555357537089595
881181b2b1fffff,55.49445536205253,37.57838789719509,0.0,1.0,0.0,0.0,0.0,0.0,1.0,0.0,0.0,0.0,0.0,0.0,1.0,0.0,0.0,0.0,0.0,323328.8968915374,23432.645305200276,1.0,220000.0,12.0,1,28.791587239375655
881181b2b3fffff,55.49930672356633,37.58971416133219,0.0,0.0,0.0,1.0,1.0,9.0,1.0,0.0,1.0,1.0,0.0,4.0,1.0,5.0,0.0,0.0,0.0,11256.523750991346,23432.645305200276,7.0,110000.0,5.0,1,28.20305514302495
881181b2b5fffff,55.4861317365986,37.57930474578641,0.0,0.0,0.0,0.0,0.0,0.0,0.0,0.0,0.0,0.0,1.0,0.0,0.0,0.0,0.0,0.0,0.0,0.0,23432.645305200276,0.0,0.0,2.0,1,29.710814058142233
881181b2b7fffff,55.4909827414947,37.59062892967595,0.0,0.0,0.0,0.0,0.0,0.0,1.0,0.0,0.0,0.0,0.0,2.0,0.0,0.0,0.0,0.0,2.0,0.0,23432.645305200276,1.0,220000.0,2.0,1,29.12512471263727
881181b2b9fffff,55.497926376791305,37.56614606365742,2.0,11.0,0.0,5.0,4.0,1.0,3.0,6.0,5.0,0.0,2.0,6.0,21.0,6.0,1.0,0.0,8.0,277881.69508660905,23432.645305200276,22.0,110000.0,0.0,0,28.48045302754717
881181b2bbfffff,55.50277874151755,37.577470687360595,0.0,5.0,12.0,4.0,2.0,0.0,0.0,2.0,4.0,3.0,2.0,12.0,5.0,10.0,0.0,0.0,8.0,245367.15246336983,23432.645305200276,31.0,110000.0,2.0,1,27.873000326087993
881181b2bdfffff,55.48960335412084,37.56706535300611,0.0,4.0,0.0,4.0,1.0,1.0,0.0,0.0,1.0,0.0,0.0,1.0,1.0,1.0,0.0,0.0,6.0,568750.6402482996,23432.645305200276,6.0,220000.0,1.0,1,29.395644985160217
881181b2c1fffff,55.4986171083755,37.50678754291048,1.0,1.0,0.0,1.0,0.0,0.0,1.0,0.0,3.0,1.0,0.0,4.0,3.0,1.0,0.0,0.0,0.0,37013.48582229448,23432.645305200276,2.0,0.0,0.0,0,29.052848376913204
881181b2c3fffff,55.503473768880724,37.51809979443147,0.0,2.0,2.0,1.0,1.0,0.0,0.0,0.0,1.0,0.0,0.0,4.0,0.0,2.0,0.0,0.0,0.0,656622.3241364299,23432.645305200276,2.0,0.0,6.0,1,28.36482236249987
881181b2c5fffff,55.49029661184374,37.50771830608317,0.0,0.0,0.0,2.0,1.0,0.0,0.0,0.0,0.0,0.0,0.0,3.0,0.0,5.0,0.0,0.0,2.0,5701.498705716105,23432.645305200276,5.0,35000.0,12.0,1,29.940636247775004
881181b2c7fffff,55.49515291431994,37.51902848327,0.0,0.0,0.0,2.0,2.0,0.0,0.0,0.0,0.0,0.0,0.0,5.0,2.0,3.0,0.0,0.0,0.0,39695.838885041114,23432.645305200276,8.0,35000.0,19.0,1,29.257831802916915
881181b2cbfffff,55.50693735858869,37.505856413122466,0.0,0.0,0.0,0.0,0.0,0.0,0.0,0.0,0.0,0.0,0.0,0.0,0.0,0.0,0.0,0.0,0.0,10630.787313047927,23432.645305200276,0.0,0.0,0.0,0,28.167690774491035
881181b2cdfffff,55.49375980511798,37.49547901158076,0.0,0.0,0.0,0.0,0.0,0.0,1.0,0.0,0.0,1.0,0.0,4.0,1.0,1.0,0.0,0.0,0.0,8825.799664660472,23432.645305200276,2.0,0.0,0.0,0,29.751910062995492
881181b2d1fffff,55.51665075135503,37.528488788967934,0.0,0.0,0.0,0.0,0.0,0.0,1.0,0.0,0.0,0.0,0.0,2.0,1.0,1.0,0.0,0.0,0.0,0.0,23432.645305200276,3.0,110000.0,1.0,1,26.792636205014936
881181b2d3fffff,55.521506480966615,37.53981056179445,0.0,0.0,0.0,0.0,0.0,39.0,0.0,0.0,0.0,1.0,0.0,1.0,0.0,0.0,0.0,0.0,0.0,0.0,23432.645305200276,0.0,110000.0,1.0,1,26.124026323747803
881181b2d5fffff,55.508329785788014,37.52941576709744,0.0,0.0,0.0,0.0,0.0,0.0,0.0,0.0,1.0,0.0,0.0,5.0,0.0,0.0,0.0,0.0,0.0,0.0,23432.645305200276,7.0,0.0,0.0,0,27.688661945028986
881181b2d7fffff,55.513185158251325,37.540735461861566,0.0,0.0,0.0,1.0,1.0,0.0,0.0,0.0,0.0,0.0,0.0,7.0,0.0,2.0,0.0,0.0,0.0,0.0,23432.645305200276,3.0,110000.0,4.0,1,27.025265178794744
881181b2d9fffff,55.52011473817203,37.51624131894547,0.0,1.0,0.0,2.0,4.0,1.0,0.0,3.0,4.0,0.0,1.0,3.0,22.0,0.0,0.0,0.0,6.0,221765.62083896445,23432.645305200276,6.0,110000.0,6.0,1,26.586117746267853
881181b2dbfffff,55.52497146990484,37.52756144551048,0.0,0.0,0.0,0.0,0.0,0.0,4.0,0.0,0.0,0.0,0.0,0.0,0.0,0.0,0.0,0.0,0.0,94692.28687378994,23432.645305200276,0.0,110000.0,2.0,1,25.898904659061394
881181b2e1fffff,55.47851046710117,37.52088476421604,0.0,0.0,0.0,1.0,2.0,0.0,0.0,0.0,0.0,0.0,0.0,7.0,0.0,3.0,0.0,0.0,0.0,53509.75074652767,23432.645305200276,4.0,110000.0,15.0,1,31.050124395103126
881181b2e3fffff,55.48336541044967,37.53219451167102,0.0,0.0,0.0,0.0,0.0,0.0,0.0,0.0,0.0,0.0,0.0,4.0,0.0,0.0,0.0,0.0,0.0,0.0,23432.645305200276,0.0,0.0,6.0,1,30.388495420869905
881181b2e5fffff,55.47018887513658,37.52181235675422,0.0,0.0,0.0,0.0,0.0,0.0,0.0,0.0,0.0,0.0,0.0,0.0,0.0,0.0,0.0,0.0,0.0,17807.93565092667,23432.645305200276,0.0,110000.0,13.0,1,31.94905995562452
881181b2e7fffff,55.475043460280034,37.533120030640625,0.0,0.0,2.0,3.0,3.0,0.0,0.0,1.0,2.0,0.0,0.0,2.0,0.0,3.0,0.0,0.0,0.0,90904.94308850022,23432.645305200276,9.0,0.0,0.0,0,31.291802580820193
881181b2e9fffff,55.481975869340005,37.508648702856526,0.0,0.0,0.0,0.0,0.0,0.0,1.0,0.0,0.0,0.0,0.0,0.0,0.0,0.0,0.0,0.0,0.0,0.0,23432.645305200276,0.0,110000.0,13.0,1,30.830829427716893
881181b2ebfffff,55.4868318136112,37.519956806459724,0.0,2.0,0.0,0.0,0.0,0.0,0.0,0.0,0.0,0.0,0.0,4.0,0.0,0.0,0.0,0.0,0.0,0.0,23432.645305200276,5.0,110000.0,16.0,1,30.152993790142364
881181b2edfffff,55.473654881210955,37.509578733446354,0.0,0.0,0.0,0.0,0.0,0.0,0.0,0.0,0.0,0.0,0.0,4.0,0.0,0.0,0.0,0.0,0.0,0.0,23432.645305200276,0.0,0.0,13.0,1,31.72322762067203
881181b301fffff,55.40430369863398,37.47001386013307,0.0,0.0,0.0,0.0,0.0,0.0,0.0,0.0,0.0,0.0,0.0,0.0,0.0,0.0,0.0,0.0,0.0,0.0,23432.645305200276,0.0,110000.0,0.0,0,39.80622435752343
881181b309fffff,55.407767729358405,37.45780061781996,0.0,0.0,0.0,0.0,0.0,0.0,0.0,0.0,0.0,0.0,0.0,2.0,0.0,0.0,0.0,0.0,0.0,0.0,23432.645305200276,2.0,110000.0,6.0,1,39.61741657746395
881181b341fffff,55.40637154418997,37.4343147910208,0.0,0.0,0.0,0.0,0.0,0.0,0.0,0.0,0.0,0.0,0.0,0.0,0.0,0.0,0.0,0.0,0.0,0.0,23432.645305200276,0.0,110000.0,2.0,1,40.16422333350456
881181b343fffff,55.41123015913484,37.44558658929652,0.0,0.0,0.0,0.0,0.0,0.0,0.0,0.0,0.0,0.0,0.0,0.0,0.0,0.0,0.0,0.0,0.0,0.0,23432.645305200276,0.0,110000.0,1.0,1,39.44667066247987
881181b345fffff,55.39805185778359,37.435257436125426,0.0,2.0,0.0,0.0,0.0,0.0,2.0,0.0,0.0,0.0,0.0,2.0,2.0,1.0,0.0,0.0,0.0,22792.065296152054,23432.645305200276,5.0,0.0,0.0,0,41.036801544092114
881181b347fffff,55.402910111014286,37.446527175663064,0.0,1.0,0.0,0.0,1.0,0.0,2.0,0.0,0.0,0.0,0.0,2.0,2.0,1.0,0.0,0.0,0.0,22792.065296152054,23432.645305200276,2.0,110000.0,1.0,1,40.323434712835464
881181b349fffff,55.409831376706755,37.422101622461405,0.0,0.0,0.0,0.0,0.0,0.0,0.0,0.0,0.0,0.0,0.0,2.0,0.0,0.0,0.0,0.0,0.0,0.0,23432.645305200276,0.0,110000.0,1.0,1,40.02306141499761
881181b34bfffff,55.41469098793484,37.43337177559701,0.0,0.0,0.0,0.0,0.0,2.0,0.0,0.0,0.0,0.0,0.0,0.0,0.0,0.0,0.0,0.0,0.0,0.0,23432.645305200276,0.0,0.0,0.0,0,39.29421577508413
881181b34dfffff,55.40151229485007,37.423046695888246,0.0,0.0,0.0,0.0,0.0,0.0,0.0,0.0,0.0,0.0,0.0,0.0,0.0,0.0,0.0,0.0,0.0,0.0,23432.645305200276,0.0,110000.0,3.0,1,40.88874609051416
881181b419fffff,55.58593783552585,37.71097818160434,0.0,1.0,0.0,0.0,0.0,0.0,0.0,0.0,0.0,0.0,0.0,0.0,0.0,1.0,0.0,0.0,0.0,0.0,23432.645305200276,0.0,0.0,0.0,0,19.4595550763428
881181b41bfffff,55.59078278153263,37.72235755912832,0.0,2.0,0.0,0.0,0.0,0.0,1.0,0.0,5.0,0.0,0.0,1.0,0.0,0.0,0.0,0.0,0.0,94308.14240689567,23432.645305200276,1.0,110000.0,13.0,1,19.185863587474014
881181b443fffff,55.5713990527366,37.67686246890434,0.0,1.0,0.0,0.0,0.0,1.0,8.0,0.0,81.0,10.0,0.0,3.0,0.0,1.0,0.0,0.0,0.0,0.0,23432.645305200276,2.0,400.0,0.0,0,20.4955233158092
881181b449fffff,55.570028126830174,37.653233296805496,0.0,3.0,0.0,0.0,0.0,0.0,0.0,0.0,0.0,0.0,0.0,0.0,0.0,0.0,0.0,0.0,0.0,0.0,23432.645305200276,0.0,0.0,0.0,0,20.42005467893291
881181b44bfffff,55.57487670772107,37.66459609188782,1.0,3.0,10.0,2.0,2.0,0.0,0.0,1.0,15.0,0.0,0.0,13.0,7.0,10.0,1.0,0.0,0.0,19501.93537783355,23432.645305200276,17.0,0.0,0.0,0,19.981762051336045
881181b451fffff,55.58457190371113,37.68733288797126,0.0,6.0,12.0,4.0,1.0,0.0,2.0,3.0,21.0,1.0,0.0,10.0,14.0,8.0,0.0,0.0,6.0,42426.4948282335,23432.645305200276,10.0,400.0,0.0,0,19.20110993574249
881181b453fffff,55.58941851710799,37.6987068908653,0.0,0.0,2.0,0.0,0.0,0.0,1.0,1.0,18.0,0.0,0.0,2.0,0.0,1.0,0.0,0.0,0.0,0.0,23432.645305200276,5.0,0.0,0.0,0,18.86274230443259
881181b455fffff,55.57624597027623,37.68823063743705,1.0,5.0,0.0,0.0,1.0,1.0,3.0,0.0,52.0,5.0,0.0,3.0,0.0,0.0,0.0,0.0,0.0,0.0,23432.645305200276,14.0,400.0,0.0,0,20.116143760014324
881181b457fffff,55.5810922314898,37.6996025413554,0.0,2.0,3.0,0.0,0.0,0.0,2.0,3.0,17.0,0.0,0.0,5.0,0.0,0.0,0.0,0.0,0.0,19421.058041598648,23432.645305200276,5.0,400.0,0.0,0,19.770222796030207
881181b459fffff,55.58804996521341,37.67506241954912,0.0,1.0,4.0,3.0,3.0,11.0,7.0,12.0,111.0,13.0,0.0,6.0,5.0,5.0,0.0,0.0,6.0,88277.32411976276,23432.645305200276,14.0,0.0,0.0,0,18.654846778264346
881181b45bfffff,55.59289758765541,37.68643478380196,0.0,0.0,0.0,0.0,0.0,0.0,3.0,0.0,74.0,32.0,0.0,0.0,0.0,0.0,0.0,0.0,0.0,0.0,23432.645305200276,0.0,400.0,0.0,0,18.28747820010827
881181b45dfffff,55.57972463363171,37.67596262196083,0.0,5.0,1.0,6.0,6.0,1.0,4.0,1.0,108.0,2.0,1.0,12.0,20.0,20.0,0.0,0.0,24.0,81334.34945361083,23432.645305200276,26.0,400.0,0.0,0,19.574779987149007
881181b499fffff,55.61983859121418,37.79071235986538,0.0,0.0,0.0,1.0,0.0,0.0,0.0,0.0,1.0,0.0,0.0,4.0,0.0,1.0,0.0,0.0,2.0,1090252.7123763973,23432.645305200276,7.0,0.0,0.0,0,18.397790908601046
881181b49bfffff,55.62467890713634,37.80211792471149,0.0,0.0,0.0,0.0,0.0,0.0,0.0,0.0,0.0,0.0,0.0,2.0,0.0,0.0,0.0,0.0,0.0,0.0,23432.645305200276,0.0,0.0,0.0,0,18.417015599244788
881181b4c1fffff,55.60047069604949,37.74512752977631,1.0,2.0,1.0,5.0,2.0,0.0,1.0,8.0,75.0,0.0,0.0,7.0,3.0,5.0,1.0,0.0,18.0,211331.14440682792,23432.645305200276,3.0,0.0,0.0,0,18.755709044858868
881181b4c3fffff,55.60531366285423,37.756518124786375,1.0,0.0,0.0,5.0,3.0,0.0,3.0,4.0,46.0,2.0,1.0,7.0,7.0,7.0,0.0,0.0,18.0,194594.04851844063,23432.645305200276,4.0,0.0,0.0,0,18.601978410856866
881181b4c9fffff,55.60395440868434,37.73285133030252,6.0,8.0,4.0,31.0,19.0,1.0,8.0,20.0,73.0,4.0,1.0,9.0,30.0,17.0,3.0,0.0,6.0,453408.5338475342,23432.645305200276,46.0,0.0,0.0,0,18.078362397625387
881181b4cbfffff,55.60879838683035,37.744240290181665,9.0,6.0,2.0,12.0,5.0,1.0,9.0,18.0,131.0,2.0,2.0,18.0,7.0,14.0,0.0,0.0,6.0,1124804.5098353317,23432.645305200276,14.0,0.0,0.0,0,17.899465088418467
881181b4cdfffff,55.59562706865801,37.73374067487121,1.0,10.0,0.0,3.0,0.0,0.0,1.0,1.0,4.0,0.0,0.0,0.0,2.0,0.0,0.0,0.0,0.0,72728.32227151404,23432.645305200276,0.0,110000.0,1.0,1,18.95076097313352
881181b4d1fffff,55.61848435943492,37.767029435701225,0.0,0.0,0.0,0.0,2.0,0.0,5.0,0.0,23.0,0.0,0.0,2.0,2.0,0.0,0.0,0.0,0.0,211953.23559114587,23432.645305200276,3.0,500000.0,8.0,1,17.67353930898168
881181b4d3fffff,55.623326352186176,37.77842962322672,0.0,0.0,0.0,0.0,0.0,0.0,0.0,0.0,3.0,0.0,0.0,5.0,0.0,1.0,0.0,0.0,0.0,2078631.8001188217,23432.645305200276,9.0,500000.0,34.0,1,17.62822354237497
881181b4d5fffff,55.61015596821903,37.76791246084358,0.0,0.0,3.0,0.0,0.0,0.0,0.0,7.0,8.0,0.0,0.0,2.0,0.0,0.0,0.0,0.0,0.0,193721.65610254163,23432.645305200276,0.0,0.0,0.0,0,18.490610499057954
881181b4d7fffff,55.61499761129033,37.779310538889575,0.0,5.0,0.0,2.0,0.0,0.0,1.0,0.0,1.0,0.0,0.0,1.0,0.0,0.0,0.0,0.0,0.0,105716.1335410671,23432.645305200276,3.0,500000.0,16.0,1,18.422384406108346
881181b4d9fffff,55.621969494653605,37.754747508451025,1.0,3.0,2.0,5.0,7.0,0.0,2.0,7.0,182.0,0.0,1.0,14.0,10.0,9.0,1.0,0.0,8.0,496984.4999367492,23432.645305200276,31.0,0.0,0.0,0,16.93592158226046
881181b4dbfffff,55.62681249991747,37.76614606123331,0.0,0.0,1.0,6.0,3.0,0.0,0.0,0.0,3.0,1.0,0.0,0.0,7.0,1.0,0.0,0.0,8.0,399674.2186830304,23432.645305200276,3.0,0.0,0.0,0,16.868070418479157
881181b4ddfffff,55.613641704031714,37.75563299166696,1.0,15.0,8.0,5.0,7.0,0.0,5.0,11.0,187.0,0.0,4.0,11.0,5.0,10.0,0.0,0.0,4.0,435163.368127806,23432.645305200276,12.0,110000.0,0.0,0,17.764186425842286
881181b601fffff,55.588771226464964,37.61552246958182,1.0,6.0,0.0,7.0,2.0,0.0,1.0,1.0,5.0,1.0,2.0,7.0,6.0,4.0,0.0,0.0,0.0,70438.41176224219,23432.645305200276,6.0,0.0,0.0,0,18.19547803553799
881181b603fffff,55.59362318269811,37.62688243297402,0.0,5.0,0.0,0.0,1.0,0.0,0.0,1.0,0.0,0.0,0.0,0.0,3.0,6.0,0.0,0.0,2.0,292197.10410220444,23432.645305200276,5.0,0.0,0.0,0,17.66955321447556
881181b605fffff,55.58044840939939,37.61643421985391,0.0,2.0,0.0,0.0,0.0,0.0,2.0,0.0,1.0,0.0,0.0,1.0,0.0,0.0,0.0,0.0,2.0,58600.28307139329,23432.645305200276,7.0,220000.0,0.0,0,19.122164094385113
881181b607fffff,55.585300012021776,37.62779209020534,0.0,2.0,0.0,1.0,0.0,0.0,0.0,0.0,0.0,0.0,0.0,3.0,0.0,0.0,0.0,0.0,0.0,55344.91413045902,23432.645305200276,15.0,0.0,0.0,0,18.597773296879904
881181b609fffff,55.592240830694095,37.603252040668835,1.0,15.0,9.0,13.0,13.0,1.0,2.0,15.0,11.0,1.0,2.0,26.0,17.0,15.0,0.0,0.0,8.0,362312.91009395436,23432.645305200276,49.0,0.0,0.0,0,17.826129988278588
881181b60bfffff,55.59709379371623,37.614610359181384,0.0,2.0,4.0,3.0,2.0,0.0,2.0,1.0,4.0,0.0,1.0,6.0,6.0,4.0,0.0,0.0,0.0,167202.80614449285,23432.645305200276,10.0,0.0,0.0,0,17.26900152412334
881181b60dfffff,55.583918617231966,37.60416624337329,0.0,6.0,3.0,3.0,4.0,0.0,0.0,7.0,40.0,1.0,0.0,8.0,11.0,14.0,0.0,0.0,20.0,401269.33007349324,23432.645305200276,26.0,0.0,0.0,0,18.749548794849048
881181b611fffff,55.606797758844415,37.63733821320548,0.0,0.0,0.0,0.0,0.0,0.0,0.0,0.0,0.0,0.0,0.0,2.0,0.0,0.0,0.0,0.0,4.0,0.0,23432.645305200276,6.0,220000.0,27.0,1,16.246159194124075
881181b613fffff,55.611648759248176,37.64870775062081,0.0,1.0,0.0,1.0,0.0,0.0,1.0,1.0,2.0,0.0,0.0,0.0,0.0,0.0,0.0,0.0,2.0,10190.460682020828,23432.645305200276,0.0,220000.0,10.0,1,15.786394714695977
881181b615fffff,55.598474485080715,37.63824613450143,0.0,0.0,0.0,0.0,0.0,0.0,1.0,0.0,0.0,1.0,0.0,4.0,0.0,0.0,0.0,0.0,0.0,849584.1765664966,23432.645305200276,16.0,220000.0,15.0,1,17.17437185864797
881181b617fffff,55.60332513276174,37.649613575115,1.0,1.0,0.0,1.0,1.0,0.0,0.0,0.0,8.0,0.0,0.0,5.0,1.0,2.0,0.0,0.0,2.0,36947.100433611995,23432.645305200276,10.0,0.0,0.0,0,16.71267883259263
881181b619fffff,55.61026877373117,37.62506204019936,0.0,5.0,0.0,1.0,0.0,0.0,0.0,0.0,2.0,0.0,0.0,3.0,0.0,0.0,0.0,0.0,2.0,294441.9167396021,23432.645305200276,14.0,220000.0,6.0,1,15.81326393993136
881181b61bfffff,55.61512078209386,37.636429933093666,0.0,4.0,0.0,0.0,0.0,0.0,0.0,0.0,0.0,0.0,0.0,0.0,0.0,0.0,0.0,0.0,4.0,86011.92063918493,23432.645305200276,0.0,220000.0,4.0,1,15.317999233997973
881181b61dfffff,55.601946103383334,37.62597241637621,0.0,2.0,0.0,0.0,0.0,0.0,7.0,0.0,0.0,0.0,0.0,12.0,3.0,0.0,0.0,0.0,2.0,70761.095726024,23432.645305200276,17.0,0.0,0.0,0,16.74138206262229
881181b623fffff,55.57350316416706,37.64096774761449,0.0,4.0,5.0,3.0,2.0,1.0,1.0,1.0,3.0,0.0,1.0,4.0,7.0,0.0,0.0,0.0,4.0,24163.0750409499,23432.645305200276,9.0,220000.0,7.0,1,19.95928834363332
881181b629fffff,55.572125342865824,37.617345610210414,0.0,0.0,0.0,0.0,0.0,0.0,0.0,0.0,0.0,0.0,0.0,2.0,0.0,0.0,0.0,0.0,0.0,0.0,23432.645305200276,0.0,500000.0,0.0,0,20.049034195974492
881181b62bfffff,55.57697659170066,37.628701388282536,0.0,0.0,1.0,0.0,0.0,0.0,1.0,0.0,0.0,0.0,0.0,0.0,0.0,0.0,0.0,0.0,2.0,754942.5603160568,23432.645305200276,6.0,500000.0,31.0,1,19.526038982982957
881181b631fffff,55.586677129100366,37.65142415079465,1.0,2.0,2.0,5.0,6.0,1.0,1.0,3.0,27.0,1.0,1.0,12.0,13.0,6.0,1.0,0.0,6.0,233320.3039521295,23432.645305200276,20.0,0.0,0.0,0,18.565978257522318
881181b633fffff,55.591526415963926,37.662791137133425,1.0,4.0,1.0,12.0,5.0,1.0,1.0,4.0,14.0,0.0,0.0,9.0,9.0,6.0,0.0,0.0,6.0,33613.10082101312,23432.645305200276,14.0,0.0,0.0,0,18.13348480460297
881181b635fffff,55.57835275261815,37.65232890240304,0.0,1.0,4.0,9.0,5.0,0.0,2.0,5.0,41.0,0.0,2.0,14.0,18.0,12.0,1.0,0.0,8.0,121012.48965819961,23432.645305200276,27.0,0.0,0.0,0,19.492931371747556
881181b637fffff,55.5832016865839,37.66369379273194,0.0,2.0,2.0,9.0,8.0,0.0,4.0,4.0,63.0,0.0,3.0,17.0,19.0,9.0,0.0,0.0,12.0,220586.02253244206,23432.645305200276,21.0,0.0,0.0,0,19.057394351783245
881181b639fffff,55.590150961149014,37.63915369719363,0.0,3.0,2.0,2.0,2.0,0.0,0.0,4.0,24.0,1.0,0.0,16.0,2.0,5.0,0.0,0.0,2.0,479566.7690150922,23432.645305200276,37.0,220000.0,12.0,1,18.10263307116377
881181b63bfffff,55.59500125593036,37.650519041769094,0.0,3.0,3.0,4.0,4.0,0.0,3.0,3.0,19.0,0.0,2.0,14.0,15.0,7.0,1.0,0.0,10.0,89011.88174216173,23432.645305200276,13.0,110000.0,5.0,1,17.6392181319881
881181b63dfffff,55.581827187395675,37.64006090149406,0.0,1.0,0.0,0.0,3.0,0.0,0.0,0.0,20.0,0.0,0.0,7.0,4.0,5.0,0.0,0.0,0.0,232627.89109387834,23432.645305200276,20.0,220000.0,16.0,1,19.030939478421782
881181b641fffff,55.59085420317544,37.57962787043717,0.0,0.0,0.0,1.0,0.0,0.0,3.0,1.0,3.0,2.0,0.0,0.0,0.0,0.0,0.0,0.0,4.0,0.0,23432.645305200276,0.0,0.0,0.0,0,18.105601826649757
881181b643fffff,55.59570882467835,37.590980804512185,0.0,4.0,5.0,4.0,3.0,0.0,0.0,3.0,3.0,0.0,3.0,13.0,10.0,10.0,0.0,0.0,8.0,154531.5747910695,23432.645305200276,21.0,0.0,0.0,0,17.491802214354863
881181b645fffff,55.58253294798672,37.58054661587919,1.0,5.0,0.0,5.0,4.0,0.0,0.0,1.0,1.0,0.0,0.0,11.0,4.0,6.0,0.0,0.0,2.0,1170618.2189499058,23432.645305200276,3.0,500000.0,3.0,1,19.018364184719005
881181b647fffff,55.5873872151675,37.591897459885864,0.0,3.0,6.0,1.0,5.0,2.0,0.0,0.0,8.0,0.0,0.0,3.0,1.0,8.0,0.0,0.0,6.0,183143.26052396055,23432.645305200276,5.0,0.0,0.0,0,18.410077793012395
881181b649fffff,55.59431958122557,37.567357476073205,0.0,0.0,0.0,0.0,0.0,0.0,0.0,0.0,13.0,0.0,0.0,0.0,0.0,0.0,0.0,0.0,0.0,0.0,23432.645305200276,0.0,0.0,0.0,0,17.837899099524623
881181b64bfffff,55.59917520838727,37.578708762158065,0.0,1.0,2.0,0.0,1.0,0.0,0.0,2.0,13.0,1.0,0.0,0.0,3.0,3.0,1.0,0.0,0.0,11296.401144075295,23432.645305200276,0.0,0.0,0.0,0,17.19452322045117
881181b64dfffff,55.5859989305138,37.56827867368221,0.0,0.0,0.0,0.0,0.0,0.0,1.0,0.0,2.0,0.0,0.0,0.0,0.0,0.0,0.0,0.0,0.0,0.0,23432.645305200276,0.0,0.0,0.0,0,18.742181210496916
881181b651fffff,55.60888450732053,37.60142255173837,4.0,14.0,6.0,21.0,14.0,5.0,9.0,12.0,51.0,6.0,1.0,22.0,82.0,23.0,0.0,0.0,28.0,848165.3581493811,23432.645305200276,19.0,0.0,0.0,0,15.981080019304827
881181b653fffff,55.61373817739081,37.61278505714349,1.0,16.0,2.0,24.0,0.0,1.0,1.0,10.0,5.0,0.0,2.0,10.0,72.0,16.0,0.0,0.0,20.0,540468.8504978175,23432.645305200276,16.0,0.0,0.0,0,15.416809727822814
881181b655fffff,55.60056279417234,37.602337476861706,3.0,10.0,3.0,11.0,14.0,0.0,1.0,4.0,6.0,1.0,0.0,13.0,17.0,15.0,1.0,0.0,10.0,298336.7278774136,23432.645305200276,25.0,0.0,0.0,0,16.903275939499984
881181b657fffff,55.60541611080692,37.61369788843965,0.0,3.0,2.0,0.0,2.0,0.0,0.0,1.0,10.0,0.0,0.0,9.0,5.0,6.0,0.0,0.0,2.0,292500.39924907754,23432.645305200276,9.0,0.0,0.0,0,16.342765832256145
881181b659fffff,55.61235129289354,37.589146407319454,0.0,15.0,3.0,2.0,1.0,0.0,1.0,3.0,18.0,0.0,0.0,21.0,5.0,4.0,0.0,0.0,2.0,192771.1920857349,23432.645305200276,21.0,0.0,0.0,0,15.65886805350941
881181b65bfffff,55.61720596979246,37.60050726508515,0.0,15.0,11.0,0.0,3.0,0.0,1.0,3.0,13.0,1.0,0.0,8.0,4.0,4.0,1.0,0.0,8.0,307364.54775912507,23432.645305200276,18.0,0.0,0.0,0,15.0596583811608
881181b65dfffff,55.60403018403574,37.59006378706141,1.0,13.0,6.0,7.0,10.0,1.0,1.0,6.0,38.0,0.0,1.0,13.0,12.0,13.0,0.0,0.0,0.0,250240.8236849975,23432.645305200276,22.0,0.0,0.0,0,16.574667029452318
881181b661fffff,55.570743247070396,37.593729685257536,0.0,4.0,3.0,0.0,2.0,0.0,1.0,1.0,0.0,0.0,0.0,10.0,1.0,2.0,1.0,0.0,0.0,1181375.0242657722,23432.645305200276,12.0,500000.0,13.0,1,20.249443451818916
881181b663fffff,55.575596154132256,37.60508008518844,0.0,4.0,0.0,1.0,0.0,1.0,0.0,0.0,4.0,0.0,0.0,4.0,0.0,0.0,0.0,0.0,4.0,164934.59091023807,23432.645305200276,3.0,0.0,0.0,0,19.67345645711941
881181b665fffff,55.562420889176735,37.5946452556829,0.0,0.0,0.0,0.0,0.0,0.0,0.0,0.0,0.0,0.0,0.0,2.0,0.0,0.0,0.0,0.0,0.0,0.0,23432.645305200276,2.0,220000.0,7.0,1,21.170295715192637
881181b667fffff,55.56727344174127,37.60599356632746,0.0,0.0,0.0,1.0,0.0,0.0,1.0,0.0,1.0,0.0,0.0,1.0,0.0,0.0,0.0,0.0,0.0,218998.65591545138,23432.645305200276,1.0,500000.0,0.0,0,20.59779064574733
881181b669fffff,55.574211443167314,37.581464998698486,0.0,1.0,5.0,19.0,2.0,1.0,2.0,7.0,2.0,1.0,1.0,15.0,27.0,10.0,1.0,0.0,16.0,612998.9418535685,23432.645305200276,21.0,500000.0,3.0,1,19.932582560216485
881181b66bfffff,55.57906535584942,37.59281375339639,1.0,7.0,3.0,7.0,1.0,0.0,2.0,7.0,1.0,1.0,1.0,7.0,13.0,5.0,0.0,0.0,8.0,1617733.872102559,23432.645305200276,13.0,500000.0,9.0,1,19.329334926291452
881181b66dfffff,55.56588968906351,37.582383019109216,2.0,5.0,5.0,21.0,17.0,0.0,1.0,11.0,15.0,1.0,1.0,12.0,16.0,24.0,0.0,0.0,4.0,293185.4856763498,23432.645305200276,18.0,220000.0,3.0,1,20.84806881858396
881181b681fffff,55.622721159436786,37.69512074743093,3.0,1.0,0.0,3.0,4.0,6.0,1.0,6.0,72.0,2.0,0.0,5.0,2.0,8.0,0.0,0.0,4.0,111709.26363900742,23432.645305200276,6.0,110000.0,11.0,1,15.25865063443407
881181b683fffff,55.62756852083178,37.70650689772048,0.0,2.0,4.0,9.0,3.0,9.0,2.0,6.0,40.0,0.0,1.0,4.0,8.0,2.0,0.0,0.0,4.0,321041.09457298927,23432.645305200276,7.0,0.0,0.0,0,15.007672008869235
881181b685fffff,55.614395874569084,37.69601781492975,5.0,7.0,1.0,6.0,11.0,1.0,10.0,14.0,115.0,12.0,3.0,17.0,16.0,14.0,0.0,0.0,14.0,399758.7204085081,23432.645305200276,13.0,110000.0,12.0,1,16.1549422535142
881181b687fffff,55.61924288484704,37.70740186167656,3.0,5.0,7.0,14.0,5.0,0.0,6.0,11.0,69.0,0.0,2.0,9.0,13.0,12.0,2.0,0.0,8.0,413951.1736718766,23432.645305200276,17.0,0.0,0.0,0,15.889226897315327
881181b689fffff,55.62619782159684,37.68283881589097,1.0,2.0,0.0,4.0,0.0,0.0,8.0,1.0,14.0,1.0,1.0,6.0,7.0,6.0,1.0,1.0,6.0,119837.79647694262,23432.645305200276,4.0,400.0,0.0,0,14.652115170633634
881181b68bfffff,55.63104619325086,37.69422332515558,0.0,0.0,0.0,0.0,0.0,6.0,2.0,0.0,20.0,0.0,0.0,0.0,0.0,0.0,0.0,0.0,0.0,33726.617005881926,23432.645305200276,5.0,110000.0,19.0,1,14.366490571895815
881181b68dfffff,55.61787313907962,37.683738340974074,0.0,0.0,0.0,7.0,0.0,0.0,12.0,5.0,294.0,27.0,0.0,5.0,3.0,0.0,0.0,1.0,0.0,0.0,23432.645305200276,2.0,400.0,0.0,0,15.557418133148424
881181b691fffff,55.64074095774743,37.71700358064054,0.0,1.0,0.0,1.0,2.0,0.0,0.0,3.0,62.0,0.0,1.0,4.0,0.0,1.0,0.0,0.0,0.0,214047.8223437928,23432.645305200276,2.0,220000.0,4.0,1,13.951768094119872
881181b693fffff,55.64558734888266,37.72839932875687,3.0,2.0,1.0,11.0,7.0,2.0,0.0,10.0,72.0,3.0,1.0,11.0,8.0,13.0,0.0,2.0,2.0,305297.9428799201,23432.645305200276,26.0,220000.0,16.0,1,13.827394471121973
881181b695fffff,55.63241522241143,37.71789679279036,0.0,0.0,2.0,0.0,0.0,6.0,2.0,2.0,31.0,0.0,0.0,4.0,1.0,3.0,0.0,0.0,2.0,24861.047718205944,23432.645305200276,4.0,220000.0,3.0,1,14.806925975806838
881181b697fffff,55.637261263322195,37.72929043358766,0.0,0.0,0.0,4.0,1.0,0.0,1.0,3.0,49.0,0.0,0.0,6.0,1.0,1.0,0.0,0.0,2.0,31492.649773657395,23432.645305200276,5.0,220000.0,3.0,1,14.658490040406654
881181b699fffff,55.64421903876207,37.70471590757352,0.0,2.0,0.0,12.0,3.0,0.0,5.0,5.0,39.0,0.0,0.0,9.0,4.0,5.0,1.0,0.0,2.0,537347.973830262,23432.645305200276,24.0,220000.0,9.0,1,13.263930038373392
881181b69bfffff,55.64906644132872,37.71611001504215,1.0,1.0,4.0,6.0,10.0,0.0,7.0,8.0,66.0,0.0,1.0,11.0,11.0,8.0,2.0,0.0,4.0,460137.19027479977,23432.645305200276,24.0,220000.0,2.0,1,13.106640257300334
881181b69dfffff,55.635893905585554,37.70561157975602,0.0,8.0,1.0,0.0,0.0,0.0,1.0,1.0,7.0,0.0,0.0,4.0,0.0,1.0,0.0,0.0,10.0,72051.41624727224,23432.645305200276,5.0,220000.0,19.0,1,14.132174993176989
881181b6a1fffff,55.60259086057,37.70919072840136,0.0,2.0,2.0,13.0,7.0,0.0,4.0,5.0,136.0,1.0,2.0,9.0,16.0,10.0,2.0,0.0,4.0,427840.3821598187,23432.645305200276,10.0,110000.0,4.0,1,17.66689334137209
881181b6a3fffff,55.60743650933828,37.72057431063991,1.0,5.0,5.0,22.0,18.0,1.0,4.0,27.0,100.0,0.0,3.0,34.0,56.0,21.0,2.0,0.0,30.0,771748.0763718642,23432.645305200276,34.0,0.0,0.0,0,17.417767601837262
881181b6a5fffff,55.594264472970565,37.710084631588565,0.0,0.0,0.0,0.0,0.0,0.0,1.0,0.0,12.0,0.0,0.0,0.0,0.0,0.0,0.0,0.0,2.0,0.0,23432.645305200276,0.0,110000.0,2.0,1,18.561618564527652
881181b6a7fffff,55.59910977044682,37.72146611108614,3.0,14.0,0.0,22.0,5.0,0.0,10.0,6.0,156.0,0.0,1.0,14.0,9.0,15.0,1.0,0.0,12.0,374703.82972775283,23432.645305200276,31.0,110000.0,3.0,1,18.299588269533366
881181b6a9fffff,55.60607033899411,37.696914527861956,0.0,2.0,1.0,1.0,2.0,0.0,1.0,1.0,27.0,0.0,0.0,5.0,0.0,4.0,0.0,0.0,4.0,155805.973294295,23432.645305200276,3.0,110000.0,1.0,1,17.054718263847725
881181b6abfffff,55.61091699797765,37.70829647183375,2.0,4.0,2.0,12.0,9.0,0.0,8.0,8.0,255.0,3.0,1.0,12.0,14.0,19.0,1.0,0.0,6.0,203914.406195319,23432.645305200276,10.0,0.0,0.0,0,16.775888966891024
881181b6adfffff,55.597744553058256,37.69781088643729,0.0,0.0,0.0,0.0,0.0,0.0,0.0,1.0,8.0,0.0,0.0,0.0,0.0,0.0,0.0,0.0,0.0,0.0,23432.645305200276,0.0,0.0,0.0,0,17.957458897396023
881181b6b1fffff,55.62060833778971,37.73107158604967,1.0,10.0,2.0,5.0,12.0,0.0,3.0,4.0,129.0,0.0,2.0,11.0,18.0,15.0,0.0,0.0,12.0,150145.28594760026,23432.645305200276,12.0,0.0,0.0,0,16.35229015671133
881181b6b3fffff,55.625453016911905,37.74246475818485,5.0,3.0,2.0,18.0,9.0,0.0,4.0,9.0,109.0,0.0,1.0,15.0,22.0,12.0,0.0,0.0,12.0,299256.99127463973,23432.645305200276,15.0,0.0,0.0,0,16.211048600219353
881181b6b5fffff,55.61228149851041,37.73196163409807,1.0,10.0,4.0,16.0,10.0,2.0,3.0,16.0,102.0,1.0,6.0,13.0,27.0,20.0,2.0,0.0,24.0,923362.7801021893,23432.645305200276,22.0,0.0,0.0,0,17.21189275018078
881181b6b7fffff,55.61712582723333,37.743352699720425,2.0,2.0,3.0,10.0,13.0,0.0,5.0,23.0,151.0,2.0,2.0,25.0,23.0,16.0,1.0,0.0,24.0,709095.4922830126,23432.645305200276,9.0,0.0,0.0,0,17.050847190604088
881181b6b9fffff,55.624089235667014,37.71878965170084,1.0,4.0,3.0,22.0,14.0,0.0,4.0,16.0,195.0,0.0,2.0,11.0,48.0,11.0,0.0,0.0,8.0,325872.15205888276,23432.645305200276,16.0,0.0,0.0,0,15.670476533134288
881181b6bbfffff,55.62893492617576,37.73018118594904,4.0,0.0,0.0,2.0,0.0,9.0,1.0,4.0,96.0,0.0,1.0,3.0,4.0,1.0,0.0,0.0,10.0,120812.26681942368,23432.645305200276,4.0,0.0,0.0,0,15.50069248104127
881181b6bdfffff,55.61576299786051,37.719682157581055,4.0,21.0,0.0,12.0,10.0,1.0,2.0,13.0,103.0,1.0,2.0,11.0,42.0,19.0,1.0,0.0,20.0,607710.0138568489,23432.645305200276,12.0,0.0,0.0,0,16.541109717202435
881181b6c1fffff,55.62482283172776,37.65917694609452,0.0,3.0,3.0,10.0,5.0,0.0,5.0,6.0,162.0,8.0,0.0,15.0,6.0,30.0,2.0,0.0,2.0,238138.4390807566,23432.645305200276,30.0,0.0,0.0,0,14.444087082177507
881181b6c3fffff,55.62967287129468,37.67055606810392,1.0,5.0,2.0,8.0,8.0,0.0,3.0,5.0,57.0,2.0,3.0,9.0,10.0,15.0,0.0,0.0,10.0,251944.86446488948,23432.645305200276,15.0,0.0,0.0,0,14.072711737098201
881181b6c5fffff,55.61649910374292,37.660081029573256,0.0,1.0,0.0,0.0,2.0,0.0,1.0,5.0,45.0,2.0,1.0,10.0,3.0,1.0,0.0,0.0,0.0,209683.16518895703,23432.645305200276,15.0,0.0,0.0,0,15.365284919507035
881181b6c7fffff,55.621348791476606,37.671458051013325,4.0,5.0,2.0,16.0,7.0,1.0,8.0,7.0,115.0,6.0,3.0,24.0,19.0,14.0,1.0,0.0,14.0,691594.0975893683,23432.645305200276,27.0,400.0,0.0,0,14.986102055608931
881181b6c9fffff,55.62829525980115,37.646895027265145,0.0,7.0,2.0,1.0,1.0,0.0,9.0,2.0,19.0,0.0,0.0,10.0,3.0,2.0,1.0,0.0,0.0,118099.81464844063,23432.645305200276,16.0,220000.0,0.0,0,13.93477499747829
881181b6cbfffff,55.633146308498134,37.65827250511747,3.0,9.0,1.0,21.0,14.0,0.0,3.0,12.0,42.0,2.0,2.0,18.0,33.0,21.0,1.0,0.0,14.0,81420.81920947463,23432.645305200276,8.0,0.0,0.0,0,13.523909715168628
881181b6cdfffff,55.61997213504338,37.64780156807482,0.0,0.0,0.0,2.0,2.0,0.0,5.0,0.0,13.0,0.0,0.0,3.0,2.0,5.0,0.0,0.0,0.0,131755.18514797156,23432.645305200276,3.0,220000.0,0.0,0,14.860408677952798
881181b6d1fffff,55.64284643261729,37.68103869825139,2.0,13.0,1.0,0.0,5.0,0.0,4.0,1.0,9.0,1.0,1.0,7.0,3.0,6.0,1.0,0.0,4.0,76912.84530024699,23432.645305200276,13.0,0.0,0.0,0,12.851544149719228
881181b6d3fffff,55.64769550633317,37.69242741543493,0.0,0.0,0.0,0.0,0.0,0.0,2.0,0.0,1.0,0.0,0.0,3.0,0.0,0.0,0.0,0.0,0.0,86737.35438103831,23432.645305200276,5.0,0.0,0.0,0,12.598049707027648
881181b6d5fffff,55.634522252891465,37.681938935053616,0.0,2.0,4.0,2.0,8.0,0.0,6.0,11.0,90.0,0.0,2.0,12.0,16.0,14.0,1.0,0.0,4.0,184214.79799258595,23432.645305200276,13.0,220000.0,4.0,1,13.749939502775252
881181b6d7fffff,55.63937097566507,37.69332554789366,2.0,1.0,0.0,8.0,5.0,0.0,1.0,3.0,10.0,1.0,0.0,11.0,13.0,5.0,1.0,0.0,8.0,82684.7415851051,23432.645305200276,13.0,220000.0,3.0,1,13.479277125422653
881181b6d9fffff,55.646320276409874,37.66875103187775,4.0,5.0,5.0,7.0,5.0,0.0,12.0,4.0,20.0,1.0,0.0,6.0,13.0,14.0,1.0,0.0,8.0,206694.12529045637,23432.645305200276,14.0,0.0,0.0,0,12.252824181632095
881181b6dbfffff,55.651170360428125,37.68013810527348,1.0,0.0,0.0,3.0,0.0,0.0,1.0,0.0,25.0,0.0,0.0,2.0,0.0,0.0,0.0,0.0,0.0,309008.5238307626,23432.645305200276,3.0,0.0,0.0,0,11.957775160635226
881181b6ddfffff,55.637996699721164,37.669653728462464,1.0,2.0,4.0,11.0,6.0,0.0,2.0,8.0,19.0,1.0,6.0,5.0,25.0,10.0,0.0,0.0,12.0,155010.88607973268,23432.645305200276,14.0,220000.0,0.0,0,13.16146188217974
881181b6e1fffff,55.60469987905054,37.67326094748005,0.0,2.0,2.0,0.0,0.0,0.0,1.0,0.0,16.0,2.0,0.0,8.0,0.0,4.0,0.0,0.0,0.0,0.0,23432.645305200276,12.0,400.0,0.0,0,16.81792542297948
881181b6e3fffff,55.609548205686075,37.68463751051343,0.0,0.0,0.0,2.0,0.0,0.0,14.0,12.0,267.0,38.0,0.0,1.0,1.0,13.0,0.0,2.0,0.0,0.0,23432.645305200276,0.0,400.0,0.0,0,16.46533692469078
881181b6e5fffff,55.59637504713516,37.67416186145899,0.0,1.0,1.0,2.0,0.0,0.0,31.0,3.0,138.0,158.0,0.0,4.0,0.0,2.0,0.0,0.0,0.0,59717.073542631166,23432.645305200276,12.0,400.0,0.0,0,17.735845733607274
881181b6e7fffff,55.60122302176253,37.685536324719344,0.0,0.0,0.0,0.0,0.0,0.0,1.0,0.0,2.0,24.0,0.0,0.0,0.0,0.0,0.0,0.0,0.0,0.0,23432.645305200276,0.0,0.0,0.0,0,17.375465623671953
881181b6e9fffff,55.608175124889804,37.66098475576515,1.0,10.0,0.0,9.0,4.0,0.0,0.0,9.0,51.0,0.0,3.0,15.0,8.0,13.0,1.0,0.0,8.0,42535.57047186402,23432.645305200276,30.0,0.0,0.0,0,16.28733448754537
881181b6ebfffff,55.61302446061313,37.67235967740174,0.0,0.0,0.0,1.0,0.0,0.0,0.0,1.0,101.0,5.0,0.0,4.0,3.0,0.0,0.0,5.0,0.0,436432.41775637714,23432.645305200276,15.0,400.0,0.0,0,15.901268511310231
881181b6edfffff,55.59985089551469,37.661888124881486,0.0,1.0,11.0,10.0,12.0,0.0,0.0,4.0,39.0,3.0,2.0,5.0,12.0,8.0,0.0,0.0,12.0,0.0,23432.645305200276,17.0,0.0,0.0,0,17.210103055343573
881181b741fffff,55.53260018673171,37.5860514809441,0.0,1.0,0.0,0.0,0.0,0.0,0.0,0.0,0.0,0.0,0.0,2.0,0.0,0.0,0.0,0.0,2.0,103641.06335785432,23432.645305200276,2.0,0.0,0.0,0,24.519907381963396
881181b749fffff,55.53606979255392,37.57379823132683,0.0,1.0,4.0,0.0,2.0,0.0,1.0,0.0,4.0,0.0,1.0,8.0,3.0,8.0,0.0,0.0,6.0,450519.1331838721,23432.645305200276,5.0,0.0,0.0,0,24.206450286473203
881181b74bfffff,55.54092293450925,37.58513490802924,0.0,6.0,0.0,1.0,0.0,0.0,0.0,0.0,0.0,0.0,0.0,2.0,1.0,1.0,1.0,0.0,0.0,1429.9310220796228,23432.645305200276,1.0,0.0,0.0,0,23.60068848737255
881181b74dfffff,55.52774740051175,37.574716888266444,0.0,1.0,0.0,1.0,0.0,0.0,2.0,0.0,2.0,0.0,0.0,2.0,1.0,1.0,0.0,0.0,0.0,0.0,23432.645305200276,2.0,0.0,0.0,0,25.12175294630574
881181b761fffff,55.512481529809456,37.6001311000238,0.0,0.0,0.0,0.0,0.0,0.0,0.0,0.0,0.0,0.0,0.0,0.0,0.0,0.0,0.0,0.0,2.0,0.0,23432.645305200276,1.0,0.0,0.0,0,26.706863853899677
881181b765fffff,55.50415743781554,37.60104414636529,0.0,1.0,1.0,0.0,2.0,0.0,0.0,0.0,2.0,0.0,1.0,5.0,1.0,8.0,0.0,0.0,2.0,0.0,23432.645305200276,7.0,110000.0,2.0,1,27.631048043634884
881181b76dfffff,55.50763045947259,37.58879903249987,0.0,1.0,0.0,3.0,6.0,0.0,1.0,3.0,7.0,0.0,0.0,6.0,2.0,3.0,0.0,0.0,0.0,158355.3397935417,23432.645305200276,6.0,0.0,0.0,0,27.281449209685267
88118524a3fffff,55.49903504678009,36.9035477387469,0.0,0.0,0.0,0.0,0.0,0.0,0.0,0.0,0.0,0.0,0.0,0.0,0.0,0.0,0.0,0.0,0.0,0.0,23432.645305200276,0.0,220000.0,2.0,1,52.97569946559862
88118524a5fffff,55.48584074540074,36.893416226328306,0.0,0.0,0.0,0.0,0.0,0.0,0.0,0.0,0.0,0.0,0.0,0.0,0.0,0.0,0.0,0.0,0.0,0.0,23432.645305200276,0.0,220000.0,9.0,1,54.31155754359982
88118524a7fffff,55.49074054408357,36.90459455162985,0.0,0.0,0.0,0.0,0.0,0.0,0.0,0.0,0.0,0.0,0.0,0.0,0.0,0.0,0.0,0.0,0.0,0.0,23432.645305200276,0.0,220000.0,7.0,1,53.42139153994465
88118524b5fffff,55.5039346059923,36.91473179814525,0.0,0.0,0.0,0.0,0.0,0.0,0.0,0.0,1.0,0.0,0.0,0.0,0.0,0.0,0.0,0.0,0.0,18121.247751228595,23432.645305200276,0.0,220000.0,7.0,1,52.08669503465017
88118524b7fffff,55.508833554099944,36.92591957342659,0.0,0.0,0.0,0.0,0.0,0.0,0.0,0.0,0.0,0.0,0.0,0.0,0.0,0.0,0.0,0.0,0.0,0.0,23432.645305200276,0.0,220000.0,8.0,1,51.19774731362421
8811852503fffff,55.426649091017026,36.81845811900114,0.0,0.0,0.0,0.0,0.0,0.0,0.0,0.0,0.0,0.0,0.0,0.0,0.0,0.0,0.0,0.0,0.0,0.0,23432.645305200276,0.0,0.0,1.0,1,61.96674468798885
8811852511fffff,55.43984465307596,36.828544785998226,0.0,0.0,0.0,0.0,0.0,0.0,0.0,0.0,0.0,0.0,0.0,0.0,0.0,0.0,0.0,0.0,0.0,0.0,23432.645305200276,0.0,0.0,3.0,1,60.59038370980304
8811852515fffff,55.43155201531007,36.82960445609956,0.0,0.0,0.0,0.0,0.0,0.0,1.0,0.0,0.0,0.0,0.0,0.0,0.0,0.0,0.0,0.0,0.0,0.0,23432.645305200276,0.0,0.0,2.0,1,61.07495620650615
8811852519fffff,55.443233373768216,36.816334349426,0.0,0.0,0.0,0.0,0.0,0.0,0.0,0.0,0.0,0.0,0.0,0.0,0.0,0.0,0.0,0.0,0.0,0.0,23432.645305200276,0.0,220000.0,7.0,1,61.00702362836922
881185251bfffff,55.448137045259266,36.82748470072636,0.0,0.0,0.0,0.0,0.0,0.0,0.0,0.0,1.0,0.0,0.0,0.0,0.0,0.0,0.0,0.0,0.0,0.0,23432.645305200276,0.0,220000.0,9.0,1,60.11617189785541
881185251dfffff,55.434941355098225,36.81739644215358,0.0,0.0,0.0,0.0,0.0,0.0,0.0,0.0,0.0,0.0,0.0,0.0,0.0,0.0,0.0,0.0,0.0,0.0,23432.645305200276,0.0,220000.0,4.0,1,61.481782968205366
8811852531fffff,55.419867578416046,36.84286857653781,0.0,0.0,0.0,0.0,0.0,0.0,3.0,0.0,0.0,0.0,0.0,3.0,0.0,0.0,0.0,0.0,0.0,0.0,23432.645305200276,1.0,0.0,2.0,1,61.18201682744859
8811852533fffff,55.424768549185785,36.85401830135292,0.0,0.0,0.0,0.0,0.0,0.0,0.0,0.0,0.0,0.0,0.0,0.0,0.0,0.0,0.0,0.0,0.0,0.0,23432.645305200276,0.0,0.0,1.0,1,60.28974642366596
8811852537fffff,55.416474429357955,36.85507271375158,0.0,1.0,0.0,0.0,0.0,0.0,0.0,0.0,0.0,0.0,0.0,4.0,0.0,0.0,0.0,0.0,0.0,0.0,23432.645305200276,3.0,0.0,1.0,1,60.804042734265025
8811852539fffff,55.42325913230666,36.83066371127348,0.0,0.0,0.0,0.0,0.0,0.0,0.0,0.0,0.0,0.0,0.0,0.0,0.0,0.0,0.0,0.0,0.0,0.0,23432.645305200276,0.0,0.0,2.0,1,61.56964587566067
881185253bfffff,55.4281610800017,36.84181174284707,0.0,0.0,0.0,0.0,0.0,0.0,0.0,0.0,0.0,0.0,0.0,3.0,0.0,0.0,0.0,0.0,0.0,8214.084733922682,23432.645305200276,1.0,0.0,0.0,0,60.67754724103524
8811852557fffff,55.438329099353815,36.80518770205271,0.0,0.0,0.0,0.0,0.0,0.0,0.0,0.0,0.0,0.0,0.0,0.0,0.0,0.0,0.0,0.0,0.0,0.0,23432.645305200276,0.0,220000.0,1.0,1,61.897837820979305
8811852581fffff,55.456057573940136,36.885391691329986,0.0,0.0,0.0,0.0,0.0,0.0,1.0,0.0,1.0,0.0,0.0,1.0,1.0,0.0,0.0,0.0,0.0,0.0,23432.645305200276,0.0,0.0,0.0,0,56.61505135363072
8811852587fffff,55.45266174823353,36.897607443346885,0.0,0.0,0.0,0.0,0.0,0.0,1.0,0.0,0.0,0.0,0.0,2.0,0.0,0.0,0.0,0.0,0.0,0.0,23432.645305200276,2.0,0.0,0.0,0,56.21597625756292
881185258bfffff,55.46435207505697,36.88434207705459,0.0,0.0,0.0,0.0,0.0,0.0,0.0,0.0,1.0,0.0,0.0,0.0,0.0,0.0,0.0,0.0,0.0,0.0,23432.645305200276,0.0,0.0,0.0,0,56.13261732022224
8811852591fffff,55.47415079661223,36.90668694565262,0.0,0.0,0.0,0.0,0.0,0.0,0.0,0.0,0.0,0.0,0.0,0.0,0.0,0.0,0.0,0.0,0.0,0.0,23432.645305200276,0.0,110000.0,3.0,1,54.34917397806028
8811852593fffff,55.47904924393281,36.91786494512507,0.0,1.0,0.0,0.0,0.0,0.0,2.0,0.0,4.0,0.0,0.0,6.0,1.0,1.0,0.0,0.0,0.0,31506.946555174254,23432.645305200276,6.0,0.0,0.0,0,53.45738569296531
8811852597fffff,55.47075362887339,36.91890850820463,0.0,0.0,0.0,0.0,0.0,0.0,0.0,0.0,0.0,0.0,0.0,0.0,1.0,0.0,0.0,0.0,0.0,0.0,23432.645305200276,0.0,110000.0,5.0,1,53.938359470876286
8811852599fffff,55.47754636620025,36.89446464704651,0.0,0.0,0.0,0.0,0.0,0.0,0.0,0.0,0.0,0.0,0.0,0.0,1.0,0.0,0.0,0.0,0.0,0.0,23432.645305200276,0.0,0.0,0.0,0,54.770378379769625
881185259bfffff,55.48244579391264,36.90564095385145,0.0,0.0,0.0,0.0,0.0,0.0,1.0,0.0,2.0,0.0,0.0,0.0,0.0,1.0,0.0,0.0,0.0,0.0,23432.645305200276,0.0,110000.0,4.0,1,53.87931904312556
88118525a3fffff,55.440968343016756,36.91086681346443,0.0,0.0,0.0,0.0,0.0,0.0,1.0,0.0,0.0,0.0,0.0,0.0,0.0,0.0,0.0,0.0,0.0,62996.910474618046,23432.645305200276,0.0,0.0,0.0,0,56.34181124588824
88118525abfffff,55.44436638327307,36.89865422096526,0.0,0.0,0.0,0.0,0.0,0.0,0.0,0.0,0.0,0.0,0.0,0.0,0.0,0.0,0.0,0.0,0.0,46300.22422846586,23432.645305200276,0.0,0.0,0.0,0,56.71991250133675
88118525adfffff,55.43117259539628,36.888538066907756,0.0,0.0,0.0,0.0,0.0,0.0,0.0,0.0,7.0,2.0,0.0,0.0,0.0,0.0,0.0,0.0,0.0,0.0,23432.645305200276,0.0,0.0,0.0,0,58.12692571976297
88118525b1fffff,55.4541616592654,36.920994406934454,0.0,0.0,0.0,0.0,0.0,0.0,0.0,0.0,0.0,0.0,0.0,0.0,0.0,0.0,0.0,0.0,0.0,0.0,23432.645305200276,0.0,110000.0,3.0,1,54.93454460396736
88118525b3fffff,55.459058384082084,36.93217005994452,0.0,0.0,0.0,0.0,0.0,0.0,0.0,0.0,0.0,0.0,0.0,1.0,0.0,0.0,0.0,0.0,0.0,0.0,23432.645305200276,1.0,0.0,0.0,0,54.04174803638763
88118525b5fffff,55.44586530540713,36.92203674306446,0.0,0.0,0.0,0.0,0.0,0.0,0.0,0.0,0.0,0.0,0.0,0.0,0.0,0.0,0.0,0.0,0.0,0.0,23432.645305200276,0.0,110000.0,5.0,1,55.44914334702381
88118525b9fffff,55.45756006200306,36.90877769895632,0.0,0.0,0.0,0.0,0.0,0.0,0.0,0.0,0.0,0.0,0.0,0.0,0.0,0.0,0.0,0.0,0.0,0.0,23432.645305200276,0.0,110000.0,1.0,1,55.32344786837438
88118525bbfffff,55.46245776720255,36.91995166206111,0.0,1.0,0.0,0.0,0.0,0.0,1.0,0.0,0.0,0.0,0.0,2.0,0.0,1.0,0.0,0.0,0.0,0.0,23432.645305200276,2.0,110000.0,4.0,1,54.43084859050381
88118525c1fffff,55.45794257614313,36.84979651911366,0.0,0.0,0.0,0.0,0.0,0.0,0.0,0.0,0.0,0.0,0.0,0.0,0.0,0.0,0.0,0.0,0.0,0.0,23432.645305200276,0.0,220000.0,5.0,1,58.33436288097866
88118525c3fffff,55.46284443387096,36.86095798820214,0.0,0.0,0.0,0.0,0.0,0.0,0.0,0.0,0.0,0.0,0.0,0.0,0.0,0.0,0.0,0.0,0.0,0.0,23432.645305200276,0.0,220000.0,5.0,1,57.44340939386468
88118525c7fffff,55.4545509231761,36.862012042266436,0.0,0.0,0.0,0.0,0.0,0.0,0.0,0.0,1.0,0.0,0.0,0.0,0.0,0.0,0.0,0.0,0.0,0.0,23432.645305200276,0.0,0.0,0.0,0,57.91587334686208
88118525cdfffff,55.453040112995005,36.83863875695524,0.0,0.0,0.0,0.0,0.0,0.0,0.0,0.0,0.0,0.0,0.0,0.0,0.0,0.0,0.0,0.0,0.0,0.0,23432.645305200276,0.0,220000.0,7.0,1,59.22528436768629
88118525d1fffff,55.476039321586505,36.87107071194237,0.0,0.0,0.0,0.0,0.0,0.0,0.0,0.0,1.0,0.0,0.0,0.0,0.0,0.0,0.0,0.0,0.0,0.0,23432.645305200276,0.0,220000.0,8.0,1,56.091906013887915
88118525d3fffff,55.48094033762357,36.882241613432264,0.0,0.0,0.0,0.0,0.0,0.0,0.0,0.0,0.0,0.0,0.0,0.0,0.0,0.0,0.0,0.0,0.0,0.0,23432.645305200276,0.0,220000.0,5.0,1,55.20173034780645
88118525d5fffff,55.46774568534543,36.87212316522077,0.0,0.0,0.0,0.0,0.0,0.0,0.0,0.0,2.0,0.0,0.0,0.0,0.0,0.0,0.0,0.0,0.0,0.0,23432.645305200276,0.0,110000.0,1.0,1,56.552425984394205
88118525ddfffff,55.471137698123584,36.85990352085879,0.0,0.0,0.0,0.0,0.0,0.0,0.0,0.0,0.0,0.0,0.0,0.0,0.0,0.0,0.0,0.0,0.0,0.0,23432.645305200276,0.0,220000.0,4.0,1,56.9820808480066
88118525e5fffff,55.4296689158885,36.865171727206075,0.0,3.0,0.0,4.0,3.0,1.0,2.0,0.0,108.0,1.0,0.0,6.0,6.0,8.0,0.0,0.0,2.0,191416.15245522733,23432.645305200276,15.0,0.0,0.0,0,59.39740075766531
88118525e7fffff,55.434568677692226,36.876328855094656,0.0,0.0,0.0,0.0,1.0,0.0,0.0,0.0,12.0,7.0,0.0,0.0,0.0,0.0,0.0,0.0,0.0,30886.50229458495,23432.645305200276,0.0,0.0,0.0,0,58.504979860752016
88118525edfffff,55.433062424123364,36.8529634759319,0.0,0.0,0.0,0.0,0.0,0.0,0.0,0.0,0.0,0.0,0.0,2.0,0.0,0.0,0.0,0.0,0.0,0.0,23432.645305200276,2.0,0.0,0.0,0,59.785376508517196
8811852c2dfffff,55.31501368410383,36.90317239074563,0.0,0.0,0.0,0.0,0.0,0.0,0.0,0.0,1.0,0.0,0.0,1.0,0.0,0.0,0.0,0.0,0.0,0.0,23432.645305200276,0.0,0.0,0.0,0,66.27656757667847
8811852c31fffff,55.33799048358037,36.935550025872836,0.0,0.0,0.0,0.0,0.0,0.0,0.0,0.0,2.0,0.0,0.0,1.0,0.0,0.0,0.0,0.0,0.0,0.0,23432.645305200276,0.0,0.0,0.0,0,63.002417339544486
8811852c33fffff,55.34288199662743,36.94669749371551,0.0,0.0,0.0,0.0,0.0,0.0,0.0,0.0,4.0,0.0,0.0,0.0,0.0,0.0,0.0,0.0,0.0,0.0,23432.645305200276,0.0,0.0,0.0,0,62.122780048371844
8811852c93fffff,55.39712398748306,37.01058970926411,0.0,0.0,0.0,0.0,0.0,0.0,0.0,0.0,0.0,0.0,0.0,1.0,0.0,0.0,0.0,0.0,0.0,0.0,23432.645305200276,0.0,0.0,0.0,0,54.94599447245062
8811852c95fffff,55.3839337348788,37.00043982138562,0.0,0.0,0.0,0.0,0.0,0.0,1.0,0.0,0.0,0.0,0.0,0.0,0.0,0.0,0.0,0.0,0.0,0.0,23432.645305200276,0.0,0.0,0.0,0,56.454375664501946
8811852cbbfffff,55.380520463771575,37.0126368179974,0.0,0.0,0.0,0.0,0.0,0.0,0.0,0.0,0.0,0.0,0.0,0.0,0.0,0.0,0.0,0.0,0.0,0.0,23432.645305200276,1.0,0.0,0.0,0,56.20851022429268
8811852cd3fffff,55.39905553150711,36.97501299026848,0.0,0.0,0.0,0.0,0.0,6.0,2.0,0.0,1.0,0.0,0.0,0.0,0.0,1.0,0.0,0.0,0.0,0.0,23432.645305200276,0.0,0.0,0.0,0,56.37667729820281
8811852cddfffff,55.38927181250852,36.95267947666411,0.0,0.0,0.0,0.0,0.0,0.0,1.0,0.0,0.0,0.0,0.0,0.0,0.0,0.0,0.0,0.0,0.0,0.0,23432.645305200276,0.0,0.0,0.0,0,58.14992699555288
8811852ce5fffff,55.34777290453004,36.95784864898953,0.0,0.0,0.0,1.0,0.0,0.0,0.0,0.0,2.0,0.0,0.0,0.0,1.0,0.0,0.0,0.0,0.0,0.0,23432.645305200276,0.0,0.0,0.0,0,61.243445483401864
8811852d81fffff,55.316044227361914,36.98530099734688,0.0,0.0,0.0,0.0,0.0,0.0,0.0,0.0,1.0,0.0,0.0,0.0,0.0,0.0,0.0,0.0,0.0,0.0,23432.645305200276,0.0,0.0,0.0,0,62.783332924057724
8811852d87fffff,55.312628622695826,36.997477738324186,0.0,0.0,0.0,0.0,0.0,0.0,2.0,0.0,1.0,0.0,0.0,0.0,0.0,0.0,0.0,0.0,2.0,2863.2001212109976,23432.645305200276,0.0,0.0,0.0,0,62.59671547735411
8811852d89fffff,55.31945823975258,36.97312351845934,0.0,0.0,0.0,0.0,0.0,0.0,0.0,0.0,12.0,0.0,0.0,1.0,0.0,0.0,0.0,0.0,0.0,0.0,23432.645305200276,0.0,0.0,0.0,0,62.9811617486074
8811852d95fffff,55.32581807009103,37.007609005225646,0.0,0.0,0.0,0.0,0.0,0.0,1.0,0.0,1.0,0.0,0.0,0.0,0.0,0.0,0.0,0.0,0.0,0.0,23432.645305200276,0.0,0.0,0.0,0,61.04725428151479
8811852dabfffff,55.304325553413214,36.99850191695102,0.0,0.0,1.0,0.0,0.0,0.0,0.0,0.0,0.0,0.0,0.0,0.0,0.0,0.0,0.0,0.0,0.0,0.0,23432.645305200276,0.0,0.0,0.0,0,63.28469740563774
8811852db1fffff,55.31409669121036,37.020809245867326,0.0,0.0,0.0,0.0,0.0,0.0,0.0,0.0,1.0,0.0,0.0,1.0,0.0,0.0,0.0,0.0,0.0,0.0,23432.645305200276,0.0,0.0,0.0,0,61.5589046802717
8811852db3fffff,55.31898134889784,37.03196843445537,0.0,0.0,0.0,0.0,0.0,0.0,0.0,0.0,0.0,0.0,0.0,0.0,0.0,0.0,0.0,0.0,0.0,0.0,23432.645305200276,0.0,0.0,4.0,1,60.69720602432424
8811852db5fffff,55.305792636608395,37.0218290024173,0.0,0.0,0.0,0.0,0.0,0.0,0.0,0.0,2.0,1.0,0.0,0.0,0.0,0.0,0.0,0.0,0.0,20308.328340572858,23432.645305200276,0.0,0.0,0.0,0,62.25752784137178
8811852db9fffff,55.317514867951324,37.00863157265249,0.0,0.0,0.0,0.0,0.0,0.0,1.0,0.0,0.0,0.0,0.0,0.0,0.0,0.0,0.0,0.0,0.0,0.0,23432.645305200276,0.0,0.0,0.0,0,61.73119340926163
8811852dbdfffff,55.309211425771984,37.00965374035845,0.0,0.0,0.0,0.0,0.0,0.0,3.0,0.0,4.0,0.0,0.0,1.0,0.0,0.0,0.0,0.0,0.0,4358.239012925531,23432.645305200276,0.0,0.0,0.0,0,62.421413928394465
8811852dd7fffff,55.33264841959522,36.98324661450334,0.0,0.0,0.0,0.0,0.0,0.0,0.0,0.0,2.0,0.0,0.0,0.0,0.0,0.0,0.0,0.0,0.0,0.0,23432.645305200276,0.0,0.0,0.0,0,61.44357461994618
8811852dd9fffff,55.339472397269304,36.95888127055931,0.0,0.0,0.0,0.0,0.0,0.0,1.0,0.0,1.0,0.0,0.0,0.0,0.0,0.0,0.0,0.0,0.0,0.0,23432.645305200276,0.0,0.0,0.0,0,61.88524604357109
8811852ddbfffff,55.34436232631526,36.97003410344042,0.0,0.0,0.0,0.0,0.0,0.0,0.0,0.0,1.0,0.0,0.0,0.0,0.0,0.0,0.0,0.0,0.0,0.0,23432.645305200276,0.0,0.0,0.0,0,61.00800594653765
8811852dddfffff,55.33117164892743,36.95991348838235,0.0,0.0,0.0,0.0,0.0,0.0,1.0,0.0,0.0,0.0,0.0,0.0,0.0,0.0,0.0,0.0,0.0,0.0,23432.645305200276,0.0,0.0,0.0,0,62.53420158893076
8811852e83fffff,55.402885881718134,36.9038819612637,0.0,0.0,0.0,0.0,0.0,0.0,1.0,0.0,0.0,0.0,0.0,0.0,0.0,0.0,0.0,0.0,0.0,0.0,23432.645305200276,0.0,0.0,0.0,0,59.392395577014916
8811852e85fffff,55.38969273455904,36.893773816485485,0.0,0.0,0.0,0.0,0.0,0.0,0.0,0.0,1.0,0.0,0.0,0.0,0.0,0.0,0.0,0.0,0.0,0.0,23432.645305200276,0.0,0.0,0.0,0,60.84563960881449
8811852e87fffff,55.39458904847396,36.904926281444446,0.0,0.0,0.0,0.0,0.0,0.0,1.0,0.0,0.0,0.0,0.0,0.0,0.0,0.0,0.0,0.0,0.0,0.0,23432.645305200276,0.0,0.0,0.0,0,59.955553475975364
8811852e89fffff,55.401387746302866,36.88052795937273,0.0,0.0,0.0,0.0,0.0,0.0,0.0,0.0,2.0,0.0,0.0,0.0,0.0,0.0,0.0,0.0,0.0,0.0,23432.645305200276,0.0,0.0,0.0,0,60.62132072823899
8811852e8bfffff,55.406285411311636,36.891680746669884,0.0,1.0,0.0,0.0,0.0,0.0,0.0,0.0,14.0,0.0,0.0,1.0,0.0,0.0,0.0,0.0,0.0,5755.5297786243,23432.645305200276,0.0,0.0,0.0,0,59.72990124233657
8811852e95fffff,55.40778196295995,36.915040133772976,1.0,0.0,0.0,0.0,0.0,0.0,2.0,0.0,35.0,0.0,0.0,1.0,1.0,2.0,0.0,0.0,0.0,101801.22082682441,23432.645305200276,3.0,0.0,0.0,0,58.501535250468585
8811852ea1fffff,55.37799465181612,36.9070136958434,0.0,0.0,0.0,0.0,0.0,0.0,0.0,0.0,0.0,0.0,0.0,1.0,0.0,0.0,0.0,0.0,0.0,0.0,23432.645305200276,0.0,0.0,0.0,0,61.10845330885911
8811852ea5fffff,55.3696970890936,36.90805679053985,0.0,0.0,0.0,3.0,0.0,0.0,0.0,0.0,3.0,0.0,0.0,0.0,0.0,0.0,0.0,0.0,0.0,0.0,23432.645305200276,0.0,0.0,0.0,0,61.697700682708074
8811852ea7fffff,55.37459167854516,36.9192069219064,0.0,0.0,0.0,0.0,0.0,0.0,1.0,0.0,0.0,0.0,0.0,0.0,0.0,0.0,0.0,0.0,0.0,0.0,23432.645305200276,0.0,0.0,0.0,0,60.810617953184995
8811852eabfffff,55.386291971724766,36.90597019289128,0.0,0.0,0.0,0.0,0.0,0.0,2.0,0.0,6.0,2.0,0.0,1.0,0.0,1.0,0.0,0.0,0.0,0.0,23432.645305200276,0.0,0.0,0.0,0,60.52765609132354
8811852eb9fffff,55.3994847570261,36.91608244260004,0.0,0.0,0.0,0.0,0.0,0.0,1.0,0.0,5.0,0.0,0.0,0.0,0.0,0.0,0.0,0.0,0.0,0.0,23432.645305200276,1.0,0.0,0.0,0,59.06546556364837
8811852ecbfffff,55.40818006498508,36.85612671336971,0.0,0.0,0.0,0.0,0.0,0.0,0.0,0.0,0.0,0.0,0.0,0.0,0.0,0.0,0.0,0.0,0.0,0.0,23432.645305200276,1.0,0.0,0.0,0,61.32801682586246
8811852ed1fffff,55.417978701083676,36.87842922946884,0.0,0.0,0.0,0.0,0.0,0.0,0.0,0.0,4.0,0.0,0.0,1.0,0.0,0.0,0.0,0.0,0.0,0.0,23432.645305200276,0.0,0.0,0.0,0,59.54373217134746
8811852ed9fffff,55.42137442287534,36.86622413057431,0.0,0.0,0.0,0.0,0.0,0.0,2.0,0.0,3.0,0.0,0.0,2.0,0.0,1.0,0.0,0.0,0.0,4643.49308097147,23432.645305200276,4.0,0.0,2.0,1,59.91174447217421
8811852edbfffff,55.42627381183212,36.87737924796096,0.0,0.0,0.0,1.0,0.0,0.0,0.0,0.0,41.0,1.0,0.0,0.0,0.0,0.0,0.0,0.0,0.0,0.0,23432.645305200276,1.0,0.0,0.0,0,59.019372105807584
8811852eddfffff,55.413079685145505,36.86727612187264,0.0,1.0,0.0,0.0,0.0,0.0,0.0,0.0,1.0,0.0,0.0,0.0,0.0,0.0,0.0,0.0,0.0,0.0,23432.645305200276,0.0,0.0,0.0,0,60.43590885076126
8811aa0001fffff,55.999637475668266,37.15041367227773,0.0,0.0,0.0,0.0,0.0,0.0,0.0,0.0,0.0,0.0,0.0,2.0,0.0,0.0,0.0,0.0,2.0,21918.085917210938,23432.645305200276,6.0,500000.0,20.0,1,40.08462195420386
8811aa0003fffff,56.004536961961435,37.16178811325048,0.0,0.0,0.0,1.0,0.0,2.0,4.0,1.0,1.0,0.0,0.0,5.0,0.0,1.0,0.0,0.0,14.0,296920.28720279876,23432.645305200276,10.0,110000.0,1.0,1,39.95093895107672
8811aa0005fffff,55.99134514712637,37.15142533411315,0.0,1.0,0.0,0.0,2.0,0.0,8.0,1.0,1.0,0.0,0.0,6.0,1.0,8.0,0.0,0.0,0.0,203502.0492079662,23432.645305200276,10.0,220000.0,0.0,0,39.4113482889541
8811aa0007fffff,55.996244279726454,37.16279768197181,0.0,0.0,0.0,0.0,0.0,0.0,5.0,0.0,0.0,0.0,0.0,2.0,0.0,0.0,0.0,0.0,0.0,46747.39863324257,23432.645305200276,9.0,220000.0,4.0,1,39.26365727381246
8811aa000bfffff,56.007929536435306,37.149401607891456,0.0,0.0,0.0,0.0,0.0,0.0,0.0,0.0,0.0,0.0,0.0,1.0,0.0,0.0,0.0,0.0,0.0,79145.82539649765,23432.645305200276,28.0,500000.0,8.0,1,40.76776471609578
8811aa0015fffff,56.009435799580594,37.17316636424421,0.0,3.0,0.0,0.0,0.0,0.0,0.0,0.0,0.0,0.0,0.0,1.0,0.0,0.0,0.0,0.0,0.0,20780.704540288392,23432.645305200276,4.0,110000.0,5.0,1,39.83691532167945
8811aa0017fffff,56.014333987667605,37.18454842627566,0.0,5.0,0.0,1.0,0.0,0.0,3.0,0.0,1.0,1.0,0.0,3.0,0.0,0.0,0.0,0.0,0.0,68286.2944148285,23432.645305200276,2.0,0.0,1.0,1,39.74272524715082
8811aa001dfffff,56.012829376247645,37.16077814273681,0.0,0.0,0.0,2.0,0.0,0.0,1.0,0.0,22.0,4.0,0.0,4.0,3.0,0.0,0.0,0.0,12.0,147165.19910073155,23432.645305200276,14.0,500000.0,10.0,1,40.64765095319531
8811aa0021fffff,55.979658112778985,37.16481561499365,1.0,4.0,1.0,16.0,13.0,0.0,12.0,13.0,20.0,1.0,2.0,16.0,34.0,29.0,1.0,0.0,16.0,518970.547254203,23432.645305200276,16.0,220000.0,0.0,0,37.91943721461042
8811aa0023fffff,55.98455588984996,37.176187584306135,3.0,3.0,2.0,30.0,9.0,1.0,21.0,13.0,23.0,2.0,0.0,14.0,60.0,29.0,2.0,0.0,20.0,687556.1637220162,23432.645305200276,33.0,0.0,0.0,0,37.7627511402794
8811aa0025fffff,55.97136462875107,37.16582397977177,0.0,4.0,1.0,5.0,10.0,0.0,20.0,4.0,9.0,2.0,1.0,8.0,4.0,9.0,3.0,0.0,4.0,260680.68862098496,23432.645305200276,8.0,220000.0,0.0,0,37.2635976089414
8811aa0027fffff,55.976262051957995,37.17719385670748,0.0,1.0,0.0,2.0,8.0,5.0,21.0,4.0,14.0,0.0,3.0,16.0,9.0,7.0,0.0,0.0,6.0,220115.7146372777,23432.645305200276,24.0,0.0,2.0,1,37.09174190225828
8811aa0029fffff,55.98305255115178,37.15243659363722,0.0,1.0,0.0,3.0,8.0,0.0,12.0,8.0,6.0,1.0,0.0,8.0,17.0,20.0,0.0,0.0,10.0,243795.81629932352,23432.645305200276,14.0,220000.0,0.0,0,38.748460177164574
8811aa002bfffff,55.987951329884886,37.1638068491399,0.0,1.0,0.0,1.0,4.0,2.0,12.0,1.0,1.0,0.0,0.0,11.0,2.0,7.0,0.0,0.0,0.0,641946.6774525194,23432.645305200276,15.0,220000.0,0.0,0,38.58631185330548
8811aa002dfffff,55.97475968808677,37.153447451089264,0.0,2.0,0.0,8.0,7.0,1.0,20.0,4.0,5.0,0.0,1.0,9.0,11.0,11.0,0.0,0.0,8.0,330793.70130059775,23432.645305200276,15.0,0.0,0.0,0,38.09650179885028
8811aa0031fffff,55.99774694257729,37.186558781995,0.0,1.0,2.0,9.0,9.0,0.0,12.0,2.0,17.0,0.0,2.0,6.0,16.0,13.0,1.0,0.0,8.0,342075.2654551167,23432.645305200276,5.0,0.0,0.0,0,38.32269452364764
8811aa0033fffff,56.00264377482108,37.197940461377584,0.0,4.0,0.0,1.0,1.0,0.0,7.0,1.0,14.0,0.0,0.0,4.0,0.0,4.0,1.0,0.0,0.0,173732.4893772506,23432.645305200276,12.0,0.0,0.0,0,38.22165437006813
8811aa0035fffff,55.98945301844242,37.18756336004136,0.0,2.0,1.0,1.0,1.0,0.0,4.0,0.0,37.0,1.0,2.0,4.0,0.0,1.0,0.0,0.0,14.0,80972.88870569225,23432.645305200276,6.0,0.0,0.0,0,37.62670341369663
8811aa0037fffff,55.994349497698714,37.19894294321346,0.0,0.0,1.0,2.0,3.0,0.0,12.0,1.0,61.0,0.0,1.0,0.0,0.0,4.0,0.0,0.0,2.0,143274.66506587184,23432.645305200276,6.0,0.0,0.0,0,37.511523859452005
8811aa0039fffff,56.00114276400354,37.1741738383129,0.0,0.0,1.0,0.0,0.0,0.0,1.0,1.0,9.0,0.0,0.0,0.0,0.0,0.0,0.0,0.0,0.0,40687.884603133796,23432.645305200276,0.0,0.0,0.0,0,39.13587589465099
8811aa003bfffff,56.00604059909977,37.18555380415246,0.0,4.0,0.0,0.0,0.0,0.0,6.0,0.0,0.0,0.0,0.0,2.0,0.0,3.0,0.0,0.0,4.0,0.0,23432.645305200276,7.0,110000.0,4.0,1,39.02820477173066
8811aa003dfffff,55.99284946064591,37.175180911587375,0.0,1.0,6.0,3.0,2.0,4.0,6.0,4.0,43.0,1.0,0.0,4.0,1.0,8.0,0.0,0.0,6.0,227996.86213057872,23432.645305200276,7.0,0.0,0.0,0,38.444313586734104
8811aa0051fffff,56.01961165807836,37.13599935926265,0.0,0.0,0.0,0.0,0.0,0.0,2.0,0.0,0.0,0.0,0.0,0.0,0.0,0.0,0.0,0.0,0.0,0.0,23432.645305200276,0.0,110000.0,1.0,1,42.274707537475855
8811aa0055fffff,56.01132048740977,37.13701432332002,0.0,0.0,0.0,0.0,0.0,0.0,2.0,0.0,1.0,0.0,0.0,2.0,0.0,0.0,0.0,0.0,0.0,174846.19192126565,23432.645305200276,1.0,110000.0,8.0,1,41.58624332537914
8811aa0057fffff,56.01622132908531,37.14838914071467,0.0,0.0,0.0,0.0,0.0,0.0,0.0,0.0,0.0,0.0,0.0,0.0,0.0,0.0,0.0,0.0,0.0,0.0,23432.645305200276,0.0,500000.0,4.0,1,41.460286853264584
8811aa0063fffff,55.986445367060725,37.14005679372033,0.0,0.0,0.0,1.0,0.0,0.0,5.0,1.0,1.0,0.0,0.0,4.0,1.0,1.0,0.0,0.0,2.0,12250.251161992186,23432.645305200276,6.0,0.0,0.0,0,39.578721063560074
8811aa00e1fffff,56.015834318316394,37.20832516838856,1.0,3.0,0.0,1.0,0.0,0.0,10.0,0.0,1.0,0.0,0.0,3.0,0.0,1.0,0.0,0.0,0.0,40745.94242539198,23432.645305200276,3.0,0.0,0.0,0,38.87385081707675
8811aa00e5fffff,56.007539956519,37.20932595074945,1.0,3.0,1.0,4.0,8.0,2.0,12.0,6.0,11.0,1.0,0.0,3.0,5.0,11.0,6.0,0.0,2.0,344556.9959506055,23432.645305200276,11.0,0.0,0.0,0,38.1413618509823
8811aa00e9fffff,56.01923152536395,37.19593430036106,0.0,3.0,0.0,1.0,0.0,0.0,3.0,0.0,0.0,0.0,0.0,1.0,0.0,0.0,0.0,0.0,0.0,38663.90859567373,23432.645305200276,0.0,0.0,0.0,0,39.66851498513139
8811aa00edfffff,56.01093778415691,37.19693758050601,2.0,18.0,6.0,16.0,6.0,1.0,10.0,11.0,5.0,2.0,2.0,6.0,49.0,8.0,2.0,0.0,18.0,401501.53064068867,23432.645305200276,13.0,110000.0,5.0,1,38.94081579165415
8811aa0111fffff,55.95967357625563,37.17920520151023,0.0,1.0,0.0,0.0,0.0,0.0,1.0,0.0,2.0,0.0,0.0,0.0,0.0,0.0,0.0,0.0,0.0,0.0,23432.645305200276,0.0,0.0,4.0,1,35.78375717511713
8811aa0113fffff,55.964569643786895,37.190574697781514,0.0,1.0,1.0,4.0,1.0,0.0,9.0,0.0,3.0,0.0,0.0,3.0,2.0,2.0,0.0,0.0,0.0,114643.35553396732,23432.645305200276,11.0,220000.0,0.0,0,35.601411886059566
8811aa0117fffff,55.956274652626206,37.191577679020334,0.0,0.0,0.0,0.0,0.0,0.0,0.0,0.0,0.0,0.0,0.0,3.0,0.0,0.0,0.0,0.0,0.0,0.0,23432.645305200276,12.0,220000.0,20.0,1,34.94923410006557
8811aa0119fffff,55.963070878143526,37.166831943712786,0.0,0.0,0.0,2.0,0.0,1.0,1.0,1.0,3.0,0.0,0.0,0.0,0.0,0.0,1.0,0.0,6.0,93974.09794746723,23432.645305200276,0.0,0.0,1.0,1,36.61938806123419
8811aa011bfffff,55.96796794731242,37.17819972902953,0.0,0.0,0.0,0.0,2.0,0.0,8.0,0.0,1.0,0.0,0.0,5.0,0.0,1.0,0.0,0.0,0.0,7218.843314910028,23432.645305200276,14.0,220000.0,4.0,1,36.43187112381957
8811aa011dfffff,55.9547768612988,37.16783950705503,0.0,0.0,0.0,0.0,0.0,0.0,0.0,0.0,0.0,0.0,0.0,0.0,0.0,0.0,0.0,0.0,4.0,0.0,23432.645305200276,0.0,0.0,0.0,0,35.98743529796621
8811aa0151fffff,55.96156784138241,37.143095636502814,0.0,0.0,0.0,0.0,0.0,0.0,0.0,0.0,0.0,0.0,0.0,0.0,0.0,0.0,0.0,0.0,0.0,0.0,23432.645305200276,0.0,0.0,3.0,1,37.6687660827774
8811aa0153fffff,55.96646655827367,37.15445790670838,0.0,0.0,2.0,9.0,7.0,8.0,7.0,6.0,22.0,0.0,0.0,13.0,5.0,8.0,0.0,0.0,6.0,758850.7886592876,23432.645305200276,23.0,500000.0,7.0,1,37.45604595999393
8811aa0157fffff,55.95817316205487,37.15546796073349,0.0,0.0,0.0,0.0,0.0,0.0,0.0,0.0,0.0,0.0,0.0,0.0,0.0,0.0,0.0,0.0,2.0,0.0,23432.645305200276,0.0,0.0,1.0,1,36.827694879624865
8811aa015bfffff,55.96986061663021,37.142083091577796,0.0,1.0,0.0,0.0,0.0,0.0,1.0,0.0,0.0,0.0,0.0,2.0,0.0,0.0,0.0,0.0,0.0,0.0,23432.645305200276,6.0,500000.0,0.0,0,38.293657046509495
8811aa0183fffff,55.980743483994296,37.24847174179992,0.0,10.0,0.0,0.0,0.0,0.0,4.0,1.0,1.0,0.0,1.0,5.0,0.0,0.0,0.0,0.0,0.0,70367.91301279262,23432.645305200276,11.0,0.0,0.0,0,34.289942437888364
8811aa0189fffff,55.97925395325743,37.22470600760964,0.0,0.0,0.0,0.0,0.0,0.0,0.0,0.0,0.0,0.0,0.0,0.0,0.0,0.0,0.0,0.0,0.0,29498.52675063559,23432.645305200276,0.0,0.0,0.0,0,35.185552026169304
8811aa018bfffff,55.984147422514745,37.236090721260446,2.0,1.0,0.0,7.0,10.0,0.0,10.0,0.0,4.0,0.0,0.0,6.0,3.0,6.0,0.0,0.0,2.0,123871.2578187567,23432.645305200276,10.0,0.0,0.0,0,35.09153982579548
8811aa0191fffff,55.99393240503096,37.258871570184695,0.0,9.0,0.0,2.0,1.0,0.0,6.0,1.0,3.0,0.0,0.0,1.0,0.0,3.0,0.0,0.0,0.0,111327.95824712604,23432.645305200276,7.0,0.0,0.0,0,34.971604228200896
8811aa0195fffff,55.985635297042144,37.259861969347206,0.0,2.0,0.0,0.0,0.0,0.0,1.0,0.0,0.0,0.0,0.0,2.0,0.0,0.0,0.0,0.0,0.0,0.0,23432.645305200276,0.0,0.0,0.0,0,34.22689052787996
8811aa0199fffff,55.99733672900896,37.24648634672253,0.0,2.0,0.0,2.0,0.0,0.0,4.0,0.0,0.0,0.0,0.0,3.0,0.0,0.0,0.0,0.0,0.0,129794.55666194862,23432.645305200276,2.0,0.0,0.0,0,35.75944724681019
8811aa019dfffff,55.989040240058806,37.24747924178232,0.0,2.0,2.0,0.0,0.0,0.0,2.0,1.0,1.0,0.0,0.0,2.0,0.0,0.0,0.0,0.0,0.0,33868.564004314474,23432.645305200276,2.0,0.0,0.0,0,35.0201757944931
8811aa01b9fffff,55.977337922106976,37.26085197446569,0.0,7.0,0.0,0.0,0.0,0.0,2.0,0.0,1.0,0.0,1.0,8.0,0.0,0.0,0.0,0.0,0.0,0.0,23432.645305200276,10.0,0.0,0.0,0,33.49119291962122
8811aa01bbfffff,55.982228730330604,37.272243907734115,0.0,0.0,0.0,0.0,0.0,0.0,0.0,0.0,0.0,0.0,0.0,0.0,0.0,0.0,0.0,0.0,0.0,0.0,23432.645305200276,2.0,0.0,0.0,0,33.43685838499961
8811aa01bdfffff,55.96904028056803,37.26184158577466,0.0,0.0,0.0,0.0,0.0,0.0,0.0,0.0,0.0,0.0,0.0,2.0,0.0,0.0,0.0,0.0,0.0,0.0,23432.645305200276,1.0,0.0,0.0,0,32.76512111598294
8811aa01c1fffff,55.97776014146367,37.20094671072791,0.0,0.0,0.0,1.0,0.0,0.0,8.0,0.0,24.0,0.0,0.0,0.0,0.0,0.0,1.0,0.0,0.0,43271.574197473725,23432.645305200276,0.0,110000.0,15.0,1,36.120488075281656
8811aa01c3fffff,55.982655264731505,37.212325909134485,4.0,0.0,0.0,2.0,1.0,0.0,8.0,8.0,41.0,0.0,0.0,6.0,1.0,2.0,1.0,0.0,2.0,400346.32962535013,23432.645305200276,9.0,0.0,0.0,0,35.99718354768101
8811aa01c5fffff,55.969465063035784,37.20194799688091,0.0,1.0,0.0,0.0,0.0,0.0,7.0,0.0,0.0,0.0,0.0,6.0,0.0,0.0,0.0,0.0,0.0,67053.16372642071,23432.645305200276,10.0,110000.0,10.0,1,35.44073429200815
8811aa01c7fffff,55.97435983314514,37.21332509981995,0.0,0.0,0.0,0.0,0.0,0.0,7.0,0.0,0.0,0.0,0.0,0.0,0.0,1.0,0.0,0.0,0.0,62746.94636350033,23432.645305200276,0.0,0.0,2.0,1,35.30202585874673
8811aa01c9fffff,55.98115882703746,37.188567538529455,0.0,6.0,2.0,10.0,11.0,1.0,21.0,9.0,48.0,2.0,2.0,4.0,8.0,16.0,1.0,0.0,8.0,502655.97131016623,23432.645305200276,8.0,0.0,0.0,0,36.94077159836834
8811aa01cbfffff,55.98605495313211,37.199945026251136,4.0,3.0,0.0,3.0,0.0,0.0,1.0,0.0,15.0,0.0,0.0,0.0,0.0,2.0,0.0,0.0,12.0,0.0,23432.645305200276,0.0,0.0,0.0,0,36.810949036940634
8811aa01cdfffff,55.97286436870481,37.189571317696995,0.0,8.0,1.0,1.0,0.0,0.0,7.0,3.0,12.0,0.0,1.0,10.0,5.0,3.0,0.0,0.0,0.0,192442.2859317783,23432.645305200276,16.0,0.0,0.0,0,36.26547201773723
8811aa01d1fffff,55.99584525493565,37.22271142344471,3.0,7.0,0.0,14.0,4.0,1.0,13.0,7.0,34.0,1.0,0.0,7.0,7.0,14.0,0.0,0.0,6.0,218503.3030007812,23432.645305200276,17.0,0.0,0.0,0,36.615631862350746
8811aa01d3fffff,56.000739428927965,37.234100334940855,0.0,4.0,0.0,4.0,3.0,0.0,5.0,0.0,4.0,0.0,0.0,5.0,6.0,4.0,0.0,0.0,0.0,203913.99376564793,23432.645305200276,4.0,0.0,0.0,0,36.55049181208337
8811aa01d5fffff,55.98754973765053,37.22370891392842,4.0,3.0,0.0,9.0,4.0,1.0,9.0,5.0,54.0,0.0,0.0,7.0,13.0,11.0,1.0,0.0,2.0,680439.8015763545,23432.645305200276,14.0,0.0,0.0,0,35.89578735202473
8811aa01d7fffff,55.99244355936253,37.23509572612088,0.0,0.0,0.0,1.0,0.0,0.0,5.0,1.0,5.0,0.0,1.0,0.0,0.0,0.0,0.0,1.0,0.0,146249.77588918616,23432.645305200276,6.0,0.0,0.0,0,35.81649107121828
8811aa01d9fffff,55.99924532676082,37.21032633483604,2.0,1.0,2.0,24.0,20.0,1.0,16.0,13.0,82.0,2.0,3.0,8.0,32.0,20.0,3.0,0.0,16.0,421246.26382909855,23432.645305200276,21.0,0.0,0.0,0,37.417410469480565
8811aa01dbfffff,56.00414050477038,37.2217135359222,0.0,0.0,0.0,0.0,0.0,0.0,0.0,2.0,2.0,1.0,0.0,0.0,0.0,0.0,0.0,0.0,4.0,0.0,23432.645305200276,0.0,0.0,0.0,0,37.344527801373424
8811aa01ddfffff,55.99095042938421,37.21132632088541,5.0,2.0,0.0,4.0,3.0,1.0,13.0,3.0,66.0,0.0,0.0,5.0,7.0,15.0,0.0,1.0,4.0,594298.2734301498,23432.645305200276,10.0,0.0,0.0,0,36.70250401215655
8811aa01e5fffff,55.94947194020929,37.21632028885913,0.0,2.0,0.0,0.0,0.0,0.0,0.0,0.0,2.0,0.0,0.0,1.0,0.0,0.0,0.0,0.0,0.0,29917.31878940382,23432.645305200276,0.0,110000.0,9.0,1,33.28387453522654
8811aa01e9fffff,55.96116971819097,37.20294888494707,0.0,0.0,0.0,0.0,0.0,0.0,0.0,0.0,2.0,0.0,0.0,3.0,0.0,0.0,0.0,0.0,0.0,10296.54868004084,23432.645305200276,2.0,110000.0,6.0,1,34.77231785939824
8811aa01edfffff,55.95287410727179,37.20394937516314,0.0,0.0,0.0,0.0,0.0,0.0,3.0,0.0,0.0,0.0,0.0,2.0,0.0,0.0,0.0,0.0,0.0,0.0,23432.645305200276,3.0,110000.0,6.0,1,34.11590743670638
8811aa0897fffff,55.908519448857966,37.36470983000093,0.0,0.0,0.0,0.0,0.0,0.0,0.0,1.0,0.0,0.0,0.0,3.0,0.0,0.0,0.0,0.0,0.0,0.0,23432.645305200276,2.0,0.0,0.0,0,23.454224696775857
8811aa08a5fffff,55.865541117525545,37.34581666366591,0.0,1.0,0.0,0.0,0.0,0.0,0.0,0.0,0.0,0.0,0.0,0.0,0.0,0.0,0.0,0.0,0.0,40371.729766278,23432.645305200276,2.0,220000.0,2.0,1,21.103976940906534
8811aa08b3fffff,55.89679168669977,37.37803572943591,0.0,0.0,2.0,0.0,0.0,0.0,0.0,1.0,0.0,0.0,0.0,4.0,0.0,1.0,0.0,0.0,0.0,0.0,23432.645305200276,6.0,0.0,0.0,0,21.928501317586825
8811aa08b5fffff,55.88360696006824,37.367611904296396,0.0,0.0,0.0,0.0,0.0,0.0,0.0,0.0,1.0,0.0,0.0,0.0,0.0,0.0,0.0,0.0,0.0,0.0,23432.645305200276,0.0,0.0,0.0,0,21.347424524782852
8811aa08b7fffff,55.888486909079795,37.3790006015606,1.0,0.0,0.0,0.0,0.0,0.0,2.0,0.0,8.0,0.0,0.0,2.0,0.0,0.0,0.0,0.0,0.0,0.0,23432.645305200276,4.0,0.0,0.0,0,21.21774312866035
8811aa08bbfffff,55.90021554901413,37.36567757248008,0.0,0.0,1.0,0.0,0.0,0.0,0.0,0.0,0.0,0.0,0.0,0.0,0.0,0.0,0.0,0.0,0.0,0.0,23432.645305200276,0.0,0.0,0.0,0,22.735915715320633
8811aa0931fffff,55.799611855793756,37.29387875653001,2.0,2.0,0.0,4.0,0.0,0.0,1.0,0.0,1.0,1.0,0.0,2.0,2.0,5.0,0.0,0.0,2.0,939986.0960840579,23432.645305200276,11.0,110000.0,5.0,1,20.867745698038128
8811aa0933fffff,55.804494235577515,37.30522841961935,0.0,0.0,0.0,2.0,0.0,0.0,0.0,1.0,0.0,1.0,0.0,0.0,2.0,0.0,0.0,0.0,2.0,602162.5192591096,23432.645305200276,5.0,500000.0,2.0,1,20.327290268087
8811aa0937fffff,55.796190104381054,37.30620525622299,0.0,1.0,0.0,0.0,0.0,0.0,1.0,0.0,1.0,0.0,0.0,0.0,0.0,0.0,0.0,0.0,0.0,0.0,23432.645305200276,0.0,0.0,1.0,1,20.024577785039803
8811aa0981fffff,55.835747101898555,37.33735776222358,0.0,0.0,0.0,0.0,0.0,0.0,0.0,0.0,0.0,0.0,0.0,2.0,0.0,0.0,0.0,0.0,0.0,0.0,23432.645305200276,2.0,0.0,0.0,0,19.77668366856333
8811aa0983fffff,55.840627597283266,37.34872671386463,3.0,8.0,2.0,12.0,10.0,2.0,25.0,11.0,41.0,6.0,2.0,10.0,13.0,13.0,2.0,0.0,12.0,463786.89237680135,23432.645305200276,23.0,0.0,0.0,0,19.41916732628109
8811aa0987fffff,55.83232256850085,37.349695961070346,2.0,17.0,1.0,4.0,7.0,0.0,7.0,11.0,30.0,4.0,3.0,13.0,12.0,9.0,1.0,0.0,10.0,288564.9364749986,23432.645305200276,16.0,0.0,0.0,0,18.915059446895132
8811aa098bfffff,55.84405151641344,37.33638603636451,0.0,0.0,0.0,0.0,0.0,0.0,1.0,1.0,5.0,0.0,0.0,0.0,0.0,0.0,0.0,0.0,0.0,38950.37366868448,23432.645305200276,2.0,500000.0,1.0,1,20.27903496633863
8811aa0991fffff,55.85381256297716,37.359131910459446,2.0,2.0,3.0,15.0,21.0,3.0,18.0,13.0,65.0,3.0,1.0,18.0,22.0,17.0,1.0,0.0,20.0,163999.9278733109,23432.645305200276,29.0,0.0,3.0,1,19.663570902348486
8811aa0993fffff,55.858692108657145,37.37051052259074,0.0,4.0,2.0,7.0,3.0,1.0,2.0,5.0,28.0,1.0,1.0,2.0,6.0,4.0,0.0,0.0,4.0,118930.55467544493,23432.645305200276,3.0,220000.0,2.0,1,19.410601903258755
8811aa0995fffff,55.84550744185668,37.36009944671101,16.0,9.0,7.0,67.0,34.0,0.0,27.0,37.0,82.0,17.0,7.0,22.0,119.0,68.0,1.0,0.0,80.0,469423.69645225216,23432.645305200276,23.0,0.0,0.0,0,19.09699566998004
8811aa0997fffff,55.85038663476348,37.37147596175286,1.0,4.0,0.0,16.0,4.0,3.0,6.0,7.0,22.0,4.0,1.0,6.0,9.0,5.0,1.0,0.0,8.0,268237.56940691994,23432.645305200276,16.0,0.0,4.0,1,18.81199525514704
8811aa0999fffff,55.85723687213939,37.34678706539092,2.0,9.0,2.0,12.0,10.0,2.0,8.0,11.0,39.0,5.0,1.0,9.0,21.0,18.0,0.0,0.0,26.0,727526.2600991654,23432.645305200276,18.0,500000.0,7.0,1,20.515930279428552
8811aa099bfffff,55.86211742279036,37.3581639901295,0.0,0.0,0.0,0.0,0.0,0.0,3.0,0.0,1.0,0.0,0.0,3.0,2.0,0.0,0.0,0.0,0.0,143775.89516568993,23432.645305200276,3.0,220000.0,2.0,1,20.256690394201673
8811aa099dfffff,55.848932365277385,37.34775708204763,6.0,6.0,2.0,34.0,18.0,1.0,29.0,23.0,73.0,16.0,4.0,7.0,46.0,33.0,2.0,0.0,54.0,406879.54546839197,23432.645305200276,21.0,0.0,0.0,0,19.953581560823505
8811aa09a3fffff,55.820590514089965,37.36299975327477,0.0,0.0,0.0,0.0,0.0,0.0,0.0,0.0,0.0,0.0,0.0,1.0,0.0,0.0,0.0,0.0,0.0,0.0,23432.645305200276,1.0,0.0,0.0,0,17.581657249404287
8811aa09a5fffff,55.807405920862635,37.35260139730127,0.0,0.0,0.0,0.0,1.0,0.0,0.0,0.0,0.0,0.0,0.0,0.0,0.0,1.0,0.0,0.0,0.0,2692.4384538631393,23432.645305200276,0.0,0.0,0.0,0,17.60987940914784
8811aa09abfffff,55.82401727927398,37.35066482389302,1.0,7.0,1.0,2.0,0.0,2.0,0.0,3.0,16.0,2.0,0.0,4.0,7.0,5.0,0.0,0.0,2.0,63522.0826218295,23432.645305200276,6.0,220000.0,6.0,1,18.443747193861974
8811aa09b1fffff,55.833774903903894,37.373405691038975,3.0,0.0,0.0,1.0,1.0,0.0,12.0,3.0,134.0,25.0,0.0,0.0,4.0,0.0,0.0,0.0,4.0,81918.26057047179,23432.645305200276,0.0,220000.0,5.0,1,17.699761444759492
8811aa09b3fffff,55.838652738922896,37.38478179432534,8.0,4.0,3.0,19.0,21.0,2.0,10.0,17.0,117.0,9.0,3.0,14.0,35.0,31.0,0.0,0.0,28.0,594599.8080739009,23432.645305200276,35.0,220000.0,6.0,1,17.385155100642997
8811aa09b5fffff,55.82546864762573,37.374369981617654,0.0,0.0,0.0,1.0,0.0,0.0,3.0,0.0,0.0,0.0,0.0,2.0,0.0,0.0,0.0,0.0,0.0,98643.61276015366,23432.645305200276,4.0,0.0,0.0,0,17.19164179443042
8811aa09b7fffff,55.83034612969903,37.3857439885769,1.0,1.0,0.0,2.0,0.0,0.0,2.0,0.0,4.0,3.0,0.0,1.0,6.0,1.0,0.0,0.0,0.0,140207.91435533014,23432.645305200276,4.0,110000.0,2.0,1,16.840286365399052
8811aa09b9fffff,55.83720205977275,37.361066599112235,1.0,9.0,0.0,13.0,8.0,0.0,14.0,14.0,88.0,18.0,3.0,8.0,12.0,16.0,0.0,1.0,14.0,148870.1160348117,23432.645305200276,11.0,220000.0,3.0,1,18.55939993329618
8811aa09bbfffff,55.84208089973111,37.37244101782645,4.0,18.0,7.0,20.0,15.0,1.0,14.0,42.0,84.0,11.0,1.0,8.0,13.0,14.0,0.0,0.0,14.0,591764.3313262529,23432.645305200276,28.0,0.0,0.0,0,18.240828145543844
8811aa09bdfffff,55.82889641706921,37.362033367890945,5.0,7.0,0.0,0.0,2.0,0.0,3.0,2.0,20.0,5.0,0.0,4.0,4.0,8.0,0.0,0.0,10.0,72697.89835907132,23432.645305200276,7.0,0.0,3.0,1,18.053376923528788
8811aa09d7fffff,55.85235566997128,37.33541392490531,0.0,1.0,0.0,0.0,0.0,0.0,0.0,0.0,1.0,1.0,0.0,1.0,0.0,0.0,0.0,0.0,0.0,0.0,23432.645305200276,3.0,500000.0,2.0,1,20.810522206773392
8811aa0d01fffff,55.928039524851194,37.410312621467504,0.0,0.0,0.0,0.0,0.0,0.0,1.0,0.0,0.0,0.0,0.0,0.0,0.0,0.0,0.0,0.0,0.0,0.0,23432.645305200276,0.0,0.0,0.0,0,23.42436482977814
8811aa0d09fffff,55.931465180168765,37.39794441863452,0.0,0.0,0.0,0.0,0.0,0.0,0.0,0.0,0.0,0.0,0.0,0.0,0.0,0.0,0.0,0.0,0.0,91348.44953336968,23432.645305200276,0.0,110000.0,5.0,1,24.172222216401316
8811aa0d0bfffff,55.9363445637945,37.40935291935628,0.0,0.0,0.0,0.0,0.0,0.0,1.0,0.0,0.0,0.0,0.0,2.0,0.0,0.0,0.0,0.0,0.0,0.0,23432.645305200276,0.0,110000.0,1.0,1,24.233800684025457
8811aa0d0dfffff,55.92316049135432,37.39890622930819,0.0,0.0,0.0,0.0,0.0,0.0,1.0,0.0,0.0,0.0,0.0,2.0,0.0,0.0,0.0,0.0,0.0,91348.44953336968,23432.645305200276,0.0,110000.0,2.0,1,23.380347336695948
8811aa0d19fffff,55.94952841258485,37.41980724637118,0.0,0.0,0.0,0.0,0.0,1.0,2.0,0.0,5.0,1.0,0.0,0.0,0.0,0.0,0.0,0.0,4.0,1009014.4194894618,23432.645305200276,2.0,110000.0,3.0,1,25.161049991802212
8811aa0d41fffff,55.93000816342127,37.37417240402012,0.0,0.0,0.0,0.0,0.0,0.0,3.0,0.0,3.0,0.0,0.0,2.0,0.0,0.0,0.0,0.0,2.0,19985.380594204442,23432.645305200276,3.0,220000.0,6.0,1,24.913581865495583
8811aa0d43fffff,55.93488921270741,37.38557541521863,0.0,2.0,3.0,3.0,1.0,0.0,0.0,0.0,0.0,0.0,0.0,0.0,1.0,2.0,0.0,0.0,2.0,0.0,23432.645305200276,0.0,0.0,0.0,0,24.927371532143642
8811aa0d45fffff,55.921704439991515,37.37513881136817,0.0,2.0,0.0,0.0,0.0,0.0,3.0,0.0,1.0,0.0,0.0,2.0,0.0,0.0,0.0,0.0,0.0,9653.46474242647,23432.645305200276,3.0,220000.0,10.0,1,24.14861981924277
8811aa0d47fffff,55.92658513861474,37.386539716302956,1.0,1.0,0.0,0.0,0.0,0.0,2.0,0.0,3.0,1.0,0.0,3.0,2.0,1.0,0.0,0.0,2.0,9653.46474242647,23432.645305200276,2.0,0.0,0.0,0,24.143792294940056
8811aa0d49fffff,55.933429565752085,37.361804293534746,0.0,0.0,0.0,0.0,0.0,0.0,1.0,0.0,0.0,0.0,0.0,0.0,0.0,0.0,0.0,0.0,0.0,0.0,23432.645305200276,0.0,220000.0,6.0,1,25.689136006815232
8811aa0d4bfffff,55.93831162244505,37.3732056122951,0.0,4.0,0.0,0.0,0.0,0.0,1.0,0.0,3.0,0.0,0.0,2.0,0.0,0.0,0.0,0.0,0.0,148248.37952688892,23432.645305200276,0.0,0.0,0.0,0,25.689160044191052
8811aa0d4dfffff,55.925126457570286,37.36277319075722,0.0,1.0,0.0,0.0,0.0,0.0,2.0,0.0,0.0,1.0,0.0,1.0,0.0,0.0,0.0,0.0,0.0,0.0,23432.645305200276,0.0,220000.0,2.0,1,24.932022225523987
8811aa0d53fffff,55.95295384757066,37.40743236937236,0.0,0.0,0.0,0.0,0.0,0.0,1.0,0.0,0.0,0.0,0.0,0.0,0.0,0.0,1.0,0.0,0.0,60583.556548769615,23432.645305200276,0.0,0.0,0.0,0,25.876197749780847
8811aa0d57fffff,55.94464933814876,37.40839283540037,0.0,5.0,0.0,3.0,0.0,0.0,0.0,0.0,0.0,0.0,0.0,3.0,0.0,0.0,0.0,0.0,0.0,237828.18744286703,23432.645305200276,3.0,110000.0,1.0,1,25.05133518300848
8811aa0d5dfffff,55.943193022218715,37.384610730524706,0.0,0.0,0.0,0.0,0.0,0.0,0.0,1.0,0.0,0.0,0.0,1.0,0.0,0.0,0.0,0.0,0.0,0.0,23432.645305200276,1.0,0.0,0.0,0,25.720434336586926
8811aa0d61fffff,55.909976198058615,37.38846716855547,0.0,3.0,1.0,0.0,1.0,0.0,1.0,1.0,3.0,1.0,0.0,4.0,0.0,3.0,0.0,0.0,0.0,150230.95523145082,23432.645305200276,13.0,0.0,0.0,0,22.609030697726574
8811aa0d63fffff,55.91485553846974,37.39986765759598,0.0,0.0,0.0,0.0,0.0,0.0,0.0,0.0,0.0,0.0,0.0,0.0,0.0,0.0,0.0,0.0,0.0,0.0,23432.645305200276,0.0,220000.0,0.0,0,22.59869676630894
8811aa0d65fffff,55.90167133228196,37.3894303201796,0.0,4.0,2.0,7.0,4.0,0.0,3.0,6.0,19.0,0.0,1.0,9.0,5.0,10.0,0.0,0.0,10.0,209295.6580923419,23432.645305200276,20.0,0.0,0.0,0,21.860130007423756
8811aa0d69fffff,55.91340045249908,37.376104834567876,0.0,0.0,0.0,0.0,0.0,0.0,1.0,0.0,0.0,0.0,0.0,4.0,0.0,0.0,0.0,0.0,0.0,12344.539727133568,23432.645305200276,2.0,0.0,0.0,0,23.39531856906502
8811aa0d6bfffff,55.918280800284016,37.38750363400588,0.0,0.0,0.0,1.0,0.0,0.0,0.0,0.0,0.0,0.0,0.0,4.0,1.0,0.0,0.0,0.0,0.0,77588.39989355979,23432.645305200276,5.0,220000.0,6.0,1,23.37065384254166
8811aa0d6dfffff,55.90509620128736,37.3770704738477,0.0,1.0,0.0,0.0,0.0,0.0,1.0,1.0,3.0,0.0,0.0,0.0,1.0,0.0,0.0,0.0,0.0,0.0,23432.645305200276,0.0,0.0,0.0,0,22.654844739437753
8811aa0da7fffff,55.938685742428255,37.5169000523979,0.0,0.0,0.0,0.0,0.0,2.0,0.0,0.0,0.0,0.0,0.0,4.0,0.0,0.0,0.0,0.0,0.0,0.0,23432.645305200276,4.0,0.0,0.0,0,21.664110167367447
8811aa0f21fffff,55.93196562625568,37.338039559915266,0.0,0.0,0.0,0.0,0.0,0.0,2.0,1.0,0.0,0.0,0.0,0.0,0.0,0.0,0.0,0.0,0.0,0.0,23432.645305200276,0.0,220000.0,3.0,1,26.513167899708755
8811aa0f23fffff,55.9368493455857,37.3494353859223,0.0,0.0,0.0,0.0,0.0,0.0,0.0,0.0,1.0,0.0,0.0,5.0,0.0,0.0,0.0,0.0,0.0,185019.18520067993,23432.645305200276,2.0,220000.0,8.0,1,26.46993862448918
8811aa0f27fffff,55.92854685299875,37.35040677324783,0.0,0.0,0.0,0.0,0.0,0.0,4.0,0.0,3.0,0.0,0.0,2.0,0.0,0.0,0.0,0.0,0.0,0.0,23432.645305200276,3.0,0.0,0.0,0,25.720354633942627
8811aa0f2bfffff,55.94026750290097,37.33706568225869,0.0,0.0,0.0,0.0,0.0,0.0,0.0,0.0,0.0,0.0,0.0,2.0,0.0,0.0,0.0,0.0,0.0,0.0,23432.645305200276,1.0,110000.0,1.0,1,27.255529521918525
8811aa0f31fffff,55.9500349880507,37.359865342742424,0.0,1.0,0.0,0.0,0.0,0.0,0.0,1.0,1.0,0.0,0.0,1.0,0.0,0.0,0.0,0.0,0.0,0.0,23432.645305200276,0.0,0.0,0.0,0,27.23471625396125
8811aa0f35fffff,55.94173240935995,37.36083501093962,0.0,7.0,0.0,5.0,0.0,0.0,6.0,0.0,7.0,0.0,0.0,4.0,0.0,1.0,0.0,0.0,2.0,0.0,23432.645305200276,10.0,0.0,0.0,0,26.457004854720555
8811aa0f39fffff,55.95345353619074,37.347491451935966,0.0,2.0,0.0,0.0,0.0,0.0,3.0,0.0,0.0,0.0,0.0,1.0,0.0,0.0,0.0,0.0,0.0,44329.29754165475,23432.645305200276,0.0,0.0,0.0,0,28.000804555434065
8811aa0f3dfffff,55.945151573430735,37.34846361222834,0.0,0.0,0.0,0.0,4.0,0.0,1.0,0.0,1.0,0.0,0.0,3.0,0.0,4.0,0.0,0.0,0.0,61640.849238421244,23432.645305200276,10.0,0.0,0.0,0,27.230384498770327
8811aa4001fffff,55.59300519494679,37.199516353292374,0.0,0.0,0.0,0.0,0.0,0.0,0.0,0.0,0.0,0.0,0.0,0.0,1.0,1.0,0.0,0.0,0.0,26036.08496651801,23432.645305200276,2.0,0.0,0.0,0,31.615059649926685
8811aa4003fffff,55.5978871457086,37.21078911581998,0.0,1.0,0.0,4.0,3.0,0.0,3.0,1.0,2.0,0.0,1.0,3.0,5.0,8.0,0.0,0.0,14.0,29792.27182419067,23432.645305200276,7.0,0.0,0.0,0,30.721753278762733
8811aa4005fffff,55.584700165815285,37.20050857984757,0.0,1.0,0.0,1.0,0.0,0.0,0.0,1.0,0.0,0.0,0.0,2.0,0.0,2.0,0.0,0.0,0.0,0.0,23432.645305200276,2.0,0.0,0.0,0,32.09396899606607
8811aa4007fffff,55.58958175435942,37.211779285938185,0.0,7.0,0.0,0.0,0.0,0.0,2.0,0.0,0.0,0.0,0.0,0.0,1.0,2.0,0.0,0.0,4.0,364836.74350601353,23432.645305200276,2.0,0.0,0.0,0,31.19969784452795
8811aa400bfffff,55.6013099731419,37.1985237357022,0.0,6.0,0.0,0.0,0.0,0.0,1.0,1.0,1.0,1.0,0.0,4.0,2.0,1.0,0.0,0.0,6.0,0.0,23432.645305200276,4.0,0.0,0.0,0,31.15637402089829
8811aa400dfffff,55.58812261346274,37.18824732548668,0.0,1.0,0.0,1.0,1.0,0.0,1.0,0.0,0.0,1.0,0.0,2.0,3.0,2.0,0.0,0.0,0.0,0.0,23432.645305200276,1.0,0.0,0.0,0,32.508367792791574
8811aa4011fffff,55.611073966839434,37.22107711231012,0.0,0.0,0.0,0.0,0.0,0.0,6.0,0.0,1.0,1.0,0.0,0.0,0.0,0.0,0.0,0.0,0.0,0.0,23432.645305200276,0.0,0.0,0.0,0,29.373054987840003
8811aa4013fffff,55.61595501497354,37.232359407398995,0.0,0.0,0.0,0.0,0.0,0.0,0.0,2.0,0.0,0.0,0.0,0.0,0.0,0.0,0.0,0.0,0.0,0.0,23432.645305200276,0.0,0.0,0.0,0,28.48157382059742
8811aa4019fffff,55.614497174730694,37.20880760446551,0.0,0.0,0.0,0.0,0.0,0.0,0.0,0.0,1.0,0.0,0.0,3.0,2.0,1.0,0.0,0.0,0.0,13919.786840124094,23432.645305200276,0.0,0.0,0.0,0,29.82937651859418
8811aa401bfffff,55.61937921714506,37.22008822078111,0.0,0.0,0.0,0.0,0.0,0.0,1.0,0.0,0.0,0.0,0.0,1.0,0.0,0.0,0.0,0.0,0.0,5066.383024545003,23432.645305200276,1.0,0.0,0.0,0,28.940188231874604
8811aa401dfffff,55.60619228594738,37.209798555405825,0.0,0.0,0.0,0.0,0.0,0.0,1.0,0.0,0.0,0.0,0.0,0.0,0.0,0.0,0.0,0.0,0.0,0.0,23432.645305200276,0.0,0.0,0.0,0,30.264660768253936
8811aa4023fffff,55.57785045277234,37.22502878286492,0.0,0.0,0.0,0.0,0.0,0.0,0.0,0.0,0.0,0.0,0.0,0.0,0.0,0.0,0.0,0.0,0.0,0.0,23432.645305200276,1.0,0.0,0.0,0,31.31981204270068
8811aa4029fffff,55.57639488609248,37.20150041559822,0.0,0.0,0.0,0.0,0.0,0.0,1.0,0.0,0.0,2.0,0.0,0.0,0.0,0.0,0.0,0.0,0.0,198050.60487753508,23432.645305200276,0.0,0.0,0.0,0,32.592212754394794
8811aa402bfffff,55.58127611224495,37.212769065990486,0.0,0.0,0.0,0.0,0.0,0.0,0.0,0.0,0.0,0.0,0.0,2.0,0.0,0.0,0.0,0.0,0.0,0.0,23432.645305200276,0.0,0.0,0.0,0,31.697553488163354
8811aa402dfffff,55.56808935612357,37.20249186077458,0.0,0.0,0.0,0.0,0.0,0.0,0.0,0.0,0.0,0.0,0.0,2.0,0.0,0.0,0.0,0.0,0.0,0.0,23432.645305200276,0.0,0.0,0.0,0,33.108920212718026
8811aa4031fffff,55.591036671090656,37.235317565912005,0.0,1.0,0.0,1.0,0.0,1.0,1.0,0.0,0.0,0.0,0.0,4.0,0.0,1.0,0.0,0.0,0.0,362329.40579480137,23432.645305200276,12.0,0.0,0.0,0,29.90801399692934
8811aa4033fffff,55.595916002096125,37.24659741740459,0.0,1.0,0.0,0.0,0.0,0.0,1.0,0.0,0.0,1.0,0.0,2.0,1.0,0.0,0.0,0.0,0.0,284720.7293120067,23432.645305200276,3.0,0.0,0.0,0,29.013133991530324
8811aa4035fffff,55.58273005446609,37.236302841730385,0.0,4.0,0.0,1.0,0.0,0.0,1.0,0.0,2.0,0.0,0.0,2.0,0.0,0.0,0.0,0.0,0.0,0.0,23432.645305200276,1.0,0.0,0.0,0,30.4251592378809
8811aa4037fffff,55.587609023947834,37.24758063378388,0.0,0.0,0.0,0.0,0.0,0.0,2.0,0.0,0.0,0.0,0.0,0.0,0.0,0.0,0.0,0.0,0.0,0.0,23432.645305200276,0.0,0.0,0.0,0,29.53044171718561
8811aa4039fffff,55.594462711684606,37.22305372624037,0.0,1.0,0.0,0.0,0.0,1.0,1.0,1.0,0.0,0.0,0.0,3.0,0.0,1.0,0.0,0.0,0.0,1816.5820458587104,23432.645305200276,1.0,0.0,0.0,0,30.30537651103173
8811aa403bfffff,55.59934303694686,37.234331901736724,0.0,0.0,0.0,0.0,0.0,0.0,0.0,0.0,1.0,1.0,0.0,0.0,0.0,0.0,0.0,0.0,0.0,0.0,23432.645305200276,0.0,0.0,0.0,0,29.41100724739877
8811aa403dfffff,55.58615670752558,37.2240414491011,0.0,0.0,0.0,0.0,0.0,0.0,1.0,0.0,0.0,0.0,0.0,2.0,1.0,0.0,0.0,0.0,4.0,9638.020225621178,23432.645305200276,0.0,0.0,0.0,0,30.802820534036083
8811aa4041fffff,55.59496269090837,37.16372251631508,1.0,3.0,0.0,5.0,0.0,0.0,5.0,5.0,13.0,3.0,1.0,6.0,3.0,9.0,2.0,0.0,6.0,13916.34709148749,23432.645305200276,10.0,0.0,0.0,0,33.38837819226243
8811aa4043fffff,55.59984725730049,37.1749881837571,2.0,5.0,1.0,3.0,2.0,0.0,1.0,2.0,13.0,0.0,0.0,4.0,3.0,3.0,0.0,0.0,4.0,165654.40566096036,23432.645305200276,9.0,0.0,0.0,0,32.49833978539104
8811aa4045fffff,55.58665925168496,37.1647216899485,0.0,0.0,0.0,1.0,1.0,0.0,1.0,0.0,0.0,0.0,0.0,1.0,0.0,2.0,0.0,0.0,2.0,331235.11799799115,23432.645305200276,4.0,0.0,0.0,0,33.83201426210761
8811aa4047fffff,55.59154345516706,37.17598530395873,0.0,0.0,0.0,0.0,0.0,0.0,0.0,0.0,0.0,0.0,0.0,0.0,0.0,0.0,0.0,0.0,0.0,28311.506215159417,23432.645305200276,0.0,0.0,0.0,0,32.94006364263198
8811aa4049fffff,55.59838032066707,37.151458963607475,0.0,0.0,1.0,0.0,0.0,0.0,0.0,1.0,1.0,1.0,0.0,1.0,0.0,2.0,0.0,0.0,0.0,0.0,23432.645305200276,0.0,0.0,2.0,1,33.852643867032775
8811aa404bfffff,55.60326587902687,37.162722948971215,3.0,8.0,1.0,8.0,4.0,0.0,8.0,11.0,61.0,3.0,5.0,6.0,24.0,24.0,0.0,0.0,30.0,281491.61376774765,23432.645305200276,30.0,35000.0,0.0,0,32.964834858022044
8811aa404dfffff,55.59007749563113,37.15246058362617,0.0,0.0,0.0,0.0,0.0,0.0,4.0,1.0,0.0,0.0,0.0,1.0,0.0,0.0,0.0,0.0,0.0,181417.66851901932,23432.645305200276,3.0,0.0,0.0,0,34.278573899347315
8811aa4053fffff,55.61791877534278,37.196537326494344,0.0,0.0,0.0,0.0,0.0,0.0,1.0,0.0,0.0,0.0,0.0,0.0,0.0,0.0,0.0,0.0,0.0,0.0,23432.645305200276,0.0,0.0,0.0,0,30.303297616475774
8811aa4055fffff,55.604731193964135,37.18625758693886,0.0,0.0,0.0,3.0,1.0,1.0,2.0,0.0,11.0,1.0,0.0,9.0,9.0,1.0,0.0,0.0,10.0,39042.46435549834,23432.645305200276,10.0,0.0,0.0,0,31.60847832469581
8811aa4057fffff,55.609614500055564,37.19753072684646,0.0,2.0,0.0,1.0,0.0,0.0,0.0,0.0,1.0,2.0,0.0,4.0,3.0,1.0,0.0,0.0,6.0,0.0,23432.645305200276,1.0,0.0,0.0,0,30.718815727251094
8811aa405dfffff,55.608150808155244,37.173990670582164,0.0,0.0,0.0,0.0,1.0,0.0,1.0,1.0,1.0,0.0,0.0,0.0,1.0,0.0,1.0,0.0,4.0,73708.28072750711,23432.645305200276,0.0,0.0,0.0,0,32.077319211371496
8811aa4061fffff,55.57493509844425,37.177978366368144,0.0,0.0,0.0,0.0,0.0,0.0,1.0,0.0,0.0,0.0,0.0,0.0,0.0,0.0,0.0,0.0,0.0,0.0,23432.645305200276,0.0,0.0,0.0,0,33.882352922354926
8811aa4063fffff,55.57981794689581,37.18924160698541,0.0,0.0,0.0,0.0,0.0,0.0,0.0,0.0,0.0,0.0,0.0,0.0,0.0,0.0,0.0,0.0,0.0,297559.9445484644,23432.645305200276,0.0,0.0,0.0,0,32.9881879554844
8811aa4065fffff,55.56663054454503,37.17897430903853,0.0,5.0,0.0,3.0,0.0,0.0,1.0,0.0,4.0,0.0,0.0,2.0,2.0,0.0,0.0,0.0,0.0,0.0,23432.645305200276,0.0,0.0,0.0,0,34.38130984470381
8811aa4069fffff,55.57835556170165,37.16572047010342,0.0,1.0,0.0,0.0,0.0,0.0,1.0,0.0,0.0,0.0,0.0,5.0,0.0,1.0,0.0,0.0,0.0,166565.41982491655,23432.645305200276,13.0,0.0,0.0,0,34.294965399782164
8811aa406bfffff,55.58323940209996,37.17698203141862,0.0,1.0,0.0,2.0,0.0,0.0,0.0,0.0,0.0,0.0,0.0,2.0,0.0,1.0,0.0,0.0,0.0,117996.42698573718,23432.645305200276,9.0,0.0,0.0,0,33.401671549038305
8811aa406dfffff,55.57005162130349,37.16671885701164,0.0,0.0,0.0,0.0,0.0,0.0,0.0,0.0,0.0,0.0,0.0,1.0,0.0,0.0,0.0,0.0,0.0,0.0,23432.645305200276,0.0,0.0,0.0,0,34.776462278998174
8811aa4083fffff,55.63204306988473,37.28980310829905,0.0,0.0,0.0,0.0,0.0,0.0,0.0,0.0,0.0,0.0,0.0,0.0,0.0,0.0,0.0,0.0,0.0,0.0,23432.645305200276,0.0,35000.0,0.0,0,24.46936378057404
8811aa4085fffff,55.618858000473985,37.27948197529776,0.0,10.0,0.0,5.0,0.0,0.0,1.0,2.0,4.0,1.0,0.0,3.0,4.0,1.0,0.0,0.0,0.0,34033.75809539863,23432.645305200276,10.0,110000.0,0.0,0,25.83310673058464
8811aa4087fffff,55.623735152748985,37.290778841485995,0.0,0.0,0.0,0.0,0.0,0.0,0.0,1.0,0.0,0.0,0.0,2.0,0.0,0.0,0.0,0.0,0.0,0.0,23432.645305200276,0.0,110000.0,3.0,1,24.938543171775947
8811aa4089fffff,55.63059435437708,37.266228731604905,0.0,0.0,0.0,0.0,0.0,0.0,0.0,0.0,0.0,0.0,0.0,2.0,0.0,0.0,0.0,0.0,0.0,0.0,23432.645305200276,3.0,220000.0,4.0,1,25.808084858561298
8811aa408bfffff,55.63547286302654,37.277525989261285,0.0,0.0,1.0,0.0,0.0,0.0,0.0,0.0,0.0,0.0,0.0,0.0,0.0,0.0,0.0,0.0,0.0,12060.283962500313,23432.645305200276,0.0,0.0,0.0,0,24.917323771990294
8811aa408dfffff,55.62228740913468,37.26720898370069,0.0,3.0,1.0,7.0,2.0,0.0,1.0,2.0,2.0,0.0,0.0,5.0,5.0,7.0,0.0,0.0,2.0,1019650.9995181465,23432.645305200276,7.0,220000.0,10.0,1,26.25552200405586
8811aa4091fffff,55.645227968520174,37.30013173484473,0.0,0.0,0.0,0.0,0.0,0.0,0.0,0.0,0.0,0.0,0.0,1.0,0.0,0.0,0.0,0.0,0.0,0.0,23432.645305200276,3.0,0.0,0.0,0,23.136595679500502
8811aa4093fffff,55.6501045636705,37.311440224733,0.0,0.0,0.0,0.0,0.0,12.0,0.0,21.0,0.0,0.0,0.0,1.0,0.0,0.0,0.0,0.0,0.0,0.0,23432.645305200276,0.0,0.0,0.0,0,22.24671023700131
8811aa4095fffff,55.63691994445745,37.30110578397481,0.0,0.0,4.0,0.0,2.0,0.0,0.0,2.0,4.0,0.0,0.0,4.0,1.0,1.0,0.0,0.0,2.0,39185.13929729536,23432.645305200276,5.0,0.0,0.0,0,23.576412020113857
8811aa4097fffff,55.641796180699664,37.31241220320805,0.0,0.0,1.0,1.0,1.0,0.0,0.0,6.0,14.0,0.0,0.0,4.0,1.0,3.0,0.0,0.0,0.0,180925.8576549877,23432.645305200276,12.0,0.0,0.0,0,22.68357030214327
8811aa4099fffff,55.64865814681923,37.28785048640424,0.0,0.0,0.0,0.0,0.0,0.0,2.0,0.0,0.0,0.0,0.0,0.0,0.0,0.0,0.0,0.0,0.0,0.0,23432.645305200276,0.0,0.0,0.0,0,23.612390538982666
8811aa409dfffff,55.64035073468983,37.28882699001428,0.0,0.0,0.0,0.0,0.0,0.0,0.0,0.0,0.0,0.0,0.0,0.0,0.0,0.0,0.0,0.0,0.0,0.0,23432.645305200276,0.0,35000.0,2.0,1,24.026814790251507
8811aa40a1fffff,55.60711856286607,37.2927291534754,0.0,6.0,2.0,13.0,4.0,2.0,1.0,6.0,30.0,0.0,0.0,14.0,22.0,21.0,0.0,0.0,14.0,704245.2182743179,23432.645305200276,37.0,0.0,0.0,0,25.9509453392478
8811aa40a3fffff,55.61199435861811,37.30402562616249,0.0,0.0,1.0,3.0,1.0,2.0,2.0,2.0,4.0,0.0,1.0,2.0,2.0,6.0,0.0,0.0,0.0,160172.16886515447,23432.645305200276,25.0,35000.0,3.0,1,25.05592116013017
8811aa40a5fffff,55.598809890809285,37.293703732731885,0.0,0.0,0.0,0.0,0.0,0.0,0.0,0.0,0.0,0.0,0.0,0.0,0.0,0.0,0.0,0.0,0.0,141916.79333807374,23432.645305200276,0.0,0.0,0.0,0,26.491344007678123
8811aa40a7fffff,55.60368532660516,37.30499813924657,0.0,0.0,0.0,0.0,0.0,0.0,0.0,0.0,1.0,0.0,0.0,1.0,0.0,0.0,0.0,0.0,0.0,0.0,23432.645305200276,1.0,35000.0,0.0,0,25.597314455793633
8811aa40a9fffff,55.6105501913087,37.280459389779054,0.0,0.0,0.0,5.0,1.0,0.0,1.0,1.0,2.0,0.0,0.0,4.0,7.0,8.0,0.0,0.0,22.0,490534.3971323315,23432.645305200276,6.0,0.0,0.0,0,26.328054493788695
8811aa40abfffff,55.61542698362771,37.29175418980241,0.0,1.0,1.0,2.0,0.0,0.0,1.0,1.0,2.0,0.0,0.0,2.0,2.0,4.0,1.0,0.0,6.0,117513.0522204498,23432.645305200276,7.0,0.0,0.0,0,25.432882018776613
8811aa40adfffff,55.60224213067759,37.28143641887244,0.0,0.0,1.0,12.0,0.0,0.0,0.0,0.0,1.0,0.0,0.0,0.0,7.0,1.0,0.0,0.0,2.0,0.0,23432.645305200276,0.0,0.0,0.0,0,26.845910952136403
8811aa40b1fffff,55.625178657063145,37.31435500957087,0.0,1.0,1.0,12.0,6.0,0.0,4.0,1.0,6.0,0.0,1.0,9.0,5.0,10.0,0.0,0.0,20.0,522177.8851669188,23432.645305200276,27.0,110000.0,0.0,0,23.64231924381311
8811aa40b3fffff,55.630053536486685,37.32566103127214,0.0,1.0,1.0,2.0,0.0,0.0,0.0,0.0,5.0,0.0,0.0,8.0,0.0,0.0,0.0,0.0,0.0,134832.7859911925,23432.645305200276,9.0,110000.0,0.0,0,22.746929413797304
8811aa40b5fffff,55.616869517087736,37.31532583791142,0.0,0.0,3.0,0.0,0.0,0.0,0.0,0.0,0.0,0.0,0.0,0.0,0.0,0.0,0.0,0.0,0.0,0.0,23432.645305200276,0.0,35000.0,4.0,1,24.160840203194223
8811aa40b7fffff,55.62174403742859,37.32662978969933,0.0,0.0,1.0,0.0,0.0,0.0,0.0,0.0,0.0,0.0,0.0,0.0,0.0,0.0,0.0,0.0,0.0,0.0,23432.645305200276,0.0,0.0,0.0,0,23.265704528359173
8811aa40b9fffff,55.62861166788945,37.30207944875324,0.0,4.0,1.0,8.0,4.0,0.0,0.0,0.0,3.0,0.0,1.0,5.0,6.0,8.0,0.0,0.0,10.0,495556.42572931445,23432.645305200276,5.0,110000.0,0.0,0,24.04395302010523
8811aa40bbfffff,55.633487545048844,37.31338379807851,0.0,0.0,2.0,4.0,2.0,0.0,3.0,7.0,6.0,0.0,0.0,5.0,2.0,4.0,0.0,0.0,2.0,837319.4147091445,23432.645305200276,23.0,0.0,0.0,0,23.149341846446035
8811aa40bdfffff,55.62030313916128,37.30305272940689,0.0,0.0,0.0,4.0,2.0,9.0,6.0,8.0,11.0,0.0,1.0,2.0,3.0,4.0,1.0,0.0,6.0,160456.11682591884,23432.645305200276,14.0,35000.0,4.0,1,24.537636862217056
8811aa40c3fffff,55.63402154237346,37.2539525117507,0.0,0.0,0.0,0.0,0.0,0.0,0.0,0.0,0.0,0.0,0.0,0.0,0.0,0.0,0.0,0.0,0.0,3728.196597265711,23432.645305200276,0.0,220000.0,7.0,1,26.274459981257856
8811aa40c7fffff,55.62571520958782,37.254935216063735,0.0,0.0,0.0,0.0,0.0,0.0,0.0,0.0,0.0,0.0,0.0,0.0,0.0,0.0,0.0,0.0,0.0,0.0,23432.645305200276,0.0,220000.0,10.0,1,26.699065313009058
8811aa40cbfffff,55.63744712179595,37.24167551669205,0.0,0.0,0.0,0.0,0.0,1.0,0.0,0.0,0.0,0.0,0.0,0.0,0.0,0.0,0.0,0.0,0.0,0.0,23432.645305200276,0.0,220000.0,9.0,1,26.760440107419317
8811aa40d1fffff,55.64720748753692,37.264267066737766,0.0,1.0,0.0,1.0,0.0,2.0,5.0,0.0,2.0,1.0,0.0,3.0,2.0,3.0,0.0,0.0,0.0,100140.20523178761,23432.645305200276,8.0,35000.0,1.0,1,24.992467712759062
8811aa40d3fffff,55.6520867155746,37.27556845894088,0.0,0.0,0.0,0.0,0.0,0.0,1.0,0.0,0.0,0.0,0.0,4.0,0.0,0.0,0.0,0.0,0.0,2463.7566692703667,23432.645305200276,0.0,35000.0,1.0,1,24.10959658076326
8811aa40d5fffff,55.638901047292826,37.265248092693405,0.0,1.0,0.0,0.0,0.0,0.0,0.0,0.0,0.0,0.0,0.0,2.0,0.0,1.0,0.0,0.0,0.0,12060.283962500313,23432.645305200276,3.0,0.0,0.0,0,25.38662957010132
8811aa40d7fffff,55.643779915723634,37.276547417250576,0.0,0.0,0.0,0.0,0.0,0.0,0.0,0.0,1.0,0.0,0.0,0.0,0.0,0.0,0.0,0.0,0.0,0.0,23432.645305200276,1.0,35000.0,0.0,0,24.499253198673152
8811aa40e1fffff,55.609101787904784,37.25689946223973,0.0,0.0,0.0,0.0,0.0,0.0,6.0,0.0,0.0,0.0,0.0,6.0,0.0,1.0,0.0,0.0,0.0,275856.7323359422,23432.645305200276,7.0,110000.0,0.0,0,27.622135380220676
8811aa40e3fffff,55.61398021191065,37.268188849209025,0.0,1.0,2.0,4.0,4.0,0.0,2.0,4.0,3.0,1.0,0.0,5.0,7.0,4.0,0.0,0.0,2.0,122889.2578296936,23432.645305200276,11.0,220000.0,4.0,1,26.727638868545082
8811aa40e5fffff,55.60079469969755,37.25788100455978,0.0,0.0,0.0,0.0,0.0,0.0,0.0,0.0,0.0,0.0,0.0,0.0,0.0,0.0,0.0,0.0,0.0,90399.63079880328,23432.645305200276,0.0,0.0,0.0,0,28.11818064384442
8811aa40e7fffff,55.60567276305014,37.26916832835797,0.0,0.0,0.0,0.0,0.0,0.0,0.0,0.0,0.0,0.0,0.0,0.0,0.0,0.0,0.0,0.0,0.0,126664.63163928082,23432.645305200276,0.0,0.0,0.0,0,27.223154093060145
8811aa40ebfffff,55.617408624649904,37.2559175328172,0.0,0.0,0.0,0.0,0.0,0.0,1.0,0.0,6.0,0.0,0.0,2.0,0.0,1.0,0.0,0.0,0.0,16391.433731737736,23432.645305200276,5.0,0.0,0.0,0,27.14869694816671
8811aa40edfffff,55.60422272930182,37.245613813409314,0.0,0.0,0.0,0.0,0.0,0.0,0.0,0.0,1.0,0.0,0.0,6.0,0.0,1.0,0.0,0.0,0.0,82727.62207200022,23432.645305200276,6.0,0.0,0.0,0,28.516592585032164
8811aa4101fffff,55.53486474069215,37.2064537403357,0.0,0.0,0.0,0.0,0.0,0.0,0.0,0.0,2.0,0.0,0.0,4.0,0.0,0.0,0.0,0.0,0.0,0.0,23432.645305200276,9.0,0.0,0.0,0,35.343801181842814
8811aa4105fffff,55.526557964672214,37.20744323608799,0.0,0.0,0.0,0.0,0.0,0.0,0.0,0.0,0.0,0.0,0.0,0.0,0.0,0.0,0.0,0.0,0.0,3275.293930359396,23432.645305200276,0.0,0.0,0.0,0,35.9406255390797
8811aa4107fffff,55.53143701282048,37.218699567779616,0.0,1.0,0.0,0.0,1.0,0.0,0.0,1.0,0.0,1.0,1.0,5.0,0.0,0.0,0.0,0.0,2.0,52484.84766677952,23432.645305200276,21.0,0.0,0.0,0,35.05308391346374
8811aa4109fffff,55.538290864705054,37.19420714595486,0.0,0.0,0.0,0.0,0.0,0.0,1.0,0.0,0.0,0.0,0.0,4.0,1.0,0.0,0.0,0.0,0.0,100417.63880911726,23432.645305200276,8.0,0.0,4.0,1,35.65297141672824
8811aa410dfffff,55.52998470081267,37.19519908165583,0.0,2.0,0.0,0.0,0.0,0.0,0.0,0.0,0.0,0.0,0.0,0.0,0.0,0.0,0.0,0.0,0.0,0.0,23432.645305200276,0.0,0.0,0.0,0,36.23360764043476
8811aa4113fffff,55.557808703434695,37.23925634133221,0.0,0.0,0.0,1.0,0.0,0.0,0.0,0.0,1.0,0.0,0.0,0.0,0.0,2.0,0.0,0.0,0.0,0.0,23432.645305200276,0.0,0.0,0.0,0,32.087523015440055
8811aa4121fffff,55.514821989211036,37.22067329158128,0.0,0.0,0.0,0.0,0.0,0.0,1.0,0.0,1.0,0.0,0.0,2.0,0.0,0.0,0.0,0.0,2.0,27768.96736411103,23432.645305200276,0.0,110000.0,12.0,1,36.29237131683748
8811aa4123fffff,55.519699681868104,37.23192924373533,0.0,0.0,0.0,0.0,0.0,0.0,0.0,0.0,0.0,0.0,0.0,0.0,0.0,1.0,0.0,0.0,0.0,8504.2150682136,23432.645305200276,1.0,0.0,0.0,0,35.41033319183121
8811aa4125fffff,55.506514105748444,37.2216595713624,0.0,0.0,0.0,0.0,0.0,0.0,1.0,0.0,0.0,0.0,0.0,0.0,0.0,0.0,0.0,0.0,0.0,0.0,23432.645305200276,0.0,110000.0,4.0,1,36.93135400344554
8811aa4127fffff,55.51139143479418,37.232913472963034,0.0,0.0,0.0,0.0,0.0,0.0,0.0,0.0,1.0,0.0,0.0,4.0,0.0,0.0,0.0,0.0,0.0,0.0,23432.645305200276,2.0,0.0,0.0,0,36.05225918737905
8811aa4129fffff,55.51825094047839,37.20843234264368,0.0,0.0,0.0,0.0,0.0,0.0,0.0,0.0,0.0,0.0,0.0,0.0,0.0,0.0,0.0,0.0,0.0,0.0,23432.645305200276,0.0,35000.0,4.0,1,36.55123078526738
8811aa412bfffff,55.52312962501693,37.21968662379649,0.0,2.0,0.0,1.0,1.0,0.0,1.0,0.0,2.0,0.0,1.0,4.0,3.0,7.0,0.0,0.0,0.0,79698.65282134413,23432.645305200276,4.0,0.0,0.0,0,35.66605562112943
8811aa412dfffff,55.50994366845623,37.20942106023178,0.0,0.0,0.0,0.0,0.0,0.0,0.0,0.0,0.0,0.0,0.0,0.0,0.0,0.0,0.0,0.0,0.0,0.0,23432.645305200276,0.0,35000.0,1.0,1,37.17493975003602
8811aa4135fffff,55.52457674558596,37.24318891767053,0.0,0.0,0.0,0.0,0.0,0.0,0.0,0.0,1.0,0.0,0.0,2.0,0.0,0.0,0.0,0.0,0.0,0.0,23432.645305200276,3.0,0.0,0.0,0,34.52887184965806
8811aa4139fffff,55.53631543217795,37.229959623248945,0.0,0.0,0.0,0.0,0.0,0.0,0.0,0.0,0.0,0.0,0.0,2.0,0.0,0.0,0.0,0.0,0.0,0.0,23432.645305200276,6.0,0.0,0.0,0,34.16583748444186
8811aa413dfffff,55.528007681111234,37.23094462723997,0.0,0.0,0.0,0.0,0.0,0.0,0.0,0.0,0.0,0.0,0.0,2.0,0.0,0.0,0.0,0.0,0.0,0.0,23432.645305200276,8.0,0.0,0.0,0,34.78128945728076
8811aa4141fffff,55.53683336246551,37.17070847680659,0.0,0.0,0.0,0.0,0.0,0.0,0.0,0.0,0.0,0.0,0.0,0.0,0.0,0.0,0.0,0.0,0.0,16912.87565058212,23432.645305200276,0.0,35000.0,4.0,1,36.87299838442599
8811aa4143fffff,55.54171538483829,37.181959785684164,0.0,0.0,0.0,1.0,0.0,0.0,0.0,0.0,2.0,0.0,0.0,4.0,0.0,0.0,0.0,0.0,0.0,100417.63880911726,23432.645305200276,6.0,0.0,0.0,0,35.98011204113767
8811aa4145fffff,55.52852817517097,37.171704900951546,0.0,0.0,0.0,0.0,0.0,0.0,0.0,0.0,0.0,0.0,0.0,0.0,0.0,0.0,0.0,0.0,0.0,0.0,23432.645305200276,0.0,35000.0,3.0,1,37.43619744659179
8811aa4149fffff,55.54025528793699,37.15846202848355,0.0,5.0,0.0,5.0,5.0,0.0,5.0,0.0,1.0,0.0,1.0,3.0,5.0,4.0,0.0,0.0,2.0,224943.57550287226,23432.645305200276,23.0,35000.0,4.0,1,37.21847587766796
8811aa414bfffff,55.545138301071354,37.16971166057107,0.0,0.0,0.0,0.0,0.0,0.0,0.0,0.0,0.0,0.0,0.0,4.0,0.0,0.0,0.0,0.0,0.0,0.0,23432.645305200276,7.0,0.0,0.0,0,36.32473070717033
8811aa414dfffff,55.53195071362956,37.1594608922483,0.0,0.0,0.0,0.0,0.0,1.0,1.0,0.0,0.0,0.0,0.0,0.0,0.0,1.0,0.0,0.0,0.0,22482.89349194546,23432.645305200276,2.0,0.0,0.0,0,37.76588286318983
8811aa4151fffff,55.554902446071594,37.19222210315029,0.0,0.0,0.0,0.0,0.0,0.0,1.0,0.0,0.0,0.0,0.0,0.0,0.0,0.0,0.0,0.0,0.0,0.0,23432.645305200276,0.0,0.0,0.0,0,34.53711158960467
8811aa4157fffff,55.55147754682836,37.204473580324496,0.0,0.0,0.0,0.0,0.0,0.0,0.0,1.0,1.0,0.0,0.0,0.0,0.0,0.0,0.0,0.0,0.0,0.0,23432.645305200276,1.0,0.0,0.0,0,34.19435673767958
8811aa4159fffff,55.558325740747456,37.179969859660794,0.0,0.0,0.0,0.0,0.0,0.0,1.0,0.0,0.0,0.0,0.0,0.0,0.0,0.0,0.0,0.0,0.0,14443.40031876841,23432.645305200276,0.0,0.0,0.0,0,34.897760461660866
8811aa415bfffff,55.56320786285503,37.19122899558668,0.0,0.0,0.0,0.0,0.0,0.0,0.0,0.0,0.0,0.0,0.0,0.0,0.0,0.0,0.0,1.0,0.0,0.0,23432.645305200276,0.0,0.0,0.0,0,34.00337414191105
8811aa4161fffff,55.51679798536956,37.184941740123584,0.0,0.0,0.0,0.0,0.0,0.0,0.0,0.0,0.0,0.0,0.0,0.0,0.0,0.0,0.0,0.0,0.0,0.0,23432.645305200276,0.0,35000.0,1.0,1,37.71648965307945
8811aa4163fffff,55.52167828857481,37.19619062719562,0.0,0.0,0.0,0.0,0.0,0.0,0.0,0.0,0.0,0.0,0.0,0.0,0.0,0.0,0.0,0.0,0.0,7625.160380751273,23432.645305200276,1.0,35000.0,4.0,1,36.82843555046671
8811aa4167fffff,55.51337162833699,37.1971817828038,0.0,0.0,0.0,0.0,0.0,0.0,0.0,0.0,0.0,0.0,0.0,0.0,0.0,0.0,0.0,0.0,0.0,0.0,23432.645305200276,0.0,35000.0,0.0,0,37.436780556267735
8811aa4169fffff,55.5202227395331,37.17270093323666,0.0,0.0,0.0,0.0,0.0,0.0,0.0,0.0,0.0,0.0,0.0,0.0,0.0,0.0,0.0,0.0,0.0,0.0,23432.645305200276,0.0,35000.0,0.0,0,38.01366608983607
8811aa416bfffff,55.525104033479245,37.18394814628285,0.0,0.0,0.0,0.0,0.0,0.0,0.0,0.0,0.0,0.0,0.0,0.0,0.0,0.0,0.0,0.0,0.0,0.0,23432.645305200276,0.0,35000.0,4.0,1,37.12356797914827
8811aa4181fffff,55.56900738040042,37.2853406859107,17.0,0.0,0.0,11.0,4.0,0.0,0.0,0.0,280.0,0.0,2.0,4.0,5.0,8.0,0.0,0.0,0.0,242271.4180458053,23432.645305200276,12.0,35000.0,0.0,0,29.121229872585662
8811aa4183fffff,55.57388237032121,37.29662516626893,0.0,0.0,0.0,0.0,0.0,0.0,0.0,0.0,0.0,0.0,0.0,5.0,0.0,0.0,0.0,0.0,0.0,0.0,23432.645305200276,5.0,35000.0,0.0,0,28.23349017124104
8811aa4187fffff,55.56557269653727,37.297598210125116,0.0,0.0,0.0,0.0,0.0,0.0,0.0,0.0,0.0,0.0,0.0,3.0,0.0,0.0,0.0,0.0,0.0,6657.518148809288,23432.645305200276,3.0,35000.0,0.0,0,28.850473217549986
8811aa4189fffff,55.57244045814727,37.27308238591514,0.0,0.0,0.0,0.0,0.0,0.0,0.0,0.0,1.0,0.0,0.0,0.0,0.0,1.0,0.0,0.0,0.0,0.0,23432.645305200276,0.0,0.0,0.0,0,29.414769902837982
8811aa418bfffff,55.57731644344194,37.2843651960975,0.0,0.0,0.0,0.0,0.0,0.0,0.0,0.0,0.0,0.0,0.0,3.0,0.0,0.0,0.0,0.0,0.0,0.0,23432.645305200276,2.0,35000.0,0.0,0,28.524207185130926
8811aa4193fffff,55.591940588675726,37.31823602628277,0.0,1.0,0.0,0.0,0.0,0.0,0.0,0.0,2.0,0.0,0.0,0.0,0.0,1.0,0.0,0.0,0.0,20441.476654448208,23432.645305200276,1.0,0.0,0.0,0,25.853949520966566
8811aa4195fffff,55.578756725200776,37.30791337873226,0.0,0.0,0.0,0.0,0.0,1.0,0.0,0.0,0.0,0.0,0.0,0.0,0.0,0.0,0.0,0.0,0.0,0.0,23432.645305200276,0.0,0.0,0.0,0,27.34615990197725
8811aa4199fffff,55.59050096780265,37.294677927798624,0.0,0.0,0.0,0.0,0.0,0.0,0.0,0.0,0.0,0.0,0.0,0.0,0.0,1.0,0.0,0.0,0.0,107931.64029411218,23432.645305200276,1.0,35000.0,0.0,0,27.052742201901356
8811aa419bfffff,55.59537604346772,37.30597026888547,0.0,0.0,0.0,0.0,0.0,0.0,1.0,0.0,0.0,0.0,0.0,0.0,0.0,0.0,0.0,0.0,0.0,18794.525651191037,23432.645305200276,0.0,35000.0,4.0,1,26.160384789117042
8811aa419dfffff,55.58219179419149,37.29565173890217,0.0,0.0,0.0,0.0,0.0,0.0,0.0,0.0,0.0,0.0,0.0,0.0,0.0,0.0,0.0,0.0,0.0,0.0,23432.645305200276,0.0,35000.0,0.0,0,27.633862678118675
8811aa41a1fffff,55.548952600610534,37.29954314820973,0.0,1.0,2.0,1.0,0.0,0.0,0.0,0.0,1.0,0.0,0.0,1.0,0.0,0.0,0.0,0.0,0.0,27536.56134461601,23432.645305200276,1.0,35000.0,0.0,0,30.132221250706483
8811aa41a3fffff,55.55382587300206,37.31082517331223,0.0,1.0,0.0,1.0,1.0,0.0,0.0,0.0,1.0,0.0,0.0,0.0,0.0,2.0,0.0,0.0,0.0,268499.1011018785,23432.645305200276,6.0,0.0,0.0,0,29.255518894015918
8811aa41a5fffff,55.54064217915893,37.30051504288969,0.0,0.0,0.0,0.0,0.0,0.0,0.0,0.0,0.0,0.0,0.0,0.0,0.0,0.0,0.0,0.0,0.0,0.0,23432.645305200276,0.0,110000.0,1.0,1,30.795002113152933
8811aa41a7fffff,55.54551509037184,37.31179500702355,0.0,2.0,1.0,1.0,0.0,0.0,0.0,0.0,0.0,0.0,0.0,2.0,1.0,1.0,0.0,0.0,0.0,126117.01074788612,23432.645305200276,2.0,110000.0,4.0,1,29.92241660652281
8811aa41abfffff,55.55726277318519,37.29857087069676,0.0,0.0,0.0,0.0,0.0,0.0,1.0,0.0,0.0,0.0,0.0,0.0,0.0,0.0,0.0,0.0,0.0,0.0,23432.645305200276,0.0,35000.0,0.0,0,29.483724682253982
8811aa41adfffff,55.54407869422337,37.288264850737356,0.0,0.0,0.0,0.0,0.0,0.0,1.0,0.0,0.0,0.0,0.0,0.0,0.0,0.0,0.0,0.0,0.0,0.0,23432.645305200276,0.0,0.0,0.0,0,31.009907401922046
8811aa41b5fffff,55.55869851055396,37.32211092701794,0.0,1.0,0.0,0.0,0.0,0.0,1.0,0.0,0.0,0.0,0.0,2.0,0.0,0.0,0.0,0.0,0.0,57111.75557231959,23432.645305200276,4.0,0.0,0.0,0,28.379898585142872
8811aa41b7fffff,55.56357051242184,37.33340041029936,0.0,0.0,0.0,0.0,0.0,0.0,0.0,0.0,0.0,0.0,0.0,1.0,0.0,0.0,0.0,0.0,0.0,0.0,23432.645305200276,1.0,0.0,0.0,0,27.505470965627453
8811aa41bdfffff,55.5621364065807,37.30985495751014,0.0,0.0,0.0,0.0,0.0,0.0,0.0,0.0,0.0,0.0,0.0,0.0,0.0,0.0,0.0,0.0,0.0,35089.16084818056,23432.645305200276,2.0,0.0,0.0,0,28.603155613866278
8811aa41c5fffff,55.56268658729979,37.25052795950998,0.0,0.0,0.0,0.0,0.0,0.0,0.0,0.0,0.0,0.0,0.0,0.0,0.0,0.0,0.0,0.0,0.0,6204.988389327999,23432.645305200276,0.0,0.0,0.0,0,31.196449464001077
8811aa41c9fffff,55.57442318741837,37.237287729420764,0.0,0.0,0.0,0.0,0.0,0.0,0.0,0.0,0.0,0.0,0.0,2.0,0.0,0.0,0.0,0.0,0.0,0.0,23432.645305200276,1.0,0.0,0.0,0,30.961436171941326
8811aa41cbfffff,55.579301795202134,37.24856346277569,0.0,0.0,0.0,0.0,0.0,0.0,0.0,0.0,0.0,0.0,0.0,2.0,0.0,0.0,0.0,0.0,0.0,0.0,23432.645305200276,1.0,0.0,0.0,0,30.067446302083706
8811aa41d1fffff,55.589057111800315,37.27112612848912,0.0,0.0,0.0,0.0,0.0,0.0,1.0,0.0,0.0,0.0,0.0,0.0,0.0,0.0,0.0,0.0,0.0,0.0,23432.645305200276,1.0,0.0,0.0,0,28.27941222719989
8811aa41d3fffff,55.59393381892588,37.28241306280525,0.0,0.0,0.0,0.0,0.0,0.0,0.0,0.0,0.0,0.0,0.0,0.0,0.0,0.0,0.0,0.0,0.0,89137.11464292114,23432.645305200276,0.0,0.0,0.0,0,27.385379139123785
8811aa41d5fffff,55.58074891010153,37.272104449926566,0.0,0.0,0.0,0.0,0.0,0.0,0.0,0.0,0.0,0.0,0.0,3.0,0.0,0.0,0.0,0.0,0.0,0.0,23432.645305200276,2.0,0.0,0.0,0,28.83777104938969
8811aa41d7fffff,55.585625256398906,37.28338932180461,0.0,0.0,0.0,0.0,0.0,0.0,0.0,0.0,0.0,0.0,0.0,2.0,0.0,0.0,0.0,0.0,0.0,0.0,23432.645305200276,0.0,0.0,0.0,0,27.945210025192516
8811aa41dbfffff,55.597365062898284,37.270147421375434,0.0,0.0,0.0,0.0,0.0,0.0,1.0,0.0,0.0,0.0,0.0,0.0,0.0,0.0,0.0,0.0,0.0,0.0,23432.645305200276,0.0,0.0,0.0,0,27.740816438050167
8811aa41ddfffff,55.58417977027754,37.259842928805455,0.0,1.0,0.0,0.0,0.0,0.0,2.0,0.0,2.0,1.0,0.0,3.0,1.0,1.0,0.0,0.0,0.0,0.0,23432.645305200276,4.0,0.0,0.0,0,29.173436580799414
8811aa41ebfffff,55.55925549881281,37.26278291760682,0.0,0.0,0.0,0.0,0.0,0.0,0.0,0.0,1.0,0.0,0.0,0.0,0.0,0.0,0.0,0.0,0.0,0.0,23432.645305200276,0.0,0.0,0.0,0,30.897770393813847
8811aa4221fffff,55.59690916653,37.127936080631365,0.0,0.0,0.0,0.0,0.0,0.0,0.0,0.0,0.0,0.0,0.0,0.0,0.0,0.0,0.0,0.0,0.0,0.0,23432.645305200276,0.0,110000.0,2.0,1,35.217825891830316
8811aa4223fffff,55.60179634442397,37.13919464688806,0.0,4.0,0.0,0.0,0.0,0.0,2.0,0.0,1.0,0.0,0.0,0.0,1.0,1.0,0.0,0.0,0.0,0.0,23432.645305200276,0.0,0.0,1.0,1,34.33220633479653
8811aa4225fffff,55.58860731962593,37.12894219766997,0.0,0.0,1.0,2.0,2.0,0.0,1.0,3.0,2.0,0.0,1.0,0.0,3.0,4.0,0.0,0.0,2.0,66271.43541822104,23432.645305200276,22.0,110000.0,5.0,1,35.62903167894882
8811aa4227fffff,55.593494133919116,37.140198713503146,0.0,0.0,0.0,0.0,0.0,0.0,1.0,0.0,0.0,0.0,0.0,0.0,0.0,1.0,0.0,0.0,0.0,0.0,23432.645305200276,0.0,0.0,2.0,1,34.74071796243275
8811aa4229fffff,55.6003225934451,37.115672686063135,0.0,3.0,0.0,13.0,3.0,2.0,1.0,2.0,6.0,0.0,3.0,2.0,22.0,6.0,0.0,0.0,6.0,29574.5443552673,23432.645305200276,2.0,110000.0,0.0,0,35.7092909496626
8811aa422dfffff,55.592021361587776,37.116681249149984,1.0,3.0,1.0,6.0,0.0,0.0,5.0,0.0,5.0,1.0,0.0,3.0,4.0,2.0,0.0,0.0,8.0,21724.904560850126,23432.645305200276,9.0,110000.0,2.0,1,36.10379845304467
8811aa4235fffff,55.606682894426875,37.15045694890954,0.0,0.0,1.0,0.0,0.0,0.0,0.0,0.0,1.0,0.0,0.0,0.0,0.0,0.0,0.0,0.0,0.0,0.0,23432.645305200276,0.0,0.0,1.0,1,33.44697383424389
8811aa4263fffff,55.60373441464614,37.10340853085123,0.0,0.0,0.0,0.0,0.0,0.0,0.0,0.0,1.0,0.0,0.0,0.0,0.0,0.0,0.0,0.0,0.0,0.0,23432.645305200276,1.0,0.0,0.0,0,36.21452176660477
8811aa4267fffff,55.59543379817888,37.104419540195416,1.0,1.0,0.0,0.0,1.0,0.0,6.0,2.0,12.0,1.0,0.0,5.0,1.0,7.0,0.0,0.0,0.0,169158.05740316535,23432.645305200276,9.0,0.0,0.0,0,36.59263278492546
8811aa4301fffff,55.55881392660342,37.12071153265841,0.0,0.0,0.0,0.0,0.0,0.0,2.0,0.0,0.0,0.0,0.0,0.0,0.0,0.0,0.0,0.0,0.0,0.0,23432.645305200276,0.0,0.0,0.0,0,37.86794952594341
8811aa4305fffff,55.55051144269342,37.12171811249378,0.0,0.0,0.0,0.0,0.0,0.0,0.0,0.0,0.0,1.0,0.0,0.0,0.0,0.0,0.0,0.0,0.0,0.0,23432.645305200276,0.0,0.0,0.0,0,38.352316451786976
8811aa4307fffff,55.555397426169414,37.13296270665822,0.0,2.0,0.0,0.0,0.0,0.0,1.0,0.0,2.0,0.0,0.0,2.0,0.0,1.0,0.0,0.0,0.0,0.0,23432.645305200276,0.0,0.0,0.0,0,37.45844279349671
8811aa4311fffff,55.57688895994678,37.142205660721324,0.0,0.0,0.0,0.0,0.0,0.0,2.0,0.0,0.0,0.0,0.0,3.0,4.0,1.0,0.0,0.0,0.0,11279.624618999793,23432.645305200276,2.0,0.0,0.0,0,35.6160723976036
8811aa4313fffff,55.581774419663965,37.15346180919818,0.0,0.0,0.0,0.0,0.0,0.0,0.0,0.0,4.0,1.0,0.0,2.0,0.0,0.0,0.0,0.0,0.0,71538.16857586474,23432.645305200276,2.0,0.0,0.0,0,34.72402045446666
8811aa4315fffff,55.56858599716921,37.14320854179007,0.0,0.0,0.0,0.0,0.0,0.0,2.0,0.0,3.0,0.0,1.0,2.0,0.0,0.0,0.0,0.0,0.0,7315.185505233668,23432.645305200276,1.0,0.0,0.0,0,36.08150403137646
8811aa4317fffff,55.573471093110584,37.154462640555835,0.0,0.0,0.0,0.0,0.0,0.0,0.0,0.0,0.0,0.0,0.0,0.0,0.0,0.0,0.0,0.0,0.0,18356.772101991675,23432.645305200276,2.0,0.0,0.0,0,35.188244384391886
8811aa4319fffff,55.58030522179288,37.12994791855875,0.0,4.0,0.0,7.0,1.0,1.0,3.0,5.0,9.0,0.0,2.0,7.0,12.0,3.0,0.0,0.0,6.0,109060.91829392164,23432.645305200276,7.0,0.0,0.0,0,36.05936830939657
8811aa431bfffff,55.58519167231176,37.14120238470326,0.0,0.0,0.0,0.0,0.0,0.0,0.0,0.0,0.0,0.0,0.0,1.0,0.0,0.0,0.0,0.0,0.0,0.0,23432.645305200276,0.0,0.0,0.0,0,35.16890924534935
8811aa431dfffff,55.57200287337576,37.130953243531,0.0,0.0,0.0,0.0,0.0,0.0,0.0,0.0,0.0,0.0,0.0,0.0,0.0,0.0,0.0,0.0,0.0,3891.1561865388776,23432.645305200276,0.0,0.0,0.0,0,36.508161227127864
8811aa4321fffff,55.5387909807676,37.134970588914435,0.0,0.0,0.0,1.0,0.0,0.0,0.0,0.0,0.0,0.0,0.0,0.0,0.0,0.0,0.0,0.0,0.0,42095.84112726166,23432.645305200276,0.0,0.0,0.0,0,38.47461931004897
8811aa4323fffff,55.54367560981181,37.14621481762497,0.0,0.0,0.0,0.0,0.0,0.0,0.0,0.0,0.0,0.0,0.0,0.0,0.0,0.0,0.0,0.0,0.0,68386.01904387749,23432.645305200276,36.0,0.0,0.0,0,37.580508479134586
8811aa4325fffff,55.53048738460635,37.13597393779721,0.0,0.0,0.0,1.0,0.0,0.0,2.0,0.0,2.0,0.0,0.0,1.0,0.0,0.0,0.0,0.0,0.0,2906.426117785321,23432.645305200276,1.0,0.0,0.0,0,39.00582637355769
8811aa4327fffff,55.53537164883502,37.14721612122012,0.0,0.0,0.0,1.0,0.0,0.0,2.0,0.0,4.0,0.0,0.0,1.0,0.0,0.0,0.0,0.0,0.0,179197.22431589,23432.645305200276,25.0,0.0,0.0,0,38.11217510252986
8811aa432bfffff,55.54709432807038,37.1339668452789,0.0,3.0,0.0,1.0,0.0,0.0,0.0,0.0,2.0,0.0,0.0,0.0,0.0,0.0,0.0,0.0,0.0,0.0,23432.645305200276,0.0,0.0,0.0,0,37.95861597122287
8811aa432dfffff,55.53390572709231,37.12373008454707,0.0,0.0,0.0,0.0,0.0,0.0,0.0,0.0,0.0,0.0,0.0,0.0,0.0,0.0,0.0,0.0,0.0,3235.69797531047,23432.645305200276,0.0,0.0,0.0,0,39.36866022141843
8811aa4331fffff,55.556863689625494,37.15646312155657,0.0,2.0,0.0,0.0,0.0,0.0,3.0,0.0,4.0,0.0,0.0,0.0,0.0,1.0,0.0,0.0,0.0,0.0,23432.645305200276,0.0,0.0,0.0,0,36.170111116204836
8811aa4333fffff,55.5617474308356,37.16771685090474,0.0,0.0,0.0,0.0,0.0,0.0,0.0,0.0,0.0,0.0,0.0,2.0,0.0,0.0,0.0,0.0,0.0,0.0,23432.645305200276,0.0,0.0,0.0,0,35.275747497023666
8811aa4335fffff,55.548559613384064,37.157462771663454,0.0,0.0,0.0,0.0,0.0,0.0,1.0,0.0,0.0,0.0,0.0,5.0,0.0,1.0,0.0,0.0,0.0,32699.687028737226,23432.645305200276,11.0,0.0,0.0,0,36.68632810968864
8811aa433bfffff,55.56516751631606,37.1554630779313,0.0,0.0,0.0,1.0,0.0,0.0,0.0,0.0,0.0,0.0,0.0,0.0,1.0,0.0,0.0,0.0,0.0,0.0,23432.645305200276,3.0,0.0,0.0,0,35.67051456755132
8811aa433dfffff,55.55197932175658,37.1452131200096,0.0,0.0,0.0,0.0,0.0,0.0,0.0,0.0,0.0,0.0,0.0,0.0,0.0,0.0,0.0,0.0,0.0,0.0,23432.645305200276,0.0,0.0,2.0,1,37.0644006301701
8811aa4351fffff,55.578831811773604,37.10644036486142,0.0,0.0,0.0,0.0,0.0,0.0,5.0,0.0,5.0,0.0,0.0,2.0,2.0,1.0,0.0,0.0,0.0,476412.78737122455,23432.645305200276,2.0,110000.0,26.0,1,37.406288175810516
8811aa4353fffff,55.583719878630035,37.11768941511915,0.0,3.0,0.0,1.0,0.0,0.0,1.0,0.0,3.0,1.0,0.0,4.0,1.0,1.0,0.0,0.0,4.0,284661.71563190594,23432.645305200276,12.0,110000.0,6.0,1,36.51756202201545
8811aa4355fffff,55.570530442525296,37.10745018065197,0.0,0.0,0.0,0.0,0.0,0.0,0.0,0.0,1.0,0.0,0.0,0.0,0.0,0.0,0.0,0.0,0.0,0.0,23432.645305200276,0.0,0.0,0.0,0,37.84060138499459
8811aa4357fffff,55.57541814491676,37.11869718420452,0.0,1.0,0.0,0.0,0.0,0.0,0.0,0.0,0.0,0.0,0.0,0.0,0.0,0.0,0.0,0.0,0.0,0.0,23432.645305200276,2.0,0.0,0.0,0,36.949936701932536
8811aa4359fffff,55.58224387392804,37.09418278655293,0.0,0.0,0.0,0.0,0.0,0.0,0.0,0.0,0.0,0.0,0.0,0.0,0.0,0.0,0.0,0.0,0.0,391015.9169201079,23432.645305200276,0.0,0.0,5.0,1,37.8766822495378
8811aa435bfffff,55.587132930439765,37.105430151453994,0.0,0.0,0.0,2.0,0.0,0.0,3.0,0.0,1.0,0.0,0.0,0.0,0.0,0.0,0.0,0.0,2.0,245291.4447037333,23432.645305200276,4.0,0.0,0.0,0,36.99009321574226
8811aa435dfffff,55.573943119898445,37.095195045907,0.0,0.0,0.0,0.0,0.0,0.0,0.0,0.0,0.0,0.0,0.0,0.0,0.0,0.0,0.0,0.0,0.0,0.0,23432.645305200276,0.0,110000.0,5.0,1,38.295191251631564
8811aa4363fffff,55.54562483473715,37.11047724466211,0.0,0.0,0.0,0.0,0.0,0.0,0.0,0.0,0.0,0.0,0.0,0.0,0.0,0.0,0.0,0.0,0.0,6039.197624927262,23432.645305200276,0.0,0.0,0.0,0,39.24612845693771
8811aa4413fffff,55.74239183574692,37.3839918924085,0.0,0.0,1.0,0.0,0.0,0.0,0.0,0.0,0.0,0.0,0.0,0.0,0.0,0.0,0.0,0.0,0.0,0.0,23432.645305200276,0.0,0.0,0.0,0,14.585750750961799
8811aa4415fffff,55.72920850154289,37.373604753364006,0.0,0.0,0.0,0.0,0.0,0.0,2.0,0.0,0.0,0.0,0.0,0.0,0.0,0.0,0.0,0.0,0.0,27634.54004643642,23432.645305200276,0.0,0.0,0.0,0,15.413723669253411
8811aa4417fffff,55.73408273722402,37.38495198896178,0.0,3.0,0.0,0.0,0.0,1.0,0.0,2.0,0.0,1.0,0.0,4.0,0.0,1.0,0.0,0.0,2.0,131905.8782705214,23432.645305200276,7.0,0.0,0.0,0,14.625823946027465
8811aa441bfffff,55.745825731646626,37.371680006433586,0.0,0.0,0.0,0.0,0.0,0.0,1.0,0.0,0.0,0.0,0.0,0.0,0.0,0.0,0.0,0.0,2.0,0.0,23432.645305200276,0.0,0.0,0.0,0,15.333750572798083
8811aa4421fffff,55.69940692154461,37.36515179491982,2.0,2.0,0.0,2.0,0.0,0.0,3.0,0.0,114.0,5.0,0.0,4.0,0.0,0.0,0.0,0.0,0.0,482551.5365113326,23432.645305200276,57.0,0.0,0.0,0,16.79848832284945
8811aa4423fffff,55.70428073616904,37.37648901924488,0.0,0.0,0.0,0.0,0.0,0.0,0.0,0.0,21.0,0.0,0.0,2.0,0.0,0.0,0.0,0.0,2.0,638983.6608102272,23432.645305200276,48.0,0.0,0.0,0,15.942515526996091
8811aa4425fffff,55.691097512020214,37.36611453850771,0.0,0.0,0.0,0.0,0.0,0.0,0.0,0.0,0.0,0.0,0.0,0.0,0.0,0.0,0.0,0.0,0.0,42639.40999664573,23432.645305200276,0.0,0.0,0.0,0,17.09013107553007
8811aa4427fffff,55.69597097036516,37.37744968090202,0.0,0.0,0.0,0.0,0.0,0.0,0.0,0.0,2.0,1.0,0.0,0.0,0.0,0.0,0.0,0.0,0.0,93311.18951218762,23432.645305200276,27.0,0.0,0.0,0,16.221262425247843
8811aa4429fffff,55.70284126022966,37.35285312052174,0.0,0.0,0.0,0.0,0.0,0.0,0.0,0.0,0.0,0.0,0.0,0.0,0.0,0.0,0.0,0.0,0.0,0.0,23432.645305200276,4.0,0.0,0.0,0,17.39928993743978
8811aa442bfffff,55.7077160761344,37.36418867057632,0.0,1.0,0.0,0.0,0.0,0.0,1.0,0.0,0.0,0.0,0.0,0.0,0.0,1.0,0.0,0.0,0.0,0.0,23432.645305200276,2.0,0.0,0.0,0,16.553704607415032
8811aa442dfffff,55.69453246209569,37.35381832604211,8.0,0.0,2.0,8.0,1.0,10.0,13.0,14.0,130.0,17.0,0.0,10.0,3.0,4.0,0.0,0.0,4.0,82423.26709719254,23432.645305200276,52.0,0.0,0.0,0,17.658345469296577
8811aa4431fffff,55.717463771565086,37.38687104253071,0.0,5.0,2.0,2.0,1.0,1.0,6.0,4.0,26.0,0.0,0.0,9.0,0.0,10.0,0.0,0.0,0.0,156337.31808885332,23432.645305200276,11.0,0.0,0.0,0,14.879959189227678
8811aa4433fffff,55.72233664938907,37.398217866388705,4.0,2.0,4.0,18.0,14.0,0.0,3.0,10.0,8.0,3.0,2.0,15.0,20.0,8.0,1.0,0.0,14.0,242669.6311862764,23432.645305200276,25.0,110000.0,5.0,1,14.05390288236126
8811aa4435fffff,55.709153905118484,37.38782999999601,0.0,8.0,0.0,0.0,4.0,0.0,2.0,0.0,1.0,0.0,0.0,5.0,2.0,3.0,0.0,0.0,4.0,213198.45051382273,23432.645305200276,13.0,0.0,0.0,0,15.091101279150053
8811aa4437fffff,55.71402642754208,37.399174738151345,1.0,6.0,3.0,5.0,7.0,0.0,7.0,8.0,7.0,0.0,1.0,15.0,10.0,10.0,1.0,0.0,4.0,355358.31198233145,23432.645305200276,13.0,110000.0,6.0,1,14.245076979887308
8811aa4439fffff,55.720899502102675,37.374566555700945,0.0,0.0,0.0,0.0,0.0,0.0,0.0,0.0,0.0,0.0,0.0,0.0,0.0,0.0,0.0,0.0,0.0,29291.576664832668,23432.645305200276,1.0,0.0,0.0,0,15.536753498459495
8811aa443bfffff,55.725773382381846,37.385911705594204,0.0,14.0,0.0,0.0,1.0,0.0,2.0,0.0,1.0,1.0,0.0,6.0,1.0,3.0,0.0,0.0,0.0,73551.93354584857,23432.645305200276,5.0,110000.0,10.0,1,14.724278042444853
8811aa443dfffff,55.71259024686314,37.37552797758619,0.0,0.0,0.0,0.0,0.0,0.0,0.0,0.0,0.0,0.0,0.0,0.0,0.0,0.0,0.0,0.0,0.0,245023.63510557904,23432.645305200276,10.0,0.0,0.0,0,15.713613047830258
8811aa4467fffff,55.69796579999934,37.341521326442574,0.0,0.0,0.0,5.0,2.0,0.0,1.0,0.0,5.0,0.0,0.0,0.0,3.0,1.0,0.0,0.0,2.0,0.0,23432.645305200276,1.0,0.0,0.0,0,18.249594471411392
8811aa4481fffff,55.75357319560186,37.43037856049378,0.0,5.0,0.0,3.0,0.0,0.0,4.0,1.0,3.0,2.0,0.0,9.0,1.0,0.0,1.0,0.0,6.0,111220.26701534343,23432.645305200276,11.0,0.0,0.0,0,11.631110436535131
8811aa4483fffff,55.75844418484645,37.44174461555616,0.0,0.0,0.0,0.0,0.0,1.0,0.0,0.0,0.0,0.0,0.0,2.0,0.0,0.0,0.0,0.0,0.0,245282.3881282698,23432.645305200276,1.0,0.0,0.0,0,10.937864190185559
8811aa4485fffff,55.74526242267725,37.4313299191908,0.0,1.0,2.0,4.0,3.0,1.0,3.0,4.0,23.0,1.0,0.0,6.0,8.0,10.0,0.0,2.0,2.0,244879.92441525028,23432.645305200276,5.0,110000.0,0.0,0,11.5973501664231
8811aa4487fffff,55.750133058283986,37.44269388098664,0.0,1.0,0.0,0.0,0.0,0.0,1.0,2.0,23.0,0.0,0.0,3.0,0.0,0.0,0.0,0.0,0.0,0.0,23432.645305200276,8.0,0.0,0.0,0,10.85973988276514
8811aa4489fffff,55.75701171745217,37.41806244318469,0.0,4.0,0.0,6.0,6.0,0.0,8.0,4.0,16.0,0.0,1.0,6.0,8.0,3.0,0.0,0.0,0.0,413746.1434458892,23432.645305200276,7.0,0.0,0.0,0,12.414456411786475
8811aa448bfffff,55.76188371150536,37.42942682490959,9.0,1.0,0.0,2.0,0.0,1.0,3.0,8.0,0.0,0.0,0.0,2.0,0.0,0.0,0.0,0.0,0.0,439703.8897323359,23432.645305200276,1.0,0.0,0.0,0,11.738241932871729
8811aa448dfffff,55.74870155536433,37.41901627128146,2.0,2.0,7.0,11.0,6.0,0.0,2.0,10.0,10.0,0.0,2.0,10.0,5.0,12.0,0.0,0.0,14.0,282436.54192021413,23432.645305200276,20.0,110000.0,0.0,0,12.350459164785777
8811aa4491fffff,55.77162574471862,37.45216689143165,0.0,0.0,0.0,0.0,0.0,0.0,0.0,0.0,0.0,1.0,0.0,0.0,0.0,0.0,0.0,0.0,0.0,0.0,23432.645305200276,0.0,0.0,0.0,0,10.485131991450173
8811aa4493fffff,55.776495782170656,37.46354257818459,4.0,10.0,16.0,8.0,16.0,4.0,0.0,9.0,38.0,1.0,5.0,16.0,25.0,16.0,1.0,0.0,10.0,367735.6899040803,23432.645305200276,17.0,0.0,0.0,0,9.920829660214087
8811aa4495fffff,55.76331452224452,37.45311443744608,0.0,1.0,0.0,0.0,0.0,1.0,1.0,0.0,2.0,0.0,0.0,0.0,0.0,0.0,0.0,0.0,2.0,111940.13783053082,23432.645305200276,0.0,0.0,0.0,0,10.276023955395255
8811aa4497fffff,55.76818420694216,37.4644880271405,0.0,1.0,1.0,1.0,1.0,0.0,0.0,1.0,3.0,3.0,0.0,2.0,1.0,0.0,0.0,0.0,2.0,11273.747089726126,23432.645305200276,12.0,0.0,0.0,0,9.652073004284958
8811aa4499fffff,55.7750656660364,37.439844956092664,0.0,5.0,0.0,1.0,0.0,0.0,13.0,3.0,7.0,1.0,0.0,0.0,1.0,1.0,0.0,0.0,2.0,9299.565005657347,23432.645305200276,3.0,0.0,0.0,0,11.322588984998188
8811aa449bfffff,55.779936709475585,37.45121896982966,3.0,2.0,9.0,4.0,4.0,0.0,1.0,1.0,8.0,1.0,1.0,15.0,5.0,7.0,0.0,1.0,4.0,52871.466246110685,23432.645305200276,9.0,0.0,0.0,0,10.770271196549679
8811aa449dfffff,55.766755054212126,37.440794973999196,0.0,0.0,0.0,0.0,0.0,0.0,1.0,1.0,0.0,0.0,0.0,0.0,0.0,0.0,0.0,0.0,0.0,14316.2489675559,23432.645305200276,0.0,0.0,0.0,0,11.093208710044332
8811aa44a1fffff,55.73351003494753,37.44459128435953,1.0,4.0,4.0,2.0,8.0,0.0,3.0,3.0,34.0,7.0,0.0,19.0,5.0,6.0,2.0,0.0,4.0,113498.82307401851,23432.645305200276,16.0,110000.0,0.0,0,10.940162153086396
8811aa44a3fffff,55.73837931196589,37.45595482418978,0.0,4.0,4.0,2.0,0.0,3.0,5.0,6.0,84.0,9.0,0.0,1.0,1.0,3.0,0.0,0.0,6.0,23619.562432477192,23432.645305200276,3.0,0.0,0.0,0,10.14350647330364
8811aa44a5fffff,55.72519813886308,37.445539422747196,2.0,5.0,2.0,8.0,7.0,0.0,4.0,8.0,7.0,11.0,0.0,22.0,14.0,16.0,0.0,0.0,6.0,392121.9595360663,23432.645305200276,34.0,0.0,0.0,0,11.097006962380473
8811aa44a7fffff,55.73006706207005,37.45690087007885,0.0,2.0,2.0,2.0,4.0,1.0,13.0,6.0,4.0,1.0,0.0,9.0,6.0,9.0,1.0,1.0,8.0,252610.341313215,23432.645305200276,20.0,110000.0,11.0,1,10.267841938198512
8811aa44a9fffff,55.73695139307619,37.43228090122394,1.0,2.0,5.0,9.0,7.0,0.0,5.0,6.0,7.0,2.0,0.0,16.0,6.0,18.0,0.0,0.0,10.0,320996.13257606793,23432.645305200276,13.0,110000.0,0.0,0,11.637606035407618
8811aa44abfffff,55.741821674869435,37.44364277051353,0.0,1.0,2.0,0.0,0.0,0.0,0.0,1.0,99.0,2.0,0.0,0.0,0.0,2.0,0.0,0.0,0.0,0.0,23432.645305200276,1.0,0.0,0.0,0,10.860509166880487
8811aa44adfffff,55.72864010714344,37.43323150681633,0.0,3.0,0.0,1.0,4.0,0.0,0.0,7.0,7.0,0.0,0.0,12.0,6.0,8.0,0.0,0.0,2.0,246324.8527969969,23432.645305200276,8.0,0.0,0.0,0,11.751123675608975
8811aa44b3fffff,55.75642860999997,37.477750965082066,0.0,0.0,0.0,0.0,0.0,0.0,2.0,0.0,0.0,0.0,0.0,0.0,0.0,0.0,0.0,0.0,0.0,0.0,23432.645305200276,0.0,0.0,0.0,0,8.668059301077434
8811aa44b5fffff,55.743247937345465,37.46732212728204,0.0,3.0,0.0,2.0,0.0,0.0,3.0,1.0,3.0,1.0,0.0,3.0,0.0,0.0,0.0,0.0,0.0,351.71524668436984,23432.645305200276,0.0,0.0,0.0,0,9.36482954376882
8811aa44b7fffff,55.748115910232826,37.4786931946107,1.0,0.0,1.0,4.0,0.0,4.0,6.0,5.0,141.0,15.0,0.0,0.0,0.0,0.0,0.0,2.0,2.0,0.0,23432.645305200276,0.0,0.0,0.0,0,8.609034326764553
8811aa44b9fffff,55.7550030423979,37.45406160809562,1.0,4.0,0.0,0.0,0.0,0.0,1.0,2.0,0.0,0.0,0.0,4.0,0.0,0.0,0.0,0.0,2.0,85115.00237770866,23432.645305200276,2.0,0.0,0.0,0,10.147655714611764
8811aa44bbfffff,55.75987237416533,37.46543310149403,0.0,0.0,0.0,0.0,0.0,0.0,2.0,0.0,0.0,0.0,0.0,9.0,0.0,0.0,0.0,0.0,0.0,0.0,23432.645305200276,5.0,0.0,0.0,0,9.466880530912496
8811aa44bdfffff,55.746691305523434,37.455008403602754,0.0,0.0,0.0,0.0,0.0,0.0,1.0,0.0,0.0,0.0,0.0,10.0,0.0,0.0,0.0,0.0,0.0,0.0,23432.645305200276,15.0,0.0,0.0,0,10.10311266909148
8811aa44c1fffff,55.755574975278044,37.394386589944496,0.0,2.0,0.0,0.0,0.0,0.0,2.0,0.0,2.0,0.0,1.0,4.0,0.0,0.0,0.0,0.0,4.0,36516.20275123454,23432.645305200276,4.0,110000.0,0.0,0,13.894775782854682
8811aa44c3fffff,55.760448623810355,37.4057455301203,3.0,3.0,9.0,35.0,28.0,0.0,2.0,18.0,19.0,3.0,4.0,16.0,28.0,26.0,0.0,0.0,22.0,391780.33358234895,23432.645305200276,23.0,110000.0,0.0,0,13.207628390722386
8811aa44c5fffff,55.74726577872002,37.395344977913645,0.0,1.0,0.0,2.0,5.0,0.0,2.0,1.0,2.0,0.0,0.0,3.0,1.0,3.0,0.0,0.0,0.0,0.0,23432.645305200276,12.0,0.0,0.0,0,13.841893890840904
8811aa44c7fffff,55.752139072906026,37.40670182784579,3.0,0.0,3.0,7.0,8.0,0.0,141.0,5.0,134.0,0.0,1.0,20.0,12.0,10.0,1.0,0.0,12.0,1040137.1767328097,23432.645305200276,39.0,110000.0,0.0,0,13.117015470641109
8811aa44c9fffff,55.7590092624564,37.38207055863875,0.0,0.0,0.0,0.0,0.0,0.0,1.0,0.0,0.0,0.0,0.0,4.0,0.0,1.0,0.0,0.0,0.0,252669.45884520747,23432.645305200276,0.0,0.0,0.0,0,14.681942734866206
8811aa44cbfffff,55.76388391465221,37.393427822361986,0.0,0.0,0.0,0.0,0.0,0.0,1.0,0.0,0.0,0.0,0.0,0.0,0.0,0.0,0.0,0.0,0.0,0.0,23432.645305200276,1.0,110000.0,0.0,0,14.008939731553209
8811aa44cdfffff,55.7507006776059,37.38303141570925,0.0,0.0,0.0,0.0,0.0,0.0,0.0,0.0,0.0,0.0,0.0,0.0,0.0,1.0,0.0,0.0,0.0,33621.42320726377,23432.645305200276,0.0,0.0,0.0,0,14.60453398806644
8811aa44d1fffff,55.77363126971279,37.416153653154566,2.0,1.0,0.0,0.0,1.0,0.0,2.0,7.0,23.0,0.0,0.0,4.0,0.0,3.0,0.0,1.0,4.0,377354.49626553885,23432.645305200276,2.0,0.0,0.0,0,12.745423671049277
8811aa44d3fffff,55.77850397087055,37.42752222218559,0.0,0.0,0.0,6.0,0.0,6.0,5.0,0.0,40.0,6.0,0.0,0.0,0.0,0.0,0.0,0.0,22.0,0.0,23432.645305200276,0.0,0.0,0.0,0,12.163515195551133
8811aa44d5fffff,55.76532162234984,37.41710823721708,0.0,1.0,0.0,2.0,4.0,0.0,2.0,1.0,6.0,1.0,0.0,4.0,1.0,5.0,1.0,0.0,0.0,132513.0215926495,23432.645305200276,8.0,0.0,0.0,0,12.54682317340958
8811aa44d7fffff,55.77019397004312,37.428474712214744,2.0,1.0,3.0,4.0,0.0,0.0,2.0,2.0,12.0,0.0,0.0,3.0,4.0,2.0,0.0,0.0,8.0,1104133.8608885154,23432.645305200276,8.0,0.0,0.0,0,11.91675978584539
8811aa44d9fffff,55.77706695319679,37.403831797880905,0.0,0.0,1.0,0.0,0.0,0.0,0.0,2.0,5.0,0.0,0.0,2.0,0.0,0.0,0.0,0.0,2.0,77619.8549763741,23432.645305200276,1.0,0.0,0.0,0,13.578246021148754
8811aa44dbfffff,55.78194065919647,37.415198690772904,1.0,0.0,0.0,0.0,0.0,5.0,0.0,1.0,3.0,0.0,0.0,4.0,0.0,0.0,0.0,0.0,2.0,0.0,23432.645305200276,0.0,0.0,0.0,0,13.007218683872951
8811aa44ddfffff,55.76875791735544,37.40478885354022,1.0,16.0,2.0,2.0,1.0,0.0,4.0,0.0,5.0,5.0,0.0,9.0,3.0,9.0,0.0,0.0,2.0,450994.6256867325,23432.645305200276,5.0,110000.0,0.0,0,13.36210015484851
8811aa44e1fffff,55.73551920039798,37.40861328763067,1.0,4.0,0.0,27.0,19.0,1.0,0.0,17.0,6.0,0.0,1.0,18.0,35.0,20.0,3.0,0.0,18.0,187114.31515746456,23432.645305200276,33.0,0.0,0.0,0,13.13174555068222
8811aa44e3fffff,55.74039113643094,37.41996972173126,1.0,7.0,8.0,27.0,19.0,0.0,5.0,17.0,17.0,2.0,3.0,16.0,28.0,35.0,0.0,0.0,18.0,217718.135568976,23432.645305200276,28.0,0.0,0.0,0,12.355899824341568
8811aa44e5fffff,55.72720887948358,37.409568450138494,0.0,3.0,2.0,5.0,1.0,0.0,6.0,5.0,10.0,0.0,1.0,8.0,8.0,8.0,1.0,0.0,8.0,166405.8770716267,23432.645305200276,24.0,0.0,0.0,0,13.236881647580137
8811aa44e7fffff,55.73208046099669,37.42092279475782,0.0,6.0,3.0,6.0,7.0,0.0,4.0,1.0,15.0,0.0,1.0,13.0,3.0,16.0,1.0,0.0,4.0,138210.76871546073,23432.645305200276,27.0,0.0,0.0,0,12.430693157150184
8811aa44e9fffff,55.73895632532277,37.396302986494284,0.0,1.0,2.0,1.0,0.0,0.0,10.0,2.0,0.0,0.0,0.0,7.0,7.0,6.0,2.0,0.0,0.0,131526.3108419894,23432.645305200276,9.0,0.0,0.0,0,13.851001321562856
8811aa44ebfffff,55.74382926498702,37.40765774694115,0.0,10.0,8.0,6.0,6.0,0.0,1.0,0.0,7.0,1.0,0.0,7.0,1.0,11.0,0.0,0.0,2.0,361323.84634562983,23432.645305200276,18.0,0.0,0.0,0,13.091593107291017
8811aa44edfffff,55.730646615430885,37.39726061591113,0.0,5.0,0.0,0.0,0.0,0.0,2.0,0.0,1.0,0.0,0.0,3.0,5.0,4.0,0.0,0.0,0.0,31606.913910605985,23432.645305200276,4.0,0.0,1.0,1,13.921981722082107
8811aa4501fffff,55.66129472541411,37.3576753352912,0.0,1.0,0.0,0.0,0.0,0.0,0.0,0.0,1.0,0.0,0.0,4.0,0.0,0.0,0.0,0.0,0.0,33737.38269667252,23432.645305200276,6.0,0.0,0.0,0,19.113821660016356
8811aa4503fffff,55.6661677572886,37.36900048698885,0.0,0.0,0.0,0.0,0.0,0.0,2.0,0.0,0.0,0.0,0.0,0.0,0.0,0.0,0.0,0.0,0.0,0.0,23432.645305200276,1.0,0.0,0.0,0,18.221962816900938
8811aa4505fffff,55.65298465693209,37.358638635522055,0.0,0.0,0.0,1.0,0.0,0.0,1.0,1.0,1.0,0.0,0.0,7.0,0.0,0.0,0.0,0.0,2.0,9683.36188757556,23432.645305200276,5.0,0.0,0.0,0,19.570833861886097
8811aa4507fffff,55.65785733147519,37.36996170980454,0.0,3.0,0.0,0.0,0.0,0.0,0.0,0.0,4.0,0.0,0.0,0.0,1.0,1.0,0.0,0.0,0.0,80080.78508745506,23432.645305200276,0.0,0.0,0.0,0,18.676240056529355
8811aa4509fffff,55.664730508564695,37.34538817454034,0.0,0.0,0.0,0.0,0.0,0.0,0.0,0.0,0.0,0.0,0.0,0.0,0.0,0.0,0.0,0.0,0.0,0.0,23432.645305200276,1.0,0.0,0.0,0,19.579612983737576
8811aa450dfffff,55.6564210509695,37.34635393204164,0.0,0.0,0.0,1.0,0.0,0.0,3.0,2.0,3.0,0.0,0.0,3.0,2.0,0.0,0.0,0.0,2.0,107038.24512925629,23432.645305200276,21.0,0.0,0.0,0,20.00595277260005
8811aa451bfffff,55.68766094979639,37.378409962782385,0.0,0.0,0.0,0.0,0.0,0.0,0.0,0.0,0.0,0.0,0.0,0.0,0.0,0.0,0.0,0.0,0.0,27891.115274255862,23432.645305200276,0.0,0.0,0.0,0,16.54733940005675
8811aa4521fffff,55.64123572056466,37.37188301676611,0.0,0.0,0.0,2.0,1.0,0.0,2.0,2.0,8.0,0.0,0.0,10.0,2.0,7.0,1.0,0.0,0.0,194422.25808165147,23432.645305200276,14.0,110000.0,0.0,0,19.684668810992914
8811aa4523fffff,55.646107037553726,37.383205683388326,0.0,11.0,3.0,11.0,7.0,0.0,3.0,8.0,17.0,0.0,2.0,5.0,10.0,7.0,1.0,0.0,0.0,172076.10130914647,23432.645305200276,37.0,110000.0,0.0,0,18.789304644188977
8811aa4525fffff,55.6329245361579,37.372843101360445,0.0,0.0,0.0,0.0,0.0,0.0,0.0,2.0,8.0,0.0,0.0,0.0,0.0,0.0,0.0,0.0,0.0,96136.27064071823,23432.645305200276,0.0,220000.0,17.0,1,20.23385047268591
8811aa4527fffff,55.63779549564117,37.38416369131897,0.0,1.0,0.0,1.0,4.0,0.0,1.0,0.0,7.0,0.0,0.0,10.0,1.0,3.0,0.0,0.0,0.0,90957.56128998839,23432.645305200276,11.0,110000.0,0.0,0,19.340199301874154
8811aa4529fffff,55.64467433541554,37.359601555370396,0.0,1.0,10.0,3.0,3.0,2.0,3.0,1.0,7.0,0.0,1.0,10.0,7.0,8.0,1.0,0.0,12.0,235887.9271611467,23432.645305200276,29.0,0.0,0.0,0,20.060329757571637
8811aa452bfffff,55.649546652452166,37.37092255298886,0.0,3.0,0.0,0.0,3.0,2.0,0.0,1.0,15.0,0.0,1.0,12.0,2.0,2.0,0.0,0.0,0.0,259898.65354080006,23432.645305200276,13.0,110000.0,0.0,0,19.164654450571916
8811aa452dfffff,55.63636376120962,37.36056409506093,0.0,5.0,1.0,1.0,4.0,0.0,1.0,2.0,12.0,0.0,0.0,10.0,5.0,14.0,0.0,0.0,2.0,127286.44543944814,23432.645305200276,11.0,110000.0,0.0,0,20.57999510920916
8811aa4531fffff,55.659289357525786,37.39357578845651,6.0,3.0,0.0,1.0,0.0,0.0,0.0,2.0,25.0,0.0,0.0,1.0,1.0,2.0,1.0,0.0,0.0,365686.7907049884,23432.645305200276,15.0,110000.0,0.0,0,17.373093834084898
8811aa4533fffff,55.66415974386478,37.404908028254575,0.0,0.0,0.0,1.0,0.0,0.0,3.0,0.0,0.0,0.0,0.0,0.0,0.0,0.0,0.0,0.0,0.0,121526.50630831548,23432.645305200276,4.0,0.0,0.0,0,16.477209945388584
8811aa4535fffff,55.6509777113283,37.39453209590161,0.0,0.0,3.0,8.0,14.0,0.0,5.0,16.0,36.0,1.0,1.0,20.0,12.0,21.0,4.0,0.0,10.0,209993.51030952015,23432.645305200276,30.0,110000.0,0.0,0,17.893908097160022
8811aa4537fffff,55.65584774103949,37.40586225527948,0.0,9.0,5.0,15.0,14.0,0.0,8.0,19.0,101.0,0.0,2.0,9.0,21.0,20.0,4.0,0.0,12.0,1027650.5809217595,23432.645305200276,29.0,110000.0,0.0,0,16.998485809919867
8811aa4539fffff,55.66272936295032,37.381288532008234,1.0,0.0,0.0,0.0,0.0,0.0,0.0,0.0,19.0,0.0,0.0,0.0,0.0,1.0,0.0,0.0,0.0,265078.71098425,23432.645305200276,2.0,0.0,0.0,0,17.781686022088703
8811aa453dfffff,55.65441832677186,37.38224729702599,1.0,4.0,0.0,5.0,2.0,0.0,6.0,5.0,8.0,0.0,0.0,11.0,7.0,4.0,0.0,0.0,2.0,249407.18453631474,23432.645305200276,20.0,110000.0,0.0,0,18.268908928330486
8811aa4541fffff,55.66328900762261,37.32178217125696,0.0,1.0,0.0,0.0,0.0,0.0,2.0,0.0,0.0,0.0,0.0,0.0,0.0,0.0,0.0,0.0,0.0,1388.439540716674,23432.645305200276,1.0,0.0,0.0,0,20.955632398894412
8811aa4545fffff,55.65498051929331,37.3227524606589,0.0,0.0,0.0,0.0,0.0,1.0,0.0,3.0,0.0,0.0,0.0,0.0,0.0,0.0,0.0,0.0,0.0,0.0,23432.645305200276,0.0,0.0,0.0,0,21.357209541636575
8811aa4547fffff,55.65985583454077,37.334068443601744,3.0,0.0,0.0,4.0,0.0,1.0,1.0,1.0,1.0,0.0,0.0,4.0,0.0,0.0,2.0,0.0,0.0,52457.842090102204,23432.645305200276,5.0,0.0,0.0,0,20.468153527731346
8811aa4551fffff,55.68134866276114,37.34345551456153,1.0,0.0,0.0,3.0,0.0,5.0,8.0,2.0,77.0,6.0,0.0,5.0,0.0,1.0,1.0,0.0,2.0,116555.73186492945,23432.645305200276,32.0,0.0,0.0,0,18.835231614559568
8811aa4553fffff,55.68622340920225,37.35478315005373,12.0,0.0,0.0,2.0,1.0,1.0,2.0,2.0,41.0,4.0,0.0,6.0,0.0,2.0,0.0,0.0,2.0,330098.17983987124,23432.645305200276,40.0,0.0,0.0,0,17.961576907832864
8811aa4555fffff,55.67303971261024,37.344422035455516,0.0,0.0,0.0,0.0,0.0,0.0,0.0,0.0,0.0,0.0,0.0,0.0,0.0,0.0,0.0,0.0,0.0,0.0,23432.645305200276,0.0,220000.0,0.0,0,19.188639716652926
8811aa4559fffff,55.6847816121247,37.331162650711406,0.0,0.0,0.0,0.0,0.0,0.0,4.0,0.0,1.0,0.0,0.0,1.0,0.0,0.0,0.0,0.0,4.0,144623.2316864921,23432.645305200276,13.0,220000.0,0.0,0,19.387602130131203
8811aa455bfffff,55.68965735867246,37.342488611632554,4.0,0.0,0.0,6.0,1.0,3.0,17.0,2.0,64.0,8.0,0.0,3.0,9.0,2.0,0.0,0.0,4.0,365352.08137406386,23432.645305200276,25.0,0.0,0.0,0,18.521535211651432
8811aa455dfffff,55.67647327354637,37.33213163105204,0.0,0.0,0.0,0.0,0.0,0.0,0.0,0.0,0.0,0.0,0.0,0.0,0.0,0.0,0.0,0.0,0.0,136520.63355792663,23432.645305200276,0.0,220000.0,0.0,0,19.71079135125354
8811aa4561fffff,55.64323738203643,37.336003726816614,0.0,5.0,0.0,0.0,2.0,0.0,2.0,1.0,11.0,0.0,0.0,10.0,4.0,4.0,3.0,0.0,2.0,361543.6886957064,23432.645305200276,24.0,0.0,0.0,0,21.360083364829592
8811aa4563fffff,55.64811134016971,37.34731930818487,0.0,4.0,0.0,2.0,2.0,0.0,1.0,3.0,3.0,0.0,1.0,8.0,4.0,4.0,0.0,0.0,6.0,364570.6091355648,23432.645305200276,9.0,0.0,0.0,0,20.465452456492656
8811aa4565fffff,55.63492777658488,37.336970795488035,0.0,4.0,0.0,19.0,5.0,0.0,2.0,8.0,5.0,0.0,2.0,35.0,22.0,10.0,0.0,0.0,6.0,603543.5615822204,23432.645305200276,39.0,110000.0,0.0,0,21.851467659196004
8811aa4567fffff,55.63980137651041,37.34828430319536,0.0,4.0,0.0,4.0,14.0,0.0,2.0,7.0,4.0,0.0,1.0,15.0,15.0,10.0,1.0,0.0,6.0,420631.45800662396,23432.645305200276,20.0,110000.0,0.0,0,20.955934311684246
8811aa4569fffff,55.646671777764176,37.323722366977925,0.0,0.0,0.0,1.0,0.0,65.0,1.0,5.0,2.0,0.0,0.0,3.0,0.0,0.0,0.0,0.0,4.0,168492.2002083144,23432.645305200276,11.0,0.0,0.0,0,21.79086133984445
8811aa456bfffff,55.651546734803425,37.335036276263075,0.0,0.0,0.0,0.0,0.0,6.0,0.0,0.0,1.0,0.0,0.0,0.0,0.0,2.0,0.0,0.0,0.0,0.0,23432.645305200276,0.0,0.0,0.0,0,20.898311721407417
8811aa456dfffff,55.63836278338027,37.32469189044031,0.0,1.0,3.0,13.0,10.0,0.0,1.0,13.0,13.0,1.0,0.0,13.0,11.0,11.0,1.0,0.0,12.0,508771.7517535002,23432.645305200276,48.0,0.0,0.0,0,22.254716113925554
8811aa4581fffff,55.695392406992625,37.43703016923477,0.0,0.0,0.0,0.0,0.0,0.0,0.0,0.0,0.0,0.0,0.0,0.0,0.0,0.0,0.0,0.0,6.0,0.0,23432.645305200276,0.0,500000.0,13.0,1,12.880562250433147
8811aa4583fffff,55.700260917083426,37.44838158738301,0.0,1.0,0.0,0.0,0.0,0.0,1.0,0.0,1.0,0.0,0.0,2.0,0.0,0.0,0.0,0.0,0.0,16554.806997109663,23432.645305200276,0.0,500000.0,30.0,1,11.99307479543425
8811aa4585fffff,55.687079844574725,37.437978895964164,0.0,0.0,0.0,0.0,1.0,0.0,0.0,0.0,0.0,0.0,0.0,3.0,1.0,1.0,1.0,0.0,2.0,864638.6573089047,23432.645305200276,2.0,500000.0,9.0,1,13.310318241606556
8811aa4587fffff,55.69194799979804,37.44932822615929,0.0,2.0,0.0,0.0,0.0,0.0,1.0,0.0,0.0,0.0,0.0,9.0,2.0,2.0,0.0,0.0,0.0,629707.0689946754,23432.645305200276,3.0,500000.0,0.0,0,12.416579076888189
8811aa4589fffff,55.69883520114704,37.42473131709961,0.0,9.0,0.0,1.0,0.0,0.0,2.0,1.0,1.0,0.0,0.0,5.0,5.0,1.0,0.0,0.0,2.0,661813.8602770367,23432.645305200276,3.0,220000.0,16.0,1,13.384135920788182
8811aa458bfffff,55.70370471480346,37.436081067177625,0.0,3.0,0.0,0.0,0.0,0.0,1.0,1.0,2.0,0.0,0.0,0.0,3.0,0.0,0.0,0.0,0.0,618585.523882746,23432.645305200276,0.0,220000.0,24.0,1,12.50494381902454
8811aa458dfffff,55.69052324838094,37.4256825063594,1.0,4.0,0.0,1.0,0.0,0.0,0.0,0.0,2.0,0.0,0.0,7.0,0.0,1.0,0.0,0.0,8.0,462915.67331128067,23432.645305200276,12.0,500000.0,6.0,1,13.769111702156597
8811aa4591fffff,55.71344179464304,37.45879183865074,3.0,4.0,0.0,5.0,2.0,3.0,6.0,4.0,31.0,2.0,2.0,8.0,18.0,11.0,2.0,0.0,10.0,388693.83638277574,23432.645305200276,10.0,110000.0,2.0,1,10.754762938316166
8811aa4593fffff,55.71830935912214,37.47015286199231,0.0,4.0,2.0,0.0,1.0,0.0,0.0,1.0,2.0,0.0,0.0,4.0,0.0,0.0,0.0,0.0,0.0,267035.7282593753,23432.645305200276,5.0,0.0,0.0,0,9.88526695910928
8811aa4595fffff,55.70512877780177,37.45973676177698,0.0,6.0,2.0,10.0,3.0,0.0,5.0,4.0,26.0,0.0,0.0,11.0,11.0,9.0,1.0,0.0,4.0,1288876.765900455,23432.645305200276,16.0,220000.0,1.0,1,11.10692185414986
8811aa4597fffff,55.709995988295724,37.47109569338897,2.0,5.0,2.0,3.0,5.0,6.0,3.0,4.0,20.0,1.0,2.0,6.0,6.0,6.0,1.0,0.0,4.0,801712.6910128422,23432.645305200276,21.0,0.0,0.0,0,10.222469972105083
8811aa4599fffff,55.71688598696096,37.446487185898896,2.0,2.0,0.0,3.0,1.0,0.0,1.0,1.0,5.0,0.0,1.0,6.0,5.0,5.0,3.0,0.0,2.0,287889.74509374745,23432.645305200276,10.0,0.0,0.0,0,11.327844160853584
8811aa459bfffff,55.7217545561808,37.4578465414919,7.0,14.0,4.0,6.0,11.0,2.0,6.0,6.0,20.0,0.0,1.0,10.0,12.0,16.0,1.0,0.0,10.0,476221.35860668245,23432.645305200276,26.0,110000.0,0.0,0,10.473136897011997
8811aa459dfffff,55.70857357958607,37.44743457403684,0.0,3.0,0.0,4.0,0.0,0.0,2.0,0.0,1.0,0.0,0.0,7.0,0.0,1.0,0.0,0.0,12.0,304978.9179544993,23432.645305200276,7.0,110000.0,3.0,1,11.628274347115418
8811aa45a1fffff,55.67532140225955,37.45122038088859,1.0,3.0,3.0,9.0,4.0,0.0,0.0,9.0,16.0,0.0,0.0,16.0,7.0,6.0,0.0,0.0,2.0,721505.2187974668,23432.645305200276,26.0,220000.0,0.0,0,13.41673389455789
8811aa45a3fffff,55.68018819890755,37.46256928917356,0.0,7.0,1.0,15.0,10.0,0.0,0.0,4.0,1.0,1.0,0.0,5.0,64.0,8.0,0.0,0.0,10.0,535231.3577412458,23432.645305200276,24.0,0.0,0.0,0,12.521353186828764
8811aa45a5fffff,55.66700772269683,37.45216589728445,0.0,8.0,1.0,3.0,3.0,0.0,1.0,3.0,5.0,0.0,0.0,14.0,3.0,6.0,0.0,0.0,8.0,754134.2992941431,23432.645305200276,11.0,220000.0,0.0,0,13.98244468030747
8811aa45a7fffff,55.671874164303226,37.463512718382,0.0,5.0,1.0,4.0,3.0,1.0,7.0,5.0,60.0,0.0,0.0,6.0,0.0,4.0,1.0,0.0,0.0,288361.5622742014,23432.645305200276,17.0,0.0,0.0,0,13.09069771703167
8811aa45a9fffff,55.67876702789487,37.438927247587884,0.0,9.0,2.0,3.0,3.0,0.0,1.0,2.0,6.0,0.0,0.0,5.0,1.0,8.0,0.0,0.0,2.0,655946.5251852071,23432.645305200276,8.0,220000.0,0.0,0,13.789156219730952
8811aa45abfffff,55.683634828075036,37.45027449058731,1.0,1.0,2.0,2.0,1.0,0.0,2.0,2.0,17.0,0.0,2.0,9.0,8.0,4.0,1.0,0.0,6.0,374810.63400093326,23432.645305200276,24.0,0.0,0.0,0,12.89300931327746
8811aa45adfffff,55.67045395729821,37.43987522432783,0.0,14.0,0.0,12.0,5.0,0.0,0.0,1.0,31.0,1.0,0.0,1.0,19.0,8.0,0.0,0.0,22.0,563244.1302749653,23432.645305200276,16.0,220000.0,0.0,0,14.312155749718293
8811aa45b1fffff,55.69336848158509,37.47298023724857,0.0,8.0,0.0,3.0,4.0,0.0,3.0,2.0,1.0,0.0,0.0,8.0,2.0,7.0,0.0,0.0,4.0,425049.64674803865,23432.645305200276,7.0,110000.0,2.0,1,11.100536065804112
8811aa45b3fffff,55.69823433321191,37.484338742851826,0.0,2.0,1.0,1.0,2.0,0.0,0.0,0.0,0.0,0.0,1.0,0.0,0.0,1.0,0.0,0.0,0.0,124208.71790112108,23432.645305200276,3.0,110000.0,4.0,1,10.204217263453724
8811aa45b5fffff,55.68505434639113,37.47392195015305,2.0,5.0,0.0,1.0,3.0,0.0,2.0,0.0,2.0,0.0,0.0,7.0,1.0,2.0,0.0,0.0,0.0,45657.42042875878,23432.645305200276,20.0,0.0,0.0,0,11.62604028333566
8811aa45b7fffff,55.68991984385885,37.48527836479685,2.0,6.0,0.0,2.0,5.0,0.0,1.0,3.0,49.0,2.0,1.0,17.0,3.0,5.0,0.0,0.0,10.0,301986.0601794759,23432.645305200276,22.0,110000.0,7.0,1,10.730830728927717
8811aa45b9fffff,55.69681550600202,37.460681311092046,0.0,7.0,1.0,2.0,0.0,0.0,0.0,0.0,19.0,0.0,0.0,20.0,0.0,3.0,0.0,0.0,2.0,319103.7443664838,23432.645305200276,11.0,220000.0,7.0,1,11.523155151582863
8811aa45bbfffff,55.70168236233501,37.4720381517341,0.0,2.0,1.0,5.0,4.0,0.0,1.0,2.0,19.0,0.0,0.0,8.0,6.0,7.0,0.0,0.0,2.0,433412.3069672034,23432.645305200276,8.0,220000.0,15.0,1,10.630144694162544
8811aa45bdfffff,55.68850197958889,37.46162548681722,0.0,1.0,0.0,2.0,0.0,0.0,0.0,1.0,10.0,0.0,0.0,5.0,2.0,5.0,0.0,0.0,4.0,415057.9464067765,23432.645305200276,12.0,0.0,0.0,0,11.996801525366296
8811aa45c1fffff,55.69740521781185,37.40108734642831,0.0,5.0,0.0,0.0,0.0,0.0,7.0,0.0,2.0,0.0,0.0,2.0,0.0,0.0,0.0,0.0,0.0,80510.6576035182,23432.645305200276,3.0,110000.0,4.0,1,14.795307746272345
8811aa45c3fffff,55.70227638223605,37.41243167081016,0.0,0.0,0.0,1.0,0.0,0.0,3.0,0.0,1.0,0.0,0.0,3.0,0.0,0.0,0.0,0.0,4.0,63339.32845073353,23432.645305200276,4.0,110000.0,5.0,1,13.922987145680917
8811aa45c7fffff,55.69396503946832,37.41338532282874,0.0,4.0,0.0,1.0,0.0,0.0,4.0,0.0,1.0,0.0,0.0,0.0,0.0,0.0,0.0,0.0,0.0,550705.3134136559,23432.645305200276,0.0,220000.0,8.0,1,14.265370273323532
8811aa45c9fffff,55.70084378338686,37.38878857821469,0.0,0.0,0.0,0.0,0.0,0.0,20.0,0.0,0.0,0.0,0.0,2.0,0.0,0.0,1.0,0.0,0.0,156127.9457018081,23432.645305200276,3.0,0.0,0.0,0,15.355421437960844
8811aa45cbfffff,55.70571595023472,37.40013123142322,2.0,14.0,2.0,3.0,3.0,0.0,8.0,7.0,11.0,4.0,2.0,8.0,5.0,13.0,3.0,0.0,4.0,222455.17303459696,23432.645305200276,5.0,0.0,0.0,0,14.493164515783066
8811aa45cdfffff,55.69253340671508,37.38974677741115,0.0,0.0,0.0,0.0,0.0,0.0,0.0,0.0,0.0,0.0,0.0,3.0,0.0,0.0,0.0,0.0,0.0,0.0,23432.645305200276,5.0,0.0,0.0,0,15.670233597051578
8811aa45d1fffff,55.7154583420047,37.422827809435155,0.0,13.0,1.0,8.0,10.0,3.0,15.0,7.0,56.0,7.0,0.0,9.0,24.0,10.0,2.0,0.0,24.0,530820.7722896613,23432.645305200276,34.0,0.0,0.0,0,12.78236381147414
8811aa45d3fffff,55.72032856522382,37.434181736190915,1.0,7.0,4.0,10.0,18.0,1.0,3.0,15.0,15.0,4.0,1.0,4.0,11.0,14.0,2.0,0.0,16.0,223457.56595332135,23432.645305200276,8.0,0.0,0.0,0,11.935819134446907
8811aa45d5fffff,55.707146899136625,37.423779751532464,0.0,2.0,0.0,1.0,0.0,0.0,0.0,0.0,8.0,2.0,0.0,5.0,0.0,0.0,0.0,0.0,0.0,24028.20935778798,23432.645305200276,8.0,110000.0,1.0,1,13.053809365950382
8811aa45d7fffff,55.71201676766219,37.43513158957048,0.0,6.0,1.0,9.0,4.0,0.0,3.0,4.0,2.0,0.0,0.0,5.0,3.0,4.0,1.0,0.0,4.0,205925.97349382602,23432.645305200276,6.0,0.0,0.0,0,12.188463134609894
8811aa45d9fffff,55.71889830258857,37.41052323468853,4.0,9.0,3.0,7.0,7.0,0.0,4.0,8.0,53.0,4.0,0.0,6.0,20.0,16.0,3.0,0.0,14.0,662369.8737021332,23432.645305200276,20.0,0.0,0.0,0,13.405478021036078
8811aa45dbfffff,55.723769529406354,37.421875490584675,0.0,6.0,1.0,11.0,7.0,0.0,2.0,11.0,9.0,0.0,0.0,13.0,20.0,17.0,1.0,0.0,4.0,393644.04750228504,23432.645305200276,23.0,0.0,0.0,0,12.573607465596545
8811aa45ddfffff,55.71058747005777,37.411477641504554,0.0,2.0,0.0,4.0,1.0,0.0,4.0,1.0,7.0,0.0,0.0,4.0,4.0,5.0,1.0,0.0,0.0,251981.11178182118,23432.645305200276,9.0,110000.0,3.0,1,13.635186241601364
8811aa45e1fffff,55.67734159047487,37.415291495897606,0.0,0.0,0.0,0.0,0.0,0.0,0.0,0.0,0.0,0.0,0.0,5.0,0.0,0.0,0.0,0.0,0.0,64373.92327698768,23432.645305200276,0.0,220000.0,5.0,1,15.098465535762971
8811aa45e3fffff,55.682211041183365,37.42663331953452,0.0,2.0,0.0,1.0,0.0,0.0,2.0,0.0,2.0,0.0,0.0,3.0,0.0,0.0,0.0,0.0,6.0,462915.67331128067,23432.645305200276,1.0,500000.0,3.0,1,14.20429910805001
8811aa45e5fffff,55.66902948493928,37.416244017393836,0.0,0.0,0.0,0.0,0.0,0.0,1.0,0.0,1.0,0.0,0.0,6.0,0.0,0.0,0.0,0.0,0.0,0.0,23432.645305200276,1.0,0.0,0.0,0,15.581258212743096
8811aa45e7fffff,55.67389857989941,37.42758375684742,0.0,2.0,0.0,4.0,0.0,0.0,0.0,1.0,0.0,0.0,0.0,2.0,0.0,0.0,0.0,0.0,2.0,77000.59962128053,23432.645305200276,1.0,500000.0,11.0,1,14.685239812394782
8811aa45ebfffff,55.68565344209958,37.414338597783534,0.0,0.0,0.0,0.0,0.0,0.0,1.0,0.0,0.0,0.0,0.0,0.0,0.0,0.0,0.0,0.0,0.0,289138.91883489426,23432.645305200276,0.0,500000.0,26.0,1,14.658516429298533
8811aa45edfffff,55.67247149329979,37.4039534240802,1.0,0.0,1.0,0.0,1.0,2.0,0.0,1.0,7.0,0.0,0.0,0.0,0.0,0.0,0.0,0.0,0.0,53030.2921172995,23432.645305200276,0.0,0.0,0.0,0,15.992773926878412
8811aa4681fffff,55.77760892238448,37.344149065632074,0.0,0.0,0.0,0.0,0.0,0.0,0.0,0.0,0.0,0.0,0.0,1.0,0.0,0.0,0.0,0.0,0.0,0.0,23432.645305200276,0.0,0.0,0.0,0,17.272477676829684
8811aa4683fffff,55.78248693851217,37.3555033802364,0.0,0.0,0.0,2.0,3.0,0.0,0.0,1.0,6.0,0.0,0.0,2.0,1.0,6.0,1.0,0.0,0.0,69575.16053842036,23432.645305200276,4.0,0.0,0.0,0,16.67011059206186
8811aa4685fffff,55.76930243259525,37.34511771491268,0.0,0.0,0.0,0.0,0.0,0.0,0.0,0.0,0.0,0.0,0.0,0.0,0.0,0.0,0.0,0.0,2.0,10354.87823046748,23432.645305200276,0.0,110000.0,8.0,1,17.08666483387028
8811aa4689fffff,55.78103613529381,37.331827400339826,0.0,0.0,0.0,0.0,0.0,0.0,0.0,0.0,0.0,0.0,0.0,0.0,0.0,0.0,0.0,0.0,0.0,96074.74182584796,23432.645305200276,0.0,0.0,1.0,1,18.098925446080187
8811aa468dfffff,55.77273025876641,37.332798520609174,0.0,0.0,0.0,0.0,0.0,0.0,0.0,0.0,0.0,0.0,0.0,0.0,0.0,0.0,0.0,0.0,0.0,0.0,23432.645305200276,0.0,0.0,2.0,1,17.899374075674512
8811aa4693fffff,55.800548319525696,37.37726055982035,0.0,0.0,0.0,0.0,0.0,0.0,0.0,0.0,0.0,0.0,0.0,2.0,0.0,0.0,0.0,0.0,0.0,0.0,23432.645305200276,0.0,110000.0,0.0,0,15.895613243961149
8811aa4695fffff,55.7873643062965,37.366861465408086,0.0,1.0,0.0,1.0,0.0,0.0,1.0,0.0,2.0,0.0,0.0,2.0,0.0,1.0,0.0,0.0,0.0,104206.18762398111,23432.645305200276,0.0,0.0,0.0,0,16.095039490399177
8811aa4697fffff,55.792241024884135,37.3782233221325,0.0,2.0,0.0,3.0,0.0,0.0,6.0,1.0,1.0,1.0,0.0,7.0,10.0,2.0,0.0,0.0,14.0,91651.78251868562,23432.645305200276,6.0,110000.0,0.0,0,15.550305778686868
8811aa4699fffff,55.79909985236617,37.353569108342434,0.0,2.0,0.0,3.0,1.0,0.0,1.0,1.0,0.0,0.0,0.0,0.0,0.0,3.0,0.0,0.0,0.0,20689.443942762653,23432.645305200276,0.0,0.0,4.0,1,17.252589906740845
8811aa469dfffff,55.7907935248013,37.3545364359117,0.0,2.0,4.0,3.0,0.0,0.0,1.0,1.0,2.0,0.0,1.0,4.0,4.0,2.0,0.0,0.0,0.0,65069.83109561918,23432.645305200276,3.0,0.0,0.0,0,16.938517846029804
8811aa46a3fffff,55.76244193441752,37.369753734990134,0.0,1.0,0.0,0.0,0.0,0.0,2.0,0.0,0.0,0.0,0.0,0.0,0.0,1.0,0.0,0.0,0.0,185.98321432654183,23432.645305200276,0.0,0.0,0.0,0,15.477065075119077
8811aa46a7fffff,55.754133961620944,37.370717061388895,0.0,1.0,0.0,0.0,0.0,0.0,2.0,0.0,0.0,0.0,0.0,3.0,0.0,0.0,0.0,0.0,0.0,108103.00694980165,23432.645305200276,0.0,0.0,0.0,0,15.377661491538166
8811aa46b1fffff,55.775625659753935,37.38014770248202,1.0,0.0,0.0,0.0,0.0,0.0,0.0,0.0,0.0,1.0,0.0,0.0,0.0,0.0,0.0,0.0,0.0,0.0,23432.645305200276,0.0,110000.0,0.0,0,15.008302144836753
8811aa46b3fffff,55.78050102047112,37.39150914745645,0.0,0.0,1.0,1.0,0.0,0.0,0.0,0.0,0.0,0.0,0.0,0.0,0.0,0.0,0.0,0.0,0.0,0.0,23432.645305200276,0.0,110000.0,0.0,0,14.414488834265336
8811aa46b5fffff,55.7673175899539,37.381109320971554,0.0,2.0,1.0,6.0,2.0,0.0,0.0,3.0,6.0,0.0,1.0,4.0,23.0,2.0,0.0,0.0,8.0,615324.6236109786,23432.645305200276,9.0,0.0,0.0,0,14.817053193057191
8811aa46b7fffff,55.772192596498066,37.39246867494104,0.0,0.0,0.0,0.0,1.0,0.0,0.0,1.0,0.0,0.0,0.0,3.0,0.0,0.0,0.0,0.0,0.0,40002.91312675339,23432.645305200276,1.0,110000.0,0.0,0,14.18290073739952
8811aa46bbfffff,55.783933471512135,37.37918570294433,0.0,0.0,0.0,0.0,0.0,0.0,0.0,0.0,0.0,0.0,0.0,1.0,0.0,0.0,0.0,0.0,0.0,0.0,23432.645305200276,0.0,0.0,0.0,0,15.253573277102888
8811aa46bdfffff,55.770749649691886,37.368790027011244,0.0,3.0,0.0,3.0,0.0,0.0,3.0,0.0,0.0,0.0,0.0,3.0,0.0,2.0,0.0,0.0,0.0,0.0,23432.645305200276,0.0,0.0,0.0,0,15.63089791621082
8811aa46c1fffff,55.779581065162155,37.30815776878905,0.0,0.0,0.0,0.0,0.0,0.0,0.0,0.0,0.0,0.0,0.0,0.0,0.0,0.0,0.0,0.0,0.0,0.0,23432.645305200276,0.0,0.0,2.0,1,19.537257849584197
8811aa46c3fffff,55.78446173254887,37.31950494673094,0.0,0.0,0.0,0.0,0.0,0.0,0.0,0.0,0.0,0.0,0.0,0.0,0.0,0.0,0.0,0.0,0.0,0.0,23432.645305200276,0.0,0.0,2.0,1,18.928469646599975
8811aa46c5fffff,55.771276157827856,37.309133445209916,0.0,0.0,0.0,0.0,0.0,0.0,0.0,0.0,0.0,0.0,0.0,0.0,0.0,0.0,0.0,0.0,0.0,0.0,23432.645305200276,0.0,0.0,1.0,1,19.355631879369255
8811aa46c7fffff,55.776156469629335,37.320478538213386,0.0,0.0,0.0,0.0,0.0,0.0,0.0,0.0,0.0,0.0,0.0,0.0,0.0,0.0,0.0,0.0,0.0,30062.572254641247,23432.645305200276,0.0,0.0,1.0,1,18.716424187132567
8811aa46cbfffff,55.787885714127924,37.30718170586977,0.0,0.0,0.0,0.0,0.0,0.0,0.0,0.0,0.0,0.0,0.0,0.0,0.0,0.0,0.0,0.0,0.0,0.0,23432.645305200276,0.0,0.0,1.0,1,19.760707745551215
8811aa46d1fffff,55.797647112882004,37.32988400529656,0.0,0.0,0.0,0.0,0.0,0.0,0.0,0.0,0.0,0.0,0.0,0.0,0.0,0.0,0.0,0.0,0.0,0.0,23432.645305200276,0.0,220000.0,10.0,1,18.63036382844496
8811aa46d3fffff,55.802526841145685,37.34124081423237,0.0,2.0,0.0,2.0,1.0,0.0,0.0,0.0,0.0,0.0,0.0,2.0,0.0,1.0,0.0,0.0,2.0,8588.924675026861,23432.645305200276,0.0,0.0,0.0,0,18.10517583454977
8811aa46d7fffff,55.79422112700388,37.342210615519576,0.0,0.0,0.0,0.0,0.0,0.0,0.0,0.0,0.0,0.0,0.0,0.0,0.0,0.0,0.0,0.0,2.0,0.0,23432.645305200276,0.0,0.0,4.0,1,17.7837080658345
8811aa46d9fffff,55.80107148241373,37.31755660630792,0.0,0.0,0.0,0.0,0.0,0.0,1.0,0.0,0.0,0.0,0.0,0.0,0.0,0.0,0.0,0.0,0.0,0.0,23432.645305200276,0.0,220000.0,3.0,1,19.478281267302833
8811aa46ddfffff,55.792766736925046,37.31853096950535,0.0,0.0,0.0,0.0,0.0,0.0,0.0,0.0,0.0,0.0,0.0,0.0,0.0,0.0,0.0,0.0,0.0,0.0,23432.645305200276,0.0,0.0,1.0,1,19.182978091571204
8811aa46ebfffff,55.76785094851056,37.32145174418125,0.0,0.0,0.0,0.0,0.0,0.0,0.0,0.0,0.0,0.0,0.0,0.0,0.0,0.0,0.0,0.0,0.0,0.0,23432.645305200276,0.0,0.0,2.0,1,18.548302102285835
8811aa4801fffff,55.45265443250028,37.298957299506554,0.0,0.0,1.0,0.0,0.0,0.0,0.0,0.0,0.0,0.0,0.0,5.0,0.0,0.0,0.0,0.0,0.0,0.0,23432.645305200276,5.0,0.0,0.0,0,38.865717474217234
8811aa4807fffff,55.44921121621987,37.31118068176044,0.0,0.0,0.0,0.0,0.0,0.0,0.0,0.0,0.0,0.0,0.0,3.0,0.0,0.0,0.0,0.0,0.0,0.0,23432.645305200276,0.0,0.0,0.0,0,38.80890712602944
8811aa4809fffff,55.45609604748975,37.28673314452056,0.0,0.0,0.0,0.0,1.0,0.0,2.0,0.0,0.0,0.0,0.0,0.0,1.0,0.0,0.0,0.0,2.0,0.0,23432.645305200276,0.0,0.0,0.0,0,38.941574393256246
8811aa480bfffff,55.46096696042667,37.29798716869565,0.0,1.0,0.0,3.0,0.0,0.0,0.0,0.0,0.0,0.0,0.0,0.0,3.0,1.0,0.0,0.0,2.0,3521.66843351011,23432.645305200276,1.0,0.0,0.0,0,38.10555828063776
8811aa480dfffff,55.44778388318321,37.28770532593819,0.0,1.0,0.0,1.0,0.0,0.0,0.0,0.0,0.0,0.0,0.0,0.0,3.0,1.0,0.0,0.0,0.0,0.0,23432.645305200276,5.0,0.0,0.0,0,39.697244700523534
8811aa4813fffff,55.475575917825914,37.331771515913736,0.0,0.0,0.0,0.0,0.0,0.0,0.0,0.0,0.0,0.0,0.0,0.0,0.0,0.0,0.0,0.0,0.0,0.0,23432.645305200276,0.0,220000.0,3.0,1,35.614288959099454
8811aa4817fffff,55.46726230112497,37.33273548601951,0.0,0.0,0.0,0.0,0.0,0.0,0.0,0.0,0.0,0.0,0.0,0.0,0.0,0.0,0.0,0.0,0.0,0.0,23432.645305200276,0.0,220000.0,9.0,1,36.388783175599755
8811aa4819fffff,55.47414988947033,37.308276445365344,1.0,11.0,1.0,6.0,5.0,0.0,2.0,6.0,4.0,0.0,1.0,7.0,5.0,9.0,1.0,0.0,8.0,87461.97504720998,23432.645305200276,19.0,0.0,0.0,0,36.51498312019048
8811aa481bfffff,55.479019904967465,37.319539948422324,0.0,2.0,0.0,0.0,0.0,0.0,1.0,0.0,0.0,0.0,0.0,0.0,0.0,0.0,0.0,0.0,0.0,0.0,23432.645305200276,7.0,0.0,0.0,0,35.67968762261672
8811aa481dfffff,55.465837243688945,37.30924490467498,0.0,1.0,0.0,0.0,0.0,0.0,0.0,0.0,0.0,0.0,0.0,1.0,0.0,0.0,0.0,0.0,0.0,0.0,23432.645305200276,0.0,0.0,0.0,0,37.27221013759144
8811aa4821fffff,55.43258420985105,37.31311493829157,0.0,0.0,0.0,0.0,0.0,0.0,0.0,0.0,0.0,0.0,0.0,2.0,0.0,0.0,0.0,0.0,0.0,0.0,23432.645305200276,1.0,110000.0,3.0,1,40.37244394780488
8811aa4823fffff,55.437452409850295,37.32436817719528,0.0,0.0,0.0,0.0,0.0,1.0,1.0,0.0,12.0,0.0,0.0,0.0,0.0,0.0,0.0,0.0,0.0,0.0,23432.645305200276,0.0,0.0,0.0,0,39.56079784531215
8811aa4825fffff,55.4242703404452,37.314081496907654,0.0,0.0,0.0,0.0,0.0,0.0,0.0,0.0,0.0,0.0,0.0,0.0,0.0,0.0,0.0,0.0,0.0,0.0,23432.645305200276,0.0,110000.0,1.0,1,41.1633277726629
8811aa4827fffff,55.42913817682098,37.32533268519244,0.0,0.0,0.0,0.0,0.0,0.0,0.0,0.0,0.0,0.0,0.0,4.0,0.0,0.0,0.0,0.0,2.0,0.0,23432.645305200276,1.0,110000.0,4.0,1,40.35625865966818
8811aa4829fffff,55.43602864230371,37.30089641805494,0.0,0.0,0.0,0.0,0.0,0.0,0.0,0.0,0.0,0.0,0.0,0.0,1.0,0.0,0.0,0.0,0.0,0.0,23432.645305200276,0.0,220000.0,3.0,1,40.4070696551178
8811aa482bfffff,55.440897835224746,37.31214799998357,0.0,0.0,0.0,0.0,0.0,0.0,0.0,0.0,0.0,0.0,0.0,0.0,0.0,0.0,0.0,0.0,0.0,0.0,23432.645305200276,0.0,220000.0,4.0,1,39.587517170645484
8811aa482dfffff,55.42771538072619,37.301865406240175,0.0,1.0,0.0,0.0,0.0,0.0,0.0,0.0,4.0,1.0,0.0,2.0,0.0,0.0,0.0,0.0,0.0,0.0,23432.645305200276,1.0,110000.0,4.0,1,41.18747884429258
8811aa4833fffff,55.455501633788295,37.345924999611334,0.0,0.0,0.0,0.0,0.0,0.0,0.0,0.0,0.0,0.0,0.0,0.0,0.0,0.0,0.0,0.0,0.0,0.0,23432.645305200276,0.0,110000.0,5.0,1,37.14935512655717
8811aa4837fffff,55.44718691911124,37.34688577941457,0.0,0.0,0.0,0.0,0.0,0.0,0.0,0.0,0.0,0.0,0.0,0.0,0.0,0.0,0.0,0.0,0.0,0.0,23432.645305200276,0.0,110000.0,5.0,1,37.94856215617388
8811aa4839fffff,55.45408014294215,37.32243802411255,0.0,0.0,0.0,0.0,0.0,0.0,0.0,0.0,0.0,0.0,0.0,0.0,0.0,0.0,0.0,0.0,0.0,0.0,23432.645305200276,0.0,220000.0,7.0,1,37.98793135940052
8811aa483bfffff,55.45894843900342,37.333699077239835,0.0,0.0,0.0,0.0,0.0,0.0,0.0,0.0,0.0,0.0,0.0,0.0,0.0,0.0,0.0,0.0,0.0,0.0,23432.645305200276,0.0,220000.0,4.0,1,37.17030926748495
8811aa483dfffff,55.44576639867282,37.32340329024293,0.0,0.0,0.0,0.0,0.0,0.0,4.0,0.0,4.0,0.0,0.0,2.0,0.0,0.0,0.0,0.0,0.0,1004.677181670088,23432.645305200276,0.0,220000.0,1.0,1,38.771233459265794
8811aa4841fffff,55.45466352725996,37.26325956598985,0.0,0.0,0.0,0.0,0.0,0.0,0.0,0.0,0.0,0.0,0.0,0.0,0.0,0.0,0.0,0.0,0.0,0.0,23432.645305200276,0.0,110000.0,6.0,1,39.88142232058347
8811aa4843fffff,55.4595360611643,37.27450821784214,0.0,0.0,0.0,0.0,0.0,0.0,0.0,0.0,0.0,1.0,0.0,2.0,0.0,1.0,0.0,0.0,0.0,8051.033200028243,23432.645305200276,2.0,110000.0,8.0,1,39.03636050463885
8811aa4845fffff,55.44635233595366,37.26423622771261,0.0,0.0,0.0,0.0,0.0,0.0,0.0,0.0,0.0,0.0,0.0,2.0,0.0,0.0,0.0,0.0,0.0,0.0,23432.645305200276,0.0,110000.0,3.0,1,40.6209312283958
8811aa4847fffff,55.45122450571872,37.27548283118221,0.0,0.0,0.0,0.0,0.0,0.0,0.0,0.0,0.0,0.0,0.0,4.0,0.0,0.0,0.0,0.0,0.0,12938.105970769937,23432.645305200276,4.0,110000.0,5.0,1,39.7800851947006
8811aa484bfffff,55.46297447350029,37.2622825205114,0.0,0.0,0.0,0.0,0.0,0.0,0.0,0.0,0.0,0.0,0.0,0.0,0.0,1.0,0.0,0.0,0.0,0.0,23432.645305200276,0.0,0.0,0.0,0,39.14993199497669
8811aa484dfffff,55.44979036585482,37.25201462451711,0.0,0.0,0.0,0.0,0.0,0.0,0.0,0.0,1.0,0.0,0.0,2.0,1.0,0.0,0.0,0.0,0.0,0.0,23432.645305200276,0.0,0.0,0.0,0,40.72853880001421
8811aa4851fffff,55.47271964055117,37.28478763528122,0.0,4.0,0.0,0.0,0.0,0.0,0.0,2.0,0.0,0.0,1.0,2.0,1.0,1.0,0.0,0.0,2.0,79789.52811201094,23432.645305200276,3.0,0.0,0.0,0,37.45345959489704
8811aa4853fffff,55.477591280204315,37.29604576287975,1.0,0.0,2.0,5.0,7.0,0.0,2.0,7.0,8.0,1.0,0.0,6.0,6.0,8.0,1.0,0.0,10.0,140261.6616032388,23432.645305200276,6.0,0.0,0.0,0,36.60844812249506
8811aa4855fffff,55.464407966727805,37.285760581043135,0.0,1.0,1.0,5.0,0.0,0.0,1.0,4.0,2.0,0.0,2.0,2.0,1.0,3.0,1.0,0.0,2.0,0.0,23432.645305200276,4.0,0.0,0.0,0,38.1934950200058
8811aa4857fffff,55.46927924311007,37.29701665656149,2.0,8.0,1.0,21.0,11.0,0.0,6.0,17.0,12.0,3.0,0.0,13.0,28.0,17.0,4.0,0.0,30.0,71481.98546634632,23432.645305200276,12.0,0.0,0.0,0,37.35297994805089
8811aa4859fffff,55.47615843598845,37.272557841875134,0.0,0.0,0.0,0.0,0.0,0.0,0.0,1.0,0.0,0.0,0.0,0.0,0.0,0.0,0.0,0.0,0.0,0.0,23432.645305200276,0.0,0.0,0.0,0,37.57348436233398
8811aa485bfffff,55.481031068613696,37.283814307009926,0.0,0.0,0.0,0.0,0.0,0.0,0.0,0.0,0.0,0.0,0.0,0.0,0.0,0.0,0.0,0.0,0.0,0.0,23432.645305200276,1.0,0.0,0.0,0,36.72195255232888
8811aa4861fffff,55.4346006604915,37.277430909700946,0.0,2.0,0.0,1.0,1.0,0.0,0.0,1.0,0.0,0.0,0.0,0.0,2.0,2.0,0.0,0.0,0.0,10167.130285953695,23432.645305200276,1.0,0.0,0.0,0,41.289903120764215
8811aa4863fffff,55.43947147415443,37.28867712552056,0.0,2.0,0.0,2.0,0.0,0.0,0.0,0.0,0.0,0.0,0.0,4.0,0.0,0.0,0.0,0.0,2.0,0.0,23432.645305200276,5.0,0.0,0.0,0,40.460082320295896
8811aa4865fffff,55.42628837140242,37.27840437532928,1.0,2.0,0.0,5.0,1.0,0.0,0.0,0.0,3.0,0.0,0.0,6.0,2.0,1.0,0.0,0.0,0.0,19784.706025809897,23432.645305200276,9.0,0.0,0.0,0,42.05519658251153
8811aa4867fffff,55.431158820749715,37.289648543492014,0.0,0.0,0.0,0.0,0.0,0.0,0.0,1.0,0.0,0.0,0.0,0.0,0.0,0.0,0.0,0.0,0.0,0.0,23432.645305200276,0.0,220000.0,3.0,1,41.229691089780125
8811aa4869fffff,55.43804089992758,37.26521250590516,0.0,0.0,0.0,0.0,0.0,1.0,0.0,0.0,1.0,0.0,0.0,0.0,0.0,0.0,0.0,0.0,0.0,104842.08372804085,23432.645305200276,0.0,110000.0,9.0,1,41.36803035628954
8811aa486bfffff,55.44291270537904,37.27645706172684,0.0,0.0,0.0,0.0,0.0,0.0,0.0,0.0,0.0,0.0,0.0,1.0,0.0,0.0,0.0,0.0,0.0,0.0,23432.645305200276,12.0,110000.0,9.0,1,40.531403688902174
8811aa486dfffff,55.42972921952795,37.26618840079281,0.0,0.0,0.0,0.0,0.0,0.0,0.0,0.0,0.0,0.0,0.0,0.0,0.0,2.0,0.0,0.0,0.0,0.0,23432.645305200276,0.0,0.0,0.0,0,42.122317467375986
8811aa4881fffff,55.486730609457915,37.37782505763115,0.0,0.0,0.0,0.0,0.0,0.0,0.0,0.0,0.0,0.0,0.0,3.0,0.0,0.0,0.0,0.0,0.0,0.0,23432.645305200276,3.0,0.0,2.0,1,33.13579571056567
8811aa4885fffff,55.47841529981261,37.378780416785936,0.0,0.0,0.0,0.0,0.0,0.0,0.0,0.0,0.0,0.0,0.0,0.0,0.0,0.0,0.0,0.0,0.0,0.0,23432.645305200276,0.0,0.0,7.0,1,33.938309580004265
8811aa4887fffff,55.48328042994637,37.39006003824854,0.0,0.0,0.0,0.0,0.0,0.0,0.0,0.0,0.0,0.0,0.0,0.0,0.0,0.0,0.0,0.0,0.0,0.0,23432.645305200276,2.0,0.0,9.0,1,33.14136980710622
8811aa488dfffff,55.48186448309661,37.36654709152095,0.0,0.0,0.0,0.0,0.0,0.0,0.0,0.0,0.0,0.0,0.0,1.0,0.0,0.0,0.0,0.0,0.0,0.0,23432.645305200276,3.0,0.0,9.0,1,33.94294423905733
8811aa489bfffff,55.51309227854941,37.398488550082625,0.0,0.0,0.0,0.0,0.0,0.0,0.0,0.0,0.0,0.0,0.0,0.0,0.0,0.0,0.0,0.0,0.0,21093.892959339933,23432.645305200276,0.0,0.0,0.0,0,29.927735472305525
8811aa489dfffff,55.49991152495901,37.38815306821053,0.0,0.0,0.0,0.0,0.0,0.0,0.0,0.0,0.0,0.0,0.0,2.0,0.0,0.0,0.0,0.0,0.0,0.0,23432.645305200276,0.0,0.0,0.0,0,31.5317020492285
8811aa48a5fffff,55.45833194367586,37.39291768167538,0.0,0.0,0.0,0.0,0.0,0.0,1.0,0.0,0.0,0.0,0.0,0.0,0.0,0.0,0.0,0.0,0.0,0.0,23432.645305200276,0.0,0.0,0.0,0,35.600933850695974
8811aa48abfffff,55.474964513343366,37.39101296072086,0.0,0.0,0.0,0.0,0.0,0.0,1.0,0.0,0.0,0.0,0.0,0.0,0.0,0.0,0.0,0.0,0.0,36928.02617762293,23432.645305200276,0.0,0.0,0.0,0,33.955646148296424
8811aa48adfffff,55.461783943546635,37.38069000821565,0.0,0.0,0.0,0.0,0.0,0.0,1.0,0.0,0.0,0.0,0.0,0.0,0.0,0.0,0.0,0.0,0.0,0.0,23432.645305200276,0.0,0.0,0.0,0,35.56168606583729
8811aa48b1fffff,55.484692144311005,37.413579227857184,0.0,0.0,0.0,0.0,0.0,0.0,0.0,0.0,0.0,0.0,0.0,3.0,0.0,0.0,0.0,0.0,0.0,0.0,23432.645305200276,0.0,0.0,2.0,1,32.38885037007377
8811aa48b3fffff,55.48955500464253,37.42486793643436,0.0,1.0,0.0,0.0,0.0,0.0,0.0,0.0,3.0,1.0,0.0,4.0,0.0,1.0,0.0,0.0,0.0,0.0,23432.645305200276,0.0,0.0,0.0,0,31.614299210193803
8811aa48b5fffff,55.47637526043578,37.41452765066355,0.0,0.0,0.0,0.0,0.0,0.0,0.0,0.0,0.0,0.0,0.0,0.0,0.0,0.0,0.0,0.0,0.0,0.0,23432.645305200276,0.0,0.0,4.0,1,33.219957140443746
8811aa48b7fffff,55.48123776045717,37.4258142945501,0.0,0.0,0.0,0.0,0.0,0.0,0.0,0.0,0.0,0.0,0.0,3.0,0.0,0.0,0.0,0.0,0.0,0.0,23432.645305200276,0.0,0.0,4.0,1,32.45113724521218
8811aa48b9fffff,55.48814492436761,37.4013433762665,0.0,0.0,0.0,0.0,0.0,0.0,0.0,0.0,0.0,0.0,0.0,5.0,0.0,0.0,0.0,0.0,0.0,0.0,23432.645305200276,6.0,0.0,0.0,0,32.34952319793906
8811aa48bbfffff,55.493008782233154,37.41263043180138,0.0,0.0,0.0,0.0,0.0,0.0,0.0,0.0,0.0,0.0,0.0,2.0,0.0,0.0,0.0,0.0,0.0,10693.20410295378,23432.645305200276,0.0,0.0,0.0,0,31.563159456170006
8811aa48bdfffff,55.4798286469302,37.402294236272816,0.0,0.0,1.0,0.0,1.0,0.0,2.0,0.0,8.0,0.0,0.0,1.0,0.0,2.0,0.0,0.0,0.0,19748.479919686186,23432.645305200276,4.0,0.0,9.0,1,33.16944014219997
8811aa48c1fffff,55.488758040006076,37.34207810116365,0.0,0.0,0.0,0.0,0.0,0.0,0.0,0.0,0.0,0.0,0.0,2.0,1.0,2.0,0.0,0.0,0.0,0.0,23432.645305200276,6.0,0.0,0.0,0,34.01801963636329
8811aa48c3fffff,55.493626157863474,37.35335275278072,0.0,0.0,0.0,0.0,0.0,0.0,1.0,0.0,0.0,0.0,0.0,0.0,0.0,0.0,0.0,0.0,0.0,0.0,23432.645305200276,0.0,0.0,0.0,0,33.19210599183558
8811aa48c5fffff,55.48044430701782,37.34304039310558,0.0,0.0,0.0,0.0,0.0,0.0,0.0,0.0,0.0,0.0,0.0,0.0,0.0,0.0,0.0,0.0,0.0,0.0,23432.645305200276,0.0,220000.0,19.0,1,34.79014568997814
8811aa48c7fffff,55.485312063169566,37.35431298596651,0.0,0.0,0.0,0.0,0.0,0.0,0.0,0.0,1.0,0.0,0.0,2.0,0.0,0.0,0.0,0.0,0.0,0.0,23432.645305200276,2.0,110000.0,11.0,1,33.96953384462658
8811aa48c9fffff,55.49220241358103,37.32984243815383,0.0,4.0,0.0,4.0,1.0,1.0,1.0,0.0,1.0,0.0,0.0,12.0,2.0,1.0,0.0,0.0,0.0,78416.41500126844,23432.645305200276,11.0,220000.0,0.0,0,34.08830091765789
8811aa48cbfffff,55.497071526706485,37.34111543063063,0.0,0.0,0.0,0.0,0.0,0.0,0.0,0.0,1.0,0.0,0.0,0.0,0.0,0.0,0.0,0.0,0.0,0.0,23432.645305200276,0.0,220000.0,0.0,0,33.2538612475471
8811aa48cdfffff,55.48388928876,37.33080716669955,0.0,0.0,0.0,0.0,0.0,0.0,0.0,0.0,0.0,0.0,0.0,2.0,0.0,0.0,0.0,0.0,0.0,0.0,23432.645305200276,16.0,220000.0,13.0,1,34.84729349298469
8811aa48d1fffff,55.50680785090274,37.36367257246366,0.0,2.0,0.0,0.0,0.0,0.0,1.0,0.0,2.0,0.0,0.0,4.0,0.0,0.0,0.0,0.0,0.0,55200.78660210759,23432.645305200276,0.0,0.0,0.0,0,31.59476872011978
8811aa48d3fffff,55.511675060287494,37.37495672375187,0.0,0.0,0.0,1.0,1.0,0.0,0.0,1.0,1.0,0.0,0.0,0.0,1.0,1.0,0.0,0.0,0.0,353291.99791970087,23432.645305200276,64.0,0.0,0.0,0,30.770656629872846
8811aa48d9fffff,55.510253607516994,37.35143115263728,0.0,1.0,0.0,4.0,2.0,0.0,0.0,0.0,3.0,1.0,0.0,7.0,5.0,5.0,0.0,0.0,4.0,232313.63617674116,23432.645305200276,33.0,220000.0,0.0,0,31.661585587889633
8811aa48dbfffff,55.51512181333205,37.36271364508128,0.0,0.0,0.0,0.0,0.0,0.0,3.0,0.0,2.0,0.0,0.0,3.0,0.0,1.0,0.0,0.0,0.0,151416.38783188022,23432.645305200276,30.0,220000.0,0.0,0,30.82817038535833
8811aa48e1fffff,55.46868313577847,37.356232319677986,0.0,0.0,0.0,0.0,0.0,0.0,0.0,0.0,0.0,0.0,0.0,0.0,0.0,0.0,0.0,0.0,0.0,0.0,23432.645305200276,0.0,110000.0,4.0,1,35.54607354517222
8811aa48e9fffff,55.47213032808793,37.34400230667915,0.0,0.0,0.0,0.0,0.0,0.0,0.0,0.0,0.0,0.0,0.0,0.0,0.0,0.0,0.0,0.0,0.0,0.0,23432.645305200276,0.0,220000.0,3.0,1,35.569722492741235
8811aa48ebfffff,55.47699772235915,37.35527284152487,0.0,0.0,0.0,0.0,0.0,0.0,0.0,0.0,0.0,0.0,0.0,0.0,0.0,0.0,0.0,0.0,0.0,0.0,23432.645305200276,0.0,110000.0,5.0,1,34.75435221853703
8811aa48edfffff,55.46381610356266,37.344963842106935,0.0,0.0,0.0,0.0,0.0,0.0,0.0,0.0,1.0,0.0,0.0,0.0,0.0,0.0,0.0,0.0,0.0,0.0,23432.645305200276,0.0,110000.0,5.0,1,36.35627266141335
8811aa4901fffff,55.394459899305126,37.305737556937004,0.0,0.0,0.0,0.0,0.0,0.0,0.0,0.0,0.0,0.0,0.0,0.0,0.0,0.0,0.0,0.0,0.0,0.0,23432.645305200276,0.0,35000.0,0.0,0,44.36601675244051
8811aa4905fffff,55.38614542190493,37.306704645216065,0.0,0.0,0.0,0.0,0.0,0.0,0.0,0.0,0.0,0.0,0.0,0.0,0.0,0.0,0.0,0.0,0.0,171954.80525773915,23432.645305200276,0.0,0.0,0.0,0,45.17338268734358
8811aa4907fffff,55.3910124294307,37.317943938911185,0.0,0.0,0.0,0.0,0.0,0.0,0.0,0.0,0.0,0.0,0.0,0.0,0.0,0.0,0.0,0.0,0.0,0.0,23432.645305200276,0.0,35000.0,0.0,0,44.380059314634885
8811aa490dfffff,55.38959190021203,37.294499917025696,0.0,0.0,0.0,0.0,0.0,0.0,0.0,0.0,0.0,0.0,0.0,0.0,0.0,0.0,0.0,0.0,0.0,0.0,23432.645305200276,0.0,35000.0,0.0,0,45.16713596180032
8811aa4913fffff,55.417375459209666,37.33851135785148,0.0,0.0,0.0,0.0,0.0,0.0,1.0,0.0,0.0,0.0,0.0,0.0,0.0,0.0,0.0,0.0,0.0,0.0,23432.645305200276,0.0,0.0,0.0,0,41.169336567815705
8811aa4931fffff,55.39242874845902,37.34139419382503,0.0,0.0,0.0,0.0,0.0,0.0,0.0,0.0,0.0,0.0,0.0,0.0,0.0,0.0,0.0,0.0,0.0,0.0,23432.645305200276,0.0,35000.0,0.0,0,43.629819468614
8811aa4937fffff,55.3889770882033,37.353600681035225,0.0,0.0,0.0,0.0,0.0,0.0,0.0,0.0,0.0,0.0,0.0,0.0,0.0,0.0,0.0,0.0,0.0,0.0,23432.645305200276,0.0,35000.0,0.0,0,43.68608062032441
8811aa493dfffff,55.38756336070153,37.330149548637365,0.0,0.0,0.0,0.0,0.0,0.0,0.0,0.0,0.0,0.0,0.0,0.0,0.0,0.0,0.0,0.0,0.0,0.0,23432.645305200276,0.0,35000.0,0.0,0,44.41089288786386
8811aa4941fffff,55.39648006112113,37.27008815179432,0.0,0.0,0.0,0.0,0.0,0.0,0.0,0.0,0.0,0.0,0.0,0.0,0.0,0.0,0.0,0.0,0.0,0.0,23432.645305200276,0.0,220000.0,1.0,1,45.204128750399406
8811aa4947fffff,55.39303677995892,37.28229441887344,0.0,0.0,0.0,0.0,0.0,0.0,0.0,0.0,0.0,0.0,0.0,0.0,0.0,0.0,0.0,0.0,0.0,0.0,23432.645305200276,0.0,35000.0,0.0,0,45.17739021697526
8811aa4949fffff,55.39992174367456,37.25788111682376,0.0,0.0,0.0,0.0,0.0,0.0,0.0,0.0,0.0,0.0,0.0,0.0,0.0,0.0,0.0,0.0,0.0,0.0,23432.645305200276,0.0,220000.0,3.0,1,45.24731686989579
8811aa494bfffff,55.40479271555125,37.269113787876755,0.0,0.0,0.0,0.0,0.0,0.0,0.0,0.0,2.0,0.0,0.0,0.0,0.0,0.0,0.0,0.0,0.0,0.0,23432.645305200276,0.0,220000.0,3.0,1,44.4246434761753
8811aa494dfffff,55.391609454775676,37.25885752324718,0.0,0.0,0.0,0.0,0.0,0.0,0.0,0.0,0.0,0.0,0.0,3.0,0.0,0.0,0.0,0.0,0.0,0.0,23432.645305200276,1.0,35000.0,0.0,0,46.022796215127144
8811aa4953fffff,55.419401875291065,37.302834013997646,0.0,0.0,0.0,0.0,0.0,0.0,0.0,0.0,0.0,0.0,0.0,0.0,0.0,0.0,0.0,0.0,0.0,0.0,23432.645305200276,0.0,110000.0,3.0,1,41.97389737729612
8811aa4959fffff,55.41797583845818,37.279377458836386,0.0,0.0,0.0,0.0,0.0,0.0,0.0,0.0,0.0,0.0,0.0,0.0,0.0,0.0,0.0,0.0,0.0,0.0,23432.645305200276,0.0,220000.0,8.0,1,42.826921458750206
8811aa495bfffff,55.42284592331544,37.29061958007674,0.0,3.0,0.0,0.0,0.0,0.0,2.0,0.0,1.0,0.0,0.0,2.0,1.0,0.0,0.0,0.0,0.0,0.0,23432.645305200276,2.0,220000.0,4.0,1,42.00570047018078
8811aa495dfffff,55.409663062005194,37.280350160446666,0.0,0.0,0.0,0.0,0.0,0.0,0.0,0.0,0.0,0.0,0.0,0.0,0.0,0.0,0.0,0.0,0.0,0.0,23432.645305200276,0.0,220000.0,2.0,1,43.604737845658676
8811aa4981fffff,55.42851829281372,37.38450468973878,0.0,0.0,0.0,0.0,0.0,0.0,0.0,0.0,0.0,0.0,0.0,2.0,0.0,0.0,0.0,0.0,0.0,0.0,23432.645305200276,0.0,0.0,0.0,0,38.87109645440955
8811aa4985fffff,55.42020127002689,37.38545742362734,0.0,0.0,0.0,0.0,0.0,0.0,0.0,0.0,0.0,0.0,0.0,0.0,0.0,0.0,0.0,0.0,0.0,0.0,23432.645305200276,0.0,110000.0,0.0,0,39.7096120257028
8811aa4987fffff,55.42506386819698,37.396722633791285,0.0,0.0,0.0,0.0,0.0,0.0,0.0,0.0,0.0,0.0,0.0,3.0,0.0,0.0,0.0,0.0,0.0,0.0,23432.645305200276,0.0,0.0,0.0,0,38.94855286889867
8811aa4989fffff,55.43197111631699,37.37228596568792,0.0,0.0,0.0,0.0,0.0,0.0,0.0,0.0,0.0,1.0,0.0,4.0,1.0,1.0,0.0,0.0,0.0,0.0,23432.645305200276,2.0,110000.0,1.0,1,38.812723072626376
8811aa498dfffff,55.423654699632976,37.37324112974843,0.0,0.0,0.0,0.0,0.0,0.0,0.0,0.0,0.0,0.0,0.0,0.0,0.0,0.0,0.0,0.0,0.0,0.0,23432.645305200276,0.0,110000.0,0.0,0,39.64227025362046
8811aa499dfffff,55.44169839436953,37.39482090544539,0.0,0.0,0.0,0.0,0.0,0.0,0.0,0.0,0.0,1.0,0.0,0.0,0.0,0.0,0.0,0.0,0.0,0.0,23432.645305200276,0.0,0.0,0.0,0,37.26608036100967
8811aa49a1fffff,55.40842836793169,37.39862286847069,0.0,0.0,0.0,0.0,0.0,0.0,0.0,0.0,0.0,0.0,0.0,0.0,0.0,0.0,0.0,0.0,0.0,0.0,23432.645305200276,0.0,110000.0,6.0,1,40.64621340050508
8811aa49a3fffff,55.41328960853678,37.409887671019355,0.0,0.0,0.0,0.0,0.0,0.0,2.0,1.0,0.0,1.0,0.0,4.0,0.0,2.0,1.0,0.0,0.0,20805.970801479496,23432.645305200276,1.0,0.0,0.0,0,39.900134331219874
8811aa49a7fffff,55.4049711315753,37.410835172991916,0.0,0.0,0.0,0.0,0.0,0.0,0.0,0.0,0.0,0.0,0.0,0.0,0.0,0.0,0.0,0.0,0.0,0.0,23432.645305200276,0.0,110000.0,3.0,1,40.75849501605515
8811aa49a9fffff,55.41188400389194,37.38640978335927,0.0,0.0,0.0,0.0,0.0,0.0,0.0,0.0,0.0,0.0,0.0,0.0,0.0,0.0,0.0,0.0,0.0,0.0,23432.645305200276,0.0,110000.0,0.0,0,40.552044408982695
8811aa49abfffff,55.41674623965255,37.39767293772956,0.0,0.0,0.0,0.0,0.0,0.0,0.0,0.0,0.0,0.0,0.0,0.0,0.0,1.0,0.0,0.0,0.0,0.0,23432.645305200276,0.0,0.0,0.0,0,39.7956048485655
8811aa49adfffff,55.40356649475567,37.38736176915443,0.0,0.0,0.0,0.0,0.0,0.0,0.0,0.0,1.0,0.0,0.0,0.0,0.0,0.0,0.0,0.0,0.0,0.0,23432.645305200276,0.0,0.0,0.0,0,41.3981561389263
8811aa49b5fffff,55.41815021573029,37.42115617775615,0.0,0.0,0.0,0.0,0.0,0.0,0.0,1.0,0.0,0.0,0.0,0.0,0.0,0.0,0.0,0.0,0.0,0.0,23432.645305200276,0.0,0.0,0.0,0,39.160259228225954
8811aa49b7fffff,55.42301018867122,37.43242838963628,0.0,0.0,0.0,0.0,0.0,2.0,0.0,0.0,0.0,0.0,0.0,0.0,0.0,0.0,0.0,0.0,0.0,0.0,23432.645305200276,0.0,0.0,0.0,0,38.42695169713586
8811aa49bdfffff,55.42160784249348,37.40893979680907,0.0,2.0,0.0,0.0,1.0,0.0,1.0,0.0,0.0,0.0,0.0,2.0,3.0,2.0,0.0,0.0,0.0,30157.833625651867,23432.645305200276,5.0,0.0,0.0,0,39.044985082615916
8811aa49c1fffff,55.43055675643479,37.3488062068056,0.0,0.0,0.0,0.0,0.0,0.0,0.0,0.0,0.0,0.0,0.0,2.0,0.0,0.0,0.0,0.0,0.0,0.0,23432.645305200276,1.0,110000.0,1.0,1,39.56386942713264
8811aa49c7fffff,55.42710652844432,37.361024057128986,0.0,0.0,0.0,0.0,0.0,0.0,0.0,0.0,0.0,0.0,0.0,0.0,0.0,0.0,0.0,0.0,0.0,0.0,23432.645305200276,0.0,110000.0,1.0,1,39.59366845092104
8811aa49c9fffff,55.43400538357861,37.33658757981522,0.0,0.0,0.0,0.0,0.0,0.0,0.0,1.0,0.0,0.0,0.0,2.0,0.0,0.0,0.0,0.0,0.0,0.0,23432.645305200276,0.0,110000.0,4.0,1,39.552909424438106
8811aa49cbfffff,55.43887195987791,37.3478461817387,0.0,0.0,0.0,0.0,0.0,0.0,0.0,0.0,0.0,0.0,0.0,0.0,0.0,0.0,0.0,0.0,0.0,0.0,23432.645305200276,0.0,110000.0,2.0,1,38.75351661207482
8811aa49d3fffff,55.45346789761877,37.38164424093248,0.0,0.0,0.0,0.0,0.0,0.0,0.0,0.0,1.0,0.0,0.0,0.0,0.0,0.0,0.0,0.0,0.0,0.0,23432.645305200276,0.0,0.0,0.0,0,36.38173376295838
8811aa49d7fffff,55.4451516069563,37.38259809861163,0.0,0.0,0.0,0.0,0.0,0.0,0.0,0.0,0.0,0.0,0.0,0.0,0.0,0.0,0.0,0.0,0.0,0.0,23432.645305200276,1.0,0.0,0.0,0,37.20686642330951
8811aa49ddfffff,55.44373790487836,37.359108491925035,0.0,0.0,0.0,0.0,0.0,0.0,1.0,0.0,0.0,0.0,0.0,0.0,0.0,0.0,0.0,0.0,0.0,0.0,23432.645305200276,0.0,0.0,0.0,0,37.95833550270782
8811aa49e9fffff,55.41392561830542,37.35072512605435,0.0,0.0,0.0,0.0,0.0,0.0,1.0,0.0,0.0,0.0,0.0,0.0,0.0,0.0,0.0,0.0,0.0,0.0,23432.645305200276,0.0,0.0,0.0,0,41.19950052557154
8811aa4a0dfffff,55.47183461924535,37.20213171989238,0.0,0.0,0.0,0.0,0.0,0.0,0.0,0.0,1.0,0.0,0.0,0.0,0.0,0.0,0.0,0.0,0.0,0.0,23432.645305200276,0.0,0.0,0.0,0,40.65962070632696
8811aa4a13fffff,55.49965017193822,37.24613429055306,0.0,0.0,0.0,0.0,0.0,0.0,0.0,0.0,0.0,0.0,0.0,0.0,0.0,0.0,0.0,0.0,0.0,0.0,23432.645305200276,0.0,110000.0,3.0,1,36.500409393697936
8811aa4a1bfffff,55.50308294023517,37.233897315150934,0.0,0.0,0.0,0.0,0.0,0.0,0.0,0.0,0.0,0.0,0.0,0.0,0.0,0.0,0.0,0.0,0.0,0.0,23432.645305200276,0.0,110000.0,4.0,1,36.70639349578586
8811aa4a1dfffff,55.48989759723596,37.223630967826445,0.0,0.0,0.0,0.0,0.0,0.0,0.0,0.0,0.0,0.0,0.0,0.0,0.0,1.0,0.0,0.0,0.0,0.0,23432.645305200276,0.0,0.0,0.0,0,38.24477551324914
8811aa4a33fffff,55.47959562939849,37.26032727738461,0.0,0.0,0.0,0.0,0.0,0.0,0.0,0.0,0.0,0.0,0.0,0.0,0.0,0.0,0.0,0.0,0.0,36896.33315020396,23432.645305200276,0.0,0.0,0.0,0,37.71286107085686
8811aa4a37fffff,55.4712851743285,37.261305091051604,0.0,0.0,0.0,0.0,0.0,0.0,0.0,0.0,0.0,0.0,0.0,0.0,0.0,0.0,0.0,0.0,0.0,31094.834534722435,23432.645305200276,0.0,0.0,0.0,0,38.426916381326535
8811aa4a41fffff,55.47869184828707,37.177675224826004,0.0,0.0,0.0,0.0,0.0,0.0,0.0,0.0,1.0,0.0,0.0,0.0,0.0,0.0,0.0,0.0,2.0,0.0,23432.645305200276,0.0,0.0,0.0,0,41.09354293257943
8811aa4a5dfffff,55.49187835546615,37.18792017857013,0.0,0.0,0.0,0.0,0.0,0.0,0.0,0.0,1.0,0.0,0.0,0.0,0.0,0.0,0.0,0.0,0.0,0.0,23432.645305200276,0.0,0.0,0.0,0,39.572384855671785
8811aa4a81fffff,55.5108369657677,37.29215836818457,0.0,0.0,0.0,0.0,0.0,0.0,0.0,0.0,0.0,0.0,0.0,2.0,0.0,0.0,0.0,0.0,0.0,0.0,23432.645305200276,2.0,110000.0,11.0,1,33.721319515172524
8811aa4a83fffff,55.515709424999564,37.30342843218582,0.0,0.0,0.0,0.0,0.0,0.0,0.0,0.0,0.0,0.0,0.0,4.0,0.0,0.0,0.0,0.0,0.0,10436.078505039148,23432.645305200276,1.0,110000.0,5.0,1,32.86033663014136
8811aa4a85fffff,55.502525914490946,37.29313079030327,0.0,0.0,0.0,0.0,0.0,1.0,0.0,1.0,0.0,0.0,0.0,0.0,0.0,0.0,0.0,0.0,0.0,0.0,23432.645305200276,1.0,110000.0,8.0,1,34.4283040440293
8811aa4a87fffff,55.5073980114976,37.304398797787094,0.0,1.0,0.0,0.0,0.0,0.0,0.0,0.0,1.0,0.0,0.0,2.0,0.0,0.0,0.0,0.0,0.0,0.0,23432.645305200276,2.0,110000.0,6.0,1,33.57182110754123
8811aa4a8dfffff,55.505963874775745,37.280892024888374,0.0,0.0,0.0,0.0,0.0,0.0,0.0,0.0,3.0,0.0,0.0,7.0,0.0,0.0,0.0,0.0,0.0,0.0,23432.645305200276,7.0,0.0,0.0,0,34.58396220503246
8811aa4a95fffff,55.52058125162882,37.314702217863015,0.0,2.0,0.0,0.0,1.0,0.0,0.0,0.0,0.0,0.0,0.0,4.0,1.0,1.0,0.0,0.0,0.0,0.0,23432.645305200276,1.0,0.0,0.0,0,32.00115380956804
8811aa4a99fffff,55.53233150917605,37.301486554962175,0.0,0.0,0.0,0.0,0.0,0.0,0.0,0.0,0.0,0.0,0.0,0.0,0.0,0.0,0.0,0.0,0.0,0.0,23432.645305200276,0.0,110000.0,0.0,0,31.471167042012365
8811aa4a9dfffff,55.52402059100766,37.3024576846525,0.0,0.0,0.0,0.0,0.0,0.0,0.0,0.0,0.0,0.0,0.0,0.0,0.0,0.0,0.0,0.0,0.0,0.0,23432.645305200276,0.0,110000.0,4.0,1,32.15987403018467
8811aa4aa1fffff,55.49077444339583,37.30633838409261,0.0,1.0,3.0,6.0,13.0,0.0,0.0,5.0,6.0,1.0,0.0,7.0,15.0,18.0,2.0,1.0,8.0,202392.38352028973,23432.645305200276,21.0,110000.0,18.0,1,35.02516665276746
8811aa4aa3fffff,55.495645183869705,37.31760599797891,0.0,1.0,0.0,5.0,1.0,0.0,0.0,1.0,2.0,0.0,0.0,1.0,4.0,4.0,0.0,0.0,6.0,111891.42408037194,23432.645305200276,4.0,0.0,0.0,0,34.18023599605627
8811aa4aa5fffff,55.48246228948801,37.30730760524592,1.0,2.0,0.0,4.0,8.0,0.0,1.0,7.0,2.0,0.0,1.0,5.0,11.0,23.0,0.0,0.0,18.0,293133.05693192285,23432.645305200276,7.0,0.0,0.0,0,35.76579728351903
8811aa4aa7fffff,55.48733266756083,37.31857316334801,0.0,0.0,1.0,1.0,0.0,0.0,1.0,0.0,0.0,0.0,0.0,2.0,0.0,1.0,0.0,0.0,0.0,0.0,23432.645305200276,1.0,220000.0,11.0,1,34.92568371355225
8811aa4aa9fffff,55.49421461624081,37.294102829975394,0.0,1.0,0.0,1.0,2.0,0.0,1.0,0.0,4.0,0.0,0.0,0.0,1.0,6.0,0.0,1.0,0.0,97527.79706366918,23432.645305200276,5.0,110000.0,5.0,1,35.14555614901169
8811aa4aabfffff,55.499086350847705,37.30536878168116,0.0,1.0,0.0,0.0,0.0,1.0,0.0,1.0,3.0,0.0,0.0,0.0,1.0,3.0,0.0,0.0,16.0,4119.200329907976,23432.645305200276,2.0,0.0,0.0,0,34.293643500097176
8811aa4aadfffff,55.48590307136326,37.29507448742593,0.0,1.0,1.0,3.0,1.0,0.0,0.0,9.0,9.0,1.0,0.0,3.0,4.0,16.0,2.0,0.0,10.0,135383.32331438598,23432.645305200276,6.0,110000.0,2.0,1,35.87246189213128
8811aa4ab1fffff,55.50882792349941,37.32791184217432,0.0,2.0,1.0,0.0,0.0,0.0,0.0,0.0,2.0,0.0,0.0,4.0,1.0,1.0,0.0,0.0,0.0,58735.36616693976,23432.645305200276,1.0,0.0,0.0,0,32.59654620249319
8811aa4ab3fffff,55.51369775985922,37.3391889528994,0.0,1.0,0.0,0.0,0.0,1.0,0.0,0.0,2.0,0.0,0.0,3.0,1.0,2.0,0.0,0.0,2.0,66706.30224186004,23432.645305200276,1.0,0.0,0.0,0,31.751733839481002
8811aa4ab5fffff,55.50051529194287,37.32887733005325,0.0,2.0,2.0,3.0,3.0,0.0,0.0,0.0,3.0,0.0,0.0,7.0,2.0,1.0,0.0,0.0,0.0,69232.3257165993,23432.645305200276,16.0,220000.0,0.0,0,33.33785575080778
8811aa4ab7fffff,55.50538476677289,37.34015238128358,0.0,4.0,1.0,2.0,1.0,0.0,1.0,0.0,2.0,0.0,1.0,4.0,5.0,6.0,0.0,0.0,0.0,195930.80001639324,23432.645305200276,10.0,220000.0,0.0,0,32.4982304384829
8811aa4abbfffff,55.51714030790465,37.32694597429338,0.0,1.0,0.0,0.0,0.0,0.0,0.0,0.0,0.0,1.0,0.0,4.0,0.0,0.0,0.0,0.0,0.0,0.0,23432.645305200276,0.0,0.0,0.0,0,31.865007683970084
8811aa4abdfffff,55.503957453548004,37.316638452091105,0.0,2.0,0.0,1.0,0.0,0.0,0.0,0.0,0.0,0.0,0.0,0.0,0.0,1.0,0.0,0.0,0.0,0.0,23432.645305200276,1.0,0.0,0.0,0,33.443914534595635
8811aa4ac5fffff,55.50452551659932,37.257391528879616,0.0,0.0,0.0,0.0,0.0,0.0,0.0,0.0,1.0,0.0,0.0,4.0,0.0,0.0,0.0,0.0,0.0,0.0,23432.645305200276,4.0,0.0,0.0,0,35.629791288768814
8811aa4ac9fffff,55.5162681352474,37.244171094858906,0.0,0.0,0.0,0.0,0.0,0.0,0.0,0.0,0.0,0.0,0.0,2.0,0.0,0.0,0.0,0.0,0.0,0.0,23432.645305200276,3.0,0.0,0.0,0,35.17387637831397
8811aa4acdfffff,55.50795927724957,37.245152885743984,0.0,0.0,0.0,0.0,0.0,0.0,0.0,0.0,0.0,0.0,0.0,4.0,0.0,1.0,0.0,0.0,0.0,0.0,23432.645305200276,7.0,0.0,0.0,0,35.831278204731476
8811aa4addfffff,55.52601964700975,37.26669750343766,0.0,0.0,0.0,0.0,0.0,0.0,0.0,0.0,0.0,0.0,0.0,0.0,0.0,1.0,0.0,0.0,0.0,0.0,23432.645305200276,0.0,0.0,0.0,0,33.419495414841464
8811aa4ae1fffff,55.492779827082586,37.270605932022974,0.0,0.0,0.0,0.0,0.0,0.0,0.0,0.0,0.0,0.0,0.0,0.0,0.0,0.0,0.0,0.0,0.0,0.0,23432.645305200276,0.0,110000.0,3.0,1,36.14666562355907
8811aa4ae3fffff,55.49765318607198,37.281866502038824,0.0,0.0,0.0,0.0,0.0,0.0,2.0,0.0,0.0,0.0,0.0,1.0,0.0,0.0,0.0,0.0,0.0,0.0,23432.645305200276,0.0,110000.0,11.0,1,35.286631198854536
8811aa4ae5fffff,55.484469254674785,37.271582078797486,0.0,1.0,1.0,0.0,0.0,0.0,1.0,0.0,2.0,0.0,0.0,2.0,1.0,6.0,0.0,0.0,2.0,64274.17262447296,23432.645305200276,4.0,0.0,0.0,0,36.85530454185374
8811aa4ae7fffff,55.48934225056931,37.282840596004206,0.0,0.0,0.0,0.0,0.0,0.0,0.0,0.0,0.0,0.0,0.0,0.0,0.0,0.0,0.0,0.0,0.0,0.0,23432.645305200276,0.0,110000.0,4.0,1,35.99949185930972
8811aa4ae9fffff,55.496215800879845,37.258370496524904,0.0,0.0,0.0,0.0,0.0,0.0,1.0,0.0,0.0,0.0,0.0,0.0,0.0,0.0,0.0,0.0,0.0,15760.270002096633,23432.645305200276,1.0,110000.0,2.0,1,36.31373144506686
8811aa4aebfffff,55.50109015286586,37.2696294013258,0.0,0.0,0.0,0.0,0.0,0.0,4.0,0.0,0.0,0.0,0.0,2.0,0.0,0.0,0.0,0.0,0.0,8089.817910635234,23432.645305200276,5.0,0.0,0.0,0,35.44813784417868
8811aa4aedfffff,55.48790583836427,37.25934907928445,0.0,0.0,0.0,0.0,0.0,0.0,1.0,0.0,1.0,0.0,0.0,6.0,0.0,0.0,0.0,0.0,0.0,44851.359835741845,23432.645305200276,6.0,0.0,0.0,0,37.00828284838695
8811aa4b01fffff,55.418547418433036,37.22027134715083,0.0,0.0,0.0,0.0,0.0,0.0,0.0,0.0,0.0,0.0,0.0,0.0,0.0,0.0,0.0,0.0,0.0,0.0,23432.645305200276,0.0,220000.0,2.0,1,44.73634854472292
8811aa4b03fffff,55.42342172608247,37.23150107909726,0.0,0.0,0.0,0.0,0.0,0.0,1.0,0.0,1.0,0.0,0.0,0.0,0.0,0.0,0.0,0.0,0.0,0.0,23432.645305200276,0.0,0.0,0.0,0,43.89125723496874
8811aa4b05fffff,55.4102371994461,37.221255414923775,0.0,0.0,0.0,0.0,0.0,0.0,0.0,0.0,0.0,0.0,0.0,0.0,0.0,0.0,0.0,0.0,0.0,0.0,23432.645305200276,0.0,220000.0,8.0,1,45.4749664040518
8811aa4b07fffff,55.41511114122377,37.2324831058629,0.0,0.0,0.0,0.0,0.0,0.0,0.0,0.0,0.0,0.0,0.0,0.0,0.0,0.0,0.0,0.0,0.0,0.0,23432.645305200276,0.0,110000.0,3.0,1,44.63362319323352
8811aa4b09fffff,55.421982096596814,37.20805882448085,0.0,0.0,0.0,0.0,0.0,0.0,0.0,0.0,0.0,0.0,0.0,0.0,0.0,0.0,0.0,0.0,0.0,0.0,23432.645305200276,0.0,220000.0,4.0,1,44.855423343732504
8811aa4b0dfffff,55.41367248733007,37.209045318749844,0.0,0.0,0.0,0.0,0.0,0.0,0.0,0.0,0.0,0.0,0.0,0.0,0.0,0.0,0.0,0.0,0.0,0.0,23432.645305200276,0.0,110000.0,1.0,1,45.58325440188072
8811aa4b13fffff,55.44147953903434,37.25299333314327,0.0,0.0,0.0,0.0,0.0,2.0,0.0,0.0,0.0,0.0,0.0,0.0,0.0,0.0,0.0,0.0,0.0,37124.602480246234,23432.645305200276,0.0,0.0,0.0,0,41.463965557268395
8811aa4b15fffff,55.42829540944036,37.24273451555897,0.0,0.0,0.0,0.0,0.0,0.0,0.0,0.0,0.0,0.0,0.0,0.0,0.0,0.0,0.0,0.0,0.0,0.0,23432.645305200276,0.0,110000.0,7.0,1,43.048092037134005
8811aa4b17fffff,55.43316846766831,37.253971657505325,0.0,0.0,0.0,0.0,0.0,0.0,0.0,0.0,1.0,0.0,0.0,0.0,0.0,1.0,0.0,0.0,0.0,0.0,23432.645305200276,0.0,110000.0,12.0,1,42.20697317501122
8811aa4b1bfffff,55.44491657778854,37.240773392454265,0.0,0.0,0.0,0.0,0.0,0.0,0.0,0.0,1.0,0.0,0.0,1.0,0.0,2.0,0.0,0.0,0.0,0.0,23432.645305200276,0.0,0.0,0.0,0,41.57757949976465
8811aa4b21fffff,55.398489241338446,37.2344460037908,0.0,1.0,0.0,1.0,0.0,0.0,2.0,0.0,2.0,0.0,0.0,4.0,1.0,0.0,0.0,0.0,0.0,0.0,23432.645305200276,0.0,220000.0,1.0,1,46.13849961553004
8811aa4b23fffff,55.40336182759543,37.24567331499758,0.0,0.0,0.0,0.0,0.0,0.0,0.0,0.0,0.0,0.0,0.0,0.0,0.0,0.0,0.0,0.0,0.0,0.0,23432.645305200276,0.0,220000.0,3.0,1,45.30690207269103
8811aa4b25fffff,55.3901779270046,37.2354268754051,0.0,0.0,0.0,0.0,0.0,0.0,2.0,0.0,0.0,0.0,0.0,2.0,1.0,0.0,0.0,0.0,0.0,0.0,23432.645305200276,1.0,35000.0,4.0,1,46.90036661811154
8811aa4b27fffff,55.39505014721314,37.246652146321956,0.0,0.0,0.0,0.0,0.0,0.0,0.0,0.0,0.0,0.0,0.0,1.0,0.0,0.0,0.0,0.0,0.0,0.0,23432.645305200276,1.0,220000.0,3.0,1,46.07260537254982
8811aa4b29fffff,55.401926737128406,37.22223909668973,0.0,0.0,0.0,0.0,0.0,0.0,0.0,0.0,0.0,0.0,0.0,0.0,0.0,0.0,0.0,0.0,0.0,0.0,23432.645305200276,0.0,35000.0,2.0,1,46.22040479440171
8811aa4b2bfffff,55.406800312860305,37.23346474735204,0.0,0.0,0.0,0.0,0.0,0.0,0.0,0.0,0.0,0.0,0.0,0.0,0.0,0.0,0.0,0.0,0.0,0.0,23432.645305200276,0.0,220000.0,4.0,1,45.382814320053264
8811aa4b31fffff,55.41654559268466,37.25592715433973,0.0,0.0,0.0,0.0,0.0,0.0,0.0,0.0,0.0,0.0,0.0,2.0,0.0,0.0,0.0,0.0,0.0,269249.4240545792,23432.645305200276,3.0,110000.0,5.0,1,43.71418713380856
8811aa4b33fffff,55.4214172951011,37.267163912600694,0.0,0.0,0.0,0.0,0.0,0.0,0.0,0.0,0.0,0.0,0.0,0.0,0.0,1.0,0.0,0.0,0.0,99461.77860581235,23432.645305200276,0.0,110000.0,3.0,1,42.88341486857579
8811aa4b35fffff,55.40823378975972,37.25690432726294,0.0,0.0,0.0,1.0,0.0,0.0,0.0,0.0,0.0,0.0,0.0,0.0,0.0,0.0,0.0,0.0,0.0,176337.2310271975,23432.645305200276,0.0,0.0,0.0,0,44.47767819633213
8811aa4b37fffff,55.4131051269934,37.268139041553745,0.0,0.0,0.0,2.0,0.0,0.0,0.0,0.0,3.0,0.0,0.0,0.0,2.0,0.0,0.0,0.0,0.0,162736.25773100418,23432.645305200276,0.0,0.0,0.0,0,43.6509678967073
8811aa4b39fffff,55.419984459055435,37.24371449984173,0.0,0.0,0.0,0.0,0.0,0.0,0.0,0.0,0.0,0.0,0.0,0.0,0.0,0.0,0.0,0.0,0.0,43611.70171766645,23432.645305200276,0.0,110000.0,10.0,1,43.794316331144486
8811aa4b3dfffff,55.41167326499166,37.244694099579355,0.0,0.0,0.0,0.0,0.0,0.0,0.0,0.0,0.0,0.0,0.0,0.0,0.0,0.0,0.0,0.0,0.0,0.0,23432.645305200276,0.0,110000.0,4.0,1,44.54736595133718
8811aa4b41fffff,55.420538266903186,37.184622839315274,0.0,0.0,0.0,0.0,0.0,0.0,0.0,0.0,0.0,0.0,0.0,0.0,0.0,0.0,0.0,0.0,0.0,0.0,23432.645305200276,0.0,35000.0,11.0,1,45.84774216725394
8811aa4b43fffff,55.42541517569279,37.19584553889107,0.0,0.0,0.0,0.0,0.0,0.0,0.0,0.0,0.0,0.0,0.0,0.0,0.0,0.0,0.0,0.0,0.0,0.0,23432.645305200276,0.0,220000.0,5.0,1,44.990712273294044
8811aa4b45fffff,55.412229634259376,37.18561379833332,0.0,2.0,0.0,1.0,0.0,0.0,2.0,0.0,2.0,0.0,0.0,4.0,3.0,5.0,1.0,0.0,0.0,84178.51176991337,23432.645305200276,3.0,110000.0,3.0,1,46.56120527163947
8811aa4b47fffff,55.417106176489774,37.19683445986772,0.0,3.0,0.0,1.0,0.0,0.0,1.0,0.0,2.0,0.0,0.0,2.0,1.0,1.0,0.0,0.0,0.0,0.0,23432.645305200276,3.0,35000.0,14.0,1,45.70755821223294
8811aa4b49fffff,55.42396875854857,37.17241045813078,0.0,0.0,0.0,0.0,0.0,0.0,0.0,0.0,0.0,0.0,0.0,0.0,0.0,0.0,0.0,0.0,0.0,0.0,23432.645305200276,0.0,35000.0,10.0,1,46.00365571295065
8811aa4b4bfffff,55.428846655699026,37.18363149142,0.0,0.0,0.0,0.0,0.0,0.0,0.0,0.0,0.0,0.0,0.0,0.0,0.0,0.0,0.0,0.0,0.0,0.0,23432.645305200276,0.0,220000.0,2.0,1,45.1420640690159
8811aa4b4dfffff,55.41566073648284,37.173403843320905,0.0,0.0,0.0,0.0,0.0,0.0,0.0,1.0,1.0,0.0,0.0,0.0,0.0,1.0,0.0,0.0,0.0,0.0,23432.645305200276,0.0,0.0,0.0,0,46.706097296162994
8811aa4b5dfffff,55.433723930874066,37.19485622976622,0.0,0.0,0.0,0.0,0.0,0.0,0.0,0.0,1.0,0.0,0.0,0.0,0.0,0.0,0.0,0.0,0.0,0.0,23432.645305200276,0.0,0.0,0.0,0,44.28169443431839
8811aa4b63fffff,55.40536263456016,37.210031426055174,0.0,1.0,0.0,0.0,0.0,0.0,0.0,0.0,0.0,0.0,0.0,2.0,1.0,0.0,0.0,0.0,0.0,0.0,23432.645305200276,1.0,110000.0,7.0,1,46.31823062840416
8811aa4b67fffff,55.397052538633424,37.211017146623895,0.0,0.0,0.0,0.0,0.0,0.0,0.0,0.0,0.0,0.0,0.0,0.0,0.0,0.0,0.0,0.0,0.0,0.0,23432.645305200276,0.0,35000.0,5.0,1,47.060018696051294
8811aa4b69fffff,55.40392075811379,37.186604368702326,0.0,0.0,0.0,0.0,0.0,0.0,0.0,0.0,0.0,0.0,0.0,0.0,0.0,0.0,0.0,0.0,0.0,0.0,23432.645305200276,0.0,110000.0,4.0,1,47.28210241159438
8811aa4b6bfffff,55.40879693361121,37.19782299292396,0.0,0.0,0.0,0.0,0.0,0.0,1.0,0.0,0.0,0.0,0.0,2.0,0.0,0.0,0.0,0.0,0.0,59169.26636857335,23432.645305200276,1.0,110000.0,18.0,1,46.43187115822655
8811aa4c01fffff,55.5789935210009,37.45027828942681,0.0,0.0,0.0,0.0,0.0,0.0,0.0,0.0,0.0,0.0,0.0,2.0,0.0,0.0,0.0,0.0,0.0,0.0,23432.645305200276,0.0,0.0,0.0,0,21.911483136097388
8811aa4c03fffff,55.5838570469611,37.461600545010526,0.0,0.0,0.0,0.0,0.0,0.0,0.0,0.0,0.0,0.0,0.0,3.0,0.0,0.0,0.0,0.0,0.0,8905.992672260458,23432.645305200276,11.0,0.0,0.0,0,21.099597669991503
8811aa4c05fffff,55.57067743034654,37.45122178480623,0.0,0.0,0.0,3.0,0.0,0.0,1.0,2.0,0.0,0.0,0.0,5.0,4.0,3.0,0.0,0.0,2.0,1212506.6408783058,23432.645305200276,28.0,110000.0,0.0,0,22.703962404051108
8811aa4c07fffff,55.57554059897988,37.46254196300411,0.0,0.0,0.0,0.0,0.0,0.0,0.0,0.0,0.0,0.0,0.0,8.0,0.0,4.0,0.0,0.0,0.0,481180.63729247794,23432.645305200276,14.0,110000.0,0.0,0,21.900525681568286
8811aa4c09fffff,55.58244483483332,37.43801382383771,0.0,0.0,0.0,0.0,0.0,0.0,0.0,0.0,2.0,0.0,0.0,7.0,0.0,0.0,0.0,0.0,0.0,717908.0736986462,23432.645305200276,11.0,0.0,0.0,0,21.956434154743224
8811aa4c0bfffff,55.58730936188497,37.44933442181284,0.0,3.0,0.0,2.0,2.0,0.0,4.0,0.0,2.0,0.0,0.0,7.0,8.0,5.0,0.0,0.0,2.0,154673.43494071308,23432.645305200276,18.0,0.0,0.0,0,21.13004303887903
8811aa4c0dfffff,55.57412935145222,37.438959768093945,0.0,0.0,0.0,0.0,0.0,0.0,0.0,0.0,0.0,0.0,0.0,0.0,0.0,0.0,0.0,0.0,0.0,0.0,23432.645305200276,1.0,0.0,0.0,0,22.729632021271684
8811aa4c11fffff,55.59703648331955,37.4719868259672,0.0,1.0,0.0,5.0,0.0,0.0,0.0,1.0,1.0,0.0,0.0,0.0,1.0,5.0,0.0,0.0,4.0,381471.4652536608,23432.645305200276,16.0,500000.0,21.0,1,19.49553543844063
8811aa4c13fffff,55.601899076006305,37.48331863407446,1.0,13.0,1.0,4.0,0.0,1.0,0.0,2.0,2.0,0.0,0.0,9.0,19.0,2.0,0.0,0.0,0.0,1052048.5923382598,23432.645305200276,16.0,220000.0,15.0,1,18.68903870119081
8811aa4c15fffff,55.588719928485204,37.47292653580872,0.0,1.0,0.0,0.0,0.0,0.0,0.0,0.0,0.0,0.0,0.0,2.0,0.0,0.0,0.0,0.0,0.0,303838.97001360747,23432.645305200276,1.0,110000.0,6.0,1,20.294737200912024
8811aa4c17fffff,55.59358216472523,37.48425626278449,0.0,0.0,0.0,0.0,0.0,0.0,0.0,0.0,0.0,0.0,0.0,0.0,0.0,0.0,0.0,0.0,0.0,0.0,23432.645305200276,5.0,500000.0,8.0,1,19.49778197950336
8811aa4c19fffff,55.60048919273976,37.459716594356856,0.0,3.0,0.0,2.0,0.0,0.0,0.0,0.0,0.0,0.0,0.0,3.0,0.0,0.0,0.0,0.0,0.0,381471.4652536608,23432.645305200276,5.0,500000.0,19.0,1,19.531525148507875
8811aa4c1bfffff,55.60535278768631,37.4710467451774,0.0,2.0,0.0,3.0,1.0,0.0,0.0,0.0,0.0,0.0,0.0,6.0,0.0,3.0,0.0,0.0,2.0,24199.386193727543,23432.645305200276,11.0,0.0,0.0,0,18.708231608380277
8811aa4c1dfffff,55.59217324499634,37.46065875553458,0.0,0.0,1.0,4.0,10.0,0.0,2.0,1.0,1.0,0.0,0.0,2.0,3.0,9.0,0.0,0.0,2.0,258691.12095107985,23432.645305200276,0.0,0.0,0.0,0,20.309494146437196
8811aa4c21fffff,55.55890695456328,37.46442368542097,0.0,0.0,6.0,3.0,0.0,3.0,1.0,0.0,16.0,2.0,0.0,9.0,0.0,3.0,0.0,0.0,0.0,343032.21060983656,23432.645305200276,7.0,0.0,0.0,0,23.530431401292578
8811aa4c23fffff,55.56376876463557,37.47574344183274,0.0,0.0,2.0,8.0,4.0,2.0,1.0,8.0,22.0,1.0,0.0,3.0,2.0,7.0,1.0,0.0,0.0,518212.06093016034,23432.645305200276,15.0,0.0,0.0,0,22.751133033929182
8811aa4c25fffff,55.55058975881991,37.46536399028222,0.0,0.0,0.0,2.0,1.0,0.0,0.0,1.0,1.0,0.0,0.0,0.0,4.0,3.0,0.0,0.0,0.0,357068.1144762664,23432.645305200276,0.0,0.0,0.0,0,24.35753803100476
8811aa4c27fffff,55.5554512113901,37.47668167006947,0.0,0.0,0.0,0.0,0.0,0.0,0.0,0.0,0.0,0.0,0.0,1.0,0.0,0.0,0.0,0.0,0.0,2236.7744091649297,23432.645305200276,4.0,0.0,0.0,0,23.586137228132095
8811aa4c29fffff,55.56236109026779,37.45216490817073,0.0,1.0,0.0,0.0,0.0,0.0,0.0,0.0,0.0,0.0,0.0,2.0,0.0,0.0,0.0,0.0,0.0,395009.27361192997,23432.645305200276,14.0,110000.0,0.0,0,23.506367385986746
8811aa4c2bfffff,55.56722390139862,37.463483009734574,0.0,0.0,0.0,1.0,0.0,2.0,0.0,0.0,8.0,1.0,0.0,9.0,1.0,0.0,0.0,0.0,0.0,147457.161297218,23432.645305200276,11.0,0.0,0.0,0,22.711136134766754
8811aa4c31fffff,55.576947591616296,37.48613041049704,0.0,1.0,7.0,2.0,5.0,0.0,3.0,2.0,9.0,0.0,0.0,4.0,2.0,6.0,0.0,0.0,0.0,214221.72102847055,23432.645305200276,8.0,500000.0,6.0,1,21.144703133665736
8811aa4c35fffff,55.56862993048039,37.48706692993627,1.0,9.0,2.0,14.0,10.0,0.0,2.0,4.0,7.0,0.0,1.0,12.0,11.0,16.0,0.0,0.0,18.0,622306.3574599974,23432.645305200276,35.0,0.0,0.0,0,21.980682184402884
8811aa4c37fffff,55.57349045125025,37.498394150692135,0.0,1.0,0.0,2.0,1.0,0.0,0.0,2.0,1.0,0.0,0.0,1.0,0.0,2.0,0.0,0.0,0.0,251587.45334435548,23432.645305200276,10.0,500000.0,4.0,1,21.220052010075452
8811aa4c39fffff,55.58040312352912,37.47386587492095,0.0,1.0,0.0,0.0,1.0,0.0,0.0,2.0,1.0,0.0,0.0,8.0,0.0,3.0,0.0,0.0,0.0,207641.63014863394,23432.645305200276,28.0,110000.0,7.0,1,21.1044886362879
8811aa4c3bfffff,55.58526500314658,37.48519352151921,0.0,0.0,0.0,0.0,0.0,0.0,0.0,0.0,0.0,0.0,0.0,0.0,0.0,0.0,0.0,0.0,0.0,0.0,23432.645305200276,2.0,500000.0,5.0,1,20.31673092870862
8811aa4c3dfffff,55.57208606879726,37.47480484352274,0.0,1.0,13.0,7.0,8.0,0.0,4.0,4.0,16.0,0.0,0.0,6.0,6.0,14.0,0.0,0.0,8.0,78464.86532857407,23432.645305200276,21.0,0.0,0.0,0,21.923624061832996
8811aa4c43fffff,55.58589454045045,37.4257485672841,0.0,0.0,0.0,1.0,0.0,0.0,0.0,0.0,8.0,0.0,0.0,2.0,0.0,1.0,0.0,0.0,0.0,0.0,23432.645305200276,0.0,0.0,0.0,0,22.035159456695062
8811aa4c45fffff,55.5727138522989,37.41538383126747,0.0,0.0,0.0,0.0,0.0,0.0,0.0,0.0,0.0,0.0,0.0,6.0,0.0,0.0,0.0,0.0,0.0,28623.453468170075,23432.645305200276,0.0,0.0,0.0,0,23.624252576171994
8811aa4c47fffff,55.5775796646889,37.42669696064437,0.0,0.0,0.0,0.0,0.0,0.0,0.0,0.0,0.0,0.0,0.0,4.0,0.0,0.0,0.0,0.0,0.0,0.0,23432.645305200276,0.0,0.0,0.0,0,22.78802312548784
8811aa4c49fffff,55.584475467449884,37.40216897772205,0.0,0.0,0.0,0.0,0.0,0.0,0.0,0.0,0.0,0.0,0.0,1.0,0.0,0.0,0.0,0.0,0.0,0.0,23432.645305200276,6.0,0.0,0.0,0,23.001790310659135
8811aa4c51fffff,55.599075051427974,37.43612081548667,0.0,0.0,2.0,0.0,0.0,0.0,1.0,0.0,1.0,0.0,0.0,1.0,0.0,0.0,0.0,0.0,2.0,30334.691746856846,23432.645305200276,1.0,0.0,0.0,0,20.44869519338553
8811aa4c53fffff,55.60394029295882,37.44744556900182,0.0,1.0,0.0,0.0,0.0,0.0,1.0,0.0,11.0,0.0,0.0,9.0,0.0,1.0,0.0,0.0,0.0,111670.23193142637,23432.645305200276,18.0,500000.0,11.0,1,19.605527901700594
8811aa4c55fffff,55.590760068273845,37.43706750637542,0.0,1.0,2.0,0.0,0.0,0.0,0.0,3.0,0.0,0.0,0.0,1.0,0.0,1.0,0.0,0.0,0.0,0.0,23432.645305200276,0.0,0.0,0.0,0,21.195660782745325
8811aa4c57fffff,55.595624952652884,37.44839018174451,0.0,0.0,2.0,1.0,0.0,0.0,3.0,2.0,0.0,0.0,0.0,1.0,0.0,3.0,0.0,0.0,0.0,28337.99279002819,23432.645305200276,3.0,0.0,0.0,0,20.360909689186425
8811aa4c59fffff,55.60252354129518,37.42385065780963,0.0,3.0,0.0,0.0,0.0,0.0,0.0,0.0,1.0,0.0,0.0,4.0,0.0,0.0,0.0,0.0,0.0,0.0,23432.645305200276,2.0,0.0,0.0,0,20.5723730291077
8811aa4c5bfffff,55.60738978395,37.43517375095091,0.0,0.0,0.0,0.0,0.0,0.0,3.0,0.0,0.0,0.0,0.0,6.0,0.0,0.0,0.0,0.0,0.0,24361.839013763143,23432.645305200276,17.0,0.0,0.0,0,19.717103119060084
8811aa4c5dfffff,55.594209166101116,37.42479979974618,0.0,4.0,1.0,1.0,3.0,0.0,0.0,0.0,0.0,0.0,0.0,2.0,0.0,5.0,0.0,0.0,2.0,0.0,23432.645305200276,0.0,0.0,0.0,0,21.29611414808256
8811aa4c61fffff,55.560949164216474,37.428592625714906,0.0,1.0,0.0,0.0,0.0,0.0,0.0,0.0,0.0,0.0,0.0,0.0,0.0,0.0,0.0,0.0,0.0,108435.59472575762,23432.645305200276,3.0,0.0,0.0,0,24.330063122879736
8811aa4c63fffff,55.56581361847642,37.43990533936432,1.0,5.0,0.0,3.0,2.0,0.0,0.0,0.0,2.0,1.0,1.0,4.0,3.0,3.0,0.0,0.0,6.0,237061.62157123938,23432.645305200276,6.0,0.0,0.0,0,23.514031794163397
8811aa4c65fffff,55.552633540197384,37.429539897866256,0.0,3.0,0.0,2.0,0.0,1.0,0.0,0.0,3.0,0.0,0.0,8.0,0.0,0.0,0.0,0.0,0.0,0.0,23432.645305200276,4.0,220000.0,2.0,1,25.117015807327512
8811aa4c67fffff,55.55749763625182,37.440850537868904,0.0,4.0,0.0,3.0,0.0,1.0,1.0,1.0,2.0,1.0,1.0,7.0,0.0,0.0,0.0,0.0,0.0,23973.52760957649,23432.645305200276,5.0,110000.0,0.0,0,24.308552009563382
8811aa4c69fffff,55.56439908497799,37.41633392432359,0.0,0.0,0.0,0.0,0.0,0.0,0.0,0.0,0.0,0.0,0.0,4.0,0.0,0.0,0.0,0.0,0.0,0.0,23432.645305200276,10.0,0.0,0.0,0,24.382160451859747
8811aa4c6bfffff,55.56926453916228,37.427644980047766,0.0,0.0,0.0,0.0,0.0,0.0,1.0,0.0,0.0,0.0,0.0,0.0,0.0,0.0,0.0,0.0,0.0,0.0,23432.645305200276,0.0,0.0,0.0,0,23.553383134546017
8811aa4c6dfffff,55.55608406841333,37.41728364289394,0.0,1.0,0.0,0.0,0.0,0.0,8.0,0.0,11.0,0.0,0.0,0.0,0.0,10.0,0.0,0.0,0.0,201283.2160714235,23432.645305200276,11.0,0.0,0.0,0,25.1514681290437
8811aa4c81fffff,55.613024639872634,37.529612551706514,0.0,0.0,0.0,3.0,1.0,0.0,1.0,2.0,10.0,1.0,0.0,6.0,3.0,5.0,0.0,0.0,0.0,399238.52407661785,23432.645305200276,8.0,0.0,0.0,0,16.41213442135483
8811aa4c83fffff,55.61788363696014,37.540960973997876,0.0,2.0,0.0,1.0,1.0,0.0,2.0,2.0,6.0,0.0,0.0,8.0,3.0,2.0,0.0,0.0,2.0,163072.02578720366,23432.645305200276,12.0,0.0,0.0,0,15.673874369944434
8811aa4c85fffff,55.60470605533212,37.53054147395641,0.0,4.0,2.0,17.0,9.0,2.0,3.0,7.0,34.0,1.0,2.0,21.0,28.0,12.0,3.0,0.0,20.0,327044.67649905884,23432.645305200276,21.0,0.0,0.0,0,17.271219222396258
8811aa4c87fffff,55.609564697562696,37.54188780837962,0.0,5.0,0.0,6.0,11.0,0.0,0.0,10.0,5.0,1.0,1.0,10.0,15.0,12.0,0.0,0.0,14.0,319683.66826652817,23432.645305200276,38.0,0.0,0.0,0,16.543567525159744
8811aa4c89fffff,55.61648297176015,37.517336494073525,0.0,6.0,1.0,1.0,0.0,2.0,0.0,3.0,1.0,0.0,0.0,2.0,1.0,1.0,0.0,0.0,2.0,185080.7080143508,23432.645305200276,6.0,0.0,0.0,0,16.325454325412736
8811aa4c8bfffff,55.621342973411465,37.52868326250613,0.0,0.0,0.0,0.0,0.0,0.0,0.0,1.0,5.0,0.0,0.0,1.0,0.0,0.0,0.0,0.0,0.0,19320.85044838218,23432.645305200276,0.0,0.0,0.0,0,15.560989249882473
8811aa4c8dfffff,55.6081649932558,37.51826787040017,0.0,1.0,0.0,0.0,5.0,0.0,2.0,2.0,28.0,0.0,0.0,12.0,4.0,9.0,0.0,0.0,2.0,292813.76084984816,23432.645305200276,22.0,0.0,0.0,0,17.16542401147404
8811aa4c91fffff,55.631061026214375,37.551388027787915,0.0,0.0,0.0,0.0,0.0,0.0,1.0,1.0,12.0,0.0,0.0,0.0,0.0,0.0,0.0,0.0,0.0,0.0,23432.645305200276,0.0,0.0,0.0,0,14.078720937820904
8811aa4c93fffff,55.63591907566475,37.56274602655762,0.0,0.0,0.0,0.0,0.0,0.0,4.0,0.0,12.0,1.0,0.0,0.0,0.0,0.0,0.0,0.0,0.0,0.0,23432.645305200276,0.0,220000.0,0.0,0,13.366123250524296
8811aa4c95fffff,55.62274198366817,37.55231313823413,0.0,0.0,0.0,0.0,0.0,0.0,0.0,0.0,5.0,0.0,0.0,0.0,0.0,0.0,0.0,0.0,0.0,0.0,23432.645305200276,0.0,0.0,0.0,0,14.952883511365181
8811aa4c97fffff,55.627599679146236,37.56366904537463,0.0,0.0,0.0,0.0,0.0,0.0,1.0,0.0,2.0,1.0,0.0,0.0,0.0,0.0,0.0,0.0,0.0,0.0,23432.645305200276,0.0,0.0,0.0,0,14.251797010841207
8811aa4c99fffff,55.63452076187547,37.53910620644168,1.0,5.0,0.0,5.0,4.0,0.0,11.0,4.0,56.0,5.0,1.0,9.0,10.0,10.0,1.0,0.0,6.0,399826.07112967334,23432.645305200276,29.0,220000.0,5.0,1,13.957118397616993
8811aa4c9bfffff,55.639379817060494,37.55046255169284,1.0,8.0,0.0,1.0,0.0,0.0,5.0,0.0,15.0,5.0,0.0,3.0,0.0,2.0,0.0,0.0,0.0,215838.46690020902,23432.645305200276,6.0,220000.0,2.0,1,13.211932790244823
8811aa4c9dfffff,55.62620232517968,37.54003377342408,0.0,0.0,0.0,0.0,0.0,1.0,0.0,6.0,7.0,3.0,0.0,2.0,0.0,0.0,0.0,0.0,0.0,88298.48633538482,23432.645305200276,4.0,0.0,0.0,0,14.811287187393393
8811aa4ca1fffff,55.59292606661782,37.543740379432485,0.0,0.0,0.0,1.0,4.0,0.0,1.0,2.0,5.0,1.0,0.0,15.0,1.0,6.0,1.0,0.0,2.0,205369.7203196586,23432.645305200276,22.0,0.0,0.0,0,18.300227163814352
8811aa4ca3fffff,55.597783349288015,37.55508627784045,2.0,0.0,0.0,0.0,0.0,3.0,1.0,2.0,17.0,6.0,1.0,10.0,1.0,3.0,0.0,0.0,2.0,100063.29107711012,23432.645305200276,4.0,0.0,0.0,0,17.608632809523687
8811aa4ca5fffff,55.58460637576243,37.544666116535915,0.0,2.0,0.0,1.0,0.0,0.0,2.0,3.0,0.0,0.0,0.0,2.0,1.0,1.0,0.0,0.0,0.0,233363.87948380006,23432.645305200276,0.0,220000.0,4.0,1,19.185619594394506
8811aa4ca7fffff,55.58946330340071,37.55600992785123,0.0,0.0,1.0,0.0,0.0,1.0,1.0,0.0,4.0,1.0,0.0,0.0,0.0,0.0,0.0,0.0,0.0,0.0,23432.645305200276,0.0,0.0,0.0,0,18.502330509345196
8811aa4ca9fffff,55.596387220135874,37.53147002947265,0.0,1.0,1.0,1.0,4.0,0.0,1.0,5.0,1.0,0.0,0.0,11.0,0.0,5.0,0.0,0.0,6.0,216635.82331641173,23432.645305200276,14.0,0.0,0.0,0,18.1371194271871
8811aa4cabfffff,55.60124550733326,37.54281427678575,0.0,8.0,2.0,6.0,10.0,0.0,0.0,2.0,4.0,1.0,1.0,8.0,7.0,15.0,3.0,0.0,2.0,134714.5014550362,23432.645305200276,14.0,0.0,0.0,0,17.419306461318893
8811aa4cadfffff,55.58806813462984,37.53239821847187,0.0,1.0,0.0,1.0,0.0,0.0,0.0,0.0,1.0,0.0,0.0,2.0,0.0,0.0,0.0,0.0,0.0,533925.0403656928,23432.645305200276,1.0,220000.0,5.0,1,19.008907444641594
8811aa4cb1fffff,55.610960131863294,37.56551398920687,0.0,0.0,0.0,0.0,0.0,0.0,0.0,0.0,16.0,0.0,0.0,0.0,0.0,0.0,0.0,0.0,0.0,0.0,23432.645305200276,0.0,0.0,0.0,0,16.03760838651567
8811aa4cb3fffff,55.615816467495705,37.57686945623041,0.0,4.0,2.0,1.0,1.0,0.0,0.0,2.0,8.0,1.0,3.0,2.0,1.0,2.0,0.0,0.0,2.0,281879.7648866162,23432.645305200276,2.0,0.0,0.0,0,15.378595193872536
8811aa4cb5fffff,55.602639981790766,37.566435914653134,0.0,0.0,0.0,0.0,0.0,0.0,0.0,0.0,1.0,0.0,0.0,0.0,0.0,0.0,0.0,0.0,0.0,0.0,23432.645305200276,0.0,0.0,0.0,0,16.936229430296407
8811aa4cb7fffff,55.60749596327606,37.57778929082737,4.0,2.0,3.0,2.0,0.0,0.0,0.0,3.0,3.0,0.0,0.0,4.0,2.0,4.0,0.0,0.0,0.0,322084.36208795436,23432.645305200276,8.0,0.0,0.0,0,16.28540657561055
8811aa4cb9fffff,55.61442268976776,37.55323788324765,0.0,0.0,0.0,1.0,2.0,0.0,1.0,3.0,15.0,0.0,0.0,4.0,5.0,6.0,0.0,0.0,0.0,24420.319012077816,23432.645305200276,7.0,0.0,0.0,0,15.833203657043823
8811aa4cbdfffff,55.60610314485905,37.554162263044475,0.0,1.0,1.0,1.0,1.0,0.0,0.0,4.0,17.0,1.0,0.0,2.0,1.0,5.0,0.0,0.0,0.0,38793.82643698545,23432.645305200276,1.0,0.0,0.0,0,16.718713018658363
8811aa4cc1fffff,55.615078038763926,37.49371826530009,1.0,9.0,0.0,1.0,3.0,1.0,0.0,2.0,3.0,0.0,0.0,7.0,6.0,7.0,0.0,0.0,0.0,157834.16515904004,23432.645305200276,16.0,220000.0,1.0,1,17.08348068507379
8811aa4cc3fffff,55.619939693196834,37.50505963652947,0.0,4.0,1.0,36.0,22.0,3.0,5.0,14.0,16.0,4.0,1.0,33.0,90.0,33.0,1.0,0.0,18.0,1009196.3848407173,23432.645305200276,30.0,220000.0,4.0,1,16.284226690857615
8811aa4cc5fffff,55.60676102220805,37.494654180819566,1.0,0.0,0.0,14.0,1.0,0.0,1.0,2.0,3.0,1.0,0.0,5.0,57.0,5.0,0.0,0.0,6.0,1697677.5761865638,23432.645305200276,7.0,220000.0,40.0,1,17.891024259838222
8811aa4cc7fffff,55.61162232107577,37.505993467165204,0.0,2.0,0.0,0.0,0.0,0.0,6.0,0.0,1.0,0.0,0.0,0.0,0.0,1.0,0.0,0.0,0.0,61335.90860391748,23432.645305200276,1.0,220000.0,9.0,1,17.102691200628083
8811aa4cc9fffff,55.618532146292466,37.481442265853865,0.0,3.0,0.0,2.0,0.0,0.0,0.0,0.0,1.0,1.0,0.0,11.0,7.0,4.0,0.0,0.0,2.0,82798.86845559673,23432.645305200276,7.0,0.0,0.0,0,17.107924594659156
8811aa4ccbfffff,55.62339480415468,37.49278198012359,0.0,2.0,3.0,1.0,1.0,0.0,0.0,0.0,1.0,1.0,0.0,6.0,0.0,2.0,0.0,0.0,0.0,285594.3320297649,23432.645305200276,9.0,0.0,0.0,0,16.288781434891355
8811aa4ccdfffff,55.610215736644,37.48238063517051,0.0,0.0,0.0,1.0,0.0,0.0,1.0,1.0,2.0,0.0,0.0,5.0,4.0,1.0,0.0,0.0,2.0,0.0,23432.645305200276,1.0,0.0,2.0,1,17.891881097392442
8811aa4cd1fffff,55.63311817490888,37.51547263742637,6.0,6.0,6.0,50.0,27.0,0.0,3.0,21.0,76.0,1.0,3.0,22.0,76.0,31.0,1.0,0.0,24.0,759037.9263363272,23432.645305200276,25.0,220000.0,4.0,1,14.677405311313764
8811aa4cd3fffff,55.63797888610073,37.526823582385795,5.0,7.0,4.0,20.0,19.0,2.0,28.0,18.0,226.0,15.0,1.0,12.0,44.0,23.0,0.0,0.0,56.0,532982.1509211268,23432.645305200276,39.0,0.0,0.0,0,13.888323678876603
8811aa4cd5fffff,55.6248006990931,37.51640474982144,0.0,1.0,0.0,3.0,4.0,0.0,2.0,4.0,16.0,3.0,0.0,5.0,4.0,4.0,0.0,0.0,2.0,420401.8347502441,23432.645305200276,16.0,220000.0,2.0,1,15.495547377167128
8811aa4cd7fffff,55.62966105560276,37.52775360613827,0.0,1.0,0.0,2.0,2.0,4.0,8.0,3.0,111.0,8.0,1.0,5.0,0.0,2.0,0.0,0.0,2.0,369412.4136250493,23432.645305200276,23.0,220000.0,3.0,1,14.719156241691147
8811aa4cd9fffff,55.63657368306986,37.503190868338486,0.0,0.0,1.0,0.0,1.0,1.0,1.0,1.0,51.0,1.0,1.0,4.0,0.0,1.0,0.0,0.0,0.0,10124.040477805942,23432.645305200276,8.0,0.0,0.0,0,14.68644719177332
8811aa4cdbfffff,55.64143539886174,37.51454015667057,2.0,6.0,14.0,17.0,9.0,0.0,8.0,21.0,83.0,1.0,4.0,1.0,9.0,14.0,2.0,0.0,12.0,44621.35012046548,23432.645305200276,23.0,0.0,0.0,0,13.873104538375799
8811aa4cddfffff,55.628256813976776,37.50412543699328,0.0,2.0,2.0,2.0,2.0,0.0,0.0,4.0,30.0,0.0,1.0,0.0,3.0,7.0,0.0,0.0,2.0,79355.30202909613,23432.645305200276,0.0,0.0,0.0,0,15.478134526505716
8811aa4ce1fffff,55.59498682419357,37.50786002260703,0.0,4.0,0.0,2.0,0.0,1.0,0.0,1.0,0.0,0.0,0.0,2.0,1.0,2.0,0.0,0.0,2.0,169168.87280142985,23432.645305200276,3.0,220000.0,6.0,1,18.770255328461843
8811aa4ce3fffff,55.59984676392592,37.519198879018795,0.0,0.0,4.0,3.0,2.0,1.0,2.0,3.0,16.0,0.0,0.0,7.0,3.0,6.0,1.0,0.0,2.0,107092.26070089485,23432.645305200276,14.0,0.0,0.0,0,18.014052834014155
8811aa4ce5fffff,55.586668700124214,37.508792747848524,0.0,0.0,0.0,0.0,0.0,0.0,0.0,0.0,1.0,0.0,0.0,0.0,0.0,0.0,0.0,0.0,0.0,0.0,23432.645305200276,0.0,0.0,0.0,0,19.616758205229477
8811aa4ce7fffff,55.59152828411646,37.52012952014662,0.0,0.0,0.0,0.0,0.0,0.0,0.0,0.0,0.0,0.0,0.0,2.0,0.0,0.0,0.0,0.0,0.0,0.0,23432.645305200276,0.0,220000.0,7.0,1,18.87017636351667
8811aa4ce9fffff,55.59844375483285,37.4955897269004,0.0,4.0,0.0,1.0,0.0,0.0,0.0,0.0,0.0,0.0,1.0,0.0,0.0,0.0,0.0,0.0,0.0,1265829.366282158,23432.645305200276,1.0,0.0,0.0,0,18.709752914468055
8811aa4cebfffff,55.6033046979594,37.50692692911846,0.0,3.0,1.0,2.0,0.0,0.0,3.0,0.0,2.0,0.0,0.0,6.0,3.0,0.0,0.0,0.0,0.0,642321.1709382357,23432.645305200276,10.0,220000.0,2.0,1,17.931837997988445
8811aa4d01fffff,55.52077566061959,37.4568749524451,0.0,0.0,0.0,0.0,0.0,0.0,0.0,0.0,0.0,0.0,0.0,4.0,0.0,0.0,0.0,0.0,0.0,49791.99479203819,23432.645305200276,0.0,0.0,0.0,0,27.63675090188219
8811aa4d03fffff,55.525636681602805,37.468182682101435,0.0,1.0,0.0,0.0,0.0,0.0,0.0,0.0,0.0,0.0,0.0,2.0,0.0,0.0,0.0,0.0,0.0,0.0,23432.645305200276,0.0,0.0,0.0,0,26.87850813178586
8811aa4d05fffff,55.51245783126211,37.45781584832303,0.0,0.0,0.0,0.0,0.0,0.0,0.0,0.0,0.0,0.0,0.0,2.0,0.0,0.0,0.0,0.0,0.0,0.0,23432.645305200276,0.0,0.0,0.0,0,28.481711057755863
8811aa4d09fffff,55.52423122178593,37.444627608624074,0.0,5.0,0.0,2.0,0.0,1.0,1.0,2.0,4.0,2.0,0.0,5.0,2.0,3.0,0.0,0.0,0.0,107030.9432956169,23432.645305200276,1.0,0.0,0.0,0,27.57022792329038
8811aa4d0bfffff,55.52909324262942,37.455933685866505,0.0,0.0,0.0,0.0,0.0,13.0,2.0,3.0,24.0,8.0,0.0,0.0,0.0,1.0,0.0,0.0,0.0,16529.33073744239,23432.645305200276,7.0,0.0,0.0,0,26.797305188218285
8811aa4d0dfffff,55.5159139985082,37.44557094659427,0.0,0.0,0.0,0.0,0.0,0.0,0.0,0.0,0.0,0.0,0.0,2.0,0.0,0.0,0.0,0.0,0.0,0.0,23432.645305200276,5.0,0.0,0.0,0,28.40295839953158
8811aa4d11fffff,55.538815359032235,37.4785570171962,0.0,1.0,0.0,3.0,1.0,0.0,0.0,1.0,2.0,0.0,0.0,4.0,1.0,2.0,0.0,0.0,4.0,666800.4381042338,23432.645305200276,30.0,0.0,0.0,0,25.2756646432885
8811aa4d13fffff,55.54367545289938,37.48987427320235,0.0,1.0,5.0,15.0,19.0,0.0,0.0,7.0,21.0,0.0,0.0,9.0,20.0,11.0,0.0,0.0,12.0,890782.6688756546,23432.645305200276,69.0,0.0,0.0,0,24.528464803091584
8811aa4d15fffff,55.5304970606122,37.47949413652234,0.0,0.0,0.0,0.0,0.0,0.0,0.0,0.0,1.0,0.0,0.0,0.0,0.0,0.0,0.0,0.0,0.0,0.0,23432.645305200276,4.0,0.0,0.0,0,26.12893117038526
8811aa4d17fffff,55.53535679680181,37.49080931666635,0.0,0.0,0.0,0.0,0.0,1.0,0.0,0.0,0.0,0.0,0.0,0.0,0.0,0.0,0.0,0.0,0.0,111968.7819643859,23432.645305200276,4.0,0.0,0.0,0,25.388795476254693
8811aa4d19fffff,55.542272314514584,37.46630392453704,0.0,0.0,0.0,0.0,0.0,0.0,0.0,0.0,3.0,0.0,0.0,0.0,0.0,0.0,0.0,0.0,0.0,8206.750143511721,23432.645305200276,1.0,0.0,0.0,0,25.191689440362474
8811aa4d1bfffff,55.54713340940693,37.47761952845124,0.0,0.0,0.0,1.0,3.0,0.0,0.0,0.0,4.0,4.0,0.0,0.0,2.0,5.0,0.0,0.0,2.0,160983.06727296064,23432.645305200276,32.0,0.0,0.0,0,24.427870937728827
8811aa4d1dfffff,55.533954621993495,37.46724348840397,0.0,0.0,0.0,0.0,0.0,0.0,0.0,0.0,1.0,0.0,0.0,0.0,0.0,0.0,0.0,0.0,0.0,9892.606997094465,23432.645305200276,9.0,0.0,0.0,0,26.032211138474818
8811aa4d21fffff,55.50068137667622,37.470998044358105,0.0,0.0,0.0,0.0,0.0,0.0,0.0,0.0,4.0,0.0,0.0,0.0,0.0,0.0,0.0,0.0,0.0,0.0,23432.645305200276,0.0,0.0,0.0,0,29.44707875326678
8811aa4d27fffff,55.49722139340502,37.48323892399234,0.0,2.0,0.0,0.0,0.0,0.0,2.0,1.0,0.0,0.0,0.0,3.0,0.0,0.0,0.0,0.0,0.0,0.0,23432.645305200276,0.0,0.0,0.0,0,29.587259083761012
8811aa4d31fffff,55.518718741328314,37.49267829846204,0.0,0.0,0.0,0.0,0.0,0.0,0.0,0.0,1.0,0.0,0.0,4.0,0.0,0.0,0.0,0.0,0.0,0.0,23432.645305200276,0.0,0.0,0.0,0,27.122922195546096
8811aa4d33fffff,55.5235771186731,37.50399305283567,0.0,0.0,0.0,2.0,0.0,0.0,0.0,2.0,5.0,0.0,0.0,4.0,0.0,3.0,0.0,0.0,0.0,35232.83226805647,23432.645305200276,4.0,110000.0,7.0,1,26.40631305290222
8811aa4d39fffff,55.52217851449311,37.480430886647476,0.0,0.0,0.0,0.0,0.0,0.0,0.0,0.0,0.0,0.0,0.0,2.0,0.0,0.0,0.0,0.0,0.0,0.0,23432.645305200276,0.0,0.0,0.0,0,26.98715401895298
8811aa4d3bfffff,55.52703789282935,37.4917439916805,0.0,2.0,0.0,0.0,0.0,0.0,1.0,0.0,0.0,0.0,0.0,0.0,0.0,0.0,0.0,0.0,0.0,0.0,23432.645305200276,2.0,0.0,0.0,0,26.25376156853817
8811aa4d41fffff,55.52282151663618,37.42107877673206,0.0,0.0,0.0,0.0,0.0,0.0,0.0,0.0,1.0,0.0,0.0,0.0,0.0,1.0,0.0,0.0,0.0,0.0,23432.645305200276,0.0,0.0,0.0,0,28.323968645264518
8811aa4d43fffff,55.527685177160464,37.43237947542731,0.0,0.0,0.0,0.0,0.0,1.0,0.0,0.0,0.0,0.0,0.0,0.0,0.0,0.0,0.0,0.0,0.0,26121.132889730023,23432.645305200276,1.0,0.0,0.0,0,27.530670388697967
8811aa4d49fffff,55.526272867464165,37.40883151068416,0.0,0.0,0.0,0.0,0.0,0.0,0.0,0.0,0.0,0.0,0.0,0.0,0.0,0.0,0.0,0.0,0.0,86479.90870180822,23432.645305200276,0.0,0.0,0.0,0,28.323933030443904
8811aa4d4dfffff,55.51795721681757,37.40978180193798,0.0,0.0,0.0,0.0,0.0,0.0,1.0,0.0,11.0,0.0,0.0,0.0,0.0,0.0,0.0,0.0,0.0,0.0,23432.645305200276,0.0,0.0,0.0,0,29.123149666997538
8811aa4d51fffff,55.54086492544022,37.44273981745999,0.0,1.0,0.0,0.0,0.0,0.0,0.0,0.0,0.0,0.0,0.0,2.0,1.0,0.0,0.0,0.0,0.0,0.0,23432.645305200276,2.0,0.0,0.0,0,25.924231067534265
8811aa4d53fffff,55.54572766322112,37.45405003973273,0.0,0.0,2.0,0.0,1.0,0.0,0.0,0.0,0.0,0.0,0.0,0.0,0.0,1.0,0.0,0.0,0.0,28144.014063780884,23432.645305200276,1.0,0.0,0.0,0,25.137152217536634
8811aa4d55fffff,55.53254819754534,37.443683898985704,0.0,2.0,1.0,6.0,4.0,0.0,0.0,6.0,4.0,0.0,2.0,6.0,5.0,8.0,2.0,0.0,0.0,16236.070623913394,23432.645305200276,5.0,0.0,0.0,0,26.743785909042124
8811aa4d57fffff,55.53741057694533,37.454992048368645,0.0,0.0,1.0,2.0,1.0,0.0,2.0,0.0,3.0,0.0,0.0,4.0,0.0,4.0,0.0,0.0,2.0,206974.0652972358,23432.645305200276,14.0,0.0,0.0,0,25.963906086714054
8811aa4d59fffff,55.544317667451,37.430486796722064,0.0,0.0,0.0,0.0,0.0,0.0,0.0,0.0,0.0,0.0,0.0,0.0,0.0,0.0,0.0,0.0,0.0,0.0,23432.645305200276,0.0,220000.0,2.0,1,25.913308028205467
8811aa4d5bfffff,55.54918140512441,37.44179536382756,0.0,0.0,0.0,0.0,0.0,0.0,0.0,0.0,0.0,0.0,0.0,2.0,0.0,0.0,0.0,0.0,0.0,0.0,23432.645305200276,1.0,220000.0,1.0,1,25.11223490894281
8811aa4d5dfffff,55.53600154632332,37.43143332250244,0.0,0.0,0.0,1.0,0.0,0.0,1.0,0.0,0.0,0.0,0.0,0.0,0.0,0.0,0.0,0.0,0.0,0.0,23432.645305200276,0.0,0.0,0.0,0,26.718107387226894
8811aa4d61fffff,55.50273458492264,37.43521569926555,0.0,1.0,0.0,0.0,0.0,0.0,1.0,0.0,1.0,0.0,0.0,0.0,0.0,0.0,0.0,0.0,0.0,0.0,23432.645305200276,0.0,0.0,0.0,0,30.008628540653355
8811aa4d63fffff,55.50759652805839,37.44651391311532,0.0,0.0,0.0,0.0,0.0,0.0,0.0,0.0,1.0,0.0,0.0,3.0,0.0,0.0,0.0,0.0,0.0,0.0,23432.645305200276,9.0,0.0,0.0,0,29.241442495196345
8811aa4d67fffff,55.49927881078285,37.447456508406056,0.0,0.0,0.0,0.0,0.0,0.0,0.0,0.0,2.0,0.0,0.0,0.0,0.0,1.0,0.0,0.0,0.0,0.0,23432.645305200276,0.0,0.0,0.0,0,30.08520147289508
8811aa4d6bfffff,55.511051696113896,37.43427066358936,0.0,0.0,0.0,0.0,0.0,1.0,2.0,0.0,1.0,0.0,0.0,0.0,0.0,0.0,0.0,0.0,2.0,0.0,23432.645305200276,0.0,0.0,0.0,0,29.176496263392977
8811aa4d81fffff,55.55478929642965,37.53610731362554,0.0,1.0,0.0,0.0,0.0,0.0,0.0,1.0,1.0,0.0,0.0,4.0,0.0,0.0,0.0,0.0,0.0,175528.06646936052,23432.645305200276,12.0,0.0,0.0,0,22.541273021924532
8811aa4d83fffff,55.55964580581769,37.54744113674447,0.0,0.0,0.0,0.0,0.0,0.0,0.0,1.0,0.0,0.0,0.0,0.0,0.0,0.0,0.0,0.0,0.0,0.0,23432.645305200276,0.0,0.0,0.0,0,21.86321403282994
8811aa4d85fffff,55.54646896456649,37.53703367328342,1.0,4.0,1.0,13.0,14.0,0.0,2.0,9.0,11.0,0.0,1.0,10.0,30.0,18.0,1.0,0.0,32.0,689172.1851373559,23432.645305200276,23.0,0.0,0.0,0,23.433127225454676
8811aa4d87fffff,55.551325117863975,37.54836541383194,1.0,6.0,0.0,9.0,10.0,0.0,2.0,10.0,18.0,0.0,2.0,11.0,22.0,18.0,2.0,0.0,8.0,622100.9123477829,23432.645305200276,21.0,0.0,0.0,0,22.76149530406947
8811aa4d89fffff,55.55825186700304,37.52384841408827,0.0,0.0,0.0,0.0,0.0,0.0,0.0,0.0,0.0,0.0,0.0,0.0,0.0,0.0,0.0,0.0,0.0,73113.74190012172,23432.645305200276,0.0,110000.0,0.0,0,22.352351491686
8811aa4d8dfffff,55.54993213998642,37.52477722101441,0.0,2.0,0.0,1.0,0.0,0.0,3.0,1.0,2.0,0.0,0.0,11.0,1.0,3.0,0.0,0.0,0.0,373180.26889930194,23432.645305200276,16.0,110000.0,3.0,1,23.234089212160193
8811aa4d91fffff,55.572822462061715,37.55785613437901,1.0,6.0,1.0,1.0,0.0,0.0,3.0,2.0,1.0,0.0,0.0,2.0,0.0,0.0,0.0,0.0,0.0,227428.06442887706,23432.645305200276,4.0,500000.0,14.0,1,20.29907573698555
8811aa4d93fffff,55.577678030001614,37.569199507695025,0.0,5.0,2.0,1.0,1.0,0.0,2.0,0.0,0.0,0.0,1.0,10.0,6.0,4.0,0.0,0.0,2.0,175186.55656235263,23432.645305200276,15.0,500000.0,11.0,1,19.64871870178457
8811aa4d95fffff,55.56450166730238,37.558778691326495,2.0,9.0,0.0,7.0,1.0,2.0,0.0,6.0,3.0,0.0,0.0,7.0,17.0,6.0,3.0,0.0,2.0,430363.18627928256,23432.645305200276,10.0,0.0,0.0,0,21.201337621819597
8811aa4d97fffff,55.56935688003522,37.57011997832641,1.0,6.0,1.0,12.0,24.0,0.0,11.0,13.0,15.0,2.0,4.0,21.0,23.0,18.0,1.0,0.0,14.0,275763.82868734724,23432.645305200276,13.0,0.0,0.0,0,20.557216661483203
8811aa4d99fffff,55.576286435113154,37.54559148831193,0.0,0.0,0.0,0.0,0.0,0.0,0.0,0.0,0.0,0.0,0.0,0.0,0.0,0.0,0.0,0.0,2.0,0.0,23432.645305200276,0.0,500000.0,7.0,1,20.074895641905048
8811aa4d9bfffff,55.581143007543226,37.55693321329231,0.0,0.0,0.0,0.0,0.0,0.0,1.0,0.0,0.0,0.0,0.0,0.0,0.0,0.0,0.0,0.0,0.0,37645.205044765156,23432.645305200276,0.0,0.0,0.0,0,19.399287674018748
8811aa4d9dfffff,55.56796624501617,37.54651649497626,0.0,0.0,0.0,0.0,0.0,0.0,1.0,0.0,0.0,0.0,0.0,0.0,0.0,0.0,0.0,0.0,0.0,0.0,23432.645305200276,0.0,0.0,0.0,0,20.96756456822387
8811aa4da1fffff,55.53468299707623,37.55021287482543,0.0,0.0,0.0,0.0,0.0,0.0,0.0,0.0,0.0,0.0,0.0,0.0,0.0,0.0,0.0,0.0,2.0,0.0,23432.645305200276,0.0,0.0,0.0,0,24.564809080542748
8811aa4da3fffff,55.53953779082053,37.561544179482645,0.0,2.0,4.0,3.0,1.0,0.0,3.0,1.0,21.0,0.0,0.0,6.0,0.0,2.0,0.0,0.0,8.0,46281.49528244218,23432.645305200276,14.0,0.0,0.0,0,23.920192798463678
8811aa4da5fffff,55.52636156493503,37.551136059161365,0.0,0.0,0.0,0.0,0.0,4.0,0.0,0.0,0.0,0.0,0.0,0.0,0.0,0.0,0.0,0.0,8.0,0.0,23432.645305200276,0.0,0.0,0.0,0,25.469369115906268
8811aa4da7fffff,55.53121600241326,37.56246528202143,0.0,2.0,0.0,0.0,0.0,0.0,0.0,0.0,0.0,0.0,0.0,1.0,0.0,0.0,0.0,0.0,4.0,14875.680039223005,23432.645305200276,0.0,0.0,0.0,0,24.82977629761672
8811aa4da9fffff,55.538148384470674,37.537959667720585,0.0,3.0,0.0,8.0,4.0,0.0,0.0,4.0,7.0,1.0,0.0,12.0,2.0,8.0,0.0,0.0,0.0,143422.53780040634,23432.645305200276,21.0,0.0,0.0,0,24.327723664042427
8811aa4dabfffff,55.54300418150137,37.54928932645391,1.0,7.0,3.0,7.0,6.0,0.0,0.0,3.0,13.0,0.0,1.0,9.0,11.0,11.0,0.0,0.0,10.0,239359.46331461688,23432.645305200276,19.0,0.0,0.0,0,23.662111638909227
8811aa4dadfffff,55.529827556488556,37.53888529715249,0.0,1.0,0.0,0.0,0.0,0.0,0.0,0.0,0.0,0.0,0.0,1.0,0.0,0.0,0.0,0.0,0.0,0.0,23432.645305200276,1.0,0.0,0.0,0,25.224773373021858
8811aa4db1fffff,55.55271383312496,37.571959830303086,0.0,0.0,2.0,2.0,1.0,0.0,1.0,1.0,11.0,0.0,1.0,0.0,0.0,3.0,0.0,0.0,14.0,0.0,23432.645305200276,13.0,0.0,0.0,0,22.379151136622465
8811aa4db3fffff,55.55756768602163,37.58330067732539,0.0,0.0,0.0,1.0,3.0,0.0,1.0,1.0,6.0,1.0,0.0,1.0,2.0,5.0,1.0,0.0,12.0,144191.7965518185,23432.645305200276,8.0,220000.0,2.0,1,21.764666227688714
8811aa4db5fffff,55.54439193687383,37.57287921207702,1.0,1.0,0.0,7.0,1.0,1.0,2.0,3.0,4.0,1.0,0.0,6.0,11.0,11.0,0.0,0.0,4.0,31358.406487544977,23432.645305200276,15.0,0.0,0.0,0,23.292207436581435
8811aa4db7fffff,55.54924543438805,37.58421797356085,0.0,1.0,0.0,0.0,0.0,0.0,0.0,0.0,0.0,0.0,0.0,4.0,0.0,1.0,0.0,0.0,2.0,0.0,23432.645305200276,7.0,0.0,0.0,0,22.68224320386927
8811aa4db9fffff,55.55618062361152,37.559700884349745,0.0,6.0,0.0,12.0,6.0,1.0,1.0,2.0,30.0,1.0,0.0,5.0,9.0,8.0,0.0,0.0,4.0,317686.0972859145,23432.645305200276,11.0,0.0,0.0,0,22.105773626831425
8811aa4dbbfffff,55.561035480960896,37.57104008579097,1.0,4.0,2.0,7.0,4.0,5.0,1.0,7.0,31.0,0.0,2.0,4.0,3.0,6.0,0.0,0.0,2.0,470953.34927430184,23432.645305200276,14.0,0.0,0.0,0,21.46742949866121
8811aa4dbdfffff,55.547859331335445,37.56062271366358,0.0,1.0,4.0,15.0,17.0,0.0,1.0,9.0,16.0,1.0,1.0,15.0,17.0,19.0,0.0,0.0,22.0,138223.6804885437,23432.645305200276,32.0,0.0,0.0,0,23.01213048372554
8811aa4dc1fffff,55.556853667774256,37.50026192335588,0.0,9.0,0.0,3.0,3.0,0.0,1.0,0.0,0.0,0.0,0.0,6.0,5.0,5.0,0.0,0.0,4.0,499138.7452170002,23432.645305200276,29.0,0.0,0.0,0,22.92881152043401
8811aa4dc3fffff,55.561712829555056,37.511588716264406,0.0,0.0,2.0,0.0,0.0,0.0,0.0,0.0,7.0,0.0,0.0,0.0,1.0,1.0,0.0,0.0,0.0,24615.709074485712,23432.645305200276,2.0,110000.0,0.0,0,22.195518840303755
8811aa4dc5fffff,55.54853490274828,37.50119525738109,0.0,1.0,0.0,0.0,0.0,0.0,0.0,0.0,3.0,0.0,0.0,3.0,0.0,2.0,0.0,0.0,0.0,121332.56462829704,23432.645305200276,3.0,0.0,0.0,0,23.7915006873108
8811aa4dc7fffff,55.55339370773195,37.51251997069053,1.0,3.0,10.0,3.0,1.0,0.0,6.0,2.0,54.0,2.0,0.0,6.0,1.0,13.0,0.0,0.0,1.0,449646.2943397946,23432.645305200276,23.0,110000.0,0.0,0,23.065762115428598
8811aa4dc9fffff,55.56031202008486,37.48800308005497,0.0,1.0,0.0,0.0,0.0,0.0,2.0,0.0,2.0,0.0,0.0,7.0,2.0,1.0,0.0,0.0,0.0,418561.771919409,23432.645305200276,9.0,0.0,0.0,0,22.823791394490243
8811aa4dcbfffff,55.56517218405697,37.49932822119868,0.0,8.0,5.0,7.0,6.0,0.0,9.0,4.0,1.0,0.0,0.0,4.0,9.0,10.0,1.0,0.0,8.0,135742.33085814444,23432.645305200276,25.0,110000.0,0.0,0,22.071447899417098
8811aa4dcdfffff,55.5519938607758,37.488938861071084,0.0,2.0,0.0,2.0,1.0,0.0,2.0,0.0,0.0,0.0,0.0,12.0,1.0,3.0,0.0,0.0,2.0,358858.9391092437,23432.645305200276,25.0,0.0,0.0,0,23.673271959303747
8811aa4dd1fffff,55.57489057444268,37.52198970079786,0.0,0.0,0.0,0.0,0.0,0.0,0.0,0.0,0.0,0.0,0.0,0.0,0.0,0.0,0.0,0.0,0.0,134025.9616487234,23432.645305200276,2.0,500000.0,2.0,1,20.60117605979519
8811aa4dd3fffff,55.579748799160086,37.533326041170554,0.0,0.0,0.0,0.0,0.0,0.0,0.0,0.0,0.0,0.0,0.0,0.0,0.0,0.0,0.0,0.0,0.0,533925.0403656928,23432.645305200276,0.0,0.0,0.0,0,19.885812516110033
8811aa4dd7fffff,55.57142921407268,37.534253497784995,0.0,0.0,0.0,0.0,0.0,1.0,0.0,0.0,0.0,0.0,0.0,0.0,0.0,0.0,0.0,0.0,0.0,0.0,23432.645305200276,0.0,500000.0,2.0,1,20.767189868281566
8811aa4ddbfffff,55.58320955417336,37.52105979400067,0.0,0.0,0.0,0.0,0.0,0.0,0.0,0.0,0.0,0.0,0.0,0.0,0.0,0.0,0.0,0.0,0.0,985920.407958277,23432.645305200276,0.0,0.0,0.0,0,19.732822750030177
8811aa4dddfffff,55.57003170245889,37.510657094460015,0.0,0.0,0.0,0.0,0.0,0.0,0.0,0.0,0.0,0.0,0.0,0.0,0.0,0.0,0.0,0.0,0.0,0.0,23432.645305200276,0.0,500000.0,2.0,1,21.330174544110623
8811aa4de1fffff,55.53675471871288,37.51438137827496,0.0,4.0,1.0,13.0,7.0,0.0,1.0,4.0,5.0,0.0,0.0,12.0,9.0,13.0,0.0,0.0,8.0,98469.10534437376,23432.645305200276,15.0,110000.0,6.0,1,24.818892860400428
8811aa4de3fffff,55.54161216456696,37.5257056617495,1.0,5.0,0.0,3.0,5.0,0.0,2.0,9.0,6.0,0.0,2.0,8.0,6.0,10.0,0.0,0.0,4.0,118253.3764873322,23432.645305200276,11.0,110000.0,6.0,1,24.119332008208577
8811aa4de5fffff,55.52843485220949,37.515311531866296,0.0,1.0,2.0,18.0,3.0,1.0,0.0,1.0,13.0,0.0,0.0,14.0,12.0,9.0,0.0,0.0,6.0,169715.98806942417,23432.645305200276,37.0,110000.0,4.0,1,25.70092333628253
8811aa4de7fffff,55.533291941090965,37.526633736509574,1.0,1.0,2.0,6.0,10.0,1.0,0.0,7.0,11.0,2.0,3.0,9.0,14.0,14.0,0.0,0.0,6.0,225697.74177986087,23432.645305200276,23.0,0.0,0.0,0,25.007710476409898
8811aa4de9fffff,55.540215889325246,37.502128223491475,0.0,1.0,2.0,2.0,4.0,0.0,0.0,4.0,14.0,0.0,0.0,14.0,0.0,5.0,0.0,0.0,0.0,193908.86592797292,23432.645305200276,24.0,0.0,0.0,0,24.658959331149923
8811aa4debfffff,55.54507433733581,37.51345085795519,1.0,2.0,0.0,2.0,4.0,0.0,1.0,3.0,1.0,0.0,0.0,11.0,2.0,3.0,0.0,0.0,6.0,42399.67521193676,23432.645305200276,17.0,0.0,0.0,0,23.940373089257193
8811aa4dedfffff,55.53189662785141,37.503060821904064,0.0,0.0,4.0,0.0,1.0,0.0,0.0,2.0,4.0,0.0,0.0,4.0,1.0,2.0,0.0,1.0,2.0,0.0,23432.645305200276,11.0,0.0,0.0,0,25.53070405914907
8811aa4e01fffff,55.603118944397686,37.36441045673325,0.0,0.0,7.0,1.0,3.0,0.0,4.0,1.0,14.0,0.0,1.0,10.0,3.0,5.0,0.0,0.0,2.0,708041.8036648025,23432.645305200276,40.0,0.0,0.0,0,22.917620305288988
8811aa4e03fffff,55.60798947127525,37.375721082284684,0.0,0.0,0.0,0.0,0.0,0.0,0.0,0.0,14.0,0.0,0.0,0.0,0.0,0.0,0.0,0.0,0.0,32197.59401638341,23432.645305200276,0.0,110000.0,2.0,1,22.03405493678797
8811aa4e05fffff,55.594807111924474,37.36537109899938,1.0,0.0,4.0,3.0,3.0,0.0,1.0,2.0,6.0,0.0,0.0,7.0,8.0,8.0,0.0,0.0,4.0,349795.4233215197,23432.645305200276,34.0,110000.0,3.0,1,23.557148171145347
8811aa4e07fffff,55.59967728024489,37.376679652385214,8.0,3.0,9.0,2.0,2.0,0.0,0.0,1.0,111.0,0.0,0.0,2.0,0.0,1.0,0.0,0.0,0.0,359171.9153583431,23432.645305200276,12.0,110000.0,4.0,1,22.678288836054524
8811aa4e09fffff,55.60655900018245,37.352140476409424,0.0,0.0,3.0,5.0,3.0,1.0,1.0,5.0,26.0,0.0,0.0,10.0,12.0,6.0,0.0,0.0,8.0,352020.3023153821,23432.645305200276,28.0,0.0,0.0,0,23.18659582293783
8811aa4e0bfffff,55.61143052590824,37.363449435430276,0.0,0.0,0.0,0.0,0.0,0.0,0.0,0.0,0.0,0.0,0.0,0.0,0.0,0.0,0.0,0.0,0.0,278453.9193519532,23432.645305200276,0.0,0.0,0.0,0,22.298345359409815
8811aa4e0dfffff,55.59824777740431,37.35310356912934,1.0,4.0,10.0,10.0,5.0,1.0,2.0,7.0,21.0,0.0,1.0,15.0,14.0,7.0,0.0,0.0,4.0,787836.8071180747,23432.645305200276,64.0,0.0,0.0,0,23.802017280019825
8811aa4e11fffff,55.62117165511392,37.386078572779276,0.0,1.0,0.0,0.0,1.0,0.0,5.0,0.0,0.0,0.0,0.0,2.0,2.0,1.0,0.0,0.0,0.0,735220.0754720895,23432.645305200276,4.0,110000.0,6.0,1,20.523542068624625
8811aa4e13fffff,55.626041256898795,37.39739875305207,0.0,0.0,0.0,0.0,0.0,0.0,8.0,0.0,0.0,0.0,0.0,0.0,1.0,0.0,0.0,0.0,0.0,322618.1988854456,23432.645305200276,0.0,0.0,0.0,0,19.63716306057716
8811aa4e15fffff,55.612859357189954,37.38703544675554,0.0,0.0,0.0,1.0,1.0,0.0,1.0,0.0,0.0,0.0,0.0,2.0,1.0,1.0,0.0,0.0,0.0,235242.98849434627,23432.645305200276,41.0,110000.0,6.0,1,21.15143486005593
8811aa4e17fffff,55.6177286012944,37.39835355111723,0.0,4.0,0.0,0.0,0.0,1.0,7.0,1.0,0.0,0.0,0.0,0.0,4.0,1.0,0.0,0.0,0.0,583066.7456757491,23432.645305200276,0.0,0.0,0.0,0,20.26989343557989
8811aa4e19fffff,55.624613099577175,37.37380280699582,0.0,0.0,0.0,0.0,0.0,1.0,0.0,2.0,0.0,0.0,0.0,0.0,0.0,0.0,0.0,0.0,0.0,0.0,23432.645305200276,0.0,0.0,0.0,0,20.809893813375794
8811aa4e1bfffff,55.629483701379456,37.38512132104149,0.0,0.0,0.0,0.0,0.0,9.0,4.0,1.0,1.0,0.0,0.0,1.0,0.0,0.0,0.0,0.0,0.0,81261.9844117678,23432.645305200276,2.0,220000.0,8.0,1,19.919066186211317
8811aa4e1dfffff,55.61630141116783,37.37476213389603,0.0,0.0,0.0,0.0,0.0,0.0,1.0,0.0,0.0,0.0,0.0,0.0,0.0,0.0,0.0,0.0,0.0,24480.105995213817,23432.645305200276,0.0,0.0,0.0,0,21.410634196441308
8811aa4e21fffff,55.583052146152966,37.378595658614806,0.0,0.0,1.0,0.0,0.0,0.0,0.0,0.0,3.0,0.0,0.0,0.0,0.0,0.0,0.0,0.0,0.0,0.0,23432.645305200276,3.0,0.0,0.0,0,24.022456849345694
8811aa4e23fffff,55.587920956922396,37.389903804344705,0.0,0.0,0.0,0.0,0.0,0.0,0.0,0.0,0.0,0.0,0.0,1.0,0.0,0.0,0.0,0.0,0.0,0.0,23432.645305200276,0.0,0.0,0.0,0,23.156249687916862
8811aa4e25fffff,55.5747392037826,37.37955309518985,0.0,0.0,0.0,0.0,0.0,0.0,2.0,0.0,0.0,0.0,0.0,4.0,0.0,0.0,0.0,0.0,0.0,0.0,23432.645305200276,13.0,0.0,0.0,0,24.719368096393563
8811aa4e27fffff,55.57960765581988,37.39085916950351,0.0,0.0,0.0,0.0,0.0,0.0,0.0,0.0,0.0,0.0,0.0,2.0,0.0,0.0,0.0,0.0,0.0,0.0,23432.645305200276,2.0,0.0,0.0,0,23.859255927550347
8811aa4e29fffff,55.58649502883412,37.36633136245231,0.0,2.0,1.0,0.0,1.0,0.0,1.0,2.0,1.0,0.0,0.0,8.0,1.0,1.0,0.0,0.0,0.0,122100.86404382635,23432.645305200276,10.0,0.0,0.0,0,24.215327316263668
8811aa4e2bfffff,55.59136483842227,37.377637844420896,1.0,0.0,5.0,3.0,2.0,0.0,1.0,3.0,61.0,0.0,2.0,2.0,2.0,9.0,0.0,0.0,6.0,165772.6259058785,23432.645305200276,18.0,0.0,0.0,0,23.341615675719705
8811aa4e2dfffff,55.57818269547217,37.367291247315514,0.0,0.0,0.0,0.0,0.0,0.0,0.0,0.0,3.0,0.0,0.0,2.0,0.0,0.0,0.0,0.0,0.0,0.0,23432.645305200276,4.0,0.0,0.0,0,24.8906810709024
8811aa4e31fffff,55.60110253596642,37.40026201710614,1.0,0.0,0.0,0.0,0.0,0.0,0.0,0.0,14.0,0.0,0.0,4.0,1.0,0.0,0.0,0.0,0.0,1076806.283755331,23432.645305200276,6.0,0.0,0.0,0,21.599369261485833
8811aa4e33fffff,55.605970422228374,37.41157970976241,0.0,5.0,1.0,5.0,3.0,0.0,0.0,0.0,0.0,0.0,0.0,2.0,0.0,10.0,0.0,0.0,0.0,75301.63673434692,23432.645305200276,18.0,110000.0,3.0,1,20.731288876211153
8811aa4e35fffff,55.592789126933916,37.40121568547463,0.0,0.0,0.0,0.0,0.0,0.0,0.0,0.0,0.0,0.0,0.0,2.0,0.0,0.0,0.0,0.0,0.0,0.0,23432.645305200276,2.0,0.0,0.0,0,22.292303706692618
8811aa4e37fffff,55.59765665534061,37.41253130297349,0.0,4.0,0.0,2.0,4.0,0.0,0.0,0.0,1.0,0.0,0.0,7.0,3.0,1.0,0.0,0.0,0.0,58373.06866592057,23432.645305200276,25.0,0.0,0.0,0,21.43090172013942
8811aa4e39fffff,55.60454680795303,37.38799194319332,1.0,0.0,0.0,0.0,0.0,0.0,0.0,0.0,16.0,0.0,0.0,2.0,0.0,0.0,0.0,0.0,0.0,0.0,23432.645305200276,0.0,110000.0,0.0,0,21.800724618866386
8811aa4e3bfffff,55.60941569420177,37.399307972394425,0.0,0.0,1.0,0.0,0.0,0.0,0.0,0.0,2.0,0.0,0.0,2.0,0.0,0.0,0.0,0.0,0.0,0.0,23432.645305200276,0.0,110000.0,3.0,1,20.92462803984802
8811aa4e3dfffff,55.59623400774865,37.38894806231548,0.0,0.0,0.0,0.0,0.0,0.0,1.0,0.0,0.0,0.0,0.0,0.0,0.0,0.0,0.0,0.0,0.0,0.0,23432.645305200276,0.0,0.0,0.0,0,22.469559718768622
8811aa4e41fffff,55.605124284199825,37.32856616024258,0.0,1.0,0.0,1.0,2.0,2.0,0.0,0.0,1.0,0.0,0.0,1.0,15.0,2.0,0.0,0.0,0.0,603534.1554188669,23432.645305200276,2.0,0.0,0.0,0,24.376082610375025
8811aa4e43fffff,55.609997447574926,37.339869712463994,1.0,0.0,0.0,5.0,0.0,0.0,0.0,0.0,9.0,0.0,0.0,1.0,59.0,0.0,0.0,0.0,0.0,382189.6079762061,23432.645305200276,4.0,0.0,0.0,0,23.484186270728223
8811aa4e45fffff,55.59681403071978,37.32953377280956,0.0,0.0,0.0,0.0,0.0,0.0,0.0,0.0,0.0,0.0,0.0,0.0,0.0,2.0,0.0,0.0,0.0,0.0,23432.645305200276,0.0,0.0,0.0,0,24.96445226076922
8811aa4e47fffff,55.60168683483744,37.340835255860405,1.0,2.0,3.0,1.0,2.0,3.0,2.0,3.0,7.0,0.0,0.0,1.0,0.0,3.0,1.0,0.0,0.0,209849.27338490327,23432.645305200276,15.0,0.0,0.0,0,24.075317576280344
8811aa4e49fffff,55.60856012546782,37.31629628332632,0.0,0.0,0.0,0.0,0.0,0.0,0.0,0.0,0.0,0.0,0.0,0.0,0.0,0.0,0.0,0.0,0.0,234523.88742842645,23432.645305200276,0.0,35000.0,1.0,1,24.703299206818187
8811aa4e4bfffff,55.613434286551204,37.32759816594763,0.0,1.0,6.0,1.0,0.0,4.0,0.0,0.0,2.0,0.0,0.0,0.0,1.0,0.0,0.0,0.0,0.0,264825.10259368963,23432.645305200276,0.0,0.0,0.0,0,23.809308291082782
8811aa4e4dfffff,55.60025048254871,37.317266346041514,0.0,1.0,0.0,0.0,0.0,0.0,1.0,0.0,2.0,0.0,0.0,2.0,0.0,0.0,0.0,0.0,0.0,0.0,23432.645305200276,0.0,35000.0,6.0,1,25.268157423182018
8811aa4e51fffff,55.623180691994044,37.35021315071835,0.0,0.0,0.0,0.0,0.0,1.0,0.0,0.0,1.0,0.0,0.0,0.0,0.0,0.0,0.0,0.0,0.0,11015.475812471821,23432.645305200276,7.0,0.0,0.0,0,22.02144770673049
8811aa4e53fffff,55.628052934659564,37.36152625481821,0.0,0.0,0.0,0.0,0.0,0.0,0.0,0.0,0.0,0.0,0.0,0.0,0.0,0.0,0.0,0.0,0.0,52710.04957881752,23432.645305200276,0.0,0.0,0.0,0,21.127607255737804
8811aa4e55fffff,55.614869971827495,37.35117700368057,0.0,0.0,0.0,0.0,0.0,0.0,1.0,0.0,0.0,0.0,0.0,3.0,0.0,0.0,0.0,0.0,0.0,0.0,23432.645305200276,2.0,0.0,0.0,0,22.59249841006833
8811aa4e57fffff,55.61974185611066,37.36248803486659,0.0,0.0,0.0,0.0,0.0,0.0,0.0,0.0,0.0,0.0,0.0,0.0,1.0,0.0,0.0,0.0,0.0,0.0,23432.645305200276,0.0,0.0,0.0,0,21.701053956927144
8811aa4e59fffff,55.62661791879396,37.33793748250289,0.0,3.0,0.0,2.0,1.0,3.0,0.0,0.0,4.0,0.0,0.0,2.0,2.0,1.0,0.0,0.0,2.0,182586.69039518278,23432.645305200276,48.0,0.0,0.0,0,22.37051652140954
8811aa4e5bfffff,55.63149116033679,37.349248917298205,0.0,0.0,0.0,0.0,2.0,0.0,0.0,0.0,1.0,0.0,0.0,2.0,1.0,0.0,0.0,0.0,0.0,44029.66073566335,23432.645305200276,9.0,110000.0,0.0,0,21.475278961966513
8811aa4e5dfffff,55.61830780900888,37.33890378808649,0.0,4.0,0.0,0.0,0.0,0.0,2.0,0.0,1.0,0.0,0.0,3.0,2.0,1.0,0.0,0.0,0.0,0.0,23432.645305200276,9.0,0.0,0.0,0,22.91535330075972
8811aa4e61fffff,55.585064856833505,37.34276520060897,0.0,0.0,0.0,0.0,0.0,0.0,1.0,0.0,0.0,0.0,0.0,0.0,0.0,0.0,0.0,0.0,0.0,0.0,23432.645305200276,0.0,0.0,0.0,0,25.318180866036037
8811aa4e63fffff,55.589936303838556,37.35406628206455,0.0,0.0,1.0,3.0,0.0,0.0,0.0,0.0,0.0,0.0,1.0,3.0,14.0,2.0,0.0,0.0,6.0,141221.81075439684,23432.645305200276,4.0,0.0,0.0,0,24.437154693438437
8811aa4e67fffff,55.58162457983067,37.35502861543912,0.0,0.0,0.0,0.0,0.0,0.0,0.0,0.0,1.0,0.0,0.0,4.0,0.0,0.0,0.0,0.0,0.0,0.0,23432.645305200276,9.0,0.0,0.0,0,25.09051368925395
8811aa4e69fffff,55.588503526456485,37.3305010038738,0.0,0.0,1.0,0.0,0.0,0.0,0.0,0.0,6.0,0.0,0.0,0.0,0.0,0.0,0.0,0.0,0.0,0.0,23432.645305200276,0.0,0.0,0.0,0,25.572929512908946
8811aa4e6bfffff,55.5933759711418,37.34180041850052,1.0,0.0,0.0,1.0,5.0,1.0,1.0,6.0,3.0,0.0,1.0,2.0,3.0,7.0,0.0,0.0,4.0,282434.65652194,23432.645305200276,48.0,0.0,0.0,0,24.687148370880557
8811aa4e81fffff,55.637199142648846,37.44366338688172,0.0,2.0,1.0,8.0,2.0,7.0,2.0,1.0,4.0,1.0,1.0,2.0,35.0,8.0,1.0,0.0,16.0,1610019.2457738651,23432.645305200276,6.0,0.0,0.0,0,16.758154759062055
8811aa4e83fffff,55.64206516497823,37.45500020525002,0.0,0.0,0.0,0.0,0.0,0.0,2.0,0.0,1.0,0.0,0.0,0.0,1.0,0.0,0.0,0.0,0.0,0.0,23432.645305200276,0.0,0.0,0.0,0,15.88508584912598
8811aa4e85fffff,55.62888480764766,37.44460949252517,0.0,0.0,1.0,2.0,1.0,0.0,0.0,0.0,4.0,0.0,0.0,4.0,1.0,0.0,0.0,0.0,0.0,574285.6304479453,23432.645305200276,2.0,500000.0,3.0,1,17.439566383294412
8811aa4e87fffff,55.63375047387987,37.45594422823388,0.0,4.0,0.0,1.0,0.0,0.0,2.0,0.0,1.0,0.0,0.0,2.0,0.0,1.0,0.0,0.0,0.0,138895.37343186434,23432.645305200276,16.0,0.0,0.0,0,16.57471626782594
8811aa4e89fffff,55.64064620080396,37.431381751920384,0.0,6.0,2.0,2.0,1.0,1.0,0.0,2.0,0.0,1.0,0.0,0.0,0.0,0.0,0.0,0.0,0.0,942241.1777855494,23432.645305200276,0.0,500000.0,14.0,1,16.98353866031827
8811aa4e8dfffff,55.632332474266725,37.43233031325331,2.0,3.0,1.0,21.0,2.0,2.0,0.0,4.0,15.0,0.0,0.0,5.0,20.0,6.0,0.0,0.0,10.0,2703164.179084259,23432.645305200276,15.0,500000.0,20.0,1,17.633471371636546
8811aa4e91fffff,55.65524533470671,37.46539845823796,1.0,0.0,7.0,3.0,2.0,6.0,2.0,1.0,35.0,2.0,0.0,5.0,1.0,2.0,0.0,0.0,4.0,21847.810527423866,23432.645305200276,10.0,0.0,0.0,0,14.342044387002712
8811aa4e93fffff,55.66011041759746,37.47674485541078,1.0,4.0,2.0,33.0,13.0,10.0,5.0,11.0,11.0,1.0,1.0,17.0,59.0,8.0,1.0,0.0,16.0,498656.8206852573,23432.645305200276,22.0,0.0,0.0,0,13.465545926584534
8811aa4e95fffff,55.6469305404053,37.46634076932643,1.0,0.0,7.0,4.0,4.0,3.0,2.0,3.0,42.0,2.0,1.0,14.0,4.0,8.0,0.0,0.0,4.0,70667.60218389198,23432.645305200276,9.0,110000.0,0.0,0,15.014670046032045
8811aa4e97fffff,55.651795268080114,37.47768508007865,0.0,2.0,2.0,4.0,2.0,7.0,5.0,7.0,32.0,0.0,0.0,7.0,4.0,1.0,0.0,0.0,8.0,61044.02147731841,23432.645305200276,15.0,0.0,0.0,0,14.147411166200161
8811aa4e99fffff,55.658693789732126,37.453111039996024,0.0,1.0,0.0,0.0,0.0,1.0,16.0,1.0,18.0,0.0,0.0,1.0,0.0,1.0,0.0,0.0,0.0,48787.691854964,23432.645305200276,2.0,220000.0,0.0,0,14.58526197652765
8811aa4e9bfffff,55.663559876121155,37.464455774663286,1.0,4.0,2.0,4.0,6.0,0.0,0.0,2.0,4.0,0.0,0.0,8.0,7.0,9.0,0.0,0.0,6.0,449031.43399578315,23432.645305200276,13.0,0.0,0.0,0,13.699256750942522
8811aa4e9dfffff,55.650379603710796,37.454055809244274,0.0,0.0,0.0,0.0,0.0,1.0,1.0,0.0,26.0,1.0,0.0,0.0,0.0,0.0,0.0,0.0,0.0,0.0,23432.645305200276,0.0,0.0,0.0,0,15.220782385472116
8811aa4ea1fffff,55.61712033596792,37.45783115601757,0.0,1.0,0.0,0.0,0.0,0.0,0.0,0.0,0.0,0.0,0.0,2.0,0.0,0.0,0.0,0.0,0.0,120919.00141821976,23432.645305200276,1.0,110000.0,7.0,1,18.018238598691262
8811aa4ea3fffff,55.62198464363394,37.46916546987598,0.0,1.0,2.0,0.0,4.0,0.0,0.0,2.0,9.0,0.0,0.0,2.0,4.0,7.0,0.0,0.0,2.0,206164.39803196868,23432.645305200276,14.0,110000.0,6.0,1,17.175822120350286
8811aa4ea5fffff,55.60880488984554,37.45877406125777,0.0,0.0,0.0,2.0,0.0,0.0,3.0,0.0,4.0,0.0,0.0,6.0,0.0,2.0,0.0,0.0,0.0,32521.527456072563,23432.645305200276,15.0,110000.0,4.0,1,18.767195995536145
8811aa4ea7fffff,55.613668841239694,37.470106293220105,0.0,4.0,1.0,2.0,0.0,1.0,2.0,0.0,5.0,2.0,0.0,8.0,1.0,2.0,0.0,0.0,0.0,606254.4287345889,23432.645305200276,12.0,0.0,0.0,0,17.934388721079998
8811aa4ea9fffff,55.62057022080186,37.44555522461258,0.0,2.0,0.0,1.0,0.0,0.0,0.0,0.0,0.0,0.0,0.0,4.0,0.0,0.0,0.0,0.0,8.0,0.0,23432.645305200276,9.0,500000.0,20.0,1,18.142843870148056
8811aa4eabfffff,55.62543553076125,37.4568878784163,0.0,0.0,0.0,0.0,0.0,0.0,0.0,0.0,0.0,0.0,0.0,0.0,2.0,0.0,0.0,0.0,0.0,7861.703353709592,23432.645305200276,1.0,110000.0,2.0,1,17.28664690825475
8811aa4eadfffff,55.61225538245704,37.446500583364625,0.0,2.0,0.0,0.0,0.0,0.0,1.0,0.0,1.0,0.0,0.0,5.0,0.0,0.0,0.0,0.0,0.0,62124.258336099774,23432.645305200276,3.0,500000.0,7.0,1,18.865545812029133
8811aa4eb1fffff,55.635164211238816,37.47956441510648,0.0,3.0,1.0,5.0,4.0,0.0,2.0,3.0,10.0,1.0,0.0,9.0,5.0,5.0,1.0,0.0,2.0,27240.585048169894,23432.645305200276,12.0,0.0,0.0,0,15.587532166312148
8811aa4eb3fffff,55.64002758005787,37.49090829992515,0.0,0.0,0.0,2.0,2.0,1.0,1.0,1.0,44.0,3.0,1.0,5.0,2.0,3.0,0.0,2.0,4.0,59316.594507397844,23432.645305200276,5.0,0.0,0.0,0,14.746171642092776
8811aa4eb5fffff,55.62684830460597,37.48050352590556,1.0,7.0,0.0,5.0,6.0,0.0,4.0,4.0,2.0,1.0,1.0,11.0,13.0,11.0,0.0,0.0,8.0,358976.9297150224,23432.645305200276,12.0,110000.0,0.0,0,16.339065102517424
8811aa4eb7fffff,55.63171131803455,37.491845325071516,1.0,0.0,0.0,0.0,0.0,0.0,0.0,2.0,2.0,1.0,1.0,1.0,1.0,2.0,0.0,0.0,0.0,36269.72880210348,23432.645305200276,2.0,0.0,0.0,0,15.508896495056538
8811aa4eb9fffff,55.63861549356235,37.46728270814893,0.0,0.0,0.0,0.0,0.0,0.0,1.0,0.0,0.0,0.0,0.0,1.0,0.0,0.0,0.0,0.0,2.0,44974.502501747644,23432.645305200276,1.0,110000.0,0.0,0,15.713307044879057
8811aa4ebbfffff,55.64347986584539,37.478624933237334,5.0,9.0,1.0,7.0,17.0,0.0,0.0,8.0,134.0,1.0,2.0,10.0,17.0,14.0,2.0,0.0,14.0,233935.74776866732,23432.645305200276,34.0,110000.0,0.0,0,14.85595072218473
8811aa4ebdfffff,55.630300194523365,37.46822427492548,0.0,8.0,0.0,1.0,2.0,0.0,6.0,1.0,4.0,1.0,0.0,6.0,2.0,4.0,0.0,0.0,8.0,257395.10908720453,23432.645305200276,4.0,110000.0,0.0,0,16.4346428797841
8811aa4ec1fffff,55.639222976599,37.4077695787725,0.0,0.0,0.0,2.0,1.0,0.0,2.0,0.0,4.0,0.0,0.0,8.0,2.0,0.0,2.0,0.0,0.0,109652.64481239521,23432.645305200276,19.0,0.0,0.0,0,18.138648545146147
8811aa4ec3fffff,55.64409164831926,37.41909932440169,0.0,0.0,0.0,0.0,2.0,0.0,3.0,1.0,8.0,1.0,0.0,5.0,3.0,0.0,0.0,0.0,2.0,197478.63743923078,23432.645305200276,10.0,0.0,0.0,0,17.24920945810255
8811aa4ec5fffff,55.63091021567444,37.40872267568593,0.0,1.0,1.0,1.0,1.0,0.0,0.0,0.0,0.0,0.0,0.0,4.0,1.0,1.0,0.0,0.0,0.0,114086.01970256193,23432.645305200276,17.0,220000.0,7.0,1,18.75160896746663
8811aa4ec7fffff,55.63577853059241,37.42005034165189,0.0,2.0,0.0,2.0,1.0,0.0,4.0,2.0,12.0,0.0,0.0,8.0,1.0,6.0,0.0,0.0,0.0,451397.8558912886,23432.645305200276,14.0,220000.0,0.0,0,17.867013639424062
8811aa4ec9fffff,55.64266581226112,37.39548802566717,1.0,5.0,2.0,13.0,12.0,1.0,6.0,13.0,80.0,3.0,1.0,8.0,20.0,16.0,0.0,0.0,10.0,465463.7347449497,23432.645305200276,39.0,0.0,0.0,0,18.446679934210085
8811aa4ecbfffff,55.64753548516913,37.40681610537788,1.0,3.0,5.0,13.0,10.0,0.0,3.0,11.0,36.0,1.0,2.0,10.0,25.0,7.0,2.0,0.0,8.0,687202.0820316712,23432.645305200276,24.0,0.0,0.0,0,17.553323886397617
8811aa4ecdfffff,55.63435366066951,37.39644357797632,0.0,0.0,0.0,1.0,0.0,0.0,0.0,0.0,0.0,0.0,0.0,4.0,0.0,0.0,0.0,0.0,0.0,25368.17504782934,23432.645305200276,4.0,220000.0,5.0,1,19.02862828955406
8811aa4ed1fffff,55.65727289645307,37.429483504775625,0.0,13.0,0.0,9.0,2.0,1.0,6.0,2.0,25.0,0.0,1.0,5.0,20.0,4.0,0.0,0.0,8.0,1090029.6428414916,23432.645305200276,23.0,500000.0,11.0,1,15.767263480732803
8811aa4ed3fffff,55.66214063312997,37.44082282640572,1.0,3.0,0.0,1.0,1.0,0.0,5.0,0.0,20.0,1.0,1.0,8.0,4.0,2.0,0.0,0.0,4.0,190605.6542030917,23432.645305200276,11.0,500000.0,3.0,1,14.874664228420778
8811aa4ed5fffff,55.64895967498121,37.430432815835026,0.0,0.0,0.0,0.0,0.0,0.0,1.0,0.0,1.0,0.0,0.0,0.0,0.0,0.0,0.0,0.0,4.0,4679.519676662608,23432.645305200276,7.0,500000.0,8.0,1,16.360411421937645
8811aa4ed7fffff,55.65382705573543,37.44177005404311,0.0,3.0,0.0,0.0,0.0,0.0,4.0,0.0,12.0,0.0,0.0,2.0,0.0,0.0,0.0,0.0,0.0,62837.27360190486,23432.645305200276,1.0,500000.0,8.0,1,15.472377821261798
8811aa4ed9fffff,55.660717125838005,37.41719616249493,1.0,7.0,4.0,14.0,7.0,0.0,4.0,8.0,12.0,0.0,3.0,13.0,7.0,10.0,1.0,0.0,2.0,906062.7693295839,23432.645305200276,97.0,110000.0,0.0,0,16.10304589443704
8811aa4edbfffff,55.66558586487424,37.42853381852041,0.0,5.0,2.0,1.0,1.0,0.0,6.0,2.0,3.0,4.0,0.0,13.0,1.0,2.0,0.0,0.0,2.0,444642.27447262855,23432.645305200276,19.0,500000.0,23.0,1,15.207598368073715
8811aa4eddfffff,55.65240451351624,37.418147931423434,0.0,1.0,2.0,5.0,2.0,0.0,8.0,6.0,39.0,5.0,1.0,5.0,6.0,12.0,0.0,0.0,0.0,250119.82269642482,23432.645305200276,11.0,0.0,0.0,0,16.660169426249496
8811aa4ee1fffff,55.61915153893077,37.421951249855965,0.0,2.0,4.0,7.0,5.0,0.0,0.0,5.0,38.0,1.0,1.0,27.0,21.0,3.0,0.0,0.0,6.0,1015929.9921190527,23432.645305200276,24.0,110000.0,1.0,1,19.17768378300157
8811aa4ee3fffff,55.62401849571497,37.43327850005522,0.0,3.0,0.0,1.0,2.0,0.0,1.0,1.0,1.0,0.0,0.0,0.0,1.0,2.0,0.0,0.0,6.0,70056.47063981135,23432.645305200276,5.0,500000.0,7.0,1,18.307358835388936
8811aa4ee5fffff,55.610837665686944,37.422901141253334,0.0,0.0,0.0,0.0,0.0,0.0,0.0,0.0,0.0,0.0,0.0,0.0,0.0,0.0,0.0,0.0,0.0,0.0,23432.645305200276,0.0,110000.0,1.0,1,19.865605256967743
8811aa4ee7fffff,55.6157042654942,37.4342263125474,0.0,0.0,0.0,0.0,0.0,0.0,0.0,0.0,1.0,0.0,0.0,0.0,0.0,0.0,0.0,0.0,0.0,0.0,23432.645305200276,0.0,110000.0,4.0,1,19.002656497338094
8811aa4ee9fffff,55.62259720274083,37.40967539634061,0.0,3.0,1.0,0.0,1.0,0.0,2.0,0.0,0.0,0.0,0.0,0.0,0.0,0.0,0.0,0.0,0.0,92707.3746449039,23432.645305200276,4.0,0.0,0.0,0,19.389588106565316
8811aa4eebfffff,55.627465160681105,37.421000983396034,0.0,0.0,1.0,19.0,0.0,2.0,0.0,7.0,1.0,1.0,0.0,3.0,49.0,1.0,0.0,0.0,6.0,1092917.87547069,23432.645305200276,7.0,220000.0,7.0,1,18.510706033955604
8811aa4eedfffff,55.614283938143636,37.41062774095875,0.0,5.0,0.0,5.0,3.0,0.0,1.0,1.0,1.0,0.0,0.0,4.0,1.0,8.0,0.0,0.0,2.0,409582.65790476365,23432.645305200276,25.0,110000.0,1.0,1,20.05020147013287
8811aa4f01fffff,55.54493086622208,37.37112700533478,0.0,0.0,0.0,0.0,0.0,0.0,0.0,0.0,0.0,0.0,0.0,2.0,0.0,0.0,0.0,0.0,0.0,0.0,23432.645305200276,0.0,0.0,0.0,0,27.738337247963507
8811aa4f05fffff,55.53661728668785,37.37208500059556,0.0,0.0,0.0,1.0,0.0,0.0,0.0,0.0,0.0,0.0,0.0,6.0,0.0,1.0,0.0,0.0,0.0,36149.67736833908,23432.645305200276,6.0,110000.0,1.0,1,28.481341404917718
8811aa4f07fffff,55.54148494020512,37.38337906975356,0.0,0.0,0.0,0.0,0.0,0.0,0.0,0.0,0.0,0.0,0.0,3.0,0.0,0.0,0.0,0.0,0.0,0.0,23432.645305200276,0.0,110000.0,1.0,1,27.64304711204055
8811aa4f09fffff,55.54837518629024,37.35887415780588,0.0,0.0,0.0,0.0,0.0,0.0,0.0,0.0,0.0,1.0,0.0,2.0,0.0,1.0,0.0,0.0,0.0,0.0,23432.645305200276,0.0,0.0,0.0,0,27.86005308135194
8811aa4f0dfffff,55.54006221525649,37.35983459673192,0.0,0.0,0.0,0.0,0.0,0.0,1.0,0.0,0.0,0.0,0.0,2.0,0.0,0.0,0.0,0.0,0.0,0.0,23432.645305200276,0.0,110000.0,1.0,1,28.585805189746686
8811aa4f11fffff,55.562980304168924,37.39276877009901,0.0,0.0,0.0,0.0,0.0,0.0,0.0,0.0,0.0,0.0,0.0,4.0,0.0,0.0,0.0,0.0,0.0,0.0,23432.645305200276,4.0,0.0,0.0,0,25.308758845044466
8811aa4f13fffff,55.56784739851008,37.40407443474115,0.0,0.0,1.0,0.0,0.0,0.0,0.0,0.0,0.0,0.0,0.0,6.0,0.0,0.0,0.0,0.0,0.0,52614.2983749505,23432.645305200276,8.0,0.0,0.0,0,24.46463847090223
8811aa4f17fffff,55.559532989745854,37.40502659995621,0.0,0.0,0.0,0.0,0.0,0.0,0.0,0.0,0.0,0.0,0.0,0.0,0.0,1.0,0.0,0.0,0.0,6669.901198269996,23432.645305200276,0.0,0.0,0.0,0,25.215460428419018
8811aa4f19fffff,55.56642601165686,37.38051015436877,0.0,0.0,1.0,0.0,0.0,0.0,0.0,0.0,0.0,0.0,0.0,0.0,0.0,0.0,0.0,0.0,0.0,0.0,23432.645305200276,0.0,0.0,0.0,0,25.431031093299453
8811aa4f1bfffff,55.57129410478681,37.39181415801422,0.0,0.0,0.0,1.0,0.0,0.0,0.0,0.0,1.0,0.0,0.0,4.0,0.0,0.0,0.0,0.0,2.0,0.0,23432.645305200276,6.0,0.0,0.0,0,24.57718123877024
8811aa4f21fffff,55.524856316800644,37.3852897971051,0.0,2.0,0.0,1.0,0.0,0.0,0.0,0.0,1.0,0.0,0.0,9.0,4.0,0.0,0.0,0.0,0.0,144403.33161046536,23432.645305200276,6.0,220000.0,0.0,0,29.172162651822497
8811aa4f23fffff,55.52972261276611,37.39658345861615,0.0,0.0,0.0,0.0,0.0,0.0,0.0,0.0,0.0,0.0,0.0,0.0,0.0,0.0,0.0,0.0,0.0,0.0,23432.645305200276,1.0,220000.0,2.0,1,28.35021648564528
8811aa4f25fffff,55.51654163340533,37.38624459657498,0.0,0.0,0.0,0.0,0.0,0.0,0.0,0.0,0.0,0.0,0.0,0.0,0.0,0.0,0.0,0.0,0.0,4895.251860701164,23432.645305200276,0.0,220000.0,0.0,0,29.95057544937253
8811aa4f27fffff,55.52140756941231,37.39753619189769,0.0,0.0,0.0,0.0,0.0,0.0,0.0,0.0,0.0,0.0,0.0,1.0,0.0,0.0,0.0,0.0,0.0,83232.22945333511,23432.645305200276,0.0,110000.0,1.0,1,29.134872462827417
8811aa4f29fffff,55.528303458956685,37.373042618603854,0.0,0.0,0.0,2.0,1.0,0.0,0.0,0.0,0.0,0.0,0.0,0.0,1.0,1.0,0.0,0.0,0.0,21813.263912871178,23432.645305200276,1.0,0.0,0.0,0,29.23491392599758
8811aa4f2bfffff,55.53317075251592,37.38433462157187,0.0,0.0,0.0,2.0,1.0,0.0,1.0,0.0,1.0,0.0,0.0,1.0,5.0,4.0,0.0,0.0,0.0,138819.71399347443,23432.645305200276,5.0,220000.0,0.0,0,28.402737225227146
8811aa4f2dfffff,55.51998938337456,37.37399985958192,0.0,0.0,0.0,0.0,0.0,0.0,2.0,0.0,2.0,0.0,0.0,5.0,0.0,1.0,0.0,0.0,0.0,49613.99889095829,23432.645305200276,9.0,220000.0,0.0,0,29.998260714850854
8811aa4f31fffff,55.54290342535804,37.406929804904415,0.0,0.0,0.0,0.0,0.0,0.0,0.0,0.0,0.0,0.0,0.0,2.0,0.0,0.0,0.0,0.0,0.0,0.0,23432.645305200276,1.0,220000.0,2.0,1,26.75046936038389
8811aa4f33fffff,55.547768802950806,37.418232987199396,0.0,0.0,0.0,0.0,0.0,0.0,0.0,0.0,0.0,0.0,0.0,0.0,0.0,0.0,0.0,0.0,0.0,0.0,23432.645305200276,0.0,220000.0,0.0,0,25.931163751490214
8811aa4f35fffff,55.534588270426354,37.407880845079866,0.0,0.0,0.0,0.0,0.0,0.0,0.0,0.0,0.0,0.0,0.0,0.0,0.0,0.0,0.0,0.0,0.0,902.539494032293,23432.645305200276,0.0,0.0,0.0,0,27.532801358177604
8811aa4f37fffff,55.539453288936414,37.41918195746059,0.0,0.0,0.0,0.0,0.0,0.0,0.0,0.0,0.0,0.0,0.0,0.0,0.0,0.0,0.0,0.0,0.0,0.0,23432.645305200276,0.0,110000.0,1.0,1,26.720340620694934
8811aa4f3dfffff,55.538037408264664,37.395630350016894,0.0,1.0,0.0,0.0,0.0,0.0,0.0,0.0,0.0,0.0,0.0,3.0,0.0,0.0,0.0,0.0,0.0,36970.027209842636,23432.645305200276,3.0,220000.0,6.0,1,27.574465620764926
8811aa4f41fffff,55.54694725548401,37.33533144452344,0.0,0.0,0.0,0.0,0.0,0.0,0.0,0.0,0.0,0.0,0.0,0.0,0.0,0.0,0.0,0.0,0.0,7024.854719394734,23432.645305200276,0.0,0.0,0.0,0,28.871084979061997
8811aa4f43fffff,55.55181790038463,37.34662052821259,0.0,0.0,0.0,0.0,0.0,0.0,0.0,0.0,0.0,0.0,0.0,2.0,0.0,0.0,0.0,0.0,2.0,0.0,23432.645305200276,4.0,0.0,0.0,0,28.007841247078886
8811aa4f45fffff,55.53863525377773,37.33629639129057,0.0,0.0,0.0,0.0,0.0,0.0,0.0,0.0,0.0,0.0,0.0,0.0,0.0,0.0,0.0,0.0,0.0,0.0,23432.645305200276,0.0,110000.0,2.0,1,29.57390103015669
8811aa4f47fffff,55.54350553819679,37.347583411026044,0.0,0.0,0.0,0.0,0.0,0.0,0.0,0.0,0.0,0.0,0.0,0.0,0.0,0.0,0.0,0.0,0.0,0.0,23432.645305200276,0.0,110000.0,0.0,0,28.715837733689245
8811aa4f49fffff,55.55038736709377,37.32307869827006,0.0,0.0,0.0,0.0,4.0,0.0,0.0,0.0,1.0,0.0,0.0,2.0,1.0,6.0,0.0,0.0,0.0,35634.74148849157,23432.645305200276,5.0,0.0,0.0,0,29.051134161925287
8811aa4f4bfffff,55.55525900848062,37.33436611760109,0.0,0.0,0.0,0.0,0.0,0.0,4.0,0.0,0.0,0.0,0.0,5.0,0.0,1.0,0.0,0.0,0.0,0.0,23432.645305200276,7.0,0.0,0.0,0,28.18128276970899
8811aa4f4dfffff,55.542075974752976,37.32404608839921,0.0,0.0,0.0,0.0,0.0,0.0,0.0,0.0,1.0,0.0,0.0,0.0,0.0,0.0,0.0,0.0,0.0,9196.105832112917,23432.645305200276,0.0,110000.0,0.0,0,29.736158772863575
8811aa4f55fffff,55.55668790861031,37.35791334043685,0.0,0.0,0.0,0.0,0.0,0.0,1.0,0.0,0.0,0.0,0.0,0.0,0.0,0.0,0.0,0.0,0.0,0.0,23432.645305200276,0.0,0.0,0.0,0,27.146609559761277
8811aa4f59fffff,55.56844187776096,37.34469362412852,0.0,0.0,0.0,0.0,0.0,0.0,0.0,0.0,1.0,1.0,0.0,2.0,0.0,0.0,0.0,0.0,0.0,35561.81677001025,23432.645305200276,4.0,0.0,0.0,0,26.632361054261477
8811aa4f5bfffff,55.57331260572624,37.35599056947691,0.0,1.0,0.0,3.0,1.0,0.0,7.0,2.0,6.0,0.0,0.0,6.0,1.0,3.0,1.0,0.0,2.0,12409.837930522905,23432.645305200276,10.0,0.0,0.0,0,25.76071062593435
8811aa4f5dfffff,55.56013001368793,37.345657265988,0.0,0.0,0.0,0.0,0.0,0.0,1.0,0.0,1.0,0.0,0.0,2.0,0.0,1.0,0.0,0.0,0.0,0.0,23432.645305200276,5.0,0.0,0.0,0,27.313006510006122
8811aa4f61fffff,55.526880068550774,37.34950803931363,0.0,0.0,0.0,0.0,0.0,0.0,0.0,0.0,0.0,0.0,0.0,0.0,0.0,0.0,0.0,0.0,0.0,8044.829703319766,23432.645305200276,0.0,0.0,0.0,0,30.16760162124522
8811aa4f65fffff,55.518566961784366,37.350469785234395,1.0,12.0,4.0,11.0,10.0,0.0,0.0,7.0,10.0,0.0,1.0,8.0,13.0,15.0,0.0,0.0,10.0,1007734.8808641701,23432.645305200276,52.0,0.0,0.0,0,30.90969353116904
8811aa4f67fffff,55.523435528431456,37.36175434014688,0.0,0.0,0.0,0.0,0.0,0.0,0.0,0.0,0.0,0.0,0.0,0.0,0.0,0.0,0.0,0.0,0.0,12780.271395372583,23432.645305200276,0.0,0.0,0.0,0,30.070664835666015
8811aa4f6bfffff,55.53519292747021,37.348545914651915,0.0,0.0,0.0,0.0,0.0,0.0,0.0,0.0,0.0,0.0,0.0,0.0,0.0,0.0,0.0,0.0,0.0,0.0,23432.645305200276,0.0,110000.0,0.0,0,29.436048680459013
8811aa4f6dfffff,55.52201050561945,37.33822514525483,0.0,0.0,0.0,0.0,0.0,0.0,0.0,0.0,0.0,0.0,0.0,0.0,0.0,0.0,0.0,0.0,0.0,14941.896710360252,23432.645305200276,0.0,0.0,0.0,0,31.015028755109363
8811aa5401fffff,55.73310787230195,37.09948147711409,0.0,0.0,0.0,0.0,0.0,0.0,0.0,0.0,0.0,0.0,0.0,1.0,0.0,0.0,0.0,0.0,0.0,0.0,23432.645305200276,0.0,0.0,0.0,0,32.48526220533771
8811aa5429fffff,55.71651328090471,37.10151097408316,0.0,0.0,0.0,0.0,0.0,0.0,0.0,1.0,0.0,0.0,0.0,0.0,0.0,0.0,0.0,0.0,0.0,0.0,23432.645305200276,0.0,0.0,0.0,0,32.538520433071774
8811aa542bfffff,55.721406524227,37.112796627863155,0.0,0.0,0.0,0.0,0.0,1.0,0.0,0.0,0.0,0.0,0.0,0.0,0.0,0.0,0.0,0.0,0.0,0.0,23432.645305200276,0.0,0.0,0.0,0,31.76962340492043
8811aa5445fffff,55.72671801258096,37.06461317330088,0.0,0.0,0.0,0.0,0.0,0.0,1.0,0.0,0.0,0.0,0.0,0.0,0.0,0.0,0.0,0.0,0.0,0.0,23432.645305200276,0.0,0.0,0.0,0,34.72450896407524
8811aa5455fffff,55.744806116134406,37.08616023683363,0.0,0.0,0.0,0.0,0.0,0.0,1.0,0.0,0.0,0.0,0.0,0.0,0.0,0.0,0.0,0.0,0.0,0.0,23432.645305200276,0.0,0.0,0.0,0,33.25751625076222
8811aa5461fffff,55.71502160154708,37.07793226937585,0.0,0.0,0.0,0.0,0.0,0.0,0.0,0.0,0.0,0.0,0.0,1.0,0.0,0.0,0.0,0.0,0.0,0.0,23432.645305200276,0.0,0.0,4.0,1,34.02956320409274
8811aa5467fffff,55.71161940618842,37.090229076579895,0.0,1.0,0.0,0.0,0.0,0.0,1.0,0.0,0.0,0.0,0.0,0.0,0.0,0.0,0.0,0.0,0.0,0.0,23432.645305200276,0.0,0.0,0.0,0,33.31361604258359
8811aa5469fffff,55.718422186693665,37.06563470092734,0.0,0.0,0.0,0.0,0.0,0.0,0.0,0.0,0.0,0.0,0.0,0.0,1.0,0.0,0.0,0.0,0.0,0.0,23432.645305200276,0.0,0.0,1.0,1,34.751998446285434
8811aa546bfffff,55.72331804590564,37.076913202035755,0.0,0.0,0.0,1.0,0.0,0.0,0.0,0.0,0.0,0.0,0.0,0.0,0.0,0.0,0.0,0.0,2.0,0.0,23432.645305200276,0.0,0.0,2.0,1,33.989754952983596
8811aa5625fffff,55.728614280703624,37.02873743874144,0.0,0.0,0.0,0.0,0.0,0.0,0.0,0.0,0.0,0.0,0.0,0.0,0.0,0.0,0.0,0.0,0.0,0.0,23432.645305200276,0.0,0.0,1.0,1,36.95434334150935
8811aa562dfffff,55.73200842484628,37.0164368359436,0.0,0.0,0.0,0.0,0.0,0.0,0.0,0.0,0.0,0.0,0.0,0.0,0.0,0.0,0.0,0.0,0.0,0.0,23432.645305200276,0.0,0.0,1.0,1,37.698978856330775
8811aa5661fffff,55.738791882252855,36.99183336362801,0.0,0.0,0.0,0.0,0.0,0.0,0.0,0.0,0.0,0.0,0.0,2.0,0.0,0.0,0.0,0.0,0.0,0.0,23432.645305200276,1.0,0.0,0.0,0,39.20219734233169
8811aa5663fffff,55.7436936870841,37.003101645051146,0.0,0.0,0.0,0.0,0.0,0.0,0.0,0.0,0.0,0.0,0.0,2.0,0.0,0.0,0.0,0.0,0.0,0.0,23432.645305200276,1.0,0.0,0.0,0,38.47534526573434
8811aa5667fffff,55.73540095870075,37.00413547721763,0.0,0.0,0.0,0.0,0.0,0.0,0.0,0.0,0.0,0.0,0.0,0.0,0.0,0.0,0.0,0.0,0.0,0.0,23432.645305200276,0.0,0.0,1.0,1,38.44835628325024
8811aa5669fffff,55.74218119548877,36.97953049623968,0.0,0.0,0.0,0.0,0.0,0.0,1.0,0.0,0.0,0.0,0.0,0.0,1.0,0.0,0.0,0.0,0.0,0.0,23432.645305200276,0.0,0.0,1.0,1,39.96024319190213
8811aa566bfffff,55.747083990106624,36.990797069936484,0.0,0.0,0.0,0.0,0.0,0.0,0.0,0.0,1.0,0.0,0.0,0.0,0.0,0.0,0.0,0.0,0.0,0.0,23432.645305200276,0.0,0.0,0.0,0,39.238818763156374
8811aa5703fffff,55.703730835154715,37.03182173128781,0.0,0.0,0.0,0.0,0.0,0.0,1.0,0.0,0.0,0.0,0.0,2.0,0.0,0.0,0.0,0.0,0.0,33133.7903733117,23432.645305200276,1.0,0.0,0.0,0,37.07370910895509
8811aa570bfffff,55.70712683780415,37.01952850597857,0.0,0.0,0.0,2.0,2.0,0.0,2.0,0.0,0.0,0.0,1.0,2.0,1.0,0.0,0.0,0.0,6.0,57715.912447737246,23432.645305200276,1.0,0.0,0.0,0,37.78434965482476
8811aa5713fffff,55.721821161612276,37.05333637229679,0.0,0.0,0.0,0.0,0.0,0.0,0.0,0.0,0.0,0.0,0.0,0.0,0.0,0.0,0.0,0.0,0.0,0.0,23432.645305200276,0.0,0.0,1.0,1,35.480518442759056
8811aa5743fffff,55.705620879680026,36.99597444883833,0.0,0.0,0.0,0.0,0.0,0.0,2.0,0.0,0.0,0.0,0.0,0.0,0.0,0.0,0.0,0.0,0.0,0.0,23432.645305200276,0.0,0.0,0.0,0,39.274092588886894
8811aa5833fffff,55.469429715582265,37.09609404174709,0.0,0.0,0.0,0.0,0.0,0.0,0.0,0.0,0.0,0.0,0.0,0.0,0.0,0.0,0.0,0.0,0.0,0.0,23432.645305200276,0.0,220000.0,1.0,1,45.41923485064398
8811aa5837fffff,55.46112610039274,37.09710317577738,0.0,0.0,0.0,0.0,0.0,0.0,0.0,0.0,0.0,0.0,0.0,0.0,0.0,0.0,0.0,0.0,0.0,0.0,23432.645305200276,0.0,35000.0,4.0,1,46.022106355929566
8811aa5887fffff,55.497270518283074,37.13998339044252,0.0,0.0,0.0,0.0,0.0,0.0,2.0,0.0,1.0,0.0,0.0,0.0,0.0,0.0,0.0,0.0,0.0,6077.872663673746,23432.645305200276,0.0,0.0,0.0,0,41.27073407358212
8811aa588bfffff,55.50899528941634,37.126745077075064,0.0,0.0,0.0,0.0,0.0,0.0,0.0,0.0,0.0,1.0,0.0,0.0,0.0,0.0,0.0,0.0,0.0,0.0,23432.645305200276,0.0,0.0,0.0,0,41.00323839139681
8811aa5891fffff,55.51876298116654,37.14921754727697,1.0,0.0,0.0,0.0,0.0,4.0,0.0,0.0,0.0,0.0,0.0,0.0,0.0,0.0,0.0,0.0,0.0,0.0,23432.645305200276,9.0,35000.0,3.0,1,39.21964240566824
8811aa5893fffff,55.523645890807124,37.160459363188984,0.0,0.0,2.0,0.0,0.0,3.0,0.0,2.0,0.0,0.0,0.0,0.0,0.0,0.0,0.0,0.0,0.0,32452.747771512713,23432.645305200276,10.0,35000.0,1.0,1,38.32789709929972
8811aa5895fffff,55.510458275165604,37.15021767020176,0.0,0.0,0.0,0.0,0.0,0.0,0.0,0.0,0.0,0.0,0.0,0.0,0.0,0.0,0.0,0.0,2.0,0.0,23432.645305200276,0.0,0.0,0.0,0,39.79421838388014
8811aa5897fffff,55.51534081981506,37.16145744153666,0.0,0.0,0.0,0.0,0.0,0.0,1.0,0.0,0.0,0.0,0.0,0.0,0.0,0.0,0.0,0.0,0.0,0.0,23432.645305200276,0.0,35000.0,0.0,0,38.903887335018155
8811aa5899fffff,55.52218353993191,37.13697689215948,0.0,0.0,0.0,0.0,0.0,1.0,0.0,0.0,0.0,0.0,0.0,0.0,0.0,0.0,0.0,0.0,0.0,0.0,23432.645305200276,0.0,35000.0,6.0,1,39.55162635122563
8811aa589bfffff,55.52706743917147,37.14821703102691,0.0,0.0,0.0,0.0,0.0,0.0,0.0,0.0,0.0,0.0,0.0,0.0,0.0,1.0,0.0,0.0,0.0,14150.67929318883,23432.645305200276,2.0,0.0,0.0,0,38.65876039417067
8811aa589dfffff,55.51387944708961,37.13797945223325,0.0,0.0,0.0,0.0,0.0,1.0,0.0,0.0,0.0,0.0,1.0,0.0,0.0,0.0,0.0,0.0,0.0,0.0,23432.645305200276,0.0,0.0,0.0,0,40.111425293625835
8811aa58a1fffff,55.480660600950614,37.14198575427762,0.0,0.0,0.0,0.0,0.0,0.0,0.0,0.0,0.0,0.0,0.0,0.0,0.0,0.0,0.0,0.0,0.0,9608.226660989725,23432.645305200276,0.0,0.0,0.0,0,42.47936867213341
8811aa58a7fffff,55.477236978111826,37.154214233271226,0.0,0.0,0.0,1.0,0.0,0.0,0.0,0.0,0.0,0.0,0.0,0.0,0.0,0.0,0.0,0.0,0.0,0.0,23432.645305200276,2.0,0.0,0.0,0,42.21811442631255
8811aa58bbfffff,55.50703550099883,37.162455127522236,0.0,0.0,0.0,0.0,0.0,6.0,2.0,0.0,1.0,0.0,0.0,0.0,1.0,0.0,0.0,0.0,0.0,4586.219751488126,23432.645305200276,0.0,0.0,0.0,0,39.49324384733053
8811aa58d3fffff,55.525602496091615,37.12473547723073,0.0,0.0,0.0,0.0,0.0,0.0,0.0,0.0,0.0,0.0,0.0,0.0,0.0,0.0,0.0,0.0,0.0,15657.4187358481,23432.645305200276,0.0,35000.0,5.0,1,39.899427860413724
8811aa58d5fffff,55.51241387046921,37.11450777755231,0.0,0.0,0.0,0.0,0.0,0.0,1.0,0.0,0.0,0.0,0.0,0.0,0.0,0.0,0.0,0.0,0.0,0.0,23432.645305200276,0.0,0.0,0.0,0,41.337307028292706
8811aa58d7fffff,55.51729901675119,37.12574047466259,0.0,0.0,0.0,0.0,0.0,1.0,5.0,0.0,1.0,1.0,0.0,0.0,0.0,0.0,0.0,0.0,0.0,4436.044340262814,23432.645305200276,0.0,0.0,0.0,0,40.44447651485783
8811aa58dbfffff,55.52901984962642,37.11249330353765,0.0,0.0,0.0,0.0,0.0,0.0,1.0,0.0,0.0,0.0,0.0,0.0,0.0,0.0,0.0,0.0,0.0,2993.845656339764,23432.645305200276,0.0,0.0,0.0,0,40.26263086384155
8811aa5903fffff,55.41325622940773,37.06753714120483,0.0,0.0,0.0,0.0,0.0,0.0,0.0,0.0,0.0,0.0,0.0,0.0,0.0,0.0,0.0,0.0,0.0,0.0,23432.645305200276,0.0,0.0,2.0,1,51.171820398451466
8811aa5907fffff,55.4049524952961,37.068550382557945,0.0,0.0,0.0,0.0,0.0,0.0,0.0,0.0,0.0,0.0,0.0,0.0,0.0,0.0,0.0,0.0,0.0,0.0,23432.645305200276,0.0,0.0,3.0,1,51.817161057693625
8811aa5915fffff,55.41814116424584,37.07873297624938,0.0,0.0,0.0,0.0,0.0,1.0,1.0,0.0,0.0,0.0,0.0,0.0,0.0,0.0,0.0,0.0,0.0,0.0,23432.645305200276,0.0,0.0,0.0,0,50.29272818661866
8811aa591dfffff,55.4215597196747,37.06652350256967,0.0,0.0,0.0,0.0,0.0,0.0,0.0,0.0,0.0,0.0,0.0,0.0,0.0,0.0,0.0,0.0,0.0,0.0,23432.645305200276,0.0,0.0,2.0,1,50.53524940089033
8811aa5925fffff,55.38003983335252,37.071587725252996,0.0,0.0,0.0,0.0,0.0,0.0,0.0,0.0,1.0,0.0,0.0,0.0,0.0,0.0,0.0,0.0,0.0,0.0,23432.645305200276,0.0,0.0,0.0,0,53.80263664781749
8811aa5929fffff,55.391763706974054,37.05837514319181,0.0,0.0,0.0,0.0,0.0,0.0,1.0,0.0,0.0,0.0,0.0,0.0,0.0,0.0,0.0,0.0,0.0,1138.9246342248612,23432.645305200276,0.0,0.0,5.0,1,53.3461551381873
8811aa592bfffff,55.39664851768571,37.0695632268619,0.0,0.0,0.0,0.0,0.0,0.0,0.0,0.0,0.0,0.0,0.0,0.0,0.0,0.0,0.0,0.0,0.0,0.0,23432.645305200276,0.0,0.0,1.0,1,52.47094910320024
8811aa592dfffff,55.3834598560265,37.059389614694766,0.0,0.0,0.0,0.0,0.0,0.0,0.0,0.0,0.0,0.0,0.0,0.0,0.0,0.0,0.0,0.0,0.0,0.0,23432.645305200276,0.0,0.0,3.0,1,54.00580343593211
8811aa5931fffff,55.406416295369006,37.09195048989401,0.0,0.0,0.0,0.0,0.0,1.0,0.0,0.0,0.0,0.0,0.0,0.0,0.0,0.0,0.0,0.0,0.0,12663.556247700975,23432.645305200276,0.0,0.0,0.0,0,50.72222984009356
8811aa5933fffff,55.41129926067092,37.103149671214574,0.0,0.0,0.0,0.0,0.0,0.0,0.0,0.0,0.0,0.0,0.0,3.0,0.0,0.0,0.0,0.0,0.0,0.0,23432.645305200276,0.0,0.0,0.0,0,49.84878413562558
8811aa5937fffff,55.402993932514164,37.104156037828865,0.0,0.0,0.0,0.0,0.0,0.0,1.0,0.0,0.0,0.0,0.0,0.0,0.0,0.0,0.0,0.0,0.0,0.0,23432.645305200276,0.0,0.0,0.0,0,50.51795901397915
8811aa593bfffff,55.41472101123822,37.09094169947746,0.0,0.0,0.0,0.0,0.0,1.0,0.0,1.0,1.0,0.0,0.0,0.0,0.0,1.0,0.0,0.0,0.0,32472.749616787598,23432.645305200276,0.0,0.0,0.0,0,50.06384216726484
8811aa5941fffff,55.410314127099014,37.020746933599305,0.0,0.0,0.0,0.0,0.0,0.0,0.0,0.0,0.0,0.0,0.0,2.0,0.0,0.0,0.0,0.0,0.0,12320.099164931748,23432.645305200276,0.0,0.0,0.0,0,53.44304628112867
8811aa5943fffff,55.41520225734515,37.03193201405145,0.0,0.0,0.0,0.0,0.0,0.0,0.0,0.0,1.0,0.0,0.0,3.0,0.0,0.0,0.0,0.0,0.0,0.0,23432.645305200276,0.0,0.0,0.0,0,52.55885468451439
8811aa5949fffff,55.413726537887804,37.00854099607118,0.0,0.0,0.0,0.0,0.0,0.0,0.0,0.0,2.0,0.0,0.0,1.0,0.0,0.0,0.0,0.0,0.0,5314.98726020908,23432.645305200276,0.0,0.0,0.0,0,53.71780264679636
8811aa594bfffff,55.418615650783146,37.019724398056276,0.0,0.0,0.0,0.0,0.0,0.0,1.0,0.0,0.0,0.0,0.0,0.0,0.0,0.0,0.0,0.0,0.0,0.0,23432.645305200276,0.0,0.0,0.0,0,52.83181995199816
8811aa594dfffff,55.40542538452167,37.00956555334265,0.0,0.0,0.0,0.0,0.0,0.0,0.0,0.0,1.0,0.0,0.0,0.0,0.0,0.0,0.0,0.0,0.0,0.0,23432.645305200276,0.0,0.0,0.0,0,54.327461675485054
8811aa5955fffff,55.42008977442574,37.04312079568319,0.0,0.0,0.0,0.0,0.0,0.0,0.0,0.0,0.0,0.0,0.0,0.0,0.0,0.0,0.0,0.0,0.0,0.0,23432.645305200276,0.0,0.0,2.0,1,51.674902300764884
8811aa5981fffff,55.442556584399085,37.13476770350708,0.0,0.0,0.0,0.0,0.0,0.0,0.0,0.0,0.0,0.0,0.0,0.0,0.0,0.0,0.0,0.0,0.0,0.0,23432.645305200276,0.0,35000.0,5.0,1,45.90456156326679
8811aa5983fffff,55.447437811767976,37.145985766221365,0.0,0.0,0.0,0.0,0.0,0.0,0.0,0.0,0.0,0.0,0.0,0.0,0.0,0.0,0.0,0.0,0.0,0.0,23432.645305200276,0.0,220000.0,2.0,1,45.0286176553472
8811aa5985fffff,55.434250640664395,37.13576876117388,0.0,0.0,0.0,0.0,0.0,0.0,0.0,0.0,0.0,0.0,0.0,0.0,0.0,0.0,0.0,0.0,0.0,0.0,23432.645305200276,0.0,0.0,3.0,1,46.56406098229901
8811aa5987fffff,55.439131500964685,37.146984788110146,0.0,0.0,0.0,0.0,0.0,0.0,0.0,0.0,0.0,0.0,0.0,1.0,0.0,0.0,0.0,0.0,0.0,0.0,23432.645305200276,0.0,35000.0,11.0,1,45.69076151793504
8811aa598bfffff,55.45086228325,37.13376625290448,0.0,0.0,0.0,0.0,0.0,0.0,0.0,0.0,0.0,0.0,0.0,0.0,0.0,0.0,0.0,0.0,0.0,0.0,23432.645305200276,0.0,35000.0,6.0,1,45.25445346301383
8811aa5993fffff,55.46550520165025,37.16743768008733,0.0,0.0,0.0,0.0,0.0,0.0,1.0,0.0,0.0,0.0,0.0,0.0,0.0,0.0,0.0,0.0,0.0,0.0,23432.645305200276,0.0,0.0,0.0,0,42.62073532699257
8811aa5999fffff,55.464049697857035,37.14398654558829,0.0,0.0,0.0,0.0,0.0,0.0,0.0,0.0,0.0,0.0,0.0,0.0,0.0,0.0,0.0,0.0,0.0,0.0,23432.645305200276,0.0,220000.0,3.0,1,43.73325240685217
8811aa599dfffff,55.455743877514045,37.144986352124214,0.0,0.0,0.0,0.0,0.0,0.0,0.0,0.0,0.0,0.0,0.0,0.0,0.0,0.0,0.0,0.0,0.0,0.0,23432.645305200276,0.0,220000.0,2.0,1,44.37597337723871
8811aa59a1fffff,55.422518145570045,37.14898165618333,0.0,0.0,0.0,0.0,0.0,0.0,0.0,0.0,0.0,0.0,0.0,0.0,0.0,0.0,0.0,0.0,0.0,0.0,23432.645305200276,0.0,0.0,4.0,1,47.04194355883674
8811aa59a3fffff,55.42739765140453,37.160197317352925,0.0,0.0,0.0,0.0,0.0,0.0,0.0,0.0,0.0,0.0,0.0,0.0,0.0,0.0,0.0,0.0,0.0,0.0,23432.645305200276,0.0,0.0,9.0,1,46.175134150228374
8811aa59a5fffff,55.414211101670695,37.14997950282764,0.0,0.0,0.0,0.0,0.0,0.0,0.0,0.0,0.0,0.0,0.0,2.0,0.0,0.0,0.0,0.0,0.0,0.0,23432.645305200276,0.0,0.0,0.0,0,47.73022326919933
8811aa59a7fffff,55.41909024026011,37.16119312892476,0.0,0.0,0.0,0.0,0.0,0.0,0.0,0.0,0.0,0.0,0.0,1.0,0.0,0.0,0.0,0.0,0.0,0.0,23432.645305200276,0.0,0.0,0.0,0,46.866397652104546
8811aa59a9fffff,55.42594445239183,37.13676942613548,0.0,0.0,0.0,1.0,0.0,0.0,0.0,0.0,0.0,0.0,0.0,0.0,0.0,0.0,0.0,0.0,0.0,0.0,23432.645305200276,0.0,0.0,0.0,0,47.23255978680065
8811aa59abfffff,55.43082494545004,37.14798341802079,0.0,0.0,0.0,0.0,0.0,0.0,0.0,0.0,0.0,1.0,0.0,0.0,0.0,0.0,0.0,0.0,0.0,0.0,23432.645305200276,0.0,0.0,2.0,1,46.36199942835222
8811aa59b1fffff,55.440584070272685,37.17042251801926,0.0,0.0,0.0,0.0,0.0,0.0,0.0,0.0,0.0,0.0,0.0,0.0,0.0,0.0,0.0,0.0,0.0,0.0,23432.645305200276,0.0,220000.0,0.0,0,44.623443535819376
8811aa59b5fffff,55.43227653659387,37.171416683106536,0.0,0.0,0.0,0.0,0.0,0.0,0.0,0.0,0.0,0.0,0.0,0.0,0.0,0.0,0.0,0.0,0.0,0.0,23432.645305200276,0.0,220000.0,5.0,1,45.309312295692976
8811aa59b9fffff,55.44401174076871,37.15820452160655,0.0,0.0,0.0,0.0,0.0,0.0,0.0,0.0,0.0,0.0,0.0,0.0,0.0,0.0,0.0,0.0,0.0,0.0,23432.645305200276,0.0,220000.0,3.0,1,44.81820643111091
8811aa59bdfffff,55.43570481835607,37.15920111499002,0.0,0.0,0.0,0.0,0.0,0.0,0.0,0.0,0.0,0.0,0.0,0.0,0.0,0.0,0.0,0.0,0.0,0.0,23432.645305200276,0.0,35000.0,8.0,1,45.49227618400309
8811aa59c9fffff,55.44793743280814,37.086902579442466,0.0,0.0,0.0,0.0,0.0,0.0,0.0,0.0,0.0,0.0,0.0,0.0,0.0,0.0,0.0,0.0,0.0,0.0,23432.645305200276,0.0,0.0,1.0,1,47.52007019813603
8811aa59d1fffff,55.46258999634815,37.12054170904792,0.0,0.0,0.0,0.0,0.0,0.0,0.0,0.0,0.0,0.0,0.0,0.0,0.0,0.0,0.0,0.0,0.0,0.0,23432.645305200276,0.0,220000.0,3.0,1,44.86759001192441
8811aa59d3fffff,55.46747294491715,37.13176217196855,0.0,0.0,0.0,0.0,0.0,0.0,0.0,0.0,0.0,0.0,0.0,0.0,0.0,0.0,0.0,0.0,0.0,0.0,23432.645305200276,0.0,220000.0,0.0,0,43.98406468299361
8811aa59d5fffff,55.45428515519462,37.12154598269707,0.0,0.0,0.0,0.0,0.0,0.0,0.0,0.0,0.0,0.0,0.0,0.0,0.0,0.0,0.0,0.0,0.0,0.0,23432.645305200276,0.0,35000.0,9.0,1,45.495478709377565
8811aa59d7fffff,55.45916773687129,37.1327644091353,0.0,0.0,0.0,0.0,0.0,0.0,0.0,0.0,0.0,0.0,0.0,0.0,0.0,0.0,0.0,0.0,0.0,0.0,23432.645305200276,0.0,220000.0,1.0,1,44.61414568731149
8811aa59d9fffff,55.466010655924926,37.108318252904304,0.0,0.0,0.0,0.0,0.0,0.0,0.0,0.0,0.0,0.0,0.0,0.0,0.0,0.0,0.0,0.0,0.0,0.0,23432.645305200276,0.0,220000.0,2.0,1,45.13604359844241
8811aa59ddfffff,55.457706427582025,37.10932495664071,0.0,0.0,0.0,0.0,0.0,0.0,0.0,0.0,0.0,0.0,0.0,0.0,0.0,0.0,0.0,0.0,0.0,0.0,23432.645305200276,0.0,35000.0,7.0,1,45.75144791825838
8811aa59e1fffff,55.424487061923294,37.11334782307218,0.0,0.0,0.0,0.0,0.0,0.0,1.0,0.0,0.0,0.0,0.0,0.0,0.0,0.0,0.0,0.0,0.0,113484.50025431608,23432.645305200276,1.0,0.0,0.0,0,48.31271478725632
8811aa59e3fffff,55.429369160705015,37.12455643982047,0.0,0.0,0.0,0.0,0.0,0.0,0.0,0.0,0.0,0.0,0.0,0.0,0.0,1.0,0.0,0.0,0.0,5529.867449322968,23432.645305200276,0.0,0.0,0.0,0,47.43805944752967
8811aa59e5fffff,55.41618160916595,37.11435255370971,0.0,0.0,0.0,0.0,0.0,0.0,0.0,0.0,0.0,0.0,0.0,2.0,0.0,0.0,0.0,0.0,0.0,0.0,23432.645305200276,0.0,0.0,0.0,0,48.97599670806467
8811aa59e9fffff,55.427909185622475,37.10113575380583,0.0,0.0,0.0,0.0,0.0,0.0,0.0,0.0,0.0,0.0,0.0,0.0,0.0,0.0,0.0,0.0,0.0,30547.176609195554,23432.645305200276,0.0,0.0,0.0,0,48.535910942948576
8811aa5a49fffff,55.49563973283724,36.91577659033581,0.0,0.0,0.0,0.0,0.0,0.0,0.0,0.0,4.0,0.0,0.0,3.0,0.0,0.0,0.0,0.0,0.0,216356.00171535052,23432.645305200276,3.0,220000.0,5.0,1,52.53123654108375
8811aa5a4bfffff,55.500538310826585,36.92696234344462,0.0,0.0,0.0,0.0,0.0,0.0,1.0,0.0,0.0,0.0,0.0,3.0,0.0,0.0,0.0,0.0,0.0,6904.824613215454,23432.645305200276,2.0,0.0,0.0,0,51.64109703970953
8811aa5a4dfffff,55.48734461203576,36.91682097258224,0.0,0.0,0.0,0.0,0.0,0.0,0.0,0.0,0.0,0.0,0.0,4.0,0.0,1.0,0.0,0.0,0.0,26582.315113188488,23432.645305200276,4.0,0.0,0.0,0,52.98823952590195
8811aa5a59fffff,55.513731890267195,36.93711106558956,0.0,0.0,0.0,0.0,0.0,0.0,0.0,0.0,0.0,0.0,0.0,0.0,0.0,0.0,0.0,0.0,0.0,0.0,23432.645305200276,0.0,220000.0,7.0,1,50.308863333435475
8811aa5a5dfffff,55.50543627721606,36.938151811954256,0.0,0.0,0.0,0.0,0.0,0.0,0.0,0.0,0.0,0.0,0.0,1.0,0.0,0.0,0.0,0.0,0.0,0.0,23432.645305200276,0.0,0.0,0.0,0,50.750977842249746
8811aa5a65fffff,55.46395449900033,36.943349420964516,0.0,0.0,0.0,2.0,1.0,0.0,2.0,0.0,6.0,0.0,1.0,3.0,3.0,6.0,0.0,0.0,2.0,94901.74029571745,23432.645305200276,4.0,0.0,0.0,0,53.14887643478319
8811aa5a69fffff,55.475651095475364,36.93008819910292,0.0,2.0,0.0,2.0,0.0,0.0,1.0,0.0,0.0,2.0,0.0,2.0,0.0,0.0,0.0,0.0,0.0,0.0,23432.645305200276,1.0,0.0,0.0,0,53.046008076533795
8811aa5a6bfffff,55.48054795149857,36.94127160096485,0.0,0.0,0.0,0.0,0.0,0.0,4.0,0.0,0.0,0.0,0.0,0.0,0.0,0.0,0.0,0.0,0.0,0.0,23432.645305200276,0.0,0.0,0.0,0,52.15359761333772
8811aa5a6dfffff,55.467354862997915,36.93112933365699,0.0,4.0,0.0,4.0,0.0,0.0,3.0,0.0,2.0,3.0,0.0,2.0,3.0,1.0,0.0,0.0,0.0,205550.37786871914,23432.645305200276,7.0,0.0,0.0,0,53.53817866779676
8811aa5b01fffff,55.43225325451027,36.970886496015474,0.0,0.0,0.0,0.0,0.0,0.0,0.0,0.0,1.0,0.0,0.0,0.0,0.0,0.0,0.0,0.0,0.0,0.0,23432.645305200276,0.0,0.0,0.0,0,54.04696922198383
8811aa5b05fffff,55.423954190220456,36.97191872601286,0.0,0.0,0.0,0.0,0.0,0.0,0.0,0.0,0.0,0.0,0.0,2.0,0.0,0.0,0.0,0.0,0.0,0.0,23432.645305200276,0.0,0.0,0.0,0,54.61512657189218
8811aa5b07fffff,55.428846249116,36.983097085152934,0.0,0.0,0.0,0.0,0.0,0.0,0.0,0.0,0.0,0.0,0.0,0.0,0.0,0.0,0.0,0.0,0.0,0.0,23432.645305200276,1.0,0.0,0.0,0,53.72510769422173
8811aa5b09fffff,55.43565866285221,36.95867516619563,0.0,0.0,0.0,0.0,0.0,0.0,0.0,0.0,0.0,0.0,0.0,5.0,0.0,1.0,0.0,0.0,0.0,4586.189593774139,23432.645305200276,0.0,0.0,0.0,0,54.380522715366304
8811aa5b0dfffff,55.42736021426458,36.95970982030422,0.0,2.0,0.0,1.0,0.0,0.0,0.0,0.0,0.0,1.0,0.0,2.0,0.0,0.0,0.0,0.0,0.0,12649.490460966095,23432.645305200276,0.0,0.0,0.0,0,54.937908212156024
8811aa5b25fffff,55.4039464774161,36.98618529316323,0.0,0.0,0.0,0.0,0.0,0.0,0.0,1.0,0.0,0.0,0.0,0.0,0.0,0.0,0.0,0.0,0.0,0.0,23432.645305200276,0.0,0.0,0.0,0,55.49024237809953
8811aa5b27fffff,55.40883681315416,36.99736129476874,0.0,0.0,0.0,0.0,0.0,0.0,0.0,0.0,0.0,0.0,0.0,0.0,0.0,0.0,0.0,0.0,0.0,16028.844791189995,23432.645305200276,0.0,0.0,0.0,0,54.60394726078102
8811aa5b35fffff,55.42202744723571,37.00751603721441,0.0,0.0,0.0,0.0,0.0,0.0,1.0,0.0,0.0,0.0,0.0,3.0,0.0,0.0,0.0,0.0,0.0,0.0,23432.645305200276,1.0,0.0,0.0,0,53.11732165359914
8811aa5b3dfffff,55.42543764668563,36.995306932566336,0.0,0.0,0.0,0.0,0.0,0.0,1.0,0.0,0.0,0.0,0.0,0.0,0.0,0.0,0.0,0.0,0.0,0.0,23432.645305200276,0.0,0.0,0.0,0,53.41515412948078
8811aa5b47fffff,55.43076464158173,36.94750017515303,0.0,0.0,0.0,0.0,0.0,0.0,0.0,0.0,0.0,0.0,0.0,0.0,0.0,0.0,0.0,0.0,0.0,20077.78467464428,23432.645305200276,0.0,0.0,0.0,0,55.272179920754404
8811aa5b4bfffff,55.442464688316015,36.934250288677454,0.0,0.0,0.0,0.0,0.0,0.0,0.0,0.0,0.0,0.0,0.0,0.0,0.0,0.0,0.0,0.0,0.0,0.0,23432.645305200276,0.0,110000.0,1.0,1,55.08183053148968
8811aa5b53fffff,55.45714897669876,36.96778737696635,0.0,0.0,0.0,0.0,0.0,0.0,0.0,0.0,0.0,0.0,0.0,0.0,0.0,0.0,0.0,0.0,2.0,0.0,23432.645305200276,0.0,0.0,0.0,0,52.403889636199786
8811aa5b59fffff,55.45565740318059,36.94438771987978,0.0,0.0,0.0,0.0,0.0,0.0,0.0,0.0,1.0,0.0,0.0,2.0,0.0,2.0,0.0,0.0,0.0,19953.428892051714,23432.645305200276,0.0,0.0,0.0,0,53.66358673248127
8811aa5b5bfffff,55.460552536895555,36.955568769082426,0.0,0.0,0.0,0.0,0.0,0.0,1.0,0.0,0.0,0.0,0.0,0.0,0.0,0.0,0.0,0.0,0.0,0.0,23432.645305200276,0.0,0.0,0.0,0,52.77069823510282
8811aa5b5dfffff,55.44736006144071,36.94542561172387,0.0,0.0,0.0,0.0,0.0,0.0,0.0,0.0,0.0,1.0,0.0,4.0,0.0,0.0,0.0,0.0,0.0,2900.6468156617834,23432.645305200276,1.0,0.0,0.0,0,54.189249321525146
8811aa6001fffff,55.83146242838355,37.75629291238273,0.0,1.0,0.0,0.0,0.0,0.0,3.0,0.0,12.0,0.0,0.0,0.0,0.0,0.0,0.0,0.0,0.0,3025.4731479015004,23432.645305200276,1.0,0.0,0.0,0,12.480620592073073
8811aa6003fffff,55.836312432826155,37.76774987115017,0.0,0.0,0.0,0.0,0.0,0.0,0.0,0.0,7.0,0.0,0.0,0.0,0.0,0.0,0.0,0.0,0.0,0.0,23432.645305200276,0.0,220000.0,3.0,1,13.370804853233315
8811aa6005fffff,55.82314006408609,37.75718260421201,4.0,12.0,0.0,4.0,3.0,1.0,2.0,2.0,10.0,0.0,0.0,12.0,8.0,9.0,0.0,0.0,6.0,283600.8201827354,23432.645305200276,33.0,220000.0,0.0,0,11.885920982035037
8811aa6007fffff,55.82798972365611,37.76863743255127,0.0,2.0,2.0,4.0,1.0,0.0,1.0,0.0,6.0,0.0,0.0,11.0,2.0,5.0,0.0,0.0,0.0,169052.93847716102,23432.645305200276,22.0,220000.0,12.0,1,12.781495399080761
8811aa6009fffff,55.83493351112469,37.74394756064083,0.0,0.0,2.0,1.0,1.0,0.0,1.0,0.0,5.0,1.0,0.0,1.0,4.0,0.0,0.0,0.0,0.0,21089.393859901837,23432.645305200276,0.0,0.0,0.0,0,12.233627182673134
8811aa600bfffff,55.8397845331248,37.75540286678822,0.0,0.0,0.0,0.0,0.0,0.0,1.0,0.0,0.0,0.0,0.0,0.0,0.0,0.0,0.0,0.0,0.0,0.0,23432.645305200276,0.0,220000.0,2.0,1,13.114097882886636
8811aa600dfffff,55.82661175143898,37.7448397359201,0.0,1.0,1.0,0.0,0.0,0.0,0.0,1.0,1.0,0.0,0.0,4.0,0.0,1.0,0.0,0.0,0.0,41095.46119410739,23432.645305200276,2.0,0.0,0.0,0,11.591763017974072
8811aa6015fffff,55.84116176390506,37.77921061317969,0.0,0.0,0.0,0.0,0.0,0.0,0.0,0.0,1.0,0.0,0.0,0.0,0.0,0.0,0.0,0.0,0.0,0.0,23432.645305200276,0.0,0.0,0.0,0,14.262081199505056
8811aa6019fffff,55.85295707161873,37.76597368919212,0.0,0.0,0.0,0.0,0.0,0.0,0.0,0.0,0.0,0.0,0.0,0.0,0.0,0.0,0.0,0.0,0.0,0.0,23432.645305200276,0.0,110000.0,7.0,1,14.655061462787273
8811aa601dfffff,55.84463488226203,37.766861956767194,0.0,0.0,0.0,0.0,0.0,0.0,0.0,0.0,0.0,0.0,0.0,0.0,0.0,0.0,0.0,0.0,0.0,0.0,23432.645305200276,0.0,220000.0,9.0,1,13.996899898072053
8811aa6021fffff,55.81134352749393,37.77041149724769,0.0,6.0,0.0,6.0,1.0,1.0,2.0,2.0,4.0,3.0,1.0,7.0,2.0,1.0,0.0,0.0,4.0,86231.27014893132,23432.645305200276,11.0,0.0,0.0,0,11.735100849212351
8811aa6023fffff,55.816191824504365,37.781865845764266,1.0,28.0,0.0,5.0,0.0,1.0,3.0,1.0,3.0,1.0,0.0,18.0,1.0,1.0,0.0,0.0,4.0,326711.17715281254,23432.645305200276,25.0,0.0,0.0,0,12.632418851411895
8811aa6025fffff,55.80302004119212,37.77129800096256,2.0,3.0,5.0,4.0,4.0,1.0,5.0,7.0,21.0,0.0,0.0,8.0,13.0,6.0,1.0,0.0,4.0,139953.46255428737,23432.645305200276,19.0,0.0,0.0,0,11.290290428088825
8811aa6027fffff,55.80786799315703,37.78275021987466,0.0,5.0,1.0,5.0,7.0,1.0,4.0,4.0,3.0,0.0,1.0,14.0,11.0,14.0,0.0,0.0,2.0,193856.94122466072,23432.645305200276,16.0,0.0,0.0,0,12.182577894612075
8811aa6029fffff,55.814817440577485,37.75807194248652,0.0,6.0,0.0,1.0,1.0,0.0,6.0,2.0,3.0,1.0,0.0,0.0,4.0,2.0,0.0,0.0,2.0,170635.98597370056,23432.645305200276,11.0,220000.0,0.0,0,11.336110253226733
8811aa602bfffff,55.81966675509699,37.76952464118049,0.0,2.0,0.0,1.0,0.0,1.0,1.0,0.0,5.0,0.0,0.0,5.0,0.0,0.0,0.0,0.0,0.0,96067.26629990831,23432.645305200276,6.0,220000.0,0.0,0,12.234294596595618
8811aa602dfffff,55.80649455820288,37.758960927416524,4.0,12.0,8.0,20.0,10.0,0.0,2.0,11.0,30.0,1.0,0.0,7.0,14.0,13.0,1.0,0.0,14.0,444122.82771219325,23432.645305200276,21.0,0.0,0.0,0,10.838029112226916
8811aa6031fffff,55.829363365349856,37.79244138015395,0.0,0.0,0.0,0.0,0.0,0.0,0.0,0.0,0.0,0.0,0.0,0.0,0.0,0.0,0.0,0.0,0.0,0.0,23432.645305200276,0.0,220000.0,1.0,1,14.030926418373374
8811aa6033fffff,55.834210659359854,37.80390542234362,0.0,0.0,0.0,0.0,0.0,0.0,1.0,0.0,2.0,0.0,0.0,0.0,0.0,0.0,0.0,0.0,0.0,0.0,23432.645305200276,0.0,0.0,0.0,0,14.9293686300843
8811aa6035fffff,55.82103944837299,37.793323973920984,4.0,6.0,3.0,12.0,4.0,2.0,4.0,3.0,10.0,0.0,0.0,5.0,8.0,7.0,0.0,0.0,2.0,113730.16531757804,23432.645305200276,5.0,220000.0,4.0,1,13.529948694343677
8811aa6037fffff,55.825886398238225,37.80478588267198,2.0,10.0,1.0,3.0,2.0,0.0,2.0,3.0,9.0,5.0,0.0,8.0,3.0,6.0,0.0,1.0,4.0,371196.10566994717,23432.645305200276,10.0,220000.0,8.0,1,14.427664503573327
8811aa6039fffff,55.83283871022356,37.780096042626134,0.0,0.0,0.0,0.0,0.0,0.0,0.0,0.0,4.0,0.0,0.0,0.0,0.0,0.0,0.0,0.0,0.0,0.0,23432.645305200276,0.0,0.0,0.0,0,13.677501038557855
8811aa603dfffff,55.82451539697495,37.78098112008451,0.0,3.0,0.0,0.0,0.0,0.0,2.0,0.0,2.0,0.0,0.0,0.0,0.0,0.0,0.0,0.0,2.0,105446.66402545093,23432.645305200276,0.0,220000.0,6.0,1,13.132567648213575
8811aa6041fffff,55.83355026110721,37.720151509613316,0.0,0.0,0.0,0.0,0.0,0.0,0.0,0.0,0.0,0.0,0.0,0.0,0.0,0.0,0.0,0.0,0.0,0.0,23432.645305200276,0.0,110000.0,2.0,1,11.18234262305743
8811aa6043fffff,55.838402971847295,37.73160137838792,0.0,0.0,0.0,0.0,0.0,0.0,0.0,0.0,2.0,0.0,0.0,0.0,0.0,0.0,0.0,0.0,0.0,0.0,23432.645305200276,0.0,220000.0,7.0,1,12.04381000576399
8811aa6045fffff,55.825229451982075,37.72104829600614,1.0,1.0,0.0,0.0,1.0,1.0,5.0,1.0,10.0,0.0,0.0,5.0,2.0,2.0,0.0,0.0,0.0,95763.72912481974,23432.645305200276,3.0,110000.0,7.0,1,10.481953140468239
8811aa6047fffff,55.83008181712336,37.73249603736648,0.0,0.0,0.0,0.0,0.0,0.0,1.0,0.0,3.0,0.0,0.0,2.0,0.0,1.0,0.0,0.0,0.0,18043.100621592108,23432.645305200276,0.0,110000.0,5.0,1,11.356012721199885
8811aa604bfffff,55.841870810519474,37.71925436668685,0.0,0.0,0.0,0.0,0.0,0.0,0.0,0.0,10.0,0.0,0.0,0.0,0.0,0.0,0.0,0.0,0.0,0.0,23432.645305200276,0.0,220000.0,3.0,1,11.913881412555051
8811aa604dfffff,55.82869687972798,37.70870542331877,0.0,2.0,0.0,0.0,0.0,0.0,6.0,0.0,32.0,3.0,0.0,5.0,3.0,5.0,0.0,0.0,0.0,148495.98088214325,23432.645305200276,1.0,0.0,0.0,0,10.327189741729624
8811aa6055fffff,55.843255011087,37.74305503060287,1.0,0.0,1.0,0.0,0.0,0.0,0.0,0.0,0.0,1.0,0.0,0.0,0.0,0.0,0.0,0.0,0.0,0.0,23432.645305200276,0.0,220000.0,11.0,1,12.910343179533623
8811aa6057fffff,55.8481063779648,37.75451246721789,0.0,0.0,0.0,0.0,0.0,0.0,0.0,0.0,0.0,0.0,0.0,0.0,0.0,0.0,0.0,0.0,0.0,0.0,23432.645305200276,0.0,110000.0,4.0,1,13.781000883810593
8811aa6059fffff,55.85504450127855,37.72981099296236,0.0,0.0,0.0,0.0,0.0,0.0,0.0,0.0,1.0,0.0,0.0,0.0,0.0,0.0,0.0,0.0,0.0,0.0,23432.645305200276,0.0,0.0,0.0,0,13.505893283036983
8811aa605dfffff,55.846723866680655,37.73070636365714,1.0,0.0,0.0,0.0,0.0,0.0,0.0,0.0,2.0,0.0,0.0,0.0,0.0,0.0,0.0,0.0,0.0,0.0,23432.645305200276,0.0,220000.0,1.0,1,12.762057801903781
8811aa6061fffff,55.813438729383684,37.73428428891331,4.0,4.0,5.0,16.0,14.0,0.0,6.0,11.0,51.0,1.0,1.0,19.0,40.0,17.0,1.0,0.0,18.0,310200.2125336123,23432.645305200276,29.0,110000.0,0.0,0,10.096446669014613
8811aa6063fffff,55.81828973237493,37.74573155665175,1.0,7.0,2.0,10.0,4.0,0.0,4.0,0.0,4.0,0.0,0.0,11.0,3.0,3.0,0.0,0.0,0.0,6162.709770052006,23432.645305200276,12.0,0.0,0.0,0,10.990865265763704
8811aa6065fffff,55.80511679705804,37.735177881904335,1.0,0.0,2.0,1.0,1.0,15.0,21.0,2.0,26.0,0.0,0.0,0.0,1.0,3.0,2.0,1.0,0.0,366490.7211176734,23432.645305200276,11.0,220000.0,0.0,0,9.540025225169241
8811aa6067fffff,55.809967454277576,37.746623023046645,0.0,2.0,4.0,3.0,0.0,0.0,4.0,1.0,0.0,0.0,0.0,0.0,2.0,3.0,0.0,0.0,2.0,502100.95252002374,23432.645305200276,4.0,220000.0,4.0,1,10.438018626958709
8811aa6069fffff,55.81690838348902,37.721944726077375,0.0,2.0,0.0,6.0,8.0,1.0,5.0,5.0,32.0,4.0,1.0,18.0,16.0,15.0,2.0,0.0,8.0,297742.53035692876,23432.645305200276,52.0,110000.0,0.0,0,9.819388288686499
8811aa606bfffff,55.82176040285382,37.733390340804455,0.0,0.0,0.0,3.0,0.0,1.0,10.0,0.0,25.0,0.0,0.0,4.0,2.0,3.0,0.0,0.0,6.0,195198.46934568664,23432.645305200276,1.0,0.0,0.0,0,10.704544206594617
8811aa606dfffff,55.80858705597307,37.72284080003892,5.0,2.0,7.0,12.0,11.0,3.0,8.0,16.0,31.0,3.0,2.0,7.0,31.0,22.0,2.0,0.0,16.0,331046.1364235393,23432.645305200276,31.0,220000.0,0.0,0,9.202829520739638
8811aa60e5fffff,55.83905727814272,37.81537324760772,0.0,0.0,0.0,0.0,0.0,0.0,3.0,0.0,0.0,0.0,0.0,0.0,0.0,0.0,0.0,0.0,0.0,0.0,23432.645305200276,0.0,0.0,0.0,0,15.827892516922148
8811aa6101fffff,55.77320044694929,37.76251333789133,0.0,0.0,0.0,0.0,0.0,0.0,0.0,1.0,4.0,0.0,0.0,3.0,0.0,0.0,0.0,0.0,0.0,0.0,23432.645305200276,2.0,0.0,0.0,0,9.514189617087078
8811aa6103fffff,55.7780480335471,37.77395540008752,2.0,0.0,0.0,0.0,0.0,1.0,0.0,1.0,17.0,0.0,0.0,0.0,0.0,0.0,0.0,0.0,2.0,0.0,23432.645305200276,0.0,0.0,6.0,1,10.348284159096668
8811aa6105fffff,55.76487627542386,37.7634005592472,0.0,0.0,0.0,0.0,0.0,0.0,0.0,0.0,15.0,0.0,0.0,0.0,0.0,0.0,0.0,0.0,0.0,169363.01876859536,23432.645305200276,1.0,0.0,0.0,0,9.385815705598176
8811aa6107fffff,55.7697235159035,37.7748404964866,0.0,0.0,0.0,0.0,0.0,0.0,0.0,0.0,4.0,0.0,0.0,0.0,0.0,0.0,0.0,0.0,0.0,0.0,23432.645305200276,0.0,0.0,0.0,0,10.18529832725499
8811aa6109fffff,55.776675758459,37.75018534947015,1.0,2.0,0.0,5.0,0.0,1.0,0.0,5.0,15.0,1.0,0.0,6.0,2.0,2.0,1.0,0.0,0.0,812852.8754573184,23432.645305200276,6.0,110000.0,6.0,1,8.876785987275008
8811aa610bfffff,55.78152436133532,37.761625764239845,0.0,0.0,0.0,0.0,0.0,0.0,0.0,0.0,5.0,0.0,0.0,2.0,0.0,0.0,0.0,0.0,0.0,0.0,23432.645305200276,2.0,0.0,9.0,1,9.729852049243537
8811aa610dfffff,55.76835219037352,37.75107504733845,6.0,0.0,1.0,5.0,0.0,0.0,5.0,8.0,19.0,1.0,0.0,8.0,0.0,0.0,0.0,1.0,0.0,25590.24208760064,23432.645305200276,3.0,110000.0,0.0,0,8.692957608456407
8811aa6111fffff,55.791219555213125,37.78451791422355,12.0,5.0,8.0,36.0,30.0,3.0,1.0,24.0,62.0,4.0,3.0,30.0,52.0,28.0,3.0,0.0,22.0,256829.1262446615,23432.645305200276,64.0,0.0,0.0,0,11.45690954475362
8811aa6113fffff,55.79606614449426,37.79596965134368,5.0,6.0,6.0,32.0,38.0,3.0,6.0,27.0,44.0,12.0,3.0,33.0,63.0,35.0,2.0,0.0,34.0,129148.71740623612,23432.645305200276,51.0,0.0,0.0,0,12.328001864236425
8811aa6115fffff,55.782894949307256,37.78540123487975,0.0,0.0,0.0,1.0,0.0,1.0,0.0,1.0,42.0,1.0,0.0,0.0,0.0,0.0,0.0,0.0,0.0,0.0,23432.645305200276,0.0,0.0,7.0,1,11.192383568080105
8811aa6117fffff,55.78774119336969,37.796850843220135,0.0,2.0,7.0,4.0,1.0,1.0,3.0,2.0,39.0,1.0,1.0,1.0,2.0,5.0,1.0,0.0,2.0,180195.40560642572,23432.645305200276,12.0,0.0,2.0,1,12.044400925434829
8811aa6119fffff,55.79469629653682,37.77218415253461,6.0,10.0,7.0,14.0,6.0,2.0,5.0,9.0,31.0,0.0,2.0,12.0,16.0,20.0,2.0,0.0,4.0,370956.57762014435,23432.645305200276,41.0,0.0,0.0,0,10.90652613547356
8811aa611bfffff,55.79954390327817,37.78363424262478,1.0,7.0,6.0,11.0,9.0,2.0,2.0,6.0,23.0,1.0,2.0,17.0,20.0,15.0,2.0,0.0,10.0,61177.70784419023,23432.645305200276,40.0,0.0,0.0,0,11.788811543486775
8811aa611dfffff,55.78637229387336,37.773069952173195,2.0,2.0,2.0,4.0,2.0,0.0,1.0,0.0,7.0,0.0,1.0,7.0,3.0,1.0,0.0,0.0,0.0,74698.11375099076,23432.645305200276,6.0,0.0,0.0,0,10.590453478476402
8811aa6121fffff,55.753073710046316,37.7766096355743,1.0,14.0,5.0,19.0,19.0,0.0,5.0,18.0,11.0,5.0,5.0,10.0,35.0,18.0,2.0,0.0,16.0,58033.14170170685,23432.645305200276,38.0,0.0,0.0,0,10.110372981409673
8811aa6123fffff,55.757919587999474,37.788049093278055,2.0,4.0,5.0,7.0,8.0,0.0,5.0,2.0,14.0,5.0,1.0,16.0,13.0,15.0,0.0,0.0,4.0,27577.0383751857,23432.645305200276,55.0,0.0,0.0,0,10.84623494786837
8811aa6125fffff,55.744748422523905,37.77749367868015,6.0,15.0,9.0,23.0,9.0,0.0,4.0,14.0,22.0,1.0,1.0,8.0,27.0,12.0,0.0,0.0,10.0,137136.1333915662,23432.645305200276,22.0,0.0,0.0,0,10.200292233469773
8811aa6127fffff,55.749593954185364,37.7889310122483,5.0,7.0,4.0,26.0,27.0,0.0,4.0,8.0,18.0,7.0,1.0,22.0,39.0,36.0,0.0,0.0,36.0,219607.41257232687,23432.645305200276,31.0,0.0,0.0,0,10.887923433584355
8811aa6129fffff,55.75655184710451,37.764287428516774,1.0,13.0,0.0,1.0,0.0,0.0,4.0,0.0,5.0,3.0,0.0,3.0,5.0,5.0,0.0,0.0,14.0,74986.46037255874,23432.645305200276,7.0,0.0,0.0,0,9.348334975579384
8811aa612bfffff,55.761398741288055,37.7757252415793,9.0,12.0,5.0,10.0,7.0,1.0,4.0,7.0,11.0,2.0,1.0,19.0,18.0,19.0,0.0,0.0,8.0,189946.3174306115,23432.645305200276,41.0,0.0,0.0,0,10.10533545862087
8811aa612dfffff,55.74822716233683,37.76517394590914,1.0,14.0,2.0,14.0,12.0,1.0,1.0,9.0,9.0,0.0,3.0,17.0,20.0,8.0,1.0,0.0,10.0,234540.41495762157,23432.645305200276,31.0,0.0,0.0,0,9.402842315209865
8811aa6131fffff,55.77109051844558,37.798612177325666,0.0,0.0,0.0,0.0,0.0,0.0,2.0,0.0,14.0,0.0,0.0,3.0,0.0,0.0,0.0,0.0,0.0,0.0,23432.645305200276,0.0,0.0,0.0,0,11.679739084527116
8811aa6133fffff,55.775935399700245,37.81006130191059,0.0,0.0,0.0,0.0,0.0,0.0,0.0,3.0,1.0,0.0,0.0,0.0,0.0,0.0,0.0,0.0,2.0,0.0,23432.645305200276,0.0,0.0,0.0,0,12.48956194916737
8811aa6135fffff,55.76276479533712,37.79949231997059,1.0,2.0,1.0,5.0,4.0,0.0,4.0,1.0,4.0,0.0,0.0,3.0,9.0,4.0,0.0,0.0,0.0,102526.08908022447,23432.645305200276,12.0,0.0,0.0,0,11.605057133252359
8811aa6137fffff,55.76760933119967,37.810939316601505,1.0,0.0,0.0,0.0,0.0,0.0,0.0,1.0,6.0,1.0,0.0,0.0,0.0,0.0,0.0,0.0,0.0,0.0,23432.645305200276,0.0,0.0,0.0,0,12.382635120444816
8811aa6139fffff,55.77457008590602,37.78628420480197,0.0,0.0,0.0,0.0,0.0,1.0,0.0,0.0,19.0,2.0,0.0,0.0,0.0,0.0,0.0,0.0,0.0,0.0,23432.645305200276,0.0,0.0,0.0,0,11.000102173745011
8811aa613bfffff,55.77941598457162,37.7977316851448,0.0,0.0,0.0,0.0,0.0,0.0,0.0,0.0,0.0,0.0,0.0,0.0,0.0,0.0,0.0,0.0,0.0,0.0,23432.645305200276,0.0,0.0,3.0,1,11.827077785247804
8811aa613dfffff,55.7662449653549,37.78716682419866,3.0,2.0,4.0,10.0,6.0,0.0,3.0,2.0,21.0,3.0,1.0,12.0,10.0,6.0,1.0,0.0,2.0,0.0,23432.645305200276,5.0,0.0,0.0,0,10.88390183250501
8811aa6141fffff,55.77529916258275,37.72642153901996,1.0,2.0,2.0,2.0,4.0,0.0,1.0,1.0,5.0,0.0,0.0,17.0,6.0,14.0,0.0,0.0,2.0,305667.3253610294,23432.645305200276,30.0,110000.0,0.0,0,7.41675206157829
8811aa6143fffff,55.78014945039973,37.73785653228087,2.0,6.0,7.0,16.0,4.0,2.0,6.0,3.0,17.0,4.0,2.0,15.0,16.0,24.0,5.0,0.0,14.0,359608.1456859063,23432.645305200276,37.0,110000.0,0.0,0,8.280844301204635
8811aa6145fffff,55.766976545129715,37.72731583560544,0.0,12.0,2.0,6.0,5.0,0.0,1.0,5.0,7.0,0.0,3.0,15.0,10.0,8.0,1.0,0.0,10.0,49165.1254687819,23432.645305200276,15.0,0.0,0.0,0,7.203842291800892
8811aa6147fffff,55.77182648610404,37.73874870691018,1.0,0.0,2.0,3.0,1.0,0.0,1.0,0.0,6.0,1.0,1.0,9.0,6.0,6.0,2.0,0.0,0.0,125351.85106899844,23432.645305200276,21.0,0.0,0.0,0,8.03363152608162
8811aa6149fffff,55.77877021977733,37.71409354472581,4.0,10.0,5.0,11.0,4.0,0.0,2.0,11.0,14.0,1.0,1.0,16.0,19.0,14.0,0.0,0.0,22.0,435086.30430737307,23432.645305200276,35.0,110000.0,0.0,0,6.853753935211733
8811aa614bfffff,55.783621522738905,37.7255268873817,7.0,5.0,7.0,35.0,23.0,3.0,9.0,23.0,21.0,5.0,2.0,25.0,57.0,49.0,3.0,0.0,38.0,335500.76692264155,23432.645305200276,40.0,0.0,0.0,0,7.735920552057074
8811aa614dfffff,55.77044820664576,37.7149903175785,0.0,2.0,8.0,7.0,4.0,0.0,14.0,3.0,4.0,0.0,1.0,9.0,3.0,9.0,2.0,0.0,6.0,52645.240081826596,23432.645305200276,23.0,0.0,0.0,0,6.561855737275852
8811aa6151fffff,55.79332212236364,37.74840489366878,2.0,8.0,1.0,25.0,2.0,3.0,3.0,21.0,12.0,1.0,0.0,3.0,24.0,11.0,1.0,0.0,12.0,954028.6064875686,23432.645305200276,17.0,110000.0,7.0,1,9.509361343398291
8811aa6153fffff,55.798171417307465,37.75984955921215,4.0,0.0,4.0,5.0,2.0,0.0,6.0,3.0,5.0,1.0,0.0,4.0,1.0,4.0,0.0,0.0,2.0,177936.68453363044,23432.645305200276,5.0,0.0,0.0,0,10.399120435474337
8811aa6155fffff,55.78499906923751,37.749295298316945,11.0,3.0,0.0,21.0,5.0,0.0,0.0,10.0,18.0,6.0,0.0,25.0,17.0,12.0,0.0,0.0,6.0,430947.46173641074,23432.645305200276,23.0,110000.0,8.0,1,9.151549571969438
8811aa6157fffff,55.78984801823651,37.76073783808332,1.0,2.0,0.0,2.0,0.0,1.0,5.0,2.0,4.0,3.0,0.0,6.0,2.0,0.0,3.0,0.0,0.0,131840.26832593523,23432.645305200276,5.0,0.0,0.0,0,10.027164999299897
8811aa6159fffff,55.79679460622202,37.73607111998865,1.0,4.0,4.0,5.0,2.0,1.0,7.0,10.0,21.0,2.0,3.0,6.0,4.0,20.0,2.0,0.0,7.0,371455.5543564172,23432.645305200276,6.0,110000.0,0.0,0,9.044830270699862
8811aa615bfffff,55.80164491749209,37.74751413531548,7.0,4.0,1.0,8.0,2.0,0.0,6.0,6.0,15.0,2.0,0.0,24.0,15.0,22.0,0.0,0.0,6.0,491857.855608313,23432.645305200276,32.0,110000.0,6.0,1,9.9412504656597
8811aa615dfffff,55.78847215722083,37.73696400337723,3.0,9.0,5.0,14.0,14.0,3.0,6.0,15.0,44.0,3.0,2.0,17.0,21.0,21.0,3.0,0.0,12.0,540035.9885743338,23432.645305200276,41.0,0.0,0.0,0,8.621427093705423
8811aa6161fffff,55.7551797864705,37.740531994187535,3.0,7.0,0.0,4.0,1.0,0.0,4.0,0.0,1.0,0.0,0.0,16.0,6.0,4.0,0.0,0.0,2.0,549656.5935331116,23432.645305200276,10.0,110000.0,0.0,0,7.851367093039441
8811aa6163fffff,55.7600283653265,37.751964392131725,4.0,6.0,0.0,21.0,7.0,1.0,4.0,5.0,6.0,6.0,0.0,29.0,21.0,7.0,0.0,0.0,10.0,62010.34937253014,23432.645305200276,11.0,110000.0,0.0,0,8.605902391939638
8811aa6165fffff,55.74685605182358,37.74142310725599,2.0,0.0,0.0,0.0,0.0,2.0,5.0,0.0,11.0,1.0,0.0,9.0,3.0,0.0,0.0,0.0,2.0,45428.549516572675,23432.645305200276,4.0,110000.0,0.0,0,7.923518088255507
8811aa6167fffff,55.75170428366343,37.75285338405966,4.0,19.0,0.0,14.0,3.0,1.0,2.0,7.0,2.0,1.0,0.0,4.0,15.0,5.0,0.0,0.0,10.0,167448.97067162264,23432.645305200276,4.0,0.0,0.0,0,8.618561946797916
8811aa6169fffff,55.75865367072516,37.72820977734903,0.0,15.0,2.0,2.0,0.0,1.0,1.0,2.0,2.0,0.0,0.0,0.0,6.0,3.0,2.0,0.0,24.0,46702.22338838808,23432.645305200276,5.0,0.0,0.0,0,7.106758293890297
8811aa616bfffff,55.76350326467915,37.739640527475636,1.0,7.0,6.0,10.0,9.0,0.0,2.0,6.0,9.0,0.0,1.0,23.0,14.0,15.0,1.0,0.0,8.0,400983.45722390694,23432.645305200276,29.0,0.0,0.0,0,7.888581213690977
8811aa616dfffff,55.75033053971455,37.72910336446143,0.0,3.0,1.0,1.0,0.0,0.0,0.0,2.0,3.0,1.0,0.0,9.0,3.0,2.0,0.0,0.0,8.0,42034.12217583888,23432.645305200276,8.0,110000.0,3.0,1,7.13024324297466
8811aa6181fffff,55.80711943542824,37.84268703108557,0.0,2.0,0.0,2.0,0.0,0.0,5.0,1.0,0.0,1.0,0.0,2.0,0.0,1.0,0.0,0.0,0.0,574551.1191705072,23432.645305200276,0.0,0.0,0.0,0,15.505639261352584
8811aa6183fffff,55.81196230808846,37.85415552142839,0.0,0.0,0.0,0.0,0.0,0.0,1.0,0.0,0.0,0.0,0.0,0.0,0.0,0.0,0.0,0.0,0.0,0.0,23432.645305200276,0.0,0.0,0.0,0,16.380088658165953
8811aa6189fffff,55.810601871377,37.830347522641844,6.0,13.0,8.0,14.0,6.0,1.0,10.0,16.0,28.0,1.0,1.0,11.0,30.0,8.0,0.0,0.0,26.0,1397878.1743196729,23432.645305200276,22.0,220000.0,0.0,0,14.961110563866942
8811aa618bfffff,55.815445763812924,37.84181436955728,0.0,3.0,0.0,0.0,0.0,0.0,0.0,0.0,2.0,0.0,0.0,2.0,0.0,1.0,0.0,0.0,0.0,406426.66265526816,23432.645305200276,0.0,220000.0,0.0,0,15.843634561615913
8811aa618dfffff,55.80227588676457,37.831222319042844,1.0,16.0,4.0,5.0,3.0,0.0,3.0,5.0,15.0,3.0,2.0,5.0,10.0,5.0,1.0,0.0,0.0,362423.7582949041,23432.645305200276,11.0,0.0,0.0,0,14.634208014688102
8811aa6191fffff,55.825131518724895,37.86475940381229,0.0,0.0,0.0,0.0,0.0,0.0,0.0,0.0,0.0,0.0,0.0,0.0,2.0,0.0,0.0,0.0,0.0,6668.30409057928,23432.645305200276,0.0,0.0,0.0,0,17.613808908187828
8811aa6195fffff,55.81680450388302,37.86562779101995,1.0,3.0,4.0,3.0,1.0,1.0,4.0,2.0,7.0,4.0,0.0,1.0,1.0,9.0,1.0,0.0,0.0,0.0,23432.645305200276,10.0,0.0,0.0,0,17.257108818705955
8811aa6197fffff,55.82164602194931,37.877103840808296,0.0,2.0,3.0,0.0,1.0,0.0,2.0,2.0,5.0,0.0,0.0,2.0,2.0,2.0,0.0,0.0,2.0,49686.78088894658,23432.645305200276,18.0,0.0,0.0,0,18.136337658426708
8811aa619dfffff,55.82028897988305,37.85328499629766,0.0,0.0,0.0,0.0,0.0,0.0,0.0,0.0,0.0,0.0,0.0,0.0,0.0,0.0,0.0,0.0,0.0,0.0,23432.645305200276,2.0,0.0,0.0,0,16.72795374542964
8811aa61a9fffff,55.79046600384414,37.8444313139067,0.0,0.0,0.0,0.0,0.0,0.0,0.0,0.0,0.0,0.0,0.0,0.0,0.0,0.0,0.0,0.0,0.0,0.0,23432.645305200276,0.0,220000.0,2.0,1,14.980215712389766
8811aa61adfffff,55.78213890133577,37.84530293561198,0.0,4.0,0.0,0.0,0.0,0.0,2.0,0.0,1.0,0.0,0.0,4.0,0.0,0.0,0.0,0.0,0.0,795321.9229670471,23432.645305200276,4.0,220000.0,3.0,1,14.79814459682292
8811aa61b9fffff,55.808477230297264,37.86649583298812,0.0,1.0,0.0,0.0,0.0,0.0,0.0,0.0,0.0,0.0,0.0,0.0,0.0,0.0,0.0,0.0,0.0,0.0,23432.645305200276,0.0,0.0,0.0,0,16.943850738519362
8811aa61bbfffff,55.8133184055005,37.87796974411585,1.0,2.0,0.0,0.0,0.0,0.0,4.0,1.0,1.0,0.0,0.0,0.0,0.0,0.0,0.0,0.0,0.0,42280.49891069089,23432.645305200276,2.0,0.0,0.0,0,17.812682931240822
8811aa61c1fffff,55.809237098641056,37.80654575353491,8.0,14.0,10.0,23.0,12.0,1.0,5.0,17.0,18.0,3.0,2.0,23.0,40.0,22.0,1.0,0.0,18.0,254425.59678256832,23432.645305200276,17.0,0.0,0.0,0,13.559928428134796
8811aa61c3fffff,55.81408268554022,37.81800717625999,7.0,22.0,12.0,14.0,11.0,0.0,6.0,12.0,26.0,2.0,1.0,12.0,27.0,24.0,2.0,0.0,6.0,253516.2157149388,23432.645305200276,20.0,0.0,0.0,0,14.447984767216088
8811aa61c5fffff,55.800912060856064,37.80742516448579,0.0,3.0,13.0,3.0,8.0,2.0,4.0,5.0,31.0,0.0,0.0,11.0,10.0,8.0,0.0,0.0,2.0,42176.489731135574,23432.645305200276,28.0,0.0,0.0,0,13.20282774321072
8811aa61c7fffff,55.80575730343747,37.8188844546015,7.0,20.0,14.0,15.0,6.0,0.0,5.0,10.0,24.0,2.0,3.0,7.0,23.0,20.0,0.0,0.0,0.0,132931.2898593695,23432.645305200276,21.0,0.0,0.0,0,14.080705312807666
8811aa61c9fffff,55.81271527234126,37.79420621690253,4.0,5.0,2.0,27.0,22.0,3.0,4.0,12.0,9.0,0.0,2.0,25.0,39.0,20.0,1.0,0.0,24.0,205010.53603592704,23432.645305200276,17.0,0.0,0.0,0,13.075769152746949
8811aa61cbfffff,55.81756187788354,37.805665992999664,2.0,8.0,5.0,8.0,6.0,0.0,6.0,7.0,28.0,8.0,0.0,11.0,12.0,14.0,0.0,0.0,2.0,233474.75677788162,23432.645305200276,18.0,0.0,0.0,0,13.969704957664552
8811aa61cdfffff,55.80439083759992,37.795088109307265,4.0,8.0,11.0,22.0,6.0,2.0,5.0,11.0,26.0,1.0,1.0,13.0,31.0,19.0,4.0,0.0,12.0,264897.24922389555,23432.645305200276,24.0,0.0,0.0,0,12.67342606925893
8811aa61d1fffff,55.827253064595276,37.828596886212814,1.0,4.0,6.0,0.0,2.0,0.0,4.0,3.0,9.0,2.0,0.0,13.0,2.0,7.0,0.0,0.0,2.0,344078.9690432257,23432.645305200276,10.0,220000.0,15.0,1,15.75935332085022
8811aa61d5fffff,55.8189275974357,37.82947237843419,6.0,13.0,5.0,28.0,12.0,1.0,10.0,13.0,51.0,0.0,2.0,14.0,31.0,9.0,2.0,0.0,18.0,618830.6594144714,23432.645305200276,24.0,220000.0,0.0,0,15.337338003743355
8811aa61d7fffff,55.82377183346542,37.840941361008596,0.0,0.0,0.0,0.0,0.0,0.0,0.0,0.0,0.0,0.0,2.0,0.0,0.0,0.0,0.0,0.0,0.0,83713.81226020763,23432.645305200276,0.0,220000.0,0.0,0,16.22778705099905
8811aa61d9fffff,55.830732673238124,37.816251572970835,0.0,0.0,1.0,1.0,1.0,0.0,1.0,1.0,1.0,1.0,1.0,6.0,1.0,0.0,0.0,0.0,0.0,120400.01986113985,23432.645305200276,17.0,220000.0,0.0,0,15.325546454508872
8811aa61ddfffff,55.822407808922215,37.81712954911898,3.0,2.0,3.0,9.0,9.0,0.0,7.0,15.0,73.0,4.0,3.0,9.0,33.0,16.0,2.0,0.0,22.0,761977.821386546,23432.645305200276,11.0,0.0,0.0,0,14.864264237527587
8811aa61e1fffff,55.789105764451214,37.82063796571582,3.0,8.0,2.0,5.0,8.0,3.0,8.0,5.0,7.0,4.0,0.0,4.0,6.0,6.0,1.0,0.0,0.0,189725.80948113912,23432.645305200276,11.0,0.0,0.0,0,13.508631178431207
8811aa61e3fffff,55.79394964394382,37.83209676784409,0.0,0.0,0.0,0.0,0.0,0.0,0.0,0.0,3.0,0.0,0.0,0.0,0.0,0.0,0.0,0.0,2.0,0.0,23432.645305200276,0.0,0.0,0.0,0,14.360004590378335
8811aa61e5fffff,55.780779608258655,37.8215141989031,2.0,3.0,2.0,2.0,1.0,1.0,2.0,3.0,17.0,1.0,0.0,5.0,6.0,6.0,0.0,0.0,0.0,97952.17786977164,23432.645305200276,16.0,0.0,6.0,1,13.310832871738477
8811aa61e7fffff,55.78562314326027,37.8329708692523,1.0,3.0,1.0,3.0,0.0,0.0,3.0,0.0,7.0,2.0,0.0,3.0,1.0,1.0,0.0,0.0,0.0,279718.7371723852,23432.645305200276,5.0,220000.0,10.0,1,14.141571409685353
8811aa61e9fffff,55.79258676487397,37.80830422606022,7.0,16.0,1.0,34.0,21.0,0.0,5.0,12.0,38.0,5.0,4.0,15.0,36.0,30.0,7.0,0.0,14.0,338838.1987082407,23432.645305200276,44.0,0.0,0.0,0,12.902783068765796
8811aa61ebfffff,55.797431662959305,37.819761384351004,7.0,4.0,7.0,9.0,5.0,0.0,4.0,12.0,36.0,2.0,2.0,22.0,19.0,7.0,1.0,0.0,4.0,113350.64680726384,23432.645305200276,35.0,0.0,0.0,0,13.766353776693796
8811aa61edfffff,55.78426121104019,37.809182938465966,0.0,0.0,0.0,0.0,0.0,0.0,0.0,0.0,12.0,0.0,0.0,0.0,0.0,0.0,0.0,0.0,0.0,0.0,23432.645305200276,0.0,0.0,9.0,1,12.663856450435604
8811aa6201fffff,55.855725944078614,37.669858046673305,0.0,6.0,0.0,1.0,3.0,1.0,2.0,3.0,7.0,2.0,0.0,8.0,5.0,17.0,1.0,0.0,4.0,355638.5009584879,23432.645305200276,22.0,0.0,0.0,0,12.018083900481178
8811aa6203fffff,55.86058306473915,37.68130340954704,0.0,9.0,0.0,4.0,5.0,0.0,6.0,5.0,7.0,2.0,1.0,9.0,24.0,11.0,2.0,0.0,16.0,85559.76291060264,23432.645305200276,19.0,110000.0,0.0,0,12.75109528920125
8811aa6205fffff,55.847407819410186,37.67076512786441,3.0,7.0,1.0,8.0,2.0,1.0,3.0,2.0,6.0,1.0,0.0,8.0,23.0,1.0,0.0,0.0,4.0,2673287.793258233,23432.645305200276,22.0,220000.0,15.0,1,11.150559269949435
8811aa6207fffff,55.852264593919934,37.682208365529725,1.0,15.0,2.0,9.0,7.0,1.0,2.0,6.0,12.0,1.0,1.0,9.0,8.0,15.0,1.0,0.0,8.0,1201818.3012033137,23432.645305200276,11.0,110000.0,0.0,0,11.89832559306893
8811aa6209fffff,55.85918567203273,37.65750690368963,4.0,14.0,3.0,14.0,5.0,1.0,27.0,7.0,27.0,3.0,1.0,17.0,23.0,19.0,3.0,0.0,18.0,257325.66090201694,23432.645305200276,44.0,0.0,0.0,0,12.198013468095223
8811aa620bfffff,55.864043808020206,37.66895060476078,3.0,3.0,4.0,5.0,11.0,1.0,3.0,12.0,23.0,5.0,0.0,12.0,10.0,20.0,0.0,0.0,14.0,223765.97688099957,23432.645305200276,26.0,0.0,0.0,0,12.893988764312288
8811aa620dfffff,55.850868154424035,37.65841647006185,0.0,6.0,7.0,4.0,8.0,0.0,3.0,7.0,19.0,2.0,0.0,4.0,6.0,12.0,1.0,1.0,8.0,648366.9760315468,23432.645305200276,33.0,220000.0,9.0,1,11.30892660898526
8811aa6211fffff,55.873758071073105,37.691849371242185,1.0,8.0,13.0,8.0,8.0,1.0,4.0,9.0,36.0,2.0,0.0,13.0,9.0,15.0,1.0,0.0,6.0,47430.65060736984,23432.645305200276,25.0,0.0,0.0,0,14.353507871381954
8811aa6213fffff,55.878614196415214,37.7033044385849,0.0,9.0,6.0,3.0,4.0,2.0,3.0,11.0,11.0,3.0,3.0,10.0,13.0,7.0,1.0,0.0,4.0,199589.08673214898,23432.645305200276,13.0,0.0,0.0,0,15.110552755715835
8811aa6215fffff,55.86543951554444,37.69275255964891,0.0,3.0,1.0,5.0,0.0,1.0,6.0,1.0,3.0,4.0,2.0,3.0,4.0,4.0,0.0,0.0,2.0,42028.162943062685,23432.645305200276,15.0,110000.0,0.0,0,13.50409147693891
8811aa6217fffff,55.87029529563291,37.704205497944216,1.0,8.0,4.0,4.0,7.0,0.0,1.0,4.0,7.0,0.0,0.0,11.0,7.0,8.0,0.0,0.0,2.0,557629.2887626172,23432.645305200276,17.0,0.0,0.0,0,14.273923825394307
8811aa6219fffff,55.87721922332037,37.67949241754267,0.0,1.0,5.0,3.0,6.0,0.0,2.0,4.0,26.0,5.0,0.0,9.0,4.0,14.0,0.0,0.0,6.0,218050.39998448273,23432.645305200276,21.0,0.0,0.0,0,14.484295186894382
8811aa621bfffff,55.88207636517556,37.69094582346079,2.0,8.0,10.0,9.0,8.0,0.0,1.0,12.0,33.0,5.0,2.0,14.0,12.0,17.0,1.0,0.0,4.0,132801.0845598801,23432.645305200276,36.0,0.0,0.0,0,15.212072408706026
8811aa621dfffff,55.86890127465416,37.6803980936228,7.0,13.0,9.0,19.0,21.0,0.0,6.0,28.0,97.0,7.0,2.0,20.0,33.0,33.0,0.0,0.0,32.0,393824.9634169137,23432.645305200276,48.0,0.0,0.0,0,13.613670828502212
8811aa6221fffff,55.83562687094758,37.68401719852696,0.0,0.0,0.0,0.0,0.0,0.0,9.0,1.0,3.0,0.0,0.0,0.0,0.0,1.0,0.0,0.0,0.0,5723.970241115931,23432.645305200276,0.0,110000.0,2.0,1,10.232016881500504
8811aa6223fffff,55.84048228384722,37.695459970759295,0.0,0.0,0.0,0.0,0.0,0.0,0.0,0.0,0.0,0.0,0.0,0.0,0.0,0.0,0.0,0.0,0.0,0.0,23432.645305200276,0.0,220000.0,2.0,1,11.031837754588743
8811aa6225fffff,55.82730761948394,37.68492107596932,0.0,0.0,0.0,0.0,0.0,0.0,1.0,0.0,11.0,0.0,0.0,4.0,0.0,0.0,0.0,0.0,0.0,0.0,23432.645305200276,4.0,0.0,0.0,0,9.425432011201602
8811aa6227fffff,55.832162686060165,37.69636172380475,0.0,0.0,0.0,0.0,0.0,0.0,7.0,0.0,2.0,1.0,0.0,4.0,0.0,1.0,0.0,0.0,0.0,0.0,23432.645305200276,4.0,0.0,0.0,0,10.24330461086607
8811aa6229fffff,55.83908943435955,37.6716718485487,0.0,5.0,0.0,3.0,0.0,0.0,6.0,3.0,2.0,0.0,0.0,8.0,4.0,4.0,1.0,0.0,8.0,247923.54419191906,23432.645305200276,13.0,110000.0,4.0,1,10.293541271097599
8811aa622bfffff,55.84394586254117,37.683112961785035,0.0,3.0,0.0,0.0,0.0,0.0,3.0,0.0,1.0,0.0,1.0,2.0,0.0,0.0,0.0,0.0,0.0,735972.8440585574,23432.645305200276,1.0,220000.0,11.0,1,11.057637523272573
8811aa622dfffff,55.83077078927145,37.67257820894057,2.0,0.0,1.0,3.0,2.0,0.0,4.0,2.0,4.0,2.0,0.0,7.0,1.0,2.0,0.0,0.0,0.0,83948.0704692359,23432.645305200276,7.0,110000.0,9.0,1,9.449896900282443
8811aa6231fffff,55.85365671063547,37.706006541738965,0.0,6.0,1.0,0.0,0.0,0.0,1.0,0.0,0.0,0.0,0.0,0.0,0.0,0.0,0.0,0.0,0.0,57460.97247526019,23432.645305200276,0.0,0.0,0.0,0,12.638897593634342
8811aa6233fffff,55.85851112882582,37.71745901038396,0.0,1.0,0.0,0.0,0.0,0.0,0.0,0.0,0.0,0.0,0.0,0.0,0.0,0.0,0.0,0.0,0.0,0.0,23432.645305200276,0.0,0.0,0.0,0,13.449853161505468
8811aa6235fffff,55.84533702710971,37.706906526600896,0.0,0.0,0.0,0.0,0.0,0.0,0.0,0.0,0.0,2.0,0.0,0.0,0.0,0.0,0.0,0.0,0.0,0.0,23432.645305200276,0.0,220000.0,2.0,1,11.84579124752429
8811aa6237fffff,55.850191099873946,37.71835686701453,0.0,0.0,0.0,0.0,0.0,0.0,1.0,0.0,1.0,0.0,0.0,0.0,0.0,0.0,0.0,0.0,0.0,0.0,23432.645305200276,0.0,0.0,0.0,0,12.671169714170968
8811aa6239fffff,55.857120698934104,37.69365538889486,1.0,3.0,2.0,2.0,2.0,0.0,2.0,3.0,32.0,2.0,0.0,3.0,3.0,9.0,1.0,0.0,0.0,539834.2656834834,23432.645305200276,13.0,110000.0,0.0,0,12.665669909851685
8811aa623bfffff,55.86197613359144,37.70510619892446,0.0,2.0,2.0,5.0,3.0,1.0,1.0,0.0,0.0,1.0,0.0,1.0,6.0,5.0,0.0,0.0,4.0,590554.6519956134,23432.645305200276,2.0,110000.0,0.0,0,13.449256236433595
8811aa623dfffff,55.8488016215868,37.6945578591938,0.0,0.0,0.0,1.0,0.0,2.0,4.0,0.0,6.0,3.0,1.0,1.0,0.0,0.0,0.0,0.0,2.0,4467.693070498826,23432.645305200276,2.0,220000.0,1.0,1,11.840585414777284
8811aa6241fffff,55.857783958767094,37.63371668707084,0.0,5.0,9.0,7.0,2.0,1.0,2.0,4.0,132.0,5.0,0.0,3.0,4.0,5.0,4.0,0.0,0.0,198970.65176041384,23432.645305200276,6.0,0.0,0.0,0,11.81030086467508
8811aa6243fffff,55.86264377775248,37.64515493764421,9.0,16.0,1.0,5.0,5.0,1.0,2.0,9.0,154.0,3.0,1.0,8.0,8.0,7.0,0.0,0.0,8.0,213211.1414829896,23432.645305200276,19.0,0.0,0.0,0,12.435482744654047
8811aa6245fffff,55.84946739544131,37.63463086105093,15.0,10.0,4.0,24.0,11.0,1.0,7.0,17.0,237.0,9.0,1.0,15.0,14.0,14.0,0.0,0.0,6.0,252908.09346544565,23432.645305200276,33.0,220000.0,0.0,0,10.895143337370996
8811aa6247fffff,55.85432686755285,37.646066989442225,2.0,12.0,6.0,17.0,15.0,1.0,6.0,21.0,50.0,7.0,5.0,17.0,21.0,23.0,5.0,0.0,18.0,201457.92706084694,23432.645305200276,29.0,0.0,0.0,0,11.530021599272091
8811aa6249fffff,55.861239428037585,37.62136556401346,0.0,4.0,0.0,2.0,1.0,0.0,13.0,0.0,3.0,1.0,0.0,11.0,7.0,8.0,1.0,0.0,10.0,322773.19784138916,23432.645305200276,11.0,0.0,0.0,0,12.145647355374326
8811aa624bfffff,55.86610026120844,37.63280214960302,1.0,2.0,1.0,8.0,3.0,0.0,4.0,10.0,21.0,2.0,0.0,8.0,6.0,9.0,0.0,0.0,13.0,134321.73975498596,23432.645305200276,12.0,0.0,0.0,0,12.72725184578946
8811aa624dfffff,55.85292347265173,37.62228222291285,0.0,10.0,3.0,25.0,15.0,0.0,0.0,24.0,60.0,0.0,2.0,11.0,16.0,12.0,1.0,0.0,4.0,564266.4981150622,23432.645305200276,29.0,0.0,0.0,0,11.222200095736554
8811aa6251fffff,55.875819924223045,37.65568668558317,6.0,1.0,4.0,5.0,0.0,0.0,1.0,2.0,40.0,2.0,1.0,7.0,9.0,11.0,0.0,0.0,0.0,437707.51484622183,23432.645305200276,13.0,220000.0,0.0,0,13.991204418436325
8811aa6253fffff,55.88067875234449,37.66713463791228,2.0,6.0,5.0,3.0,1.0,0.0,1.0,0.0,27.0,1.0,3.0,5.0,2.0,5.0,0.0,0.0,4.0,381104.7108281759,23432.645305200276,17.0,220000.0,0.0,0,14.664898951454846
8811aa6255fffff,55.86750292874725,37.65659697560184,3.0,10.0,11.0,14.0,17.0,3.0,2.0,10.0,42.0,4.0,4.0,15.0,31.0,29.0,0.0,0.0,26.0,294485.6465318324,23432.645305200276,28.0,0.0,0.0,0,13.092449854607588
8811aa6257fffff,55.87236141089034,37.66804280191209,8.0,2.0,0.0,12.0,23.0,1.0,8.0,10.0,56.0,4.0,3.0,21.0,33.0,49.0,1.0,0.0,34.0,803586.356802709,23432.645305200276,34.0,220000.0,1.0,1,13.776670030682185
8811aa6259fffff,55.87927681462268,37.64332974570289,3.0,2.0,9.0,4.0,13.0,1.0,2.0,6.0,72.0,1.0,1.0,12.0,11.0,15.0,1.0,0.0,0.0,397204.3800255211,23432.645305200276,32.0,220000.0,0.0,0,14.254929973286297
8811aa625bfffff,55.884136658115644,37.65477603341807,1.0,4.0,3.0,8.0,8.0,0.0,0.0,12.0,19.0,1.0,1.0,14.0,31.0,30.0,1.0,0.0,32.0,375997.8962762631,23432.645305200276,57.0,0.0,0.0,0,14.89349032585854
8811aa625dfffff,55.87096042689058,37.64424252313641,5.0,1.0,7.0,11.0,9.0,0.0,0.0,9.0,11.0,4.0,1.0,15.0,25.0,17.0,1.0,0.0,6.0,313387.9406492932,23432.645305200276,26.0,0.0,0.0,0,13.343980861555808
8811aa6261fffff,55.83769226534721,37.64789000577188,3.0,3.0,4.0,4.0,2.0,2.0,9.0,4.0,37.0,3.0,0.0,7.0,10.0,9.0,2.0,0.0,124.0,452589.4385698163,23432.645305200276,16.0,0.0,0.0,0,9.731629970380352
8811aa6263fffff,55.842550376265756,37.65932567493372,0.0,5.0,2.0,20.0,0.0,4.0,6.0,5.0,5.0,0.0,1.0,7.0,60.0,1.0,0.0,0.0,12.0,4174978.7048837724,23432.645305200276,21.0,0.0,0.0,0,10.426565120243204
8811aa6265fffff,55.829374574030474,37.648800970734555,4.0,11.0,3.0,7.0,7.0,0.0,6.0,7.0,89.0,2.0,1.0,23.0,11.0,8.0,3.0,0.0,10.0,431481.82265535847,23432.645305200276,54.0,0.0,0.0,0,8.841265815340853
8811aa6267fffff,55.83423233790256,37.66023451852024,2.0,4.0,7.0,11.0,14.0,1.0,9.0,12.0,15.0,5.0,1.0,20.0,17.0,20.0,1.0,0.0,8.0,123010.50201051515,23432.645305200276,33.0,0.0,0.0,0,9.552800706550665
8811aa6269fffff,55.841150571575646,37.63554467175948,4.0,5.0,0.0,16.0,3.0,3.0,6.0,7.0,25.0,4.0,0.0,8.0,8.0,4.0,0.0,0.0,10.0,205972.53764445538,23432.645305200276,16.0,0.0,0.0,0,9.982280127226538
8811aa626bfffff,55.84600969663622,37.64697867874625,2.0,6.0,0.0,8.0,2.0,2.0,3.0,1.0,32.0,3.0,1.0,12.0,6.0,2.0,0.0,0.0,2.0,444890.8184076572,23432.645305200276,18.0,220000.0,0.0,0,10.628380773908317
8811aa626dfffff,55.83283348751471,37.63645811941254,21.0,3.0,2.0,11.0,3.0,1.0,10.0,6.0,50.0,1.0,0.0,12.0,6.0,8.0,3.0,0.0,14.0,344113.3495326531,23432.645305200276,13.0,0.0,0.0,0,9.072412156304777
8811aa62a5fffff,55.86127900055131,37.765085068214624,0.0,0.0,0.0,0.0,0.0,0.0,4.0,0.0,0.0,0.0,0.0,0.0,0.0,0.0,0.0,0.0,0.0,0.0,23432.645305200276,0.0,110000.0,2.0,1,15.341158044581098
8811aa62c1fffff,55.89178863371253,37.7138640100255,0.0,0.0,0.0,0.0,0.0,0.0,0.0,0.0,0.0,0.0,0.0,2.0,0.0,0.0,0.0,0.0,4.0,0.0,23432.645305200276,0.0,0.0,1.0,1,16.717533068201224
8811aa62c5fffff,55.88346964981827,37.71476329661633,1.0,2.0,7.0,9.0,2.0,0.0,3.0,2.0,7.0,6.0,1.0,11.0,5.0,4.0,0.0,0.0,2.0,51615.65367799459,23432.645305200276,12.0,0.0,3.0,1,15.882357392494507
8811aa62c7fffff,55.88832443041971,37.72622594630128,0.0,0.0,0.0,0.0,0.0,0.0,1.0,0.0,0.0,0.0,0.0,0.0,0.0,0.0,0.0,0.0,0.0,0.0,23432.645305200276,0.0,0.0,0.0,0,16.66688324612959
8811aa62c9fffff,55.895251212824036,37.701501243875,0.0,1.0,0.0,0.0,0.0,0.0,0.0,0.0,0.0,0.0,0.0,2.0,0.0,0.0,0.0,0.0,0.0,0.0,23432.645305200276,0.0,0.0,2.0,1,16.812509840688634
8811aa62cdfffff,55.88693283559377,37.70240302063305,1.0,1.0,1.0,1.0,1.0,1.0,0.0,1.0,4.0,1.0,0.0,5.0,1.0,3.0,0.0,0.0,2.0,24820.855058862828,23432.645305200276,8.0,0.0,1.0,1,15.95725699127683
8811aa62e1fffff,55.871684988388665,37.728019182832725,1.0,1.0,0.0,0.0,0.0,0.0,0.0,1.0,1.0,1.0,0.0,2.0,0.0,0.0,0.0,0.0,0.0,0.0,23432.645305200276,3.0,0.0,0.0,0,15.055013705565779
8811aa62e3fffff,55.87653840680424,37.739481358637796,0.0,0.0,0.0,0.0,0.0,0.0,0.0,0.0,0.0,0.0,0.0,1.0,0.0,0.0,0.0,0.0,0.0,0.0,23432.645305200276,1.0,0.0,0.0,0,15.873306859895354
8811aa62e5fffff,55.86336487529615,37.7289152660916,1.0,0.0,0.0,0.0,0.0,1.0,5.0,0.0,7.0,0.0,0.0,0.0,0.0,0.0,0.0,0.0,0.0,0.0,23432.645305200276,0.0,0.0,0.0,0,14.27131073420793
8811aa62e9fffff,55.87515040414266,37.71566222539767,1.0,1.0,4.0,3.0,7.0,1.0,5.0,5.0,50.0,0.0,0.0,16.0,12.0,13.0,1.0,0.0,6.0,60785.606823176575,23432.645305200276,26.0,0.0,0.0,0,15.058023418940687
8811aa62ebfffff,55.880004840211406,37.72712274297344,2.0,3.0,1.0,1.0,4.0,3.0,22.0,3.0,3.0,2.0,1.0,8.0,5.0,8.0,0.0,0.0,12.0,183948.43741678222,23432.645305200276,10.0,0.0,5.0,1,15.854285986380052
8811aa62edfffff,55.8668308970303,37.71656079658259,0.0,1.0,0.0,2.0,1.0,0.0,5.0,4.0,3.0,0.0,0.0,2.0,1.0,5.0,0.0,0.0,0.0,0.0,23432.645305200276,5.0,0.0,0.0,0,14.24641860760302
8811aa6301fffff,55.79749361544088,37.676200051866545,17.0,0.0,2.0,24.0,1.0,4.0,29.0,34.0,331.0,7.0,0.0,1.0,19.0,141.0,0.0,0.0,12.0,134972.3981199894,23432.645305200276,18.0,0.0,0.0,0,6.316106399762703
8811aa6303fffff,55.80234830932144,37.687630554634886,0.0,1.0,0.0,0.0,1.0,0.0,8.0,4.0,21.0,1.0,0.0,16.0,7.0,27.0,1.0,0.0,0.0,123506.70601409157,23432.645305200276,17.0,220000.0,0.0,0,7.183643656820819
8811aa6305fffff,55.78917367533836,37.677104614006794,24.0,16.0,9.0,60.0,29.0,3.0,28.0,30.0,179.0,10.0,3.0,42.0,98.0,200.0,2.0,0.0,64.0,580479.3491521326,23432.645305200276,96.0,220000.0,0.0,0,5.643289455448447
8811aa6307fffff,55.79402802182663,37.68853299701396,2.0,10.0,11.0,11.0,14.0,4.0,11.0,14.0,44.0,4.0,5.0,15.0,14.0,69.0,2.0,0.0,36.0,288497.2951499069,23432.645305200276,53.0,220000.0,0.0,0,6.5297740831715085
8811aa6309fffff,55.80095758929597,37.66386628430714,3.0,0.0,0.0,1.0,0.0,6.0,2.0,12.0,82.0,0.0,0.0,4.0,2.0,8.0,0.0,0.0,2.0,60471.54912527415,23432.645305200276,6.0,0.0,0.0,0,6.2163495473114265
8811aa630bfffff,55.805813297230436,37.675295130503464,0.0,0.0,0.0,2.0,0.0,2.0,7.0,4.0,14.0,7.0,0.0,6.0,0.0,6.0,0.0,0.0,0.0,60471.54912527415,23432.645305200276,6.0,0.0,0.0,0,7.047125344664204
8811aa630dfffff,55.79263825508025,37.66477332468616,9.0,11.0,5.0,6.0,5.0,7.0,13.0,13.0,131.0,6.0,0.0,12.0,21.0,65.0,0.0,0.0,30.0,146992.53435785483,23432.645305200276,34.0,0.0,0.0,0,5.458434969695272
8811aa6311fffff,55.815522711723,37.698164155188344,1.0,13.0,3.0,10.0,8.0,1.0,9.0,12.0,33.0,0.0,3.0,15.0,8.0,15.0,2.0,0.0,10.0,694205.3919022449,23432.645305200276,28.0,110000.0,1.0,1,8.748667021278816
8811aa6313fffff,55.82037641656177,37.70960433560017,0.0,2.0,2.0,7.0,2.0,0.0,6.0,3.0,20.0,5.0,2.0,10.0,7.0,8.0,1.0,0.0,0.0,551080.5238896863,23432.645305200276,25.0,110000.0,7.0,1,9.61239771065827
8811aa6315fffff,55.80720233586275,37.69906483395244,1.0,3.0,0.0,6.0,4.0,2.0,20.0,1.0,4.0,0.0,2.0,6.0,10.0,5.0,0.0,0.0,8.0,296823.7498175608,23432.645305200276,9.0,0.0,0.0,0,8.057885326822053
8811aa6317fffff,55.81205569420524,37.710502890779885,2.0,7.0,4.0,6.0,5.0,2.0,9.0,7.0,52.0,3.0,2.0,9.0,13.0,12.0,2.0,0.0,12.0,568528.0483663515,23432.645305200276,35.0,0.0,0.0,0,8.936886167244749
8811aa6319fffff,55.8189881084951,37.68582459432581,1.0,1.0,1.0,1.0,0.0,1.0,16.0,1.0,25.0,3.0,0.0,13.0,0.0,0.0,1.0,0.0,0.0,155466.68177914948,23432.645305200276,8.0,110000.0,5.0,1,8.6432225354698
8811aa631bfffff,55.823842828570456,37.69726311854341,0.0,1.0,1.0,1.0,1.0,0.0,5.0,1.0,28.0,3.0,0.0,4.0,1.0,0.0,0.0,0.0,0.0,150092.5394807145,23432.645305200276,4.0,110000.0,8.0,1,9.480039517651566
8811aa631dfffff,55.81066833832594,37.6867277538099,0.0,3.0,0.0,0.0,0.0,1.0,4.0,2.0,3.0,0.0,0.0,10.0,0.0,7.0,0.0,0.0,0.0,301930.27733194374,23432.645305200276,6.0,0.0,0.0,0,7.892648578358052
8811aa6321fffff,55.77738667274644,37.690336807286094,6.0,12.0,3.0,25.0,15.0,3.0,5.0,21.0,39.0,7.0,0.0,12.0,32.0,21.0,3.0,0.0,24.0,80680.11787010748,23432.645305200276,82.0,110000.0,0.0,0,5.46553850420139
8811aa6323fffff,55.782239657655815,37.70176472508622,6.0,15.0,7.0,58.0,19.0,3.0,9.0,31.0,100.0,10.0,4.0,22.0,60.0,35.0,0.0,0.0,50.0,394603.2780962003,23432.645305200276,73.0,110000.0,0.0,0,6.358925625370721
8811aa6325fffff,55.7690656118514,37.69123817560462,0.0,2.0,1.0,10.0,1.0,3.0,5.0,3.0,8.0,2.0,1.0,12.0,1.0,5.0,1.0,0.0,4.0,228131.42737055596,23432.645305200276,27.0,110000.0,0.0,0,5.106207774379181
8811aa6327fffff,55.77391824919524,37.702663974452626,0.0,10.0,11.0,4.0,9.0,0.0,6.0,7.0,24.0,0.0,0.0,6.0,4.0,12.0,3.0,0.0,16.0,73449.06234285173,23432.645305200276,19.0,110000.0,0.0,0,5.9763733568604875
8811aa6329fffff,55.78085347726798,37.67800881713761,3.0,12.0,2.0,19.0,2.0,6.0,6.0,11.0,40.0,2.0,1.0,1.0,11.0,26.0,3.0,0.0,36.0,233616.82658904535,23432.645305200276,29.0,220000.0,0.0,0,5.05199689294333
8811aa632bfffff,55.78570747618658,37.68943508116009,3.0,3.0,6.0,4.0,3.0,2.0,16.0,7.0,31.0,0.0,1.0,12.0,4.0,24.0,1.0,0.0,18.0,169957.683512783,23432.645305200276,40.0,110000.0,0.0,0,5.949259737836583
8811aa632dfffff,55.772533021574866,37.67891266147223,6.0,20.0,3.0,112.0,36.0,12.0,11.0,75.0,87.0,13.0,2.0,22.0,87.0,68.0,4.0,0.0,70.0,451901.1221828778,23432.645305200276,81.0,110000.0,0.0,0,4.5739719573534705
8811aa6331fffff,55.7954134733014,37.712298930683424,3.0,4.0,3.0,41.0,21.0,1.0,30.0,37.0,67.0,8.0,5.0,36.0,41.0,39.0,0.0,0.0,66.0,376542.77428140945,23432.645305200276,60.0,110000.0,0.0,0,7.744367826226942
8811aa6333fffff,55.8002654697793,37.72373651810248,0.0,8.0,2.0,14.0,14.0,2.0,24.0,14.0,41.0,0.0,4.0,15.0,34.0,18.0,0.0,0.0,16.0,502122.13299943024,23432.645305200276,32.0,110000.0,0.0,0,8.642137831802419
8811aa6335fffff,55.7870919754443,37.713196415831334,3.0,6.0,3.0,12.0,8.0,2.0,13.0,12.0,56.0,1.0,4.0,16.0,29.0,14.0,1.0,0.0,26.0,401844.3692780627,23432.645305200276,43.0,110000.0,0.0,0,7.253487908282237
8811aa6337fffff,55.791943625252834,37.72463188047961,1.0,13.0,1.0,6.0,3.0,0.0,7.0,8.0,50.0,1.0,0.0,0.0,6.0,11.0,0.0,0.0,4.0,321224.44178751536,23432.645305200276,8.0,110000.0,0.0,0,8.148862597072245
8811aa6339fffff,55.79888170133474,37.69996515504843,3.0,22.0,12.0,7.0,6.0,4.0,18.0,16.0,23.0,5.0,0.0,5.0,16.0,33.0,1.0,0.0,42.0,348684.96539985965,23432.645305200276,25.0,220000.0,0.0,0,7.419051371967551
8811aa633bfffff,55.80373471300342,37.71140108907026,4.0,21.0,3.0,24.0,13.0,1.0,7.0,20.0,47.0,2.0,2.0,22.0,15.0,15.0,2.0,0.0,6.0,1088998.7081829484,23432.645305200276,49.0,220000.0,0.0,0,8.31024861955896
8811aa633dfffff,55.79056080848405,37.700865118688895,2.0,1.0,2.0,5.0,3.0,0.0,8.0,3.0,7.0,0.0,0.0,11.0,6.0,14.0,1.0,0.0,10.0,429259.081242949,23432.645305200276,24.0,110000.0,0.0,0,6.846732538893473
8811aa6341fffff,55.79956255621237,37.64010828378431,2.0,6.0,2.0,8.0,3.0,1.0,10.0,7.0,5.0,2.0,0.0,4.0,13.0,10.0,0.0,0.0,20.0,198321.11447720963,23432.645305200276,17.0,0.0,0.0,0,5.492944231914787
8811aa6343fffff,55.80441994336146,37.651531695396635,1.0,8.0,3.0,7.0,3.0,5.0,17.0,4.0,6.0,2.0,1.0,2.0,9.0,35.0,0.0,0.0,12.0,248020.34411918788,23432.645305200276,6.0,0.0,0.0,0,6.235932829439738
8811aa6345fffff,55.79124417634622,37.641019919394274,4.0,7.0,1.0,13.0,8.0,1.0,4.0,8.0,27.0,4.0,1.0,13.0,26.0,18.0,1.0,0.0,8.0,286355.44541055185,23432.645305200276,26.0,220000.0,0.0,0,4.630586226782269
8811aa6347fffff,55.79610121538165,37.652441214258424,0.0,8.0,0.0,1.0,0.0,1.0,4.0,0.0,1.0,1.0,0.0,4.0,0.0,12.0,0.0,0.0,14.0,225292.0792404831,23432.645305200276,7.0,0.0,0.0,0,5.407086512550451
8811aa6349fffff,55.80302227754253,37.62777453432496,1.0,6.0,1.0,2.0,1.0,0.0,5.0,3.0,11.0,0.0,0.0,5.0,5.0,1.0,2.0,0.0,20.0,203133.5877124467,23432.645305200276,9.0,0.0,0.0,0,5.709778573195268
8811aa634bfffff,55.80788067760718,37.6391962861964,6.0,17.0,4.0,37.0,25.0,2.0,2.0,28.0,68.0,6.0,3.0,15.0,51.0,41.0,1.0,0.0,28.0,336173.4204389653,23432.645305200276,18.0,0.0,0.0,0,6.373717394655328
8811aa634dfffff,55.79470450444246,37.62868864791403,1.0,4.0,2.0,1.0,3.0,1.0,5.0,2.0,17.0,0.0,0.0,13.0,12.0,11.0,1.0,0.0,10.0,298360.8261148949,23432.645305200276,20.0,220000.0,0.0,0,4.803111922817208
8811aa6351fffff,55.81759548194038,37.66205112269643,5.0,6.0,3.0,11.0,3.0,0.0,5.0,5.0,47.0,2.0,1.0,9.0,10.0,12.0,0.0,0.0,18.0,93792.12148838828,23432.645305200276,37.0,110000.0,5.0,1,7.842575680277871
8811aa6353fffff,55.82245188449067,37.673484209254305,0.0,3.0,1.0,0.0,1.0,0.0,9.0,5.0,12.0,0.0,0.0,4.0,0.0,3.0,0.0,0.0,0.0,0.0,23432.645305200276,3.0,110000.0,8.0,1,8.623560837459628
8811aa6355fffff,55.809276665031014,37.662958883715284,2.0,0.0,2.0,0.0,3.0,0.0,7.0,6.0,37.0,2.0,1.0,1.0,3.0,4.0,0.0,0.0,2.0,40509.62354806347,23432.645305200276,9.0,0.0,0.0,0,7.015236654647532
8811aa6357fffff,55.81413272036203,37.674389849703964,0.0,2.0,1.0,0.0,0.0,0.0,2.0,2.0,22.0,3.0,0.0,5.0,0.0,29.0,0.0,0.0,2.0,0.0,23432.645305200276,7.0,0.0,0.0,0,7.820031508935365
8811aa6359fffff,55.82105662303073,37.64971157384954,2.0,8.0,5.0,13.0,6.0,2.0,14.0,7.0,43.0,0.0,3.0,22.0,13.0,40.0,1.0,0.0,16.0,155683.20962207683,23432.645305200276,35.0,110000.0,1.0,1,7.959441357875734
8811aa635bfffff,55.82591403967918,37.66114300103625,0.0,5.0,3.0,7.0,5.0,7.0,11.0,7.0,20.0,4.0,1.0,9.0,17.0,19.0,1.0,0.0,12.0,322873.3768606235,23432.645305200276,14.0,110000.0,1.0,1,8.690235638857251
8811aa635dfffff,55.81273841269279,37.650621815331924,2.0,12.0,9.0,9.0,14.0,2.0,3.0,10.0,20.0,0.0,0.0,14.0,16.0,13.0,2.0,0.0,14.0,76367.63304877389,23432.645305200276,31.0,110000.0,3.0,1,7.089354623657357
8811aa6361fffff,55.77946298485659,37.6542591692314,5.0,1.0,1.0,56.0,3.0,2.0,10.0,11.0,44.0,8.0,1.0,22.0,77.0,41.0,0.0,0.0,22.0,285385.1919409741,23432.645305200276,12.0,220000.0,0.0,0,3.886140355227911
8811aa6363fffff,55.78431866272884,37.66568000506634,8.0,20.0,6.0,17.0,22.0,5.0,10.0,19.0,74.0,5.0,2.0,17.0,22.0,63.0,2.0,0.0,54.0,465886.6797781022,23432.645305200276,38.0,0.0,0.0,0,4.761116130658242
8811aa6365fffff,55.77114348300143,37.655167605771254,8.0,13.0,5.0,78.0,23.0,9.0,21.0,41.0,170.0,20.0,0.0,32.0,45.0,47.0,3.0,0.0,94.0,191987.64092097012,23432.645305200276,63.0,220000.0,0.0,0,3.2585520522907983
8811aa6367fffff,55.77599881258684,37.666586325661505,9.0,11.0,5.0,60.0,16.0,14.0,12.0,49.0,86.0,7.0,3.0,25.0,43.0,53.0,5.0,0.0,72.0,400038.6816643737,23432.645305200276,32.0,220000.0,0.0,0,4.15503243129901
8811aa6369fffff,55.78292553835369,37.64193119324131,6.0,10.0,4.0,14.0,17.0,4.0,8.0,19.0,40.0,7.0,3.0,18.0,35.0,27.0,7.0,0.0,44.0,125556.75317983593,23432.645305200276,32.0,220000.0,0.0,0,3.799223655858608
8811aa636bfffff,55.787782229098354,37.653350372131875,4.0,5.0,0.0,13.0,3.0,3.0,7.0,7.0,13.0,1.0,0.0,4.0,5.0,3.0,1.0,0.0,12.0,115554.49728730248,23432.645305200276,16.0,0.0,0.0,0,4.616088994817775
8811aa636dfffff,55.774606642579805,37.642842105540254,5.0,18.0,11.0,24.0,11.0,7.0,98.0,27.0,59.0,4.0,3.0,5.0,26.0,45.0,4.0,0.0,30.0,334506.93800929625,23432.645305200276,36.0,220000.0,0.0,0,3.024549612772753
8811aa6659fffff,56.00549436870465,37.79773308370677,0.0,0.0,2.0,0.0,0.0,0.0,2.0,1.0,3.0,1.0,0.0,0.0,0.0,1.0,0.0,0.0,0.0,26506.225662872544,23432.645305200276,1.0,220000.0,1.0,1,30.418390812461404
8811aa6801fffff,55.690523864718024,37.85486797066505,2.0,10.0,1.0,10.0,8.0,0.0,4.0,10.0,54.0,1.0,1.0,17.0,14.0,18.0,1.0,0.0,10.0,496913.64466613426,23432.645305200276,27.0,0.0,0.0,0,16.529631989894625
8811aa6803fffff,55.695361910894405,37.8663066338571,0.0,3.0,0.0,1.0,1.0,0.0,2.0,1.0,6.0,1.0,0.0,4.0,3.0,0.0,0.0,0.0,0.0,0.0,23432.645305200276,5.0,0.0,0.0,0,16.9771379750062
8811aa6805fffff,55.68219369683684,37.85573545157215,15.0,8.0,8.0,25.0,19.0,0.0,15.0,31.0,20.0,2.0,2.0,26.0,41.0,24.0,1.0,0.0,58.0,218651.39557979515,23432.645305200276,27.0,0.0,0.0,0,16.985783321946176
8811aa6807fffff,55.68703139692542,37.86717199012316,0.0,1.0,0.0,1.0,0.0,0.0,1.0,0.0,4.0,0.0,0.0,2.0,3.0,0.0,0.0,0.0,2.0,0.0,23432.645305200276,2.0,0.0,0.0,0,17.39515471368395
8811aa6809fffff,55.69401471566863,37.8425631157637,0.0,12.0,2.0,1.0,0.0,0.0,1.0,2.0,1.0,1.0,0.0,6.0,3.0,2.0,1.0,0.0,2.0,70229.36128509513,23432.645305200276,11.0,0.0,0.0,0,15.664261602998215
8811aa680bfffff,55.69885377905492,37.854000145817444,0.0,2.0,2.0,11.0,7.0,1.0,2.0,6.0,9.0,2.0,1.0,17.0,21.0,17.0,1.0,0.0,10.0,474851.24539166124,23432.645305200276,13.0,0.0,0.0,0,16.11419453586554
8811aa680dfffff,55.68568514760218,37.843433064521044,6.0,3.0,1.0,6.0,6.0,0.0,6.0,7.0,1.0,2.0,0.0,7.0,8.0,11.0,0.0,0.0,4.0,50649.85789959022,23432.645305200276,12.0,0.0,0.0,0,16.1198775344285
8811aa6811fffff,55.708529891067066,37.87688548254565,4.0,7.0,0.0,6.0,6.0,0.0,9.0,5.0,5.0,1.0,1.0,16.0,1.0,6.0,0.0,0.0,6.0,158919.8231290463,23432.645305200276,24.0,500000.0,14.0,1,17.12054080777097
8811aa6813fffff,55.71336693797557,37.88833379110011,3.0,12.0,14.0,27.0,33.0,0.0,9.0,31.0,19.0,3.0,5.0,17.0,61.0,20.0,1.0,0.0,36.0,127881.80674372033,23432.645305200276,29.0,0.0,0.0,0,17.670913581936748
8811aa6815fffff,55.700199285273094,37.87774905503687,0.0,1.0,1.0,0.0,0.0,0.0,6.0,0.0,2.0,0.0,0.0,3.0,0.0,0.0,0.0,0.0,0.0,0.0,23432.645305200276,7.0,0.0,0.0,0,17.459504227210914
8811aa6817fffff,55.70503598699554,37.88919523514341,1.0,10.0,0.0,1.0,1.0,0.0,3.0,3.0,1.0,0.0,1.0,6.0,7.0,2.0,0.0,0.0,2.0,146477.38802195602,23432.645305200276,11.0,500000.0,17.0,1,17.97393533718957
8811aa6819fffff,55.712022177317635,37.864574891642086,2.0,12.0,7.0,4.0,1.0,0.0,2.0,1.0,5.0,1.0,2.0,4.0,4.0,7.0,1.0,0.0,4.0,5265.834062599843,23432.645305200276,7.0,500000.0,5.0,1,16.268584649176614
8811aa681bfffff,55.716860242613336,37.87602156747307,3.0,3.0,1.0,10.0,2.0,0.0,2.0,11.0,52.0,5.0,0.0,8.0,16.0,4.0,0.0,0.0,0.0,49407.90937276864,23432.645305200276,20.0,220000.0,9.0,1,16.826116950957957
8811aa681dfffff,55.70369217114057,37.86544093443134,0.0,1.0,1.0,1.0,0.0,0.0,11.0,0.0,4.0,0.0,0.0,14.0,0.0,2.0,0.0,0.0,0.0,8890.845317907886,23432.645305200276,12.0,0.0,0.0,0,16.600654875702876
8811aa6829fffff,55.67386327575772,37.85660258874278,2.0,3.0,1.0,2.0,5.0,1.0,11.0,3.0,5.0,6.0,0.0,5.0,5.0,1.0,0.0,0.0,2.0,15004.003474465493,23432.645305200276,11.0,0.0,0.0,0,17.479465540108112
8811aa6841fffff,55.69266319951399,37.818825789046564,2.0,3.0,1.0,0.0,3.0,0.0,1.0,0.0,3.0,1.0,0.0,5.0,8.0,6.0,0.0,0.0,2.0,267382.0273171867,23432.645305200276,8.0,500000.0,10.0,1,14.388379282899706
8811aa6843fffff,55.69750394974118,37.830257426469196,0.0,4.0,0.0,0.0,1.0,0.0,1.0,1.0,4.0,0.0,0.0,3.0,1.0,3.0,0.0,0.0,2.0,279970.63249143737,23432.645305200276,2.0,500000.0,7.0,1,14.799053549896408
8811aa6845fffff,55.68433457842628,37.81970032757257,0.0,0.0,2.0,3.0,0.0,3.0,0.0,0.0,19.0,1.0,0.0,0.0,0.0,0.0,0.0,0.0,0.0,0.0,23432.645305200276,0.0,0.0,0.0,0,14.886909296672231
8811aa6847fffff,55.68917498183982,37.83112984332923,0.0,2.0,0.0,0.0,0.0,0.0,0.0,1.0,3.0,0.0,0.0,0.0,0.0,0.0,0.0,0.0,0.0,0.0,23432.645305200276,0.0,0.0,0.0,0,15.254075669422404
8811aa6849fffff,55.69614980058921,37.80652090272336,1.0,21.0,1.0,3.0,5.0,0.0,4.0,3.0,7.0,2.0,1.0,13.0,8.0,17.0,0.0,0.0,0.0,410408.3653476316,23432.645305200276,24.0,500000.0,3.0,1,13.522790324674434
8811aa684bfffff,55.70099156689998,37.81795090383205,4.0,4.0,0.0,11.0,8.0,1.0,6.0,8.0,10.0,1.0,2.0,13.0,14.0,14.0,0.0,0.0,6.0,214192.7328058203,23432.645305200276,11.0,220000.0,0.0,0,13.934020302903917
8811aa684dfffff,55.68782178019907,37.80739790887078,0.0,0.0,0.0,0.0,0.0,1.0,1.0,0.0,4.0,1.0,1.0,3.0,1.0,0.0,0.0,0.0,2.0,212935.59117539268,23432.645305200276,5.0,500000.0,10.0,1,14.023343057113298
8811aa6851fffff,55.71067309031892,37.84082218326926,0.0,2.0,0.0,6.0,2.0,2.0,0.0,2.0,0.0,1.0,1.0,0.0,18.0,1.0,0.0,0.0,6.0,212341.24015512993,23432.645305200276,0.0,500000.0,15.0,1,14.885745479845761
8811aa6853fffff,55.715512845710776,37.85226346348382,7.0,8.0,6.0,8.0,3.0,0.0,7.0,4.0,94.0,16.0,1.0,9.0,11.0,5.0,0.0,1.0,14.0,63873.91695980146,23432.645305200276,15.0,0.0,0.0,0,15.418289243377192
8811aa6855fffff,55.70234403002295,37.84169282208136,1.0,21.0,1.0,7.0,12.0,2.0,4.0,7.0,5.0,1.0,2.0,6.0,25.0,24.0,0.0,0.0,8.0,125156.72744959354,23432.645305200276,7.0,500000.0,14.0,1,15.251692669677189
8811aa6857fffff,55.70718343950124,37.85313197682516,4.0,14.0,1.0,4.0,1.0,0.0,3.0,1.0,1.0,1.0,0.0,10.0,3.0,8.0,0.0,0.0,0.0,38631.72216497157,23432.645305200276,21.0,500000.0,11.0,1,15.742689866149458
8811aa6859fffff,55.714161123557766,37.828511554815016,0.0,2.0,0.0,1.0,1.0,0.0,2.0,2.0,4.0,0.0,1.0,4.0,1.0,1.0,0.0,0.0,2.0,228701.99912504936,23432.645305200276,4.0,220000.0,3.0,1,14.029991087767225
8811aa685bfffff,55.719001896210386,37.839951199122446,0.0,5.0,0.0,0.0,0.0,0.0,4.0,0.0,15.0,2.0,0.0,4.0,0.0,0.0,0.0,0.0,0.0,14287.796423482032,23432.645305200276,8.0,220000.0,9.0,1,14.569928362332755
8811aa685dfffff,55.70583266376254,37.82938466369958,1.0,9.0,4.0,1.0,0.0,0.0,1.0,3.0,12.0,0.0,0.0,8.0,8.0,9.0,1.0,0.0,2.0,128980.74836472062,23432.645305200276,17.0,500000.0,25.0,1,14.389694574313706
8811aa6861fffff,55.67251628578209,37.832873640141166,0.0,0.0,0.0,0.0,0.0,0.0,0.0,1.0,0.0,0.0,0.0,0.0,0.0,0.0,0.0,0.0,0.0,0.0,23432.645305200276,0.0,0.0,0.0,0,16.28544054861407
8811aa6863fffff,55.67735532616988,37.84430266855801,0.0,1.0,0.0,1.0,0.0,0.0,0.0,0.0,0.0,0.0,0.0,0.0,1.0,1.0,0.0,0.0,0.0,51824.885727535286,23432.645305200276,5.0,0.0,0.0,0,16.615003938782294
8811aa6865fffff,55.66418655831834,37.83374502050299,0.0,0.0,0.0,1.0,0.0,0.0,0.0,0.0,2.0,0.0,0.0,0.0,0.0,0.0,0.0,0.0,0.0,0.0,23432.645305200276,0.0,0.0,0.0,0,16.854369648861546
8811aa6869fffff,55.67600570398309,37.820574519615704,0.0,0.0,0.0,0.0,0.0,0.0,0.0,0.0,0.0,0.0,0.0,0.0,0.0,0.0,0.0,0.0,0.0,69486.73240063038,23432.645305200276,0.0,0.0,0.0,0,15.42533299215611
8811aa686bfffff,55.68084576040471,37.83200191448487,0.0,0.0,0.0,0.0,0.0,0.0,0.0,0.0,2.0,0.0,0.0,3.0,0.0,0.0,0.0,0.0,0.0,0.0,23432.645305200276,1.0,0.0,0.0,0,15.750808609129447
8811aa686dfffff,55.66767657653068,37.821448365381414,0.0,0.0,0.0,0.0,0.0,0.0,0.0,0.0,3.0,0.0,0.0,0.0,0.0,0.0,0.0,0.0,0.0,0.0,23432.645305200276,0.0,0.0,0.0,0,15.999627892627572
8811aa6881fffff,55.72437605013908,37.93501756359837,0.0,0.0,0.0,0.0,0.0,0.0,0.0,0.0,0.0,0.0,0.0,2.0,0.0,0.0,0.0,0.0,0.0,0.0,23432.645305200276,1.0,110000.0,7.0,1,20.301537133258485
8811aa6885fffff,55.71604346724221,37.93587014024775,0.0,8.0,0.0,2.0,0.0,0.0,2.0,0.0,0.0,0.0,0.0,6.0,0.0,0.0,0.0,0.0,0.0,26150.58627753943,23432.645305200276,21.0,110000.0,0.0,0,20.518259283753892
8811aa6887fffff,55.72087644924031,37.947332993816694,0.0,1.0,0.0,0.0,0.0,0.0,0.0,0.0,0.0,0.0,0.0,2.0,0.0,0.0,0.0,0.0,0.0,88189.72811579364,23432.645305200276,3.0,110000.0,4.0,1,21.128115570079697
8811aa6889fffff,55.727874031999306,37.922701288792645,0.0,0.0,0.0,0.0,0.0,0.0,0.0,0.0,2.0,1.0,0.0,0.0,0.0,0.0,0.0,0.0,8.0,0.0,23432.645305200276,0.0,0.0,3.0,1,19.478514104069244
8811aa688dfffff,55.719542047634384,37.923556338405675,0.0,0.0,0.0,0.0,0.0,0.0,0.0,0.0,1.0,3.0,0.0,5.0,0.0,0.0,0.0,0.0,0.0,4124.988344527962,23432.645305200276,10.0,0.0,0.0,0,19.683811480371407
8811aa68a1fffff,55.704209832803144,37.94903286443718,0.0,0.0,3.0,7.0,5.0,0.0,0.0,8.0,6.0,0.0,0.0,5.0,7.0,13.0,0.0,0.0,2.0,219343.0826096482,23432.645305200276,24.0,500000.0,30.0,1,21.62016913923038
8811aa68a3fffff,55.70904145043438,37.96049520989444,0.0,0.0,0.0,0.0,0.0,0.0,0.0,0.0,0.0,0.0,0.0,0.0,0.0,0.0,0.0,0.0,0.0,0.0,23432.645305200276,2.0,0.0,0.0,0,22.19477540439242
8811aa68a5fffff,55.69587614350788,37.949882294046155,0.0,0.0,0.0,0.0,0.0,0.0,1.0,0.0,0.0,0.0,0.0,0.0,0.0,0.0,0.0,0.0,0.0,5938.104810614734,23432.645305200276,0.0,110000.0,13.0,1,21.921234845696695
8811aa68a7fffff,55.70070741741275,37.96134250511163,0.0,0.0,0.0,0.0,0.0,0.0,0.0,0.0,0.0,0.0,0.0,0.0,0.0,0.0,0.0,0.0,0.0,0.0,23432.645305200276,0.0,500000.0,5.0,1,22.467674604233064
8811aa68a9fffff,55.70771062989595,37.93672237864225,1.0,23.0,0.0,10.0,5.0,0.0,8.0,4.0,5.0,1.0,0.0,15.0,7.0,11.0,0.0,0.0,14.0,141650.3442136501,23432.645305200276,51.0,500000.0,9.0,1,20.774333168529385
8811aa68abfffff,55.71254326816278,37.94818309776078,0.0,0.0,0.0,1.0,0.0,0.0,3.0,1.0,2.0,0.0,0.0,7.0,1.0,3.0,0.0,0.0,0.0,163859.35840308323,23432.645305200276,4.0,0.0,6.0,1,21.35534295384931
8811aa68adfffff,55.69937753844669,37.93757427898275,0.0,13.0,3.0,9.0,12.0,4.0,6.0,4.0,3.0,0.0,1.0,9.0,9.0,10.0,0.0,0.0,8.0,85259.48487834659,23432.645305200276,30.0,0.0,0.0,0,21.06832742741751
8811aa68c1fffff,55.72653435220579,37.89892620593804,1.0,7.0,0.0,0.0,0.0,0.0,2.0,0.0,2.0,0.0,0.0,3.0,0.0,4.0,2.0,0.0,0.0,48359.42652218189,23432.645305200276,5.0,0.0,0.0,0,18.024231802968686
8811aa68c5fffff,55.71820331100688,37.899785861033834,4.0,10.0,8.0,9.0,8.0,0.0,5.0,10.0,14.0,4.0,1.0,11.0,18.0,9.0,1.0,0.0,0.0,240107.3066302776,23432.645305200276,21.0,0.0,0.0,0,18.24902587773503
8811aa68c7fffff,55.72303900930144,37.911241693285355,4.0,14.0,2.0,10.0,4.0,1.0,2.0,6.0,5.0,10.0,1.0,3.0,11.0,7.0,0.0,0.0,4.0,172862.2083475716,23432.645305200276,7.0,0.0,0.0,0,18.852336427152835
8811aa68cdfffff,55.72169763452922,37.887472005258466,0.0,6.0,6.0,0.0,0.0,0.0,2.0,0.0,14.0,1.0,0.0,0.0,0.0,1.0,0.0,0.0,0.0,110304.81410374655,23432.645305200276,2.0,0.0,0.0,0,17.41225933361155
8811aa68e1fffff,55.706375474332084,37.91295571846756,1.0,1.0,7.0,4.0,1.0,2.0,3.0,3.0,5.0,1.0,1.0,5.0,2.0,2.0,1.0,0.0,0.0,121473.30084133531,23432.645305200276,24.0,500000.0,4.0,1,19.366428350537394
8811aa68e3fffff,55.71120980865277,37.92441104877654,0.0,8.0,1.0,1.0,0.0,0.0,3.0,2.0,1.0,0.0,0.0,3.0,3.0,4.0,0.0,0.0,4.0,21632.293469527125,23432.645305200276,16.0,500000.0,20.0,1,19.93036683575401
8811aa68e5fffff,55.6980433255371,37.913812221219324,0.0,4.0,2.0,1.0,1.0,0.0,4.0,3.0,5.0,0.0,1.0,5.0,5.0,3.0,0.0,0.0,0.0,335732.7729353853,23432.645305200276,22.0,0.0,0.0,0,19.684341195274186
8811aa68e7fffff,55.70287731540079,37.92526542010672,2.0,13.0,6.0,9.0,26.0,0.0,11.0,19.0,26.0,0.0,2.0,37.0,19.0,17.0,1.0,0.0,14.0,12604.773946391273,23432.645305200276,42.0,0.0,0.0,0,20.216674360092785
8811aa68e9fffff,55.70987201520281,37.90064517511522,4.0,8.0,5.0,14.0,7.0,1.0,4.0,12.0,5.0,2.0,1.0,19.0,17.0,10.0,0.0,0.0,2.0,130448.4887208305,23432.645305200276,31.0,500000.0,2.0,1,18.51776985140972
8811aa68ebfffff,55.71470736903564,37.9120988758902,0.0,2.0,0.0,0.0,0.0,0.0,2.0,0.0,1.0,0.0,0.0,2.0,0.0,0.0,0.0,0.0,0.0,119956.7415466803,23432.645305200276,5.0,500000.0,4.0,1,19.08850516680452
8811aa6949fffff,55.63784834598422,37.81265265616465,1.0,2.0,0.0,0.0,0.0,0.0,0.0,0.0,0.0,0.0,0.0,2.0,0.0,0.0,0.0,0.0,0.0,0.0,23432.645305200276,1.0,220000.0,11.0,1,17.766110123718303
8811aa694bfffff,55.64268767958193,37.824067827066294,0.0,3.0,0.0,1.0,0.0,0.0,1.0,0.0,0.0,0.0,0.0,2.0,0.0,0.0,0.0,0.0,0.0,280670.99173668295,23432.645305200276,0.0,110000.0,4.0,1,17.902215568343074
8811aa6959fffff,55.655856578359845,37.834616055775065,0.0,0.0,0.0,3.0,0.0,0.0,0.0,1.0,1.0,0.0,0.0,10.0,3.0,0.0,0.0,0.0,2.0,1837364.7275526829,23432.645305200276,0.0,0.0,0.0,0,17.45424660141434
8811aa695bfffff,55.660694924593166,37.846040843288485,0.0,0.0,0.0,0.0,0.0,0.0,0.0,0.0,0.0,0.0,0.0,1.0,0.0,0.0,0.0,0.0,0.0,0.0,23432.645305200276,0.0,0.0,0.0,0,17.7102902092698
8811aa695dfffff,55.647526346253045,37.835486746161926,0.0,1.0,0.0,0.0,0.0,0.0,0.0,0.0,0.0,0.0,0.0,0.0,1.0,0.0,0.0,0.0,2.0,663361.2607028385,23432.645305200276,0.0,110000.0,3.0,1,18.0819955606589
8811aa698bfffff,55.67437674294592,37.94012795368672,0.0,0.0,0.0,0.0,0.0,0.0,0.0,0.0,0.0,0.0,0.0,4.0,0.0,0.0,0.0,0.0,2.0,0.0,23432.645305200276,1.0,110000.0,3.0,1,22.161806700335667
8811aa6999fffff,55.68754220062349,37.95073138678786,0.0,0.0,0.0,0.0,0.0,0.0,5.0,0.0,0.0,0.0,0.0,0.0,0.0,0.0,0.0,0.0,0.0,0.0,23432.645305200276,3.0,110000.0,6.0,1,22.257072805487237
8811aa699bfffff,55.692373130622805,37.96218946424789,0.0,0.0,0.0,0.0,0.0,0.0,0.0,0.0,0.0,0.0,0.0,0.0,0.0,0.0,0.0,0.0,0.0,5938.104810614734,23432.645305200276,0.0,0.0,0.0,0,22.775266556500966
8811aa699dfffff,55.679208004496566,37.95158014286226,0.0,0.0,0.0,0.0,0.0,0.0,0.0,0.0,0.0,0.0,0.0,0.0,0.0,0.0,0.0,0.0,0.0,38806.5743423587,23432.645305200276,0.0,110000.0,9.0,1,22.626137938036717
8811aa69d1fffff,55.686211567471396,37.92697314645008,1.0,11.0,5.0,11.0,4.0,0.0,11.0,5.0,13.0,2.0,0.0,9.0,7.0,13.0,2.0,0.0,0.0,124340.59233516875,23432.645305200276,26.0,0.0,0.0,0,20.9018000509332
8811aa69d3fffff,55.691044193240906,37.93842584146997,0.0,2.0,0.0,0.0,0.0,0.0,2.0,0.0,1.0,0.0,0.0,7.0,1.0,0.0,0.0,0.0,0.0,85784.42965602162,23432.645305200276,10.0,110000.0,14.0,1,21.39868259168195
8811aa69d5fffff,55.67787831348698,37.927826501865425,0.0,0.0,0.0,0.0,0.0,1.0,2.0,0.0,0.0,0.0,0.0,2.0,0.0,2.0,0.0,0.0,2.0,8327.17340343971,23432.645305200276,8.0,0.0,0.0,0,21.297005922302223
8811aa69d7fffff,55.68271059462512,37.93927706630449,0.0,1.0,0.0,0.0,0.0,0.0,0.0,0.0,0.0,0.0,0.0,0.0,0.0,0.0,0.0,0.0,0.0,52721.96612613488,23432.645305200276,0.0,0.0,0.0,0,21.763746303795944
8811aa69d9fffff,55.6897109229971,37.91466838434724,0.0,0.0,0.0,1.0,0.0,0.0,3.0,0.0,2.0,0.0,1.0,0.0,0.0,0.0,1.0,0.0,0.0,0.0,23432.645305200276,6.0,0.0,0.0,0,20.040344303355983
8811aa69dbfffff,55.69454456822484,37.92611945259752,0.0,3.0,0.0,2.0,3.0,0.0,2.0,3.0,4.0,1.0,2.0,1.0,0.0,4.0,0.0,0.0,2.0,37453.01181985638,23432.645305200276,6.0,110000.0,1.0,1,20.541075460569395
8811aa69ddfffff,55.68137826705854,37.91552420805288,1.0,10.0,0.0,1.0,1.0,0.0,1.0,0.0,2.0,1.0,0.0,6.0,0.0,2.0,1.0,0.0,0.0,0.0,23432.645305200276,12.0,0.0,0.0,0,20.43245036400133
8811aa6a01fffff,55.71492586569604,37.76871650088322,2.0,9.0,6.0,7.0,4.0,0.0,4.0,2.0,4.0,1.0,1.0,5.0,6.0,6.0,0.0,0.0,8.0,147708.861055658,23432.645305200276,9.0,110000.0,0.0,0,10.476028569750822
8811aa6a03fffff,55.719771025729834,37.78014370474553,14.0,16.0,9.0,17.0,16.0,1.0,5.0,17.0,62.0,5.0,1.0,19.0,31.0,36.0,2.0,0.0,26.0,440902.2301093215,23432.645305200276,37.0,0.0,0.0,0,10.948666443069833
8811aa6a05fffff,55.70659990387218,37.76960126202059,4.0,11.0,9.0,41.0,20.0,0.0,3.0,9.0,28.0,10.0,1.0,29.0,56.0,35.0,2.0,0.0,30.0,180937.57959879265,23432.645305200276,27.0,110000.0,0.0,0,10.926696697522845
8811aa6a07fffff,55.71144471654218,37.78102634637673,0.0,2.0,13.0,4.0,6.0,0.0,2.0,7.0,17.0,1.0,1.0,5.0,12.0,9.0,1.0,0.0,2.0,187614.82023295926,23432.645305200276,15.0,110000.0,0.0,0,11.340151039346642
8811aa6a09fffff,55.7184053977629,37.756405827306416,0.0,8.0,1.0,3.0,1.0,1.0,2.0,2.0,3.0,0.0,0.0,6.0,10.0,5.0,0.0,0.0,6.0,528665.4644988198,23432.645305200276,10.0,0.0,0.0,0,9.612225989125928
8811aa6a0bfffff,55.72325157280026,37.767831388911766,1.0,12.0,1.0,8.0,3.0,0.0,9.0,4.0,6.0,0.0,0.0,8.0,6.0,7.0,1.0,0.0,8.0,106830.34245210822,23432.645305200276,22.0,0.0,0.0,0,10.090918343895872
8811aa6a0dfffff,55.71008003820426,37.75729305804749,0.0,5.0,11.0,5.0,10.0,0.0,1.0,7.0,5.0,0.0,3.0,12.0,11.0,13.0,3.0,0.0,10.0,18388.253469691357,23432.645305200276,20.0,110000.0,0.0,0,10.061571030381163
8811aa6a11fffff,55.732941918563824,37.79069380069287,0.0,0.0,0.0,0.0,0.0,0.0,0.0,1.0,0.0,0.0,0.0,0.0,0.0,0.0,0.0,0.0,2.0,0.0,23432.645305200276,0.0,0.0,0.0,0,11.204164842947014
8811aa6a13fffff,55.73778608757368,37.802130652765705,6.0,0.0,1.0,1.0,0.0,0.0,4.0,0.0,15.0,1.0,0.0,0.0,0.0,0.0,0.0,0.0,0.0,25555.387772930677,23432.645305200276,2.0,0.0,0.0,0,11.824087011106643
8811aa6a15fffff,55.72461551744795,37.7915746705826,2.0,4.0,3.0,4.0,2.0,0.0,4.0,6.0,23.0,2.0,1.0,8.0,3.0,4.0,2.0,0.0,0.0,123436.851779368,23432.645305200276,23.0,0.0,0.0,0,11.472313387558897
8811aa6a17fffff,55.729459339992324,37.80300939934204,0.0,1.0,0.0,0.0,0.0,0.0,3.0,0.0,1.0,1.0,0.0,7.0,1.0,0.0,0.0,0.0,0.0,220714.74467884036,23432.645305200276,7.0,0.0,0.0,0,12.04033235329073
8811aa6a19fffff,55.73642287906652,37.778377371105194,0.0,8.0,2.0,1.0,0.0,0.0,2.0,2.0,1.0,1.0,1.0,4.0,2.0,2.0,0.0,0.0,0.0,60800.75122497561,23432.645305200276,6.0,110000.0,0.0,0,10.372893149095665
8811aa6a1bfffff,55.74126806425823,37.789812581317314,2.0,9.0,5.0,2.0,4.0,3.0,4.0,4.0,4.0,5.0,0.0,8.0,14.0,10.0,0.0,0.0,12.0,100198.83707430835,23432.645305200276,17.0,110000.0,0.0,0,11.008072483459507
8811aa6a1dfffff,55.7280970800199,37.77926071305764,3.0,4.0,2.0,5.0,5.0,2.0,7.0,4.0,20.0,0.0,2.0,4.0,5.0,5.0,1.0,0.0,6.0,258459.08072214221,23432.645305200276,14.0,0.0,0.0,0,10.624153684979486
8811aa6a21fffff,55.69479133485791,37.78279058029971,0.0,0.0,3.0,3.0,1.0,0.0,1.0,3.0,86.0,0.0,0.0,6.0,8.0,1.0,1.0,0.0,2.0,60016.06099184389,23432.645305200276,7.0,0.0,0.0,0,12.297409914919076
8811aa6a23fffff,55.69963478503043,37.794215185410415,0.0,6.0,3.0,3.0,2.0,1.0,2.0,4.0,4.0,1.0,0.0,10.0,6.0,1.0,0.0,0.0,2.0,35391.44207019802,23432.645305200276,31.0,0.0,0.0,0,12.657311272920957
8811aa6a25fffff,55.686464263053296,37.783672173006416,0.0,0.0,1.0,7.0,0.0,0.0,4.0,2.0,12.0,1.0,0.0,0.0,2.0,0.0,0.0,1.0,0.0,0.0,23432.645305200276,2.0,220000.0,0.0,0,12.850218674602061
8811aa6a27fffff,55.6913073656879,37.79509465942963,0.0,1.0,2.0,2.0,0.0,0.0,3.0,5.0,22.0,0.0,0.0,5.0,0.0,1.0,0.0,0.0,0.0,0.0,23432.645305200276,3.0,0.0,0.0,0,13.160156646772913
8811aa6a29fffff,55.69827368767461,37.770485672532004,0.0,12.0,10.0,9.0,5.0,0.0,3.0,8.0,56.0,2.0,1.0,4.0,6.0,8.0,1.0,0.0,8.0,43221.00933311449,23432.645305200276,11.0,0.0,0.0,0,11.43518072358943
8811aa6a2bfffff,55.70311815280289,37.78190863815894,0.0,0.0,6.0,7.0,8.0,0.0,0.0,5.0,15.0,0.0,1.0,6.0,9.0,12.0,0.0,0.0,2.0,28476.42585058133,23432.645305200276,25.0,0.0,0.0,0,11.791945327885452
8811aa6a2dfffff,55.689947217449316,37.77136973262543,1.0,1.0,1.0,4.0,0.0,0.0,2.0,7.0,4.0,3.0,0.0,0.0,0.0,0.0,0.0,0.0,0.0,15235.021708501648,23432.645305200276,2.0,0.0,0.0,0,11.994135795436245
8811aa6a31fffff,55.71280507941437,37.80476584720402,1.0,1.0,2.0,6.0,2.0,0.0,2.0,6.0,21.0,7.0,0.0,8.0,5.0,10.0,0.0,0.0,6.0,402688.1994073858,23432.645305200276,1.0,110000.0,0.0,0,12.667542821292749
8811aa6a33fffff,55.71764753918225,37.81620009251424,5.0,1.0,1.0,14.0,4.0,0.0,3.0,11.0,16.0,2.0,2.0,31.0,20.0,6.0,1.0,0.0,16.0,1101680.7832937173,23432.645305200276,18.0,0.0,0.0,0,13.175639767142592
8811aa6a35fffff,55.70447756710968,37.80564354890324,0.0,10.0,0.0,2.0,4.0,0.0,2.0,0.0,1.0,1.0,0.0,4.0,2.0,6.0,0.0,0.0,2.0,110220.46043687381,23432.645305200276,7.0,110000.0,0.0,0,13.06917762752539
8811aa6a37fffff,55.7093196802381,37.81707567172326,2.0,7.0,8.0,8.0,8.0,0.0,5.0,7.0,19.0,3.0,1.0,17.0,12.0,7.0,0.0,0.0,4.0,717397.4542455664,23432.645305200276,18.0,110000.0,0.0,0,13.528278246125016
8811aa6a39fffff,55.716288861256466,37.79245519119394,1.0,3.0,7.0,63.0,27.0,2.0,5.0,24.0,40.0,17.0,2.0,12.0,58.0,30.0,1.0,0.0,56.0,91419.6755119113,23432.645305200276,35.0,110000.0,0.0,0,11.807616233165907
8811aa6a3bfffff,55.72113233715725,37.803887797419186,1.0,2.0,5.0,2.0,3.0,0.0,3.0,3.0,8.0,4.0,1.0,13.0,8.0,13.0,0.0,0.0,2.0,82987.04821651152,23432.645305200276,14.0,0.0,0.0,0,12.322963249159914
8811aa6a3dfffff,55.707961950335296,37.79333536273417,0.0,8.0,5.0,3.0,3.0,1.0,1.0,2.0,11.0,1.0,0.0,7.0,4.0,5.0,0.0,0.0,4.0,87682.80679601638,23432.645305200276,21.0,0.0,0.0,0,12.204545747154297
8811aa6a41fffff,55.71703545652236,37.73267417080775,1.0,10.0,0.0,12.0,7.0,0.0,5.0,6.0,43.0,2.0,1.0,13.0,7.0,6.0,0.0,0.0,2.0,82054.87030868609,23432.645305200276,26.0,110000.0,2.0,1,8.331722865841973
8811aa6a43fffff,55.721883312709174,37.74409432669953,1.0,12.0,2.0,12.0,10.0,0.0,2.0,17.0,48.0,0.0,3.0,3.0,14.0,14.0,1.0,0.0,20.0,868376.0938858275,23432.645305200276,43.0,220000.0,0.0,0,8.748809732060465
8811aa6a45fffff,55.708711047665155,37.73356598791917,2.0,3.0,1.0,23.0,14.0,1.0,4.0,9.0,21.0,5.0,1.0,25.0,28.0,16.0,0.0,0.0,14.0,126859.25400649736,23432.645305200276,19.0,0.0,0.0,0,8.85283044675841
8811aa6a47fffff,55.71355855576544,37.74498402729221,4.0,4.0,5.0,9.0,12.0,3.0,6.0,7.0,85.0,0.0,1.0,12.0,10.0,14.0,1.0,0.0,10.0,221400.59181544118,23432.645305200276,40.0,220000.0,0.0,0,9.19657609254734
8811aa6a49fffff,55.720510740442016,37.72036348964756,0.0,6.0,0.0,8.0,4.0,1.0,2.0,0.0,27.0,0.0,0.0,8.0,4.0,6.0,0.0,0.0,6.0,36079.15600025135,23432.645305200276,4.0,110000.0,0.0,0,7.46702740839103
8811aa6a4bfffff,55.72535961050161,37.73178200011623,0.0,7.0,2.0,6.0,4.0,2.0,2.0,2.0,14.0,0.0,1.0,5.0,49.0,2.0,0.0,0.0,4.0,348094.9409099253,23432.645305200276,14.0,110000.0,5.0,1,7.885875274161717
8811aa6a4dfffff,55.71218693473065,37.72125777611951,0.0,4.0,0.0,5.0,6.0,1.0,0.0,3.0,2.0,0.0,0.0,5.0,4.0,3.0,0.0,0.0,6.0,182293.6957863633,23432.645305200276,6.0,110000.0,4.0,1,7.994167899390527
8811aa6a51fffff,55.73505535187149,37.754630310157545,0.0,26.0,3.0,9.0,5.0,0.0,6.0,4.0,8.0,2.0,0.0,6.0,8.0,4.0,2.0,0.0,2.0,244006.28787445225,23432.645305200276,19.0,110000.0,0.0,0,8.938027813477358
8811aa6a53fffff,55.73990222146643,37.76606011163327,1.0,8.0,3.0,9.0,4.0,0.0,2.0,3.0,5.0,1.0,1.0,16.0,11.0,11.0,1.0,0.0,4.0,77063.70374326853,23432.645305200276,12.0,0.0,0.0,0,9.547770159171948
8811aa6a55fffff,55.7267305024339,37.755518244746064,4.0,9.0,4.0,21.0,11.0,0.0,6.0,13.0,17.0,6.0,1.0,13.0,17.0,15.0,1.0,0.0,12.0,145646.93844086654,23432.645305200276,39.0,0.0,0.0,0,9.234679964956802
8811aa6a57fffff,55.731577024839,37.766945925897936,3.0,5.0,0.0,10.0,7.0,0.0,10.0,7.0,14.0,3.0,2.0,6.0,11.0,9.0,0.0,0.0,4.0,87310.56443285172,23432.645305200276,20.0,110000.0,0.0,0,9.779106755923076
8811aa6a59fffff,55.73853206108395,37.74231386689098,2.0,4.0,2.0,4.0,1.0,0.0,1.0,0.0,7.0,0.0,1.0,7.0,3.0,5.0,0.0,0.0,4.0,278204.4930294381,23432.645305200276,14.0,110000.0,0.0,0,8.10212210994124
8811aa6a5bfffff,55.743379945729885,37.75374202333182,1.0,2.0,1.0,4.0,3.0,0.0,2.0,1.0,1.0,1.0,0.0,0.0,13.0,4.0,0.0,0.0,2.0,0.0,23432.645305200276,7.0,0.0,0.0,0,8.730511006290984
8811aa6a5dfffff,55.730207814597264,37.74320427330228,3.0,17.0,2.0,10.0,4.0,0.0,6.0,5.0,26.0,0.0,1.0,10.0,10.0,10.0,1.0,0.0,2.0,274289.45407689846,23432.645305200276,47.0,110000.0,0.0,0,8.38038450437673
8811aa6a61fffff,55.69690827809428,37.746762370900846,3.0,6.0,6.0,10.0,10.0,2.0,1.0,11.0,55.0,0.0,2.0,10.0,13.0,13.0,1.0,0.0,6.0,32564.6271841052,23432.645305200276,35.0,220000.0,0.0,0,10.286973227359763
8811aa6a63fffff,55.701754424103854,37.75817993717799,5.0,4.0,15.0,14.0,9.0,2.0,3.0,9.0,28.0,0.0,4.0,11.0,23.0,17.0,0.0,0.0,6.0,60524.95713642471,23432.645305200276,20.0,110000.0,0.0,0,10.573572260435569
8811aa6a65fffff,55.68858275805865,37.74765101433491,0.0,4.0,1.0,2.0,2.0,0.0,4.0,1.0,57.0,0.0,1.0,6.0,3.0,2.0,0.0,0.0,4.0,118680.0648363278,23432.645305200276,15.0,220000.0,0.0,0,10.910159375369156
8811aa6a67fffff,55.69342855580761,37.75906646490648,0.0,3.0,0.0,1.0,2.0,1.0,4.0,0.0,75.0,2.0,0.0,12.0,3.0,1.0,0.0,0.0,4.0,43878.695873215845,23432.645305200276,15.0,220000.0,9.0,1,11.139600141758056
8811aa6a69fffff,55.700386384275795,37.73445745166022,3.0,8.0,3.0,13.0,14.0,2.0,5.0,7.0,43.0,1.0,2.0,8.0,17.0,15.0,2.0,0.0,14.0,339675.28118690196,23432.645305200276,32.0,0.0,0.0,0,9.436746191722285
8811aa6a6bfffff,55.70523354411185,37.7458733752896,1.0,5.0,4.0,6.0,10.0,0.0,4.0,14.0,33.0,1.0,2.0,8.0,9.0,14.0,4.0,0.0,6.0,137523.94629269565,23432.645305200276,34.0,220000.0,0.0,0,9.712724218097282
8811aa6a6dfffff,55.69206146670015,37.73534856224045,3.0,10.0,4.0,7.0,6.0,0.0,4.0,7.0,66.0,1.0,3.0,20.0,18.0,13.0,1.0,0.0,12.0,0.0,23432.645305200276,13.0,0.0,0.0,0,10.072560139603517
8811aa6a81fffff,55.748827921258645,37.84878596253538,0.0,0.0,0.0,0.0,0.0,0.0,0.0,0.0,0.0,0.0,0.0,0.0,0.0,0.0,0.0,0.0,0.0,0.0,23432.645305200276,0.0,220000.0,0.0,0,14.647509706865579
8811aa6a85fffff,55.74049953545728,37.84965585531963,6.0,22.0,3.0,12.0,13.0,0.0,3.0,8.0,25.0,0.0,5.0,10.0,20.0,16.0,2.0,0.0,12.0,433893.3782533239,23432.645305200276,20.0,220000.0,8.0,1,14.75649998696217
8811aa6a87fffff,55.745339654411374,37.861107282769325,3.0,8.0,1.0,21.0,13.0,0.0,2.0,6.0,21.0,6.0,1.0,20.0,25.0,9.0,0.0,0.0,8.0,717389.1994012152,23432.645305200276,28.0,0.0,0.0,0,15.435999518410817
8811aa6a89fffff,55.75231456881003,37.83646380508369,4.0,11.0,1.0,8.0,7.0,0.0,17.0,5.0,36.0,1.0,2.0,10.0,17.0,8.0,0.0,0.0,2.0,293323.78544519574,23432.645305200276,16.0,220000.0,6.0,1,13.868326965832404
8811aa6a8bfffff,55.757156051093,37.84791572437789,0.0,1.0,0.0,1.0,0.0,1.0,0.0,0.0,1.0,0.0,0.0,0.0,1.0,0.0,0.0,0.0,0.0,0.0,23432.645305200276,0.0,220000.0,0.0,0,14.596930929264992
8811aa6a8dfffff,55.74398678399701,37.83733617262195,1.0,11.0,0.0,1.0,2.0,0.0,5.0,2.0,3.0,1.0,0.0,6.0,3.0,0.0,0.0,0.0,2.0,294231.91801317263,23432.645305200276,9.0,220000.0,17.0,1,13.954574595646127
8811aa6aa1fffff,55.72868142607964,37.86284177515727,9.0,9.0,2.0,5.0,2.0,0.0,3.0,4.0,4.0,2.0,0.0,7.0,5.0,2.0,1.0,0.0,4.0,153740.70321074247,23432.645305200276,12.0,110000.0,3.0,1,15.748529922090025
8811aa6aa5fffff,55.72035192907938,37.86370850528542,1.0,14.0,4.0,4.0,0.0,0.0,5.0,2.0,10.0,6.0,1.0,9.0,2.0,5.0,2.0,2.0,4.0,146760.75137781363,23432.645305200276,18.0,220000.0,7.0,1,15.983691051557992
8811aa6aa7fffff,55.72519033956567,37.87515730961562,0.0,0.0,0.0,0.0,0.0,0.0,4.0,0.0,0.0,0.0,0.0,0.0,0.0,0.0,0.0,0.0,0.0,0.0,23432.645305200276,0.0,110000.0,2.0,1,16.578601365385992
8811aa6aa9fffff,55.73217089403486,37.85052540293582,2.0,11.0,6.0,8.0,10.0,1.0,8.0,10.0,14.0,3.0,3.0,9.0,13.0,15.0,0.0,0.0,6.0,79233.75699424365,23432.645305200276,11.0,220000.0,16.0,1,14.922626923322627
8811aa6aabfffff,55.73701066797232,37.86197470105338,5.0,13.0,2.0,14.0,17.0,0.0,7.0,12.0,13.0,2.0,1.0,11.0,27.0,14.0,0.0,0.0,6.0,390463.23660246906,23432.645305200276,20.0,0.0,0.0,0,15.565350763926757
8811aa6aadfffff,55.72384199733734,37.85139460558894,4.0,1.0,1.0,3.0,0.0,0.0,5.0,5.0,42.0,9.0,0.0,3.0,0.0,0.0,0.0,0.0,0.0,0.0,23432.645305200276,4.0,220000.0,4.0,1,15.144015174166743
8811aa6ab1fffff,55.74668819416981,37.88488459491199,0.0,4.0,0.0,2.0,1.0,0.0,4.0,3.0,0.0,0.0,1.0,4.0,1.0,3.0,0.0,0.0,0.0,396313.2278638913,23432.645305200276,24.0,0.0,5.0,1,16.921069275812922
8811aa6ab5fffff,55.73835826297246,37.88574740736772,0.0,0.0,0.0,0.0,0.0,0.0,0.0,0.0,0.0,0.0,0.0,1.0,0.0,0.0,0.0,0.0,0.0,174211.01859655257,23432.645305200276,0.0,0.0,0.0,0,17.035774767260985
8811aa6ab7fffff,55.743195669403214,37.8972058718925,0.0,0.0,0.0,0.0,0.0,0.0,0.0,0.0,0.0,0.0,0.0,1.0,0.0,0.0,0.0,0.0,0.0,187701.0234910254,23432.645305200276,0.0,0.0,0.0,0,17.712843930805732
8811aa6ab9fffff,55.75017909939779,37.87256247729669,0.0,1.0,0.0,0.0,0.0,0.0,0.0,0.0,2.0,0.0,0.0,5.0,1.0,0.0,0.0,0.0,0.0,294109.52756091586,23432.645305200276,5.0,0.0,0.0,0,16.137009931100696
8811aa6abdfffff,55.74184976830397,37.87342776473134,3.0,13.0,6.0,12.0,9.0,0.0,2.0,13.0,18.0,1.0,3.0,15.0,23.0,14.0,1.0,0.0,8.0,365780.21991235705,23432.645305200276,19.0,0.0,0.0,0,16.23245544544577
8811aa6ac1fffff,55.75095642409923,37.81269430055112,7.0,6.0,4.0,34.0,25.0,0.0,3.0,15.0,74.0,1.0,2.0,43.0,45.0,42.0,1.0,0.0,46.0,375484.2207847178,23432.645305200276,49.0,0.0,0.0,0,12.376793991016655
8811aa6ac3fffff,55.7557995970302,37.82414081146886,3.0,6.0,6.0,9.0,6.0,0.0,4.0,14.0,22.0,1.0,3.0,13.0,23.0,15.0,0.0,0.0,10.0,136173.63863333865,23432.645305200276,39.0,0.0,0.0,0,13.100093218438339
8811aa6ac5fffff,55.742629586190766,37.813571270223825,6.0,13.0,0.0,13.0,5.0,2.0,10.0,1.0,27.0,1.0,1.0,19.0,21.0,9.0,0.0,0.0,2.0,650068.2971896622,23432.645305200276,35.0,110000.0,0.0,0,12.477988961469743
8811aa6ac7fffff,55.74747241355603,37.82501565401431,0.0,6.0,1.0,1.0,8.0,0.0,12.0,10.0,76.0,2.0,2.0,12.0,14.0,11.0,2.0,0.0,6.0,365052.81969061954,23432.645305200276,31.0,110000.0,0.0,0,13.160821776866985
8811aa6ac9fffff,55.75443881559185,37.80037211328726,4.0,3.0,5.0,7.0,11.0,0.0,1.0,9.0,7.0,1.0,1.0,20.0,7.0,13.0,2.0,0.0,10.0,149455.91085971455,23432.645305200276,57.0,0.0,0.0,0,11.604441201042546
8811aa6acbfffff,55.75928300588411,37.81181698274599,3.0,4.0,4.0,1.0,1.0,1.0,0.0,3.0,17.0,1.0,1.0,4.0,2.0,9.0,0.0,0.0,6.0,73248.06690667811,23432.645305200276,11.0,0.0,0.0,0,12.344832667983964
8811aa6acdfffff,55.74611257955545,37.80125155748318,4.0,8.0,4.0,13.0,10.0,1.0,4.0,10.0,19.0,1.0,4.0,10.0,23.0,13.0,1.0,0.0,2.0,246150.55001667497,23432.645305200276,49.0,0.0,0.0,0,11.677909362082687
8811aa6ad1fffff,55.76896936968703,37.83471803071572,6.0,5.0,1.0,22.0,15.0,0.0,8.0,11.0,67.0,2.0,3.0,10.0,42.0,23.0,2.0,0.0,12.0,390131.6820931494,23432.645305200276,31.0,220000.0,1.0,1,13.881899267613697
8811aa6ad3fffff,55.77381154147732,37.84617421112176,0.0,4.0,0.0,1.0,0.0,0.0,2.0,0.0,6.0,0.0,0.0,0.0,0.0,0.0,0.0,0.0,0.0,97949.87300036865,23432.645305200276,3.0,220000.0,2.0,1,14.672706385853756
8811aa6ad5fffff,55.76064209748864,37.835591091183574,3.0,11.0,1.0,8.0,5.0,0.0,1.0,3.0,9.0,0.0,0.0,10.0,10.0,9.0,1.0,0.0,2.0,364471.587794783,23432.645305200276,23.0,220000.0,4.0,1,13.84399511215741
8811aa6ad7fffff,55.76548392461448,37.847045140641846,0.0,2.0,0.0,0.0,0.0,0.0,2.0,0.0,1.0,0.0,0.0,3.0,0.0,0.0,0.0,0.0,0.0,85327.41381825344,23432.645305200276,3.0,220000.0,2.0,1,14.605365432805577
8811aa6ad9fffff,55.77245319472721,37.82239008411984,2.0,18.0,3.0,5.0,6.0,0.0,4.0,3.0,47.0,3.0,4.0,11.0,11.0,12.0,0.0,0.0,4.0,291878.58657441963,23432.645305200276,41.0,0.0,0.0,0,13.175663622828559
8811aa6adbfffff,55.77729638505946,37.83384462347404,3.0,22.0,3.0,4.0,6.0,1.0,12.0,5.0,39.0,3.0,0.0,14.0,10.0,10.0,2.0,0.0,4.0,632283.8143405276,23432.645305200276,48.0,220000.0,1.0,1,13.981527956937155
8811aa6addfffff,55.7641265242025,37.823265621572865,1.0,4.0,1.0,6.0,3.0,0.0,5.0,4.0,7.0,4.0,0.0,4.0,10.0,2.0,0.0,0.0,4.0,88327.07405415256,23432.645305200276,7.0,0.0,0.0,0,13.105067182023987
8811aa6ae1fffff,55.73081727908541,37.82676429787877,3.0,1.0,0.0,1.0,3.0,2.0,3.0,4.0,3.0,0.0,0.0,10.0,5.0,5.0,0.0,1.0,6.0,195712.41762154544,23432.645305200276,12.0,0.0,0.0,0,13.47489482176356
8811aa6ae3fffff,55.73565874339544,37.838208194004146,1.0,1.0,4.0,5.0,2.0,0.0,2.0,2.0,3.0,0.0,1.0,10.0,5.0,9.0,0.0,0.0,0.0,122190.64568775307,23432.645305200276,3.0,220000.0,10.0,1,14.101607238152694
8811aa6ae5fffff,55.72248932878073,37.82763809960998,5.0,7.0,4.0,17.0,16.0,0.0,7.0,11.0,23.0,1.0,3.0,13.0,37.0,21.0,0.0,0.0,16.0,242381.81695037085,23432.645305200276,16.0,0.0,0.0,0,13.723842724256114
8811aa6ae7fffff,55.72733044735124,37.839079869435835,0.0,2.0,0.0,0.0,0.0,0.0,1.0,1.0,2.0,1.0,0.0,4.0,0.0,1.0,0.0,0.0,0.0,35139.26109327039,23432.645305200276,1.0,220000.0,6.0,1,14.307556196017181
8811aa6ae9fffff,55.73430249250453,37.814447891970865,2.0,3.0,0.0,1.0,0.0,0.0,1.0,1.0,12.0,2.0,1.0,8.0,2.0,3.0,2.0,0.0,0.0,128134.9283472149,23432.645305200276,5.0,0.0,0.0,0,12.646761589792552
8811aa6aebfffff,55.739144974125814,37.82589014941555,4.0,1.0,3.0,3.0,8.0,1.0,1.0,4.0,8.0,1.0,0.0,9.0,17.0,11.0,0.0,0.0,6.0,167825.88583193586,23432.645305200276,11.0,0.0,0.0,0,13.286357536130042
8811aa6aedfffff,55.725975143386385,37.81532416599886,0.0,0.0,0.0,2.0,0.0,0.0,1.0,0.0,2.0,0.0,0.0,7.0,6.0,1.0,0.0,0.0,4.0,30384.91103593102,23432.645305200276,7.0,0.0,0.0,0,12.880461474794805
8811aa6b01fffff,55.65663880319257,37.774902472972734,2.0,6.0,1.0,1.0,8.0,0.0,3.0,6.0,19.0,0.0,1.0,12.0,4.0,7.0,0.0,0.0,2.0,362985.6860384501,23432.645305200276,11.0,0.0,0.0,0,14.611595847551953
8811aa6b03fffff,55.661481527942975,37.78631485659349,1.0,3.0,0.0,0.0,0.0,0.0,0.0,1.0,38.0,0.0,0.0,10.0,0.0,1.0,0.0,0.0,0.0,140872.67979563598,23432.645305200276,8.0,220000.0,4.0,1,14.73730463831646
8811aa6b05fffff,55.64831106802044,37.77578478408993,0.0,0.0,0.0,5.0,1.0,0.0,0.0,3.0,16.0,1.0,0.0,2.0,8.0,2.0,1.0,2.0,6.0,72417.7061907956,23432.645305200276,4.0,500000.0,18.0,1,15.336989449109097
8811aa6b07fffff,55.65315344416143,37.78719505363447,0.0,0.0,0.0,0.0,0.0,0.0,1.0,1.0,1.0,1.0,0.0,2.0,0.0,0.0,0.0,0.0,0.0,5194.057691911774,23432.645305200276,1.0,500000.0,27.0,1,15.427037600728454
8811aa6b09fffff,55.660122547584685,37.76260906596544,3.0,4.0,1.0,15.0,17.0,0.0,5.0,9.0,48.0,0.0,3.0,14.0,13.0,13.0,1.0,0.0,10.0,338033.05082961975,23432.645305200276,23.0,0.0,0.0,0,13.802357763053408
8811aa6b0bfffff,55.664966286067774,37.774019812474926,0.0,4.0,0.0,3.0,5.0,4.0,0.0,3.0,61.0,0.0,0.0,14.0,3.0,8.0,0.0,1.0,4.0,765716.4698370516,23432.645305200276,17.0,0.0,0.0,0,13.910435909200146
8811aa6b0dfffff,55.65179541350013,37.76349383980631,5.0,4.0,3.0,10.0,12.0,0.0,3.0,24.0,58.0,0.0,2.0,14.0,24.0,19.0,2.0,0.0,12.0,595108.3079094834,23432.645305200276,28.0,220000.0,2.0,1,14.540383118418406
8811aa6b11fffff,55.6746517662743,37.79685256232401,0.0,8.0,0.0,1.0,1.0,2.0,0.0,1.0,0.0,1.0,0.0,6.0,2.0,4.0,0.0,0.0,2.0,51405.048972421624,23432.645305200276,17.0,500000.0,29.0,1,14.294457109456392
8811aa6b13fffff,55.67949350628542,37.8082745675517,0.0,0.0,1.0,1.0,1.0,0.0,2.0,0.0,2.0,1.0,0.0,0.0,0.0,0.0,1.0,0.0,0.0,0.0,23432.645305200276,0.0,500000.0,6.0,1,14.566002438136303
8811aa6b15fffff,55.66632358689562,37.79773099161226,0.0,0.0,0.0,0.0,0.0,0.0,0.0,0.0,4.0,0.0,0.0,1.0,0.0,0.0,0.0,0.0,0.0,0.0,23432.645305200276,2.0,500000.0,59.0,1,14.916145029813032
8811aa6b17fffff,55.671164979194465,37.809150878972154,0.0,1.0,0.0,0.0,0.0,0.0,1.0,0.0,2.0,1.0,0.0,5.0,1.0,1.0,0.0,0.0,0.0,6360.665638448928,23432.645305200276,3.0,500000.0,18.0,1,15.14624817060786
8811aa6b19fffff,55.678136937735154,37.784553416486276,1.0,1.0,0.0,3.0,0.0,0.0,9.0,0.0,4.0,0.0,0.0,4.0,16.0,3.0,0.0,0.0,2.0,1692837.1815071292,23432.645305200276,7.0,220000.0,23.0,1,13.444538252916972
8811aa6b1bfffff,55.682979692653795,37.79597378499863,0.0,0.0,0.0,0.0,0.0,0.0,0.0,0.0,2.0,0.0,0.0,0.0,0.0,0.0,0.0,0.0,2.0,0.0,23432.645305200276,0.0,220000.0,0.0,0,13.707576959449455
8811aa6b1dfffff,55.66980935924963,37.78543431094634,1.0,3.0,2.0,1.0,0.0,1.0,0.0,0.0,6.0,0.0,0.0,7.0,3.0,5.0,0.0,0.0,0.0,2891946.2436308204,23432.645305200276,12.0,0.0,0.0,0,14.075116446801383
8811aa6b21fffff,55.63649652055914,37.78895440272398,0.0,5.0,3.0,9.0,4.0,1.0,2.0,3.0,7.0,1.0,1.0,4.0,4.0,5.0,0.0,0.0,8.0,24378.79157344807,23432.645305200276,14.0,0.0,0.0,0,16.875515974703433
8811aa6b23fffff,55.641337534227574,37.80036419331646,3.0,1.0,1.0,2.0,0.0,1.0,2.0,0.0,8.0,0.0,0.0,5.0,0.0,7.0,0.0,0.0,2.0,231803.37048979392,23432.645305200276,26.0,0.0,0.0,0,16.95077326399807
8811aa6b25fffff,55.62816768143124,37.78983355518513,0.0,1.0,3.0,1.0,0.0,0.0,1.0,0.0,5.0,0.0,1.0,0.0,0.0,0.0,0.0,0.0,4.0,1076768.33948963,23432.645305200276,8.0,0.0,0.0,0,17.628599992105276
8811aa6b27fffff,55.633008346315556,37.80124123251759,2.0,1.0,0.0,1.0,3.0,0.0,2.0,0.0,5.0,0.0,0.0,10.0,2.0,4.0,0.0,0.0,0.0,0.0,23432.645305200276,11.0,0.0,0.0,0,17.674676983209114
8811aa6b29fffff,55.63998308089773,37.77666674603348,0.0,1.0,0.0,7.0,4.0,0.0,1.0,0.0,27.0,3.0,0.0,4.0,2.0,3.0,0.0,0.0,2.0,314540.9866204556,23432.645305200276,6.0,500000.0,44.0,1,16.083342576909743
8811aa6b2bfffff,55.644825108251354,37.78807490227584,0.0,1.0,2.0,0.0,0.0,1.0,0.0,0.0,3.0,0.0,0.0,5.0,0.0,0.0,0.0,0.0,0.0,12225.973166815282,23432.645305200276,3.0,500000.0,12.0,1,16.140789056617333
8811aa6b2dfffff,55.631654842170825,37.77754835901018,0.0,0.0,0.0,6.0,0.0,2.0,0.0,1.0,9.0,4.0,0.0,0.0,0.0,0.0,0.0,0.0,12.0,600186.5139268595,23432.645305200276,0.0,500000.0,8.0,1,16.847874257475453
8811aa6b31fffff,55.65450716686587,37.81090246085507,0.0,0.0,0.0,2.0,0.0,0.0,3.0,0.0,0.0,0.0,0.0,1.0,0.0,0.0,0.0,0.0,0.0,0.0,23432.645305200276,3.0,110000.0,3.0,1,16.40331122957168
8811aa6b33fffff,55.65934719641541,37.822321865075025,0.0,2.0,0.0,0.0,0.0,0.0,0.0,0.0,1.0,0.0,2.0,2.0,0.0,0.0,0.0,0.0,2.0,1274467.6496550736,23432.645305200276,10.0,110000.0,10.0,1,16.606077148324935
8811aa6b35fffff,55.646177882320956,37.81177773172881,0.0,0.0,0.0,0.0,0.0,0.0,3.0,0.0,0.0,0.0,0.0,0.0,0.0,0.0,0.0,0.0,6.0,0.0,23432.645305200276,0.0,0.0,0.0,0,17.073028105648444
8811aa6b37fffff,55.65101756398368,37.82319501890166,0.0,0.0,0.0,0.0,0.0,1.0,0.0,1.0,0.0,0.0,0.0,2.0,1.0,7.0,0.0,0.0,2.0,1801295.1604166292,23432.645305200276,0.0,110000.0,10.0,1,17.241292289024184
8811aa6b39fffff,55.65799515486404,37.798609073069684,0.0,2.0,0.0,2.0,0.0,0.0,0.0,1.0,1.0,2.0,0.0,2.0,0.0,2.0,0.0,0.0,2.0,0.0,23432.645305200276,6.0,500000.0,35.0,1,15.568476066233556
8811aa6b3bfffff,55.662836199272505,37.81002684333803,0.0,2.0,0.0,1.0,0.0,0.0,0.0,1.0,0.0,0.0,0.0,5.0,1.0,0.0,0.0,0.0,0.0,0.0,23432.645305200276,2.0,500000.0,15.0,1,15.759933881807182
8811aa6b3dfffff,55.649666470525894,37.79948680690243,0.0,0.0,0.0,0.0,0.0,0.0,3.0,0.0,0.0,0.0,0.0,0.0,0.0,0.0,0.0,0.0,0.0,0.0,23432.645305200276,0.0,0.0,0.0,0,16.24776423489509
8811aa6b41fffff,55.65875926145407,37.738909477138485,4.0,10.0,3.0,16.0,7.0,1.0,2.0,12.0,21.0,2.0,1.0,15.0,32.0,19.0,3.0,0.0,28.0,858358.3378419601,23432.645305200276,27.0,110000.0,0.0,0,12.97396309289316
8811aa6b43fffff,55.66360467730349,37.75031483366126,1.0,1.0,4.0,20.0,24.0,3.0,2.0,21.0,67.0,2.0,1.0,16.0,32.0,18.0,1.0,0.0,28.0,720280.4456872432,23432.645305200276,21.0,0.0,0.0,0,13.00046283217089
8811aa6b45fffff,55.650433078137034,37.739798825052155,5.0,8.0,0.0,47.0,33.0,1.0,5.0,29.0,67.0,3.0,4.0,24.0,64.0,46.0,1.0,0.0,50.0,617819.8259705866,23432.645305200276,21.0,0.0,0.0,0,13.760588009529538
8811aa6b47fffff,55.655278144656016,37.751202070473006,1.0,7.0,4.0,14.0,12.0,1.0,2.0,15.0,23.0,0.0,1.0,17.0,17.0,28.0,1.0,0.0,10.0,474952.3474617899,23432.645305200276,16.0,0.0,0.0,0,13.752202148181553
8811aa6b49fffff,55.662238763860636,37.72661606085166,0.0,10.0,2.0,11.0,7.0,0.0,1.0,8.0,3.0,2.0,0.0,6.0,2.0,10.0,0.0,0.0,2.0,191557.49660592727,23432.645305200276,34.0,110000.0,0.0,0,12.207547226937928
8811aa6b4bfffff,55.66708519231505,37.738019777109294,0.0,9.0,0.0,6.0,0.0,0.0,2.0,2.0,22.0,2.0,0.0,6.0,2.0,7.0,0.0,0.0,2.0,19191.458061357145,23432.645305200276,7.0,0.0,0.0,0,12.207337963022928
8811aa6b4dfffff,55.65391318251087,37.727507871247866,0.0,17.0,2.0,10.0,1.0,2.0,4.0,4.0,50.0,3.0,0.0,17.0,5.0,7.0,1.0,0.0,6.0,600360.187275473,23432.645305200276,21.0,220000.0,45.0,1,13.009529037136003
8811aa6b51fffff,55.67677605801156,37.760838466990755,5.0,8.0,5.0,35.0,22.0,3.0,6.0,22.0,166.0,7.0,2.0,27.0,47.0,37.0,1.0,0.0,34.0,325073.20815414295,23432.645305200276,29.0,0.0,0.0,0,12.40350454392141
8811aa6b53fffff,55.68162049354233,37.77225344250866,1.0,11.0,3.0,3.0,4.0,0.0,1.0,1.0,28.0,0.0,0.0,7.0,6.0,5.0,1.0,0.0,2.0,272465.4427402032,23432.645305200276,13.0,220000.0,14.0,1,12.596850909410204
8811aa6b55fffff,55.668449429203896,37.76172394176283,0.0,5.0,6.0,5.0,13.0,2.0,2.0,15.0,56.0,2.0,2.0,13.0,5.0,7.0,0.0,0.0,14.0,834100.0863638942,23432.645305200276,18.0,0.0,0.0,0,13.088666451083672
8811aa6b57fffff,55.673293516299765,37.77313680238933,0.0,2.0,3.0,18.0,6.0,1.0,2.0,5.0,44.0,0.0,2.0,11.0,7.0,6.0,0.0,0.0,8.0,1468524.3747735315,23432.645305200276,17.0,0.0,0.0,0,13.237355558535333
8811aa6b59fffff,55.68025698435093,37.7485393058006,3.0,12.0,9.0,12.0,10.0,5.0,9.0,13.0,295.0,1.0,3.0,22.0,24.0,14.0,6.0,0.0,12.0,76915.98835687173,23432.645305200276,65.0,220000.0,0.0,0,11.574387074124294
8811aa6b5bfffff,55.68510243366149,37.75995264144133,1.0,1.0,1.0,2.0,2.0,0.0,3.0,5.0,155.0,4.0,0.0,3.0,3.0,3.0,0.0,0.0,0.0,98028.87788726616,23432.645305200276,16.0,220000.0,17.0,1,11.751856910447946
8811aa6b5dfffff,55.67193095731718,37.74942724550655,3.0,5.0,6.0,13.0,10.0,4.0,2.0,17.0,247.0,2.0,0.0,18.0,19.0,15.0,1.0,0.0,22.0,154162.30802218907,23432.645305200276,40.0,0.0,0.0,0,12.273000435696602
8811aa6b61fffff,55.63862432284467,37.75297549090009,1.0,2.0,2.0,7.0,5.0,1.0,5.0,10.0,14.0,2.0,2.0,13.0,30.0,13.0,0.0,4.0,14.0,691458.7634077705,23432.645305200276,25.0,220000.0,8.0,1,15.314121315861076
8811aa6b63fffff,55.64346802729651,37.764378263493,0.0,1.0,0.0,5.0,1.0,0.0,1.0,1.0,6.0,0.0,0.0,4.0,2.0,3.0,0.0,0.0,0.0,98651.50775622425,23432.645305200276,15.0,220000.0,11.0,1,15.299226079246681
8811aa6b65fffff,55.630297034373406,37.75386167493123,2.0,15.0,0.0,0.0,3.0,0.0,2.0,1.0,55.0,3.0,0.0,12.0,0.0,6.0,0.0,0.0,2.0,58917.529515674585,23432.645305200276,33.0,0.0,0.0,0,16.118648162229952
8811aa6b67fffff,55.635140389320156,37.76526233723292,0.0,4.0,2.0,11.0,9.0,0.0,3.0,7.0,12.0,2.0,2.0,27.0,11.0,17.0,0.0,0.0,2.0,507139.1590131418,23432.645305200276,21.0,0.0,0.0,0,16.07594341372908
8811aa6b69fffff,55.64210664271013,37.74068782105888,4.0,3.0,0.0,9.0,3.0,1.0,3.0,10.0,28.0,3.0,1.0,5.0,4.0,5.0,1.0,0.0,4.0,122263.55888155638,23432.645305200276,8.0,220000.0,19.0,1,14.563977379219422
8811aa6b6bfffff,55.64695135972098,37.752088956149954,1.0,8.0,3.0,11.0,14.0,1.0,1.0,25.0,75.0,0.0,2.0,13.0,21.0,18.0,1.0,0.0,12.0,593378.0441067748,23432.645305200276,27.0,220000.0,4.0,1,14.524454376990645
8811aa6b6dfffff,55.63377995551965,37.741576465367025,1.0,1.0,4.0,8.0,11.0,7.0,5.0,17.0,129.0,2.0,3.0,11.0,13.0,15.0,1.0,0.0,14.0,566285.6512991872,23432.645305200276,10.0,220000.0,2.0,1,15.381509260131581
8811aa7001fffff,55.845841837941606,37.50345294986659,5.0,10.0,4.0,4.0,0.0,0.0,4.0,4.0,23.0,2.0,1.0,11.0,4.0,13.0,2.0,0.0,2.0,250202.50488767898,23432.645305200276,18.0,220000.0,26.0,1,12.576514286905775
8811aa7003fffff,55.850710699474405,37.514860141888846,3.0,6.0,5.0,22.0,7.0,1.0,4.0,6.0,43.0,1.0,1.0,7.0,11.0,14.0,0.0,0.0,18.0,353342.3553165283,23432.645305200276,17.0,220000.0,8.0,1,12.657386544285439
8811aa7005fffff,55.837530411991075,37.504392229313986,1.0,8.0,2.0,9.0,0.0,0.0,3.0,5.0,7.0,2.0,1.0,9.0,1.0,5.0,0.0,0.0,2.0,156124.90428875087,23432.645305200276,11.0,110000.0,13.0,1,11.786189946851557
8811aa7007fffff,55.84239892360125,37.51579731207685,2.0,1.0,2.0,2.0,1.0,0.0,5.0,1.0,15.0,3.0,0.0,7.0,5.0,6.0,0.0,1.0,4.0,65836.71221263758,23432.645305200276,8.0,0.0,0.0,0,11.833635251227813
8811aa7009fffff,55.849283132127994,37.49110778013756,1.0,3.0,7.0,6.0,6.0,1.0,3.0,6.0,10.0,0.0,1.0,8.0,14.0,12.0,0.0,0.0,0.0,421448.38218437834,23432.645305200276,13.0,220000.0,0.0,0,13.33379535997305
8811aa700bfffff,55.85415300322865,37.502513297327994,0.0,3.0,15.0,8.0,6.0,0.0,3.0,8.0,11.0,1.0,2.0,5.0,12.0,9.0,1.0,0.0,4.0,230511.88409616568,23432.645305200276,10.0,0.0,0.0,0,13.3843981584049
8811aa700dfffff,55.84097231694338,37.4920495411798,10.0,16.0,6.0,66.0,25.0,3.0,13.0,29.0,21.0,2.0,3.0,23.0,68.0,29.0,1.0,0.0,52.0,106623.25444272322,23432.645305200276,24.0,220000.0,12.0,1,12.559329296363105
8811aa7011fffff,55.86389076510724,37.52533568727131,0.0,2.0,1.0,0.0,0.0,0.0,2.0,3.0,9.0,0.0,1.0,7.0,2.0,5.0,0.0,0.0,0.0,82527.85392705025,23432.645305200276,13.0,0.0,0.0,0,13.66283794576863
8811aa7013fffff,55.86875865416803,37.53675256198171,0.0,2.0,7.0,6.0,7.0,0.0,6.0,3.0,9.0,1.0,2.0,3.0,12.0,11.0,2.0,0.0,8.0,106998.45842058898,23432.645305200276,18.0,0.0,0.0,0,13.887150272418099
8811aa7015fffff,55.85557890068369,37.526271118224884,0.0,4.0,0.0,3.0,0.0,0.0,1.0,1.0,1.0,0.0,1.0,2.0,0.0,0.0,0.0,0.0,2.0,57019.47089913227,23432.645305200276,4.0,220000.0,5.0,1,12.800754488749055
8811aa7017fffff,55.860446440710966,37.53768587985254,0.0,17.0,0.0,3.0,4.0,0.0,2.0,1.0,14.0,0.0,0.0,2.0,3.0,10.0,0.0,0.0,4.0,927367.9785199056,23432.645305200276,11.0,0.0,0.0,0,13.004566545580305
8811aa7019fffff,55.86733346835744,37.5129846843276,0.0,2.0,4.0,0.0,1.0,0.0,5.0,1.0,5.0,1.0,0.0,7.0,6.0,5.0,1.0,0.0,0.0,254854.57561941774,23432.645305200276,12.0,0.0,0.0,0,14.342784186159152
8811aa701bfffff,55.87220236817063,37.524399884546334,0.0,5.0,4.0,4.0,8.0,1.0,4.0,11.0,13.0,6.0,2.0,12.0,10.0,6.0,0.0,0.0,10.0,201128.50539946236,23432.645305200276,14.0,0.0,0.0,0,14.532926492274338
8811aa701dfffff,55.85902221450787,37.51392259937956,3.0,0.0,2.0,3.0,10.0,0.0,1.0,1.0,17.0,0.0,0.0,14.0,6.0,16.0,0.0,0.0,4.0,54658.20686050569,23432.645305200276,19.0,0.0,0.0,0,13.494554319130451
8811aa7021fffff,55.825774590712946,37.51767053637385,4.0,15.0,7.0,20.0,22.0,0.0,4.0,9.0,16.0,3.0,3.0,18.0,25.0,17.0,0.0,0.0,4.0,154397.9804330987,23432.645305200276,32.0,110000.0,0.0,0,10.239319303857894
8811aa7023fffff,55.830641742694176,37.529075182666325,4.0,7.0,1.0,6.0,7.0,1.0,6.0,9.0,25.0,2.0,1.0,8.0,12.0,2.0,0.0,0.0,0.0,13553.22072090489,23432.645305200276,29.0,220000.0,0.0,0,10.282668594457617
8811aa7025fffff,55.81746203438649,37.518606590924804,0.0,7.0,6.0,7.0,6.0,0.0,6.0,7.0,43.0,8.0,1.0,6.0,9.0,10.0,1.0,0.0,18.0,167736.9023748442,23432.645305200276,14.0,110000.0,0.0,0,9.47772170794649
8811aa7027fffff,55.82232883627244,37.530009128742535,1.0,2.0,5.0,4.0,8.0,2.0,4.0,6.0,68.0,6.0,0.0,6.0,12.0,7.0,0.0,0.0,0.0,178768.0806105256,23432.645305200276,20.0,220000.0,0.0,0,9.476123024876065
8811aa7029fffff,55.82921872572131,37.50533113589182,1.0,7.0,0.0,2.0,1.0,0.0,6.0,0.0,2.0,0.0,0.0,2.0,5.0,1.0,0.0,0.0,4.0,84557.9127358472,23432.645305200276,6.0,110000.0,3.0,1,11.017211564041219
8811aa702bfffff,55.834086887232665,37.51673411016483,0.0,9.0,0.0,3.0,2.0,0.0,4.0,4.0,2.0,0.0,0.0,10.0,4.0,7.0,0.0,0.0,12.0,153201.64926356,23432.645305200276,16.0,110000.0,4.0,1,11.026314653883086
8811aa702dfffff,55.820906779476644,37.50626966982158,2.0,14.0,8.0,28.0,15.0,1.0,12.0,13.0,46.0,8.0,2.0,19.0,30.0,12.0,0.0,0.0,32.0,525596.485572195,23432.645305200276,36.0,0.0,0.0,0,10.274380463144647
8811aa7031fffff,55.843821230564025,37.53955140347875,0.0,3.0,0.0,3.0,2.0,0.0,3.0,2.0,13.0,1.0,0.0,12.0,5.0,9.0,0.0,0.0,4.0,304176.13173097034,23432.645305200276,24.0,0.0,0.0,0,11.26091441977886
8811aa7033fffff,55.848687410667885,37.550965724472036,1.0,1.0,0.0,1.0,1.0,0.0,5.0,0.0,6.0,2.0,0.0,9.0,1.0,1.0,0.0,0.0,0.0,307949.04243083135,23432.645305200276,10.0,220000.0,1.0,1,11.482025049530744
8811aa7035fffff,55.835508234562724,37.54048360967477,1.0,3.0,2.0,8.0,8.0,5.0,5.0,10.0,26.0,0.0,0.0,16.0,10.0,9.0,0.0,0.0,2.0,121007.32231344019,23432.645305200276,21.0,220000.0,0.0,0,10.40346723643724
8811aa7037fffff,55.8403740654606,37.551895818374454,1.0,1.0,4.0,8.0,7.0,0.0,4.0,4.0,19.0,3.0,2.0,8.0,19.0,8.0,1.0,0.0,10.0,114562.54999500261,23432.645305200276,19.0,220000.0,0.0,0,10.599086129651974
8811aa7039fffff,55.84726677524413,37.52720617762806,1.0,6.0,0.0,3.0,0.0,0.0,3.0,0.0,1.0,0.0,0.0,11.0,1.0,0.0,0.0,0.0,6.0,34760.26267115612,23432.645305200276,6.0,110000.0,0.0,0,11.94841530569604
8811aa703bfffff,55.85213396606154,37.53861882694475,0.0,5.0,1.0,1.0,0.0,0.0,2.0,1.0,2.0,0.0,0.0,2.0,2.0,0.0,0.0,0.0,0.0,171100.80920375744,23432.645305200276,4.0,220000.0,3.0,1,12.128634884198716
8811aa703dfffff,55.83895438913286,37.52814086570165,2.0,3.0,0.0,5.0,6.0,0.0,6.0,1.0,9.0,1.0,0.0,16.0,10.0,11.0,2.0,0.0,6.0,206654.75650684073,23432.645305200276,49.0,0.0,0.0,0,11.108070516678431
8811aa7041fffff,55.84785126732731,37.46736174732765,10.0,0.0,0.0,5.0,0.0,0.0,4.0,1.0,218.0,6.0,0.0,11.0,6.0,2.0,0.0,24.0,2.0,0.0,23432.645305200276,24.0,0.0,0.0,0,14.136590226005659
8811aa7043fffff,55.85272280613483,37.478761803956864,4.0,4.0,3.0,25.0,15.0,0.0,7.0,7.0,33.0,1.0,1.0,30.0,51.0,32.0,0.0,0.0,24.0,340183.5908685997,23432.645305200276,15.0,0.0,0.0,0,14.10314105206183
8811aa7045fffff,55.83954141389404,37.468308096421346,0.0,0.0,1.0,1.0,0.0,0.0,0.0,2.0,4.0,0.0,0.0,3.0,0.0,3.0,0.0,2.0,0.0,7943.692025855055,23432.645305200276,2.0,220000.0,4.0,1,13.413093831121307
8811aa7047fffff,55.8444126020639,37.47970604682873,0.0,1.0,4.0,9.0,9.0,0.0,5.0,12.0,10.0,1.0,1.0,3.0,17.0,3.0,1.0,0.0,20.0,286906.5332994983,23432.645305200276,12.0,110000.0,3.0,1,13.343408658499964
8811aa7049fffff,55.85128831270859,37.4550166437439,9.0,0.0,1.0,9.0,13.0,1.0,5.0,13.0,127.0,4.0,1.0,8.0,11.0,18.0,2.0,2.0,6.0,93566.91881934747,23432.645305200276,24.0,0.0,0.0,0,14.937407441973379
8811aa704bfffff,55.85616085993687,37.46641502239207,3.0,2.0,3.0,6.0,5.0,1.0,2.0,4.0,109.0,6.0,0.0,4.0,16.0,15.0,0.0,4.0,6.0,89611.43120648661,23432.645305200276,17.0,0.0,0.0,0,14.882663775371064
8811aa704dfffff,55.842979070916044,37.455965474143824,2.0,7.0,1.0,9.0,12.0,1.0,0.0,7.0,17.0,2.0,0.0,11.0,11.0,10.0,1.0,0.0,8.0,75869.5655339611,23432.645305200276,22.0,110000.0,4.0,1,14.226579434965574
8811aa7051fffff,55.86590397965841,37.48922313558319,1.0,16.0,9.0,12.0,9.0,1.0,2.0,7.0,21.0,1.0,3.0,11.0,18.0,8.0,1.0,0.0,14.0,308796.05584190186,23432.645305200276,27.0,220000.0,0.0,0,14.934952902220177
8811aa7053fffff,55.87077455043558,37.50063287208962,1.0,4.0,4.0,2.0,4.0,0.0,5.0,1.0,12.0,0.0,0.0,10.0,4.0,6.0,0.0,0.0,2.0,165734.95951621787,23432.645305200276,10.0,0.0,0.0,0,15.041449611736967
8811aa7055fffff,55.857593686481046,37.49016564501284,2.0,6.0,8.0,15.0,9.0,0.0,2.0,16.0,33.0,0.0,1.0,10.0,7.0,13.0,1.0,0.0,4.0,582789.323386128,23432.645305200276,23.0,220000.0,0.0,0,14.126647553803977
8811aa7057fffff,55.86246390750802,37.50157327147633,1.0,3.0,12.0,8.0,6.0,0.0,3.0,9.0,37.0,1.0,3.0,16.0,13.0,8.0,1.0,0.0,12.0,122638.33153375145,23432.645305200276,16.0,0.0,0.0,0,14.206840941123817
8811aa7059fffff,55.86934243093365,37.476872192768575,3.0,5.0,5.0,4.0,4.0,0.0,7.0,8.0,34.0,5.0,0.0,20.0,5.0,10.0,0.0,0.0,10.0,459142.8831307953,23432.645305200276,21.0,0.0,0.0,0,15.676669453743878
8811aa705bfffff,55.874214011316006,37.48828025162602,0.0,9.0,6.0,5.0,13.0,1.0,6.0,9.0,13.0,0.0,2.0,7.0,7.0,12.0,1.0,0.0,8.0,209436.9626309508,23432.645305200276,15.0,220000.0,0.0,0,15.756328514712296
8811aa705dfffff,55.86103274920611,37.47781718601116,1.0,11.0,9.0,11.0,18.0,0.0,4.0,13.0,28.0,0.0,2.0,6.0,15.0,12.0,0.0,0.0,28.0,506838.56071309524,23432.645305200276,11.0,0.0,0.0,0,14.881838200200177
8811aa7061fffff,55.827791412299725,37.48159340824203,0.0,1.0,2.0,2.0,1.0,1.0,1.0,4.0,6.0,0.0,0.0,0.0,7.0,2.0,0.0,0.0,0.0,21155.80862987915,23432.645305200276,0.0,0.0,0.0,0,11.895316591222235
8811aa7063fffff,55.83266124127141,37.4929909283618,3.0,8.0,11.0,10.0,3.0,0.0,7.0,7.0,18.0,1.0,0.0,8.0,9.0,12.0,0.0,0.0,8.0,184427.92136284107,23432.645305200276,16.0,220000.0,0.0,0,11.806874406713552
8811aa7065fffff,55.81948042729494,37.48253652722861,2.0,0.0,2.0,4.0,1.0,9.0,9.0,2.0,58.0,6.0,0.0,4.0,1.0,2.0,0.0,0.0,4.0,148667.98098797395,23432.645305200276,6.0,0.0,0.0,0,11.216188903777294
8811aa7067fffff,55.82434990545635,37.49393194190561,8.0,11.0,5.0,58.0,15.0,4.0,3.0,16.0,37.0,4.0,0.0,13.0,92.0,28.0,0.0,0.0,26.0,327852.2202432437,23432.645305200276,36.0,0.0,0.0,0,11.08092244334615
8811aa7069fffff,55.83123129998123,37.4692540698964,1.0,2.0,0.0,1.0,0.0,6.0,0.0,0.0,24.0,3.0,0.0,1.0,0.0,3.0,0.0,0.0,0.0,0.0,23432.645305200276,1.0,0.0,0.0,0,12.716034791891085
8811aa706bfffff,55.83610213733746,37.48064991484956,0.0,4.0,5.0,7.0,0.0,0.0,2.0,4.0,9.0,3.0,0.0,5.0,2.0,8.0,0.0,0.0,6.0,130794.26530172896,23432.645305200276,13.0,220000.0,12.0,1,12.606076341687134
8811aa706dfffff,55.8229209259331,37.4701996679759,2.0,0.0,0.0,0.0,0.0,7.0,4.0,1.0,48.0,2.0,0.0,2.0,1.0,0.0,0.0,0.0,0.0,0.0,23432.645305200276,6.0,0.0,0.0,0,12.050008220844973
8811aa7081fffff,55.87990997181802,37.58338279881586,2.0,12.0,1.0,6.0,2.0,0.0,1.0,1.0,6.0,1.0,2.0,11.0,7.0,7.0,0.0,0.0,2.0,188988.44123338035,23432.645305200276,23.0,110000.0,4.0,1,14.36175258839553
8811aa7083fffff,55.88477419304554,37.59481650154917,1.0,3.0,2.0,9.0,3.0,0.0,2.0,8.0,22.0,2.0,2.0,12.0,18.0,19.0,0.0,0.0,6.0,513647.66307606327,23432.645305200276,11.0,110000.0,0.0,0,14.817998149823172
8811aa7085fffff,55.8715961039,37.58430728138966,0.0,5.0,1.0,2.0,2.0,3.0,1.0,7.0,9.0,0.0,1.0,10.0,9.0,7.0,0.0,0.0,10.0,315387.791541676,23432.645305200276,25.0,220000.0,0.0,0,13.437366559987204
8811aa7087fffff,55.87645997770452,37.59573886417139,0.0,9.0,1.0,5.0,2.0,1.0,2.0,6.0,1.0,0.0,0.0,6.0,5.0,8.0,1.0,0.0,16.0,441155.6734582134,23432.645305200276,15.0,500000.0,22.0,1,13.890829960647029
8811aa7089fffff,55.88335834352582,37.57102591680117,1.0,2.0,1.0,0.0,2.0,0.0,2.0,0.0,6.0,1.0,0.0,5.0,4.0,5.0,0.0,0.0,2.0,31605.154813898887,23432.645305200276,8.0,0.0,0.0,0,14.867893045326479
8811aa708bfffff,55.8882235778374,37.58245794855975,1.0,15.0,1.0,21.0,9.0,1.0,5.0,17.0,10.0,3.0,3.0,10.0,49.0,15.0,0.0,0.0,18.0,373337.0370343061,23432.645305200276,18.0,110000.0,0.0,0,15.286485038359139
8811aa708dfffff,55.87504508511069,37.571952886254856,0.0,1.0,0.0,0.0,1.0,1.0,8.0,1.0,1.0,0.0,0.0,7.0,1.0,4.0,1.0,0.0,2.0,70346.48255572857,23432.645305200276,8.0,110000.0,3.0,1,13.948416913234492
8811aa7091fffff,55.89795204808612,37.605333388160055,0.0,4.0,0.0,4.0,8.0,3.0,2.0,5.0,13.0,1.0,1.0,11.0,14.0,6.0,0.0,0.0,9.0,112991.58369580953,23432.645305200276,13.0,0.0,0.0,0,16.240587292004943
8811aa7093fffff,55.90281528230101,37.61677679795147,0.0,0.0,0.0,1.0,0.0,0.0,0.0,1.0,0.0,0.0,0.0,8.0,0.0,2.0,0.0,0.0,0.0,0.0,23432.645305200276,7.0,0.0,0.0,0,16.769470282487383
8811aa7095fffff,55.8896377479326,37.60625399542922,0.0,3.0,0.0,5.0,13.0,0.0,0.0,4.0,18.0,0.0,1.0,8.0,9.0,8.0,0.0,0.0,10.0,311133.7244419796,23432.645305200276,10.0,0.0,0.0,0,15.313331580280975
8811aa7097fffff,55.894500635618186,37.617695281429924,1.0,2.0,0.0,17.0,7.0,0.0,3.0,5.0,44.0,1.0,1.0,11.0,15.0,10.0,2.0,0.0,12.0,76456.14889388133,23432.645305200276,26.0,0.0,0.0,0,15.844099735794305
8811aa7099fffff,55.90140183715715,37.59297067536842,2.0,1.0,1.0,14.0,14.0,0.0,1.0,11.0,32.0,2.0,0.0,16.0,28.0,23.0,1.0,0.0,48.0,370342.18267536664,23432.645305200276,18.0,110000.0,0.0,0,16.67236362957516
8811aa709bfffff,55.906266085643175,37.604412414544186,0.0,0.0,0.0,2.0,0.0,0.0,2.0,0.0,9.0,0.0,0.0,0.0,0.0,1.0,0.0,0.0,0.0,0.0,23432.645305200276,0.0,220000.0,6.0,1,17.167842500933244
8811aa709dfffff,55.893088146311136,37.593893772021005,3.0,3.0,0.0,19.0,25.0,0.0,3.0,9.0,83.0,0.0,1.0,8.0,26.0,24.0,0.0,0.0,24.0,518018.38211416185,23432.645305200276,15.0,110000.0,0.0,0,15.745178226719592
8811aa70a1fffff,55.85983076217328,37.59758248957112,2.0,2.0,1.0,17.0,11.0,1.0,0.0,8.0,7.0,0.0,3.0,9.0,19.0,22.0,0.0,0.0,16.0,1356388.5530574722,23432.645305200276,18.0,220000.0,0.0,0,12.03656554337989
8811aa70a3fffff,55.86469327533549,37.609013621336295,4.0,0.0,1.0,17.0,28.0,0.0,3.0,17.0,10.0,4.0,3.0,28.0,61.0,29.0,0.0,0.0,32.0,846965.3478348751,23432.645305200276,28.0,0.0,0.0,0,12.531621238156994
8811aa70a5fffff,55.85151576267173,37.598503752784744,3.0,15.0,1.0,11.0,4.0,1.0,11.0,2.0,2.0,1.0,1.0,6.0,20.0,5.0,0.0,0.0,12.0,968352.2253737167,23432.645305200276,10.0,220000.0,4.0,1,11.109495005615667
8811aa70a7fffff,55.856377928238594,37.60993276539759,0.0,1.0,4.0,5.0,7.0,0.0,2.0,5.0,10.0,1.0,0.0,9.0,8.0,9.0,0.0,0.0,4.0,581454.748385401,23432.645305200276,18.0,0.0,0.0,0,11.604432823006032
8811aa70a9fffff,55.863281974427586,37.585231396499886,0.0,21.0,1.0,3.0,4.0,1.0,2.0,2.0,3.0,0.0,1.0,6.0,9.0,8.0,1.0,0.0,6.0,197343.7408428406,23432.645305200276,7.0,220000.0,0.0,0,12.513409807787914
8811aa70abfffff,55.86814550063233,37.596660860105985,0.0,1.0,2.0,5.0,6.0,0.0,0.0,3.0,17.0,0.0,0.0,10.0,11.0,18.0,0.0,0.0,4.0,366464.89035030577,23432.645305200276,42.0,220000.0,0.0,0,12.963682087379858
8811aa70adfffff,55.85496758374507,37.586155144365094,4.0,10.0,6.0,14.0,6.0,5.0,2.0,14.0,22.0,2.0,2.0,8.0,19.0,11.0,0.0,0.0,18.0,146340.74379894216,23432.645305200276,21.0,220000.0,0.0,0,11.589991553073164
8811aa70b1fffff,55.87787055530918,37.61953115255305,0.0,1.0,1.0,3.0,3.0,1.0,3.0,2.0,58.0,0.0,1.0,8.0,5.0,6.0,0.0,0.0,0.0,44823.02489449715,23432.645305200276,7.0,0.0,2.0,1,13.99413654611774
8811aa70b3fffff,55.882732082060016,37.63097198333858,17.0,3.0,0.0,7.0,5.0,0.0,1.0,12.0,89.0,5.0,1.0,3.0,8.0,6.0,0.0,0.0,8.0,358340.629271301,23432.645305200276,10.0,0.0,0.0,0,14.565157834996866
8811aa70b5fffff,55.86955512237154,37.62044854063251,0.0,1.0,0.0,2.0,2.0,0.0,4.0,5.0,19.0,0.0,0.0,10.0,3.0,4.0,0.0,0.0,2.0,74203.40803110978,23432.645305200276,15.0,0.0,0.0,0,13.069665688425374
8811aa70b7fffff,55.87441630242088,37.63188724843112,1.0,10.0,4.0,12.0,10.0,0.0,0.0,8.0,18.0,2.0,2.0,16.0,12.0,19.0,1.0,0.0,10.0,123110.85437266233,23432.645305200276,17.0,0.0,0.0,0,13.6456291775007
8811aa70b9fffff,55.88132318552683,37.60717423656974,0.0,4.0,0.0,8.0,13.0,1.0,2.0,6.0,10.0,2.0,0.0,14.0,34.0,13.0,0.0,0.0,22.0,491496.70717042446,23432.645305200276,9.0,500000.0,27.0,1,14.386080580587949
8811aa70bbfffff,55.88618572650616,37.618613399557965,0.0,0.0,2.0,2.0,4.0,0.0,0.0,3.0,5.0,0.0,0.0,6.0,3.0,3.0,0.0,0.0,0.0,56806.700772888165,23432.645305200276,2.0,500000.0,15.0,1,14.91897070508989
8811aa70bdfffff,55.87300836121302,37.608094111799524,0.0,6.0,0.0,4.0,6.0,0.0,0.0,3.0,8.0,0.0,0.0,10.0,6.0,4.0,1.0,0.0,0.0,290394.8372568081,23432.645305200276,37.0,0.0,0.0,0,13.45884093449795
8811aa70c1fffff,55.88193818125179,37.547241651002196,1.0,26.0,0.0,8.0,8.0,1.0,3.0,8.0,5.0,1.0,1.0,13.0,7.0,8.0,0.0,0.0,14.0,276452.1386310753,23432.645305200276,32.0,0.0,0.0,0,15.067070642665264
8811aa70c3fffff,55.886805092800586,37.558668219195944,2.0,8.0,1.0,6.0,5.0,0.0,2.0,1.0,83.0,3.0,1.0,4.0,11.0,9.0,0.0,0.0,6.0,185639.74779625193,23432.645305200276,8.0,0.0,0.0,0,15.405764459978428
8811aa70c5fffff,55.873625880831106,37.54817322448867,1.0,3.0,1.0,10.0,9.0,2.0,7.0,9.0,65.0,2.0,1.0,9.0,11.0,16.0,0.0,0.0,34.0,230011.9052478977,23432.645305200276,23.0,0.0,0.0,0,14.164843706432965
8811aa70c7fffff,55.878492444236976,37.55959767576955,1.0,8.0,5.0,10.0,8.0,0.0,3.0,8.0,13.0,3.0,3.0,11.0,22.0,21.0,0.0,0.0,10.0,241579.73850512368,23432.645305200276,12.0,0.0,0.0,0,14.4928637362441
8811aa70c9fffff,55.88538229612839,37.534884813021655,4.0,3.0,2.0,9.0,7.0,0.0,2.0,6.0,34.0,1.0,4.0,9.0,13.0,8.0,2.0,1.0,6.0,289578.0314413138,23432.645305200276,37.0,0.0,0.0,0,15.6677500861125
8811aa70cbfffff,55.89025021961536,37.54630970706929,1.0,11.0,1.0,2.0,6.0,0.0,4.0,3.0,30.0,2.0,0.0,6.0,20.0,8.0,0.0,0.0,12.0,425698.7172671406,23432.645305200276,21.0,0.0,0.0,0,15.972145921385517
8811aa70cdfffff,55.877070606088544,37.535818873111666,6.0,5.0,3.0,23.0,11.0,1.0,9.0,6.0,67.0,1.0,1.0,12.0,14.0,14.0,1.0,0.0,6.0,229196.07246630907,23432.645305200276,33.0,0.0,0.0,0,14.775188908877615
8811aa70d1fffff,55.89998407381355,37.569170871642974,3.0,0.0,3.0,16.0,5.0,2.0,22.0,18.0,164.0,2.0,0.0,10.0,17.0,7.0,1.0,0.0,8.0,136150.06348579848,23432.645305200276,23.0,0.0,0.0,0,16.70939569066351
8811aa70d3fffff,55.904850002803556,37.58060714412477,1.0,7.0,2.0,5.0,8.0,0.0,2.0,3.0,18.0,0.0,2.0,7.0,7.0,11.0,1.0,0.0,6.0,156715.372607174,23432.645305200276,22.0,0.0,0.0,0,17.13674705489773
8811aa70d5fffff,55.89167133987481,37.570098578670375,0.0,2.0,1.0,8.0,2.0,0.0,6.0,2.0,58.0,1.0,0.0,7.0,4.0,9.0,0.0,0.0,4.0,195504.90466583983,23432.645305200276,12.0,0.0,0.0,0,15.788270470904687
8811aa70d7fffff,55.89653692161395,37.58153273040241,6.0,2.0,0.0,12.0,10.0,0.0,9.0,10.0,153.0,5.0,2.0,26.0,26.0,25.0,1.0,0.0,22.0,106818.38378971833,23432.645305200276,39.0,0.0,0.0,0,16.211499925178906
8811aa70d9fffff,55.903429602882795,37.556808196812675,0.0,0.0,0.0,2.0,7.0,1.0,1.0,7.0,10.0,0.0,0.0,5.0,4.0,7.0,0.0,0.0,8.0,116715.05842457151,23432.645305200276,11.0,0.0,0.0,0,17.236115103703064
8811aa70dbfffff,55.90829654499797,37.568242795499295,0.0,0.0,0.0,0.0,1.0,0.0,2.0,3.0,1.0,0.0,0.0,4.0,0.0,2.0,0.0,0.0,0.0,14203.012367191886,23432.645305200276,2.0,0.0,0.0,0,17.631147165722645
8811aa70ddfffff,55.895117479130555,37.55773839295035,1.0,5.0,0.0,12.0,3.0,0.0,3.0,2.0,25.0,1.0,2.0,9.0,7.0,7.0,0.0,0.0,16.0,236269.16263275375,23432.645305200276,12.0,0.0,0.0,0,16.320268105341995
8811aa70e1fffff,55.86186636178538,37.56145548078036,3.0,2.0,3.0,24.0,31.0,0.0,5.0,15.0,20.0,2.0,5.0,18.0,25.0,18.0,1.0,0.0,30.0,517830.2093292288,23432.645305200276,25.0,0.0,0.0,0,12.673280137213517
8811aa70e3fffff,55.86673156497361,37.57287948725078,1.0,0.0,3.0,5.0,2.0,0.0,3.0,2.0,8.0,0.0,0.0,5.0,10.0,7.0,0.0,0.0,4.0,186630.71503725965,23432.645305200276,2.0,0.0,0.0,0,13.030038722972789
8811aa70e5fffff,55.85355292858582,37.56238382965687,1.0,6.0,2.0,5.0,8.0,0.0,4.0,10.0,4.0,2.0,0.0,15.0,16.0,9.0,0.0,0.0,12.0,337545.1366318188,23432.645305200276,18.0,0.0,0.0,0,11.767571667260912
8811aa70e7fffff,55.85841778345884,37.573805720008075,0.0,2.0,0.0,0.0,6.0,0.0,0.0,4.0,5.0,0.0,0.0,4.0,4.0,4.0,0.0,0.0,14.0,147022.608092268,23432.645305200276,2.0,0.0,0.0,0,12.11301448296917
8811aa70e9fffff,55.86531331869742,37.54910442774905,3.0,14.0,6.0,26.0,14.0,3.0,6.0,16.0,32.0,8.0,1.0,18.0,40.0,13.0,0.0,0.0,12.0,1270621.9839868955,23432.645305200276,28.0,0.0,0.0,0,13.266052013518655
8811aa70ebfffff,55.87017953378385,37.56052676289111,1.0,3.0,3.0,5.0,15.0,1.0,4.0,12.0,36.0,1.0,2.0,9.0,15.0,16.0,1.0,0.0,24.0,212338.71770171577,23432.645305200276,20.0,0.0,0.0,0,13.58189476862234
8811aa70edfffff,55.85700049519493,37.55003526100351,0.0,16.0,1.0,4.0,1.0,0.0,2.0,0.0,2.0,0.0,0.0,2.0,2.0,3.0,0.0,0.0,3.0,876675.8936350066,23432.645305200276,3.0,0.0,0.0,0,12.371450445574267
8811aa7101fffff,55.78765640163732,37.5100200834833,4.0,8.0,0.0,2.0,3.0,0.0,2.0,3.0,21.0,2.0,1.0,15.0,6.0,4.0,1.0,0.0,0.0,122057.18932384244,23432.645305200276,16.0,110000.0,2.0,1,7.713256946141771
8811aa7103fffff,55.792522810011285,37.521412526835555,1.0,4.0,1.0,11.0,9.0,1.0,6.0,21.0,77.0,1.0,2.0,6.0,8.0,9.0,1.0,0.0,16.0,197772.61714855055,23432.645305200276,44.0,110000.0,0.0,0,7.422693707735143
8811aa7105fffff,55.77934316068498,37.510956757488756,2.0,5.0,1.0,14.0,19.0,1.0,3.0,8.0,17.0,3.0,1.0,13.0,29.0,17.0,0.0,0.0,10.0,169894.20475813127,23432.645305200276,20.0,110000.0,7.0,1,7.2302736948848825
8811aa7107fffff,55.784209217902806,37.52234709695966,3.0,0.0,2.0,5.0,6.0,0.0,9.0,9.0,212.0,1.0,2.0,6.0,6.0,6.0,0.0,0.0,4.0,192902.3517705055,23432.645305200276,13.0,0.0,0.0,0,6.852696377516188
8811aa7109fffff,55.791101967652416,37.497692264134336,3.0,6.0,1.0,16.0,14.0,0.0,5.0,15.0,13.0,3.0,0.0,20.0,31.0,28.0,1.0,0.0,26.0,83656.63828709938,23432.645305200276,23.0,110000.0,0.0,0,8.574285146617543
8811aa710bfffff,55.79596938433724,37.50908303793455,4.0,6.0,8.0,11.0,15.0,0.0,5.0,11.0,159.0,1.0,2.0,9.0,16.0,20.0,1.0,0.0,46.0,95639.89831901039,23432.645305200276,43.0,110000.0,0.0,0,8.272352950147292
8811aa710dfffff,55.78278933628787,37.49863141281218,0.0,4.0,0.0,2.0,1.0,0.0,1.0,3.0,5.0,0.0,0.0,6.0,2.0,4.0,1.0,0.0,2.0,173085.36993738185,23432.645305200276,7.0,110000.0,3.0,1,8.093226674064972
8811aa7111fffff,55.80570224485765,37.53187590911066,15.0,17.0,28.0,46.0,28.0,5.0,23.0,40.0,245.0,10.0,3.0,7.0,83.0,59.0,5.0,0.0,116.0,282758.42109111237,23432.645305200276,51.0,0.0,0.0,0,7.9425154545959655
8811aa7113fffff,55.81056768698008,37.543278008434704,4.0,13.0,4.0,6.0,2.0,4.0,9.0,10.0,48.0,1.0,0.0,0.0,9.0,8.0,5.0,0.0,16.0,150252.20383140817,23432.645305200276,7.0,110000.0,6.0,1,7.926071861147158
8811aa7115fffff,55.797388560553635,37.532808743842644,7.0,17.0,7.0,30.0,27.0,1.0,12.0,27.0,55.0,5.0,0.0,11.0,32.0,21.0,3.0,0.0,36.0,176205.53997040377,23432.645305200276,22.0,0.0,0.0,0,7.232348302466949
8811aa7117fffff,55.80225365240795,37.544208735477696,4.0,20.0,17.0,19.0,17.0,2.0,14.0,31.0,165.0,4.0,4.0,9.0,25.0,23.0,5.0,0.0,52.0,292623.7778640001,23432.645305200276,42.0,0.0,0.0,0,7.150256590734184
8811aa7119fffff,55.8091492185977,37.51954227403841,13.0,19.0,13.0,50.0,25.0,1.0,13.0,23.0,126.0,8.0,1.0,10.0,42.0,34.0,5.0,0.0,76.0,75845.09591910086,23432.645305200276,41.0,0.0,0.0,0,8.748166213718758
8811aa711bfffff,55.81401567021209,37.530942704150604,4.0,6.0,6.0,4.0,0.0,5.0,17.0,8.0,64.0,1.0,0.0,4.0,3.0,0.0,3.0,0.0,16.0,212649.2579640889,23432.645305200276,10.0,110000.0,1.0,1,8.693692173503024
8811aa711dfffff,55.80083614369112,37.5204775859352,13.0,6.0,9.0,39.0,18.0,3.0,18.0,36.0,165.0,8.0,1.0,12.0,24.0,36.0,2.0,0.0,64.0,175074.94994167652,23432.645305200276,33.0,0.0,0.0,0,8.05936845367089
8811aa7121fffff,55.76758125977872,37.52421512575907,1.0,5.0,0.0,3.0,0.0,0.0,3.0,2.0,3.0,0.0,0.0,9.0,2.0,1.0,0.0,0.0,14.0,78389.14138702049,23432.645305200276,17.0,0.0,0.0,0,5.98719359309114
8811aa7123fffff,55.77244595739078,37.53560502886718,0.0,6.0,0.0,3.0,8.0,0.0,1.0,5.0,4.0,1.0,1.0,9.0,14.0,5.0,0.0,0.0,13.0,197362.13490649263,23432.645305200276,19.0,0.0,0.0,0,5.504411016272
8811aa7125fffff,55.75926689445263,37.52514858487388,1.0,8.0,5.0,3.0,2.0,0.0,12.0,5.0,17.0,3.0,3.0,17.0,2.0,2.0,0.0,0.0,8.0,146494.13065759654,23432.645305200276,28.0,0.0,0.0,0,5.733302580458323
8811aa7127fffff,55.76413124073534,37.536536384883,1.0,3.0,4.0,2.0,2.0,0.0,4.0,1.0,2.0,0.0,0.0,13.0,3.0,4.0,0.0,0.0,10.0,89092.85011329265,23432.645305200276,17.0,0.0,0.0,0,5.138434907567273
8811aa7129fffff,55.77102966182489,37.51189306017135,0.0,5.0,0.0,5.0,0.0,0.0,4.0,0.0,1.0,2.0,0.0,9.0,1.0,2.0,0.0,0.0,6.0,0.0,23432.645305200276,15.0,110000.0,0.0,0,6.839557541113199
8811aa712bfffff,55.775895367710376,37.52328129652756,1.0,4.0,2.0,28.0,15.0,1.0,0.0,16.0,9.0,0.0,0.0,27.0,46.0,17.0,0.0,0.0,14.0,159687.7795619975,23432.645305200276,25.0,0.0,0.0,0,6.3673201900695595
8811aa712dfffff,55.76271590540182,37.51282899175134,0.0,9.0,1.0,4.0,2.0,0.0,0.0,7.0,35.0,0.0,0.0,2.0,5.0,4.0,0.0,2.0,10.0,6682.842103950636,23432.645305200276,2.0,0.0,2.0,1,6.557632993165232
8811aa7131fffff,55.78562480726441,37.54606908206463,2.0,4.0,0.0,1.0,0.0,0.0,4.0,1.0,1.0,0.0,0.0,8.0,1.0,1.0,2.0,0.0,2.0,232955.7965046892,23432.645305200276,16.0,110000.0,0.0,0,5.735352314582014
8811aa7133fffff,55.79048853922081,37.5574686331886,8.0,13.0,4.0,28.0,9.0,0.0,14.0,16.0,68.0,3.0,0.0,27.0,26.0,23.0,2.0,0.0,24.0,59419.847426873246,23432.645305200276,32.0,0.0,0.0,0,5.6110016874257465
8811aa7135fffff,55.77730999738241,37.546998702046814,3.0,6.0,3.0,15.0,15.0,1.0,4.0,8.0,15.0,4.0,2.0,17.0,21.0,14.0,2.0,0.0,12.0,300114.3069603476,23432.645305200276,23.0,0.0,0.0,0,5.134112167755796
8811aa7137fffff,55.7821733788976,37.55839614626859,5.0,4.0,13.0,28.0,22.0,4.0,12.0,22.0,64.0,1.0,3.0,12.0,21.0,15.0,5.0,0.0,18.0,206464.22257898885,23432.645305200276,17.0,0.0,0.0,0,4.901896066032165
8811aa7139fffff,55.78907461764471,37.53374120856634,6.0,12.0,5.0,46.0,3.0,4.0,10.0,24.0,360.0,6.0,1.0,11.0,87.0,12.0,2.0,0.0,14.0,349893.29679043934,23432.645305200276,53.0,110000.0,0.0,0,6.5765008905084805
8811aa713bfffff,55.7939393590545,37.54513909328127,4.0,12.0,8.0,19.0,12.0,3.0,15.0,11.0,21.0,1.0,0.0,6.0,14.0,16.0,1.0,0.0,16.0,544134.8837957662,23432.645305200276,28.0,0.0,0.0,0,6.414826819753149
8811aa713dfffff,55.780760416475516,37.53467330350138,1.0,1.0,7.0,0.0,4.0,0.0,0.0,6.0,2.0,0.0,3.0,8.0,11.0,8.0,0.0,0.0,5.0,401309.7004040045,23432.645305200276,32.0,0.0,0.0,0,5.992846330542955
8811aa7141fffff,55.789676835273326,37.47397831079349,1.0,3.0,12.0,5.0,9.0,0.0,2.0,9.0,76.0,0.0,1.0,6.0,10.0,13.0,0.0,0.0,14.0,424574.66146814957,23432.645305200276,8.0,110000.0,0.0,0,9.819030458766367
8811aa7143fffff,55.79454591592182,37.48536363997528,2.0,1.0,6.0,25.0,26.0,0.0,5.0,14.0,24.0,0.0,2.0,21.0,25.0,33.0,3.0,0.0,16.0,56970.830233229404,23432.645305200276,32.0,110000.0,0.0,0,9.43562664445407
8811aa7145fffff,55.781365165713645,37.474922035235075,1.0,4.0,12.0,15.0,14.0,0.0,3.0,9.0,22.0,2.0,2.0,10.0,17.0,17.0,0.0,0.0,4.0,197456.2497603638,23432.645305200276,9.0,0.0,0.0,0,9.40820287974775
8811aa7147fffff,55.78623389449266,37.486305263559665,1.0,3.0,5.0,4.0,4.0,0.0,9.0,7.0,20.0,1.0,0.0,5.0,5.0,9.0,0.0,0.0,8.0,86273.04995649915,23432.645305200276,7.0,110000.0,0.0,0,8.956151556073355
8811aa7149fffff,55.79311815860418,37.46165055557638,0.0,6.0,6.0,1.0,1.0,0.0,1.0,5.0,3.0,0.0,1.0,10.0,5.0,7.0,0.0,0.0,2.0,351471.66271568683,23432.645305200276,12.0,0.0,0.0,0,10.68185127511299
8811aa714bfffff,55.797988246419585,37.47303421206906,0.0,1.0,0.0,2.0,2.0,0.0,6.0,2.0,3.0,0.0,1.0,3.0,3.0,1.0,0.0,0.0,4.0,325633.4896735352,23432.645305200276,11.0,110000.0,0.0,0,10.297178701674293
8811aa714dfffff,55.784807099506175,37.46259675440402,1.0,6.0,15.0,5.0,7.0,0.0,2.0,9.0,24.0,0.0,1.0,11.0,10.0,10.0,0.0,0.0,4.0,206828.624004362,23432.645305200276,17.0,0.0,0.0,0,10.266582777277945
8811aa7151fffff,55.807726454774276,37.4958128489661,11.0,2.0,0.0,25.0,8.0,0.0,7.0,14.0,30.0,9.0,0.0,15.0,16.0,17.0,3.0,0.0,16.0,237274.38068202906,23432.645305200276,27.0,110000.0,0.0,0,9.732093621325191
8811aa7153fffff,55.81259457360144,37.50720783132456,2.0,1.0,7.0,7.0,5.0,2.0,11.0,8.0,11.0,0.0,0.0,7.0,6.0,13.0,2.0,0.0,2.0,227018.42306767395,23432.645305200276,8.0,110000.0,0.0,0,9.563799124326987
8811aa7155fffff,55.79941434059608,37.49675274292605,2.0,6.0,5.0,7.0,11.0,1.0,4.0,11.0,26.0,4.0,1.0,15.0,12.0,10.0,1.0,0.0,16.0,118170.45726109213,23432.645305200276,29.0,110000.0,0.0,0,9.124483091096991
8811aa7157fffff,55.804282108440134,37.508145620621896,12.0,10.0,1.0,41.0,19.0,3.0,9.0,35.0,121.0,9.0,0.0,26.0,48.0,34.0,0.0,0.0,52.0,144032.41809439496,23432.645305200276,39.0,0.0,0.0,0,8.893209780422502
8811aa7159fffff,55.811169182667435,37.483479272031616,5.0,13.0,1.0,16.0,9.0,3.0,5.0,9.0,71.0,9.0,1.0,18.0,14.0,4.0,0.0,0.0,10.0,193880.41922339314,23432.645305200276,43.0,110000.0,0.0,0,10.574796513028186
8811aa715bfffff,55.816038309842504,37.49487258203313,4.0,1.0,3.0,28.0,19.0,1.0,16.0,13.0,47.0,29.0,0.0,28.0,28.0,17.0,0.0,0.0,18.0,122124.21962258808,23432.645305200276,51.0,110000.0,0.0,0,10.387039027752278
8811aa715dfffff,55.802857678761576,37.484421642873194,4.0,2.0,3.0,15.0,5.0,5.0,7.0,16.0,29.0,1.0,2.0,13.0,15.0,11.0,0.0,0.0,18.0,291322.2975433221,23432.645305200276,34.0,0.0,0.0,0,9.97842623999865
8811aa7161fffff,55.76960907724446,37.488187391061565,0.0,5.0,0.0,4.0,6.0,1.0,0.0,5.0,16.0,0.0,0.0,9.0,10.0,10.0,0.0,0.0,0.0,555313.3926685256,23432.645305200276,12.0,0.0,0.0,0,8.23013185358774
8811aa7163fffff,55.77447644684704,37.49957018918058,0.0,10.0,1.0,5.0,3.0,1.0,2.0,5.0,21.0,0.0,1.0,11.0,10.0,16.0,2.0,0.0,14.0,87242.33490633378,23432.645305200276,20.0,110000.0,0.0,0,7.694296428125334
8811aa7165fffff,55.76129628211471,37.48912789542179,0.0,1.0,0.0,2.0,2.0,0.0,2.0,1.0,0.0,0.0,0.0,5.0,7.0,6.0,0.0,0.0,2.0,220725.7242484048,23432.645305200276,3.0,0.0,0.0,0,8.0047602819462
8811aa7167fffff,55.766163299674616,37.5005085934604,0.0,10.0,3.0,2.0,1.0,0.0,0.0,0.0,5.0,0.0,0.0,2.0,1.0,3.0,0.0,0.0,0.0,174452.32021355475,23432.645305200276,4.0,110000.0,0.0,0,7.390815465965049
8811aa7169fffff,55.773053238085105,37.47586538561583,4.0,14.0,3.0,8.0,10.0,0.0,5.0,10.0,82.0,1.0,2.0,12.0,17.0,18.0,0.0,0.0,8.0,399184.89985927974,23432.645305200276,22.0,0.0,0.0,0,9.073852828735323
8811aa716bfffff,55.777921614818666,37.48724651384794,4.0,3.0,2.0,11.0,7.0,0.0,0.0,11.0,28.0,2.0,1.0,10.0,13.0,8.0,0.0,0.0,8.0,224823.43611915107,23432.645305200276,11.0,0.0,0.0,0,8.55066904270506
8811aa716dfffff,55.76474105273231,37.47680836215761,0.0,1.0,1.0,0.0,2.0,0.0,0.0,1.0,0.0,0.0,0.0,6.0,0.0,1.0,0.0,0.0,0.0,64054.29116494955,23432.645305200276,5.0,0.0,0.0,0,8.824685783576736
8811aa7181fffff,55.82170741580239,37.5898464677411,0.0,21.0,1.0,8.0,6.0,2.0,5.0,9.0,21.0,0.0,2.0,18.0,14.0,16.0,1.0,0.0,4.0,570761.9576288658,23432.645305200276,43.0,0.0,0.0,0,7.905668364578444
8811aa7183fffff,55.82656920135659,37.60126534709378,7.0,10.0,2.0,7.0,2.0,0.0,8.0,13.0,466.0,6.0,1.0,8.0,5.0,4.0,0.0,0.0,8.0,644696.496458027,23432.645305200276,16.0,0.0,0.0,0,8.328803954418781
8811aa7185fffff,55.81339172423615,37.59076838265369,3.0,9.0,5.0,7.0,12.0,2.0,9.0,14.0,147.0,14.0,3.0,12.0,23.0,21.0,5.0,0.0,14.0,186918.7398232507,23432.645305200276,39.0,220000.0,5.0,1,6.988827653626265
8811aa7187fffff,55.81825316112989,37.60218514747769,4.0,8.0,0.0,10.0,4.0,0.0,25.0,9.0,22.0,0.0,0.0,10.0,12.0,4.0,1.0,0.0,18.0,576157.1351232278,23432.645305200276,25.0,110000.0,1.0,1,7.402223097413485
8811aa7189fffff,55.82516005050977,37.57750697302826,4.0,5.0,5.0,7.0,10.0,0.0,8.0,7.0,27.0,2.0,0.0,13.0,13.0,18.0,1.0,0.0,24.0,526822.7903343831,23432.645305200276,21.0,220000.0,0.0,0,8.467429012200895
8811aa718bfffff,55.83002284788099,37.58892418667373,0.0,0.0,1.0,5.0,7.0,1.0,2.0,3.0,109.0,0.0,0.0,9.0,5.0,10.0,1.0,0.0,2.0,637063.7452440688,23432.645305200276,21.0,0.0,0.0,0,8.824743755921743
8811aa718dfffff,55.81684496727232,37.5784313678738,3.0,5.0,7.0,23.0,18.0,0.0,5.0,15.0,21.0,5.0,1.0,21.0,26.0,37.0,2.0,0.0,68.0,540763.3254642539,23432.645305200276,25.0,220000.0,0.0,0,7.565779259126361
8811aa7191fffff,55.83974645176446,37.61176995796315,5.0,0.0,0.0,6.0,0.0,3.0,2.0,2.0,73.0,11.0,0.0,2.0,2.0,1.0,0.0,0.0,0.0,43123.30375027487,23432.645305200276,1.0,0.0,0.0,0,9.75021664008014
8811aa7193fffff,55.844607256558504,37.6231985175475,1.0,4.0,0.0,3.0,1.0,0.0,25.0,3.0,18.0,0.0,0.0,6.0,4.0,3.0,1.0,0.0,2.0,132844.68918691092,23432.645305200276,16.0,220000.0,0.0,0,10.299484877751802
8811aa7195fffff,55.83143032307627,37.61268800690166,14.0,0.0,2.0,19.0,0.0,0.0,25.0,15.0,466.0,16.0,2.0,5.0,7.0,3.0,0.0,0.0,0.0,127864.3260504785,23432.645305200276,1.0,0.0,0.0,0,8.823239781315003
8811aa7197fffff,55.836290780102416,37.624114448134,21.0,4.0,0.0,33.0,0.0,6.0,36.0,7.0,167.0,4.0,1.0,9.0,6.0,2.0,0.0,0.0,0.0,368164.2562942011,23432.645305200276,1.0,0.0,0.0,0,9.37772585938423
8811aa7199fffff,55.84320050247209,37.59942464996467,0.0,0.0,0.0,0.0,0.0,0.0,0.0,0.0,14.0,0.0,0.0,0.0,0.0,0.0,0.0,0.0,0.0,0.0,23432.645305200276,0.0,220000.0,1.0,1,10.182490481954225
8811aa719bfffff,55.84806232026676,37.610851544200806,0.0,6.0,0.0,6.0,1.0,0.0,1.0,2.0,8.0,0.0,0.0,4.0,5.0,4.0,0.0,0.0,0.0,347151.3153396613,23432.645305200276,4.0,220000.0,0.0,0,10.677290943201578
8811aa719dfffff,55.83488498191886,37.600345181328535,0.0,0.0,0.0,1.0,1.0,0.0,2.0,1.0,16.0,1.0,0.0,2.0,3.0,2.0,0.0,0.0,0.0,39834.41075314582,23432.645305200276,2.0,0.0,0.0,0,9.255579979686592
8811aa71a1fffff,55.801620303061895,37.6040236529698,2.0,9.0,5.0,3.0,4.0,3.0,6.0,5.0,52.0,0.0,1.0,1.0,7.0,5.0,0.0,0.0,6.0,529258.7790604687,23432.645305200276,27.0,220000.0,0.0,0,5.550092068216926
8811aa71a3fffff,55.80648037934261,37.61543996694197,2.0,22.0,3.0,19.0,10.0,1.0,3.0,5.0,23.0,0.0,2.0,10.0,38.0,12.0,1.0,0.0,30.0,516249.63918940903,23432.645305200276,39.0,220000.0,1.0,1,6.043466989541524
8811aa71a5fffff,55.793303485910144,37.604942358511714,8.0,11.0,5.0,35.0,15.0,1.0,5.0,21.0,43.0,0.0,4.0,23.0,36.0,31.0,3.0,0.0,46.0,315080.9551077427,23432.645305200276,47.0,0.0,0.0,0,4.624987103976568
8811aa71a7fffff,55.79816321335744,37.61635655875208,3.0,8.0,2.0,26.0,14.0,2.0,7.0,8.0,48.0,5.0,1.0,14.0,53.0,20.0,2.0,0.0,24.0,522722.80530213803,23432.645305200276,66.0,220000.0,0.0,0,5.117660336337304
8811aa71a9fffff,55.805075773526916,37.59168993162903,5.0,17.0,3.0,40.0,2.0,6.0,20.0,28.0,17.0,4.0,3.0,5.0,35.0,9.0,0.0,0.0,42.0,573702.9859856729,23432.645305200276,43.0,220000.0,1.0,1,6.075245811330711
8811aa71abfffff,55.80993686158342,37.60310458269739,2.0,17.0,1.0,5.0,4.0,2.0,5.0,1.0,4.0,2.0,0.0,11.0,7.0,5.0,0.0,0.0,10.0,145936.40720869374,23432.645305200276,19.0,220000.0,6.0,1,6.475932798910085
8811aa71adfffff,55.796759564019446,37.5926111148845,1.0,4.0,3.0,55.0,10.0,0.0,17.0,10.0,28.0,2.0,0.0,15.0,78.0,29.0,1.0,0.0,20.0,773958.3964104675,23432.645305200276,32.0,110000.0,0.0,0,5.166666368736896
8811aa71b1fffff,55.819657047480156,37.62594521802819,4.0,11.0,10.0,7.0,9.0,0.0,3.0,9.0,114.0,1.0,1.0,14.0,17.0,23.0,2.0,0.0,18.0,856874.9813556093,23432.645305200276,27.0,0.0,0.0,0,7.538519265005025
8811aa71b3fffff,55.824516143603155,37.63737120422595,7.0,2.0,1.0,16.0,3.0,1.0,18.0,6.0,192.0,15.0,0.0,29.0,19.0,11.0,0.0,0.0,10.0,505093.89439360466,23432.645305200276,61.0,0.0,0.0,0,8.16654986387431
8811aa71b5fffff,55.81133979200339,37.62686005776826,4.0,3.0,1.0,12.0,3.0,0.0,2.0,3.0,10.0,1.0,1.0,7.0,10.0,10.0,0.0,0.0,30.0,281481.49710182496,23432.645305200276,24.0,110000.0,5.0,1,6.622291964077217
8811aa71b7fffff,55.816198540185724,37.638283926415404,4.0,3.0,3.0,17.0,9.0,0.0,44.0,12.0,110.0,3.0,0.0,17.0,20.0,17.0,3.0,0.0,36.0,202698.7413420013,23432.645305200276,35.0,110000.0,5.0,1,7.266201913381627
8811aa71b9fffff,55.82311393454677,37.6136056912332,6.0,5.0,0.0,5.0,2.0,1.0,51.0,2.0,229.0,11.0,0.0,14.0,4.0,2.0,0.0,1.0,6.0,729634.6959139459,23432.645305200276,21.0,0.0,0.0,0,7.89640423886971
8811aa71bbfffff,55.827974043628075,37.62503001488881,3.0,2.0,2.0,13.0,3.0,0.0,36.0,13.0,239.0,5.0,0.0,10.0,10.0,3.0,1.0,0.0,10.0,368559.2352384723,23432.645305200276,12.0,0.0,0.0,0,8.457244627407007
8811aa71bdfffff,55.814797286520644,37.61452301117446,5.0,8.0,2.0,2.0,4.0,2.0,7.0,8.0,61.0,2.0,0.0,6.0,10.0,3.0,0.0,0.0,8.0,283201.9624781189,23432.645305200276,33.0,110000.0,7.0,1,6.969777193873438
8811aa71c1fffff,55.82374659438284,37.55375489835936,1.0,3.0,0.0,1.0,0.0,0.0,1.0,0.0,10.0,0.0,0.0,5.0,2.0,2.0,0.0,0.0,0.0,144818.62318093263,23432.645305200276,1.0,0.0,0.0,0,8.860447476923419
8811aa71c3fffff,55.82861106522402,37.5651666644032,0.0,0.0,1.0,1.0,5.0,1.0,0.0,2.0,19.0,0.0,1.0,4.0,13.0,7.0,0.0,0.0,4.0,366632.53155098594,23432.645305200276,11.0,0.0,0.0,0,9.076656626299581
8811aa71c5fffff,55.81543246920129,37.55468388488061,0.0,0.0,2.0,4.0,3.0,2.0,4.0,2.0,16.0,3.0,0.0,4.0,2.0,2.0,0.0,0.0,2.0,124522.21805635093,23432.645305200276,2.0,0.0,0.0,0,8.010680752086225
8811aa71c7fffff,55.82029659066381,37.56609353942108,0.0,1.0,4.0,5.0,5.0,2.0,4.0,8.0,23.0,0.0,0.0,17.0,5.0,12.0,0.0,0.0,12.0,236701.21349954983,23432.645305200276,24.0,0.0,0.0,0,8.193236266275296
8811aa71c9fffff,55.82719497840199,37.541415445752875,0.0,0.0,3.0,3.0,0.0,2.0,3.0,0.0,12.0,5.0,15.0,0.0,3.0,0.0,0.0,0.0,0.0,9081.59081555851,23432.645305200276,1.0,0.0,0.0,0,9.559066169908458
8811aa71cbfffff,55.83206045991744,37.5528255429304,1.0,0.0,0.0,1.0,0.0,2.0,8.0,3.0,10.0,1.0,1.0,10.0,2.0,1.0,1.0,0.0,2.0,48799.03033690724,23432.645305200276,19.0,0.0,0.0,0,9.724408460772143
8811aa71cdfffff,55.818881462426276,37.542346911932945,0.0,0.0,0.0,5.0,0.0,2.0,0.0,0.0,26.0,1.0,0.0,0.0,0.0,0.0,0.0,0.0,0.0,0.0,23432.645305200276,0.0,220000.0,0.0,0,8.731505641670912
8811aa71d1fffff,55.84178943767347,37.575657081682614,6.0,4.0,4.0,36.0,18.0,5.0,2.0,26.0,23.0,4.0,2.0,10.0,49.0,26.0,1.0,0.0,52.0,319606.36484261433,23432.645305200276,52.0,220000.0,1.0,1,10.28450563522264
8811aa71d3fffff,55.846652932196854,37.58707852520369,3.0,14.0,2.0,10.0,3.0,4.0,7.0,7.0,65.0,8.0,2.0,24.0,24.0,5.0,0.0,0.0,26.0,424577.37090075715,23432.645305200276,57.0,220000.0,5.0,1,10.66725875172718
8811aa71d5fffff,55.83347487409168,37.57658221103729,3.0,6.0,0.0,2.0,3.0,2.0,6.0,4.0,10.0,8.0,2.0,20.0,8.0,8.0,1.0,0.0,8.0,276134.32750999206,23432.645305200276,15.0,220000.0,7.0,1,9.374117793981283
8811aa71d7fffff,55.83833802012732,37.588001539233886,0.0,1.0,2.0,0.0,1.0,1.0,0.0,0.0,11.0,0.0,1.0,5.0,1.0,0.0,0.0,0.0,0.0,177257.47374716596,23432.645305200276,3.0,220000.0,1.0,1,9.745413876671893
8811aa71d9fffff,55.84523923452949,37.563311809740064,3.0,9.0,2.0,15.0,7.0,2.0,8.0,13.0,12.0,4.0,0.0,9.0,11.0,20.0,1.0,0.0,18.0,233695.82432332684,23432.645305200276,35.0,220000.0,0.0,0,10.865503100489748
8811aa71dbfffff,55.85010374091067,37.574731584745756,2.0,21.0,0.0,9.0,4.0,0.0,4.0,7.0,8.0,2.0,2.0,23.0,26.0,13.0,0.0,0.0,14.0,223086.3419059154,23432.645305200276,55.0,220000.0,0.0,0,11.197683616754576
8811aa71ddfffff,55.836925279960745,37.564239421249155,1.0,1.0,0.0,3.0,0.0,2.0,1.0,3.0,3.0,0.0,0.0,4.0,10.0,0.0,1.0,0.0,0.0,137233.65334982186,23432.645305200276,10.0,220000.0,0.0,0,9.968070264734198
8811aa71e1fffff,55.80366686345119,37.56794618592301,4.0,21.0,11.0,13.0,12.0,5.0,18.0,11.0,53.0,7.0,3.0,15.0,15.0,31.0,4.0,0.0,54.0,408681.80956046324,23432.645305200276,36.0,110000.0,4.0,1,6.463515688360369
8811aa71e3fffff,55.80852962472392,37.579355395792035,10.0,11.0,1.0,51.0,18.0,4.0,18.0,29.0,44.0,15.0,2.0,24.0,114.0,29.0,0.0,0.0,46.0,415783.68464494694,23432.645305200276,50.0,220000.0,7.0,1,6.6712232726229175
8811aa71e5fffff,55.79535161148808,37.568871957843974,2.0,16.0,24.0,20.0,15.0,1.0,9.0,15.0,43.0,7.0,1.0,19.0,21.0,32.0,3.0,0.0,30.0,210015.2378537673,23432.645305200276,64.0,110000.0,0.0,0,5.628661005636651
8811aa71e7fffff,55.80021402320923,37.580279057000915,3.0,23.0,2.0,52.0,13.0,3.0,12.0,35.0,39.0,7.0,3.0,13.0,41.0,30.0,1.0,0.0,70.0,528525.0646187528,23432.645305200276,40.0,110000.0,0.0,0,5.787064595966487
8811aa71e9fffff,55.80711808471735,37.5556125027133,5.0,3.0,4.0,13.0,6.0,4.0,29.0,2.0,23.0,1.0,1.0,8.0,10.0,10.0,2.0,0.0,18.0,247810.59835413704,23432.645305200276,15.0,110000.0,5.0,1,7.1801601712368175
8811aa71ebfffff,55.81198185662467,37.5670200465215,1.0,4.0,16.0,21.0,23.0,2.0,3.0,28.0,43.0,6.0,3.0,14.0,27.0,34.0,3.0,0.0,36.0,121110.76119579328,23432.645305200276,28.0,110000.0,1.0,1,7.3207137831377525
8811aa71edfffff,55.798803441275645,37.556540752076366,1.0,7.0,10.0,22.0,12.0,5.0,9.0,11.0,80.0,5.0,1.0,17.0,19.0,18.0,1.0,0.0,38.0,293577.85908864264,23432.645305200276,45.0,0.0,0.0,0,6.376422307357416
8811aa7201fffff,55.869896872604784,37.417019863658105,0.0,0.0,0.0,2.0,0.0,3.0,1.0,0.0,1.0,0.0,0.0,0.0,0.0,0.0,0.0,0.0,0.0,0.0,23432.645305200276,0.0,0.0,0.0,0,18.075678659448677
8811aa7203fffff,55.87477279433554,37.42841530451006,0.0,4.0,0.0,5.0,0.0,0.0,4.0,2.0,1.0,0.0,0.0,0.0,1.0,4.0,0.0,0.0,0.0,231564.51342473814,23432.645305200276,0.0,0.0,0.0,0,17.998769800468573
8811aa7205fffff,55.86158972931522,37.41797651917649,4.0,1.0,3.0,2.0,4.0,0.0,2.0,4.0,15.0,3.0,1.0,15.0,3.0,8.0,0.0,0.0,2.0,180615.37070270214,23432.645305200276,28.0,0.0,0.0,0,17.374925007380316
8811aa7207fffff,55.86646529986723,37.42936985607507,1.0,3.0,1.0,8.0,4.0,1.0,1.0,11.0,34.0,2.0,0.0,4.0,6.0,14.0,1.0,0.0,14.0,0.0,23432.645305200276,11.0,0.0,0.0,0,17.26828359610793
8811aa7209fffff,55.873326825016626,37.40466907120136,0.0,0.0,0.0,0.0,0.0,0.0,0.0,0.0,0.0,0.0,0.0,0.0,0.0,0.0,0.0,0.0,0.0,0.0,23432.645305200276,0.0,0.0,2.0,1,18.88784842865625
8811aa720bfffff,55.87820375405389,37.41606282810775,0.0,0.0,0.0,0.0,0.0,0.0,0.0,0.0,1.0,0.0,0.0,0.0,1.0,0.0,0.0,0.0,2.0,209396.62680680363,23432.645305200276,0.0,0.0,1.0,1,18.795999417212812
8811aa7215fffff,55.87964805925994,37.439814533486846,0.0,1.0,0.0,0.0,0.0,0.0,1.0,0.0,0.0,1.0,0.0,4.0,0.0,0.0,0.0,0.0,0.0,196210.24839821184,23432.645305200276,2.0,220000.0,5.0,1,17.96631247819883
8811aa7217fffff,55.88452266652007,37.45121755157479,0.0,1.0,0.0,6.0,0.0,0.0,2.0,4.0,0.0,0.0,0.0,3.0,3.0,1.0,0.0,0.0,2.0,165429.2019542195,23432.645305200276,5.0,110000.0,1.0,1,17.978558444387183
8811aa7221fffff,55.84984952625774,37.43127782230974,7.0,2.0,9.0,25.0,14.0,1.0,5.0,19.0,44.0,10.0,5.0,8.0,31.0,40.0,6.0,0.0,18.0,123435.26817949649,23432.645305200276,40.0,0.0,0.0,0,15.868906056989783
8811aa7223fffff,55.85472373818314,37.44267073714526,21.0,19.0,3.0,29.0,18.0,2.0,26.0,26.0,338.0,42.0,3.0,21.0,79.0,47.0,2.0,0.0,64.0,372084.64321699896,23432.645305200276,35.0,0.0,0.0,0,15.744679454547667
8811aa7225fffff,55.841541247804464,37.4322312374296,2.0,21.0,6.0,5.0,2.0,2.0,8.0,4.0,10.0,1.0,0.0,8.0,3.0,8.0,1.0,0.0,4.0,154891.10645230027,23432.645305200276,7.0,110000.0,15.0,1,15.205694313653265
8811aa7227fffff,55.84641510837874,37.44362204908411,9.0,13.0,14.0,66.0,29.0,1.0,7.0,39.0,156.0,15.0,6.0,20.0,120.0,46.0,4.0,0.0,38.0,153438.01956113777,23432.645305200276,73.0,110000.0,0.0,0,15.045467508992827
8811aa7229fffff,55.85328232452903,37.41893279488868,1.0,2.0,3.0,15.0,12.0,1.0,1.0,9.0,16.0,1.0,2.0,8.0,14.0,18.0,2.0,0.0,4.0,96717.0531775239,23432.645305200276,32.0,0.0,0.0,0,16.696206931522454
8811aa722bfffff,55.85815754372666,37.430324028599905,6.0,6.0,8.0,12.0,13.0,1.0,3.0,11.0,59.0,14.0,2.0,27.0,11.0,28.0,1.0,0.0,12.0,295142.4952799054,23432.645305200276,25.0,0.0,0.0,0,16.557447151439003
8811aa722dfffff,55.844974658590154,37.419888691020276,0.0,9.0,2.0,4.0,7.0,1.0,3.0,8.0,10.0,1.0,0.0,10.0,6.0,9.0,3.0,0.0,6.0,107215.37036927015,23432.645305200276,24.0,0.0,0.0,0,16.04232623895995
8811aa7231fffff,55.867906012974025,37.45311785222152,6.0,2.0,1.0,2.0,0.0,0.0,3.0,6.0,17.0,0.0,0.0,3.0,2.0,2.0,0.0,0.0,2.0,489527.13628524786,23432.645305200276,5.0,0.0,0.0,0,16.423813020549463
8811aa7233fffff,55.87277926130872,37.46452044410135,2.0,4.0,6.0,4.0,3.0,1.0,2.0,11.0,21.0,1.0,0.0,8.0,6.0,4.0,0.0,0.0,4.0,208920.23176963115,23432.645305200276,26.0,220000.0,16.0,1,16.430133087703904
8811aa7235fffff,55.85959729350926,37.454067436511146,4.0,1.0,0.0,21.0,3.0,0.0,10.0,8.0,150.0,4.0,1.0,3.0,8.0,10.0,0.0,0.0,2.0,78931.73614797201,23432.645305200276,9.0,0.0,0.0,0,15.670829018986804
8811aa7237fffff,55.86447019137869,37.465467921391166,2.0,8.0,2.0,11.0,8.0,0.0,6.0,9.0,28.0,7.0,3.0,12.0,24.0,13.0,2.0,0.0,8.0,846454.1801167126,23432.645305200276,38.0,0.0,0.0,0,15.648080657967563
8811aa7239fffff,55.87134021396768,37.44076697957131,0.0,3.0,8.0,0.0,2.0,0.0,2.0,1.0,15.0,2.0,0.0,6.0,2.0,3.0,0.0,0.0,2.0,188097.16781791087,23432.645305200276,8.0,0.0,0.0,0,17.20773746233095
8811aa723bfffff,55.87621447075893,37.45216789065086,0.0,10.0,0.0,3.0,0.0,0.0,0.0,1.0,2.0,0.0,0.0,3.0,1.0,1.0,0.0,0.0,0.0,803759.1877131427,23432.645305200276,11.0,220000.0,19.0,1,17.193785078759202
8811aa723dfffff,55.86303210682744,37.44171904738252,10.0,10.0,9.0,33.0,15.0,2.0,9.0,19.0,126.0,12.0,0.0,20.0,45.0,33.0,1.0,0.0,22.0,341460.0829679896,23432.645305200276,26.0,0.0,0.0,0,16.466380708833377
8811aa7241fffff,55.87187656611693,37.38092919633089,0.0,0.0,0.0,0.0,0.0,0.0,0.0,0.0,0.0,0.0,0.0,0.0,0.0,0.0,0.0,0.0,0.0,0.0,23432.645305200276,0.0,220000.0,0.0,0,19.849658973696723
8811aa7243fffff,55.87675515707963,37.392317479775016,0.0,0.0,0.0,0.0,0.0,0.0,1.0,0.0,2.0,0.0,0.0,0.0,0.0,0.0,0.0,0.0,0.0,0.0,23432.645305200276,0.0,0.0,0.0,0,19.70418987881425
8811aa7245fffff,55.863571001461345,37.38189291943178,0.0,0.0,0.0,0.0,0.0,0.0,0.0,0.0,0.0,0.0,0.0,0.0,2.0,0.0,0.0,0.0,0.0,10081.943130125976,23432.645305200276,0.0,220000.0,0.0,0,19.19614936106975
8811aa724bfffff,55.88018186877097,37.37996509044968,0.0,0.0,0.0,0.0,0.0,5.0,2.0,0.0,3.0,0.0,0.0,0.0,0.0,0.0,0.0,0.0,4.0,0.0,23432.645305200276,0.0,0.0,0.0,0,20.524193117627096
8811aa724dfffff,55.866997321068304,37.369544700112506,0.0,0.0,0.0,1.0,3.0,0.0,1.0,2.0,5.0,0.0,0.0,2.0,1.0,2.0,0.0,0.0,4.0,150406.6540384583,23432.645305200276,5.0,220000.0,7.0,1,20.034184844190857
8811aa7251fffff,55.88993909882968,37.402749650417746,0.0,3.0,2.0,1.0,4.0,0.0,1.0,2.0,3.0,1.0,0.0,7.0,2.0,5.0,0.0,0.0,0.0,248009.57201902027,23432.645305200276,17.0,0.0,0.0,0,20.326849901128256
8811aa7255fffff,55.88163309309937,37.403709551434766,1.0,3.0,0.0,2.0,2.0,0.0,1.0,3.0,6.0,0.0,2.0,4.0,3.0,2.0,0.0,0.0,4.0,0.0,23432.645305200276,6.0,0.0,0.0,0,19.598657364487185
8811aa7257fffff,55.88651037331877,37.41510541229943,0.0,0.0,0.0,0.0,0.0,0.0,0.0,0.0,0.0,0.0,0.0,0.0,0.0,0.0,0.0,0.0,0.0,0.0,23432.645305200276,1.0,0.0,0.0,0,19.533718853308343
8811aa7259fffff,55.89336620329754,37.39039308910593,2.0,1.0,3.0,11.0,3.0,0.0,3.0,8.0,53.0,6.0,0.0,9.0,6.0,7.0,1.0,0.0,4.0,193082.4287617589,23432.645305200276,9.0,0.0,0.0,0,21.125308487089665
8811aa725bfffff,55.89824484186391,37.401789367923584,0.0,7.0,0.0,6.0,5.0,0.0,0.0,5.0,5.0,0.0,2.0,8.0,4.0,2.0,0.0,0.0,0.0,234399.97249932526,23432.645305200276,18.0,0.0,0.0,0,21.07062018707644
8811aa725dfffff,55.88506081144889,37.39135547556196,0.0,0.0,0.0,3.0,4.0,0.0,4.0,1.0,3.0,0.0,0.0,7.0,1.0,3.0,0.0,0.0,2.0,32241.07707961995,23432.645305200276,11.0,0.0,0.0,0,20.406090907072485
8811aa7261fffff,55.85183662228514,37.39520120122693,0.0,6.0,0.0,1.0,1.0,2.0,8.0,1.0,2.0,0.0,0.0,8.0,1.0,0.0,0.0,0.0,2.0,3390.292330380976,23432.645305200276,1.0,0.0,3.0,1,17.722761338789972
8811aa7263fffff,55.8567135031689,37.40658696788935,1.0,7.0,3.0,4.0,4.0,1.0,0.0,4.0,19.0,0.0,2.0,17.0,6.0,8.0,0.0,0.0,6.0,239952.57187282978,23432.645305200276,18.0,0.0,0.0,0,17.526809028253197
8811aa7265fffff,55.843529921270736,37.39616167873775,0.0,1.0,0.0,1.0,1.0,0.0,1.0,2.0,10.0,1.0,0.0,1.0,0.0,6.0,0.0,0.0,2.0,99577.66562221799,23432.645305200276,15.0,220000.0,6.0,1,17.111721215302744
8811aa7267fffff,55.848406450091524,37.407545345263316,0.0,3.0,1.0,2.0,1.0,0.0,5.0,2.0,3.0,0.0,0.0,15.0,7.0,4.0,0.0,0.0,2.0,151738.94048493676,23432.645305200276,24.0,0.0,0.0,0,16.881472295581897
8811aa7269fffff,55.855265175147935,37.382856259979725,0.0,1.0,0.0,0.0,0.0,0.0,0.0,0.0,2.0,0.0,0.0,0.0,1.0,1.0,0.0,0.0,2.0,0.0,23432.645305200276,1.0,0.0,4.0,1,18.565888659177222
8811aa726dfffff,55.84695908752051,37.3838192182019,2.0,5.0,0.0,2.0,0.0,1.0,4.0,1.0,2.0,0.0,0.0,4.0,8.0,4.0,0.0,0.0,4.0,938597.5772136532,23432.645305200276,11.0,220000.0,14.0,1,17.96132865758487
8811aa7285fffff,55.89570490766687,37.49780943049642,2.0,1.0,0.0,1.0,0.0,0.0,1.0,0.0,1.0,0.0,0.0,0.0,2.0,0.0,0.0,0.0,0.0,92977.93625008967,23432.645305200276,0.0,0.0,0.0,0,17.60080355434957
8811aa7287fffff,55.90057586503507,37.5092292942584,0.0,0.0,0.0,0.0,0.0,0.0,2.0,0.0,0.0,0.0,0.0,0.0,0.0,0.0,0.0,0.0,0.0,0.0,23432.645305200276,0.0,0.0,0.0,0,17.814355582199223
8811aa7293fffff,55.92693680607719,37.53020893653326,0.0,0.0,0.0,0.0,0.0,0.0,2.0,0.0,1.0,0.0,0.0,4.0,2.0,0.0,0.0,0.0,0.0,17205.720300911657,23432.645305200276,11.0,0.0,0.0,0,20.177160117704315
8811aa7297fffff,55.91862643060054,37.53114485604063,4.0,0.0,0.0,1.0,0.0,0.0,1.0,0.0,29.0,0.0,0.0,3.0,0.0,0.0,0.0,0.0,2.0,433476.8820180646,23432.645305200276,8.0,0.0,0.0,0,19.27052909814533
8811aa729bfffff,55.93037624262994,37.517838837271206,0.0,0.0,0.0,0.0,0.0,0.0,0.0,0.0,0.0,0.0,0.0,1.0,0.0,0.0,0.0,0.0,0.0,0.0,23432.645305200276,0.0,0.0,0.0,0,20.761851038276777
8811aa72a1fffff,55.88395519112844,37.51110773570907,2.0,3.0,0.0,3.0,2.0,0.0,0.0,1.0,26.0,0.0,0.0,9.0,4.0,3.0,0.0,0.0,2.0,689476.2125699957,23432.645305200276,7.0,220000.0,12.0,1,16.065381234553463
8811aa72a3fffff,55.888824788840395,37.52252716289726,0.0,6.0,0.0,15.0,13.0,0.0,0.0,8.0,46.0,0.0,2.0,14.0,15.0,14.0,0.0,0.0,16.0,398919.36831457826,23432.645305200276,20.0,0.0,7.0,1,16.29195897393591
8811aa72a5fffff,55.87564446067899,37.51204639651136,0.0,0.0,1.0,4.0,7.0,0.0,5.0,0.0,15.0,0.0,1.0,13.0,4.0,15.0,2.0,0.0,5.0,129674.59844824589,23432.645305200276,27.0,0.0,0.0,0,15.200219347081559
8811aa72a7fffff,55.8805137095297,37.52346370982877,1.0,3.0,4.0,11.0,14.0,1.0,3.0,10.0,24.0,1.0,2.0,8.0,17.0,20.0,3.0,0.0,12.0,119950.9807076415,23432.645305200276,18.0,0.0,0.0,0,15.409659264706814
8811aa72a9fffff,55.88739505085898,37.4987509518221,0.0,1.0,0.0,1.0,1.0,0.0,2.0,1.0,2.0,0.0,0.0,2.0,6.0,0.0,0.0,0.0,2.0,503430.46337667503,23432.645305200276,3.0,220000.0,13.0,1,16.739842795300454
8811aa72abfffff,55.89226565936178,37.51016870169878,0.0,0.0,0.0,0.0,0.0,0.0,0.0,0.0,0.0,1.0,0.0,6.0,0.0,0.0,0.0,0.0,0.0,108606.79520445608,23432.645305200276,4.0,220000.0,61.0,1,16.937081328916577
8811aa72adfffff,55.87908493166723,37.49969209894566,3.0,0.0,0.0,6.0,1.0,0.0,1.0,2.0,62.0,2.0,0.0,9.0,8.0,16.0,0.0,0.0,2.0,157936.40826171072,23432.645305200276,12.0,220000.0,0.0,0,15.886302052249368
8811aa72b1fffff,55.90200488918983,37.533015578297814,0.0,5.0,0.0,0.0,0.0,0.0,7.0,0.0,9.0,1.0,0.0,3.0,1.0,0.0,0.0,0.0,6.0,39370.27748481344,23432.645305200276,16.0,0.0,7.0,1,17.463645568282956
8811aa72b3fffff,55.90687350879492,37.54444470698193,0.0,13.0,1.0,17.0,2.0,3.0,6.0,6.0,3.0,0.0,1.0,10.0,64.0,9.0,0.0,0.0,16.0,854711.5758544191,23432.645305200276,26.0,0.0,1.0,1,17.78908404728247
8811aa72b5fffff,55.8936937239435,37.53395038149074,3.0,6.0,10.0,15.0,9.0,4.0,16.0,20.0,290.0,5.0,1.0,24.0,19.0,29.0,1.0,0.0,14.0,314222.84749984206,23432.645305200276,56.0,0.0,0.0,0,16.56409812587945
8811aa72b7fffff,55.898561995577744,37.545377392469426,0.0,11.0,2.0,13.0,3.0,4.0,9.0,4.0,21.0,5.0,0.0,20.0,16.0,9.0,0.0,0.0,28.0,561730.1726319366,23432.645305200276,47.0,0.0,0.0,0,16.879606850777762
8811aa72b9fffff,55.905446159940674,37.52065295150618,0.0,2.0,0.0,0.0,0.0,0.0,0.0,0.0,0.0,0.0,0.0,0.0,0.0,0.0,0.0,0.0,0.0,0.0,23432.645305200276,0.0,0.0,2.0,1,18.069975681322703
8811aa72bbfffff,55.91031579152348,37.532080403221606,0.0,2.0,0.0,0.0,0.0,0.0,1.0,0.0,0.0,0.0,0.0,2.0,1.0,0.0,0.0,0.0,0.0,172021.5701759741,23432.645305200276,7.0,220000.0,11.0,1,18.36591814390329
8811aa72bdfffff,55.897135605758706,37.521590243530305,0.0,4.0,0.0,3.0,1.0,0.0,0.0,0.0,13.0,0.0,1.0,3.0,4.0,1.0,0.0,0.0,10.0,221723.16696267232,23432.645305200276,9.0,0.0,6.0,1,17.17896346163241
8811aa72e1fffff,55.88596100898158,37.47498107949985,0.0,0.0,0.0,0.0,0.0,0.0,2.0,0.0,1.0,1.0,0.0,2.0,0.0,0.0,0.0,0.0,0.0,0.0,23432.645305200276,0.0,0.0,0.0,0,17.305781704231812
8811aa72e3fffff,55.89083328869589,37.48639335923787,0.0,5.0,0.0,0.0,0.0,0.0,2.0,0.0,2.0,0.0,0.0,2.0,0.0,0.0,0.0,0.0,0.0,0.0,23432.645305200276,0.0,0.0,0.0,0,17.430854518591392
8811aa72e5fffff,55.87765185097347,37.47592682400592,0.0,4.0,3.0,8.0,2.0,0.0,2.0,0.0,5.0,1.0,0.0,20.0,12.0,4.0,0.0,0.0,8.0,93951.46322216053,23432.645305200276,17.0,220000.0,20.0,1,16.485296678486627
8811aa72e7fffff,55.88252378110982,37.487336992918564,0.0,2.0,0.0,10.0,5.0,1.0,2.0,3.0,74.0,6.0,1.0,12.0,11.0,6.0,1.0,0.0,12.0,291367.5824436051,23432.645305200276,25.0,220000.0,11.0,1,16.58882845057807
8811aa72edfffff,55.88108806938302,37.46357259029885,3.0,2.0,1.0,4.0,0.0,3.0,5.0,1.0,8.0,5.0,0.0,5.0,0.0,0.0,0.0,0.0,6.0,29759.846779170664,23432.645305200276,1.0,220000.0,6.0,1,17.226551139339186
8811aa7301fffff,55.81174139018784,37.42370848424658,17.0,4.0,2.0,7.0,2.0,2.0,2.0,28.0,118.0,0.0,2.0,0.0,6.0,2.0,0.0,0.0,2.0,35243.90159148805,23432.645305200276,16.0,0.0,0.0,0,13.744339053129645
8811aa7303fffff,55.81661484997891,37.4350892134968,2.0,5.0,1.0,5.0,2.0,0.0,6.0,3.0,2.0,2.0,0.0,13.0,3.0,2.0,0.0,0.0,4.0,1247736.35304415,23432.645305200276,38.0,0.0,0.0,0,13.405019606295967
8811aa7305fffff,55.803432423646164,37.42466248585306,2.0,1.0,1.0,3.0,2.0,3.0,3.0,11.0,6.0,2.0,0.0,7.0,7.0,4.0,0.0,0.0,0.0,462267.6164243817,23432.645305200276,4.0,0.0,0.0,0,13.269891324922044
8811aa7307fffff,55.808305531028985,37.436041116503354,0.0,0.0,0.0,0.0,0.0,0.0,5.0,0.0,2.0,0.0,0.0,0.0,0.0,0.0,0.0,0.0,0.0,86666.03721037853,23432.645305200276,1.0,0.0,0.0,0,12.882482929391802
8811aa7309fffff,55.815175631450614,37.411375053563866,0.0,4.0,0.0,1.0,0.0,0.0,15.0,0.0,9.0,0.0,0.0,5.0,1.0,1.0,0.0,0.0,0.0,117849.89961163203,23432.645305200276,7.0,0.0,0.0,0,14.606197860947931
8811aa730bfffff,55.82005009729725,37.42275410418487,10.0,10.0,2.0,4.0,2.0,0.0,0.0,5.0,15.0,0.0,0.0,5.0,3.0,3.0,0.0,0.0,6.0,226044.24272489856,23432.645305200276,43.0,0.0,0.0,0,14.263311253121303
8811aa730dfffff,55.80686727692784,37.41233153146803,8.0,10.0,4.0,11.0,8.0,0.0,4.0,5.0,10.0,0.0,3.0,15.0,20.0,16.0,2.0,0.0,8.0,314864.21667261916,23432.645305200276,27.0,0.0,0.0,0,14.132414920293137
8811aa7311fffff,55.829797066665805,37.44552354038775,3.0,10.0,7.0,29.0,17.0,1.0,10.0,20.0,28.0,2.0,2.0,7.0,40.0,26.0,2.0,0.0,20.0,191243.75078220907,23432.645305200276,28.0,0.0,0.0,0,13.728175121092452
8811aa7313fffff,55.834669568475704,37.45691392793476,3.0,2.0,6.0,4.0,7.0,1.0,3.0,13.0,36.0,1.0,4.0,14.0,13.0,13.0,1.0,0.0,14.0,160123.7027772488,23432.645305200276,24.0,220000.0,15.0,1,13.54190892413412
8811aa7315fffff,55.8214876554455,37.44647372020084,0.0,6.0,5.0,1.0,0.0,2.0,2.0,6.0,21.0,1.0,1.0,9.0,2.0,2.0,1.0,0.0,2.0,242530.01276353185,23432.645305200276,15.0,0.0,0.0,0,13.118255677957551
8811aa7317fffff,55.826359805731705,37.45786200534035,1.0,1.0,4.0,2.0,1.0,0.0,7.0,5.0,9.0,4.0,1.0,11.0,3.0,7.0,0.0,0.0,4.0,96405.31728652556,23432.645305200276,23.0,35000.0,8.0,1,12.88757140237988
8811aa7319fffff,55.833232708710824,37.43318427418431,0.0,1.0,0.0,0.0,0.0,0.0,2.0,1.0,1.0,0.0,0.0,2.0,0.0,0.0,0.0,0.0,0.0,21724.923013084197,23432.645305200276,1.0,110000.0,9.0,1,14.57127611518154
8811aa731bfffff,55.83810621775827,37.444572983423534,3.0,10.0,1.0,7.0,0.0,1.0,6.0,4.0,20.0,4.0,1.0,8.0,4.0,5.0,0.0,0.0,8.0,58643.15686096418,23432.645305200276,12.0,220000.0,16.0,1,14.372032884745694
8811aa731dfffff,55.82492390932092,37.43413693279855,2.0,5.0,4.0,23.0,20.0,0.0,3.0,12.0,27.0,4.0,1.0,29.0,28.0,14.0,0.0,0.0,40.0,375498.8506753844,23432.645305200276,32.0,0.0,0.0,0,13.969580325451512
8811aa7321fffff,55.791686115682516,37.43794379033776,0.0,0.0,0.0,0.0,0.0,0.0,1.0,1.0,1.0,0.0,0.0,0.0,0.0,0.0,0.0,0.0,4.0,0.0,23432.645305200276,0.0,0.0,0.0,0,11.985070567355148
8811aa7323fffff,55.796557864459864,37.44932199897147,0.0,1.0,0.0,0.0,1.0,0.0,5.0,1.0,1.0,1.0,0.0,6.0,0.0,1.0,0.0,0.0,0.0,0.0,23432.645305200276,7.0,0.0,0.0,0,11.544605514440077
8811aa7325fffff,55.783376019974696,37.43889456161333,0.0,0.0,0.0,2.0,0.0,1.0,1.0,0.0,5.0,0.0,0.0,5.0,1.0,0.0,0.0,1.0,0.0,76857.76239383785,23432.645305200276,4.0,0.0,0.0,0,11.62161563452925
8811aa7327fffff,55.78824741617083,37.45027067241727,2.0,1.0,14.0,1.0,2.0,1.0,1.0,8.0,12.0,1.0,0.0,6.0,6.0,6.0,1.0,0.0,2.0,152536.03096497746,23432.645305200276,6.0,0.0,0.0,0,11.12559058506025
8811aa7329fffff,55.79512319801648,37.42561610922885,0.0,0.0,0.0,0.0,0.0,1.0,1.0,0.0,16.0,0.0,0.0,0.0,0.0,0.0,0.0,0.0,0.0,0.0,23432.645305200276,0.0,0.0,0.0,0,12.844908603459276
8811aa732bfffff,55.79999595281541,37.43699264204236,0.0,0.0,0.0,2.0,0.0,0.0,0.0,0.0,0.0,0.0,0.0,0.0,0.0,0.0,0.0,0.0,4.0,0.0,23432.645305200276,0.0,0.0,0.0,0,12.407287044594355
8811aa732dfffff,55.78681371364316,37.42656935459829,0.0,0.0,0.0,0.0,0.0,1.0,0.0,0.0,0.0,0.0,0.0,7.0,0.0,0.0,0.0,0.0,0.0,0.0,23432.645305200276,2.0,0.0,0.0,0,12.474453467835568
8811aa7331fffff,55.80973950070963,37.459757031889275,5.0,3.0,2.0,37.0,17.0,2.0,19.0,14.0,24.0,8.0,2.0,27.0,62.0,24.0,1.0,0.0,34.0,278981.18584459584,23432.645305200276,42.0,35000.0,3.0,1,11.690076598246423
8811aa7333fffff,55.81461029209388,37.47114489088272,1.0,2.0,3.0,4.0,4.0,0.0,7.0,3.0,30.0,8.0,1.0,8.0,3.0,1.0,0.0,0.0,0.0,143552.6240370841,23432.645305200276,17.0,0.0,0.0,0,11.420451326965939
8811aa7335fffff,55.80142895912014,37.46070398147906,0.0,0.0,2.0,3.0,9.0,0.0,7.0,3.0,7.0,2.0,0.0,12.0,7.0,11.0,2.0,0.0,2.0,42972.64390172911,23432.645305200276,16.0,0.0,0.0,0,11.158870289925828
8811aa7337fffff,55.80629939880793,37.47208973883959,2.0,0.0,1.0,5.0,6.0,4.0,3.0,1.0,179.0,3.0,0.0,13.0,2.0,6.0,0.0,0.0,2.0,69425.38754229553,23432.645305200276,27.0,0.0,0.0,0,10.833730762085374
8811aa7339fffff,55.81317798444156,37.44742352308672,0.0,1.0,2.0,1.0,0.0,1.0,4.0,2.0,10.0,0.0,1.0,0.0,1.0,3.0,0.0,0.0,0.0,547021.9685278627,23432.645305200276,1.0,35000.0,1.0,1,12.547230742882785
8811aa733bfffff,55.818049783028265,37.458809706584084,2.0,1.0,1.0,10.0,11.0,0.0,4.0,3.0,11.0,1.0,1.0,5.0,10.0,8.0,2.0,0.0,2.0,99719.73928515868,23432.645305200276,14.0,35000.0,7.0,1,12.268427407793647
8811aa733dfffff,55.804868053998234,37.44837294926908,0.0,2.0,8.0,1.0,1.0,2.0,4.0,9.0,13.0,0.0,0.0,7.0,2.0,2.0,1.0,0.0,2.0,157789.02690448574,23432.645305200276,9.0,0.0,0.0,0,12.020650738205306
8811aa7341fffff,55.813732130748484,37.38766723237073,0.0,9.0,0.0,2.0,1.0,0.0,0.0,0.0,4.0,0.0,0.0,8.0,0.0,5.0,0.0,0.0,0.0,31165.12451658985,23432.645305200276,8.0,0.0,0.0,0,15.857210038188393
8811aa7343fffff,55.81860825479347,37.39904082552075,0.0,5.0,0.0,5.0,2.0,0.0,2.0,2.0,21.0,2.0,1.0,8.0,3.0,8.0,1.0,1.0,4.0,175939.35702739173,23432.645305200276,9.0,0.0,0.0,0,15.468042838396164
8811aa7345fffff,55.80542474170992,37.388628282365794,0.0,13.0,0.0,8.0,8.0,1.0,7.0,4.0,5.0,1.0,0.0,13.0,13.0,8.0,0.0,0.0,4.0,173658.70689763004,23432.645305200276,33.0,110000.0,0.0,0,15.42581113258259
8811aa7347fffff,55.81030051263647,37.39999977995215,1.0,11.0,6.0,11.0,7.0,0.0,1.0,3.0,13.0,1.0,2.0,16.0,11.0,12.0,3.0,0.0,6.0,88081.60040140044,23432.645305200276,29.0,0.0,0.0,0,14.994855182938267
8811aa734bfffff,55.82203926019289,37.386705801183204,0.0,0.0,0.0,0.0,0.0,0.0,0.0,0.0,0.0,0.0,0.0,1.0,0.0,0.0,0.0,0.0,0.0,41127.78575227754,23432.645305200276,0.0,0.0,0.0,0,16.329860955755894
8811aa734dfffff,55.80885535509257,37.37629741578155,0.0,0.0,0.0,0.0,0.0,2.0,1.0,0.0,0.0,0.0,0.0,2.0,0.0,0.0,0.0,0.0,0.0,0.0,23432.645305200276,4.0,0.0,0.0,0,16.286401691995135
8811aa7351fffff,55.83179156134933,37.40946095920124,0.0,18.0,0.0,6.0,0.0,1.0,5.0,3.0,6.0,2.0,0.0,10.0,16.0,10.0,1.0,0.0,20.0,342532.7662987021,23432.645305200276,17.0,110000.0,1.0,1,15.67567975061089
8811aa7353fffff,55.836666731842534,37.420844207796705,0.0,6.0,1.0,2.0,1.0,0.0,1.0,0.0,2.0,0.0,0.0,10.0,3.0,7.0,2.0,0.0,8.0,96648.55813594443,23432.645305200276,13.0,110000.0,3.0,1,15.416448553357334
8811aa7355fffff,55.823483726372494,37.4104181962167,0.0,1.0,0.0,0.0,0.0,0.0,1.0,1.0,0.0,0.0,0.0,0.0,0.0,1.0,0.0,0.0,0.0,32175.37705137721,23432.645305200276,0.0,0.0,0.0,0,15.1220036396628
8811aa7357fffff,55.8283585446302,37.42179934544321,3.0,4.0,1.0,1.0,2.0,1.0,1.0,2.0,1.0,0.0,0.0,5.0,1.0,3.0,0.0,0.0,4.0,222795.49241898127,23432.645305200276,12.0,0.0,0.0,0,14.822126748907982
8811aa7359fffff,55.835222959454654,37.39712177513952,0.0,18.0,0.0,1.0,0.0,0.0,17.0,1.0,45.0,10.0,1.0,8.0,6.0,8.0,0.0,0.0,4.0,227108.4435110539,23432.645305200276,8.0,220000.0,20.0,1,16.53006836656936
8811aa735bfffff,55.84009913603702,37.408503342292,0.0,2.0,1.0,4.0,1.0,1.0,2.0,5.0,5.0,0.0,1.0,9.0,6.0,3.0,1.0,0.0,10.0,199280.300698171,23432.645305200276,16.0,110000.0,3.0,1,16.263354210063596
8811aa735dfffff,55.82691573718089,37.398081490658505,0.0,1.0,0.0,1.0,1.0,0.0,2.0,0.0,2.0,0.0,0.0,0.0,1.0,3.0,0.0,0.0,6.0,92048.27952161942,23432.645305200276,1.0,0.0,0.0,0,15.981016616755022
8811aa7361fffff,55.79368425039046,37.4019165484251,1.0,3.0,5.0,2.0,2.0,0.0,6.0,1.0,13.0,2.0,0.0,8.0,7.0,8.0,1.0,0.0,8.0,109541.80183084148,23432.645305200276,12.0,110000.0,0.0,0,14.18346128186734
8811aa7363fffff,55.798558663148356,37.41328763015432,1.0,3.0,1.0,4.0,3.0,1.0,6.0,7.0,33.0,2.0,1.0,5.0,6.0,10.0,0.0,1.0,4.0,163879.15785914887,23432.645305200276,3.0,0.0,0.0,0,13.70501917504236
8811aa7365fffff,55.78537573098992,37.40287436291753,0.0,3.0,0.0,0.0,0.0,0.0,2.0,0.0,11.0,0.0,0.0,1.0,0.0,0.0,0.0,0.0,2.0,119610.43077737055,23432.645305200276,2.0,110000.0,0.0,0,13.853174092897568
8811aa7367fffff,55.790249790456464,37.41424334984769,0.0,0.0,2.0,0.0,0.0,5.0,0.0,3.0,38.0,0.0,0.0,2.0,0.0,0.0,0.0,3.0,0.0,0.0,23432.645305200276,2.0,0.0,0.0,0,13.328479393146392
8811aa7369fffff,55.797117093421356,37.3895889513945,0.0,10.0,4.0,3.0,2.0,0.0,1.0,8.0,6.0,0.0,2.0,13.0,8.0,12.0,1.0,0.0,16.0,482278.03129023506,23432.645305200276,20.0,110000.0,0.0,0,15.039219574551359
8811aa736bfffff,55.80199251105407,37.40095835417842,5.0,5.0,15.0,17.0,19.0,0.0,7.0,12.0,54.0,1.0,3.0,25.0,27.0,23.0,0.0,0.0,10.0,422041.9877884508,23432.645305200276,40.0,0.0,0.0,0,14.565336943060062
8811aa736dfffff,55.78880918622699,37.3905492396828,0.0,13.0,1.0,0.0,0.0,0.0,1.0,0.0,0.0,0.0,0.0,7.0,2.0,5.0,0.0,0.0,0.0,1101625.3731358906,23432.645305200276,10.0,0.0,0.0,0,14.700975774618184
8811aa7521fffff,55.89385433552828,37.67767998405655,0.0,5.0,2.0,0.0,2.0,0.0,0.0,2.0,27.0,1.0,0.0,10.0,2.0,0.0,0.0,0.0,0.0,73522.61425183468,23432.645305200276,12.0,0.0,4.0,1,16.24448395975957
8811aa7523fffff,55.89871216772364,37.68913764891746,0.0,0.0,0.0,0.0,0.0,0.0,0.0,0.0,0.0,0.0,0.0,1.0,0.0,0.0,0.0,0.0,0.0,0.0,23432.645305200276,0.0,0.0,0.0,0,16.951053837637904
8811aa7525fffff,55.88553691039323,37.678586381092146,2.0,9.0,5.0,8.0,2.0,1.0,2.0,9.0,155.0,17.0,1.0,9.0,4.0,9.0,0.0,0.0,8.0,391222.8656528456,23432.645305200276,33.0,0.0,0.0,0,15.361594962205313
8811aa7527fffff,55.89039439750723,37.69004191609063,0.0,4.0,0.0,1.0,1.0,0.0,3.0,0.0,54.0,0.0,0.0,5.0,1.0,3.0,0.0,0.0,0.0,0.0,23432.645305200276,5.0,0.0,2.0,1,16.078314915235257
8811aa7529fffff,55.89731264962697,37.66531722559876,0.0,3.0,0.0,1.0,0.0,0.0,1.0,1.0,1.0,1.0,0.0,2.0,4.0,1.0,0.0,0.0,0.0,74205.78797262516,23432.645305200276,7.0,0.0,0.0,0,16.454382387072574
8811aa752dfffff,55.88899583203817,37.666226112546255,3.0,2.0,7.0,8.0,15.0,0.0,1.0,9.0,26.0,4.0,2.0,18.0,18.0,27.0,0.0,0.0,16.0,308747.44849516975,23432.645305200276,44.0,0.0,0.0,0,15.557720473081893
8811aa7561fffff,55.89590880449122,37.64150310119408,0.0,9.0,1.0,0.0,0.0,0.0,0.0,1.0,2.0,0.0,0.0,0.0,0.0,0.0,0.0,0.0,6.0,95043.55493875117,23432.645305200276,8.0,500000.0,18.0,1,16.082495249107424
8811aa7565fffff,55.88759294060434,37.64241660512755,2.0,9.0,3.0,6.0,5.0,0.0,1.0,2.0,10.0,1.0,0.0,13.0,9.0,7.0,0.0,0.0,10.0,884467.0338066648,23432.645305200276,42.0,220000.0,0.0,0,15.167883464201537
8811aa7567fffff,55.89245313008063,37.65386501889085,2.0,3.0,9.0,1.0,5.0,1.0,1.0,6.0,10.0,0.0,1.0,6.0,2.0,9.0,0.0,0.0,2.0,222647.50014044123,23432.645305200276,9.0,0.0,0.0,0,15.798697725124367
8811aa7569fffff,55.8993628552409,37.629140360524595,1.0,4.0,1.0,6.0,4.0,0.0,0.0,2.0,13.0,0.0,0.0,6.0,5.0,9.0,1.0,0.0,14.0,369904.3277673831,23432.645305200276,6.0,0.0,0.0,0,16.406876007589208
8811aa756dfffff,55.89104759978145,37.6300563541087,1.0,16.0,3.0,5.0,1.0,0.0,0.0,4.0,17.0,0.0,0.0,5.0,4.0,6.0,0.0,0.0,12.0,66422.90869090079,23432.645305200276,16.0,500000.0,25.0,1,15.485627805357137
8811aa7709fffff,55.94154379531327,37.56452679536206,0.0,0.0,0.0,0.0,0.0,0.0,1.0,0.0,0.0,0.0,0.0,0.0,0.0,0.0,0.0,0.0,0.0,10412.411292245755,23432.645305200276,0.0,0.0,9.0,1,21.32271860256478
8811aa770dfffff,55.93323237858556,37.565456350171154,0.0,0.0,0.0,0.0,0.0,0.0,0.0,0.0,0.0,0.0,0.0,0.0,0.0,0.0,0.0,0.0,0.0,141919.86350519085,23432.645305200276,3.0,110000.0,9.0,1,20.3992723489475
8811aa7725fffff,55.90971526523944,37.592047211372744,0.0,0.0,0.0,0.0,0.0,0.0,2.0,0.0,2.0,0.0,0.0,2.0,0.0,0.0,1.0,0.0,0.0,66612.11149889273,23432.645305200276,3.0,220000.0,11.0,1,17.59954917146485
8811aa772dfffff,55.91316282106215,37.57968118950755,0.0,0.0,0.0,0.0,0.0,0.0,0.0,0.0,0.0,0.0,0.0,2.0,0.0,0.0,0.0,0.0,2.0,0.0,23432.645305200276,0.0,110000.0,0.0,0,18.062186500340925
8811aa7741fffff,55.94011692733369,37.54071025173556,0.0,1.0,0.0,0.0,0.0,0.0,1.0,2.0,2.0,1.0,0.0,2.0,1.0,0.0,0.0,0.0,0.0,0.0,23432.645305200276,2.0,0.0,0.0,0,21.44194481348651
8811aa7743fffff,55.944986270940284,37.552151660027505,1.0,0.0,0.0,1.0,0.0,0.0,3.0,1.0,54.0,0.0,0.0,1.0,0.0,2.0,0.0,0.0,0.0,29225.068461403367,23432.645305200276,4.0,0.0,0.0,0,21.82945188876339
8811aa7745fffff,55.93180646853614,37.54164442298404,3.0,3.0,4.0,16.0,6.0,7.0,3.0,17.0,37.0,2.0,3.0,3.0,9.0,14.0,3.0,0.0,8.0,655228.1553655079,23432.645305200276,29.0,0.0,0.0,0,20.526893104272215
8811aa7747fffff,55.93667546523545,37.553083708933144,5.0,2.0,2.0,5.0,5.0,0.0,5.0,10.0,19.0,0.0,1.0,6.0,3.0,11.0,0.0,0.0,4.0,393515.30558285036,23432.645305200276,25.0,0.0,0.0,0,20.909329384384925
8811aa7749fffff,55.94355676485424,37.528335979651956,0.0,4.0,4.0,7.0,6.0,9.0,2.0,13.0,18.0,2.0,1.0,4.0,6.0,12.0,0.0,0.0,4.0,138072.58788208856,23432.645305200276,8.0,0.0,0.0,0,21.995468651642067
8811aa774bfffff,55.94842712166693,37.539775708493366,0.0,0.0,0.0,0.0,0.0,0.0,1.0,0.0,0.0,0.0,0.0,3.0,0.0,0.0,0.0,0.0,0.0,0.0,23432.645305200276,5.0,0.0,0.0,0,22.35796474853084
8811aa774dfffff,55.93524691760965,37.52927264447771,0.0,0.0,1.0,0.0,0.0,1.0,2.0,0.0,2.0,0.0,0.0,7.0,0.0,1.0,0.0,0.0,0.0,112884.55477865243,23432.645305200276,9.0,0.0,0.0,0,21.08554698338774
8811aa7755fffff,55.949854947567275,37.56359687033569,0.0,0.0,0.0,0.0,0.0,0.0,0.0,0.0,0.0,0.0,0.0,0.0,0.0,0.0,0.0,0.0,0.0,0.0,23432.645305200276,0.0,0.0,9.0,1,22.246451456514848
8811aa7757fffff,55.954722956352164,37.575045883641714,0.0,0.0,0.0,0.0,0.0,0.0,0.0,0.0,0.0,0.0,0.0,1.0,0.0,0.0,0.0,0.0,0.0,0.0,23432.645305200276,0.0,0.0,0.0,0,22.691326290806035
8811aa775dfffff,55.95329681200428,37.55121923990553,0.0,0.0,0.0,0.0,0.0,0.0,0.0,0.0,0.0,0.0,0.0,2.0,0.0,0.0,0.0,0.0,0.0,0.0,23432.645305200276,1.0,110000.0,5.0,1,22.750118736429535
8811aa7761fffff,55.92005306127819,37.55494669397983,0.0,0.0,0.0,3.0,2.0,0.0,1.0,2.0,2.0,0.0,0.0,0.0,2.0,3.0,0.0,0.0,0.0,135519.16078213204,23432.645305200276,12.0,0.0,0.0,0,19.071048700085377
8811aa7765fffff,55.91174146371333,37.55587763056265,0.0,0.0,1.0,2.0,2.0,0.0,3.0,2.0,6.0,2.0,3.0,7.0,1.0,6.0,0.0,0.0,2.0,221630.65870929125,23432.645305200276,21.0,220000.0,7.0,1,18.15309792076198
8811aa7769fffff,55.92349574561797,37.54257822246036,1.0,9.0,1.0,4.0,12.0,0.0,5.0,14.0,29.0,1.0,1.0,13.0,10.0,10.0,0.0,0.0,6.0,381767.1284113726,23432.645305200276,38.0,0.0,0.0,0,19.612949071803225
8811aa776bfffff,55.928364395233494,37.554015386843595,0.0,1.0,1.0,1.0,2.0,0.0,2.0,4.0,3.0,0.0,0.0,2.0,2.0,3.0,0.0,0.0,2.0,187860.46726116768,23432.645305200276,12.0,0.0,0.0,0,19.98983025249058
8811aa776dfffff,55.915184758922955,37.543511650385916,2.0,7.0,0.0,2.0,0.0,1.0,5.0,0.0,5.0,0.0,0.0,12.0,2.0,9.0,0.0,0.0,0.0,979857.6054534449,23432.645305200276,41.0,220000.0,6.0,1,18.70027923993286
8811aa7801fffff,55.70526427740577,37.60272005517505,2.0,8.0,2.0,6.0,4.0,5.0,4.0,5.0,31.0,3.0,1.0,2.0,4.0,11.0,2.0,0.0,10.0,235556.263109285,23432.645305200276,23.0,0.0,0.0,0,5.287964142847169
8811aa7803fffff,55.71012116562556,37.614109401319986,20.0,11.0,11.0,32.0,22.0,3.0,7.0,37.0,169.0,20.0,3.0,17.0,40.0,37.0,2.0,0.0,40.0,254210.4311258323,23432.645305200276,52.0,110000.0,0.0,0,4.685864223720758
8811aa7805fffff,55.69694498923013,37.603636866683495,1.0,2.0,0.0,1.0,7.0,0.0,5.0,4.0,11.0,3.0,2.0,7.0,1.0,2.0,0.0,0.0,0.0,117291.79102183341,23432.645305200276,3.0,0.0,0.0,0,6.197673092381472
8811aa7807fffff,55.70180152631435,37.61502410908425,0.0,10.0,2.0,19.0,5.0,2.0,8.0,10.0,36.0,2.0,0.0,15.0,8.0,8.0,2.0,0.0,4.0,178099.2269568277,23432.645305200276,19.0,0.0,0.0,0,5.61132432610997
8811aa7809fffff,55.708725413409816,37.590415189641966,13.0,21.0,10.0,53.0,18.0,5.0,7.0,20.0,85.0,18.0,1.0,27.0,141.0,26.0,2.0,0.0,20.0,292506.9915464736,23432.645305200276,36.0,110000.0,0.0,0,5.092380065071506
8811aa780bfffff,55.713583310924605,37.60180288054167,7.0,6.0,7.0,15.0,14.0,2.0,8.0,22.0,90.0,10.0,0.0,14.0,22.0,17.0,0.0,0.0,18.0,191810.03186709038,23432.645305200276,74.0,110000.0,0.0,0,4.385964641225028
8811aa780dfffff,55.70040673120608,37.59133446727595,1.0,2.0,1.0,0.0,1.0,1.0,13.0,1.0,5.0,0.0,0.0,3.0,2.0,0.0,0.0,0.0,4.0,65755.23488428153,23432.645305200276,1.0,220000.0,0.0,0,5.964658204161518
8811aa7811fffff,55.72329713009052,37.62458954257349,15.0,10.0,8.0,63.0,30.0,1.0,19.0,35.0,109.0,10.0,2.0,14.0,42.0,40.0,3.0,0.0,46.0,183149.11403249018,23432.645305200276,48.0,110000.0,0.0,0,3.2671281357367956
8811aa7813fffff,55.728153050031416,37.63598851562757,11.0,12.0,3.0,82.0,18.0,7.0,14.0,34.0,48.0,11.0,0.0,27.0,82.0,61.0,2.0,0.0,46.0,280437.0655598245,23432.645305200276,67.0,0.0,0.0,0,2.967829120530713
8811aa7815fffff,55.71497739501077,37.62550250667139,18.0,10.0,9.0,34.0,18.0,4.0,11.0,19.0,70.0,6.0,1.0,14.0,33.0,14.0,1.0,0.0,26.0,243906.79454271795,23432.645305200276,60.0,110000.0,0.0,0,4.190682642135157
8811aa7817fffff,55.719832964706406,37.63689937218929,0.0,28.0,2.0,20.0,5.0,3.0,1.0,7.0,11.0,1.0,0.0,5.0,15.0,13.0,3.0,0.0,20.0,118091.3174531257,23432.645305200276,25.0,110000.0,0.0,0,3.8440153932486063
8811aa7819fffff,55.7267596794017,37.61227889850465,8.0,5.0,0.0,39.0,15.0,4.0,17.0,21.0,63.0,10.0,1.0,17.0,34.0,40.0,3.0,0.0,24.0,362846.2910219735,23432.645305200276,51.0,0.0,0.0,0,2.8401223941410176
8811aa781bfffff,55.73161660981435,37.62367621667233,25.0,23.0,5.0,84.0,37.0,10.0,18.0,64.0,46.0,34.0,0.0,20.0,64.0,55.0,1.0,0.0,62.0,99258.6681510392,23432.645305200276,91.0,0.0,0.0,0,2.34716245061669
8811aa781dfffff,55.718440550103146,37.61319433119842,12.0,4.0,9.0,41.0,14.0,4.0,10.0,28.0,130.0,13.0,0.0,9.0,27.0,39.0,4.0,1.0,40.0,241027.43529549072,23432.645305200276,61.0,110000.0,0.0,0,3.76171290292336
8811aa7821fffff,55.685161484573236,37.61685243839957,3.0,10.0,0.0,10.0,4.0,0.0,8.0,6.0,6.0,3.0,1.0,17.0,31.0,13.0,0.0,0.0,20.0,121864.76315142849,23432.645305200276,19.0,0.0,0.0,0,7.464262433011916
8811aa7823fffff,55.69001666109071,37.62823923028948,0.0,2.0,0.0,7.0,0.0,1.0,4.0,6.0,12.0,0.0,0.0,8.0,8.0,2.0,1.0,2.0,22.0,343428.597726711,23432.645305200276,9.0,220000.0,0.0,0,6.968702460582941
8811aa7825fffff,55.67684108283452,37.61776606037959,0.0,2.0,1.0,5.0,1.0,0.0,1.0,5.0,2.0,0.0,1.0,1.0,3.0,1.0,0.0,0.0,4.0,352721.8129126336,23432.645305200276,9.0,110000.0,0.0,0,8.391312273838567
8811aa7827fffff,55.681695908042315,37.629150749317446,0.0,16.0,4.0,12.0,7.0,1.0,3.0,11.0,8.0,1.0,2.0,25.0,16.0,14.0,2.0,0.0,24.0,451138.89112785703,23432.645305200276,20.0,220000.0,0.0,0,7.895754297338171
8811aa7829fffff,55.6886254467432,37.60455331528215,5.0,11.0,2.0,24.0,11.0,1.0,2.0,11.0,9.0,2.0,2.0,21.0,34.0,18.0,2.0,0.0,3.0,837762.0440036857,23432.645305200276,22.0,110000.0,0.0,0,7.112144060443136
8811aa782bfffff,55.69348163251505,37.615938454705926,6.0,5.0,1.0,11.0,4.0,1.0,8.0,5.0,17.0,1.0,0.0,14.0,14.0,14.0,3.0,0.0,12.0,237888.55847813096,23432.645305200276,3.0,0.0,0.0,0,6.537548622711716
8811aa782dfffff,55.68030565029054,37.60546940118598,0.0,0.0,1.0,3.0,4.0,2.0,8.0,3.0,33.0,1.0,1.0,5.0,5.0,10.0,0.0,0.0,4.0,175826.5947737858,23432.645305200276,26.0,0.0,0.0,0,8.029759334845922
8811aa7831fffff,55.70319202883957,37.63872000306859,4.0,19.0,4.0,40.0,8.0,4.0,1.0,13.0,12.0,4.0,2.0,11.0,43.0,11.0,1.0,0.0,10.0,57949.69382492482,23432.645305200276,41.0,0.0,0.0,0,5.646451938762396
8811aa7833fffff,55.708046237682964,37.65011641392442,6.0,10.0,0.0,48.0,16.0,7.0,10.0,11.0,45.0,4.0,1.0,5.0,44.0,21.0,1.0,0.0,56.0,655550.7765264007,23432.645305200276,33.0,110000.0,0.0,0,5.373001279986055
8811aa7835fffff,55.69487117898881,37.63962977781379,0.0,3.0,1.0,6.0,1.0,0.0,5.0,1.0,3.0,0.0,0.0,0.0,4.0,2.0,0.0,0.0,0.0,0.0,23432.645305200276,3.0,0.0,0.0,0,6.558981128322994
8811aa7837fffff,55.699725037413,37.65102408193005,2.0,12.0,0.0,14.0,2.0,3.0,9.0,15.0,7.0,2.0,1.0,10.0,8.0,11.0,0.0,0.0,8.0,296299.1680517415,23432.645305200276,28.0,110000.0,0.0,0,6.252029222928108
8811aa7839fffff,55.70665740492054,37.626415109180506,8.0,6.0,1.0,53.0,6.0,2.0,1.0,7.0,17.0,2.0,0.0,17.0,52.0,20.0,0.0,2.0,32.0,496155.4276338795,23432.645305200276,26.0,220000.0,0.0,0,5.115897066750515
8811aa783bfffff,55.71151262419395,37.63780986793167,1.0,12.0,2.0,5.0,3.0,1.0,1.0,0.0,16.0,3.0,0.0,13.0,6.0,6.0,1.0,0.0,0.0,66119.78466575326,23432.645305200276,19.0,220000.0,0.0,0,4.740029042640407
8811aa783dfffff,55.69833716016532,37.62732735031516,3.0,13.0,3.0,26.0,8.0,4.0,1.0,11.0,28.0,0.0,0.0,9.0,11.0,13.0,1.0,2.0,24.0,161574.8705969823,23432.645305200276,38.0,220000.0,0.0,0,6.042021045912834
8811aa7841fffff,55.70732537082287,37.566727238522766,4.0,1.0,1.0,3.0,2.0,7.0,7.0,1.0,65.0,2.0,0.0,5.0,1.0,2.0,2.0,0.0,8.0,115028.43727182443,23432.645305200276,18.0,0.0,0.0,0,5.864325487646837
8811aa7843fffff,55.712184934297085,37.57810951353986,8.0,5.0,1.0,5.0,2.0,1.0,8.0,8.0,54.0,4.0,0.0,6.0,8.0,4.0,2.0,2.0,2.0,135000.2199648962,23432.645305200276,20.0,0.0,0.0,0,5.039422055040696
8811aa7845fffff,55.699007646789504,37.567651083265886,2.0,4.0,6.0,11.0,5.0,0.0,14.0,3.0,11.0,1.0,1.0,16.0,11.0,17.0,2.0,0.0,30.0,267129.4053771052,23432.645305200276,41.0,0.0,0.0,0,6.644575550138872
8811aa7847fffff,55.703866858413384,37.579031257537494,5.0,5.0,2.0,18.0,15.0,3.0,5.0,8.0,32.0,5.0,0.0,17.0,25.0,24.0,3.0,0.0,32.0,173528.75956896762,23432.645305200276,51.0,110000.0,0.0,0,5.8512420345895135
8811aa7849fffff,55.71078226840572,37.55442241128684,6.0,0.0,1.0,10.0,1.0,4.0,9.0,9.0,48.0,11.0,0.0,5.0,4.0,3.0,0.0,0.0,2.0,235233.17141128925,23432.645305200276,9.0,0.0,0.0,0,6.003040210668588
8811aa784bfffff,55.7156428400385,37.56580302792401,2.0,3.0,0.0,3.0,0.0,0.0,5.0,3.0,11.0,0.0,1.0,12.0,2.0,3.0,0.0,0.0,2.0,1564499.0990437912,23432.645305200276,26.0,0.0,0.0,0,5.133457761454394
8811aa784dfffff,55.70246515121951,37.555348721885764,6.0,1.0,1.0,0.0,2.0,3.0,12.0,4.0,22.0,0.0,0.0,4.0,0.0,3.0,1.0,0.0,0.0,48598.50865572355,23432.645305200276,17.0,0.0,0.0,0,6.707698017100408
8811aa7851fffff,55.7253620129953,37.58857554183599,16.0,1.0,4.0,18.0,7.0,0.0,17.0,14.0,93.0,4.0,1.0,9.0,30.0,14.0,0.0,2.0,12.0,117481.08713286417,23432.645305200276,26.0,0.0,0.0,0,3.436564865925256
8811aa7853fffff,55.73022061261013,37.59996744103871,21.0,1.0,0.0,40.0,0.0,1.0,54.0,5.0,157.0,7.0,0.0,7.0,30.0,8.0,1.0,10.0,8.0,316930.3594934434,23432.645305200276,10.0,0.0,0.0,0,2.6367527895853073
8811aa7855fffff,55.717043840788016,37.58949554790061,3.0,2.0,3.0,10.0,1.0,2.0,4.0,3.0,63.0,8.0,0.0,5.0,14.0,5.0,0.0,0.0,6.0,9691.103208782848,23432.645305200276,15.0,110000.0,0.0,0,4.243818308493463
8811aa7857fffff,55.72190208944119,37.600885342568056,9.0,1.0,5.0,17.0,14.0,1.0,5.0,13.0,82.0,5.0,0.0,3.0,26.0,9.0,2.0,0.0,14.0,48541.88263248498,23432.645305200276,17.0,0.0,0.0,0,3.497623236351007
8811aa7859fffff,55.72882032073628,37.57626493005841,11.0,9.0,5.0,50.0,20.0,1.0,13.0,24.0,44.0,6.0,2.0,6.0,28.0,14.0,2.0,0.0,28.0,185240.43992119527,23432.645305200276,63.0,110000.0,0.0,0,3.588846232950384
8811aa785bfffff,55.73367992968633,37.58765517123205,21.0,14.0,3.0,65.0,26.0,2.0,11.0,44.0,109.0,16.0,1.0,14.0,53.0,40.0,4.0,0.0,80.0,255225.2952246912,23432.645305200276,53.0,110000.0,0.0,0,2.707792538919161
8811aa785dfffff,55.72050275518649,37.577187404452324,8.0,3.0,9.0,11.0,18.0,0.0,4.0,16.0,57.0,3.0,0.0,13.0,35.0,24.0,3.0,0.0,14.0,107117.40958691032,23432.645305200276,75.0,0.0,0.0,0,4.27513176139515
8811aa7861fffff,55.68722994304472,37.58087365112811,4.0,3.0,7.0,26.0,28.0,0.0,5.0,19.0,31.0,4.0,4.0,15.0,20.0,18.0,2.0,0.0,32.0,231562.152846319,23432.645305200276,70.0,220000.0,0.0,0,7.555583605573941
8811aa7863fffff,55.69208779452226,37.59225338101829,3.0,5.0,2.0,6.0,2.0,1.0,3.0,8.0,39.0,1.0,4.0,10.0,9.0,11.0,0.0,0.0,12.0,122014.87186346999,23432.645305200276,26.0,220000.0,0.0,0,6.851611386468914
8811aa7865fffff,55.67891110425074,37.58179430115318,2.0,1.0,4.0,11.0,8.0,1.0,4.0,12.0,17.0,1.0,1.0,18.0,6.0,14.0,1.0,0.0,16.0,166969.86916249082,23432.645305200276,31.0,0.0,0.0,0,8.431825869469309
8811aa7867fffff,55.68376860370385,37.59317193108452,7.0,6.0,7.0,13.0,9.0,0.0,6.0,9.0,70.0,5.0,1.0,23.0,8.0,11.0,1.0,0.0,8.0,283626.0170561048,23432.645305200276,40.0,220000.0,0.0,0,7.74821103241364
8811aa7869fffff,55.690689668283795,37.56857456237008,8.0,6.0,7.0,33.0,16.0,3.0,26.0,26.0,52.0,16.0,0.0,21.0,25.0,31.0,2.0,0.0,28.0,46990.57825838602,23432.645305200276,40.0,110000.0,0.0,0,7.458736316288065
8811aa786bfffff,55.69554852788078,37.57995263666154,2.0,10.0,9.0,9.0,1.0,0.0,1.0,3.0,5.0,1.0,0.0,7.0,2.0,8.0,2.0,0.0,4.0,336081.46990896214,23432.645305200276,22.0,110000.0,0.0,0,6.693330579146829
8811aa786dfffff,55.68237143565119,37.5694976760519,6.0,5.0,7.0,40.0,33.0,0.0,1.0,31.0,37.0,2.0,2.0,13.0,54.0,33.0,4.0,0.0,38.0,257835.55011080205,23432.645305200276,47.0,0.0,0.0,0,8.296839707152376
8811aa7881fffff,55.73924862948012,37.68252445510757,6.0,3.0,17.0,6.0,6.0,0.0,0.0,11.0,50.0,0.0,0.0,19.0,8.0,13.0,3.0,0.0,4.0,187130.12121617884,23432.645305200276,61.0,110000.0,0.0,0,4.443453949448503
8811aa7883fffff,55.74410088788992,37.6939401358393,0.0,1.0,2.0,4.0,0.0,1.0,8.0,2.0,5.0,1.0,1.0,8.0,4.0,0.0,0.0,0.0,2.0,276858.784820823,23432.645305200276,8.0,110000.0,0.0,0,5.001554438925824
8811aa7885fffff,55.73092689085265,37.683426508653874,0.0,6.0,14.0,10.0,2.0,1.0,3.0,11.0,14.0,0.0,1.0,9.0,10.0,15.0,3.0,0.0,10.0,75244.6085091732,23432.645305200276,32.0,0.0,0.0,0,4.87421882459803
8811aa7887fffff,55.73577880062859,37.69484007505105,3.0,6.0,8.0,7.0,3.0,0.0,6.0,6.0,44.0,0.0,2.0,17.0,5.0,8.0,1.0,0.0,2.0,402442.455760154,23432.645305200276,31.0,110000.0,0.0,0,5.301847510410987
8811aa7889fffff,55.74271684101677,37.67020801446266,7.0,4.0,6.0,35.0,18.0,5.0,4.0,25.0,76.0,5.0,1.0,27.0,34.0,36.0,3.0,0.0,24.0,102280.57795160903,23432.645305200276,101.0,0.0,0.0,0,3.588185374023516
8811aa788bfffff,55.74757011221149,37.68162204382874,8.0,12.0,3.0,40.0,25.0,3.0,8.0,19.0,40.0,3.0,2.0,34.0,33.0,32.0,0.0,0.0,18.0,214352.231052654,23432.645305200276,55.0,110000.0,0.0,0,4.177785169950262
8811aa788dfffff,55.73439570710022,37.671112539334246,3.0,11.0,7.0,21.0,19.0,6.0,12.0,24.0,97.0,1.0,3.0,24.0,29.0,25.0,0.0,0.0,12.0,175059.66367244048,23432.645305200276,48.0,0.0,0.0,0,4.0106281623269
8811aa7891fffff,55.75727466075821,37.70446140294078,13.0,3.0,4.0,23.0,3.0,2.0,18.0,9.0,44.0,2.0,1.0,18.0,19.0,28.0,2.0,0.0,2.0,41224.686205455466,23432.645305200276,37.0,0.0,0.0,0,5.607903821699749
8811aa7893fffff,55.762125936394916,37.71588673460086,2.0,10.0,16.0,7.0,5.0,1.0,3.0,12.0,46.0,0.0,1.0,14.0,16.0,11.0,2.0,0.0,16.0,184845.84661335,23432.645305200276,44.0,0.0,0.0,0,6.392594064623449
8811aa7895fffff,55.748952481472465,37.70535958248614,16.0,16.0,8.0,47.0,26.0,1.0,8.0,20.0,54.0,1.0,0.0,12.0,54.0,40.0,2.0,0.0,30.0,108439.26415786639,23432.645305200276,19.0,110000.0,0.0,0,5.64794881674684
8811aa7897fffff,55.75380340937017,37.71678279600419,7.0,6.0,7.0,63.0,24.0,6.0,13.0,29.0,154.0,17.0,2.0,41.0,51.0,45.0,3.0,0.0,32.0,303888.2016910779,23432.645305200276,58.0,0.0,0.0,0,6.355786033314694
8811aa7899fffff,55.76074429384675,37.692139186328156,1.0,0.0,1.0,2.0,0.0,1.0,2.0,6.0,26.0,3.0,0.0,13.0,5.0,5.0,1.0,0.0,0.0,77097.5969548888,23432.645305200276,33.0,110000.0,0.0,0,4.8987325249303995
8811aa789bfffff,55.7655965834476,37.70356286700019,2.0,1.0,6.0,9.0,8.0,1.0,8.0,5.0,33.0,2.0,0.0,24.0,11.0,5.0,0.0,0.0,8.0,69257.39678829115,23432.645305200276,58.0,0.0,0.0,0,5.720245243437143
8811aa789dfffff,55.7524227190778,37.693039839669005,17.0,11.0,2.0,7.0,1.0,1.0,8.0,3.0,2.0,1.0,0.0,7.0,8.0,3.0,1.0,0.0,2.0,223641.87814723092,23432.645305200276,30.0,110000.0,0.0,0,4.8626049857799645
8811aa78a1fffff,55.7191338592676,37.696638883445935,0.0,13.0,1.0,18.0,4.0,0.0,2.0,3.0,8.0,2.0,1.0,19.0,3.0,6.0,2.0,0.0,10.0,87413.44715114869,23432.645305200276,19.0,110000.0,0.0,0,6.282397634396687
8811aa78a3fffff,55.72398440749177,37.70805198486554,1.0,3.0,0.0,4.0,1.0,0.0,1.0,1.0,6.0,1.0,0.0,6.0,5.0,1.0,0.0,0.0,0.0,231955.3509869486,23432.645305200276,6.0,110000.0,0.0,0,6.602514175617037
8811aa78a5fffff,55.71081100585912,37.69753775305219,0.0,22.0,0.0,3.0,0.0,1.0,0.0,0.0,4.0,0.0,0.0,3.0,1.0,2.0,0.0,0.0,6.0,1823040.9506522405,23432.645305200276,5.0,110000.0,7.0,1,6.908958490861615
8811aa78a7fffff,55.7156612052756,37.70894874094387,0.0,10.0,0.0,1.0,0.0,0.0,2.0,0.0,2.0,0.0,0.0,3.0,0.0,0.0,0.0,0.0,2.0,0.0,23432.645305200276,4.0,110000.0,8.0,1,7.137146253509695
8811aa78a9fffff,55.72260489667459,37.68432820467987,2.0,10.0,0.0,9.0,0.0,3.0,1.0,12.0,4.0,1.0,1.0,12.0,5.0,4.0,2.0,0.0,14.0,628102.9323873668,23432.645305200276,4.0,110000.0,0.0,0,5.430949725576788
8811aa78abfffff,55.7274564576393,37.69573965751605,0.0,2.0,0.0,3.0,0.0,2.0,7.0,0.0,3.0,2.0,0.0,4.0,4.0,1.0,0.0,0.0,10.0,52739.355449805924,23432.645305200276,11.0,110000.0,0.0,0,5.738222339813317
8811aa78adfffff,55.71428264729149,37.68522954339761,2.0,13.0,1.0,7.0,0.0,2.0,2.0,6.0,8.0,0.0,0.0,28.0,1.0,1.0,0.0,0.0,2.0,374057.40525597363,23432.645305200276,17.0,110000.0,0.0,0,6.0791485903361
8811aa78b1fffff,55.737157586380825,37.71857385279818,7.0,10.0,0.0,3.0,0.0,1.0,4.0,5.0,2.0,1.0,1.0,12.0,7.0,8.0,0.0,0.0,14.0,43542.11787821782,23432.645305200276,8.0,0.0,0.0,0,6.680454389095969
8811aa78b3fffff,55.74200715244336,37.7299965971532,0.0,0.0,0.0,0.0,0.0,0.0,1.0,0.0,2.0,0.0,0.0,4.0,0.0,0.0,1.0,0.0,0.0,0.0,23432.645305200276,2.0,110000.0,0.0,0,7.273139471132964
8811aa78b5fffff,55.72883429110731,37.7194688486106,1.0,4.0,1.0,4.0,3.0,1.0,6.0,3.0,20.0,0.0,0.0,5.0,2.0,9.0,0.0,0.0,6.0,117131.23029848034,23432.645305200276,2.0,110000.0,0.0,0,7.023564921369409
8811aa78b7fffff,55.73368350925717,37.73088947563473,4.0,1.0,0.0,12.0,2.0,0.0,6.0,3.0,10.0,4.0,0.0,20.0,42.0,10.0,0.0,0.0,12.0,19739.20505254963,23432.645305200276,20.0,110000.0,5.0,1,7.528660477656096
8811aa78b9fffff,55.74063004593578,37.706257405847815,1.0,1.0,0.0,5.0,2.0,1.0,4.0,1.0,8.0,2.0,0.0,7.0,10.0,5.0,1.0,0.0,6.0,50463.524811815994,23432.645305200276,16.0,110000.0,0.0,0,5.837257532879382
8811aa78bbfffff,55.74548062591697,37.717678501999636,4.0,5.0,4.0,12.0,9.0,1.0,9.0,14.0,39.0,3.0,1.0,6.0,18.0,11.0,2.0,0.0,8.0,59216.238162083726,23432.645305200276,33.0,0.0,0.0,0,6.453709842977442
8811aa78bdfffff,55.732307354493706,37.70715487323721,2.0,12.0,4.0,11.0,2.0,1.0,5.0,5.0,21.0,3.0,2.0,13.0,13.0,6.0,3.0,0.0,10.0,90290.29029081084,23432.645305200276,13.0,110000.0,0.0,0,6.162100467325512
8811aa78c1fffff,55.74132848857332,37.6464821435458,8.0,11.0,0.0,42.0,23.0,8.0,6.0,32.0,29.0,14.0,1.0,21.0,27.0,42.0,4.0,0.0,18.0,105391.48347896549,23432.645305200276,54.0,110000.0,0.0,0,2.286123321878718
8811aa78c3fffff,55.7461834352074,37.65789075417265,11.0,9.0,7.0,53.0,31.0,7.0,14.0,45.0,48.0,19.0,0.0,12.0,28.0,26.0,4.0,0.0,54.0,275972.4658901466,23432.645305200276,60.0,0.0,0.0,0,2.7388802415144995
8811aa78c5fffff,55.73300830907018,37.64739125132083,2.0,10.0,0.0,47.0,17.0,8.0,4.0,27.0,85.0,8.0,0.0,11.0,29.0,24.0,4.0,0.0,46.0,261008.99131562718,23432.645305200276,68.0,110000.0,0.0,0,2.9244710781327132
8811aa78c7fffff,55.737862906350756,37.65879775061285,6.0,6.0,1.0,81.0,45.0,9.0,6.0,60.0,170.0,18.0,3.0,28.0,100.0,77.0,10.0,0.0,102.0,148545.6294669416,23432.645305200276,44.0,0.0,0.0,0,3.1477114090358924
8811aa78c9fffff,55.744792453737396,37.63416571918967,21.0,22.0,4.0,67.0,22.0,9.0,26.0,58.0,100.0,26.0,0.0,21.0,56.0,28.0,5.0,2.0,48.0,136434.54173680316,23432.645305200276,83.0,110000.0,0.0,0,1.4280968117916573
8811aa78cbfffff,55.749648412021166,37.6455726752943,10.0,10.0,1.0,21.0,5.0,7.0,10.0,25.0,63.0,15.0,1.0,20.0,14.0,22.0,3.0,0.0,22.0,53287.54224001566,23432.645305200276,91.0,0.0,0.0,0,1.903407251035567
8811aa78cdfffff,55.736472879823545,37.63507729803244,29.0,12.0,1.0,67.0,20.0,10.0,12.0,49.0,54.0,23.0,0.0,7.0,51.0,38.0,3.0,0.0,38.0,200688.0078494402,23432.645305200276,72.0,110000.0,0.0,0,2.1359761742001453
8811aa78d1fffff,55.759358340311714,37.66839788835127,2.0,4.0,1.0,36.0,6.0,1.0,4.0,37.0,11.0,7.0,0.0,12.0,23.0,8.0,1.0,0.0,20.0,520495.8365719872,23432.645305200276,26.0,110000.0,0.0,0,3.4094113067591794
8811aa78d3fffff,55.764212308604215,37.67981614722372,1.0,7.0,2.0,22.0,11.0,3.0,4.0,15.0,10.0,0.0,0.0,29.0,14.0,8.0,5.0,2.0,16.0,85573.55401503573,23432.645305200276,49.0,0.0,0.0,0,4.247647043677714
8811aa78d5fffff,55.75103771886907,37.66930313087266,14.0,10.0,3.0,24.0,6.0,1.0,14.0,12.0,13.0,5.0,0.0,21.0,43.0,11.0,3.0,0.0,26.0,218395.732296228,23432.645305200276,58.0,0.0,0.0,0,3.37462679292403
8811aa78d7fffff,55.755891338701325,37.680719274604975,4.0,3.0,0.0,15.0,4.0,0.0,9.0,7.0,4.0,2.0,2.0,17.0,10.0,5.0,2.0,0.0,30.0,236607.1374749693,23432.645305200276,18.0,110000.0,0.0,0,4.1093404699541445
8811aa78d9fffff,55.762823723878036,37.6560756819655,20.0,13.0,2.0,62.0,45.0,18.0,16.0,81.0,128.0,33.0,1.0,18.0,65.0,48.0,5.0,0.0,88.0,147964.80638812127,23432.645305200276,44.0,0.0,0.0,0,2.8029716989464326
8811aa78dbfffff,55.767678704999405,37.667492286685324,4.0,6.0,12.0,22.0,10.0,6.0,9.0,28.0,60.0,8.0,1.0,15.0,28.0,39.0,2.0,0.0,34.0,160055.90242868205,23432.645305200276,45.0,220000.0,0.0,0,3.68549378813204
8811aa78ddfffff,55.754503707831596,37.65698339802805,17.0,7.0,3.0,75.0,26.0,5.0,22.0,44.0,78.0,26.0,0.0,23.0,120.0,56.0,3.0,0.0,76.0,140706.36071056066,23432.645305200276,52.0,0.0,0.0,0,2.611072972863337
8811aa78e1fffff,55.721221081321744,37.66061066523353,1.0,6.0,11.0,12.0,9.0,2.0,1.0,5.0,18.0,1.0,0.0,8.0,17.0,7.0,0.0,0.0,14.0,320344.5513387998,23432.645305200276,32.0,110000.0,0.0,0,4.459876664409225
8811aa78e3fffff,55.72607431746486,37.67201670570024,0.0,11.0,15.0,9.0,12.0,3.0,4.0,17.0,22.0,1.0,3.0,12.0,22.0,18.0,1.0,0.0,6.0,406302.9796207636,23432.645305200276,20.0,0.0,0.0,0,4.5845878312928985
8811aa78e5fffff,55.71289978584034,37.66151658384029,7.0,5.0,8.0,27.0,12.0,6.0,4.0,21.0,33.0,3.0,1.0,15.0,38.0,33.0,1.0,0.0,24.0,154121.95018270097,23432.645305200276,32.0,0.0,0.0,0,5.240857292774531
8811aa78e7fffff,55.717752672456186,37.67292051377327,2.0,4.0,3.0,21.0,16.0,3.0,4.0,15.0,28.0,1.0,1.0,24.0,21.0,23.0,1.0,0.0,28.0,478570.6051295701,23432.645305200276,19.0,110000.0,0.0,0,5.26071702663033
8811aa78e9fffff,55.72468787385708,37.6482999988332,7.0,14.0,2.0,41.0,7.0,7.0,8.0,15.0,58.0,2.0,0.0,9.0,17.0,19.0,3.0,0.0,36.0,650232.5736396412,23432.645305200276,42.0,220000.0,0.0,0,3.6880374849411903
8811aa78ebfffff,55.72954212160706,37.659704387562066,2.0,3.0,8.0,32.0,17.0,3.0,6.0,17.0,32.0,5.0,2.0,29.0,32.0,16.0,0.0,2.0,24.0,124546.50621081774,23432.645305200276,47.0,110000.0,0.0,0,3.746694042406143
8811aa78edfffff,55.71636718327951,37.64920838629658,0.0,4.0,2.0,10.0,2.0,2.0,0.0,5.0,10.0,0.0,1.0,7.0,5.0,13.0,0.0,0.0,4.0,460619.11024434026,23432.645305200276,16.0,220000.0,0.0,0,4.513731867105459
8811aa7901fffff,55.64702393173608,37.609130122146524,0.0,11.0,5.0,11.0,15.0,1.0,2.0,15.0,21.0,0.0,2.0,17.0,13.0,13.0,1.0,0.0,12.0,279105.1660475465,23432.645305200276,42.0,0.0,0.0,0,11.716984191506276
8811aa7903fffff,55.65187835829412,37.620504758179095,2.0,7.0,8.0,27.0,12.0,1.0,0.0,13.0,18.0,1.0,2.0,22.0,62.0,28.0,0.0,0.0,24.0,211324.28074392385,23432.645305200276,32.0,0.0,0.0,0,11.173706596401361
8811aa7905fffff,55.63870287064038,37.61004439779486,1.0,5.0,6.0,11.0,12.0,0.0,2.0,6.0,49.0,2.0,4.0,22.0,18.0,21.0,1.0,0.0,12.0,798629.3018975543,23432.645305200276,11.0,220000.0,2.0,1,12.64117652478228
8811aa7907fffff,55.643556944825264,37.62141693544504,1.0,5.0,2.0,4.0,3.0,1.0,2.0,2.0,9.0,1.0,0.0,10.0,12.0,10.0,0.0,0.0,6.0,157468.75065358152,23432.645305200276,26.0,220000.0,3.0,1,12.101447287034274
8811aa7909fffff,55.65048930599672,37.59684249889358,3.0,7.0,10.0,15.0,10.0,2.0,2.0,12.0,23.0,0.0,0.0,28.0,20.0,14.0,0.0,0.0,6.0,172441.93314151483,23432.645305200276,18.0,0.0,0.0,0,11.385346527672134
8811aa790bfffff,55.655344740594785,37.60821548487568,2.0,5.0,3.0,18.0,14.0,0.0,2.0,10.0,16.0,0.0,4.0,19.0,21.0,15.0,0.0,0.0,22.0,240460.84201741708,23432.645305200276,33.0,0.0,0.0,0,10.793508223129354
8811aa790dfffff,55.642168849690144,37.59775923380667,1.0,16.0,4.0,6.0,6.0,0.0,0.0,8.0,6.0,0.0,1.0,17.0,9.0,12.0,1.0,0.0,10.0,331405.3526854745,23432.645305200276,24.0,220000.0,4.0,1,12.301720067116069
8811aa7911fffff,55.665053641407006,37.630972705389375,0.0,22.0,3.0,11.0,4.0,0.0,3.0,3.0,5.0,2.0,0.0,8.0,44.0,5.0,2.0,0.0,10.0,745921.8366567568,23432.645305200276,43.0,220000.0,15.0,1,9.750576483070605
8811aa7913fffff,55.669907105914895,37.64235694183381,0.0,1.0,0.0,1.0,0.0,2.0,3.0,3.0,6.0,0.0,0.0,4.0,3.0,2.0,0.0,0.0,0.0,133209.1911636964,23432.645305200276,8.0,110000.0,4.0,1,9.31529685732885
8811aa7915fffff,55.656732128511614,37.63188314286043,1.0,1.0,0.0,0.0,1.0,0.0,0.0,2.0,2.0,2.0,0.0,0.0,3.0,0.0,0.0,0.0,2.0,30264.99317369633,23432.645305200276,5.0,220000.0,37.0,1,10.678235645516184
8811aa7917fffff,55.661585241535526,37.64326527714603,1.0,5.0,0.0,3.0,2.0,5.0,4.0,2.0,11.0,4.0,0.0,8.0,2.0,5.0,2.0,0.0,0.0,295003.3146624527,23432.645305200276,18.0,220000.0,2.0,1,10.237534312484463
8811aa7919fffff,55.66852042764459,37.61867932086017,0.0,7.0,13.0,4.0,4.0,0.0,3.0,4.0,13.0,0.0,1.0,12.0,3.0,6.0,0.0,0.0,2.0,770409.6827268917,23432.645305200276,21.0,110000.0,12.0,1,9.318605673548703
8811aa791bfffff,55.67337490136583,37.63006190761286,2.0,5.0,2.0,7.0,4.0,0.0,0.0,3.0,8.0,1.0,0.0,4.0,13.0,14.0,0.0,0.0,14.0,372865.7791922904,23432.645305200276,17.0,220000.0,0.0,0,8.823068059906603
8811aa791dfffff,55.660199519349185,37.619592220055374,1.0,4.0,4.0,9.0,11.0,2.0,2.0,10.0,7.0,0.0,1.0,9.0,18.0,20.0,2.0,0.0,8.0,160770.5186098807,23432.645305200276,24.0,0.0,0.0,0,10.246083599824368
8811aa7921fffff,55.62691336202989,37.62324020825759,0.0,5.0,0.0,2.0,1.0,1.0,1.0,0.0,4.0,0.0,0.0,4.0,3.0,8.0,0.0,0.0,10.0,1115238.7807478046,23432.645305200276,11.0,110000.0,0.0,0,13.957208573998471
8811aa7923fffff,55.631766075665155,37.634612295573106,2.0,2.0,0.0,2.0,0.0,0.0,2.0,0.0,1.0,0.0,0.0,9.0,1.0,1.0,0.0,0.0,4.0,105190.79258047348,23432.645305200276,14.0,0.0,0.0,0,13.461859728665559
8811aa7925fffff,55.61859119339541,37.62415130423078,0.0,7.0,0.0,0.0,0.0,0.0,1.0,0.0,0.0,0.0,1.0,7.0,1.0,1.0,0.0,0.0,2.0,478422.3498052674,23432.645305200276,10.0,110000.0,0.0,0,14.885203957246338
8811aa7927fffff,55.623443554482826,37.6355212939537,0.0,0.0,0.0,0.0,0.0,0.0,0.0,0.0,1.0,0.0,0.0,1.0,0.0,0.0,0.0,0.0,0.0,6264.661685060798,23432.645305200276,0.0,0.0,0.0,0,14.389897196713829
8811aa7929fffff,55.63038155765361,37.61095831203463,1.0,14.0,5.0,3.0,8.0,0.0,2.0,6.0,18.0,3.0,3.0,6.0,5.0,9.0,0.0,0.0,6.0,601567.1250720685,23432.645305200276,11.0,0.0,0.0,0,13.565944136305356
8811aa792bfffff,55.63523527928853,37.62232875206674,1.0,3.0,4.0,4.0,2.0,1.0,1.0,5.0,14.0,0.0,0.0,10.0,7.0,11.0,1.0,0.0,6.0,737493.7584912722,23432.645305200276,14.0,0.0,0.0,0,13.029286078187916
8811aa792dfffff,55.622059993121724,37.611871865079635,3.0,24.0,5.0,19.0,13.0,0.0,4.0,6.0,25.0,3.0,1.0,25.0,32.0,28.0,0.0,0.0,20.0,995192.757196539,23432.645305200276,25.0,0.0,0.0,0,14.49118186296603
8811aa7931fffff,55.64494075481978,37.645080870006346,0.0,2.0,0.0,2.0,0.0,1.0,10.0,0.0,21.0,0.0,0.0,8.0,0.0,6.0,0.0,0.0,2.0,97548.79702105148,23432.645305200276,13.0,220000.0,17.0,1,12.084864734816934
8811aa7933fffff,55.64979250701083,37.65646254982169,1.0,3.0,0.0,3.0,5.0,0.0,0.0,2.0,10.0,0.0,1.0,4.0,6.0,9.0,0.0,0.0,4.0,578034.1863417038,23432.645305200276,6.0,0.0,0.0,0,11.68755563459422
8811aa7935fffff,55.63661813317532,37.64598812797972,0.0,4.0,2.0,2.0,2.0,0.0,4.0,3.0,24.0,0.0,0.0,10.0,5.0,9.0,0.0,0.0,2.0,289105.6966058185,23432.645305200276,10.0,220000.0,1.0,1,13.009563358420802
8811aa7937fffff,55.641469533707856,37.657367706430456,0.0,3.0,1.0,15.0,5.0,1.0,3.0,8.0,39.0,1.0,1.0,12.0,10.0,34.0,0.0,0.0,4.0,175732.49743645085,23432.645305200276,29.0,220000.0,8.0,1,12.60497059699763
8811aa7939fffff,55.648410363025555,37.63279322023934,1.0,3.0,0.0,3.0,1.0,0.0,3.0,1.0,0.0,1.0,0.0,4.0,2.0,5.0,0.0,0.0,4.0,93307.32295404332,23432.645305200276,12.0,0.0,0.0,0,11.606015649040105
8811aa793bfffff,55.65326312438851,37.644173253132635,2.0,2.0,2.0,26.0,13.0,0.0,11.0,8.0,10.0,8.0,1.0,20.0,45.0,16.0,0.0,0.0,8.0,277074.8685357201,23432.645305200276,20.0,220000.0,9.0,1,11.160800174678752
8811aa793dfffff,55.64008834529474,37.63370293773925,0.0,3.0,0.0,0.0,0.0,0.0,2.0,0.0,1.0,0.0,0.0,8.0,0.0,2.0,0.0,0.0,10.0,2848.5207028781083,23432.645305200276,6.0,220000.0,4.0,1,12.533895432560055
8811aa7941fffff,55.64909597076291,37.57318648088044,0.0,0.0,2.0,2.0,1.0,1.0,3.0,2.0,43.0,2.0,0.0,10.0,6.0,8.0,0.0,0.0,4.0,51304.5316996421,23432.645305200276,28.0,110000.0,4.0,1,11.784907865320905
8811aa7943fffff,55.653953067577085,37.58455406673651,3.0,2.0,9.0,9.0,10.0,3.0,0.0,8.0,12.0,1.0,0.0,8.0,8.0,10.0,0.0,0.0,2.0,171072.80526810294,23432.645305200276,24.0,220000.0,8.0,1,11.111243042510209
8811aa7945fffff,55.64077647267965,37.57410777069263,0.0,0.0,0.0,0.0,0.0,3.0,0.0,0.0,8.0,0.0,0.0,0.0,0.0,0.0,0.0,0.0,0.0,0.0,23432.645305200276,0.0,220000.0,1.0,1,12.676877751304948
8811aa7947fffff,55.645633216407596,37.58547326115183,1.0,4.0,4.0,2.0,0.0,0.0,3.0,1.0,2.0,0.0,1.0,4.0,1.0,2.0,0.0,0.0,2.0,214375.81672635855,23432.645305200276,4.0,220000.0,11.0,1,12.01502052737436
8811aa7949fffff,55.652557112726534,37.560898894043014,1.0,10.0,2.0,8.0,3.0,1.0,3.0,5.0,18.0,2.0,0.0,15.0,9.0,11.0,1.0,0.0,8.0,233071.73772026043,23432.645305200276,17.0,0.0,0.0,0,11.614724550740926
8811aa794bfffff,55.6574152164474,37.572264826726055,4.0,7.0,5.0,27.0,12.0,1.0,6.0,9.0,66.0,6.0,1.0,17.0,29.0,17.0,1.0,0.0,14.0,135289.83913024692,23432.645305200276,21.0,0.0,0.0,0,10.898992712501867
8811aa794dfffff,55.64423822030678,37.5618226428524,0.0,4.0,1.0,6.0,0.0,5.0,0.0,1.0,25.0,0.0,0.0,4.0,1.0,0.0,0.0,0.0,2.0,0.0,23432.645305200276,3.0,0.0,0.0,0,12.486632917651754
8811aa7951fffff,55.66712946104565,37.59500794105005,2.0,3.0,2.0,6.0,3.0,0.0,1.0,2.0,22.0,1.0,0.0,6.0,9.0,6.0,0.0,0.0,8.0,35727.323543582716,23432.645305200276,13.0,220000.0,10.0,1,9.55950010622916
8811aa7953fffff,55.67198560021779,37.60638512460979,5.0,9.0,10.0,7.0,9.0,0.0,3.0,15.0,85.0,0.0,0.0,11.0,6.0,7.0,0.0,0.0,4.0,432600.41127130616,23432.645305200276,14.0,220000.0,12.0,1,8.949559937051767
8811aa7955fffff,55.65880950989716,37.59592540137961,1.0,9.0,5.0,6.0,5.0,0.0,1.0,8.0,15.0,0.0,1.0,8.0,6.0,6.0,0.0,0.0,6.0,115588.96800833056,23432.645305200276,19.0,220000.0,2.0,1,10.471074715835782
8811aa7957fffff,55.66366529687062,37.60730048576819,1.0,4.0,6.0,3.0,5.0,1.0,3.0,5.0,7.0,1.0,0.0,23.0,12.0,11.0,1.0,0.0,2.0,135636.5261011385,23432.645305200276,28.0,0.0,0.0,0,9.870942352163757
8811aa7959fffff,55.67059201184437,37.582714586952555,4.0,6.0,1.0,4.0,6.0,3.0,4.0,2.0,19.0,2.0,1.0,11.0,30.0,8.0,1.0,0.0,12.0,394847.670892893,23432.645305200276,14.0,0.0,0.0,0,9.31811953061263
8811aa795bfffff,55.67544915909644,37.59409011769004,4.0,8.0,1.0,8.0,10.0,1.0,9.0,8.0,19.0,1.0,0.0,14.0,12.0,9.0,2.0,0.0,2.0,59201.287406631775,23432.645305200276,44.0,220000.0,0.0,0,8.651466940727346
8811aa795dfffff,55.662272666171255,37.583634508741845,2.0,5.0,6.0,2.0,2.0,0.0,2.0,1.0,5.0,0.0,0.0,10.0,5.0,6.0,1.0,0.0,4.0,342944.8108286601,23432.645305200276,23.0,220000.0,5.0,1,10.211854941677608
8811aa7961fffff,55.62899275772599,37.58731056010473,0.0,1.0,3.0,1.0,0.0,3.0,0.0,0.0,2.0,0.0,0.0,1.0,0.0,2.0,0.0,0.0,2.0,128079.00764224956,23432.645305200276,4.0,0.0,0.0,0,13.832319264507301
8811aa7963fffff,55.633848141323284,37.59867560633341,1.0,14.0,14.0,8.0,1.0,1.0,3.0,5.0,9.0,1.0,1.0,10.0,12.0,6.0,0.0,0.0,8.0,179835.09871723223,23432.645305200276,21.0,0.0,0.0,0,13.219763740878365
8811aa7965fffff,55.62067215090564,37.588228665072045,1.0,15.0,12.0,3.0,8.0,0.0,6.0,6.0,14.0,0.0,0.0,12.0,5.0,13.0,0.0,0.0,0.0,403633.7485454051,23432.645305200276,14.0,0.0,0.0,0,14.74464941069156
8811aa7967fffff,55.625527181242056,37.599591616688166,0.0,19.0,6.0,4.0,9.0,0.0,1.0,9.0,8.0,1.0,0.0,15.0,11.0,13.0,0.0,0.0,6.0,91413.16147589858,23432.645305200276,29.0,0.0,0.0,0,14.139157331170702
8811aa7969fffff,55.63245672254345,37.57502869637815,0.0,0.0,0.0,0.0,0.0,0.0,1.0,1.0,12.0,0.0,0.0,0.0,0.0,0.0,0.0,0.0,0.0,0.0,23432.645305200276,0.0,0.0,0.0,0,13.573714118278778
8811aa796bfffff,55.63731311300862,37.58639209220293,0.0,9.0,1.0,2.0,0.0,0.0,0.0,0.0,5.0,0.0,0.0,3.0,3.0,4.0,0.0,0.0,2.0,77614.00758190097,23432.645305200276,7.0,220000.0,1.0,1,12.92227204970287
8811aa796dfffff,55.624136720700164,37.57594925815234,0.0,0.0,0.0,0.0,0.0,3.0,1.0,0.0,9.0,0.0,0.0,0.0,0.0,0.0,0.0,0.0,0.0,16199.525022411175,23432.645305200276,0.0,0.0,0.0,0,14.474517397088718
8811aa7981fffff,55.6809911046222,37.688831329421504,1.0,8.0,5.0,6.0,4.0,0.0,1.0,5.0,14.0,1.0,0.0,20.0,12.0,12.0,0.0,0.0,8.0,193864.15011565713,23432.645305200276,28.0,0.0,0.0,0,9.167256005012696
8811aa7983fffff,55.68584091887019,37.7002322260414,4.0,18.0,2.0,12.0,5.0,0.0,9.0,4.0,13.0,0.0,0.0,9.0,1.0,5.0,1.0,3.0,4.0,636483.649693902,23432.645305200276,16.0,0.0,0.0,0,9.103511126699503
8811aa7985fffff,55.67266758439953,37.68973088477309,1.0,1.0,3.0,0.0,0.0,0.0,2.0,0.0,20.0,1.0,0.0,4.0,0.0,2.0,0.0,0.0,0.0,101072.30334752752,23432.645305200276,6.0,0.0,0.0,0,10.005985656892612
8811aa7987fffff,55.67751704877207,37.70112967246455,0.0,0.0,3.0,9.0,3.0,1.0,2.0,11.0,15.0,2.0,2.0,8.0,13.0,7.0,0.0,0.0,4.0,121175.1438522484,23432.645305200276,22.0,0.0,0.0,0,9.901314059247166
8811aa7989fffff,55.684463545600615,37.67653216738291,1.0,9.0,10.0,6.0,6.0,1.0,2.0,8.0,11.0,1.0,1.0,22.0,7.0,4.0,0.0,2.0,0.0,103433.9125553692,23432.645305200276,14.0,0.0,0.0,0,8.458060109167786
8811aa798bfffff,55.68931437136857,37.68793141781948,0.0,8.0,3.0,1.0,3.0,1.0,6.0,1.0,7.0,2.0,1.0,16.0,2.0,4.0,1.0,0.0,2.0,118734.93963400381,23432.645305200276,13.0,0.0,0.0,0,8.347561043539756
8811aa798dfffff,55.67614062891008,37.67743418717501,0.0,0.0,6.0,0.0,2.0,0.0,0.0,1.0,29.0,0.0,0.0,9.0,4.0,3.0,0.0,0.0,0.0,512126.60691023903,23432.645305200276,12.0,0.0,0.0,0,9.31743705757338
8811aa7991fffff,55.699014036583385,37.7107411872939,0.0,1.0,0.0,0.0,0.0,0.0,1.0,0.0,1.0,0.0,0.0,6.0,0.0,0.0,0.0,0.0,0.0,0.0,23432.645305200276,4.0,0.0,0.0,0,8.414429676027805
8811aa7993fffff,55.70386287431896,37.722151708236765,1.0,7.0,0.0,7.0,2.0,2.0,1.0,0.0,5.0,2.0,0.0,4.0,1.0,1.0,0.0,0.0,2.0,222739.2434434261,23432.645305200276,9.0,0.0,0.0,0,8.589602866373689
8811aa7995fffff,55.69069007079889,37.71163687798686,0.0,0.0,0.0,0.0,1.0,0.0,1.0,0.0,1.0,0.0,0.0,2.0,0.0,1.0,0.0,0.0,2.0,148911.3813891729,23432.645305200276,11.0,0.0,0.0,0,9.128035218618908
8811aa7997fffff,55.695538559552716,37.72304528620946,0.0,7.0,2.0,4.0,4.0,0.0,2.0,8.0,21.0,0.0,1.0,15.0,15.0,7.0,0.0,0.0,6.0,362639.0447303613,23432.645305200276,13.0,0.0,0.0,0,9.240146966976784
8811aa7999fffff,55.70248789775957,37.698436266546125,0.0,5.0,0.0,1.0,0.0,1.0,2.0,0.0,1.0,0.0,0.0,5.0,0.0,0.0,0.0,0.0,12.0,213688.93154787,23432.645305200276,5.0,0.0,0.0,0,7.597559126065193
8811aa799bfffff,55.707337748190895,37.709845141683076,1.0,4.0,0.0,1.0,0.0,0.0,1.0,1.0,1.0,0.0,0.0,3.0,0.0,0.0,0.0,0.0,0.0,1849279.0494389287,23432.645305200276,1.0,110000.0,0.0,0,7.74652301568167
8811aa799dfffff,55.69416453531465,37.69933442413887,0.0,2.0,0.0,0.0,0.0,0.0,0.0,0.0,0.0,0.0,0.0,0.0,0.0,0.0,0.0,2.0,0.0,31311.917575539403,23432.645305200276,0.0,0.0,0.0,0,8.33284215442058
8811aa79a1fffff,55.6608685489985,37.70292349971506,0.0,5.0,2.0,0.0,0.0,0.0,0.0,1.0,3.0,0.0,0.0,4.0,1.0,1.0,1.0,0.0,0.0,278820.94504798617,23432.645305200276,3.0,110000.0,6.0,1,11.555698151823885
8811aa79a3fffff,55.665716651842324,37.71432182266188,0.0,4.0,0.0,1.0,0.0,0.0,0.0,0.0,0.0,0.0,0.0,6.0,0.0,1.0,0.0,0.0,2.0,80881.2560801816,23432.645305200276,10.0,0.0,0.0,0,11.455306263357276
8811aa79a5fffff,55.6525439200151,37.7038198809632,2.0,2.0,0.0,6.0,0.0,1.0,4.0,3.0,34.0,0.0,0.0,9.0,2.0,7.0,1.0,0.0,2.0,63500.77503485624,23432.645305200276,17.0,110000.0,4.0,1,12.404454234359735
8811aa79a7fffff,55.65739167280906,37.715216095785784,0.0,13.0,0.0,4.0,3.0,0.0,2.0,1.0,4.0,0.0,0.0,11.0,7.0,1.0,1.0,0.0,8.0,362319.4378101572,23432.645305200276,19.0,110000.0,13.0,1,12.273608677963304
8811aa79a9fffff,55.66434381104646,37.690630084085285,0.0,0.0,0.0,0.0,0.0,0.0,1.0,0.0,0.0,0.0,0.0,0.0,0.0,0.0,0.0,0.0,0.0,0.0,23432.645305200276,0.0,0.0,0.0,0,10.85934711999616
8811aa79abfffff,55.66919292536617,37.70202676361894,0.0,0.0,0.0,0.0,0.0,0.0,1.0,0.0,0.0,0.0,0.0,2.0,0.0,0.0,0.0,0.0,0.0,47519.49820286417,23432.645305200276,0.0,0.0,0.0,0,10.720201487039162
8811aa79adfffff,55.656019784909,37.69152892756899,0.0,1.0,0.0,0.0,0.0,0.0,0.0,1.0,6.0,0.0,0.0,1.0,0.0,2.0,0.0,0.0,4.0,0.0,23432.645305200276,0.0,0.0,0.0,0,11.724152024077842
8811aa79b1fffff,55.67888916834017,37.72483138056091,2.0,9.0,2.0,17.0,5.0,0.0,7.0,7.0,82.0,2.0,2.0,8.0,16.0,9.0,1.0,0.0,6.0,114368.73941051663,23432.645305200276,14.0,0.0,0.0,0,10.665478097707421
8811aa79b3fffff,55.68373629528415,37.73623931986925,2.0,3.0,0.0,13.0,4.0,2.0,3.0,13.0,121.0,0.0,1.0,11.0,13.0,21.0,0.0,0.0,10.0,114562.73246140253,23432.645305200276,36.0,0.0,0.0,0,10.751075314770143
8811aa79b5fffff,55.67056409258576,37.72572389735911,0.0,17.0,0.0,10.0,1.0,0.0,4.0,3.0,29.0,0.0,0.0,10.0,2.0,3.0,0.0,0.0,2.0,118779.11688187969,23432.645305200276,8.0,0.0,0.0,0,11.424788115205422
8811aa79b7fffff,55.675410870373774,37.73712972475584,5.0,18.0,2.0,9.0,5.0,2.0,2.0,10.0,111.0,1.0,0.0,6.0,6.0,8.0,1.0,0.0,2.0,33109.90677866703,23432.645305200276,30.0,0.0,0.0,0,11.464719039196252
8811aa79b9fffff,55.68236585118325,37.712532213972395,1.0,1.0,0.0,1.0,1.0,0.0,2.0,4.0,33.0,0.0,0.0,7.0,4.0,12.0,0.0,4.0,6.0,48600.79205007714,23432.645305200276,11.0,0.0,0.0,0,9.877447320927557
8811aa79bbfffff,55.68721399077781,37.72393851024757,2.0,6.0,6.0,12.0,7.0,0.0,6.0,6.0,76.0,1.0,0.0,9.0,13.0,6.0,0.0,0.0,6.0,148476.18849365346,23432.645305200276,20.0,0.0,0.0,0,9.934987795124679
8811aa79bdfffff,55.67404137808239,37.71342719546072,1.0,1.0,0.0,0.0,0.0,0.0,1.0,1.0,3.0,0.0,1.0,3.0,1.0,2.0,0.0,0.0,4.0,36177.71110290752,23432.645305200276,7.0,0.0,0.0,0,10.655120298451937
8811aa79c1fffff,55.683081874235405,37.652838339927094,0.0,1.0,5.0,1.0,7.0,1.0,2.0,2.0,16.0,0.0,1.0,8.0,5.0,7.0,2.0,0.0,6.0,592079.8700156435,23432.645305200276,22.0,110000.0,7.0,1,8.043381509472296
8811aa79c3fffff,55.687934371675475,37.66423218740055,0.0,7.0,2.0,5.0,0.0,1.0,3.0,2.0,4.0,0.0,0.0,8.0,3.0,5.0,0.0,0.0,4.0,850313.9452958464,23432.645305200276,39.0,110000.0,5.0,1,7.780496066493191
8811aa79c5fffff,55.67475991201922,37.65374493034429,2.0,4.0,2.0,13.0,5.0,2.0,2.0,4.0,8.0,0.0,1.0,11.0,5.0,4.0,2.0,0.0,2.0,239973.48504454817,23432.645305200276,18.0,110000.0,3.0,1,8.949059630242724
8811aa79c7fffff,55.67961205886592,37.66513667187582,5.0,12.0,10.0,45.0,24.0,0.0,7.0,16.0,25.0,4.0,3.0,30.0,60.0,39.0,2.0,0.0,40.0,307394.47746746667,23432.645305200276,19.0,0.0,0.0,0,8.66065110360307
8811aa79c9fffff,55.68655007498731,37.640539192380835,0.0,0.0,1.0,0.0,0.0,0.0,2.0,0.0,1.0,0.0,0.0,4.0,0.0,0.0,0.0,0.0,0.0,4062.736303428801,23432.645305200276,1.0,0.0,0.0,0,7.47539052241395
8811aa79cbfffff,55.69140358281525,37.65193139052662,0.0,0.0,3.0,9.0,2.0,0.0,0.0,3.0,25.0,0.0,0.0,4.0,1.0,3.0,0.0,2.0,6.0,110050.34476775947,23432.645305200276,0.0,0.0,0.0,0,7.1435356645491135
8811aa79cdfffff,55.67822871718075,37.641448246983096,1.0,7.0,4.0,11.0,7.0,0.0,2.0,4.0,4.0,2.0,0.0,6.0,10.0,9.0,1.0,0.0,4.0,174280.0924624022,23432.645305200276,22.0,110000.0,2.0,1,8.39441812048727
8811aa79d1fffff,55.70110861770123,37.67472705589021,4.0,1.0,8.0,2.0,5.0,6.0,5.0,12.0,27.0,2.0,5.0,7.0,6.0,8.0,1.0,2.0,10.0,71707.17548651826,23432.645305200276,14.0,110000.0,4.0,1,6.794063586490506
8811aa79d3fffff,55.70596014304899,37.686130525019,3.0,11.0,2.0,26.0,17.0,3.0,7.0,17.0,28.0,5.0,1.0,12.0,30.0,12.0,1.0,0.0,20.0,291786.87209551746,23432.645305200276,39.0,110000.0,7.0,1,6.79269122822737
8811aa79d5fffff,55.69278620864626,37.675629790358585,6.0,2.0,1.0,14.0,0.0,0.0,4.0,8.0,7.0,0.0,0.0,5.0,10.0,1.0,0.0,2.0,0.0,595997.9415260061,23432.645305200276,5.0,0.0,0.0,0,7.614922960877729
8811aa79d7fffff,55.69763738429276,37.687031149755775,9.0,1.0,0.0,5.0,0.0,1.0,6.0,3.0,77.0,0.0,0.0,2.0,1.0,5.0,0.0,0.0,2.0,99959.557916492,23432.645305200276,4.0,110000.0,0.0,0,7.553090840456777
8811aa79d9fffff,55.7045782355084,37.66242214359526,5.0,2.0,12.0,30.0,23.0,2.0,3.0,17.0,66.0,10.0,2.0,18.0,32.0,34.0,0.0,0.0,40.0,189826.65663106038,23432.645305200276,49.0,110000.0,0.0,0,6.063507159812889
8811aa79dbfffff,55.70943077241977,37.67382396376582,5.0,14.0,17.0,28.0,12.0,2.0,3.0,19.0,14.0,2.0,2.0,11.0,51.0,14.0,3.0,0.0,16.0,325621.04500626936,23432.645305200276,13.0,110000.0,0.0,0,6.004613185469258
8811aa79ddfffff,55.696256430671546,37.663327344711156,7.0,3.0,2.0,16.0,3.0,2.0,6.0,5.0,29.0,4.0,1.0,15.0,31.0,15.0,0.0,0.0,10.0,725356.7767510079,23432.645305200276,31.0,110000.0,4.0,1,6.91297680078614
8811aa79e1fffff,55.66296667318965,37.66694456703275,0.0,0.0,0.0,2.0,0.0,1.0,2.0,4.0,28.0,5.0,1.0,0.0,1.0,3.0,0.0,0.0,0.0,0.0,23432.645305200276,0.0,0.0,0.0,0,10.446082547048015
8811aa79e3fffff,55.66781745892053,37.678335849946514,0.0,0.0,0.0,1.0,0.0,0.0,1.0,5.0,24.0,1.0,0.0,0.0,0.0,0.0,0.0,2.0,0.0,0.0,23432.645305200276,0.0,0.0,0.0,0,10.188952592291184
8811aa79e5fffff,55.65464360101472,37.667847978138354,0.0,0.0,0.0,6.0,0.0,0.0,4.0,0.0,25.0,1.0,0.0,0.0,0.0,0.0,1.0,0.0,0.0,0.0,23432.645305200276,0.0,0.0,0.0,0,11.347419789845237
8811aa79e9fffff,55.66643769651247,37.65465116199082,1.0,3.0,0.0,5.0,1.0,0.0,1.0,4.0,28.0,3.0,0.0,10.0,3.0,6.0,1.0,0.0,0.0,122960.95666241014,23432.645305200276,18.0,110.0,0.0,0,9.858970225065692
8811aa79ebfffff,55.67128949258869,37.66604079834921,3.0,3.0,4.0,20.0,7.0,2.0,4.0,8.0,57.0,3.0,0.0,5.0,9.0,13.0,2.0,0.0,6.0,140696.97689109016,23432.645305200276,2.0,0.0,0.0,0,9.549956520527465
8811aa79edfffff,55.65811522806103,37.655557035079184,2.0,0.0,0.0,7.0,0.0,0.0,2.0,1.0,72.0,6.0,0.0,2.0,8.0,7.0,0.0,0.0,0.0,348012.3942754326,23432.645305200276,9.0,110.0,0.0,0,10.772047547117104
8811aa7a01fffff,55.729458310976376,37.51656901144444,1.0,1.0,0.0,1.0,1.0,0.0,6.0,0.0,12.0,1.0,1.0,4.0,0.0,0.0,0.0,0.0,2.0,40885.47414893354,23432.645305200276,7.0,110000.0,4.0,1,6.71570275971884
8811aa7a03fffff,55.73432225755673,37.52794674371227,3.0,3.0,1.0,16.0,14.0,7.0,9.0,15.0,71.0,4.0,4.0,3.0,24.0,16.0,1.0,0.0,28.0,88510.77541860483,23432.645305200276,15.0,110000.0,6.0,1,5.853918262105506
8811aa7a05fffff,55.72114327191147,37.517503090809264,3.0,6.0,2.0,6.0,1.0,0.0,2.0,2.0,7.0,1.0,0.0,10.0,2.0,12.0,2.0,0.0,6.0,0.0,23432.645305200276,14.0,110000.0,1.0,1,7.06593631776505
8811aa7a07fffff,55.726006866102125,37.52887872455356,3.0,3.0,3.0,9.0,7.0,7.0,3.0,6.0,20.0,0.0,0.0,10.0,8.0,8.0,2.0,0.0,6.0,171385.48803903535,23432.645305200276,20.0,110000.0,1.0,1,6.178698420172688
8811aa7a09fffff,55.73290814056465,37.5042584941046,0.0,4.0,1.0,8.0,2.0,0.0,32.0,6.0,5.0,1.0,1.0,2.0,2.0,0.0,0.0,0.0,4.0,24524.192530384335,23432.645305200276,13.0,220000.0,0.0,0,7.315443006419303
8811aa7a0bfffff,55.73777309420287,37.51563456207572,5.0,6.0,1.0,10.0,15.0,0.0,15.0,20.0,57.0,24.0,1.0,20.0,32.0,15.0,2.0,0.0,20.0,215828.46736595003,23432.645305200276,27.0,220000.0,0.0,0,6.480349086872144
8811aa7a0dfffff,55.724593709906536,37.50519504124807,4.0,0.0,1.0,2.0,0.0,1.0,1.0,1.0,3.0,1.0,0.0,3.0,2.0,0.0,0.0,0.0,0.0,63498.94853130885,23432.645305200276,1.0,220000.0,5.0,1,7.585530094958164
8811aa7a11fffff,55.74750103609173,37.53839798974088,11.0,14.0,2.0,133.0,19.0,9.0,16.0,37.0,15.0,15.0,1.0,29.0,117.0,40.0,1.0,6.0,102.0,129919.78950642567,23432.645305200276,44.0,110000.0,0.0,0,4.876060925207909
8811aa7a13fffff,55.7523640226332,37.54978535137381,5.0,6.0,0.0,13.0,1.0,2.0,0.0,4.0,197.0,2.0,0.0,10.0,6.0,5.0,18.0,4.0,6.0,168623.87794694194,23432.645305200276,22.0,110000.0,0.0,0,4.13262537989636
8811aa7a15fffff,55.73918554879347,37.53932823902061,8.0,4.0,1.0,11.0,18.0,5.0,18.0,16.0,49.0,20.0,0.0,12.0,35.0,24.0,2.0,0.0,42.0,166375.03886469055,23432.645305200276,36.0,110000.0,2.0,1,5.004373151443053
8811aa7a17fffff,55.74404818383213,37.55071349833798,5.0,8.0,6.0,32.0,18.0,1.0,10.0,17.0,40.0,6.0,2.0,9.0,34.0,29.0,2.0,0.0,26.0,418630.2807311939,23432.645305200276,52.0,0.0,0.0,0,4.174594074665281
8811aa7a19fffff,55.75095227207698,37.5260816740915,1.0,9.0,1.0,6.0,7.0,1.0,1.0,5.0,3.0,2.0,0.0,2.0,3.0,6.0,1.0,0.0,6.0,281749.8920592891,23432.645305200276,10.0,220000.0,0.0,0,5.622786575998601
8811aa7a1bfffff,55.755816266854005,37.537467371767924,0.0,6.0,7.0,5.0,3.0,1.0,1.0,4.0,7.0,0.0,0.0,10.0,8.0,4.0,2.0,0.0,6.0,206521.02242423603,23432.645305200276,25.0,0.0,0.0,0,4.922324014598572
8811aa7a1dfffff,55.74263739299669,37.52701439363124,10.0,15.0,0.0,44.0,13.0,0.0,19.0,32.0,32.0,14.0,0.0,4.0,37.0,15.0,3.0,0.0,36.0,301968.58328210283,23432.645305200276,14.0,220000.0,0.0,0,5.6640574189140445
8811aa7a21fffff,55.709375316529446,37.53074157939201,1.0,0.0,0.0,0.0,0.0,1.0,4.0,0.0,12.0,3.0,0.0,7.0,1.0,0.0,0.0,0.0,0.0,167175.94080670053,23432.645305200276,24.0,0.0,0.0,0,7.152359124264542
8811aa7a23fffff,55.714237551133465,37.54211677688525,2.0,0.0,0.0,3.0,0.0,0.0,6.0,6.0,10.0,1.0,0.0,2.0,2.0,0.0,0.0,2.0,0.0,0.0,23432.645305200276,16.0,0.0,0.0,0,6.25899931100749
8811aa7a25fffff,55.70105915910176,37.53167245382626,20.0,1.0,0.0,16.0,2.0,0.0,18.0,2.0,51.0,0.0,0.0,13.0,1.0,11.0,1.0,0.0,0.0,380608.99664420704,23432.645305200276,57.0,0.0,0.0,0,7.760702706555435
8811aa7a27fffff,55.70592104114224,37.54304555357604,1.0,2.0,3.0,5.0,0.0,0.0,11.0,5.0,44.0,0.0,0.0,7.0,6.0,0.0,1.0,0.0,0.0,149706.67205745378,23432.645305200276,24.0,0.0,0.0,0,6.879583099736092
8811aa7a29fffff,55.712827977353264,37.518436800389395,2.0,1.0,4.0,9.0,3.0,0.0,0.0,4.0,6.0,3.0,1.0,6.0,2.0,10.0,2.0,0.0,14.0,62343.26395147066,23432.645305200276,32.0,0.0,0.0,0,7.515014894926566
8811aa7a2bfffff,55.71769121897798,37.52981033637392,0.0,0.0,0.0,1.0,0.0,0.0,0.0,1.0,0.0,0.0,0.0,2.0,0.0,0.0,0.0,0.0,0.0,93339.98888651468,23432.645305200276,7.0,0.0,0.0,0,6.618576823868788
8811aa7a2dfffff,55.704512427646904,37.5193701404039,9.0,3.0,0.0,14.0,4.0,0.0,9.0,5.0,7.0,3.0,0.0,17.0,5.0,6.0,0.0,0.0,8.0,168206.34324957547,23432.645305200276,67.0,0.0,0.0,0,8.04641465894856
8811aa7a31fffff,55.72741573747306,37.552568689358246,15.0,3.0,0.0,6.0,0.0,0.0,22.0,2.0,46.0,0.0,0.0,8.0,5.0,7.0,1.0,0.0,4.0,25200.3111638348,23432.645305200276,34.0,0.0,0.0,0,4.825829690932221
8811aa7a33fffff,55.73227701263526,37.56395350829188,4.0,4.0,2.0,17.0,7.0,2.0,16.0,14.0,90.0,2.0,0.0,13.0,22.0,4.0,3.0,0.0,24.0,95931.86072630006,23432.645305200276,47.0,110000.0,0.0,0,3.9296806312536483
8811aa7a35fffff,55.719099130605336,37.55349573385016,1.0,0.0,1.0,4.0,1.0,0.0,28.0,2.0,37.0,3.0,0.0,1.0,0.0,0.0,0.0,0.0,2.0,1135659.5365643317,23432.645305200276,24.0,0.0,0.0,0,5.366719718693842
8811aa7a37fffff,55.723960054091044,37.56487845125274,21.0,3.0,7.0,54.0,21.0,2.0,11.0,20.0,150.0,4.0,3.0,14.0,29.0,29.0,2.0,0.0,26.0,381514.87061322137,23432.645305200276,77.0,0.0,0.0,0,4.476210791970887
8811aa7a39fffff,55.73086980530426,37.54025811982567,3.0,5.0,1.0,1.0,1.0,0.0,2.0,1.0,7.0,0.0,1.0,9.0,2.0,6.0,0.0,0.0,8.0,10455.95003370654,23432.645305200276,8.0,110000.0,2.0,1,5.294597521765959
8811aa7a3bfffff,55.73573208866372,37.551641277593454,4.0,1.0,0.0,10.0,7.0,0.0,3.0,1.0,4.0,2.0,0.0,4.0,10.0,7.0,0.0,0.0,20.0,53592.77122714259,23432.645305200276,8.0,110000.0,2.0,1,4.415563350754421
8811aa7a3dfffff,55.72255380596922,37.54118763237448,0.0,1.0,0.0,6.0,0.0,0.0,3.0,11.0,9.0,1.0,0.0,0.0,2.0,0.0,1.0,3.0,0.0,157860.08297330863,23432.645305200276,11.0,0.0,0.0,0,5.722163440311029
8811aa7a41fffff,55.73148974097334,37.480576534365596,0.0,3.0,0.0,19.0,2.0,1.0,1.0,3.0,1.0,1.0,0.0,4.0,40.0,4.0,0.0,0.0,10.0,172150.4066555736,23432.645305200276,21.0,0.0,0.0,0,8.788438149705096
8811aa7a43fffff,55.736356354839955,37.491947173591946,0.0,9.0,4.0,19.0,15.0,0.0,3.0,12.0,22.0,10.0,5.0,8.0,18.0,13.0,1.0,0.0,16.0,207817.61108078508,23432.645305200276,36.0,220000.0,2.0,1,7.963726913783374
8811aa7a45fffff,55.7231762721708,37.48151764503398,1.0,5.0,1.0,1.0,1.0,0.0,0.0,7.0,1.0,0.0,0.0,9.0,0.0,3.0,0.0,0.0,0.0,136819.2066094205,23432.645305200276,8.0,0.0,0.0,0,9.020969645743095
8811aa7a47fffff,55.72804253293608,37.49288618874762,2.0,4.0,0.0,3.0,0.0,0.0,4.0,3.0,10.0,1.0,0.0,7.0,0.0,0.0,0.0,0.0,0.0,18567.484924031767,23432.645305200276,27.0,220000.0,0.0,0,8.163546733512286
8811aa7a49fffff,55.73493533399196,37.46826607916013,4.0,0.0,6.0,12.0,16.0,2.0,35.0,9.0,8.0,2.0,3.0,18.0,19.0,18.0,0.0,0.0,12.0,207051.71772185765,23432.645305200276,16.0,110000.0,6.0,1,9.450884615147276
8811aa7a4bfffff,55.73980295377566,37.47963505096483,1.0,1.0,1.0,16.0,15.0,0.0,2.0,7.0,61.0,3.0,2.0,19.0,20.0,13.0,1.0,0.0,16.0,134950.05388587088,23432.645305200276,31.0,110000.0,10.0,1,8.64961774614528
8811aa7a4dfffff,55.72662247446922,37.469209657323105,2.0,2.0,3.0,16.0,8.0,1.0,2.0,9.0,19.0,0.0,2.0,12.0,35.0,6.0,0.0,0.0,10.0,439479.39347877225,23432.645305200276,9.0,0.0,0.0,0,9.625936893387196
8811aa7a51fffff,55.749536233514,37.502384286636776,2.0,3.0,9.0,4.0,5.0,2.0,3.0,10.0,25.0,1.0,0.0,12.0,4.0,10.0,3.0,0.0,4.0,145423.92726410023,23432.645305200276,20.0,110000.0,6.0,1,7.115397916614526
8811aa7a53fffff,55.75440189176053,37.51376455244882,1.0,13.0,7.0,35.0,14.0,0.0,3.0,30.0,13.0,2.0,5.0,9.0,25.0,11.0,4.0,2.0,16.0,190244.28127298597,23432.645305200276,21.0,110000.0,1.0,1,6.398907372230832
8811aa7a55fffff,55.74122231521546,37.50332157597416,5.0,5.0,1.0,64.0,12.0,2.0,6.0,27.0,48.0,9.0,1.0,10.0,66.0,27.0,0.0,0.0,50.0,552347.2668428788,23432.645305200276,31.0,110000.0,8.0,1,7.156253380384262
8811aa7a57fffff,55.74608762124591,37.51469974248369,3.0,6.0,7.0,32.0,10.0,1.0,7.0,21.0,33.0,7.0,1.0,15.0,30.0,14.0,1.0,0.0,10.0,161816.64970063916,23432.645305200276,21.0,220000.0,19.0,1,6.372604714389117
8811aa7a59fffff,55.752983229774166,37.490068027149675,4.0,1.0,0.0,5.0,0.0,2.0,9.0,1.0,7.0,2.0,0.0,7.0,4.0,0.0,0.0,0.0,0.0,289878.55768201046,23432.645305200276,2.0,0.0,0.0,0,7.882730495087194
8811aa7a5bfffff,55.757849895115335,37.50144662587229,0.0,2.0,0.0,2.0,1.0,0.0,3.0,0.0,0.0,0.0,0.0,6.0,2.0,4.0,0.0,0.0,2.0,12169.077528555868,23432.645305200276,2.0,110000.0,0.0,0,7.194882473067454
8811aa7a5dfffff,55.744669920567624,37.49100778646615,3.0,1.0,1.0,13.0,12.0,2.0,2.0,12.0,85.0,11.0,0.0,10.0,18.0,14.0,0.0,0.0,20.0,90008.31466803781,23432.645305200276,18.0,110000.0,6.0,1,7.868861236344025
8811aa7a61fffff,55.71141412197964,37.49476310402997,0.0,5.0,0.0,1.0,1.0,0.0,3.0,1.0,3.0,0.0,0.0,8.0,3.0,6.0,0.0,0.0,8.0,310968.93473644817,23432.645305200276,6.0,220000.0,0.0,0,8.84595508007131
8811aa7a63fffff,55.71627902358616,37.50613121762438,3.0,6.0,2.0,2.0,1.0,0.0,1.0,6.0,7.0,1.0,0.0,4.0,2.0,3.0,1.0,0.0,8.0,244913.86715641635,23432.645305200276,8.0,0.0,0.0,0,7.955236702375148
8811aa7a65fffff,55.703099533617234,37.495701004596896,12.0,6.0,4.0,12.0,12.0,1.0,1.0,14.0,41.0,0.0,2.0,8.0,7.0,11.0,2.0,0.0,6.0,739003.593874079,23432.645305200276,26.0,110000.0,0.0,0,9.307851105275638
8811aa7a67fffff,55.707964081948624,37.507067023453146,2.0,7.0,3.0,11.0,4.0,1.0,2.0,3.0,7.0,0.0,0.0,12.0,15.0,7.0,0.0,0.0,8.0,419676.7485385822,23432.645305200276,43.0,0.0,0.0,0,8.41144612008047
8811aa7a69fffff,55.714862547713004,37.48245838319075,0.0,2.0,1.0,1.0,2.0,2.0,0.0,0.0,3.0,0.0,0.0,2.0,1.0,0.0,0.0,0.0,2.0,532286.6315690173,23432.645305200276,3.0,0.0,0.0,0,9.340223714109142
8811aa7a6bfffff,55.71972845520094,37.49382483215356,1.0,2.0,0.0,1.0,0.0,1.0,4.0,2.0,5.0,0.0,0.0,4.0,0.0,0.0,0.0,0.0,0.0,51916.76557243761,23432.645305200276,8.0,220000.0,3.0,1,8.460896597097328
8811aa7a6dfffff,55.70654856794501,37.483398749056555,4.0,2.0,0.0,8.0,12.0,0.0,3.0,5.0,7.0,0.0,0.0,9.0,10.0,10.0,0.0,0.0,10.0,555978.0932660683,23432.645305200276,12.0,220000.0,3.0,1,9.737681912681952
8811aa7a81fffff,55.76349214490375,37.59629219504865,57.0,17.0,1.0,106.0,47.0,11.0,18.0,103.0,219.0,41.0,3.0,6.0,116.0,32.0,2.0,1.0,46.0,44866.74123706117,23432.645305200276,75.0,0.0,0.0,0,1.7464392749115898
8811aa7a83fffff,55.76835148612218,37.607696288919534,24.0,17.0,2.0,120.0,27.0,23.0,37.0,88.0,117.0,47.0,2.0,36.0,64.0,47.0,5.0,0.0,88.0,69453.66049701274,23432.645305200276,66.0,110000.0,0.0,0,1.8654639983593138
8811aa7a85fffff,55.75517464657808,37.597211552959045,24.0,12.0,6.0,82.0,26.0,22.0,14.0,95.0,138.0,30.0,0.0,21.0,106.0,41.0,2.0,0.0,54.0,114360.6633757182,23432.645305200276,89.0,110000.0,0.0,0,1.201153561145186
8811aa7a87fffff,55.760033637898516,37.60861353770369,23.0,14.0,5.0,109.0,25.0,24.0,22.0,76.0,96.0,33.0,0.0,12.0,95.0,43.0,5.0,0.0,54.0,146287.6617443363,23432.645305200276,47.0,0.0,0.0,0,0.9762696673057625
8811aa7a89fffff,55.76694903438331,37.583970039095796,5.0,12.0,12.0,48.0,34.0,4.0,13.0,35.0,66.0,7.0,4.0,11.0,75.0,23.0,3.0,0.0,32.0,363531.464373496,23432.645305200276,36.0,110000.0,0.0,0,2.5767461655268646
8811aa7a8bfffff,55.771809386155724,37.59537247250258,20.0,19.0,2.0,97.0,34.0,12.0,10.0,86.0,154.0,18.0,2.0,17.0,76.0,55.0,2.0,0.0,86.0,173124.26408258273,23432.645305200276,94.0,110000.0,0.0,0,2.5256694461803577
8811aa7a8dfffff,55.75863214320943,37.58489187002108,14.0,21.0,3.0,57.0,16.0,5.0,22.0,35.0,77.0,25.0,0.0,20.0,44.0,31.0,5.0,0.0,42.0,121794.76903180026,23432.645305200276,67.0,110000.0,0.0,0,2.0567502977576106
8811aa7a91fffff,55.78152810634523,37.61818865136465,6.0,7.0,6.0,18.0,18.0,1.0,6.0,15.0,107.0,6.0,0.0,23.0,16.0,12.0,2.0,1.0,14.0,104263.79488948442,23432.645305200276,48.0,220000.0,0.0,0,3.2693606530292776
8811aa7a93fffff,55.78638647304806,37.629602398751075,8.0,12.0,3.0,42.0,58.0,4.0,13.0,44.0,55.0,17.0,4.0,10.0,52.0,41.0,6.0,0.0,68.0,317035.1698491664,23432.645305200276,57.0,220000.0,0.0,0,3.9063843749013225
8811aa7a95fffff,55.77321016600805,37.61910415259894,21.0,23.0,10.0,57.0,38.0,18.0,23.0,61.0,185.0,20.0,0.0,13.0,62.0,51.0,6.0,0.0,36.0,212841.82959021552,23432.645305200276,49.0,220000.0,0.0,0,2.3495394186261644
8811aa7a97fffff,55.778068183704335,37.630515787051515,10.0,2.0,3.0,73.0,31.0,5.0,16.0,32.0,50.0,12.0,1.0,31.0,46.0,37.0,0.0,0.0,48.0,159138.9246778289,23432.645305200276,51.0,110000.0,0.0,0,3.028462474917096
8811aa7a99fffff,55.78498641047298,37.60586069953972,7.0,15.0,8.0,25.0,12.0,3.0,8.0,41.0,41.0,2.0,2.0,28.0,19.0,15.0,4.0,0.0,26.0,286382.0505745217,23432.645305200276,33.0,0.0,0.0,0,3.7011898700809533
8811aa7a9bfffff,55.789845788910014,37.61727278682097,5.0,11.0,5.0,32.0,22.0,2.0,8.0,35.0,77.0,1.0,1.0,23.0,41.0,24.0,1.0,0.0,18.0,286710.988207267,23432.645305200276,55.0,220000.0,0.0,0,4.1927086825006885
8811aa7a9dfffff,55.77666907709534,37.606778676270245,13.0,15.0,4.0,47.0,33.0,5.0,5.0,47.0,161.0,19.0,3.0,29.0,33.0,30.0,3.0,0.0,38.0,168873.9056114709,23432.645305200276,46.0,0.0,0.0,0,2.780031207242208
8811aa7aa1fffff,55.743397171080154,37.61044694454008,15.0,10.0,0.0,54.0,3.0,8.0,32.0,34.0,111.0,28.0,0.0,17.0,27.0,24.0,2.0,4.0,26.0,272273.0069619749,23432.645305200276,70.0,110000.0,0.0,0,1.0321247657857386
8811aa7aa3fffff,55.74825480181273,37.62184847860146,7.0,11.0,2.0,17.0,2.0,5.0,96.0,21.0,72.0,16.0,0.0,12.0,9.0,22.0,1.0,2.0,10.0,617475.9938721398,23432.645305200276,76.0,110000.0,0.0,0,0.588976319302347
8811aa7aa5fffff,55.73507855317582,37.61136310302361,15.0,14.0,5.0,35.0,14.0,4.0,145.0,31.0,141.0,15.0,2.0,9.0,36.0,23.0,2.0,0.0,46.0,108857.59235133711,23432.645305200276,47.0,0.0,0.0,0,1.9247363950377263
8811aa7aa7fffff,55.739935833836874,37.62276252875326,29.0,17.0,2.0,68.0,28.0,10.0,20.0,57.0,97.0,30.0,0.0,23.0,63.0,61.0,5.0,0.0,66.0,69379.21827498187,23432.645305200276,60.0,0.0,0.0,0,1.4376403225536978
8811aa7aa9fffff,55.74685689152381,37.59813054645012,24.0,16.0,6.0,60.0,22.0,11.0,45.0,57.0,72.0,20.0,0.0,15.0,48.0,28.0,5.0,0.0,46.0,57444.27607242664,23432.645305200276,86.0,110000.0,0.0,0,1.2479237441596274
8811aa7aabfffff,55.75171553276946,37.609530422838624,10.0,8.0,0.0,39.0,4.0,11.0,72.0,29.0,172.0,23.0,0.0,25.0,16.0,21.0,5.0,0.0,20.0,172405.52507345413,23432.645305200276,46.0,110000.0,0.0,0,0.38491764972276477
8811aa7aadfffff,55.73853888008609,37.59904917573802,23.0,41.0,5.0,42.0,14.0,6.0,13.0,36.0,67.0,18.0,1.0,12.0,27.0,26.0,1.0,0.0,38.0,209806.86741068776,23432.645305200276,79.0,110000.0,0.0,0,1.8422349342442716
8811aa7ab1fffff,55.761430832548996,37.6323414769034,55.0,7.0,3.0,128.0,34.0,33.0,19.0,133.0,89.0,48.0,0.0,18.0,103.0,55.0,7.0,0.0,112.0,139008.6146630081,23432.645305200276,90.0,0.0,0.0,0,1.4700500872318696
8811aa7ab3fffff,55.76628748936964,37.64375265650577,45.0,27.0,5.0,71.0,33.0,19.0,50.0,67.0,153.0,36.0,0.0,27.0,65.0,66.0,10.0,0.0,98.0,111383.84375855546,23432.645305200276,83.0,0.0,0.0,0,2.3630230039260676
8811aa7ab5fffff,55.75311177142763,37.633253778884836,7.0,4.0,0.0,64.0,23.0,5.0,117.0,76.0,106.0,26.0,0.0,29.0,40.0,35.0,4.0,0.0,44.0,420995.3974687455,23432.645305200276,60.0,0.0,0.0,0,1.1131311000691666
8811aa7ab7fffff,55.757968079068355,37.64466284635234,33.0,15.0,7.0,100.0,43.0,22.0,97.0,115.0,164.0,31.0,1.0,10.0,101.0,29.0,8.0,0.0,76.0,56262.303758624585,23432.645305200276,88.0,0.0,0.0,0,1.9344718072639202
8811aa7ab9fffff,55.7648919682435,37.62001929073954,47.0,11.0,2.0,106.0,35.0,21.0,22.0,99.0,194.0,37.0,1.0,17.0,167.0,48.0,1.0,0.0,52.0,69547.02256134499,23432.645305200276,83.0,0.0,0.0,0,1.4400709110493137
8811aa7abbfffff,55.76974963675628,37.63142881303059,11.0,38.0,9.0,104.0,47.0,13.0,53.0,110.0,97.0,40.0,1.0,17.0,93.0,51.0,3.0,0.0,132.0,173389.4953610475,23432.645305200276,94.0,220000.0,0.0,0,2.192092944867405
8811aa7abdfffff,55.75657351339668,37.620934066001944,13.0,15.0,3.0,115.0,16.0,1.0,35.0,47.0,141.0,25.0,0.0,29.0,167.0,42.0,4.0,0.0,24.0,278095.7231215465,23432.645305200276,39.0,0.0,0.0,0,0.5909940605501663
8811aa7ac1fffff,55.76554228482533,37.560250069205445,7.0,5.0,5.0,34.0,25.0,1.0,7.0,24.0,42.0,10.0,2.0,25.0,47.0,31.0,1.0,0.0,32.0,184559.74640853572,23432.645305200276,41.0,110000.0,0.0,0,3.7791098935455705
8811aa7ac3fffff,55.77040430630846,37.57164707090455,8.0,15.0,6.0,16.0,12.0,7.0,8.0,24.0,28.0,4.0,0.0,10.0,18.0,13.0,3.0,0.0,26.0,273752.08521619526,23432.645305200276,36.0,0.0,0.0,0,3.4236410704651026
8811aa7ac5fffff,55.757226351766015,37.56117647949865,6.0,14.0,2.0,41.0,10.0,3.0,9.0,31.0,30.0,3.0,0.0,11.0,23.0,13.0,4.0,2.0,32.0,436472.75955160765,23432.645305200276,44.0,110000.0,0.0,0,3.4626305864714384
8811aa7ac7fffff,55.762088022634664,37.57257137508348,8.0,6.0,6.0,57.0,24.0,5.0,14.0,45.0,61.0,17.0,4.0,22.0,68.0,39.0,1.0,0.0,40.0,185149.56332723206,23432.645305200276,55.0,110000.0,0.0,0,2.9171940479407046
8811aa7ac9fffff,55.76899492975329,37.547927953446646,0.0,3.0,0.0,1.0,0.0,0.0,0.0,0.0,2.0,1.0,0.0,2.0,1.0,2.0,0.0,0.0,4.0,116335.67464416624,23432.645305200276,5.0,0.0,0.0,0,4.641624380248902
8811aa7acbfffff,55.77385796065084,37.55932329153479,1.0,7.0,4.0,4.0,2.0,1.0,7.0,5.0,5.0,1.0,1.0,4.0,5.0,7.0,0.0,0.0,4.0,187270.62321086362,23432.645305200276,15.0,0.0,0.0,0,4.27722409444588
8811aa7acdfffff,55.76067960472192,37.54885683648281,5.0,7.0,7.0,33.0,21.0,1.0,6.0,16.0,23.0,0.0,3.0,6.0,16.0,15.0,1.0,0.0,10.0,189357.13963209177,23432.645305200276,40.0,110000.0,0.0,0,4.2954769613463935
8811aa7ad1fffff,55.783582044660044,37.58212528016153,7.0,15.0,6.0,40.0,14.0,5.0,5.0,28.0,65.0,3.0,2.0,9.0,27.0,12.0,7.0,0.0,20.0,290446.5029754497,23432.645305200276,33.0,0.0,0.0,0,4.077080644307963
8811aa7ad3fffff,55.7884430960585,37.59353193263726,1.0,4.0,8.0,27.0,22.0,3.0,3.0,27.0,24.0,12.0,1.0,14.0,37.0,29.0,1.0,0.0,46.0,351875.7855392034,23432.645305200276,29.0,0.0,0.0,0,4.2663041116601965
8811aa7ad5fffff,55.77526566831517,37.583047842548304,14.0,19.0,6.0,119.0,47.0,8.0,19.0,65.0,117.0,28.0,0.0,33.0,90.0,72.0,3.0,0.0,76.0,434587.0040696451,23432.645305200276,101.0,110000.0,0.0,0,3.2818376913004714
8811aa7ad7fffff,55.780126369988956,37.59445238510434,15.0,10.0,7.0,168.0,46.0,5.0,12.0,92.0,95.0,17.0,2.0,18.0,80.0,41.0,6.0,0.0,74.0,141459.15503640898,23432.645305200276,72.0,0.0,0.0,0,3.3807527739614276
8811aa7ad9fffff,55.78703610108004,37.569797362502555,2.0,9.0,2.0,27.0,12.0,4.0,9.0,12.0,132.0,3.0,0.0,14.0,17.0,26.0,0.0,0.0,24.0,115679.06391359346,23432.645305200276,58.0,0.0,0.0,0,4.827770596001255
8811aa7adbfffff,55.79189816307301,37.58120235171821,7.0,8.0,1.0,51.0,21.0,3.0,9.0,18.0,39.0,10.0,3.0,26.0,45.0,31.0,3.0,0.0,34.0,266097.9366685987,23432.645305200276,71.0,110000.0,0.0,0,4.918928304820264
8811aa7addfffff,55.778720332571886,37.5707224001168,0.0,4.0,1.0,17.0,2.0,3.0,11.0,5.0,51.0,1.0,1.0,3.0,6.0,11.0,0.0,0.0,14.0,406870.3776379626,23432.645305200276,12.0,0.0,0.0,0,4.0809088513647165
8811aa7ae1fffff,55.74545468443597,37.574418884484686,4.0,3.0,5.0,27.0,10.0,3.0,6.0,19.0,9.0,7.0,2.0,14.0,44.0,18.0,1.0,2.0,18.0,102386.23531346564,23432.645305200276,81.0,110000.0,0.0,0,2.692884370919462
8811aa7ae3fffff,55.750314995138574,37.58581333554108,16.0,16.0,1.0,112.0,47.0,23.0,8.0,89.0,78.0,27.0,2.0,19.0,132.0,56.0,7.0,0.0,94.0,243723.7120178139,23432.645305200276,67.0,0.0,0.0,0,1.882129115748774
8811aa7ae5fffff,55.73713763060118,37.57534209014147,6.0,8.0,1.0,19.0,8.0,1.0,13.0,13.0,92.0,7.0,0.0,19.0,27.0,16.0,1.0,0.0,10.0,41272.65023828709,23432.645305200276,96.0,110000.0,0.0,0,3.033945391617633
8811aa7ae7fffff,55.741997590515815,37.58673443587255,16.0,5.0,2.0,29.0,26.0,4.0,15.0,34.0,76.0,33.0,2.0,14.0,34.0,32.0,7.0,0.0,46.0,145038.53011442366,23432.645305200276,71.0,110000.0,0.0,0,2.139236687227509
8811aa7ae9fffff,55.74891016181787,37.56210252263232,7.0,3.0,3.0,32.0,14.0,1.0,10.0,10.0,5.0,3.0,0.0,11.0,37.0,20.0,1.0,0.0,14.0,342856.43775616994,23432.645305200276,43.0,0.0,0.0,0,3.3792323511828335
8811aa7aebfffff,55.75377148189549,37.573495312871074,1.0,6.0,0.0,16.0,3.0,1.0,6.0,5.0,21.0,3.0,0.0,11.0,16.0,16.0,2.0,0.0,8.0,218039.0122083148,23432.645305200276,53.0,110000.0,0.0,0,2.649542296813003
8811aa7aedfffff,55.74059371532592,37.56302819882421,2.0,4.0,4.0,77.0,7.0,5.0,1.0,6.0,18.0,0.0,1.0,22.0,63.0,27.0,0.0,0.0,28.0,86166.05736042482,23432.645305200276,30.0,110000.0,0.0,0,3.5454226517080567
8811aa7b01fffff,55.671247684245095,37.523099809180444,2.0,7.0,2.0,15.0,18.0,2.0,4.0,17.0,25.0,2.0,0.0,25.0,32.0,22.0,2.0,0.0,22.0,241066.81422905647,23432.645305200276,28.0,110000.0,0.0,0,10.725602426400489
8811aa7b03fffff,55.6761091603967,37.53446286780815,4.0,8.0,2.0,14.0,23.0,1.0,4.0,22.0,75.0,2.0,1.0,13.0,24.0,23.0,2.0,0.0,12.0,232824.3057542747,23432.645305200276,34.0,0.0,0.0,0,9.88818827963083
8811aa7b05fffff,55.66293086397738,37.524031304646435,1.0,5.0,8.0,11.0,14.0,0.0,2.0,7.0,12.0,2.0,0.0,7.0,13.0,19.0,1.0,0.0,8.0,324787.4040096396,23432.645305200276,33.0,0.0,0.0,0,11.48550460197394
8811aa7b07fffff,55.667791986505655,37.535392270088316,2.0,4.0,1.0,12.0,2.0,0.0,1.0,9.0,15.0,5.0,1.0,12.0,2.0,16.0,0.0,1.0,2.0,257455.44983607705,23432.645305200276,18.0,110000.0,2.0,1,10.664723574329962
8811aa7b09fffff,55.67470176913088,37.51080654567941,4.0,5.0,0.0,14.0,22.0,0.0,12.0,13.0,35.0,2.0,1.0,24.0,21.0,32.0,1.0,0.0,36.0,286864.1211711465,23432.645305200276,19.0,110000.0,0.0,0,10.855091016196413
8811aa7b0bfffff,55.679564251091335,37.522167945241456,2.0,7.0,6.0,16.0,9.0,0.0,1.0,16.0,96.0,2.0,2.0,6.0,11.0,25.0,7.0,0.0,32.0,101319.05104524527,23432.645305200276,17.0,110000.0,0.0,0,9.994116068843665
8811aa7b0dfffff,55.666385556086055,37.5117405020589,1.0,8.0,6.0,18.0,9.0,2.0,0.0,15.0,10.0,0.0,1.0,8.0,31.0,26.0,0.0,0.0,14.0,605142.7074077335,23432.645305200276,30.0,0.0,0.0,0,11.571835788578083
8811aa7b11fffff,55.68928725707451,37.54490200436903,8.0,0.0,5.0,29.0,24.0,0.0,4.0,23.0,38.0,4.0,3.0,21.0,32.0,38.0,2.0,0.0,34.0,197898.55304559722,23432.645305200276,53.0,0.0,0.0,0,8.294664083212163
8811aa7b13fffff,55.69414777939205,37.556274665864215,3.0,0.0,9.0,28.0,17.0,0.0,9.0,9.0,60.0,4.0,2.0,13.0,29.0,29.0,4.0,0.0,14.0,231566.85027385896,23432.645305200276,53.0,0.0,0.0,0,7.46136648337777
8811aa7b15fffff,55.680969983688726,37.54582967890648,7.0,15.0,5.0,24.0,11.0,0.0,9.0,24.0,49.0,7.0,4.0,9.0,40.0,31.0,2.0,0.0,36.0,562390.3371047806,23432.645305200276,18.0,110000.0,0.0,0,9.062060583663778
8811aa7b17fffff,55.68583015326871,37.55720024343933,1.0,4.0,6.0,15.0,7.0,0.0,3.0,10.0,12.0,2.0,0.0,19.0,11.0,22.0,0.0,0.0,12.0,257600.94980424645,23432.645305200276,49.0,110000.0,0.0,0,8.250634480448364
8811aa7b19fffff,55.69274274704017,37.53260295989499,11.0,4.0,2.0,59.0,25.0,0.0,21.0,23.0,39.0,7.0,0.0,23.0,64.0,31.0,3.0,0.0,50.0,368438.65931000013,23432.645305200276,26.0,0.0,0.0,0,8.427484914856187
8811aa7b1bfffff,55.69760427634082,37.54397396266473,3.0,2.0,1.0,3.0,4.0,0.0,8.0,3.0,64.0,1.0,0.0,12.0,3.0,5.0,3.0,0.0,12.0,134917.6833676026,23432.645305200276,26.0,0.0,0.0,0,7.563337544153748
8811aa7b1dfffff,55.684426080690024,37.533533097816296,2.0,6.0,7.0,18.0,13.0,0.0,6.0,10.0,59.0,2.0,2.0,9.0,20.0,27.0,11.0,0.0,10.0,222375.13441618325,23432.645305200276,32.0,0.0,0.0,0,9.139932914394693
8811aa7b21fffff,55.65115687931254,37.53724997238385,2.0,15.0,1.0,12.0,5.0,0.0,5.0,2.0,12.0,1.0,0.0,11.0,13.0,12.0,0.0,0.0,16.0,536412.178760214,23432.645305200276,23.0,0.0,0.0,0,12.281023407388817
8811aa7b23fffff,55.656016642269314,37.54861050169054,0.0,9.0,0.0,23.0,2.0,0.0,2.0,2.0,4.0,0.0,0.0,7.0,21.0,8.0,1.0,0.0,8.0,410609.10891743057,23432.645305200276,11.0,0.0,0.0,0,11.507108308396369
8811aa7b25fffff,55.642838946701666,37.53817827283391,2.0,1.0,3.0,16.0,5.0,2.0,14.0,12.0,103.0,4.0,3.0,8.0,17.0,20.0,1.0,0.0,14.0,737469.8139408707,23432.645305200276,13.0,0.0,0.0,0,13.113007713519371
8811aa7b27fffff,55.64769835586072,37.54953670973256,1.0,4.0,0.0,0.0,0.0,0.0,0.0,1.0,0.0,0.0,0.0,7.0,2.0,3.0,0.0,0.0,2.0,333117.26869924023,23432.645305200276,14.0,0.0,0.0,0,12.354065550963917
8811aa7b29fffff,55.6546137906337,37.52496243185746,2.0,2.0,2.0,11.0,3.0,1.0,5.0,2.0,6.0,0.0,1.0,7.0,2.0,15.0,0.0,0.0,10.0,353640.9075943084,23432.645305200276,19.0,0.0,0.0,0,12.268549499030517
8811aa7b2bfffff,55.65947455936242,37.5363213048744,3.0,15.0,2.0,13.0,5.0,1.0,5.0,7.0,2.0,4.0,1.0,21.0,15.0,15.0,1.0,0.0,16.0,718473.4929144639,23432.645305200276,17.0,0.0,0.0,0,11.463799692729228
8811aa7b2dfffff,55.64629646455959,37.52589319103135,6.0,8.0,7.0,32.0,21.0,0.0,9.0,26.0,68.0,10.0,4.0,16.0,52.0,32.0,2.0,0.0,24.0,275756.9168613195,23432.645305200276,32.0,0.0,0.0,0,13.070583951303343
8811aa7b31fffff,55.669194139516286,37.559050300247215,7.0,5.0,2.0,37.0,12.0,3.0,2.0,20.0,18.0,2.0,0.0,23.0,32.0,28.0,0.0,0.0,20.0,521512.0010442026,23432.645305200276,48.0,0.0,0.0,0,9.901622046879886
8811aa7b33fffff,55.6740529492372,37.57042042452773,2.0,7.0,4.0,15.0,8.0,1.0,3.0,6.0,10.0,1.0,1.0,8.0,14.0,10.0,2.0,0.0,10.0,448734.33406212914,23432.645305200276,22.0,0.0,0.0,0,9.152318566896215
8811aa7b35fffff,55.66087575257826,37.55997477991338,2.0,9.0,2.0,7.0,9.0,0.0,0.0,5.0,5.0,1.0,1.0,6.0,4.0,15.0,0.0,0.0,4.0,633270.9063086874,23432.645305200276,31.0,0.0,0.0,0,10.752236070287434
8811aa7b37fffff,55.6657342093874,37.571342808013775,1.0,5.0,2.0,1.0,10.0,0.0,3.0,5.0,16.0,0.0,0.0,12.0,3.0,5.0,0.0,0.0,8.0,337029.2573232849,23432.645305200276,18.0,0.0,0.0,0,10.02073106437837
8811aa7b39fffff,55.672652456528915,37.54675698649445,4.0,10.0,3.0,19.0,14.0,0.0,15.0,15.0,29.0,4.0,4.0,9.0,16.0,33.0,1.0,0.0,20.0,627307.9853120842,23432.645305200276,26.0,110000.0,5.0,1,9.857113669272074
8811aa7b3bfffff,55.67751227319494,37.55812545482807,5.0,1.0,5.0,24.0,12.0,3.0,1.0,10.0,55.0,4.0,1.0,23.0,36.0,29.0,1.0,0.0,18.0,139011.44708389955,23432.645305200276,22.0,110000.0,4.0,1,9.066217360494207
8811aa7b3dfffff,55.66433467594059,37.547683927350114,3.0,5.0,1.0,17.0,6.0,0.0,1.0,10.0,3.0,1.0,2.0,7.0,18.0,11.0,1.0,0.0,8.0,404619.0963837006,23432.645305200276,21.0,0.0,0.0,0,10.673651734533312
8811aa7b41fffff,55.67329010267381,37.48715649401636,2.0,1.0,1.0,1.0,1.0,1.0,0.0,1.0,4.0,0.0,0.0,8.0,1.0,5.0,0.0,0.0,0.0,484566.654678162,23432.645305200276,11.0,0.0,0.0,0,11.931634427235533
8811aa7b43fffff,55.67815424113531,37.498512480638574,3.0,3.0,4.0,19.0,13.0,2.0,0.0,14.0,23.0,3.0,1.0,14.0,13.0,13.0,1.0,0.0,8.0,163155.17890954218,23432.645305200276,19.0,0.0,0.0,0,11.050755344637327
8811aa7b45fffff,55.664974851532435,37.488095001730535,1.0,3.0,0.0,22.0,13.0,0.0,2.0,14.0,47.0,2.0,0.0,26.0,27.0,18.0,2.0,0.0,16.0,631619.3132586386,23432.645305200276,12.0,0.0,0.0,0,12.59177053272858
8811aa7b47fffff,55.66983863566068,37.499448898164495,2.0,13.0,2.0,6.0,4.0,0.0,3.0,3.0,11.0,0.0,0.0,9.0,3.0,9.0,0.0,0.0,2.0,389210.6287477154,23432.645305200276,16.0,0.0,0.0,0,11.72134421487025
8811aa7b49fffff,55.67673995709834,37.47486329066805,1.0,5.0,1.0,20.0,7.0,0.0,1.0,3.0,18.0,0.0,2.0,4.0,9.0,4.0,0.0,0.0,4.0,516336.3580650371,23432.645305200276,8.0,0.0,0.0,0,12.199543321562594
8811aa7b4bfffff,55.68160510023105,37.48621761511172,0.0,6.0,0.0,12.0,8.0,0.0,1.0,10.0,13.0,2.0,2.0,7.0,17.0,13.0,0.0,0.0,22.0,486026.1743030094,23432.645305200276,13.0,0.0,0.0,0,11.309139206588027
8811aa7b4dfffff,55.66842531405201,37.475804259013906,0.0,1.0,1.0,3.0,9.0,1.0,2.0,9.0,30.0,1.0,0.0,7.0,11.0,7.0,2.0,0.0,4.0,906035.2523789861,23432.645305200276,18.0,0.0,0.0,0,12.814608081972585
8811aa7b51fffff,55.69133343410275,37.50893752434573,0.0,1.0,1.0,0.0,2.0,6.0,4.0,0.0,34.0,1.0,0.0,10.0,0.0,2.0,0.0,0.0,0.0,295418.8937864545,23432.645305200276,18.0,110000.0,0.0,0,9.53150638133971
8811aa7b53fffff,55.6961966231376,37.520303111071634,1.0,1.0,0.0,2.0,0.0,0.0,1.0,0.0,0.0,0.0,0.0,2.0,0.0,1.0,0.0,0.0,0.0,158551.1775180526,23432.645305200276,7.0,0.0,0.0,0,8.644976725209483
8811aa7b55fffff,55.6830177285849,37.50987221984794,2.0,8.0,0.0,7.0,2.0,3.0,6.0,2.0,25.0,1.0,0.0,4.0,5.0,4.0,0.0,0.0,2.0,193288.18924606143,23432.645305200276,10.0,110000.0,4.0,1,10.17253457163402
8811aa7b57fffff,55.68788056417063,37.52123571261131,1.0,0.0,0.0,6.0,9.0,0.0,6.0,4.0,15.0,0.0,0.0,8.0,13.0,5.0,0.0,0.0,4.0,210622.81759735732,23432.645305200276,25.0,0.0,0.0,0,9.297746839556455
8811aa7b59fffff,55.69478469045888,37.49663853407421,4.0,4.0,11.0,30.0,12.0,4.0,2.0,13.0,26.0,0.0,2.0,21.0,22.0,24.0,0.0,0.0,18.0,638186.4102586197,23432.645305200276,42.0,110000.0,0.0,0,9.835772998462069
8811aa7b5bfffff,55.69964888533908,37.50800245895384,5.0,17.0,1.0,33.0,28.0,1.0,1.0,19.0,7.0,1.0,2.0,13.0,18.0,25.0,2.0,0.0,20.0,540094.9948106363,23432.645305200276,76.0,0.0,0.0,0,8.940934962598396
8811aa7b5dfffff,55.686469592849825,37.4975756926816,2.0,0.0,5.0,2.0,1.0,0.0,0.0,4.0,17.0,1.0,0.0,0.0,0.0,1.0,0.0,0.0,0.0,122102.00985982965,23432.645305200276,1.0,110000.0,4.0,1,10.41969684440543
8811aa7b61fffff,55.65320666481275,37.50132062279969,3.0,6.0,0.0,14.0,2.0,0.0,2.0,5.0,8.0,0.0,0.0,8.0,4.0,5.0,0.0,0.0,2.0,897633.487470779,23432.645305200276,3.0,0.0,0.0,0,13.156623424146174
8811aa7b63fffff,55.65806908979592,37.51267408920501,2.0,8.0,3.0,13.0,6.0,0.0,3.0,7.0,27.0,6.0,1.0,4.0,14.0,16.0,1.0,0.0,14.0,244361.1027057539,23432.645305200276,14.0,0.0,0.0,0,12.316807724346306
8811aa7b65fffff,55.644890300130406,37.50225593034679,1.0,5.0,2.0,5.0,10.0,0.0,4.0,12.0,9.0,3.0,0.0,13.0,9.0,16.0,0.0,0.0,8.0,820433.0165726249,23432.645305200276,18.0,0.0,0.0,0,13.911618994046618
8811aa7b67fffff,55.649752370605945,37.51360730733614,4.0,7.0,5.0,12.0,3.0,0.0,2.0,3.0,11.0,1.0,0.0,11.0,9.0,5.0,0.0,0.0,0.0,542258.702785666,23432.645305200276,15.0,0.0,0.0,0,13.085192125289158
8811aa7b69fffff,55.65665934715235,37.48903313847381,1.0,2.0,0.0,2.0,8.0,1.0,0.0,3.0,9.0,0.0,1.0,6.0,10.0,13.0,0.0,0.0,4.0,327741.9300555875,23432.645305200276,5.0,0.0,0.0,0,13.283942559624927
8811aa7b6bfffff,55.66152277677134,37.50038494547854,0.0,0.0,0.0,1.0,0.0,0.0,1.0,1.0,3.0,2.0,1.0,2.0,0.0,1.0,1.0,0.0,2.0,223480.07540659694,23432.645305200276,3.0,0.0,0.0,0,12.425070512947753
8811aa7b6dfffff,55.648343589879,37.48997090446561,0.0,4.0,2.0,4.0,11.0,0.0,4.0,2.0,8.0,1.0,0.0,9.0,14.0,9.0,1.0,0.0,6.0,515109.6431626135,23432.645305200276,11.0,110000.0,0.0,0,14.003405991509293
8811aacc37fffff,55.74099835274031,36.89655488617123,0.0,0.0,0.0,0.0,0.0,0.0,0.0,0.0,0.0,0.0,0.0,0.0,0.0,0.0,0.0,0.0,0.0,0.0,23432.645305200276,0.0,0.0,6.0,1,45.17333350988903
8811aacd9dfffff,55.73575945446142,36.944708426523896,0.0,0.0,0.0,0.0,0.0,0.0,0.0,0.0,0.0,0.0,0.0,0.0,0.0,0.0,0.0,0.0,0.0,0.0,23432.645305200276,0.0,0.0,5.0,1,42.174653646780705
8811aacdbbfffff,55.728986393801875,36.96930807761681,0.0,0.0,0.0,0.0,0.0,0.0,0.0,0.0,1.0,0.0,0.0,0.0,0.0,0.0,0.0,0.0,0.0,0.0,23432.645305200276,0.0,0.0,1.0,1,40.67566712062375
8811aacdd1fffff,55.742526076386646,36.92010577890277,0.0,0.0,0.0,0.0,0.0,0.0,0.0,0.0,0.0,0.0,0.0,0.0,0.0,0.0,0.0,0.0,0.0,0.0,23432.645305200276,0.0,0.0,12.0,1,43.689553319945766
8811aacdd7fffff,55.739143570272034,36.9324074767466,0.0,0.0,0.0,0.0,0.0,0.0,0.0,0.0,0.0,0.0,0.0,0.0,0.0,0.0,0.0,0.0,0.0,0.0,23432.645305200276,0.0,0.0,5.0,1,42.930222111672144
8811aacdddfffff,55.73761844329832,36.90885561673895,0.0,0.0,0.0,0.0,0.0,0.0,0.0,0.0,0.0,0.0,0.0,0.0,0.0,0.0,0.0,0.0,0.0,0.0,23432.645305200276,0.0,0.0,12.0,1,44.41523218506036
