h3_index,bike_amenities,children_amenity,food_amenities,health_amenity,home_amenities,infrastructure_amenities,leisure_amenities,other_amenities,pet_amenity,social_amenities,water_amenities,parking_area,traffic_count,highway,public_transport,voltage,car_amenities,needs_amenities,shops_amenities,study_work_amenity,latitude,longitude,distance_to_center,number_stations,number_plugs,charger_rating,charger_rating_float,has_charging_station
88be080967fffff,0.0,0.0,0.0,0.0,0.0,0.0,0.0,1.0,0.0,0.0,0.0,2562.328188038225,0.0,0.0,0.0,0.0,0.0,0.0,0.0,0.0,-33.81664930085508,150.56309125950708,60.08862963931248,0.0,0.0,nothing,0.0,0
88be080969fffff,0.0,0.0,0.0,0.0,0.0,0.0,0.0,1.0,0.0,0.0,0.0,0.0,0.0,0.0,0.0,0.0,0.0,0.0,0.0,0.0,-33.83344819942238,150.57150820912682,59.15486076292006,0.0,0.0,nothing,0.0,0
88be08096bfffff,0.0,0.0,0.0,0.0,0.0,0.0,0.0,1.0,0.0,0.0,0.0,0.0,0.0,0.0,0.0,0.0,0.0,0.0,0.0,0.0,-33.8322840649694,150.56065611350945,60.16595872287335,0.0,0.0,nothing,0.0,0
88be080a01fffff,0.0,0.0,0.0,0.0,0.0,0.0,0.0,0.0,0.0,0.0,0.0,0.0,0.0,0.0,0.0,1924.198250728863,0.0,0.0,0.0,0.0,-33.939390943770796,150.5218549955793,64.0609357170301,0.0,0.0,nothing,0.0,0
88be080a03fffff,0.0,0.0,0.0,0.0,0.0,0.0,0.0,0.0,0.0,0.0,0.0,0.0,0.0,0.0,0.0,962.0991253644316,0.0,0.0,0.0,0.0,-33.93822158097903,150.5109907300644,65.04328608871151,0.0,0.0,nothing,0.0,0
88be080a09fffff,0.0,0.0,0.0,0.0,0.0,0.0,0.0,0.0,0.0,0.0,0.0,0.0,0.0,0.0,0.0,1924.198250728863,0.0,0.0,0.0,0.0,-33.9477923076818,150.52606479730886,63.792741829040864,0.0,0.0,nothing,0.0,0
88be080a39fffff,0.0,0.0,0.0,0.0,0.0,0.0,0.0,0.0,0.0,0.0,0.0,0.0,0.0,0.0,0.0,1924.198250728863,0.0,0.0,0.0,0.0,-33.929819856634055,150.50678301155898,65.3297817777071,0.0,0.0,nothing,0.0,0
88be080a3bfffff,0.0,0.0,0.0,0.0,0.0,0.0,0.0,0.0,0.0,0.0,0.0,0.0,0.0,0.0,0.0,2886.2973760932946,0.0,0.0,0.0,0.0,-33.92864926707313,150.49592044411256,66.31649443352005,0.0,0.0,nothing,0.0,0
88be080a41fffff,0.0,0.0,0.0,0.0,0.0,0.0,0.0,0.0,0.0,0.0,0.0,0.0,0.0,0.0,0.0,2886.2973760932946,0.0,0.0,0.0,0.0,-33.95736144452651,150.54114264518165,62.566224910169616,0.0,0.0,nothing,0.0,0
88be080a47fffff,0.0,0.0,0.0,0.0,0.0,0.0,0.0,0.0,0.0,0.0,0.0,0.0,0.0,0.0,0.0,962.0991253644316,0.0,0.0,0.0,0.0,-33.94896044250794,150.53693075989824,62.8152854464413,0.0,0.0,nothing,0.0,0
88be080a4dfffff,0.0,0.0,0.0,0.0,0.0,0.0,0.0,1.0,0.0,0.0,0.0,0.0,0.0,0.0,0.0,1924.198250728863,0.0,0.0,0.0,0.0,-33.95852835019089,150.55201030385,61.59424257697271,0.0,0.0,nothing,0.0,0
88be080b11fffff,0.0,0.0,0.0,0.0,0.0,0.0,0.0,1.0,0.0,0.0,0.0,0.0,0.0,0.0,0.0,0.0,0.0,0.0,0.0,0.0,-33.893656497321075,150.54004717182767,61.97594474478478,0.0,0.0,nothing,0.0,0
88be080b49fffff,0.0,0.0,0.0,0.0,0.0,0.0,0.0,1.0,0.0,0.0,0.0,0.0,0.0,0.0,0.0,0.0,0.0,0.0,0.0,0.0,-33.9151154759038,150.59191707747962,57.33941331440693,0.0,0.0,nothing,0.0,0
88be080b4dfffff,0.0,0.0,0.0,0.0,0.0,0.0,0.0,1.0,0.0,0.0,0.0,0.0,0.0,0.0,2.0,0.0,0.0,0.0,0.0,0.0,-33.90787855011071,150.59856443202244,56.66234776396067,0.0,0.0,nothing,0.0,0
88be080b61fffff,0.0,0.0,2.0,0.0,0.0,0.0,0.0,14.0,0.0,0.0,0.0,92365.02916915444,0.0,6.0,0.0,1539.3586005830905,0.0,0.0,0.0,0.0,-33.883843354310464,150.5967798748936,56.69389596251159,0.0,0.0,nothing,0.0,0
88be080b65fffff,0.0,0.0,0.0,0.0,0.0,0.0,0.0,1.0,0.0,0.0,0.0,0.0,0.0,0.0,0.0,0.0,0.0,0.0,0.0,0.0,-33.876606060726054,150.60342438778622,56.06365052544936,0.0,0.0,nothing,0.0,0
88be080b69fffff,0.0,0.0,3.0,0.0,0.0,1.0,0.0,24.0,0.0,0.0,0.0,549829.7210524677,0.0,13.0,1.0,0.0,0.0,1.0,1.0,0.0,-33.89224231683916,150.6009948573246,56.33665507630479,0.0,0.0,nothing,0.0,0
88be080b6dfffff,0.0,0.0,0.0,0.0,0.0,0.0,0.0,1.0,0.0,1.0,0.0,110797.76120490162,0.0,3.0,8.0,769.6793002915452,0.0,0.0,0.0,0.0,-33.88500479532235,150.60763971294332,55.6932399389087,0.0,0.0,nothing,0.0,0
88be081801fffff,0.0,0.0,0.0,0.0,0.0,0.0,0.0,0.0,0.0,0.0,0.0,0.0,0.0,0.0,0.0,1924.198250728863,0.0,0.0,0.0,0.0,-34.006343929898776,150.62746469462564,55.913617570517985,0.0,0.0,nothing,0.0,0
88be081805fffff,0.0,0.0,0.0,0.0,0.0,0.0,0.0,0.0,0.0,0.0,0.0,0.0,0.0,0.0,0.0,3848.396501457726,0.0,0.0,0.0,0.0,-33.99910515833789,150.63411655842435,55.10837769065069,0.0,0.0,nothing,0.0,0
88be08180bfffff,0.0,0.0,0.0,0.0,0.0,0.0,0.0,0.0,0.0,0.0,0.0,0.0,0.0,0.0,0.0,1924.198250728863,0.0,0.0,0.0,0.0,-34.01358228580294,150.62081174967597,56.72544387797248,0.0,0.0,nothing,0.0,0
88be08180dfffff,0.0,0.0,0.0,0.0,0.0,0.0,0.0,1.0,0.0,0.0,0.0,0.0,0.0,0.0,0.0,0.0,0.0,0.0,0.0,0.0,-34.00750373365262,150.63834129461156,54.982412739240445,0.0,0.0,nothing,0.0,0
88be081821fffff,0.0,0.0,0.0,0.0,0.0,0.0,0.0,0.0,0.0,0.0,0.0,0.0,0.0,0.0,0.0,1924.198250728863,0.0,0.0,0.0,0.0,-33.983467548559105,150.6365431337078,54.46560984915564,0.0,0.0,nothing,0.0,0
88be081825fffff,0.0,0.0,0.0,0.0,0.0,0.0,0.0,0.0,0.0,0.0,0.0,0.0,0.0,0.0,0.0,2886.2973760932946,0.0,0.0,0.0,0.0,-33.97622817267505,150.6431924932442,53.686202774199714,0.0,0.0,nothing,0.0,0
88be08182bfffff,0.0,0.0,0.0,0.0,0.0,0.0,0.0,0.0,0.0,0.0,0.0,0.0,0.0,0.0,0.0,1924.198250728863,0.0,0.0,0.0,0.0,-33.99070651007991,150.62989269346983,55.2525207130726,0.0,0.0,nothing,0.0,0
88be081849fffff,0.0,0.0,1.0,0.0,0.0,0.0,1.0,2.0,0.0,0.0,0.0,123344.04923835886,0.0,0.0,0.0,0.0,0.0,0.0,0.0,1.0,-34.032699016930465,150.6510207328062,54.714756780206976,0.0,0.0,nothing,0.0,0
88be08184bfffff,0.0,0.0,0.0,0.0,0.0,0.0,0.0,1.0,0.0,0.0,0.0,0.0,0.0,0.0,0.0,0.0,0.0,0.0,0.0,0.0,-34.0315401085526,150.64014048989,55.622849236496435,0.0,0.0,nothing,0.0,0
88be081851fffff,0.0,0.0,0.0,0.0,0.0,0.0,0.0,0.0,0.0,0.0,0.0,0.0,0.0,0.0,0.0,1924.198250728863,0.0,0.0,0.0,0.0,-34.02921947420565,150.61838143072714,57.44951204905709,0.0,0.0,nothing,0.0,0
88be081855fffff,0.0,0.0,0.0,0.0,0.0,0.0,0.0,0.0,0.0,0.0,0.0,0.0,0.0,0.0,0.0,1924.198250728863,0.0,0.0,0.0,0.0,-34.021981310285355,150.62503580017693,56.62104029552402,0.0,0.0,nothing,0.0,0
88be08185bfffff,0.0,0.0,0.0,0.0,0.0,0.0,0.0,0.0,0.0,0.0,0.0,0.0,0.0,0.0,0.0,1924.198250728863,0.0,0.0,0.0,0.0,-34.03645722117577,150.61172597967678,58.28374208953644,0.0,0.0,nothing,0.0,0
88be08186bfffff,0.0,0.0,0.0,0.0,0.0,0.0,0.0,0.0,0.0,1.0,0.0,0.0,0.0,0.0,0.0,0.0,0.0,0.0,0.0,0.0,-34.00866259906195,150.6492183697575,54.054132997908845,0.0,0.0,nothing,0.0,0
88be081901fffff,0.0,0.0,0.0,0.0,0.0,0.0,0.0,0.0,0.0,0.0,0.0,0.0,0.0,0.0,0.0,1924.198250728863,0.0,0.0,0.0,0.0,-33.955663829000926,150.6740050417697,50.43276834904307,0.0,0.0,nothing,0.0,0
88be081903fffff,0.0,0.0,0.0,0.0,0.0,0.0,0.0,0.0,0.0,0.0,0.0,0.0,0.0,0.0,0.0,1924.198250728863,0.0,0.0,0.0,0.0,-33.95450756398976,150.66313408848814,51.396406070722705,0.0,0.0,nothing,0.0,0
88be081909fffff,0.0,0.0,0.0,0.0,0.0,0.0,0.0,0.0,0.0,0.0,0.0,0.0,0.0,0.0,0.0,3848.396501457726,0.0,0.0,0.0,0.0,-33.96406105047148,150.67823182827348,50.234403222327266,0.0,0.0,nothing,0.0,0
88be08190bfffff,0.0,0.0,0.0,0.0,0.0,0.0,0.0,0.0,0.0,0.0,0.0,0.0,0.0,0.0,0.0,962.0991253644316,0.0,0.0,0.0,0.0,-33.962905083694594,150.66735966310466,51.19178079463656,0.0,0.0,nothing,0.0,0
88be081911fffff,0.0,0.0,0.0,0.0,0.0,0.0,0.0,0.0,0.0,0.0,0.0,0.0,0.0,0.0,0.0,1924.198250728863,0.0,0.0,0.0,0.0,-33.96059033918703,150.64561675136125,53.11267947602449,0.0,0.0,nothing,0.0,0
88be081915fffff,0.0,0.0,0.0,0.0,0.0,0.0,0.0,0.0,0.0,0.0,0.0,0.0,0.0,0.0,0.0,6734.693877551021,0.0,0.0,0.0,0.0,-33.95335036229722,150.6522636080235,52.36189104683536,0.0,0.0,nothing,0.0,0
88be081917fffff,0.0,0.0,0.0,0.0,0.0,0.0,0.0,0.0,0.0,0.0,0.0,0.0,0.0,0.0,0.0,2886.2973760932946,0.0,0.0,0.0,0.0,-33.9521922240956,150.64139360112745,53.32912194727774,0.0,0.0,nothing,0.0,0
88be081919fffff,0.0,0.0,0.0,0.0,0.0,0.0,0.0,0.0,0.0,0.0,0.0,0.0,0.0,0.0,0.0,1924.198250728863,0.0,0.0,0.0,0.0,-33.968988382942364,150.64984077216343,52.91463149477904,0.0,0.0,nothing,0.0,0
88be08191dfffff,0.0,0.0,0.0,0.0,0.0,0.0,0.0,0.0,0.0,0.0,0.0,0.0,0.0,0.0,0.0,1924.198250728863,0.0,0.0,0.0,0.0,-33.96174817987571,150.65648797054993,52.15124422714167,0.0,0.0,nothing,0.0,0
88be081935fffff,0.0,0.0,0.0,0.0,0.0,0.0,0.0,0.0,0.0,0.0,0.0,0.0,0.0,0.0,0.0,1924.198250728863,0.0,0.0,0.0,0.0,-33.93047173620473,150.66132990614653,51.143047119205946,0.0,0.0,nothing,0.0,0
88be081939fffff,0.0,0.0,0.0,0.0,0.0,0.0,0.0,0.0,0.0,0.0,0.0,0.0,0.0,0.0,0.0,2886.2973760932946,0.0,0.0,0.0,0.0,-33.94610997285231,150.658909384518,51.61998425802075,0.0,0.0,nothing,0.0,0
88be08193dfffff,0.0,0.0,0.0,0.0,0.0,0.0,0.0,0.0,0.0,0.0,0.0,0.0,0.0,0.0,0.0,1924.198250728863,0.0,0.0,0.0,0.0,-33.93886917136697,150.66555408092933,50.88734800458314,0.0,0.0,nothing,0.0,0
88be081941fffff,0.0,0.0,0.0,0.0,0.0,0.0,0.0,0.0,0.0,0.0,0.0,0.0,0.0,0.0,0.0,2886.2973760932946,0.0,0.0,0.0,0.0,-33.973612930379716,150.69333333466213,49.10740936589757,0.0,0.0,nothing,0.0,0
88be081947fffff,0.0,0.0,0.0,0.0,0.0,0.0,0.0,0.0,0.0,0.0,0.0,0.0,0.0,0.0,0.0,3848.396501457726,0.0,0.0,0.0,0.0,-33.9652160800344,150.68910446530418,49.27923415680749,0.0,0.0,nothing,0.0,0
88be081949fffff,0.0,0.0,0.0,0.0,0.0,0.0,0.0,0.0,0.0,0.0,0.0,0.0,0.0,0.0,0.0,2886.2973760932946,0.0,0.0,0.0,0.0,-33.98200970769397,150.69756307541329,48.95582404213604,0.0,0.0,nothing,0.0,0
88be081985fffff,0.0,0.0,0.0,0.0,0.0,0.0,0.0,1.0,0.0,0.0,0.0,0.0,0.0,0.0,0.0,0.0,0.0,0.0,0.0,0.0,-33.94031311675655,150.6045677871135,56.49006744084788,0.0,0.0,nothing,0.0,0
88be081989fffff,0.0,0.0,0.0,0.0,0.0,0.0,0.0,0.0,0.0,0.0,0.0,0.0,0.0,0.0,0.0,1924.198250728863,0.0,0.0,0.0,0.0,-33.95594961118622,150.6021366232996,56.97612039147147,0.0,0.0,nothing,0.0,0
88be08198bfffff,0.0,0.0,0.0,0.0,0.0,0.0,0.0,0.0,0.0,0.0,0.0,0.0,0.0,0.0,0.0,1924.198250728863,0.0,0.0,0.0,0.0,-33.9547870887395,150.59126778221383,57.945958403466946,0.0,0.0,nothing,0.0,0
88be081999fffff,0.0,0.0,0.0,0.0,0.0,0.0,0.0,0.0,0.0,0.0,0.0,0.0,0.0,0.0,0.0,3848.396501457726,0.0,0.0,0.0,0.0,-33.960859354855536,150.57374706246108,59.654303774377155,0.0,0.0,nothing,0.0,0
88be08199bfffff,0.0,0.0,0.0,0.0,0.0,0.0,0.0,0.0,0.0,0.0,0.0,0.0,0.0,0.0,0.0,1924.198250728863,0.0,0.0,0.0,0.0,-33.9596943203587,150.56287844319323,60.62358040890735,0.0,0.0,nothing,0.0,0
88be0819adfffff,0.0,0.0,0.0,0.0,0.0,0.0,0.0,1.0,0.0,0.0,0.0,0.0,0.0,0.0,0.0,0.0,0.0,0.0,0.0,0.0,-33.925837491606195,150.617863475608,55.06993208163448,0.0,0.0,nothing,0.0,0
88be0819c1fffff,0.0,0.0,0.0,0.0,0.0,0.0,0.0,0.0,0.0,0.0,0.0,0.0,0.0,0.0,0.0,962.0991253644316,0.0,0.0,0.0,0.0,-33.9655101326526,150.61722632376714,55.7925149448355,0.0,0.0,nothing,0.0,0
88be0819c3fffff,0.0,0.0,0.0,0.0,0.0,0.0,0.0,0.0,0.0,0.0,0.0,0.0,0.0,0.0,0.0,962.0991253644316,0.0,0.0,0.0,0.0,-33.96434884257934,150.60635579230714,56.75550611011492,0.0,0.0,nothing,0.0,0
88be0819c5fffff,0.0,0.0,0.0,0.0,0.0,0.0,0.0,1.0,0.0,0.0,0.0,0.0,0.0,0.0,0.0,1924.198250728863,0.0,0.0,0.0,0.0,-33.95827184789018,150.62387573608896,55.04104800855662,0.0,0.0,nothing,0.0,0
88be0819c7fffff,0.0,0.0,0.0,0.0,0.0,0.0,0.0,0.0,0.0,0.0,0.0,0.0,0.0,0.0,0.0,1924.198250728863,0.0,0.0,0.0,0.0,-33.95711119762756,150.6130059415083,56.00779007307814,0.0,0.0,nothing,0.0,0
88be0819d7fffff,0.0,0.0,0.0,0.0,0.0,0.0,0.0,0.0,0.0,0.0,0.0,0.0,0.0,0.0,0.0,2886.2973760932946,0.0,0.0,0.0,0.0,-33.9620234535072,150.58461616090318,58.68648226172911,0.0,0.0,nothing,0.0,0
88be0819e1fffff,0.0,0.0,0.0,0.0,0.0,0.0,0.0,1.0,0.0,0.0,0.0,0.0,0.0,0.0,0.0,0.0,0.0,0.0,0.0,0.0,-33.942634666776705,150.62630300100693,54.53782943718115,0.0,0.0,nothing,0.0,0
88be0819e5fffff,0.0,0.0,1.0,0.0,0.0,0.0,0.0,16.0,0.0,0.0,0.0,0.0,0.0,0.0,0.0,0.0,1.0,1.0,0.0,0.0,-33.93539578190662,150.63294991147225,53.81628140262437,0.0,0.0,nothing,0.0,0
88be0819e9fffff,0.0,0.0,0.0,0.0,0.0,0.0,0.0,0.0,0.0,0.0,0.0,0.0,0.0,0.0,0.0,1924.198250728863,0.0,0.0,0.0,0.0,-33.95103314955735,150.63052406855152,54.29800448317039,0.0,0.0,nothing,0.0,0
88be081a05fffff,0.0,0.0,0.0,0.0,0.0,0.0,0.0,1.0,0.0,0.0,0.0,0.0,0.0,1.0,0.0,0.0,0.0,0.0,0.0,0.0,-34.057893625692856,150.6637080201493,54.61416694140934,0.0,0.0,nothing,0.0,0
88be081a0bfffff,0.0,0.0,0.0,0.0,0.0,0.0,0.0,0.0,0.0,0.0,0.0,0.0,0.0,0.0,1.0,0.0,0.0,0.0,0.0,0.0,-34.07237388884957,150.65039841464596,56.37186107030248,0.0,0.0,nothing,0.0,0
88be081a1dfffff,0.0,0.0,0.0,0.0,0.0,0.0,0.0,0.0,0.0,0.0,0.0,0.0,0.0,0.0,1.0,0.0,0.0,1.0,0.0,0.0,-34.07121459679384,150.63951304649095,57.24479873753226,0.0,0.0,nothing,0.0,0
88be081a21fffff,0.0,0.0,0.0,0.0,0.0,0.0,0.0,1.0,0.0,0.0,0.0,0.0,0.0,0.0,1.0,0.0,0.0,0.0,0.0,0.0,-34.04225496499825,150.66613088803845,53.76686528559731,0.0,0.0,nothing,0.0,0
88be081a23fffff,0.0,0.0,0.0,0.0,0.0,0.0,0.0,1.0,0.0,0.0,0.0,35902.53641446551,0.0,0.0,0.0,0.0,0.0,0.0,0.0,0.0,-34.041097295465164,150.6552489561612,54.662586141943216,0.0,0.0,nothing,0.0,0
88be081a27fffff,0.0,0.0,0.0,0.0,0.0,0.0,0.0,1.0,0.0,0.0,0.0,152406.1249119388,0.0,3.0,0.0,0.0,0.0,0.0,0.0,0.0,-34.03385698588082,150.66190145027414,53.81039427168389,0.0,0.0,nothing,0.0,0
88be081a29fffff,0.0,0.0,0.0,0.0,2.0,0.0,0.0,0.0,0.0,0.0,0.0,68317.20487539413,0.0,3.0,1.0,0.0,0.0,2.0,0.0,0.0,-34.05065286836987,150.6703611983051,53.7422887654329,0.0,0.0,nothing,0.0,0
88be081a2bfffff,0.0,0.0,0.0,0.0,0.0,0.0,0.0,0.0,0.0,0.0,0.0,0.0,0.0,0.0,0.0,0.0,0.0,2.0,0.0,0.0,-34.049495498552915,150.65947805186758,54.629044574674815,0.0,0.0,nothing,0.0,0
88be081a45fffff,0.0,0.0,0.0,0.0,0.0,0.0,0.0,0.0,0.0,0.0,0.0,4208.6936344127935,0.0,0.0,0.0,0.0,0.0,2.0,0.0,0.0,-34.075846119000936,150.6830573663583,53.78243907833415,0.0,0.0,nothing,0.0,0
88be081a4dfffff,0.0,0.0,0.0,0.0,0.0,0.0,0.0,4.0,0.0,0.0,0.0,8951.457783644124,0.0,5.0,3.0,0.0,0.0,12.0,0.0,0.0,-34.08424371438015,150.68729116887374,53.833737081293506,0.0,0.0,nothing,0.0,0
88be081a61fffff,0.0,0.0,1.0,0.0,0.0,0.0,0.0,7.0,0.0,0.0,0.0,58541.36716786333,0.0,1.0,0.0,0.0,0.0,3.0,0.0,0.0,-34.060206824613736,150.68547721563397,52.864049084021815,0.0,0.0,nothing,0.0,0
88be081a63fffff,0.0,0.0,0.0,0.0,0.0,0.0,0.0,2.0,0.0,0.0,0.0,12467.259645032578,0.0,5.0,0.0,0.0,0.0,0.0,0.0,0.0,-34.05905069549482,150.67459238129797,53.736691261471805,0.0,0.0,nothing,0.0,0
88be081a65fffff,1.0,0.0,18.0,5.0,0.0,1.0,1.0,21.0,0.0,0.0,0.0,1424459.4733736855,173060.30927835053,22.0,3.0,0.0,0.0,20.0,2.0,0.0,-34.05296478686539,150.69212891059863,51.98257926287447,1.0,2.0,22 kW,22.0,1
88be081a67fffff,0.0,0.0,0.0,0.0,0.0,0.0,0.0,1.0,0.0,0.0,0.0,2012.170729533895,0.0,2.0,0.0,0.0,0.0,0.0,0.0,0.0,-34.05180929786478,150.68124481813365,52.86005655003258,0.0,0.0,nothing,0.0,0
88be081a69fffff,0.0,0.0,0.0,0.0,0.0,1.0,0.0,0.0,0.0,0.0,0.0,0.0,0.0,2.0,1.0,0.0,0.0,1.0,0.0,0.0,-34.06860427431617,150.6897104862352,52.88733772998283,0.0,0.0,nothing,0.0,0
88be081a6bfffff,0.0,0.0,0.0,0.0,0.0,0.0,0.0,0.0,0.0,0.0,0.0,8051.607658992112,0.0,0.0,0.0,0.0,0.0,3.0,0.0,0.0,-34.06744844587215,150.67882443724105,53.750079245658696,0.0,0.0,nothing,0.0,0
88be081a6dfffff,0.0,0.0,1.0,0.0,4.0,1.0,0.0,9.0,0.0,0.0,0.0,228463.8511416312,387655.0927835051,10.0,6.0,0.0,0.0,37.0,1.0,0.0,-34.06136201287745,150.69636252240238,51.99648478007364,0.0,0.0,nothing,0.0,0
88be081ae5fffff,0.0,0.0,0.0,0.0,0.0,0.0,0.0,0.0,0.0,0.0,0.0,0.0,0.0,0.0,0.0,1096.345514950166,0.0,0.0,0.0,0.0,-34.04485661951702,150.6159502151124,58.21713566933445,0.0,0.0,nothing,0.0,0
88be081b03fffff,0.0,0.0,0.0,0.0,0.0,0.0,0.0,1.0,0.0,0.0,0.0,0.0,0.0,0.0,0.0,0.0,0.0,0.0,0.0,0.0,-34.01328867380236,150.69273140688028,50.37351276202111,0.0,0.0,nothing,0.0,0
88be081b05fffff,0.0,0.0,0.0,0.0,0.0,0.0,0.0,1.0,0.0,0.0,0.0,0.0,0.0,1.0,0.0,0.0,0.0,0.0,0.0,0.0,-34.00719959644256,150.7102575282591,48.624277694793584,0.0,0.0,nothing,0.0,0
88be081b09fffff,0.0,0.0,0.0,0.0,0.0,0.0,0.0,2.0,0.0,0.0,0.0,7766.206271577782,0.0,0.0,0.0,0.0,0.0,0.0,0.0,0.0,-34.022839550234856,150.70784373486114,49.40488142943664,0.0,0.0,nothing,0.0,0
88be081b0bfffff,0.0,0.0,0.0,0.0,1.0,0.0,0.0,3.0,0.0,0.0,0.0,29002.52803367027,0.0,4.0,0.0,0.0,0.0,1.0,0.0,0.0,-34.0216856794599,150.69696308227384,50.30686781069112,0.0,0.0,nothing,0.0,0
88be081b11fffff,0.0,0.0,0.0,0.0,0.0,0.0,0.0,0.0,0.0,0.0,0.0,0.0,0.0,0.0,0.0,32.06997084548105,0.0,0.0,0.0,0.0,-34.019375119381614,150.67520319142133,52.12304085614746,0.0,0.0,nothing,0.0,0
88be081b15fffff,0.0,0.0,1.0,0.0,0.0,0.0,0.0,0.0,0.0,0.0,0.0,11481.562439846412,0.0,1.0,0.0,288.6297376093294,0.0,0.0,0.0,0.0,-34.012133563496384,150.6818524386254,51.28844049434756,0.0,0.0,nothing,0.0,0
88be081b17fffff,0.0,0.0,0.0,0.0,0.0,0.0,0.0,0.0,0.0,0.0,0.0,0.0,0.0,0.0,0.0,128.2798833819242,0.0,0.0,0.0,0.0,-34.01097751415624,150.6709739425177,52.20697651362278,0.0,0.0,nothing,0.0,0
88be081b1dfffff,0.0,0.0,0.0,0.0,0.0,0.0,0.0,0.0,0.0,1.0,0.0,0.0,0.0,0.0,0.0,0.0,0.0,0.0,0.0,0.0,-34.02053086911822,150.6860829008759,51.2129932435552,0.0,0.0,nothing,0.0,0
88be081b25fffff,0.0,0.0,0.0,0.0,0.0,0.0,0.0,0.0,0.0,0.0,0.0,0.0,0.0,0.0,0.0,2886.2973760932946,0.0,0.0,0.0,0.0,-33.98431575615707,150.7193146084653,47.08306343450865,0.0,0.0,nothing,0.0,0
88be081b27fffff,0.0,0.0,0.0,0.0,0.0,0.0,0.0,0.0,0.0,0.0,0.0,0.0,0.0,0.0,0.0,2886.2973760932946,0.0,0.0,0.0,0.0,-33.9831632010646,150.70843860696482,48.01789480202048,0.0,0.0,nothing,0.0,0
88be081b29fffff,1.0,0.0,0.0,0.0,0.0,0.0,0.0,2.0,0.0,0.0,0.0,0.0,0.0,4.0,0.0,384.8396501457726,0.0,2.0,0.0,0.0,-33.99995593459561,150.71690312755098,47.79285191988104,0.0,0.0,nothing,0.0,0
88be081b2dfffff,0.0,0.0,1.0,0.0,0.0,0.0,0.0,3.0,0.0,0.0,0.0,32285.47986504605,0.0,22.0,1.0,769.6793002915452,1.0,0.0,0.0,0.0,-33.992711859876486,150.72354764448983,46.96847309468067,0.0,0.0,nothing,0.0,0
88be081b31fffff,0.0,0.0,0.0,0.0,0.0,0.0,0.0,0.0,0.0,0.0,0.0,0.0,0.0,0.0,0.0,96.20991253644316,0.0,0.0,0.0,0.0,-33.99649443817521,150.6842706724992,50.56710330217133,0.0,0.0,nothing,0.0,0
88be081b3bfffff,0.0,0.0,0.0,0.0,0.0,0.0,0.0,0.0,0.0,0.0,0.0,0.0,0.0,0.0,0.0,256.5597667638484,0.0,0.0,0.0,0.0,-34.003736183235674,150.67762284843445,51.38363586649835,0.0,0.0,nothing,0.0,0
88be081b41fffff,0.0,0.0,0.0,0.0,0.0,0.0,0.0,0.0,0.0,0.0,0.0,652189.5044472152,0.0,5.0,0.0,1924.198250728863,0.0,0.0,0.0,0.0,-34.03238880988239,150.72295983168436,48.48023401904494,0.0,0.0,nothing,0.0,0
88be081b45fffff,0.0,0.0,1.0,2.0,0.0,0.0,0.0,4.0,0.0,0.0,0.0,193824.3798854249,0.0,11.0,1.0,3848.396501457726,0.0,2.0,1.0,0.0,-34.025144472398686,150.72960645058672,47.614270047680705,0.0,0.0,nothing,0.0,0
88be081b47fffff,0.0,0.0,0.0,0.0,0.0,0.0,0.0,0.0,0.0,0.0,0.0,0.0,0.0,6.0,0.0,0.0,0.0,0.0,0.0,0.0,-34.02399248127156,150.71872485788356,48.50726607478048,0.0,0.0,nothing,0.0,0
88be081b49fffff,0.0,0.0,1.0,0.0,0.0,0.0,0.0,1.0,0.0,0.0,0.0,208634.85029433956,0.0,13.0,4.0,1154.5189504373177,0.0,1.0,1.0,0.0,-34.040785061956136,150.7271956784423,48.47424116211288,0.0,0.0,nothing,0.0,0
88be081b4dfffff,0.0,0.0,1.0,0.0,2.0,0.0,0.0,3.0,0.0,0.0,0.0,1703274.6360144275,0.0,28.0,1.0,0.0,0.0,3.0,0.0,0.0,-34.033540499664475,150.73384263706737,47.597487025475914,0.0,0.0,nothing,0.0,0
88be081b51fffff,0.0,0.0,0.0,0.0,0.0,0.0,0.0,2.0,0.0,0.0,0.0,0.0,0.0,0.0,0.0,0.0,0.0,0.0,0.0,0.0,-34.037325254441924,150.6945464424497,51.12167229517309,0.0,0.0,nothing,0.0,0
88be081b53fffff,0.0,0.0,0.0,0.0,0.0,0.0,0.0,0.0,0.0,0.0,0.0,24150.041858496552,0.0,0.0,0.0,0.0,0.0,0.0,0.0,0.0,-34.03617010480877,150.68366430585002,52.01364061798069,0.0,0.0,nothing,0.0,0
88be081b59fffff,0.0,0.0,0.0,0.0,0.0,0.0,0.0,0.0,0.0,0.0,0.0,1616.41780960892,512258.5154639175,0.0,0.0,0.0,0.0,0.0,0.0,0.0,-34.04572233314203,150.6987795222204,51.10590620673396,0.0,0.0,nothing,0.0,0
88be081b5bfffff,0.0,0.0,0.0,0.0,0.0,0.0,0.0,1.0,0.0,0.0,0.0,24150.041858496552,0.0,1.0,0.0,0.0,0.0,0.0,0.0,0.0,-34.04456748400885,150.68789617182247,51.98830022110828,0.0,0.0,nothing,0.0,0
88be081b61fffff,0.0,0.0,0.0,0.0,0.0,0.0,0.0,7.0,0.0,0.0,0.0,701545.4016135191,0.0,45.0,0.0,0.0,0.0,5.0,0.0,0.0,-34.009503842924424,150.73201633318064,46.8038927551749,0.0,0.0,nothing,0.0,0
88be081b63fffff,0.0,0.0,2.0,0.0,0.0,0.0,0.0,28.0,0.0,0.0,0.0,225569.3551187271,0.0,31.0,0.0,5387.755102040816,0.0,15.0,0.0,0.0,-34.008352189363315,150.721136696052,47.712018748603754,0.0,0.0,nothing,0.0,0
88be081b65fffff,0.0,0.0,3.0,0.0,0.0,0.0,0.0,16.0,0.0,1.0,0.0,595859.2887409064,0.0,70.0,8.0,0.0,0.0,16.0,0.0,0.0,-34.00225890416601,150.7386604465431,45.961895955394894,9.0,9.0,kW,1.0,1
88be081b67fffff,0.0,0.0,1.0,0.0,0.0,0.0,0.0,4.0,0.0,0.0,0.0,0.0,0.0,57.0,3.0,3463.5568513119533,0.0,25.0,0.0,0.0,-34.0011078889659,150.72778155265382,46.87537324023111,0.0,0.0,nothing,0.0,0
88be081b69fffff,0.0,0.0,0.0,0.0,0.0,0.0,0.0,1.0,0.0,0.0,0.0,2393.798529382275,0.0,6.0,0.0,0.0,0.0,0.0,0.0,0.0,-34.01789972125116,150.73625198629352,46.75413143544519,0.0,0.0,nothing,0.0,0
88be081b6bfffff,0.0,0.0,0.0,0.0,0.0,0.0,0.0,0.0,0.0,0.0,0.0,2393.798529382275,0.0,5.0,0.0,5387.755102040816,0.0,0.0,0.0,0.0,-34.01674836879798,150.72537113698942,47.65246463506609,0.0,0.0,nothing,0.0,0
88be081b6dfffff,0.0,0.0,0.0,0.0,0.0,0.0,0.0,2.0,0.0,0.0,0.0,0.0,0.0,20.0,5.0,0.0,0.0,0.0,0.0,0.0,-34.010654556954925,150.74289643889077,45.90014615570383,0.0,0.0,nothing,0.0,0
88be084001fffff,0.0,0.0,0.0,0.0,0.0,0.0,0.0,0.0,0.0,0.0,0.0,0.0,121141.33333333331,0.0,0.0,0.0,0.0,0.0,0.0,0.0,-33.68600251617566,150.7541253213201,46.78256562313634,0.0,0.0,nothing,0.0,0
88be084003fffff,0.0,0.0,0.0,0.0,0.0,0.0,0.0,0.0,0.0,0.0,0.0,0.0,197090.8888888889,0.0,0.0,0.0,0.0,0.0,0.0,0.0,-33.68485544604841,150.7432867848538,47.743772821052566,0.0,0.0,nothing,0.0,0
88be084005fffff,0.0,0.0,0.0,0.0,0.0,0.0,0.0,1.0,0.0,0.0,0.0,0.0,0.0,0.0,1.0,0.0,0.0,0.0,0.0,0.0,-33.67875558596685,150.7607422514803,46.590673940965665,0.0,0.0,nothing,0.0,0
88be084009fffff,0.0,0.0,0.0,0.0,0.0,0.0,0.0,0.0,0.0,0.0,0.0,0.0,506725.3333333333,0.0,0.0,0.0,0.0,0.0,0.0,0.0,-33.694395823607046,150.75834705516817,46.02970832915125,0.0,0.0,nothing,0.0,0
88be08400bfffff,0.0,0.0,0.0,0.0,0.0,0.0,0.0,0.0,0.0,0.0,0.0,0.0,147733.3333333333,0.0,0.0,0.0,0.0,0.0,0.0,0.0,-33.693249048837096,150.74750731629274,46.99543559916296,0.0,0.0,nothing,0.0,0
88be08400dfffff,0.0,0.0,0.0,0.0,0.0,0.0,0.0,0.0,0.0,0.0,0.0,0.0,175802.66666666666,0.0,0.0,0.0,0.0,0.0,0.0,0.0,-33.6871486584602,150.7649643212314,45.82357465973973,0.0,0.0,nothing,0.0,0
88be084011fffff,0.0,0.0,0.0,0.0,0.0,0.0,0.0,0.0,0.0,0.0,0.0,17316.738744110116,1254903.6111111112,0.0,3.0,0.0,0.0,0.0,0.0,0.0,-33.69095271536933,150.72582923125177,48.93258012087212,0.0,0.0,nothing,0.0,0
88be084013fffff,0.0,0.0,0.0,0.0,0.0,0.0,0.0,0.0,0.0,0.0,0.0,0.0,235038.94444444447,0.0,2.0,0.0,0.0,0.0,0.0,0.0,-33.68980315701075,150.7149908865781,49.90377439233041,0.0,0.0,nothing,0.0,0
88be084015fffff,0.0,0.0,0.0,0.0,0.0,0.0,0.0,1.0,0.0,0.0,0.0,56229.31766173337,1149510.5555555555,1.0,1.0,0.0,0.0,0.0,0.0,0.0,-33.683707448247766,150.73244871257847,48.70706396878782,0.0,0.0,nothing,0.0,0
88be084017fffff,0.0,0.0,0.0,0.0,0.0,0.0,0.0,0.0,0.0,0.0,0.0,0.0,666401.7222222222,0.0,0.0,0.0,0.0,0.0,0.0,0.0,-33.68255852294329,150.7216111052398,49.6723167653271,0.0,0.0,nothing,0.0,0
88be084019fffff,0.0,0.0,0.0,0.0,0.0,0.0,0.0,0.0,0.0,0.0,0.0,0.0,369282.6666666667,0.0,2.0,0.0,0.0,0.0,0.0,0.0,-33.699346847707616,150.73004822319672,48.20264123486382,0.0,0.0,nothing,0.0,0
88be08401bfffff,0.0,0.0,0.0,0.0,0.0,0.0,0.0,2.0,0.0,0.0,0.0,0.0,132184.11111111112,0.0,0.0,0.0,0.0,0.0,0.0,0.0,-33.69819758392658,150.71920867535775,49.17785643390717,0.0,0.0,nothing,0.0,0
88be08401dfffff,0.0,0.0,0.0,0.0,0.0,0.0,0.0,0.0,0.0,0.0,0.0,0.0,1031370.5,0.0,0.0,0.0,0.0,0.0,0.0,0.0,-33.69210134603469,150.73666804140527,47.963098158697264,0.0,0.0,nothing,0.0,0
88be084027fffff,0.0,0.0,0.0,0.0,0.0,0.0,0.0,0.0,0.0,0.0,0.0,0.0,0.0,0.0,2.0,0.0,0.0,0.0,0.0,0.0,-33.65472240441431,150.75891589391154,48.007811307663474,0.0,0.0,nothing,0.0,0
88be084031fffff,0.0,0.0,0.0,0.0,0.0,0.0,0.0,0.0,0.0,0.0,0.0,0.0,0.0,0.0,2.0,0.0,0.0,0.0,0.0,0.0,-33.66806806042177,150.7348483197787,49.26843107483598,0.0,0.0,nothing,0.0,0
88be084039fffff,0.0,0.0,0.0,0.0,0.0,0.0,0.0,1.0,0.0,0.0,0.0,0.0,0.0,0.0,0.0,0.0,0.0,0.0,0.0,0.0,-33.676461783076675,150.7390671194227,48.50158394603379,0.0,0.0,nothing,0.0,0
88be08403bfffff,0.0,0.0,0.0,0.0,0.0,0.0,0.0,0.0,0.0,0.0,0.0,0.0,11566.222222222224,0.0,2.0,0.0,0.0,0.0,0.0,0.0,-33.675313490575384,150.72823024961173,49.460451299895325,0.0,0.0,nothing,0.0,0
88be084041fffff,0.0,0.0,0.0,0.0,0.0,0.0,0.0,0.0,0.0,0.0,0.0,0.0,0.0,0.0,2.0,4373.1778425655975,0.0,0.0,0.0,0.0,-33.703934620612095,150.773411059863,44.318567111328946,0.0,0.0,nothing,0.0,0
88be084043fffff,0.0,0.0,0.0,0.0,0.0,0.0,0.0,1.0,0.0,0.0,0.0,0.0,350128.0,0.0,1.0,1457.725947521866,0.0,0.0,0.0,0.0,-33.70278907005781,150.7625696553925,45.28684918083012,0.0,0.0,nothing,0.0,0
88be084045fffff,0.0,0.0,0.0,0.0,0.0,0.0,0.0,0.0,0.0,0.0,0.0,0.0,0.0,0.0,0.0,4373.1778425655975,0.0,0.0,0.0,0.0,-33.696686588372756,150.7800279218979,44.10457265512024,0.0,0.0,nothing,0.0,0
88be084047fffff,0.0,0.0,0.0,0.0,0.0,0.0,0.0,0.0,0.0,0.0,0.0,0.0,289557.3333333333,0.0,0.0,0.0,0.0,0.0,0.0,0.0,-33.695541670175295,150.76918725728538,45.06604192477017,0.0,0.0,nothing,0.0,0
88be08404bfffff,0.0,0.0,0.0,0.0,0.0,0.0,0.0,0.0,0.0,0.0,0.0,0.0,0.0,0.0,0.0,4373.1778425655975,0.0,0.0,0.0,0.0,-33.71118225502793,150.7667931222139,44.554489085638856,0.0,0.0,nothing,0.0,0
88be08404dfffff,0.0,0.0,0.0,0.0,0.0,0.0,0.0,0.0,0.0,0.0,0.0,0.0,0.0,0.0,1.0,0.0,0.0,0.0,0.0,0.0,-33.70507924243667,150.78425292662516,43.352315276840486,0.0,0.0,nothing,0.0,0
88be084051fffff,0.0,0.0,1.0,0.0,0.0,0.0,0.0,4.0,0.0,0.0,0.0,57752.9148882618,0.0,3.0,3.0,0.0,0.0,2.0,2.0,0.0,-33.708888959952496,150.74510929752242,46.50523717494318,0.0,0.0,nothing,0.0,0
88be084053fffff,0.0,0.0,0.0,0.0,0.0,0.0,0.0,0.0,0.0,0.0,0.0,39076.77963906097,0.0,0.0,0.0,0.0,0.0,0.0,0.0,0.0,-33.70774091945826,150.73426808129554,47.482952724712774,0.0,0.0,nothing,0.0,0
88be084055fffff,0.0,0.0,0.0,0.0,0.0,0.0,0.0,0.0,0.0,0.0,0.0,0.0,268874.6666666666,0.0,1.0,0.0,0.0,0.0,0.0,0.0,-33.70164259094278,150.75172871396032,46.25703286640612,0.0,0.0,nothing,0.0,0
88be084057fffff,0.0,0.0,0.0,0.0,0.0,0.0,0.0,0.0,0.0,0.0,0.0,0.0,8851.333333333334,0.0,0.0,0.0,0.0,0.0,0.0,0.0,-33.700495183436246,150.74088823631297,47.22899987280326,0.0,0.0,nothing,0.0,0
88be084059fffff,0.0,0.0,0.0,0.0,0.0,0.0,0.0,2.0,0.0,0.0,0.0,0.0,0.0,0.0,0.0,0.0,0.0,0.0,0.0,0.0,-33.71728267508346,150.7493312252546,45.792300924224435,0.0,0.0,nothing,0.0,0
88be08405bfffff,0.0,0.0,0.0,0.0,0.0,0.0,0.0,16.0,0.0,0.0,0.0,36408.24487230414,0.0,29.0,0.0,0.0,0.0,8.0,0.0,0.0,-33.71613493012129,150.73848880576918,46.77398851527174,0.0,0.0,nothing,0.0,0
88be08405dfffff,0.0,0.0,0.0,0.0,0.0,1.0,0.0,3.0,0.0,0.0,0.0,9185.000364726431,2954.6666666666665,5.0,1.0,0.0,0.0,1.0,0.0,0.0,-33.71003607186552,150.7559509780774,45.529048777186745,0.0,0.0,nothing,0.0,0
88be084061fffff,0.0,0.0,0.0,0.0,0.0,0.0,0.0,2.0,0.0,0.0,0.0,11702.4610269798,0.0,0.0,0.0,0.0,0.0,0.0,0.0,0.0,-33.68104567824568,150.78241923514673,44.68984351778839,0.0,0.0,nothing,0.0,0
88be084063fffff,0.0,0.0,0.0,0.0,0.0,0.0,0.0,0.0,0.0,0.0,0.0,0.0,0.0,0.0,1.0,0.0,0.0,0.0,0.0,0.0,-33.679901096017176,150.7715805122354,45.63891933966334,0.0,0.0,nothing,0.0,0
88be084065fffff,0.0,0.0,0.0,0.0,0.0,0.0,0.0,0.0,0.0,0.0,0.0,0.0,0.0,0.0,2.0,0.0,0.0,0.0,0.0,0.0,-33.6737970872286,150.78903361128667,44.535005659114375,0.0,0.0,nothing,0.0,0
88be084067fffff,0.0,0.0,0.0,0.0,0.0,0.0,0.0,0.0,0.0,0.0,0.0,5851.230513489901,0.0,0.0,0.0,0.0,0.0,0.0,0.0,0.0,-33.672653136792945,150.77819562826582,45.4760043521799,0.0,0.0,nothing,0.0,0
88be084069fffff,0.0,0.0,0.0,0.0,0.0,0.0,0.0,0.0,0.0,0.0,0.0,0.0,0.0,0.0,2.0,4373.1778425655975,0.0,0.0,0.0,0.0,-33.68943815882493,150.7866437084043,43.912826648346986,0.0,0.0,nothing,0.0,0
88be08406dfffff,0.0,0.0,0.0,0.0,0.0,0.0,0.0,0.0,0.0,0.0,0.0,0.0,0.0,0.0,0.0,1457.725947521866,0.0,0.0,0.0,0.0,-33.68218933248364,150.79325841946806,43.743622021485194,0.0,0.0,nothing,0.0,0
88be084085fffff,0.0,0.0,0.0,0.0,0.0,0.0,0.0,0.0,0.0,0.0,0.0,0.0,0.0,0.0,2.0,0.0,0.0,0.0,0.0,0.0,-33.67071105082256,150.6848874292112,53.31577934632775,0.0,0.0,nothing,0.0,0
88be084087fffff,0.0,0.0,0.0,0.0,0.0,0.0,0.0,0.0,0.0,0.0,0.0,0.0,0.0,0.0,2.0,0.0,0.0,0.0,0.0,0.0,-33.66955812429834,150.67405289254674,54.284042218743075,0.0,0.0,nothing,0.0,0
88be084089fffff,0.0,0.0,0.0,0.0,0.0,0.0,0.0,0.0,0.0,0.0,0.0,0.0,0.0,0.0,1.0,0.0,1.0,0.0,0.0,0.0,-33.68634891747627,150.68247865289135,52.826675797315595,0.0,0.0,nothing,0.0,0
88be08408dfffff,0.0,0.0,0.0,0.0,0.0,0.0,0.0,0.0,0.0,0.0,0.0,0.0,0.0,0.0,2.0,0.0,0.0,0.0,0.0,0.0,-33.67910618370585,150.6891010802983,52.57875352100123,0.0,0.0,nothing,0.0,0
88be084091fffff,0.0,0.0,0.0,0.0,0.0,0.0,0.0,5.0,0.0,0.0,0.0,9425.899343612857,0.0,0.0,0.0,0.0,0.0,0.0,0.0,0.0,-33.68288633483452,150.64997063535375,55.76182401939891,0.0,0.0,nothing,0.0,0
88be084095fffff,0.0,0.0,0.0,0.0,1.0,0.0,0.0,1.0,0.0,0.0,0.0,0.0,0.0,0.0,0.0,1924.198250728863,0.0,0.0,0.0,0.0,-33.67564550305965,150.6565952666144,55.49922862551248,0.0,0.0,nothing,0.0,0
88be084099fffff,0.0,0.0,0.0,0.0,0.0,0.0,0.0,0.0,0.0,0.0,0.0,0.0,0.0,0.0,0.0,3848.396501457726,0.0,0.0,0.0,0.0,-33.691282521669386,150.6541812009037,55.05745164538427,0.0,0.0,nothing,0.0,0
88be08409dfffff,0.0,0.0,0.0,0.0,0.0,0.0,0.0,0.0,0.0,0.0,0.0,0.0,0.0,0.0,0.0,2886.2973760932946,0.0,0.0,0.0,0.0,-33.6840414557756,150.6608061714972,54.78220350008113,0.0,0.0,nothing,0.0,0
88be0840a1fffff,0.0,0.0,0.0,0.0,0.0,0.0,0.0,0.0,0.0,0.0,0.0,0.0,113199.33333333331,0.0,0.0,0.0,0.0,0.0,0.0,0.0,-33.655073196664674,150.68729532063884,53.85724838119478,0.0,0.0,nothing,0.0,0
88be0840a3fffff,0.0,0.0,0.0,0.0,0.0,0.0,0.0,0.0,0.0,0.0,0.0,0.0,924461.2222222222,0.0,2.0,0.0,0.0,0.0,0.0,0.0,-33.65392061096927,150.67646272195526,54.815891185661854,0.0,0.0,nothing,0.0,0
88be0840a7fffff,0.0,0.0,0.0,0.0,0.0,0.0,0.0,0.0,0.0,0.0,0.0,0.0,226398.66666666663,0.0,0.0,0.0,0.0,0.0,0.0,0.0,-33.64667818306539,150.68308306120124,54.62365521010939,0.0,0.0,nothing,0.0,0
88be0840abfffff,0.0,0.0,0.0,0.0,0.0,0.0,0.0,0.0,0.0,0.0,0.0,0.0,194056.0,0.0,0.0,0.0,0.0,0.0,0.0,0.0,-33.66231585974381,150.68067464317045,54.061611952893,0.0,0.0,nothing,0.0,0
88be0840b1fffff,0.0,0.0,0.0,0.0,1.0,0.0,0.0,9.0,0.0,0.0,0.0,234936.34702478367,10780.888888888889,0.0,0.0,2886.2973760932946,0.0,1.0,0.0,0.0,-33.66000849554751,150.65900844555668,55.99215831338892,0.0,0.0,nothing,0.0,0
88be0840b5fffff,0.0,0.0,0.0,0.0,0.0,0.0,0.0,2.0,0.0,0.0,0.0,1125.688233459462,768138.3333333334,0.0,0.0,0.0,0.0,1.0,0.0,0.0,-33.65276709952854,150.66563059179288,55.77643568693264,0.0,0.0,nothing,0.0,0
88be0840b7fffff,0.0,0.0,0.0,0.0,0.0,0.0,0.0,1.0,0.0,0.0,0.0,76294.51313101716,0.0,0.0,0.0,2886.2973760932946,0.0,0.0,0.0,0.0,-33.6516126625133,150.65479893089562,56.738784351237705,0.0,0.0,nothing,0.0,0
88be0840bbfffff,0.0,0.0,0.0,0.0,2.0,0.0,0.0,7.0,0.0,0.0,0.0,10512.452929391857,0.0,0.0,0.0,1924.198250728863,5.0,6.0,0.0,0.0,-33.66724949254112,150.65238522655244,56.225237949401915,0.0,0.0,nothing,0.0,0
88be0840bdfffff,0.0,0.0,0.0,0.0,0.0,0.0,0.0,0.0,0.0,0.0,0.0,0.0,517482.6666666666,0.0,0.0,0.0,0.0,0.0,0.0,0.0,-33.661162640612595,150.66984130983136,55.02603746535261,0.0,0.0,nothing,0.0,0
88be0840c1fffff,0.0,0.0,0.0,0.0,0.0,0.0,0.0,0.0,0.0,0.0,0.0,0.0,0.0,0.0,4.0,0.0,0.0,0.0,0.0,0.0,-33.69589627288706,150.69753097849502,51.13264386203707,0.0,0.0,nothing,0.0,0
88be0840c3fffff,0.0,0.0,0.0,0.0,0.0,0.0,0.0,1.0,0.0,0.0,0.0,0.0,0.0,0.0,0.0,0.0,0.0,0.0,0.0,0.0,-33.694744225969025,150.68669283096253,52.112050614212535,0.0,0.0,nothing,0.0,0
88be0840c9fffff,0.0,0.0,0.0,0.0,0.0,0.0,0.0,1.0,0.0,0.0,0.0,0.0,0.0,5.0,0.0,0.0,0.0,0.0,0.0,0.0,-33.70429122818542,150.7017472260466,50.424362829766665,0.0,0.0,nothing,0.0,0
88be0840cdfffff,0.0,0.0,0.0,0.0,0.0,0.0,0.0,5.0,0.0,0.0,0.0,0.0,0.0,0.0,0.0,0.0,0.0,0.0,0.0,0.0,-33.69704739226302,150.70836959354193,50.15455261053813,0.0,0.0,nothing,0.0,0
88be0840d3fffff,0.0,0.0,0.0,0.0,0.0,0.0,0.0,0.0,0.0,0.0,0.0,0.0,0.0,0.0,0.0,3848.396501457726,0.0,0.0,0.0,0.0,-33.69967864999987,150.6583926315674,54.36270301789684,0.0,0.0,nothing,0.0,0
88be0840d5fffff,0.0,0.0,0.0,0.0,0.0,0.0,0.0,0.0,0.0,0.0,0.0,3292689.1734110205,0.0,2.0,0.0,0.0,0.0,0.0,0.0,0.0,-33.69359125167951,150.67585515168977,53.09269905883446,0.0,0.0,nothing,0.0,0
88be0840e1fffff,0.0,0.0,0.0,0.0,0.0,0.0,0.0,0.0,0.0,0.0,0.0,0.0,0.0,0.0,0.0,0.0,1.0,0.0,0.0,0.0,-33.67301412430848,150.70655790615257,51.38436881504203,0.0,0.0,nothing,0.0,0
88be0840e9fffff,0.0,0.0,0.0,0.0,0.0,0.0,0.0,0.0,0.0,0.0,0.0,0.0,0.0,0.0,1.0,0.0,0.0,0.0,0.0,0.0,-33.68140867030477,150.71077396358336,50.63941799272721,0.0,0.0,nothing,0.0,0
88be084101fffff,0.0,0.0,0.0,0.0,0.0,0.0,0.0,0.0,0.0,0.0,0.0,36504.73588531302,0.0,22.0,17.0,192.4198250728863,0.0,0.0,0.0,0.0,-33.63526568505499,150.8004212650192,45.8926113344991,0.0,0.0,nothing,0.0,0
88be084103fffff,0.0,0.0,1.0,0.0,0.0,0.0,0.0,0.0,0.0,0.0,0.0,211294.02381855715,0.0,9.0,11.0,1154.5189504373177,0.0,2.0,0.0,0.0,-33.63412303661952,150.78958790287405,46.79520234894773,0.0,0.0,nothing,0.0,0
88be084105fffff,0.0,0.0,0.0,0.0,0.0,0.0,0.0,0.0,0.0,0.0,0.0,315062.54498444626,0.0,9.0,11.0,1731.778425655977,0.0,0.0,0.0,0.0,-33.62801598643305,150.80703067350498,45.85335206790574,0.0,0.0,nothing,0.0,0
88be084107fffff,0.0,0.0,0.0,0.0,0.0,0.0,0.0,1.0,0.0,0.0,0.0,202056.1825608732,0.0,8.0,12.0,1154.5189504373177,0.0,0.0,0.0,0.0,-33.626873968662316,150.79619805131395,46.745698245207016,0.0,0.0,nothing,0.0,0
88be084109fffff,0.0,0.0,0.0,0.0,0.0,0.0,0.0,0.0,0.0,0.0,0.0,0.0,0.0,2.0,3.0,0.0,0.0,0.0,0.0,0.0,-33.64365734238376,150.8046453443657,45.04600016717258,0.0,0.0,nothing,0.0,0
88be08410bfffff,0.0,0.0,0.0,0.0,0.0,0.0,0.0,0.0,0.0,0.0,0.0,0.0,0.0,3.0,3.0,0.0,0.0,0.0,0.0,0.0,-33.64251498973435,150.79381078226575,45.95409491001541,0.0,0.0,nothing,0.0,0
88be08410dfffff,0.0,0.0,0.0,0.0,0.0,0.0,0.0,0.0,0.0,0.0,0.0,0.0,0.0,3.0,3.0,577.2594752186588,0.0,0.0,0.0,0.0,-33.63640740697859,150.81125508681453,44.99470909506406,0.0,0.0,nothing,0.0,0
88be084119fffff,0.0,0.0,0.0,0.0,0.0,0.0,0.0,0.0,0.0,0.0,0.0,267829.2608195944,0.0,0.0,1.0,0.0,0.0,0.0,0.0,0.0,-33.64861998943676,150.77636438367853,46.9594258093368,0.0,0.0,nothing,0.0,0
88be08411dfffff,0.0,0.0,0.0,0.0,0.0,0.0,0.0,0.0,0.0,0.0,0.0,126551.9910965732,0.0,1.0,2.0,192.4198250728863,0.0,0.0,0.0,0.0,-33.64137171038267,150.78297668035748,46.86647801921053,0.0,0.0,nothing,0.0,0
88be084121fffff,2.0,0.0,4.0,0.0,0.0,5.0,0.0,10.0,1.0,0.0,0.0,606622.9035037193,0.0,49.0,5.0,0.0,3.0,7.0,1.0,0.0,-33.61237465222576,150.80941512630704,46.712252399013835,2.0,2.0,6 kW,6.0,1
88be084123fffff,0.0,0.0,0.0,0.0,0.0,0.0,0.0,0.0,0.0,0.0,0.0,0.0,0.0,1.0,2.0,0.0,0.0,0.0,0.0,0.0,-33.61123296925744,150.79858444336833,47.5884285398575,0.0,0.0,nothing,0.0,0
88be084125fffff,0.0,0.0,12.0,6.0,0.0,1.0,1.0,41.0,0.0,3.0,0.0,453984.1923925367,2218869.420560748,22.0,4.0,0.0,4.0,6.0,3.0,0.0,-33.6051244047765,150.81602205303213,46.7283581863247,0.0,0.0,nothing,0.0,0
88be084127fffff,0.0,0.0,0.0,0.0,0.0,0.0,0.0,0.0,0.0,0.0,0.0,19840.56022097888,0.0,0.0,0.0,0.0,0.0,0.0,0.0,0.0,-33.60398335190879,150.8051921100786,47.59343020788509,0.0,0.0,nothing,0.0,0
88be084129fffff,0.0,0.0,0.0,0.0,0.0,12.0,0.0,4.0,0.0,1.0,0.0,0.0,0.0,7.0,4.0,1635.5685131195337,0.0,0.0,0.0,12.0,-33.62076589438358,150.81363900780914,45.83637452831766,0.0,0.0,nothing,0.0,0
88be08412bfffff,0.0,0.0,1.0,0.0,0.0,0.0,0.0,3.0,0.0,0.0,0.0,165248.4911117062,0.0,24.0,11.0,0.0,0.0,0.0,1.0,0.0,-33.619624507026046,150.802807125763,46.71803522624544,0.0,0.0,nothing,0.0,0
88be08412dfffff,0.0,0.0,0.0,0.0,0.0,0.0,0.0,4.0,0.0,0.0,0.0,2006433.4476266536,1664152.0654205608,16.0,6.0,673.469387755102,1.0,0.0,0.0,0.0,-33.61351540942169,150.82024626801768,45.84170377950716,0.0,0.0,nothing,0.0,0
88be084135fffff,0.0,0.0,1.0,0.0,0.0,1.0,0.0,1.0,0.0,0.0,0.0,278033.76760572055,0.0,5.0,2.0,0.0,1.0,6.0,0.0,0.0,-33.61009036068465,150.78775421994638,48.46992595738466,0.0,0.0,nothing,0.0,0
88be084137fffff,0.0,0.0,1.0,0.0,0.0,0.0,0.0,2.0,0.0,0.0,0.0,85481.81618621545,0.0,0.0,0.0,0.0,0.0,1.0,0.0,0.0,-33.608946826675485,150.7769244567858,49.35645849166112,0.0,0.0,nothing,0.0,0
88be084141fffff,0.0,0.0,0.0,0.0,0.0,0.0,0.0,0.0,0.0,0.0,0.0,0.0,0.0,0.0,0.0,2915.451895043732,0.0,0.0,0.0,0.0,-33.65319006948563,150.81970651101668,43.296982038390624,0.0,0.0,nothing,0.0,0
88be084145fffff,0.0,0.0,0.0,0.0,0.0,0.0,0.0,0.0,0.0,0.0,0.0,0.0,0.0,0.0,0.0,4373.1778425655975,0.0,0.0,0.0,0.0,-33.64593926690352,150.82631584615794,43.24375992648335,0.0,0.0,nothing,0.0,0
88be084147fffff,0.0,0.0,0.0,0.0,0.0,0.0,0.0,0.0,0.0,0.0,0.0,0.0,0.0,2.0,3.0,0.0,0.0,0.0,0.0,0.0,-33.64479876816277,150.81548036591167,44.142459620203965,0.0,0.0,nothing,0.0,0
88be084149fffff,0.0,0.0,0.0,0.0,0.0,0.0,0.0,0.0,0.0,0.0,0.0,0.0,0.0,0.0,0.0,2915.451895043732,0.0,0.0,0.0,0.0,-33.66158131044721,150.82393352234985,42.458681756850225,0.0,0.0,nothing,0.0,0
88be084151fffff,0.0,0.0,0.0,0.0,0.0,0.0,0.0,0.0,0.0,0.0,0.0,0.0,0.0,0.0,2.0,0.0,0.0,0.0,0.0,0.0,-33.65815603006075,150.79142263574852,45.21630535521276,0.0,0.0,nothing,0.0,0
88be084157fffff,0.0,0.0,0.0,0.0,0.0,0.0,0.0,0.0,0.0,0.0,0.0,148313.38357931637,0.0,0.0,0.0,0.0,0.0,0.0,0.0,0.0,-33.6497638999561,150.78719922515876,46.03771343735437,0.0,0.0,nothing,0.0,0
88be084159fffff,0.0,0.0,0.0,0.0,0.0,0.0,0.0,0.0,0.0,0.0,0.0,0.0,0.0,0.0,0.0,0.0,2.0,0.0,0.0,0.0,-33.6665481001967,150.79564691234717,44.4026628647552,0.0,0.0,nothing,0.0,0
88be08415bfffff,0.0,0.0,0.0,0.0,0.0,0.0,0.0,0.0,0.0,0.0,0.0,0.0,0.0,0.0,1.0,0.0,0.0,0.0,0.0,0.0,-33.66540478130246,150.78480966940828,45.33506441500997,0.0,0.0,nothing,0.0,0
88be084161fffff,0.0,0.0,0.0,0.0,0.0,0.0,0.0,0.0,0.0,0.0,0.0,219765.3796281458,0.0,3.0,3.0,384.8396501457726,0.0,2.0,0.0,0.0,-33.63029724284268,150.82869729446833,44.084272607342626,1.0,1.0,kW,1.0,1
88be084163fffff,0.0,0.0,0.0,0.0,0.0,0.0,0.0,0.0,0.0,0.0,0.0,0.0,0.0,0.0,0.0,5483.965014577259,0.0,0.0,0.0,0.0,-33.629157077882425,150.8178637548049,44.966107131479035,0.0,0.0,nothing,0.0,0
88be084165fffff,0.0,0.0,2.0,1.0,0.0,0.0,0.0,14.0,0.0,0.0,0.0,636482.2937499672,0.0,8.0,7.0,0.0,1.0,1.0,1.0,0.0,-33.62304589053882,150.83530414685953,44.08995580372682,0.0,0.0,nothing,0.0,0
88be084167fffff,0.0,0.0,0.0,0.0,0.0,0.0,0.0,0.0,0.0,0.0,0.0,0.0,0.0,0.0,3.0,0.0,0.0,1.0,0.0,0.0,-33.621906355610385,150.8244713484231,44.96023789410146,0.0,0.0,nothing,0.0,0
88be084169fffff,0.0,0.0,0.0,0.0,0.0,0.0,0.0,0.0,0.0,0.0,0.0,0.0,0.0,0.0,0.0,7836.734693877551,0.0,0.0,0.0,0.0,-33.63868807061865,150.83292410637344,43.21414327212733,0.0,0.0,nothing,0.0,0
88be08416bfffff,0.0,0.0,0.0,0.0,0.0,0.0,0.0,0.0,0.0,0.0,0.0,0.0,0.0,0.0,0.0,2309.0379008746354,0.0,0.0,0.0,0.0,-33.63754820222238,150.82208936751448,44.10178318654604,0.0,0.0,nothing,0.0,0
88be08416dfffff,0.0,0.0,0.0,0.0,0.0,0.0,0.0,5.0,0.0,0.0,0.0,867748.6474781834,0.0,0.0,4.0,2915.451895043732,0.0,0.0,0.0,0.0,-33.631436481146245,150.83953129174958,43.208180944453744,1.0,2.0,kW,1.0,1
88be084191fffff,0.0,0.0,0.0,0.0,0.0,0.0,0.0,0.0,0.0,0.0,0.0,0.0,0.0,0.0,0.0,0.0,2.0,0.0,0.0,0.0,-33.63219213453397,150.6963205213957,54.293658604917034,0.0,0.0,nothing,0.0,0
88be084193fffff,0.0,0.0,0.0,0.0,0.0,0.0,0.0,0.0,0.0,0.0,0.0,0.0,0.0,0.0,2.0,0.0,0.0,0.0,0.0,0.0,-33.63104052246368,150.68549059473108,55.23536467307802,0.0,0.0,nothing,0.0,0
88be084195fffff,0.0,0.0,0.0,0.0,0.0,0.0,0.0,0.0,0.0,0.0,0.0,0.0,91009.33333333331,0.0,2.0,0.0,6.0,0.0,0.0,0.0,-33.62494851493551,150.70293764251244,54.15623049898797,0.0,0.0,nothing,0.0,0
88be084197fffff,0.0,0.0,0.0,0.0,0.0,0.0,0.0,1.0,0.0,0.0,0.0,0.0,73674.22222222222,0.0,0.0,0.0,0.0,0.0,0.0,0.0,-33.62379753548766,150.69210845073337,55.09095315931208,0.0,0.0,nothing,0.0,0
88be0841a1fffff,0.0,0.0,0.0,0.0,0.0,0.0,0.0,0.0,0.0,1.0,0.0,0.0,0.0,0.0,3.0,0.0,0.0,0.0,0.0,0.0,-33.60436343964532,150.7336100216432,52.947840459734685,0.0,0.0,nothing,0.0,0
88be0841a3fffff,0.0,0.0,0.0,0.0,0.0,0.0,0.0,0.0,0.0,0.0,0.0,0.0,0.0,0.0,2.0,0.0,0.0,0.0,0.0,0.0,-33.603215280983925,150.72278257095215,53.85586243711023,0.0,0.0,nothing,0.0,0
88be0841a5fffff,0.0,0.0,0.0,0.0,0.0,0.0,0.0,1.0,0.0,0.0,0.0,49288.87738662154,0.0,3.0,1.0,0.0,0.0,0.0,0.0,0.0,-33.59711760689437,150.74022211690368,52.89402240126173,0.0,0.0,nothing,0.0,0
88be0841a9fffff,0.0,0.0,0.0,0.0,0.0,0.0,0.0,0.0,0.0,0.0,0.0,0.0,0.0,0.0,3.0,0.0,0.0,0.0,0.0,0.0,-33.61275674354941,150.73782550512203,52.10812624392765,0.0,0.0,nothing,0.0,0
88be0841adfffff,0.0,0.0,0.0,0.0,0.0,0.0,0.0,0.0,0.0,0.0,0.0,703.7620220400711,0.0,14.0,8.0,0.0,0.0,0.0,0.0,0.0,-33.60551067371429,150.74443793631582,52.043676433790615,0.0,0.0,nothing,0.0,0
88be0841b1fffff,0.0,0.0,0.0,0.0,0.0,0.0,0.0,0.0,0.0,0.0,0.0,0.0,621897.111111111,0.0,0.0,0.0,0.0,0.0,0.0,0.0,-33.60931037269106,150.70534094577673,54.856928220878544,0.0,0.0,nothing,0.0,0
88be0841b3fffff,0.0,0.0,0.0,0.0,0.0,0.0,0.0,1.0,0.0,0.0,0.0,67120.11575353853,543889.111111111,0.0,0.0,0.0,1.0,1.0,0.0,0.0,-33.60815973329397,150.69451369035727,55.77985207630716,0.0,0.0,nothing,0.0,0
88be0841b7fffff,0.0,0.0,0.0,0.0,0.0,0.0,0.0,0.0,0.0,0.0,0.0,0.0,73674.22222222222,0.0,0.0,0.0,0.0,0.0,0.0,0.0,-33.600916190562025,150.70112906448855,55.68272069339228,0.0,0.0,nothing,0.0,0
88be0841b9fffff,0.0,0.0,0.0,0.0,0.0,0.0,0.0,0.0,0.0,0.0,0.0,0.0,331533.99999999994,0.0,2.0,0.0,0.0,0.0,0.0,0.0,-33.61770449913461,150.70955369108785,54.03737613624971,0.0,0.0,nothing,0.0,0
88be0841bbfffff,0.0,0.0,0.0,0.0,0.0,0.0,0.0,0.0,0.0,0.0,0.0,22626.922303706415,743242.8888888889,0.0,0.0,0.0,0.0,0.0,0.0,0.0,-33.616554152058605,150.6987252343872,54.964765661266206,0.0,0.0,nothing,0.0,0
88be0841bdfffff,0.0,0.0,0.0,0.0,0.0,0.0,0.0,0.0,0.0,0.0,0.0,0.0,28169.555555555555,1.0,1.0,0.0,0.0,0.0,0.0,0.0,-33.610460087645876,150.7161686672063,53.93721858482528,0.0,0.0,nothing,0.0,0
88be0841c1fffff,0.0,0.0,0.0,0.0,0.0,0.0,0.0,0.0,0.0,1.0,0.0,0.0,0.0,0.0,0.0,0.0,0.0,0.0,0.0,0.0,-33.64518269820923,150.7438626310917,49.74578873339565,0.0,0.0,nothing,0.0,0
88be0841c3fffff,0.0,0.0,1.0,0.0,0.0,0.0,0.0,3.0,0.0,0.0,0.0,1610.263997755498,0.0,3.0,3.0,0.0,1.0,1.0,2.0,0.0,-33.64403508180672,150.7330296399977,50.68099989480269,0.0,0.0,nothing,0.0,0
88be0841c7fffff,0.0,0.0,0.0,0.0,0.0,0.0,0.0,0.0,0.0,0.0,0.0,0.0,0.0,0.0,2.0,0.0,0.0,0.0,0.0,0.0,-33.636789329323065,150.73964488954562,50.554213721508624,0.0,0.0,nothing,0.0,0
88be0841c9fffff,0.0,0.0,0.0,0.0,0.0,0.0,0.0,0.0,0.0,0.0,0.0,0.0,0.0,0.0,1.0,0.0,0.0,0.0,0.0,0.0,-33.653576008816515,150.7480812378377,48.94483778736569,0.0,0.0,nothing,0.0,0
88be0841cbfffff,0.0,0.0,0.0,0.0,0.0,0.0,0.0,0.0,0.0,0.0,0.0,0.0,0.0,1.0,2.0,0.0,0.0,0.0,0.0,0.0,-33.652428686642565,150.73724704527527,49.88481891397948,0.0,0.0,nothing,0.0,0
88be0841cdfffff,0.0,0.0,0.0,0.0,0.0,0.0,0.0,0.0,0.0,0.0,0.0,0.0,0.0,0.0,2.0,0.0,0.0,0.0,0.0,0.0,-33.6463293883945,150.7546960858998,48.81366607688088,0.0,0.0,nothing,0.0,0
88be0841ddfffff,0.0,0.0,0.0,0.0,0.0,0.0,0.0,0.0,0.0,0.0,0.0,0.0,0.0,0.0,1.0,0.0,0.0,0.0,0.0,0.0,-33.65128043806181,150.7264133169692,50.82758972684962,0.0,0.0,nothing,0.0,0
88be0841e1fffff,0.0,0.0,0.0,0.0,0.0,0.0,0.0,0.0,0.0,0.0,0.0,522.8641755276244,0.0,0.0,0.0,0.0,0.0,0.0,0.0,0.0,-33.622296637729114,150.75287216853948,50.36062848171776,0.0,0.0,nothing,0.0,0
88be0841e3fffff,0.0,0.0,0.0,0.0,0.0,0.0,0.0,0.0,0.0,0.0,0.0,0.0,0.0,0.0,2.0,0.0,0.0,0.0,0.0,0.0,-33.62114999087607,150.7420418530669,51.274538219975376,0.0,0.0,nothing,0.0,0
88be0841e5fffff,0.0,0.0,0.0,0.0,0.0,0.0,0.0,0.0,0.0,0.0,0.0,6810.224058068209,0.0,0.0,0.0,0.0,0.0,0.0,0.0,0.0,-33.6150496996484,150.7594841981555,50.29406090364697,0.0,0.0,nothing,0.0,0
88be0841e7fffff,0.0,0.0,0.0,0.0,0.0,0.0,1.0,2.0,0.0,0.0,0.0,1940088.5718866824,0.0,31.0,0.0,0.0,0.0,0.0,0.0,0.0,-33.6139036841591,150.748654620121,51.19911454257751,0.0,0.0,nothing,0.0,0
88be084201fffff,0.0,0.0,0.0,0.0,0.0,0.0,0.0,3.0,0.0,0.0,0.0,1907749.1178911028,0.0,21.0,5.0,3848.396501457726,0.0,0.0,0.0,0.0,-33.7447543701006,150.78369565988902,41.7409914416393,0.0,0.0,nothing,0.0,0
88be084203fffff,0.0,0.0,0.0,0.0,0.0,0.0,0.0,2.0,0.0,0.0,0.0,141902.6425140052,0.0,6.0,5.0,0.0,0.0,0.0,0.0,0.0,-33.74360937372594,150.77284870346003,42.73185211928091,0.0,0.0,nothing,0.0,0
88be084205fffff,0.0,0.0,0.0,0.0,0.0,0.0,0.0,1.0,0.0,0.0,0.0,0.0,0.0,9.0,15.0,3848.396501457726,0.0,0.0,0.0,0.0,-33.73750579957526,150.79031493982734,41.440041020684625,0.0,0.0,nothing,0.0,0
88be084207fffff,0.0,0.0,1.0,0.0,0.0,0.0,0.0,3.0,0.0,0.0,0.0,603810.402515985,0.0,62.0,9.0,0.0,3.0,2.0,0.0,0.0,-33.73636143605386,150.7794687244698,42.42580996487925,1.0,1.0,22 kW,22.0,1
88be084209fffff,0.0,0.0,0.0,0.0,0.0,0.0,0.0,1.0,0.0,0.0,0.0,10113.585264276138,959163.3333333333,10.0,11.0,3848.396501457726,0.0,0.0,0.0,0.0,-33.753147240166086,150.78792346301026,41.06958563160356,0.0,0.0,nothing,0.0,0
88be08420bfffff,0.0,0.0,2.0,0.0,0.0,0.0,0.0,2.0,0.0,0.0,0.0,762218.6291354939,907316.6666666666,24.0,16.0,0.0,0.0,0.0,0.0,0.0,-33.75200254123286,150.77707530313947,42.06410342625857,0.0,0.0,nothing,0.0,0
88be08420dfffff,0.0,0.0,0.0,0.0,0.0,0.0,0.0,4.0,0.0,0.0,0.0,215244.49439471192,0.0,51.0,15.0,0.0,0.0,1.0,1.0,0.0,-33.745898436119326,150.7945430783366,40.7512073591829,0.0,0.0,nothing,0.0,0
88be084211fffff,0.0,0.0,0.0,0.0,0.0,0.0,0.0,1.0,0.0,0.0,0.0,0.0,630406.8888888889,0.0,0.0,4069.9708454810498,0.0,0.0,0.0,0.0,-33.74971035189707,150.75538037183318,44.055629421457766,0.0,0.0,nothing,0.0,0
88be084213fffff,0.0,0.0,6.0,1.0,0.0,1.0,0.0,17.0,0.0,0.0,0.0,706126.1053797565,0.0,34.0,16.0,1154.5189504373177,3.0,4.0,2.0,0.0,-33.748562861832895,150.74453360189355,45.052525230099405,0.0,0.0,nothing,0.0,0
88be084215fffff,0.0,0.0,0.0,0.0,1.0,0.0,0.0,1.0,0.0,0.0,0.0,268257.2603480209,0.0,0.0,0.0,0.0,0.0,1.0,0.0,0.0,-33.74246344716426,150.76200220979763,43.72371501648906,0.0,0.0,nothing,0.0,0
88be084217fffff,0.0,0.0,0.0,0.0,0.0,0.0,0.0,0.0,0.0,0.0,0.0,22096.303981876415,0.0,29.0,13.0,4373.1778425655975,0.0,5.0,0.0,0.0,-33.74131659058471,150.7511561796495,44.71651228116999,0.0,0.0,nothing,0.0,0
88be084219fffff,1.0,0.0,3.0,1.0,0.0,1.0,0.0,20.0,0.0,0.0,0.0,1286166.1546441016,2887363.209398473,14.0,3.0,5912.536443148688,2.0,5.0,2.0,0.0,-33.75810404962149,150.75960543149728,43.40817751945836,0.0,0.0,nothing,0.0,0
88be08421bfffff,0.0,1.0,1.0,0.0,0.0,0.0,0.0,4.0,0.0,0.0,0.0,272423.2583553496,768788.8888888889,20.0,10.0,1539.3586005830905,0.0,1.0,0.0,0.0,-33.75695685621902,150.7487574573563,44.408092183762584,0.0,0.0,nothing,0.0,0
88be08421dfffff,0.0,0.0,0.0,0.0,0.0,0.0,0.0,0.0,0.0,0.0,0.0,429774.01413533115,914858.7777777778,2.0,2.0,2227.4052478134113,0.0,0.0,0.0,0.0,-33.750856911753495,150.76622760583112,43.059470946456955,0.0,0.0,nothing,0.0,0
88be084221fffff,0.0,0.0,0.0,0.0,0.0,0.0,0.0,0.0,0.0,0.0,0.0,32403.172589775888,0.0,6.0,10.0,0.0,0.0,0.0,0.0,0.0,-33.72186436383638,150.7927055369756,41.8803160137115,0.0,0.0,nothing,0.0,0
88be084223fffff,0.0,0.0,1.0,0.0,0.0,0.0,0.0,0.0,0.0,0.0,0.0,0.0,0.0,13.0,6.0,0.0,0.0,0.0,0.0,0.0,-33.72072033565072,150.78186126547263,42.855892669818054,0.0,0.0,nothing,0.0,0
88be084227fffff,0.0,0.0,0.0,0.0,0.0,0.0,0.0,2.0,0.0,0.0,0.0,0.0,0.0,0.0,0.0,0.0,0.0,0.0,0.0,0.0,-33.71347183442458,150.7884787982441,42.6107075310972,0.0,0.0,nothing,0.0,0
88be084229fffff,0.0,0.0,0.0,0.0,0.0,0.0,0.0,0.0,0.0,0.0,0.0,353266.1743898729,0.0,18.0,9.0,3848.396501457726,0.0,0.0,0.0,0.0,-33.73025683017193,150.79693314304058,41.161738663238104,0.0,0.0,nothing,0.0,0
88be08422bfffff,0.0,0.0,1.0,0.0,0.0,0.0,0.0,3.0,0.0,0.0,0.0,122373.28821200144,0.0,69.0,11.0,0.0,0.0,4.0,0.0,0.0,-33.72911309925232,150.78608766894638,42.14181496117574,0.0,0.0,nothing,0.0,0
88be08422dfffff,0.0,0.0,0.0,0.0,0.0,0.0,0.0,0.0,0.0,0.0,0.0,327225.62091292744,0.0,4.0,2.0,3848.396501457726,0.0,0.0,0.0,0.0,-33.72300746240577,150.80355026961482,40.90654701884569,0.0,0.0,nothing,0.0,0
88be084233fffff,0.0,0.0,0.0,0.0,0.0,0.0,0.0,0.0,0.0,0.0,0.0,0.0,0.0,6.0,0.0,2915.451895043732,0.0,0.0,0.0,0.0,-33.72567632832913,150.75355401973047,45.09070545140483,0.0,0.0,nothing,0.0,0
88be084235fffff,0.0,0.0,0.0,0.0,0.0,0.0,0.0,0.0,0.0,0.0,0.0,0.0,0.0,0.0,2.0,0.0,0.0,0.0,0.0,0.0,-33.71957537801738,150.77101745585333,43.83315511278651,0.0,0.0,nothing,0.0,0
88be084237fffff,0.0,0.0,0.0,0.0,0.0,0.0,0.0,0.0,0.0,0.0,0.0,0.0,0.0,0.0,0.0,2915.451895043732,0.0,0.0,0.0,0.0,-33.71842949110527,150.76017410886493,44.81199189529267,0.0,0.0,nothing,0.0,0
88be08423bfffff,0.0,0.0,0.0,0.0,0.0,0.0,0.0,1.0,0.0,0.0,0.0,0.0,0.0,56.0,3.0,1457.725947521866,0.0,0.0,0.0,0.0,-33.73406991918943,150.75777768117112,44.40098915801771,0.0,0.0,nothing,0.0,0
88be08423dfffff,0.0,0.0,2.0,0.0,0.0,0.0,0.0,4.0,0.0,0.0,0.0,255101.52632535415,0.0,60.0,0.0,0.0,0.0,4.0,0.0,0.0,-33.72796843852606,150.7752426565316,43.12340139771384,0.0,0.0,nothing,0.0,0
88be084241fffff,0.0,0.0,0.0,0.0,0.0,0.0,0.0,2.0,0.0,0.0,0.0,0.0,274276.2580645161,41.0,7.0,10005.830903790087,0.0,0.0,0.0,0.0,-33.76268351586991,150.80300195912426,39.415065540680274,0.0,0.0,nothing,0.0,0
88be084243fffff,0.0,0.0,0.0,0.0,0.0,0.0,0.0,8.0,0.0,0.0,0.0,0.0,1892403.3333333333,2.0,5.0,12314.868804664724,0.0,0.0,0.0,0.0,-33.76154004575006,150.79215213405473,40.41226191155247,0.0,0.0,nothing,0.0,0
88be084245fffff,0.0,0.0,0.0,0.0,0.0,0.0,0.0,3.0,0.0,0.0,0.0,35282.4666925803,0.0,62.0,17.0,384.8396501457726,0.0,0.0,0.0,0.0,-33.75543384571889,150.8096211674459,39.08336390742294,0.0,0.0,nothing,0.0,0
88be084247fffff,0.0,0.0,0.0,0.0,0.0,0.0,0.0,8.0,0.0,0.0,0.0,141975.8075024263,0.0,33.0,16.0,5772.594752186589,0.0,0.0,0.0,0.0,-33.75429100838431,150.79877208469517,40.0759821102678,0.0,0.0,nothing,0.0,0
88be084249fffff,0.0,0.0,0.0,0.0,0.0,0.0,0.0,3.0,0.0,2.0,0.0,254235.77197449625,5121315.111285345,42.0,8.0,5195.33527696793,0.0,1.0,0.0,0.0,-33.771075958075805,150.80723270184495,38.76919032442071,0.0,0.0,nothing,0.0,0
88be08424bfffff,0.0,0.0,0.0,0.0,0.0,0.0,0.0,0.0,0.0,0.0,0.0,0.0,2588842.5,16.0,16.0,5965.014577259475,0.0,0.0,0.0,0.0,-33.76993278635226,150.79638167324362,39.76971941140285,0.0,0.0,nothing,0.0,0
88be08424dfffff,0.0,0.0,0.0,0.0,0.0,1.0,0.0,8.0,0.0,1.0,0.0,6217164.891741445,5896939.548387096,123.0,18.0,962.0991253644316,1.0,2.0,0.0,1.0,-33.7638260547471,150.81385224505465,38.41868609862243,0.0,0.0,nothing,0.0,0
88be084251fffff,0.0,0.0,36.0,22.0,0.0,6.0,4.0,128.0,0.0,0.0,0.0,4900594.545162831,3414039.0929198503,137.0,14.0,0.0,0.0,9.0,8.0,5.0,-33.76764364877439,150.77468100100398,41.77255060106168,0.0,0.0,nothing,0.0,0
88be084253fffff,0.0,0.0,2.0,0.0,0.0,0.0,0.0,23.0,0.0,0.0,0.0,2603088.027185115,3500398.6866440517,32.0,8.0,2915.451895043732,3.0,2.0,0.0,0.0,-33.766497683257775,150.76383135886311,42.77476727796554,0.0,0.0,nothing,0.0,0
88be084255fffff,0.0,0.0,0.0,0.0,0.0,0.0,0.0,10.0,0.0,0.0,0.0,197328.70254039575,4445851.666666666,38.0,12.0,3463.5568513119533,3.0,16.0,0.0,0.0,-33.76039564455615,150.78130277059472,41.4102149551336,0.0,0.0,nothing,0.0,0
88be084257fffff,2.0,0.0,0.0,0.0,0.0,2.0,1.0,17.0,0.0,0.0,0.0,677174.4046986103,3094488.001604908,17.0,2.0,2501.457725947522,2.0,4.0,1.0,0.0,-33.75925031245695,150.7704538694928,42.40887003946502,0.0,0.0,nothing,0.0,0
88be084259fffff,0.0,1.0,0.0,0.0,0.0,0.0,0.0,1.0,0.0,1.0,0.0,14372.148286992944,5450568.830156277,29.0,18.0,0.0,0.0,1.0,1.0,0.0,-33.77603692020557,150.7789090005859,41.15117597629597,0.0,0.0,nothing,0.0,0
88be08425bfffff,0.0,0.0,1.0,0.0,0.0,1.0,0.0,1.0,0.0,0.0,0.0,206513.7202758965,5367748.773193409,24.0,9.0,0.0,1.0,1.0,0.0,0.0,-33.77489125230572,150.76805815415204,42.15603246576934,0.0,0.0,nothing,0.0,0
88be08425dfffff,0.0,0.0,0.0,0.0,0.0,0.0,0.0,0.0,0.0,0.0,0.0,13078.857422157556,3065526.5929933023,35.0,17.0,0.0,0.0,3.0,0.0,0.0,-33.76878868319553,150.78553110604702,40.770854435931106,0.0,0.0,nothing,0.0,0
88be084261fffff,0.0,0.0,10.0,1.0,0.0,1.0,0.0,32.0,0.0,1.0,0.0,1444206.1293927878,0.0,63.0,13.0,962.0991253644316,0.0,2.0,3.0,0.0,-33.73979173595264,150.8120087542195,39.4726056577979,0.0,0.0,nothing,0.0,0
88be084263fffff,0.0,0.0,0.0,0.0,0.0,0.0,0.0,2.0,0.0,0.0,0.0,101209.14387444664,0.0,60.0,19.0,5772.594752186589,2.0,0.0,0.0,0.0,-33.738649232931024,150.80116161665993,40.45560588602438,0.0,0.0,nothing,0.0,0
88be084265fffff,0.0,0.0,0.0,0.0,0.0,0.0,0.0,1.0,0.0,0.0,0.0,375312.3708737497,0.0,63.0,27.0,1924.198250728863,0.0,1.0,0.0,0.0,-33.73254150191717,150.81862547327606,39.20657456198936,0.0,0.0,nothing,0.0,0
88be084267fffff,0.0,0.0,0.0,0.0,0.0,0.0,0.0,6.0,0.0,0.0,0.0,25400.90849962201,0.0,29.0,9.0,3848.396501457726,0.0,2.0,0.0,0.0,-33.73139963111633,150.80777907806646,40.18328428338835,0.0,0.0,nothing,0.0,0
88be084269fffff,0.0,0.0,1.0,0.0,0.0,0.0,0.0,0.0,0.0,0.0,0.0,238612.94608566933,0.0,55.0,16.0,0.0,0.0,0.0,0.0,0.0,-33.74818377641447,150.81623929829487,38.77520397664047,0.0,0.0,nothing,0.0,0
88be08426bfffff,0.0,1.0,0.0,0.0,0.0,0.0,0.0,3.0,0.0,0.0,0.0,690354.8435640062,0.0,87.0,13.0,3848.396501457726,1.0,0.0,0.0,0.0,-33.74704157161344,150.80539095805466,39.762581564350114,0.0,0.0,nothing,0.0,0
88be08426dfffff,0.0,0.0,0.0,0.0,0.0,0.0,0.0,3.0,0.0,0.0,0.0,30886.37195917934,0.0,41.0,20.0,0.0,0.0,3.0,0.0,0.0,-33.74093330847184,150.8228563517578,38.491151601765225,0.0,0.0,nothing,0.0,0
88be084281fffff,0.0,0.0,0.0,0.0,0.0,0.0,0.0,15.0,0.0,0.0,0.0,337532.9446422664,0.0,5.0,6.0,224.48979591836735,0.0,0.0,0.0,0.0,-33.736719867478556,150.70777670914845,48.69587977463496,0.0,0.0,nothing,0.0,0
88be084283fffff,0.0,0.0,4.0,0.0,0.0,0.0,0.0,71.0,0.0,0.0,0.0,1847917.0421226416,0.0,35.0,4.0,962.0991253644316,0.0,1.0,0.0,0.0,-33.7355683633547,150.69693300778133,49.69251536346517,1.0,1.0,kW,1.0,1
88be084285fffff,0.0,0.0,0.0,0.0,0.0,0.0,0.0,3.0,0.0,0.0,0.0,779.338202419012,0.0,29.0,16.0,0.0,0.0,1.0,0.0,0.0,-33.72947573091323,150.71440116516672,48.36379878984389,0.0,0.0,nothing,0.0,0
88be084287fffff,0.0,0.0,3.0,3.0,0.0,2.0,0.0,40.0,0.0,0.0,0.0,205525.9683998869,0.0,71.0,12.0,0.0,5.0,23.0,0.0,0.0,-33.72832486097013,150.70355820106346,49.3567246276314,0.0,0.0,nothing,0.0,0
88be084289fffff,0.0,0.0,1.0,0.0,0.0,1.0,0.0,35.0,0.0,0.0,0.0,400715.22346785985,1429156.569941186,40.0,23.0,2084.548104956268,0.0,6.0,2.0,0.0,-33.74511481209034,150.71199608389983,48.04716664744217,0.0,0.0,nothing,0.0,0
88be08428bfffff,0.0,0.0,0.0,1.0,0.0,0.0,0.0,28.0,0.0,0.0,0.0,279846.21502002754,1653161.6666666665,89.0,7.0,1154.5189504373177,3.0,3.0,0.0,0.0,-33.74396360289279,150.70115117766784,49.04656075150575,0.0,0.0,nothing,0.0,0
88be08428dfffff,0.0,0.0,2.0,0.0,0.0,2.0,0.0,5.0,0.0,0.0,0.0,849011.7403048151,0.0,55.0,21.0,0.0,0.0,6.0,2.0,1.0,-33.73787044243364,150.71862087776572,47.699915639656616,0.0,0.0,nothing,0.0,0
88be084291fffff,0.0,0.0,1.0,0.0,0.0,0.0,0.0,0.0,0.0,0.0,0.0,32667.706979231247,2513895.689054726,3.0,0.0,1539.3586005830905,0.0,0.0,0.0,0.0,-33.74165839659496,150.6794627693341,51.04690523900418,0.0,0.0,nothing,0.0,0
88be084293fffff,0.0,0.0,0.0,0.0,0.0,0.0,0.0,0.0,0.0,0.0,0.0,1991454.261702435,169392.4776119403,2.0,0.0,1924.198250728863,0.0,0.0,0.0,0.0,-33.74050439983625,150.66861926872548,52.04779376016492,0.0,0.0,nothing,0.0,0
88be084295fffff,0.0,0.0,1.0,0.0,0.0,0.0,0.0,0.0,0.0,0.0,0.0,0.0,260138.447761194,0.0,0.0,0.0,0.0,0.0,0.0,0.0,-33.73441593023259,150.68608977441087,50.68978175240228,2.0,4.0,22 kW,22.0,1
88be084299fffff,0.0,0.0,3.0,0.0,0.0,0.0,0.0,12.0,0.0,0.0,0.0,1526604.1444269286,3673455.851575456,37.0,1.0,1827.98833819242,1.0,2.0,0.0,0.0,-33.750054163403675,150.68367939532607,50.41824832651721,0.0,0.0,nothing,0.0,0
88be08429bfffff,1.0,1.0,7.0,2.0,0.0,0.0,0.0,20.0,1.0,0.0,0.0,3659887.200352235,1256495.1915422883,35.0,6.0,865.8892128279883,2.0,12.0,0.0,0.0,-33.74890046079022,150.6728346890979,51.42143236462927,0.0,0.0,nothing,0.0,0
88be08429dfffff,0.0,0.0,6.0,0.0,0.0,1.0,0.0,128.0,0.0,0.0,0.0,1956651.1669361745,3601178.333333333,46.0,3.0,5099.125364431487,16.0,4.0,0.0,0.0,-33.74281146433744,150.69030673923035,50.04648433468047,0.0,0.0,nothing,0.0,0
88be0842a1fffff,1.0,0.0,0.0,0.0,0.0,0.0,0.0,10.0,0.0,2.0,0.0,189004.43154510888,0.0,73.0,9.0,0.0,0.0,6.0,0.0,0.0,-33.71383665405425,150.71680536215968,48.74116177643839,0.0,0.0,nothing,0.0,0
88be0842a3fffff,0.0,0.0,0.0,0.0,0.0,0.0,0.0,46.0,0.0,1.0,0.0,58397.26351689209,0.0,40.0,9.0,0.0,2.0,13.0,0.0,0.0,-33.71268612328917,150.70596433952835,49.726495074291094,0.0,0.0,nothing,0.0,0
88be0842a5fffff,0.0,0.0,0.0,0.0,0.0,0.0,0.0,12.0,0.0,0.0,0.0,35902.446643063086,0.0,3.0,5.0,0.0,0.0,25.0,0.0,0.0,-33.70659195055241,150.72342733014318,48.46210191245919,0.0,0.0,nothing,0.0,0
88be0842a7fffff,0.0,0.0,0.0,0.0,0.0,0.0,0.0,15.0,0.0,0.0,0.0,5744.133072203177,0.0,8.0,6.0,0.0,0.0,1.0,0.0,0.0,-33.70544205340478,150.71258704481153,49.44259849741739,0.0,0.0,nothing,0.0,0
88be0842a9fffff,0.0,0.0,0.0,0.0,0.0,1.0,0.0,14.0,0.0,0.0,0.0,18585.854395751772,0.0,85.0,15.0,0.0,0.0,3.0,0.0,0.0,-33.72223119371156,150.7210245458074,48.05070379299968,0.0,0.0,nothing,0.0,0
88be0842abfffff,0.0,0.0,3.0,1.0,0.0,0.0,0.0,36.0,0.0,0.0,0.0,697716.767198968,0.0,64.0,15.0,0.0,8.0,17.0,2.0,0.0,-33.721080957698405,150.71018231916133,49.039485899641825,0.0,0.0,nothing,0.0,0
88be0842adfffff,0.0,0.0,0.0,0.0,0.0,0.0,0.0,0.0,0.0,0.0,0.0,106280.97282908548,0.0,64.0,11.0,0.0,0.0,8.0,0.0,0.0,-33.71498625638829,150.72764685115536,47.75696855793057,0.0,0.0,nothing,0.0,0
88be0842b1fffff,0.0,0.0,1.0,0.0,0.0,0.0,0.0,0.0,0.0,0.0,0.0,315874.2576080544,0.0,1.0,0.0,0.0,0.0,0.0,0.0,0.0,-33.71877769998187,150.68849926734023,51.01984890437129,0.0,0.0,nothing,0.0,0
88be0842b5fffff,0.0,0.0,0.0,0.0,0.0,1.0,0.0,23.0,0.0,0.0,0.0,4902.545102291846,0.0,0.0,6.0,0.0,0.0,3.0,0.0,0.0,-33.711534664263255,150.69512378400754,50.712900951608965,0.0,0.0,nothing,0.0,0
88be0842b9fffff,0.0,0.0,1.0,0.0,0.0,3.0,0.0,55.0,0.0,0.0,0.0,41755.19202851681,0.0,42.0,4.0,1154.5189504373177,1.0,13.0,0.0,0.0,-33.72717306221775,150.69271570441254,50.35043257518336,0.0,0.0,nothing,0.0,0
88be0842bbfffff,0.0,0.0,0.0,0.0,0.0,0.0,0.0,3.0,0.0,0.0,0.0,162168.68450621207,0.0,2.0,0.0,1539.3586005830905,0.0,0.0,0.0,0.0,-33.72602033482664,150.68187367596033,51.34487618554347,0.0,0.0,nothing,0.0,0
88be0842bdfffff,0.0,0.0,4.0,0.0,0.0,3.0,0.0,41.0,0.0,1.0,0.0,14293.28023812178,0.0,26.0,2.0,0.0,0.0,26.0,2.0,0.0,-33.71992979306505,150.69934055942358,50.02921974677999,0.0,0.0,nothing,0.0,0
88be0842c1fffff,0.0,0.0,1.0,0.0,1.0,0.0,0.0,0.0,0.0,0.0,0.0,24113.48336594326,504380.2217453505,16.0,13.0,1731.778425655977,0.0,7.0,0.0,0.0,-33.75465967839119,150.72706290362947,46.40958156023461,0.0,0.0,nothing,0.0,0
88be0842c3fffff,0.0,1.0,1.0,0.0,0.0,1.0,0.0,20.0,0.0,0.0,0.0,876909.0545005429,4857068.678667938,42.0,18.0,1924.198250728863,3.0,8.0,0.0,0.0,-33.753509694305485,150.7162163255389,47.411083980712505,0.0,0.0,nothing,0.0,0
88be0842c5fffff,1.0,0.0,2.0,0.0,0.0,0.0,0.0,0.0,0.0,0.0,0.0,48850.23329662731,0.0,33.0,11.0,1154.5189504373177,0.0,0.0,0.0,0.0,-33.74741444173049,150.73368729675985,46.05010935276279,0.0,0.0,nothing,0.0,0
88be0842c7fffff,0.0,0.0,5.0,1.0,0.0,0.0,0.0,12.0,0.0,0.0,0.0,92664.19783425124,69282.7982832618,50.0,14.0,1154.5189504373177,0.0,1.0,2.0,0.0,-33.746265091759646,150.72284145717953,47.04833689130138,0.0,0.0,nothing,0.0,0
88be0842c9fffff,1.0,0.0,7.0,0.0,0.0,0.0,0.0,19.0,0.0,0.0,0.0,2067778.1083070969,0.0,54.0,13.0,0.0,0.0,20.0,1.0,0.0,-33.763054201828204,150.73128521733693,45.78418713146501,0.0,0.0,nothing,0.0,0
88be0842cbfffff,2.0,0.0,12.0,0.0,0.0,1.0,1.0,18.0,0.0,1.0,0.0,980372.6052324072,2385433.5743919886,91.0,16.0,0.0,12.0,11.0,1.0,0.0,-33.761904513623925,150.72043743428708,46.788147661013625,1.0,1.0,kW,1.0,1
88be0842cdfffff,0.0,0.0,2.0,0.0,0.0,3.0,0.0,10.0,0.0,0.0,0.0,563418.2549768158,0.0,35.0,10.0,1731.778425655977,1.0,20.0,0.0,0.0,-33.75580873241903,150.7379099478178,45.408572773198905,0.0,0.0,nothing,0.0,0
88be0842d1fffff,0.0,0.0,1.0,4.0,0.0,0.0,0.0,9.0,0.0,0.0,0.0,554492.0318355758,1789039.747337466,118.0,19.0,0.0,0.0,0.0,1.0,0.0,-33.75960234664396,150.69874326886168,48.79714119330403,0.0,0.0,nothing,0.0,0
88be0842d3fffff,0.0,0.0,21.0,3.0,3.0,0.0,0.0,91.0,0.0,0.0,0.0,3911729.867006764,1665866.2189054724,97.0,16.0,0.0,7.0,7.0,1.0,0.0,-33.758449868209155,150.68789688798086,49.80212880688897,4.0,4.0,22 kW,22.0,1
88be0842d5fffff,0.0,0.0,11.0,7.0,1.0,1.0,0.0,52.0,0.0,2.0,0.0,1614754.6213551655,3299165.9048243524,155.0,24.0,2116.6180758017495,9.0,7.0,1.0,1.0,-33.752358780332024,150.70537021429342,48.41304831049234,0.0,0.0,nothing,0.0,0
88be0842d7fffff,6.0,1.0,61.0,19.0,2.0,7.0,7.0,165.0,0.0,2.0,0.0,8273715.68448038,3047990.540630182,157.0,16.0,1539.3586005830905,22.0,19.0,12.0,5.0,-33.75120693664122,150.69452457064014,49.41544538071902,1.0,1.0,22 kW,22.0,1
88be0842d9fffff,0.0,0.0,0.0,0.0,0.0,0.0,0.0,3.0,0.0,0.0,0.0,89717.12067433732,183606.66666666663,34.0,21.0,769.6793002915452,2.0,1.0,0.0,0.0,-33.76799769384561,150.70296283411645,48.19206266637074,0.0,0.0,nothing,0.0,0
88be0842dbfffff,0.0,0.0,3.0,0.0,2.0,0.0,0.0,58.0,0.0,0.0,0.0,1354872.3838333988,0.0,18.0,10.0,0.0,0.0,15.0,0.0,0.0,-33.76684551051139,150.69211524751995,49.199018417229745,0.0,0.0,nothing,0.0,0
88be0842ddfffff,1.0,1.0,10.0,5.0,0.0,0.0,0.0,15.0,0.0,0.0,0.0,621702.3004884651,4577595.480368781,132.0,21.0,0.0,4.0,6.0,1.0,0.0,-33.76075389517239,150.7095901178795,47.792473562541545,0.0,0.0,nothing,0.0,0
88be0842e1fffff,0.0,0.0,0.0,0.0,0.0,1.0,0.0,1.0,0.0,0.0,0.0,0.0,0.0,44.0,3.0,0.0,0.0,9.0,0.0,0.0,-33.73177468369044,150.73608849274433,46.380498897969346,0.0,0.0,nothing,0.0,0
88be0842e3fffff,0.0,0.0,8.0,0.0,0.0,0.0,0.0,4.0,0.0,0.0,0.0,635627.165539636,0.0,66.0,12.0,0.0,0.0,5.0,1.0,0.0,-33.730625671876695,150.7252445959759,47.371705361368114,0.0,0.0,nothing,0.0,0
88be0842e5fffff,0.0,0.0,0.0,0.0,0.0,0.0,0.0,1.0,0.0,0.0,0.0,0.0,0.0,20.0,0.0,0.0,0.0,0.0,0.0,0.0,-33.72452887919674,150.74271039683867,46.07624442310028,0.0,0.0,nothing,0.0,0
88be0842e7fffff,4.0,0.0,2.0,0.0,0.0,0.0,0.0,11.0,0.0,0.0,0.0,113179.9575763772,0.0,160.0,19.0,0.0,0.0,28.0,0.0,0.0,-33.723380500934304,150.7318672386154,47.062934539373714,0.0,0.0,nothing,0.0,0
88be0842e9fffff,0.0,0.0,1.0,0.0,0.0,0.0,0.0,1.0,0.0,0.0,0.0,0.0,0.0,14.0,13.0,0.0,0.0,5.0,0.0,0.0,-33.74016880415666,150.7403106137633,45.71018189139362,0.0,0.0,nothing,0.0,0
88be0842ebfffff,0.0,0.0,0.0,0.0,0.0,0.0,0.0,3.0,0.0,0.0,0.0,6861.398983812771,0.0,11.0,10.0,0.0,0.0,2.0,0.0,0.0,-33.739020088049685,150.72946551288632,46.70466704779501,0.0,0.0,nothing,0.0,0
88be0842edfffff,0.0,0.0,0.0,0.0,0.0,0.0,0.0,1.0,0.0,0.0,0.0,0.0,0.0,27.0,3.0,2915.451895043732,0.0,0.0,0.0,0.0,-33.73292276618457,150.7469328547251,45.39023866640901,0.0,0.0,nothing,0.0,0
88be084301fffff,0.0,0.0,0.0,0.0,0.0,0.0,0.0,1.0,0.0,0.0,0.0,79301.75661348255,0.0,23.0,5.0,8466.472303206998,1.0,0.0,0.0,0.0,-33.69400601801624,150.83000801124746,40.1251162524905,0.0,0.0,nothing,0.0,0
88be084303fffff,1.0,0.0,2.0,1.0,0.0,0.0,0.0,6.0,0.0,0.0,0.0,1037941.6653700088,0.0,56.0,6.0,0.0,0.0,3.0,0.0,0.0,-33.69286544633131,150.81916624634164,41.067329541347576,0.0,0.0,nothing,0.0,0
88be084307fffff,0.0,0.0,0.0,0.0,0.0,0.0,0.0,0.0,0.0,0.0,0.0,0.0,0.0,2.0,0.0,3848.396501457726,0.0,0.0,0.0,0.0,-33.685614725570524,150.82577873342672,40.92407303798032,0.0,0.0,nothing,0.0,0
88be084309fffff,0.0,0.0,0.0,0.0,0.0,0.0,0.0,0.0,0.0,0.0,0.0,0.0,0.0,7.0,3.0,1154.5189504373177,0.0,0.0,0.0,0.0,-33.70239724789781,150.8342381562522,39.3358557408481,0.0,0.0,nothing,0.0,0
88be08430bfffff,0.0,0.0,0.0,0.0,0.0,0.0,0.0,3.0,0.0,0.0,0.0,152216.16987177252,0.0,27.0,6.0,5772.594752186589,0.0,0.0,0.0,0.0,-33.70125697408194,150.8233951903661,40.283833744250266,0.0,0.0,nothing,0.0,0
88be08430dfffff,0.0,0.0,0.0,0.0,0.0,0.0,0.0,1.0,0.0,0.0,0.0,0.0,0.0,0.0,2.0,0.0,0.0,0.0,0.0,0.0,-33.69514566067946,150.8408502343712,39.18642648445,0.0,0.0,nothing,0.0,0
88be084311fffff,0.0,0.0,0.0,0.0,0.0,0.0,0.0,1.0,0.0,0.0,0.0,0.0,0.0,11.0,10.0,0.0,0.0,0.0,0.0,0.0,-33.69897363898033,150.80171063562227,42.1888309619537,0.0,0.0,nothing,0.0,0
88be084315fffff,0.0,0.0,0.0,0.0,0.0,0.0,0.0,0.0,0.0,0.0,0.0,0.0,0.0,25.0,4.0,0.0,0.0,1.0,0.0,0.0,-33.69172394579243,150.80832494040115,42.01282807404479,0.0,0.0,nothing,0.0,0
88be084317fffff,0.0,0.0,0.0,0.0,0.0,0.0,0.0,0.0,0.0,0.0,0.0,0.0,0.0,0.0,0.0,1457.725947521866,0.0,0.0,0.0,0.0,-33.69058151656757,150.79748409417306,42.961393753517086,0.0,0.0,nothing,0.0,0
88be08431bfffff,0.0,0.0,0.0,0.0,0.0,0.0,0.0,0.0,0.0,0.0,0.0,0.0,0.0,2.0,2.0,0.0,0.0,0.0,0.0,0.0,-33.706222935362746,150.79509525493197,42.388233739309506,0.0,0.0,nothing,0.0,0
88be08431dfffff,0.0,0.0,0.0,0.0,0.0,0.0,0.0,1.0,0.0,0.0,0.0,296183.58325981954,0.0,73.0,2.0,0.0,0.0,0.0,0.0,0.0,-33.70011577105349,150.81255268324034,41.23489540290975,0.0,0.0,nothing,0.0,0
88be084321fffff,0.0,0.0,0.0,0.0,0.0,0.0,0.0,0.0,0.0,0.0,0.0,0.0,0.0,0.0,0.0,3655.97667638484,0.0,0.0,0.0,0.0,-33.67111209799399,150.83900047989405,40.71147253688094,0.0,0.0,nothing,0.0,0
88be084323fffff,0.0,0.0,0.0,0.0,0.0,0.0,0.0,0.0,0.0,0.0,0.0,0.0,0.0,0.0,0.0,4810.495626822158,0.0,0.0,0.0,0.0,-33.66997249054747,150.8281614001315,41.62799325754084,0.0,0.0,nothing,0.0,0
88be084325fffff,0.0,0.0,0.0,0.0,0.0,0.0,0.0,1.0,0.0,0.0,0.0,0.0,0.0,0.0,0.0,1924.198250728863,0.0,0.0,0.0,0.0,-33.663860192208745,150.84560973944954,40.642515905607354,0.0,0.0,nothing,0.0,0
88be084327fffff,0.0,0.0,0.0,0.0,0.0,0.0,0.0,0.0,0.0,0.0,0.0,0.0,0.0,0.0,0.0,5580.174927113702,0.0,0.0,0.0,0.0,-33.66272121528936,150.83477140212747,41.54817755190233,0.0,0.0,nothing,0.0,0
88be08432bfffff,0.0,0.0,0.0,0.0,0.0,0.0,0.0,0.0,0.0,0.0,0.0,0.0,0.0,0.0,0.0,5772.594752186589,0.0,0.0,0.0,0.0,-33.678363609286336,150.83239014458198,40.80538229480332,0.0,0.0,nothing,0.0,0
88be084331fffff,0.0,0.0,0.0,0.0,0.0,0.0,0.0,0.0,0.0,0.0,0.0,0.0,0.0,0.0,0.0,2915.451895043732,0.0,0.0,0.0,0.0,-33.67608220453075,150.81071095918492,42.6628653230115,0.0,0.0,nothing,0.0,0
88be084335fffff,0.0,0.0,0.0,0.0,0.0,0.0,0.0,0.0,0.0,0.0,0.0,0.0,0.0,0.0,0.0,4373.1778425655975,0.0,0.0,0.0,0.0,-33.66883195498724,150.81732277845512,42.5488806579772,0.0,0.0,nothing,0.0,0
88be084337fffff,0.0,0.0,0.0,0.0,0.0,0.0,0.0,0.0,0.0,0.0,0.0,0.0,0.0,0.0,2.0,0.0,0.0,0.0,0.0,0.0,-33.667690491481004,150.8064846156115,43.47385607147444,0.0,0.0,nothing,0.0,0
88be084339fffff,0.0,0.0,0.0,0.0,0.0,0.0,0.0,0.0,0.0,0.0,0.0,0.0,0.0,15.0,0.0,0.0,0.0,0.0,0.0,0.0,-33.684473856314206,150.81493816935475,41.86052060044972,0.0,0.0,nothing,0.0,0
88be08433bfffff,0.0,0.0,0.0,0.0,0.0,0.0,0.0,0.0,0.0,0.0,0.0,0.0,0.0,1.0,0.0,4373.1778425655975,0.0,0.0,0.0,0.0,-33.68333205856256,150.80409806445294,42.80044536747273,0.0,0.0,nothing,0.0,0
88be084341fffff,0.0,0.0,0.0,0.0,0.0,0.0,0.0,5.0,0.0,0.0,0.0,35395.28253948467,12261.746031746032,1.0,0.0,3848.396501457726,0.0,0.0,0.0,0.0,-33.71192746062525,150.84931379348168,37.60625766281581,1.0,1.0,kW,1.0,1
88be084343fffff,0.0,0.0,0.0,0.0,0.0,0.0,0.0,2.0,0.0,0.0,0.0,453109.8302595352,0.0,37.0,5.0,3848.396501457726,0.0,0.0,0.0,0.0,-33.710788414715026,150.83846916866162,38.556887874760505,0.0,0.0,nothing,0.0,0
88be084345fffff,0.0,0.0,0.0,0.0,0.0,0.0,0.0,0.0,0.0,0.0,0.0,0.0,0.0,9.0,4.0,3271.137026239067,0.0,0.0,0.0,0.0,-33.7046750072212,150.85592546131477,37.45009206266181,0.0,0.0,nothing,0.0,0
88be084347fffff,0.0,0.0,0.0,0.0,0.0,0.0,0.0,0.0,0.0,0.0,0.0,0.0,0.0,6.0,2.0,384.8396501457726,0.0,0.0,0.0,0.0,-33.703536592333386,150.84508158015103,38.39119114931027,0.0,0.0,nothing,0.0,0
88be084349fffff,0.0,0.0,0.0,0.0,0.0,0.0,0.0,26.0,0.0,0.0,0.0,2758.547710859181,1704382.6984126985,20.0,2.0,0.0,0.0,37.0,0.0,0.0,-33.720318265054786,150.85354687458386,36.8322856123372,0.0,0.0,nothing,0.0,0
88be08434bfffff,0.0,0.0,6.0,3.0,0.0,0.0,0.0,19.0,0.0,0.0,0.0,13787026.4898712,2979604.285714286,47.0,6.0,962.0991253644316,1.0,1.0,2.0,0.0,-33.719179517967675,150.84270104869634,37.788850099412784,7.0,7.0,"22 kW, kW",11.5,1
88be08434dfffff,0.0,0.0,0.0,0.0,0.0,0.0,0.0,0.0,0.0,0.0,0.0,0.0,0.0,0.0,2.0,0.0,0.0,0.0,0.0,0.0,-33.71306557662918,150.86015887536095,36.65896223287297,0.0,0.0,nothing,0.0,0
88be084351fffff,0.0,0.0,0.0,0.0,0.0,0.0,0.0,2.0,0.0,0.0,0.0,718451.8770438533,0.0,11.0,4.0,2886.2973760932946,0.0,0.0,0.0,0.0,-33.71689923366856,150.82101077047446,39.710357169001746,0.0,0.0,nothing,0.0,0
88be084353fffff,0.0,0.0,0.0,0.0,0.0,0.0,0.0,0.0,0.0,0.0,0.0,0.0,0.0,0.0,0.0,3848.396501457726,0.0,0.0,0.0,0.0,-33.71575769679192,150.81016631963624,40.674901469787635,0.0,0.0,nothing,0.0,0
88be084355fffff,0.0,0.0,0.0,0.0,0.0,0.0,0.0,0.0,0.0,0.0,0.0,0.0,0.0,0.0,0.0,1924.198250728863,0.0,0.0,0.0,0.0,-33.70964843906594,150.82762500164884,39.51061088336048,0.0,0.0,nothing,0.0,0
88be084357fffff,0.0,0.0,0.0,0.0,0.0,0.0,0.0,1.0,0.0,0.0,0.0,0.0,0.0,4.0,3.0,2886.2973760932946,0.0,0.0,0.0,0.0,-33.708507533845584,150.8167812931912,40.467206762909534,0.0,0.0,nothing,0.0,0
88be084359fffff,0.0,0.0,0.0,0.0,0.0,0.0,0.0,1.0,0.0,0.0,0.0,68148.19501196657,0.0,17.0,4.0,2886.2973760932946,0.0,0.0,0.0,0.0,-33.72529087002222,150.82524111531086,38.96497913736007,0.0,0.0,nothing,0.0,0
88be08435bfffff,0.0,0.0,0.0,0.0,0.0,0.0,0.0,2.0,0.0,0.0,0.0,0.0,0.0,16.0,11.0,2886.2973760932946,0.0,0.0,0.0,0.0,-33.724149631190436,150.8143954626425,39.9347192068174,0.0,0.0,nothing,0.0,0
88be08435dfffff,0.0,0.0,0.0,0.0,0.0,0.0,0.0,9.0,0.0,0.0,0.0,837462.2571318632,98093.96825396824,3.0,5.0,6349.854227405248,0.0,0.0,0.0,0.0,-33.71803984078308,150.83185568041048,38.74827686467055,0.0,0.0,nothing,0.0,0
88be084361fffff,0.0,0.0,0.0,0.0,0.0,0.0,0.0,0.0,0.0,0.0,0.0,0.0,0.0,0.0,4.0,0.0,0.0,0.0,0.0,0.0,-33.68903176069063,150.85830317319204,38.13816366649991,0.0,0.0,nothing,0.0,0
88be084363fffff,0.0,0.0,0.0,0.0,0.0,0.0,0.0,0.0,0.0,0.0,0.0,60658.01207425835,0.0,3.0,4.0,0.0,0.0,0.0,0.0,0.0,-33.687893677926205,150.84746123609264,39.06261414573304,0.0,0.0,nothing,0.0,0
88be084365fffff,2.0,0.0,4.0,1.0,0.0,2.0,1.0,7.0,0.0,1.0,0.0,347744.00512217474,0.0,27.0,13.0,0.0,2.0,7.0,2.0,0.0,-33.681778752460254,150.86491235491766,38.051354801752325,0.0,0.0,nothing,0.0,0
88be084367fffff,0.0,0.0,0.0,0.0,0.0,0.0,0.0,0.0,0.0,0.0,0.0,0.0,0.0,1.0,2.0,0.0,0.0,0.0,0.0,0.0,-33.680641300153354,150.8540711615033,38.96466330586217,0.0,0.0,nothing,0.0,0
88be084369fffff,0.0,0.0,0.0,0.0,0.0,0.0,0.0,0.0,0.0,0.0,0.0,0.0,0.0,0.0,0.0,5772.594752186589,0.0,0.0,0.0,0.0,-33.69742215827094,150.86253605228262,37.320685449063305,0.0,0.0,nothing,0.0,0
88be08436bfffff,0.0,0.0,0.0,0.0,0.0,0.0,0.0,0.0,0.0,0.0,0.0,0.0,0.0,0.0,2.0,0.0,0.0,0.0,0.0,0.0,-33.69628437415346,150.85169291496553,38.25152096674507,0.0,0.0,nothing,0.0,0
88be08436dfffff,0.0,0.0,1.0,0.0,0.0,0.0,0.0,0.0,0.0,0.0,0.0,0.0,0.0,6.0,6.0,2886.2973760932946,0.0,0.0,0.0,0.0,-33.69016891428986,150.86914556647235,37.2183173437641,0.0,0.0,nothing,0.0,0
88be08442dfffff,0.0,0.0,0.0,0.0,0.0,0.0,0.0,4.0,0.0,0.0,0.0,9706.275144629784,258181.77777777775,0.0,0.0,0.0,0.0,0.0,0.0,0.0,-33.69880739867464,150.5759087157562,61.61913628397353,0.0,0.0,nothing,0.0,0
88be084441fffff,0.0,0.0,0.0,0.0,0.0,0.0,0.0,4.0,0.0,0.0,0.0,0.0,0.0,0.0,0.0,0.0,0.0,0.0,0.0,0.0,-33.7384753436535,150.57525356502484,60.46395848816199,0.0,0.0,nothing,0.0,0
88be084445fffff,0.0,0.0,0.0,0.0,0.0,0.0,0.0,1.0,0.0,0.0,0.0,0.0,0.0,0.0,0.0,0.0,0.0,0.0,0.0,0.0,-33.73123900176412,150.58188824772097,60.06882102945568,0.0,0.0,nothing,0.0,0
88be084447fffff,0.0,0.0,0.0,0.0,0.0,0.0,0.0,2.0,0.0,0.0,0.0,0.0,0.0,0.0,0.0,0.0,0.0,0.0,0.0,0.0,-33.73007665158688,150.57104900425884,61.07289028590293,0.0,0.0,nothing,0.0,0
88be08444dfffff,0.0,0.0,0.0,0.0,0.0,0.0,0.0,1.0,0.0,0.0,0.0,0.0,0.0,0.0,0.0,0.0,0.0,0.0,0.0,0.0,-33.739637402925126,150.58609401590917,59.45819895723018,0.0,0.0,nothing,0.0,0
88be084461fffff,0.0,0.0,1.0,0.0,0.0,0.0,0.0,1.0,0.0,0.0,0.0,0.0,756103.7777777778,0.0,0.0,1731.778425655977,0.0,0.0,0.0,0.0,-33.715604027818365,150.58431661186688,60.32181431387865,0.0,0.0,nothing,0.0,0
88be084463fffff,0.0,0.0,0.0,0.0,0.0,0.0,0.0,0.0,0.0,0.0,0.0,0.0,0.0,0.0,0.0,2218.4873949579833,0.0,0.0,0.0,0.0,-33.71444202347053,150.57347930640262,61.32169387366837,0.0,0.0,nothing,0.0,0
88be084465fffff,0.0,0.0,0.0,0.0,0.0,0.0,0.0,0.0,0.0,0.0,0.0,0.0,4001817.555555555,0.0,0.0,0.0,0.0,0.0,0.0,0.0,-33.70836711021791,150.59094880606406,59.968318651925486,0.0,0.0,nothing,0.0,0
88be084467fffff,0.0,0.0,0.0,0.0,0.0,0.0,0.0,1.0,0.0,0.0,0.0,62482.417059434054,4647272.0,4.0,2.0,0.0,0.0,5.0,0.0,0.0,-33.70720574205781,150.580112231522,60.965568033221395,0.0,0.0,nothing,0.0,0
88be084469fffff,0.0,0.0,0.0,0.0,0.0,0.0,0.0,0.0,0.0,0.0,0.0,9773.012321926815,0.0,0.0,0.0,1539.3586005830905,0.0,0.0,0.0,0.0,-33.724002255456746,150.58852185701235,59.68819330269246,0.0,0.0,nothing,0.0,0
88be08446bfffff,0.0,0.0,0.0,0.0,0.0,0.0,0.0,1.0,0.0,0.0,0.0,0.0,0.0,0.0,0.0,769.6793002915452,0.0,0.0,0.0,0.0,-33.72284054177939,150.577683344626,60.69009410970902,0.0,0.0,nothing,0.0,0
88be08446dfffff,0.0,0.0,0.0,0.0,0.0,0.0,0.0,0.0,0.0,0.0,0.0,3307.704107827574,0.0,0.0,0.0,0.0,0.0,0.0,0.0,0.0,-33.71676510524551,150.59515439298158,59.32235491552865,0.0,0.0,nothing,0.0,0
88be084501fffff,0.0,0.0,0.0,0.0,0.0,0.0,0.0,1.0,0.0,0.0,0.0,35605.27009245718,0.0,0.0,0.0,0.0,0.0,1.0,0.0,0.0,-33.669859178060555,150.6024283234179,60.39228221669289,0.0,0.0,nothing,0.0,0
88be084509fffff,0.0,0.0,3.0,0.0,0.0,0.0,0.0,12.0,0.0,0.0,0.0,100785.78439979129,0.0,2.0,0.0,0.0,0.0,3.0,0.0,0.0,-33.67825658779826,150.606633205172,59.69123982590497,0.0,0.0,nothing,0.0,0
88be08450bfffff,0.0,0.0,0.0,0.0,0.0,0.0,0.0,0.0,0.0,0.0,0.0,0.0,0.0,2.0,0.0,0.0,0.0,1.0,0.0,0.0,-33.67709683608054,150.5958000299442,60.67605717695075,0.0,0.0,nothing,0.0,0
88be08450dfffff,0.0,0.0,6.0,1.0,0.0,0.0,0.0,12.0,1.0,1.0,0.0,665658.4704699932,0.0,6.0,0.0,0.0,0.0,2.0,2.0,0.0,-33.671018294651844,150.6132607672911,59.411411000845064,0.0,0.0,nothing,0.0,0
88be084545fffff,0.0,0.0,0.0,0.0,0.0,0.0,0.0,1.0,0.0,0.0,0.0,0.0,0.0,0.0,0.0,0.0,0.0,0.0,0.0,0.0,-33.68057331362738,150.62830097589628,57.72445861481363,0.0,0.0,nothing,0.0,0
88be084547fffff,0.0,0.0,0.0,0.0,0.0,0.0,0.0,1.0,0.0,0.0,0.0,37331.27326202425,0.0,0.0,0.0,0.0,0.0,0.0,0.0,0.0,-33.67941541370461,150.61746685407053,58.707357385965864,0.0,0.0,nothing,0.0,0
88be084549fffff,0.0,0.0,0.0,0.0,0.0,0.0,0.0,1.0,0.0,0.0,0.0,45338.154976592436,0.0,0.0,0.0,0.0,0.0,0.0,0.0,0.0,-33.696209479974094,150.62588162118354,57.32665021744396,0.0,0.0,nothing,0.0,0
88be08454dfffff,0.0,0.0,0.0,0.0,0.0,0.0,0.0,0.0,0.0,0.0,0.0,132086.19419733642,0.0,0.0,0.0,0.0,0.0,0.0,0.0,0.0,-33.68897008422576,150.6325091320955,57.02640853092904,0.0,0.0,nothing,0.0,0
88be084551fffff,0.0,0.0,0.0,0.0,0.0,0.0,0.0,1.0,0.0,0.0,0.0,0.0,73766.22222222222,0.0,0.0,0.0,0.0,1.0,0.0,0.0,-33.69273196962154,150.59337486354718,60.29787540647701,0.0,0.0,nothing,0.0,0
88be084553fffff,0.0,0.0,0.0,0.0,0.0,0.0,0.0,0.0,0.0,0.0,0.0,15603.024410622453,497922.0,0.0,0.0,0.0,0.0,0.0,0.0,0.0,-33.691570946901685,150.582540226196,61.2897140837574,0.0,0.0,nothing,0.0,0
88be084555fffff,0.0,0.0,2.0,0.0,0.0,1.0,0.0,5.0,0.0,0.0,0.0,17620.167493700857,0.0,3.0,0.0,0.0,1.0,2.0,0.0,0.0,-33.68549447962621,150.60000457061827,59.98680519436962,0.0,0.0,nothing,0.0,0
88be084557fffff,0.0,0.0,0.0,0.0,0.0,0.0,0.0,3.0,0.0,0.0,0.0,90358.3835176322,0.0,6.0,0.0,0.0,0.0,0.0,0.0,1.0,-33.684334092532275,150.58917066423112,60.97527662900585,0.0,0.0,nothing,0.0,0
88be084559fffff,0.0,0.0,0.0,0.0,0.0,0.0,0.0,0.0,0.0,0.0,0.0,0.0,903636.222222222,0.0,0.0,0.0,0.0,0.0,0.0,0.0,-33.70112978949214,150.59757992730022,59.62987035826393,0.0,0.0,nothing,0.0,0
88be08455bfffff,0.0,0.0,1.0,0.0,0.0,1.0,0.0,5.0,0.0,0.0,0.0,91911.2140306928,6251687.333333333,5.0,2.0,0.0,1.0,7.0,0.0,0.0,-33.69996905727011,150.58674408387597,60.62421149895582,0.0,0.0,nothing,0.0,0
88be08456bfffff,0.0,0.0,0.0,0.0,0.0,0.0,0.0,0.0,0.0,0.0,0.0,8850.568038510473,0.0,0.0,0.0,0.0,0.0,0.0,0.0,0.0,-33.67217648561933,150.624093684291,58.43161227546421,0.0,0.0,nothing,0.0,0
88be084609fffff,0.0,0.0,0.0,0.0,0.0,0.0,0.0,0.0,0.0,0.0,0.0,8659.077353245568,0.0,0.0,0.0,0.0,0.0,1.0,0.0,0.0,-33.78770500162247,150.58965188259896,58.06190213252196,0.0,0.0,nothing,0.0,0
88be08460bfffff,0.0,0.0,0.0,0.0,0.0,0.0,0.0,0.0,0.0,0.0,0.0,1969.8087793989248,0.0,0.0,0.0,0.0,0.0,0.0,0.0,0.0,-33.78654283457694,150.57880513545726,59.07422826904028,0.0,0.0,nothing,0.0,0
88be08460dfffff,0.0,0.0,0.0,0.0,0.0,0.0,0.0,1.0,0.0,0.0,0.0,0.0,0.0,0.0,0.0,0.0,0.0,0.0,0.0,0.0,-33.780467908607406,150.59628935075406,57.58845403593787,0.0,0.0,nothing,0.0,0
88be08461dfffff,0.0,0.0,0.0,0.0,0.0,0.0,0.0,1.0,0.0,0.0,0.0,0.0,0.0,0.0,0.0,0.0,0.0,0.0,0.0,0.0,-33.785379738060755,150.56795886515366,60.086553289359365,0.0,0.0,nothing,0.0,0
88be084625fffff,0.0,0.0,0.0,0.0,0.0,0.0,0.0,1.0,0.0,0.0,0.0,0.0,0.0,0.0,0.0,0.0,0.0,0.0,0.0,0.0,-33.74919658464261,150.60114278346762,57.851435692090405,0.0,0.0,nothing,0.0,0
88be084627fffff,0.0,0.0,0.0,0.0,0.0,0.0,0.0,1.0,0.0,0.0,0.0,0.0,0.0,0.0,0.0,0.0,0.0,0.0,0.0,0.0,-33.74803574476272,150.59030064941217,58.85856000597495,0.0,0.0,nothing,0.0,0
88be08462dfffff,0.0,0.0,0.0,0.0,0.0,0.0,0.0,0.0,0.0,0.0,0.0,46232.561062249624,0.0,2.0,0.0,0.0,0.0,0.0,0.0,0.0,-33.75759457479584,150.60535149003115,57.26169613289451,0.0,0.0,nothing,0.0,0
88be084645fffff,0.0,0.0,0.0,0.0,0.0,0.0,0.0,1.0,0.0,0.0,0.0,4153.52983142156,0.0,0.0,0.0,0.0,0.0,0.0,0.0,0.0,-33.79002654660902,150.61134680441216,56.037250205016576,0.0,0.0,nothing,0.0,0
88be084647fffff,0.0,0.0,0.0,0.0,0.0,0.0,0.0,2.0,0.0,0.0,0.0,0.0,0.0,0.0,0.0,0.0,0.0,0.0,0.0,0.0,-33.78886623902416,150.60049910583268,57.04957578784385,0.0,0.0,nothing,0.0,0
88be08464dfffff,0.0,0.0,0.0,0.0,0.0,0.0,0.0,7.0,0.0,0.0,0.0,28109.34573396188,0.0,0.0,0.0,0.0,1.0,6.0,0.0,0.0,-33.798424522011224,150.61555863446225,55.51088700409528,0.0,0.0,nothing,0.0,0
88be08465bfffff,0.0,0.0,0.0,0.0,0.0,0.0,0.0,3.0,0.0,0.0,0.0,5124.65637607645,0.0,1.0,0.0,0.0,0.0,0.0,0.0,0.0,-33.80941383799943,150.56973302801634,59.56267776809139,0.0,0.0,nothing,0.0,0
88be084661fffff,0.0,0.0,0.0,0.0,0.0,0.0,0.0,0.0,0.0,0.0,0.0,3794.644412986955,0.0,0.0,0.0,0.0,0.0,0.0,0.0,0.0,-33.77439037274064,150.61377150110624,56.11812980530283,0.0,0.0,nothing,0.0,0
88be084665fffff,1.0,0.0,11.0,2.0,0.0,2.0,3.0,35.0,0.0,4.0,0.0,485754.5791967779,0.0,51.0,6.0,0.0,8.0,13.0,4.0,0.0,-33.767151831106446,150.6204060862105,55.67410615209336,0.0,0.0,nothing,0.0,0
88be084667fffff,0.0,0.0,0.0,0.0,0.0,0.0,0.0,1.0,0.0,0.0,0.0,0.0,0.0,0.0,0.0,0.0,0.0,0.0,0.0,0.0,-33.765992504328445,150.60956106250342,56.68380527645952,0.0,0.0,nothing,0.0,0
88be084669fffff,2.0,0.0,1.0,0.0,0.0,0.0,0.0,9.0,0.0,0.0,0.0,44156.34141890791,0.0,3.0,0.0,0.0,0.0,3.0,2.0,0.0,-33.78278817953255,150.61798280606143,55.56504343274528,0.0,0.0,nothing,0.0,0
88be08466dfffff,0.0,0.0,0.0,0.0,0.0,0.0,0.0,3.0,0.0,0.0,0.0,18762.739130566428,0.0,7.0,2.0,0.0,0.0,0.0,0.0,0.0,-33.77554940670157,150.62461773243788,55.1073405886539,0.0,0.0,nothing,0.0,0
88be084701fffff,0.0,0.0,0.0,0.0,0.0,0.0,0.0,1.0,0.0,2.0,0.0,61464.38444435018,0.0,6.0,0.0,384.8396501457726,0.0,0.0,1.0,0.0,-33.7286398356316,150.63188065362473,55.68435509710936,0.0,0.0,nothing,0.0,0
88be084705fffff,0.0,0.0,0.0,0.0,0.0,0.0,0.0,1.0,0.0,0.0,0.0,0.0,0.0,0.0,0.0,0.0,0.0,0.0,0.0,0.0,-33.72140014229409,150.6385102590565,55.32919411035239,0.0,0.0,nothing,0.0,0
88be084709fffff,0.0,0.0,0.0,0.0,0.0,0.0,0.0,0.0,0.0,0.0,0.0,0.0,0.0,1.0,0.0,1154.5189504373177,0.0,0.0,0.0,0.0,-33.73703683717503,150.6360915900871,55.05300015602042,0.0,0.0,nothing,0.0,0
88be08470bfffff,0.0,0.0,0.0,0.0,0.0,0.0,0.0,1.0,0.0,0.0,0.0,0.0,0.0,6.0,0.0,769.6793002915452,0.0,0.0,0.0,0.0,-33.73587912606486,150.62524997408966,56.05550367419,0.0,0.0,nothing,0.0,0
88be08470dfffff,0.0,0.0,0.0,0.0,0.0,0.0,0.0,0.0,0.0,0.0,0.0,0.0,0.0,0.0,0.0,1924.198250728863,0.0,0.0,0.0,0.0,-33.72979691117954,150.64272153582024,54.68444519366166,0.0,0.0,nothing,0.0,0
88be084711fffff,0.0,0.0,0.0,0.0,0.0,0.0,0.0,2.0,0.0,0.0,0.0,17403.523695534437,0.0,3.0,3.0,7119.533527696793,0.0,0.0,0.0,0.0,-33.73356091954166,150.6035681618909,58.061537824952566,0.0,0.0,nothing,0.0,0
88be084713fffff,0.0,0.0,0.0,0.0,0.0,0.0,0.0,0.0,0.0,0.0,0.0,0.0,0.0,0.0,0.0,384.8396501457726,0.0,0.0,0.0,0.0,-33.73240042447336,150.59272796717988,59.06503171856845,0.0,0.0,nothing,0.0,0
88be084715fffff,0.0,0.0,0.0,0.0,0.0,0.0,0.0,2.0,0.0,0.0,0.0,0.0,0.0,3.0,0.0,0.0,0.0,0.0,0.0,0.0,-33.72632290079627,150.61020030739456,57.68548007776676,0.0,0.0,nothing,0.0,0
88be084717fffff,0.0,0.0,2.0,0.0,0.0,0.0,0.0,2.0,0.0,0.0,0.0,26621.61851687648,0.0,1.0,1.0,769.6793002915452,0.0,9.0,0.0,0.0,-33.7251630418533,150.59936084485005,58.686648787147696,0.0,0.0,nothing,0.0,0
88be084719fffff,1.0,0.0,10.0,4.0,0.0,2.0,0.0,15.0,1.0,0.0,0.0,466565.8533146157,0.0,22.0,5.0,7889.212827988338,3.0,14.0,3.0,0.0,-33.74195873781089,150.60777634432574,57.4473685363135,0.0,0.0,nothing,0.0,0
88be08471dfffff,0.0,0.0,0.0,0.0,0.0,0.0,0.0,1.0,0.0,0.0,0.0,98799.0082687684,0.0,0.0,0.0,384.8396501457726,0.0,0.0,0.0,0.0,-33.73472048679631,150.6144088311092,57.05835590071863,0.0,0.0,nothing,0.0,0
88be084729fffff,0.0,0.0,0.0,0.0,0.0,0.0,0.0,2.0,0.0,0.0,0.0,0.0,0.0,0.0,0.0,0.0,0.0,0.0,0.0,0.0,-33.71416004656669,150.64513879046845,54.99033081319265,0.0,0.0,nothing,0.0,0
88be08472bfffff,0.0,0.0,0.0,0.0,0.0,0.0,0.0,2.0,0.0,0.0,0.0,0.0,0.0,0.0,0.0,0.0,0.0,0.0,0.0,0.0,-33.7130033137982,150.63429984784335,55.98472596114669,0.0,0.0,nothing,0.0,0
88be08472dfffff,0.0,0.0,0.0,0.0,0.0,0.0,0.0,0.0,0.0,0.0,0.0,0.0,0.0,0.0,0.0,2886.2973760932946,0.0,0.0,0.0,0.0,-33.70691954896381,150.6517662479442,54.66806859691115,0.0,0.0,nothing,0.0,0
88be084739fffff,0.0,0.0,0.0,0.0,0.0,0.0,0.0,11.0,0.0,0.0,0.0,80563.28070022851,0.0,6.0,0.0,0.0,5.0,2.0,0.0,0.0,-33.719084478646636,150.6168313791851,57.32478835483605,0.0,0.0,nothing,0.0,0
88be08473bfffff,1.0,0.0,1.0,0.0,0.0,2.0,0.0,2.0,0.0,0.0,0.0,59762.34026895859,0.0,3.0,4.0,0.0,0.0,12.0,3.0,0.0,-33.717925255579125,150.6059926490025,58.32333822695289,0.0,0.0,nothing,0.0,0
88be084741fffff,0.0,0.0,3.0,0.0,0.0,0.0,0.0,4.0,0.0,0.0,0.0,0.0,981485.0,16.0,0.0,1571.428571428571,0.0,3.0,0.0,0.0,-33.74659026812009,150.65114668688528,53.42885383137464,0.0,0.0,nothing,0.0,0
88be084743fffff,0.0,0.0,0.0,0.0,0.0,0.0,0.0,0.0,0.0,0.0,0.0,0.0,0.0,0.0,0.0,2886.2973760932946,0.0,0.0,0.0,0.0,-33.74543377840621,150.64030339239332,54.43305043328663,0.0,0.0,nothing,0.0,0
88be084745fffff,0.0,0.0,0.0,0.0,0.0,0.0,0.0,1.0,0.0,0.0,0.0,28969.948973077622,0.0,5.0,1.0,3174.927113702624,1.0,0.0,0.0,0.0,-33.73934947423241,150.65777623815077,53.04912241883347,0.0,0.0,nothing,0.0,0
88be084747fffff,0.0,0.0,1.0,0.0,0.0,0.0,0.0,0.0,0.0,0.0,0.0,17336.56384776754,0.0,6.0,0.0,5772.594752186589,0.0,0.0,0.0,0.0,-33.73819361995483,150.64693367835602,54.050865756975206,0.0,0.0,nothing,0.0,0
88be084749fffff,0.0,0.0,3.0,0.0,0.0,1.0,0.0,7.0,0.0,0.0,0.0,1106616.5024220375,1537211.6666666667,61.0,0.0,0.0,0.0,2.0,2.0,1.0,-33.75498685517548,150.65536056162955,52.818818764828585,0.0,0.0,nothing,0.0,0
88be08474bfffff,0.0,0.0,0.0,0.0,0.0,0.0,0.0,2.0,0.0,0.0,0.0,0.0,905296.6666666667,2.0,0.0,4040.816326530612,14.0,1.0,0.0,0.0,-33.75383065882528,150.644516060765,53.82490068984189,0.0,0.0,nothing,0.0,0
88be08474dfffff,0.0,0.0,1.0,0.0,0.0,1.0,1.0,3.0,0.0,0.0,0.0,834015.3369452215,721548.3333333334,14.0,1.0,384.8396501457726,0.0,0.0,0.0,1.0,-33.74774582897193,150.66199045270218,52.42497459618291,0.0,0.0,nothing,0.0,0
88be084751fffff,0.0,0.0,0.0,0.0,0.0,0.0,0.0,0.0,0.0,0.0,0.0,0.0,0.0,0.0,0.0,1539.3586005830905,0.0,1.0,0.0,0.0,-33.75151547914615,150.62282847539234,55.83775255173409,0.0,0.0,nothing,0.0,0
88be084753fffff,0.0,0.0,1.0,0.0,0.0,0.0,1.0,6.0,0.0,0.0,0.0,154171.71182479078,0.0,40.0,2.0,1731.778425655977,4.0,2.0,0.0,0.0,-33.75035649616128,150.61198539237617,56.84449621317918,0.0,0.0,nothing,0.0,0
88be084755fffff,0.0,0.0,0.0,0.0,0.0,0.0,0.0,1.0,0.0,0.0,0.0,7998.764576919979,0.0,9.0,0.0,0.0,0.0,2.0,0.0,0.0,-33.744276360002026,150.62946056997228,55.437546178443206,0.0,0.0,nothing,0.0,0
88be084757fffff,0.0,1.0,5.0,2.0,0.0,1.0,0.0,11.0,0.0,1.0,0.0,84214.8079311303,0.0,23.0,0.0,2693.877551020408,1.0,5.0,3.0,0.0,-33.74311801307953,150.61861822036792,56.44232413207333,0.0,0.0,nothing,0.0,0
88be084759fffff,0.0,0.0,1.0,0.0,0.0,0.0,0.0,6.0,0.0,0.0,0.0,105340.86138303272,0.0,1.0,0.0,0.0,3.0,0.0,0.0,0.0,-33.75991288449641,150.62703959640413,55.245018053177944,0.0,0.0,nothing,0.0,0
88be08475bfffff,0.0,0.0,7.0,0.0,0.0,0.0,0.0,10.0,1.0,2.0,0.0,320640.6697266091,0.0,32.0,2.0,0.0,3.0,0.0,2.0,0.0,-33.75875419409308,150.61619530626382,56.253284709060694,0.0,0.0,nothing,0.0,0
88be08475dfffff,0.0,0.0,0.0,0.0,0.0,0.0,0.0,3.0,0.0,0.0,0.0,2665.5049487746674,0.0,0.0,0.0,1539.3586005830905,0.0,0.0,0.0,0.0,-33.75267353342487,150.63367203177057,54.8312164910795,0.0,0.0,nothing,0.0,0
88be084763fffff,0.0,0.0,0.0,0.0,0.0,0.0,0.0,0.0,0.0,0.0,0.0,0.0,0.0,0.0,0.0,3848.396501457726,0.0,0.0,0.0,0.0,-33.722556582529954,150.64935040725533,54.33220704323773,0.0,0.0,nothing,0.0,0
88be084767fffff,0.0,0.0,0.0,0.0,0.0,0.0,0.0,0.0,0.0,0.0,0.0,0.0,0.0,0.0,0.0,1924.198250728863,0.0,0.0,0.0,0.0,-33.71531585174071,150.655978204476,53.99660535572719,0.0,0.0,nothing,0.0,0
88be084769fffff,0.0,0.0,0.0,0.0,0.0,0.0,0.0,0.0,0.0,0.0,0.0,0.0,0.0,0.0,0.0,962.0991253644316,0.0,0.0,0.0,0.0,-33.732108277676744,150.66440471464526,52.68605957286693,0.0,0.0,nothing,0.0,0
88be08476bfffff,0.0,0.0,0.0,0.0,0.0,0.0,0.0,0.0,0.0,0.0,0.0,0.0,0.0,0.0,0.0,288.6297376093294,0.0,0.0,0.0,0.0,-33.73095305858514,150.6535628897423,53.685004116027265,0.0,0.0,nothing,0.0,0
88be08476dfffff,0.0,0.0,4.0,0.0,0.0,0.0,0.0,4.0,0.0,0.0,0.0,1010703.8271121648,0.0,6.0,0.0,1539.3586005830905,0.0,67.0,0.0,1.0,-33.7248666789676,150.6710321164528,52.34001250541219,0.0,0.0,nothing,0.0,0
88be084813fffff,0.0,0.0,0.0,0.0,0.0,0.0,0.0,0.0,0.0,0.0,0.0,0.0,0.0,0.0,8.0,0.0,0.0,0.0,0.0,0.0,-33.529602814887994,150.77804302577755,54.899669023681994,0.0,0.0,nothing,0.0,0
88be084819fffff,0.0,0.0,0.0,0.0,0.0,0.0,0.0,0.0,0.0,0.0,0.0,0.0,0.0,0.0,4.0,0.0,0.0,0.0,0.0,0.0,-33.53913680797852,150.79308027989742,53.15852093013446,0.0,0.0,nothing,0.0,0
88be08481bfffff,0.0,0.0,0.0,0.0,0.0,0.0,0.0,0.0,0.0,0.0,0.0,0.0,0.0,0.0,2.0,0.0,0.0,0.0,0.0,0.0,-33.537994323153626,150.78225946187666,53.97730874850733,0.0,0.0,nothing,0.0,0
88be084823fffff,0.0,0.0,0.0,0.0,0.0,0.0,0.0,1.0,0.0,0.0,0.0,0.0,0.0,0.0,0.0,0.0,0.0,0.0,0.0,0.0,-33.50174678276421,150.81526467177144,54.70286352786106,0.0,0.0,nothing,0.0,0
88be084825fffff,0.0,0.0,0.0,0.0,0.0,0.0,0.0,0.0,0.0,0.0,0.0,0.0,0.0,0.0,0.0,483.96501457725947,0.0,0.0,0.0,0.0,-33.495634823847006,150.8326788877823,54.154985307022066,0.0,0.0,nothing,0.0,0
88be084827fffff,0.0,0.0,0.0,0.0,0.0,0.0,0.0,0.0,0.0,0.0,0.0,0.0,0.0,0.0,0.0,139.94169096209913,0.0,0.0,0.0,0.0,-33.49449611027238,150.8218625001211,54.902728465002504,0.0,0.0,nothing,0.0,0
88be084831fffff,0.0,0.0,0.0,0.0,0.0,0.0,0.0,1.0,0.0,0.0,0.0,0.0,0.0,0.0,0.0,0.0,0.0,0.0,0.0,0.0,-33.5078561761982,150.79784836482114,55.300982598851455,0.0,0.0,nothing,0.0,0
88be084835fffff,0.0,0.0,0.0,0.0,0.0,0.0,0.0,0.0,0.0,0.0,0.0,0.0,0.0,0.0,1.0,0.0,0.0,0.0,0.0,0.0,-33.50060651951287,150.80444800240582,55.470989429847194,0.0,0.0,nothing,0.0,0
88be084841fffff,0.0,0.0,0.0,0.0,0.0,0.0,0.0,0.0,0.0,0.0,0.0,0.0,44078.22222222222,0.0,0.0,0.0,0.0,0.0,0.0,0.0,-33.543697516765356,150.83636813571692,49.95450815572523,0.0,0.0,nothing,0.0,0
88be084847fffff,0.0,0.0,0.0,0.0,0.0,0.0,0.0,0.0,0.0,0.0,0.0,69555.16143076833,0.0,0.0,0.0,0.0,0.0,0.0,0.0,0.0,-33.53530747885647,150.8321457154622,50.89957138071529,0.0,0.0,nothing,0.0,0
88be084849fffff,0.0,0.0,0.0,0.0,0.0,0.0,0.0,1.0,0.0,0.0,0.0,23246.57045862472,269979.1111111111,0.0,6.0,0.0,0.0,0.0,0.0,0.0,-33.55208749922936,150.8405914201432,49.0120174770101,0.0,0.0,nothing,0.0,0
88be08484bfffff,0.0,0.0,0.0,0.0,0.0,0.0,0.0,0.0,0.0,0.0,0.0,0.0,164506.22222222222,0.0,0.0,0.0,0.0,0.0,0.0,0.0,-33.55094900202915,150.82976757354442,49.80635184273027,0.0,0.0,nothing,0.0,0
88be08484dfffff,0.0,0.0,0.0,0.0,0.0,0.0,0.0,0.0,0.0,0.0,0.0,0.0,10232.444444444443,0.0,0.0,0.0,0.0,0.0,0.0,0.0,-33.544835385496825,150.84719124189036,49.17303307816184,0.0,0.0,nothing,0.0,0
88be084853fffff,0.0,0.0,0.0,0.0,1.0,0.0,0.0,0.0,0.0,0.0,0.0,0.0,0.0,0.0,2.0,0.0,1.0,2.0,1.0,0.0,-33.54752796863253,150.79729877682257,52.23470784759255,0.0,0.0,nothing,0.0,0
88be08485bfffff,0.0,0.0,0.0,0.0,0.0,0.0,0.0,0.0,0.0,0.0,0.0,0.0,0.0,1.0,5.0,0.0,0.0,1.0,0.0,0.0,-33.55591907453054,150.80151813755555,51.31412428771368,0.0,0.0,nothing,0.0,0
88be08485dfffff,0.0,0.0,0.0,0.0,0.0,0.0,0.0,0.0,0.0,0.0,0.0,0.0,0.0,0.0,2.0,0.0,0.0,0.0,0.0,0.0,-33.549809581084745,150.81894418362907,50.60848580859647,0.0,0.0,nothing,0.0,0
88be084893fffff,0.0,0.0,0.0,0.0,0.0,0.0,0.0,0.0,0.0,0.0,0.0,0.0,0.0,0.0,0.0,1924.198250728863,0.0,0.0,0.0,0.0,-33.52157755105682,150.70231860357933,60.766718333353886,0.0,0.0,nothing,0.0,0
88be0848c1fffff,0.0,0.0,0.0,0.0,0.0,0.0,0.0,1.0,0.0,0.0,0.0,0.0,0.0,0.0,2.0,0.0,0.0,0.0,0.0,0.0,-33.53570658552502,150.76061920615533,55.634030342251016,0.0,0.0,nothing,0.0,0
88be0848c5fffff,0.0,0.0,0.0,0.0,0.0,0.0,0.0,0.0,0.0,0.0,0.0,0.0,0.0,0.0,2.0,0.0,0.0,0.0,0.0,0.0,-33.52845911435049,150.76722386505654,55.72044421308905,0.0,0.0,nothing,0.0,0
88be0848cbfffff,0.0,0.0,0.0,0.0,0.0,0.0,0.0,1.0,0.0,0.0,0.0,0.0,0.0,0.0,0.0,0.0,0.0,0.0,0.0,0.0,-33.54295366617131,150.75401347611233,55.56588695376006,0.0,0.0,nothing,0.0,0
88be0848cdfffff,0.0,0.0,0.0,0.0,0.0,0.0,0.0,0.0,0.0,0.0,0.0,0.0,0.0,0.0,8.0,0.0,0.0,0.0,0.0,0.0,-33.536850915613066,150.77143910371515,54.80257496524821,0.0,0.0,nothing,0.0,0
88be0848e1fffff,0.0,0.0,0.0,0.0,0.0,0.0,0.0,1.0,0.0,0.0,0.0,0.0,0.0,0.0,0.0,0.0,0.0,0.0,0.0,0.0,-33.51281963847642,150.76961274302758,56.75328538128888,0.0,0.0,nothing,0.0,0
88be0848e3fffff,0.0,0.0,0.0,0.0,0.0,0.0,0.0,0.0,0.0,0.0,0.0,0.0,0.0,0.0,1.0,0.0,0.0,0.0,0.0,0.0,-33.51167535283609,150.75879597674833,57.565382177992056,0.0,0.0,nothing,0.0,0
88be084919fffff,0.0,0.0,0.0,0.0,0.0,0.0,0.0,0.0,0.0,0.0,0.0,0.0,0.0,0.0,0.0,43.731778425655975,0.0,0.0,0.0,0.0,-33.4883831367574,150.83927490606504,54.38513787273666,0.0,0.0,nothing,0.0,0
88be08491bfffff,0.0,0.0,0.0,0.0,0.0,0.0,0.0,0.0,0.0,0.0,0.0,0.0,0.0,0.0,0.0,222.28862973760937,0.0,0.0,0.0,0.0,-33.48724505084406,150.82845925746108,55.12042428832337,0.0,0.0,nothing,0.0,0
88be08494bfffff,0.0,0.0,0.0,0.0,0.0,0.0,0.0,0.0,0.0,0.0,0.0,0.0,0.0,0.0,1.0,0.0,0.0,0.0,0.0,0.0,-33.50018045907819,150.875948989829,51.25511615877717,0.0,0.0,nothing,0.0,0
88be084951fffff,0.0,0.0,0.0,0.0,0.0,0.0,0.0,0.0,0.0,0.0,0.0,0.0,0.0,0.0,0.0,384.8396501457726,0.0,0.0,0.0,0.0,-33.49790948560923,150.85431303001005,52.686068853990605,0.0,0.0,nothing,0.0,0
88be084953fffff,0.0,0.0,0.0,0.0,0.0,0.0,0.0,1.0,0.0,0.0,0.0,0.0,0.0,0.0,0.0,384.8396501457726,0.0,0.0,0.0,0.0,-33.49677261568154,150.843495731326,53.41597593923987,0.0,0.0,nothing,0.0,0
88be084959fffff,0.0,0.0,0.0,0.0,0.0,0.0,0.0,0.0,0.0,0.0,0.0,0.0,0.0,0.0,0.0,64.1399416909621,0.0,0.0,0.0,0.0,-33.50629861646142,150.85853591344394,51.714653686588214,0.0,0.0,nothing,0.0,0
88be08495dfffff,0.0,0.0,0.0,0.0,0.0,0.0,0.0,0.0,0.0,0.0,0.0,6492.201771556359,0.0,0.0,0.0,288.6297376093294,0.0,0.0,0.0,0.0,-33.49904543346356,150.86513078309193,51.96564858640273,0.0,0.0,nothing,0.0,0
88be0849c9fffff,0.0,0.0,0.0,0.0,0.0,0.0,0.0,1.0,0.0,0.0,0.0,0.0,0.0,0.0,0.0,0.0,0.0,0.0,0.0,0.0,-33.493356475124635,150.8110465690847,55.65885248953841,0.0,0.0,nothing,0.0,0
88be084a03fffff,0.0,0.0,0.0,0.0,0.0,0.0,0.0,0.0,0.0,0.0,0.0,0.0,0.0,0.0,2.0,0.0,0.0,0.0,0.0,0.0,-33.58337131168573,150.83583639115443,46.90763148151455,0.0,0.0,nothing,0.0,0
88be084a05fffff,0.0,0.0,0.0,0.0,0.0,0.0,0.0,0.0,0.0,0.0,0.0,0.0,0.0,0.0,2.0,0.0,0.0,0.0,0.0,0.0,-33.57725710895507,150.85326646064527,46.20156126249408,0.0,0.0,nothing,0.0,0
88be084a0dfffff,0.0,0.0,2.0,1.0,0.0,1.0,0.0,6.0,0.0,4.0,0.0,0.0,0.0,4.0,3.0,0.0,3.0,3.0,3.0,0.0,-33.585646864642335,150.85749320395217,45.27100413414578,0.0,0.0,nothing,0.0,0
88be084a15fffff,0.0,0.0,0.0,0.0,1.0,0.0,0.0,0.0,0.0,0.0,0.0,15264.489417652512,0.0,0.0,0.0,0.0,0.0,2.0,0.0,0.0,-33.58223214761007,150.82500866929857,47.73713619299396,0.0,0.0,nothing,0.0,0
88be084a19fffff,0.0,0.0,1.0,0.0,0.0,0.0,0.0,2.0,0.0,0.0,0.0,26576.07529702268,1787422.5887850467,5.0,0.0,0.0,0.0,0.0,0.0,0.0,-33.597873765193334,150.82262790602428,46.76633026849601,0.0,0.0,nothing,0.0,0
88be084a1bfffff,0.0,0.0,0.0,0.0,0.0,0.0,0.0,0.0,0.0,0.0,0.0,0.0,61635.26168224299,0.0,0.0,0.0,0.0,0.0,0.0,0.0,-33.596733342174645,150.81179870324638,47.61991050979491,0.0,0.0,nothing,0.0,0
88be084a23fffff,0.0,0.0,3.0,1.0,0.0,0.0,0.0,7.0,0.0,0.0,0.0,119197.44938016673,164506.22222222222,0.0,7.0,0.0,0.0,0.0,2.0,0.0,-33.5604774257488,150.84481556896034,48.07225145468264,0.0,0.0,nothing,0.0,0
88be084a25fffff,0.0,0.0,0.0,0.0,0.0,0.0,0.0,0.0,0.0,0.0,0.0,0.0,0.0,0.0,1.0,0.0,0.0,0.0,0.0,0.0,-33.554361721729364,150.86224048041612,47.448314918022135,0.0,0.0,nothing,0.0,0
88be084a27fffff,0.0,0.0,0.0,0.0,0.0,0.0,0.0,0.0,0.0,0.0,0.0,0.0,44865.33333333333,0.0,9.0,0.0,0.0,0.0,0.0,0.0,-33.55322507251836,150.8514157226817,48.22586917900457,0.0,0.0,nothing,0.0,0
88be084a29fffff,0.0,0.0,0.0,0.0,0.0,0.0,0.0,0.0,0.0,0.0,0.0,0.0,0.0,1.0,1.0,0.0,0.0,0.0,0.0,0.0,-33.5700042773365,150.85986727809268,46.339452483882674,0.0,0.0,nothing,0.0,0
88be084a2dfffff,0.0,0.0,0.0,0.0,0.0,0.0,0.0,1.0,0.0,0.0,0.0,0.0,0.0,1.0,0.0,0.0,0.0,0.0,0.0,0.0,-33.56275105641166,150.86646702204945,46.49893415164417,0.0,0.0,nothing,0.0,0
88be084a35fffff,0.0,0.0,0.0,0.0,0.0,1.0,0.0,0.0,0.0,2.0,0.0,0.0,247940.0,0.0,4.0,0.0,0.0,1.0,0.0,0.0,-33.559339223930294,150.83399052564656,48.87140148330887,0.0,0.0,nothing,0.0,0
88be084a37fffff,0.0,0.0,0.0,0.0,0.0,0.0,0.0,0.0,0.0,0.0,0.0,0.0,25187.555555555555,0.0,0.0,0.0,0.0,0.0,0.0,0.0,-33.558200098009586,150.82316593881202,49.67834327942771,0.0,0.0,nothing,0.0,0
88be084a3dfffff,0.0,0.0,0.0,0.0,0.0,0.0,0.0,2.0,0.0,1.0,0.0,7711.600605844287,21252.0,0.0,5.0,0.0,0.0,0.0,0.0,0.0,-33.567729389684324,150.8382143422136,47.9394788226885,0.0,0.0,nothing,0.0,0
88be084a43fffff,0.0,0.0,0.0,0.0,0.0,0.0,0.0,0.0,0.0,0.0,0.0,520025.31046801206,0.0,0.0,2.0,0.0,0.0,0.0,0.0,0.0,-33.601289481234296,150.8551182575222,44.245899416252826,0.0,0.0,nothing,0.0,0
88be084a45fffff,0.0,0.0,0.0,0.0,0.0,0.0,0.0,1.0,0.0,0.0,0.0,56164.58394261417,0.0,0.0,0.0,0.0,0.0,0.0,0.0,0.0,-33.59517265400445,150.87255109907207,43.532185897229255,0.0,0.0,nothing,0.0,0
88be084a47fffff,0.0,0.0,0.0,0.0,0.0,0.0,0.0,0.0,0.0,0.0,0.0,0.0,0.0,0.0,2.0,0.0,0.0,0.0,0.0,0.0,-33.594036562385895,150.86172081252812,44.343908283088616,0.0,0.0,nothing,0.0,0
88be084a49fffff,0.0,0.0,0.0,0.0,0.0,0.0,0.0,0.0,0.0,0.0,0.0,0.0,0.0,0.0,0.0,5830.903790087464,0.0,0.0,0.0,0.0,-33.61081578204234,150.87017862636608,42.501009126980605,0.0,0.0,nothing,0.0,0
88be084a4bfffff,0.0,0.0,0.0,0.0,0.0,0.0,0.0,0.0,0.0,0.0,0.0,0.0,0.0,0.0,2.0,0.0,0.0,0.0,0.0,0.0,-33.60967935875606,150.85934639970782,43.332127081939745,0.0,0.0,nothing,0.0,0
88be084a4dfffff,0.0,0.0,0.0,0.0,0.0,0.0,0.0,0.0,0.0,0.0,0.0,0.0,0.0,0.0,2.0,1457.725947521866,0.0,0.0,0.0,0.0,-33.60356199607849,150.87678077037367,42.603182532198005,0.0,0.0,nothing,0.0,0
88be084a51fffff,0.0,0.0,0.0,0.0,0.0,0.0,0.0,0.0,0.0,0.0,0.0,0.0,607547.5794392524,0.0,0.0,0.0,0.0,0.0,0.0,0.0,-33.607403733599185,150.83768331288778,45.01669996447029,0.0,0.0,nothing,0.0,0
88be084a53fffff,0.0,0.0,26.0,0.0,0.0,1.0,0.0,39.0,0.0,1.0,0.0,239093.8158929079,3020127.8224299066,21.0,1.0,0.0,4.0,4.0,0.0,0.0,-33.60626453206247,150.82685245421683,45.869332349319606,0.0,0.0,nothing,0.0,0
88be084a57fffff,0.0,0.0,0.0,0.0,0.0,0.0,0.0,3.0,0.0,0.0,0.0,484329.2608667825,880503.738317757,0.0,2.0,0.0,0.0,0.0,0.0,0.0,-33.599013262821025,150.83345756649277,45.91922028483564,0.0,0.0,nothing,0.0,0
88be084a59fffff,0.0,0.0,0.0,0.0,0.0,0.0,0.0,2.0,0.0,0.0,0.0,5844.967664122707,0.0,0.0,21.0,0.0,0.0,0.0,0.0,0.0,-33.61579414582599,150.84190992477454,44.11882412741644,0.0,0.0,nothing,0.0,0
88be084a5bfffff,0.0,0.0,1.0,0.0,0.0,0.0,0.0,2.0,0.0,0.0,0.0,35818.25343454941,862893.6635514019,5.0,6.0,0.0,3.0,0.0,0.0,0.0,-33.61465524067758,150.83107786775528,44.97711059355603,0.0,0.0,nothing,0.0,0
88be084a5dfffff,0.0,0.0,0.0,0.0,0.0,0.0,0.0,0.0,0.0,0.0,0.0,68103.83621342115,0.0,0.0,0.0,0.0,0.0,0.0,0.0,0.0,-33.60854200921941,150.8485146282999,44.170832429614585,0.0,0.0,nothing,0.0,0
88be084a63fffff,0.0,0.0,0.0,0.0,0.0,0.0,0.0,0.0,0.0,0.0,0.0,4077.9273057398505,0.0,11.0,2.0,0.0,0.0,0.0,0.0,0.0,-33.57839379413355,150.8640943531512,45.40053007613009,0.0,0.0,nothing,0.0,0
88be084a67fffff,0.0,0.0,0.0,0.0,0.0,0.0,0.0,0.0,0.0,0.0,0.0,0.0,0.0,2.0,0.0,0.0,0.0,0.0,0.0,0.0,-33.57114033405528,150.87069442858362,45.55214474955429,0.0,0.0,nothing,0.0,0
88be084a6bfffff,0.0,0.0,0.0,0.0,1.0,0.0,0.0,0.0,0.0,0.0,0.0,0.0,0.0,0.0,0.0,0.0,0.0,2.0,0.0,0.0,-33.58678325318949,150.86832229340447,44.46470761917528,0.0,0.0,nothing,0.0,0
88be084a6dfffff,0.0,0.0,0.0,0.0,0.0,0.0,0.0,2.0,0.0,0.0,0.0,0.0,0.0,0.0,0.0,0.0,0.0,0.0,0.0,0.0,-33.580664388869145,150.88575150116102,43.824777120361226,0.0,0.0,nothing,0.0,0
88be084a85fffff,0.0,0.0,0.0,0.0,0.0,0.0,0.0,0.0,0.0,0.0,0.0,3446.323649428863,0.0,0.0,0.0,0.0,0.0,0.0,0.0,0.0,-33.56927442248278,150.7774840039053,52.01592467426689,0.0,0.0,nothing,0.0,0
88be084a99fffff,0.0,0.0,1.0,0.0,0.0,0.0,0.0,0.0,0.0,0.0,0.0,38390.82849456575,0.0,1.0,0.0,0.0,0.0,0.0,0.0,0.0,-33.58987138025041,150.74683313976888,52.859496281946925,0.0,0.0,nothing,0.0,0
88be084a9bfffff,0.0,0.0,0.0,0.0,0.0,0.0,0.0,0.0,0.0,0.0,0.0,0.0,0.0,0.0,2.0,0.0,0.0,0.0,0.0,0.0,-33.588724484198934,150.7360071616645,53.74987721812929,0.0,0.0,nothing,0.0,0
88be084aa1fffff,0.0,0.0,0.0,0.0,0.0,0.0,0.0,0.0,0.0,0.0,0.0,0.0,0.0,0.0,2.0,0.0,0.0,0.0,0.0,0.0,-33.553634356651784,150.77987217113903,52.97683659509955,0.0,0.0,nothing,0.0,0
88be084aabfffff,0.0,0.0,0.0,0.0,0.0,0.0,0.0,1.0,0.0,0.0,0.0,3446.323649428863,0.0,0.0,2.0,0.0,0.0,1.0,0.0,0.0,-33.5608825450394,150.77326650897544,52.91475530002345,0.0,0.0,nothing,0.0,0
88be084aadfffff,0.0,0.0,0.0,0.0,0.0,0.0,0.0,0.0,0.0,0.0,0.0,0.0,0.0,0.0,1.0,0.0,0.0,0.0,0.0,0.0,-33.55477717730722,150.79069492462068,52.1422745706491,0.0,0.0,nothing,0.0,0
88be084ab9fffff,0.0,0.0,0.0,0.0,0.0,0.0,0.0,0.0,0.0,0.0,0.0,0.0,0.0,0.0,2.0,0.0,0.0,0.0,0.0,0.0,-33.566985338088905,150.75583600705505,53.73341056408456,0.0,0.0,nothing,0.0,0
88be084abbfffff,0.0,0.0,0.0,0.0,0.0,0.0,0.0,0.0,0.0,0.0,0.0,0.0,0.0,0.0,3.0,0.0,0.0,0.0,0.0,0.0,-33.5658394105945,150.745012701288,54.60006384245692,0.0,0.0,nothing,0.0,0
88be084abdfffff,0.0,0.0,0.0,0.0,0.0,0.0,0.0,0.0,0.0,0.0,0.0,0.0,0.0,0.0,1.0,0.0,0.0,0.0,0.0,0.0,-33.55973817119576,150.7624434783438,53.765969128510605,0.0,0.0,nothing,0.0,0
88be084ac1fffff,0.0,0.0,0.0,0.0,0.0,0.0,0.0,0.0,0.0,0.0,0.0,323524.8948899531,0.0,4.0,2.0,0.0,0.0,0.0,0.0,0.0,-33.5944497206347,150.79014167374095,49.345131985092515,0.0,0.0,nothing,0.0,0
88be084ac3fffff,0.0,0.0,0.0,0.0,0.0,0.0,0.0,0.0,0.0,0.0,0.0,237692.7713356091,0.0,2.0,2.0,0.0,0.0,0.0,0.0,0.0,-33.59330652244923,150.77931384850206,50.2161506618943,0.0,0.0,nothing,0.0,0
88be084ac9fffff,0.0,0.0,0.0,0.0,0.0,0.0,0.0,0.0,0.0,0.0,0.0,1078405.9932346651,0.0,4.0,2.0,0.0,0.0,0.0,0.0,0.0,-33.60284137362707,150.794362626101,48.46422358465015,0.0,0.0,nothing,0.0,0
88be084acbfffff,0.0,0.0,0.0,0.0,0.0,0.0,0.0,2.0,0.0,0.0,0.0,125393.38480092556,0.0,7.0,0.0,0.0,0.0,0.0,0.0,0.0,-33.60169847009928,150.78353360184383,49.34043434660198,0.0,0.0,nothing,0.0,0
88be084ad1fffff,0.0,0.0,1.0,0.0,0.0,0.0,0.0,2.0,0.0,1.0,0.0,149223.05084461198,0.0,22.0,3.0,0.0,1.0,2.0,0.0,0.0,-33.599409887978446,150.76187693546808,51.107987721501445,0.0,0.0,nothing,0.0,0
88be084ad3fffff,1.0,0.0,29.0,6.0,0.0,1.0,2.0,70.0,0.0,0.0,0.0,2994922.9804357155,0.0,72.0,11.0,0.0,10.0,6.0,3.0,2.0,-33.598264209722416,150.75104929483757,51.99881396395469,0.0,0.0,nothing,0.0,0
88be084ad5fffff,0.0,0.0,0.0,0.0,0.0,0.0,0.0,0.0,0.0,0.0,0.0,0.0,0.0,0.0,2.0,0.0,0.0,0.0,0.0,0.0,-33.592162399544364,150.7684864839312,51.09239165769436,0.0,0.0,nothing,0.0,0
88be084ad7fffff,0.0,0.0,0.0,0.0,0.0,0.0,0.0,0.0,0.0,0.0,0.0,49581.20247001191,0.0,0.0,0.0,0.0,0.0,0.0,0.0,0.0,-33.59101735208852,150.75765958077224,51.97358983379192,0.0,0.0,nothing,0.0,0
88be084ad9fffff,0.0,0.0,0.0,0.0,0.0,0.0,0.0,2.0,0.0,0.0,0.0,0.0,0.0,0.0,0.0,0.0,0.0,0.0,0.0,0.0,-33.607802367398286,150.76609515463105,50.247758601183094,0.0,0.0,nothing,0.0,0
88be084adbfffff,0.0,0.0,0.0,0.0,0.0,0.0,0.0,1.0,0.0,0.0,0.0,0.0,0.0,14.0,2.0,0.0,0.0,0.0,0.0,0.0,-33.60665698302162,150.7552663142264,51.14357600610431,0.0,0.0,nothing,0.0,0
88be084addfffff,0.0,0.0,0.0,0.0,0.0,0.0,0.0,7.0,0.0,0.0,0.0,22538.030393648896,0.0,0.0,0.0,0.0,0.0,1.0,0.0,0.0,-33.6005546414936,150.7727050380515,50.22177791237461,0.0,0.0,nothing,0.0,0
88be084ae7fffff,0.0,0.0,0.0,0.0,0.0,0.0,0.0,0.0,0.0,0.0,0.0,0.0,0.0,0.0,2.0,0.0,0.0,0.0,0.0,0.0,-33.56316852219612,150.79491395170467,51.22994914809528,0.0,0.0,nothing,0.0,0
88be084b01fffff,0.0,0.0,0.0,0.0,0.0,0.0,0.0,4.0,0.0,0.0,0.0,33329.615522677406,0.0,0.0,0.0,0.0,0.0,0.0,0.0,0.0,-33.53373428995499,150.89285526470636,47.34796431959711,0.0,0.0,nothing,0.0,0
88be084b03fffff,0.0,0.0,0.0,0.0,0.0,0.0,0.0,0.0,0.0,0.0,0.0,0.0,0.0,1.0,2.0,0.0,0.0,0.0,0.0,0.0,-33.53260044791718,150.8820322792151,48.07371514841195,0.0,0.0,nothing,0.0,0
88be084b07fffff,0.0,0.0,0.0,0.0,0.0,0.0,0.0,0.0,0.0,0.0,0.0,0.0,0.0,0.0,1.0,0.0,0.0,0.0,0.0,0.0,-33.52534591532873,150.88862739963048,48.32273001763367,0.0,0.0,nothing,0.0,0
88be084b0bfffff,0.0,0.0,0.0,0.0,0.0,0.0,0.0,5.0,0.0,0.0,0.0,0.0,0.0,0.0,0.0,0.0,1.0,1.0,0.0,0.0,-33.54098906295218,150.88625981384376,47.10458311360814,0.0,0.0,nothing,0.0,0
88be084b11fffff,0.0,0.0,0.0,0.0,0.0,0.0,0.0,0.0,0.0,0.0,0.0,0.0,0.0,0.0,2.0,0.0,0.0,0.0,0.0,0.0,-33.53871920023343,150.8646128113945,48.594823362332015,0.0,0.0,nothing,0.0,0
88be084b1bfffff,0.0,0.0,0.0,0.0,0.0,0.0,0.0,0.0,0.0,0.0,0.0,104266.6415871619,0.0,0.0,0.0,0.0,0.0,5.0,0.0,0.0,-33.54597233050818,150.85801480346424,48.400133771902674,0.0,0.0,nothing,0.0,0
88be084b2bfffff,0.0,0.0,0.0,0.0,0.0,0.0,0.0,0.0,0.0,0.0,0.0,0.0,0.0,0.0,1.0,0.0,0.0,0.0,0.0,0.0,-33.51809099627356,150.8952214472653,48.59152101060904,0.0,0.0,nothing,0.0,0
88be084b35fffff,0.0,0.0,0.0,0.0,0.0,0.0,0.0,0.0,0.0,0.0,0.0,0.0,0.0,0.0,2.0,0.0,1.0,0.0,0.0,0.0,-33.50856899939063,150.88017426241086,50.2763852868685,0.0,0.0,nothing,0.0,0
88be084b37fffff,0.0,0.0,0.0,0.0,0.0,0.0,0.0,1.0,0.0,0.0,0.0,0.0,0.0,0.0,0.0,0.0,0.0,0.0,0.0,0.0,-33.507434269224646,150.8693548612022,50.9905321884596,0.0,0.0,nothing,0.0,0
88be084b49fffff,0.0,0.0,0.0,0.0,0.0,0.0,0.0,2.0,0.0,0.0,0.0,0.0,0.0,0.0,0.0,0.0,0.0,0.0,0.0,0.0,-33.56003110079267,150.91637107097625,43.70537409703742,0.0,0.0,nothing,0.0,0
88be084b59fffff,0.0,0.0,0.0,0.0,0.0,0.0,0.0,1.0,0.0,0.0,0.0,0.0,0.0,0.0,0.0,0.0,0.0,0.0,0.0,0.0,-33.56502098866523,150.88812029212508,44.96184110341016,0.0,0.0,nothing,0.0,0
88be084b5bfffff,0.0,0.0,0.0,0.0,0.0,0.0,0.0,1.0,0.0,0.0,0.0,0.0,0.0,0.0,0.0,0.0,0.0,0.0,0.0,0.0,-33.563886484922776,150.8772934303362,45.72562870747597,0.0,0.0,nothing,0.0,0
88be084b5dfffff,0.0,0.0,0.0,0.0,1.0,0.0,0.0,0.0,0.0,0.0,0.0,0.0,0.0,0.0,0.0,0.0,0.0,2.0,0.0,0.0,-33.55776612322991,150.89471747735263,45.171641226205494,0.0,0.0,nothing,0.0,0
88be084b63fffff,0.0,0.0,0.0,0.0,0.0,0.0,0.0,1.0,0.0,0.0,0.0,0.0,0.0,0.0,0.0,0.0,0.0,0.0,0.0,0.0,-33.52761142148329,150.91027233694822,46.91153544077361,0.0,0.0,nothing,0.0,0
88be084c4bfffff,0.0,0.0,0.0,0.0,0.0,0.0,0.0,0.0,0.0,0.0,0.0,0.0,0.0,0.0,0.0,0.0,0.0,0.0,0.0,0.0,-33.58560076446132,150.63197594936724,62.0447631310732,1.0,1.0,11 kW,11.0,1
88be084c61fffff,0.0,0.0,0.0,0.0,0.0,0.0,0.0,0.0,0.0,0.0,0.0,0.0,0.0,0.0,0.0,1154.5189504373177,0.0,0.0,0.0,0.0,-33.555484534686485,150.64762386277184,62.59726722488959,0.0,0.0,nothing,0.0,0
88be084c63fffff,0.0,0.0,0.0,0.0,0.0,0.0,0.0,0.0,0.0,0.0,0.0,0.0,0.0,0.0,0.0,3327.731092436975,0.0,0.0,0.0,0.0,-33.55432938176213,150.63680521802434,63.50438023176226,0.0,0.0,nothing,0.0,0
88be084c65fffff,0.0,0.0,0.0,0.0,0.0,0.0,0.0,2.0,0.0,0.0,0.0,22589.427568260297,0.0,0.0,0.0,0.0,0.0,0.0,0.0,0.0,-33.548243679957906,150.65423867587322,62.543045807918965,0.0,0.0,nothing,0.0,0
88be084c69fffff,0.0,0.0,0.0,0.0,0.0,0.0,0.0,0.0,0.0,0.0,0.0,0.0,0.0,0.0,0.0,1154.5189504373177,0.0,0.0,0.0,0.0,-33.563879858287734,150.65182782546975,61.75662383665226,0.0,0.0,nothing,0.0,0
88be084c6dfffff,0.0,0.0,0.0,0.0,0.0,0.0,0.0,3.0,0.0,0.0,0.0,4744.965792970578,0.0,2.0,0.0,0.0,0.0,0.0,0.0,0.0,-33.55663876583413,150.65844297695836,61.69342770207775,0.0,0.0,nothing,0.0,0
88be084d45fffff,0.0,0.0,0.0,0.0,0.0,0.0,0.0,0.0,0.0,1.0,0.0,0.0,0.0,0.0,0.0,0.0,0.0,0.0,0.0,0.0,-33.52042739874081,150.6915026840617,61.6258133582006,0.0,0.0,nothing,0.0,0
88be084d4dfffff,0.0,0.0,0.0,0.0,0.0,0.0,0.0,1.0,0.0,0.0,0.0,0.0,0.0,0.0,0.0,2886.2973760932946,0.0,0.0,0.0,0.0,-33.528821240947096,150.69570953498388,60.73832190353842,0.0,0.0,nothing,0.0,0
88be084d51fffff,0.0,0.0,0.0,0.0,0.0,0.0,0.0,0.0,0.0,0.0,0.0,115354.64524751244,0.0,0.0,0.0,0.0,0.0,0.0,0.0,0.0,-33.532607531872074,150.6566486420353,63.36796726427302,0.0,0.0,nothing,0.0,0
88be084d69fffff,0.0,0.0,0.0,0.0,0.0,0.0,0.0,1.0,0.0,0.0,0.0,0.0,0.0,0.0,0.0,2886.2973760932946,0.0,0.0,0.0,0.0,-33.51318394795747,150.69811141599962,61.66204161186408,0.0,0.0,nothing,0.0,0
88be084d6dfffff,0.0,0.0,0.0,0.0,0.0,0.0,0.0,0.0,0.0,0.0,0.0,0.0,0.0,0.0,0.0,4190.476190476191,0.0,0.0,0.0,0.0,-33.50594010591945,150.70471907830532,61.71481713915568,0.0,0.0,nothing,0.0,0
88be084e11fffff,0.0,0.0,0.0,0.0,0.0,0.0,0.0,1.0,0.0,0.0,0.0,0.0,0.0,0.0,0.0,0.0,0.0,0.0,0.0,0.0,-33.62411143083481,150.62052088112628,60.933241909918394,0.0,0.0,nothing,0.0,0
88be084e15fffff,0.0,0.0,0.0,0.0,0.0,0.0,0.0,1.0,0.0,0.0,0.0,0.0,0.0,0.0,0.0,0.0,0.0,0.0,0.0,0.0,-33.616872243551356,150.62714313504847,60.75161390627544,0.0,0.0,nothing,0.0,0
88be084e27fffff,0.0,0.0,0.0,0.0,0.0,0.0,0.0,0.0,0.0,1.0,0.0,0.0,0.0,0.0,0.0,0.0,0.0,0.0,0.0,0.0,-33.58791152001397,150.65362143969844,60.189683078005736,0.0,0.0,nothing,0.0,0
88be084e2dfffff,0.0,0.0,0.0,0.0,0.0,0.0,0.0,0.0,0.0,0.0,0.0,0.0,0.0,0.0,0.0,962.0991253644316,0.0,0.0,0.0,0.0,-33.59746062473009,150.66865230323518,58.44749004806148,0.0,0.0,nothing,0.0,0
88be084e3bfffff,0.0,0.0,0.0,0.0,0.0,0.0,0.0,1.0,0.0,0.0,0.0,0.0,0.0,0.0,0.0,0.0,0.0,0.0,0.0,0.0,-33.60847584240179,150.6229391425487,61.53160664306548,0.0,0.0,nothing,0.0,0
88be084e3dfffff,0.0,0.0,0.0,0.0,0.0,0.0,0.0,0.0,0.0,0.0,0.0,3306.2967669595455,0.0,0.0,0.0,0.0,0.0,0.0,0.0,0.0,-33.602392675634896,150.6403844294149,60.437482029863595,0.0,0.0,nothing,0.0,0
88be084e43fffff,0.0,0.0,0.0,0.0,0.0,0.0,0.0,0.0,0.0,0.0,0.0,14541.124696396972,0.0,0.0,0.0,1924.198250728863,0.0,0.0,0.0,0.0,-33.63597584716388,150.65721174886326,57.30111424270413,0.0,0.0,nothing,0.0,0
88be084e47fffff,0.0,0.0,0.0,0.0,0.0,0.0,0.0,0.0,0.0,0.0,0.0,0.0,0.0,0.0,0.0,3848.396501457726,0.0,0.0,0.0,0.0,-33.62873452346719,150.6638321450553,57.126037633750265,0.0,0.0,nothing,0.0,0
88be084e49fffff,0.0,0.0,0.0,0.0,0.0,0.0,0.0,0.0,0.0,0.0,0.0,0.0,590253.6666666666,0.0,0.0,0.0,0.0,0.0,0.0,0.0,-33.6455253049986,150.6722516653448,55.57827247440017,0.0,0.0,nothing,0.0,0
88be084e4bfffff,0.0,0.0,0.0,0.0,0.0,0.0,0.0,0.0,0.0,0.0,0.0,0.0,53904.444444444445,0.0,0.0,2886.2973760932946,0.0,0.0,0.0,0.0,-33.64437150154577,150.6614207382104,56.534901619592546,0.0,0.0,nothing,0.0,0
88be084e4dfffff,0.0,0.0,0.0,0.0,0.0,0.0,0.0,1.0,0.0,0.0,0.0,0.0,0.0,0.0,2.0,0.0,0.0,0.0,0.0,0.0,-33.63828311247216,150.6788716662962,55.397857402724625,0.0,0.0,nothing,0.0,0
88be084e61fffff,0.0,0.0,0.0,0.0,0.0,0.0,0.0,1.0,0.0,0.0,0.0,0.0,0.0,0.0,0.0,0.0,0.0,0.0,0.0,0.0,-33.614250684183155,150.67706972138544,56.82825885276407,0.0,0.0,nothing,0.0,0
88be084e63fffff,0.0,0.0,0.0,0.0,0.0,0.0,0.0,0.0,0.0,0.0,0.0,0.0,0.0,0.0,0.0,2886.2973760932946,0.0,0.0,0.0,0.0,-33.61309756372442,150.66624266657055,57.7640795370414,0.0,0.0,nothing,0.0,0
88be084e67fffff,0.0,0.0,0.0,0.0,0.0,0.0,0.0,0.0,0.0,0.0,0.0,0.0,0.0,0.0,0.0,3848.396501457726,0.0,0.0,0.0,0.0,-33.605855681853456,150.67286058052107,57.63472054675984,0.0,0.0,nothing,0.0,0
88be084e6bfffff,0.0,0.0,0.0,0.0,0.0,0.0,0.0,0.0,0.0,0.0,0.0,0.0,0.0,0.0,0.0,1924.198250728863,0.0,0.0,0.0,0.0,-33.62149280230214,150.67045146920142,56.96837077561142,0.0,0.0,nothing,0.0,0
88be084e6dfffff,0.0,0.0,0.0,0.0,0.0,0.0,0.0,0.0,0.0,0.0,0.0,0.0,225356.44444444444,0.0,0.0,0.0,0.0,0.0,0.0,0.0,-33.61540288035137,150.68789724423866,55.89510856488002,0.0,0.0,nothing,0.0,0
88be084f03fffff,0.0,0.0,0.0,0.0,0.0,0.0,0.0,0.0,0.0,0.0,0.0,0.0,0.0,0.0,0.0,4618.075801749271,0.0,0.0,0.0,0.0,-33.56733891518053,150.68429017516056,59.04301521815552,0.0,0.0,nothing,0.0,0
88be084f05fffff,0.0,0.0,0.0,0.0,0.0,0.0,0.0,0.0,1.0,0.0,0.0,0.0,0.0,0.0,0.0,0.0,0.0,0.0,0.0,0.0,-33.561246469243144,150.7017241132706,58.11386969188643,0.0,0.0,nothing,0.0,0
88be084f09fffff,0.0,0.0,0.0,0.0,1.0,0.0,0.0,29.0,0.0,0.0,0.0,3694.4260318502056,0.0,41.0,0.0,1539.3586005830905,0.0,17.0,0.0,0.0,-33.57688419775923,150.69932152114836,57.293074674286885,0.0,0.0,nothing,0.0,0
88be084f0bfffff,0.0,0.0,0.0,0.0,0.0,0.0,0.0,0.0,0.0,0.0,0.0,0.0,0.0,0.0,0.0,1924.198250728863,0.0,0.0,0.0,0.0,-33.57573331505682,150.6884986025592,58.19486731481097,0.0,0.0,nothing,0.0,0
88be084f0dfffff,0.0,0.0,0.0,0.0,0.0,0.0,0.0,0.0,0.0,0.0,0.0,196788.32655794948,0.0,1.0,0.0,0.0,0.0,0.0,0.0,0.0,-33.56964034015538,150.70593407793118,57.252005412135944,0.0,0.0,nothing,0.0,0
88be084f15fffff,0.0,0.0,0.0,0.0,0.0,0.0,0.0,0.0,0.0,0.0,0.0,0.0,0.0,0.0,0.0,1539.3586005830905,0.0,0.0,0.0,0.0,-33.56618681863663,150.67346892392658,59.94410268707678,0.0,0.0,nothing,0.0,0
88be084f17fffff,0.0,0.0,0.0,0.0,0.0,0.0,0.0,0.0,0.0,0.0,0.0,0.0,0.0,0.0,0.0,2309.0379008746354,0.0,0.0,0.0,0.0,-33.56503379961549,150.66264814044914,60.84869045713682,0.0,0.0,nothing,0.0,0
88be084f1bfffff,0.0,0.0,0.0,0.0,0.0,1.0,0.0,2.0,0.0,0.0,0.0,0.0,0.0,0.0,0.0,0.0,1.0,1.0,1.0,0.0,-33.58067034809999,150.66023833851733,60.090924117847536,0.0,0.0,nothing,0.0,0
88be084f1dfffff,0.0,0.0,0.0,0.0,0.0,0.0,0.0,0.0,0.0,0.0,0.0,0.0,0.0,0.0,0.0,3655.97667638484,0.0,0.0,0.0,0.0,-33.574581509347894,150.6776761507843,59.10024374362387,0.0,0.0,nothing,0.0,0
88be084f23fffff,0.0,0.0,0.0,0.0,0.0,0.0,0.0,0.0,0.0,0.0,0.0,0.0,0.0,0.0,0.0,1924.198250728863,0.0,0.0,0.0,0.0,-33.54445856806832,150.69330677272302,59.851440830799,0.0,0.0,nothing,0.0,0
88be084f27fffff,0.0,0.0,0.0,0.0,0.0,0.0,0.0,0.0,0.0,0.0,0.0,0.0,0.0,0.0,0.0,962.0991253644316,0.0,0.0,0.0,0.0,-33.53721503157027,150.69991724817226,59.85469307991994,0.0,0.0,nothing,0.0,0
88be084f2bfffff,0.0,0.0,2.0,0.0,0.0,0.0,0.0,0.0,0.0,0.0,0.0,44200.614526402765,0.0,3.0,0.0,0.0,0.0,0.0,0.0,0.0,-33.55285254504768,150.69751501160783,58.98041617364855,0.0,0.0,nothing,0.0,0
88be084f31fffff,0.0,0.0,0.0,0.0,0.0,0.0,0.0,1.0,1.0,1.0,0.0,14769.71274075304,0.0,0.0,0.0,0.0,4.0,0.0,0.0,0.0,-33.55054995636228,150.67587590890952,60.75410524233963,0.0,0.0,nothing,0.0,0
88be084f33fffff,0.0,0.0,0.0,2.0,0.0,0.0,0.0,8.0,0.0,1.0,0.0,23660.524505005586,0.0,2.0,0.0,0.0,1.0,0.0,3.0,0.0,-33.54939727903975,150.665057058313,61.64675224739701,0.0,0.0,nothing,0.0,0
88be084f39fffff,0.0,0.0,0.0,0.0,0.0,0.0,0.0,0.0,0.0,0.0,0.0,0.0,0.0,0.0,0.0,1924.198250728863,0.0,0.0,0.0,0.0,-33.55894446211591,150.68008261068402,59.89616498213759,0.0,0.0,nothing,0.0,0
88be084f3bfffff,0.0,0.0,5.0,1.0,0.0,1.0,0.0,9.0,0.0,0.0,0.0,2864.536597780965,0.0,0.0,0.0,0.0,0.0,2.0,0.0,0.0,-33.55779207503415,150.66926255984285,60.793008566542795,0.0,0.0,nothing,0.0,0
88be084f3dfffff,0.0,0.0,3.0,0.0,0.0,1.0,0.0,8.0,0.0,0.0,0.0,31395.594922816075,0.0,1.0,0.0,4810.495626822158,2.0,1.0,2.0,0.0,-33.55170171175501,150.68669522692156,59.86526881993605,0.0,0.0,nothing,0.0,0
88be084f41fffff,0.0,0.0,0.0,0.0,0.0,0.0,0.0,2.0,0.0,0.0,0.0,0.0,0.0,3.0,10.0,0.0,0.0,2.0,0.0,0.0,-33.58642792013265,150.71435659712583,55.54319693646982,0.0,0.0,nothing,0.0,0
88be084f43fffff,0.0,0.0,0.0,0.0,0.0,1.0,0.0,0.0,0.0,0.0,0.0,1015.6821241289068,0.0,30.0,3.0,0.0,1.0,1.0,0.0,0.0,-33.58527825245678,150.70353201217742,56.44573486594164,0.0,0.0,nothing,0.0,0
88be084f45fffff,0.0,0.0,11.0,3.0,0.0,0.0,0.0,26.0,2.0,1.0,0.0,1073641.6990330005,0.0,19.0,6.0,0.0,7.0,1.0,1.0,0.0,-33.579183193464345,150.72096875580038,55.50094270137856,0.0,0.0,nothing,0.0,0
88be084f47fffff,0.0,1.0,0.0,0.0,0.0,0.0,0.0,0.0,0.0,0.0,0.0,30090.9599335463,0.0,0.0,8.0,769.6793002915452,0.0,1.0,0.0,0.0,-33.578034157285025,150.7101449058096,56.39503869657221,0.0,0.0,nothing,0.0,0
88be084f4bfffff,0.0,0.0,0.0,0.0,0.0,0.0,0.0,0.0,0.0,0.0,0.0,0.0,0.0,2.0,0.0,0.0,0.0,0.0,0.0,0.0,-33.59367225267006,150.70774336671664,55.60380967187882,0.0,0.0,nothing,0.0,0
88be084f4dfffff,0.0,0.0,1.0,0.0,0.0,0.0,0.0,1.0,0.0,0.0,0.0,0.0,0.0,0.0,0.0,0.0,0.0,0.0,0.0,0.0,-33.587576664103224,150.72518164720248,54.64451295327376,0.0,0.0,nothing,0.0,0
88be084f53fffff,0.0,0.0,0.0,0.0,0.0,0.0,0.0,0.0,0.0,0.0,0.0,0.0,0.0,0.0,0.0,2886.2973760932946,0.0,0.0,0.0,0.0,-33.59021858339788,150.6752688075559,58.34588451661104,0.0,0.0,nothing,0.0,0
88be084f57fffff,0.0,0.0,0.0,0.0,0.0,0.0,0.0,0.0,0.0,0.0,0.0,0.0,0.0,0.0,0.0,962.0991253644316,0.0,0.0,0.0,0.0,-33.58297614666864,150.681884240636,58.26165170760757,0.0,0.0,nothing,0.0,0
88be084f5bfffff,0.0,0.0,0.0,0.0,0.0,0.0,0.0,1.0,0.0,0.0,0.0,0.0,0.0,0.0,0.0,962.0991253644316,0.0,0.0,0.0,0.0,-33.59861340380701,150.67947742287026,57.52284588055843,0.0,0.0,nothing,0.0,0
88be084f5dfffff,0.0,0.0,0.0,0.0,0.0,0.0,0.0,0.0,0.0,0.0,0.0,167427.37153725207,0.0,2.0,0.0,0.0,1.0,0.0,0.0,0.0,-33.59252195324698,150.69691804700304,56.514479323000046,0.0,0.0,nothing,0.0,0
88be084f69fffff,0.0,0.0,0.0,0.0,0.0,0.0,0.0,0.0,0.0,0.0,0.0,0.0,0.0,0.0,1.0,0.0,0.0,0.0,0.0,0.0,-33.571938073179766,150.72757984282478,55.47708917473653,0.0,0.0,nothing,0.0,0
88be084f6bfffff,0.0,0.0,0.0,0.0,0.0,0.0,0.0,0.0,0.0,0.0,0.0,0.0,0.0,1.0,0.0,0.0,0.0,0.0,0.0,0.0,-33.57078966824627,150.71675672798375,56.362439773950825,0.0,0.0,nothing,0.0,0
88be085003fffff,0.0,0.0,0.0,0.0,0.0,0.0,0.0,0.0,0.0,0.0,0.0,0.0,0.0,0.0,0.0,1924.198250728863,0.0,0.0,0.0,0.0,-33.81034094096297,150.87845046356796,31.301767456841507,0.0,0.0,nothing,0.0,0
88be085005fffff,0.0,0.0,0.0,0.0,0.0,0.0,0.0,7.0,0.0,0.0,0.0,0.0,1235905.17562724,0.0,0.0,2693.877551020408,0.0,0.0,0.0,0.0,-33.80422268683604,150.89592546161754,29.877690181085555,0.0,0.0,nothing,0.0,0
88be085007fffff,0.0,0.0,0.0,0.0,0.0,0.0,0.0,22.0,0.0,0.0,0.0,291782.70832082286,313208.84587813617,4.0,8.0,1539.3586005830905,2.0,0.0,0.0,0.0,-33.80308694436284,150.88506761701944,30.884018896010144,0.0,0.0,nothing,0.0,0
88be08500bfffff,0.0,0.0,0.0,0.0,0.0,0.0,0.0,0.0,0.0,0.0,0.0,0.0,390216.1111111111,0.0,0.0,0.0,0.0,0.0,0.0,0.0,-33.818731544447964,150.88269156930974,30.734675985121505,0.0,0.0,nothing,0.0,0
88be085011fffff,0.0,0.0,0.0,0.0,0.0,0.0,0.0,0.0,0.0,0.0,0.0,229424.07819755888,1579446.7301587302,0.0,0.0,1539.3586005830905,0.0,2.0,0.0,0.0,-33.81645659716003,150.86097334773663,32.75790236675274,0.0,0.0,nothing,0.0,0
88be085013fffff,0.0,0.0,0.0,0.0,0.0,0.0,0.0,1.0,0.0,0.0,0.0,1095324.7836023588,2347284.0,13.0,3.0,3078.717201166181,2.0,2.0,0.0,0.0,-33.81531772258214,150.85011492263737,33.76963820113918,0.0,0.0,nothing,0.0,0
88be085015fffff,0.0,0.0,0.0,0.0,0.0,0.0,0.0,0.0,0.0,0.0,0.0,11719050.524101002,0.0,30.0,0.0,769.6793002915452,1.0,0.0,0.0,0.0,-33.809203632671704,150.86759232770444,32.31142270109461,0.0,0.0,nothing,0.0,0
88be085017fffff,1.0,0.0,1.0,0.0,0.0,0.0,0.0,0.0,0.0,0.0,0.0,4579.498875806445,155965.7142857143,5.0,0.0,1154.5189504373177,0.0,0.0,0.0,0.0,-33.808065390671786,150.85673464867202,33.32127974851094,0.0,0.0,nothing,0.0,0
88be085019fffff,0.0,0.0,0.0,0.0,0.0,0.0,0.0,0.0,0.0,0.0,0.0,63125.05899352825,1752962.746031746,0.0,0.0,962.0991253644316,1.0,0.0,0.0,0.0,-33.824847734471504,150.86521291686134,32.21634520234723,0.0,0.0,nothing,0.0,0
88be08501bfffff,0.0,0.0,0.0,0.0,0.0,0.0,0.0,0.0,0.0,0.0,0.0,31014.237052136777,2671953.158730159,0.0,2.0,2886.2973760932946,3.0,0.0,0.0,0.0,-33.823709161155065,150.8543532879666,33.229168412364416,0.0,0.0,nothing,0.0,0
88be08501dfffff,0.0,0.0,0.0,0.0,0.0,0.0,0.0,0.0,0.0,0.0,0.0,3905121.178224532,1378105.0,9.0,0.0,769.6793002915452,0.0,0.0,0.0,0.0,-33.817594537837735,150.8718322302112,31.746245165571633,0.0,0.0,nothing,0.0,0
88be085021fffff,0.0,0.0,4.0,0.0,0.0,1.0,0.0,6.0,0.0,1.0,0.0,242823.8499407775,533301.5483870967,20.0,10.0,769.6793002915452,8.0,4.0,1.0,2.0,-33.78857775404901,150.8982986845578,30.1330872977329,0.0,0.0,nothing,0.0,0
88be085023fffff,0.0,0.0,4.0,0.0,0.0,1.0,0.0,2.0,0.0,0.0,0.0,669549.5538877351,55023.17562724014,24.0,7.0,0.0,0.0,1.0,0.0,0.0,-33.78744234140275,150.8874427896701,31.131077613109507,0.0,0.0,nothing,0.0,0
88be085025fffff,0.0,0.0,0.0,0.0,0.0,0.0,0.0,3.0,0.0,0.0,0.0,0.0,437336.927036927,48.0,8.0,0.0,1.0,1.0,0.0,0.0,-33.78132256136664,150.90491259882054,29.80203625254714,0.0,0.0,nothing,0.0,0
88be085027fffff,0.0,0.0,1.0,2.0,0.0,1.0,0.0,7.0,0.0,0.0,0.0,31073.590708596857,0.0,36.0,9.0,1154.5189504373177,1.0,5.0,2.0,0.0,-33.78018778009713,150.89405745130517,30.794050364737178,0.0,0.0,nothing,0.0,0
88be085029fffff,0.0,0.0,0.0,0.0,0.0,0.0,0.0,4.0,0.0,0.0,0.0,266613.90592100885,1434835.1182795698,49.0,6.0,1154.5189504373177,0.0,0.0,0.0,0.0,-33.79696765933638,150.90254078771588,29.49190772184257,0.0,0.0,nothing,0.0,0
88be08502bfffff,0.0,0.0,0.0,0.0,0.0,0.0,0.0,3.0,0.0,0.0,0.0,119527.82219737746,1333253.8709677418,4.0,6.0,0.0,0.0,1.0,0.0,0.0,-33.79583254855297,150.89168369065342,30.49409855998167,0.0,0.0,nothing,0.0,0
88be08502dfffff,0.0,0.0,0.0,0.0,0.0,0.0,0.0,1.0,0.0,0.0,0.0,1373.1471652600314,2548080.3645673324,24.0,9.0,0.0,0.0,0.0,0.0,0.0,-33.78971223339517,150.9091550338946,29.136135545780455,0.0,0.0,nothing,0.0,0
88be085031fffff,0.0,0.0,0.0,0.0,0.0,0.0,0.0,3.0,0.0,0.0,0.0,2185992.208709238,4265254.0,48.0,16.0,4618.075801749271,1.0,1.0,0.0,0.0,-33.793559526676695,150.86997086225705,32.500494324281675,0.0,0.0,nothing,0.0,0
88be085033fffff,0.0,0.0,0.0,0.0,0.0,0.0,0.0,5.0,0.0,0.0,0.0,723819.4198075165,3096350.5714285714,16.0,2.0,0.0,0.0,0.0,0.0,0.0,-33.79242161591763,150.8591151324248,33.50457567381053,0.0,0.0,nothing,0.0,0
88be085035fffff,0.0,0.0,1.0,0.0,0.0,0.0,0.0,0.0,0.0,0.0,0.0,61195.56711793457,1716049.7142857143,11.0,8.0,4618.075801749271,0.0,1.0,0.0,3.0,-33.786305995623046,150.87658734998237,32.13000817619458,0.0,0.0,nothing,0.0,0
88be085037fffff,0.0,0.0,15.0,0.0,5.0,0.0,0.0,3.0,0.0,0.0,0.0,5966456.579955661,3220702.0,12.0,0.0,0.0,0.0,30.0,0.0,0.0,-33.78516871687671,150.86573236624528,33.129792436831906,0.0,0.0,nothing,0.0,0
88be085039fffff,0.0,0.0,0.0,0.0,0.0,0.0,0.0,6.0,0.0,0.0,0.0,1601721.3164048328,721238.2857142857,8.0,6.0,769.6793002915452,3.0,0.0,0.0,0.0,-33.801950268205665,150.87421022795752,31.89077101020636,2.0,2.0,22 kW,22.0,1
88be08503bfffff,0.0,0.0,0.0,0.0,0.0,0.0,0.0,3.0,0.0,0.0,0.0,951388.6562756792,1691179.4285714286,2.0,0.0,0.0,0.0,0.0,0.0,0.0,-33.80081265853146,150.86335329518275,32.897906142984056,2.0,2.0,22 kW,22.0,1
88be08503dfffff,0.0,0.0,0.0,0.0,0.0,0.0,0.0,0.0,0.0,0.0,0.0,19591.534971448687,696368.0,2.0,6.0,0.0,0.0,0.0,0.0,0.0,-33.79469650427748,150.8808270485835,31.496982661486843,0.0,0.0,nothing,0.0,0
88be085041fffff,0.0,0.0,5.0,0.0,0.0,0.0,0.0,66.0,0.0,0.0,0.0,376912.118209133,0.0,1.0,0.0,0.0,0.0,4.0,0.0,0.0,-33.8293926834753,150.9086559966072,28.16518446316222,0.0,0.0,nothing,0.0,0
88be085045fffff,2.0,0.0,1.0,0.0,0.0,0.0,0.0,49.0,0.0,0.0,0.0,1387953.3841211156,0.0,18.0,4.0,0.0,0.0,0.0,0.0,0.0,-33.82213695820428,150.9152723188345,27.700610887343583,0.0,0.0,nothing,0.0,0
88be085049fffff,0.0,0.0,0.0,0.0,0.0,0.0,0.0,1.0,0.0,0.0,0.0,0.0,281146.6702508961,16.0,4.0,4618.075801749271,0.0,0.0,0.0,0.0,-33.83778254128249,150.9129012497073,27.644631885209513,0.0,0.0,nothing,0.0,0
88be08504bfffff,0.0,0.0,0.0,0.0,0.0,0.0,0.0,0.0,0.0,0.0,0.0,7085.671400607825,37397.777777777774,0.0,9.0,3655.97667638484,1.0,0.0,0.0,0.0,-33.83664800899971,150.90203859353747,28.657929283279312,0.0,0.0,nothing,0.0,0
88be08504dfffff,0.0,0.0,0.0,0.0,0.0,0.0,0.0,2.0,0.0,0.0,0.0,108001.33368773802,161775.41935483873,9.0,2.0,1346.938775510204,0.0,0.0,0.0,0.0,-33.8305265838263,150.91951790382632,27.152443803034423,0.0,0.0,nothing,0.0,0
88be085051fffff,0.0,0.0,0.0,0.0,0.0,0.0,0.0,0.0,0.0,0.0,0.0,4720.086002979839,103728.33333333331,3.0,1.0,3367.3469387755104,0.0,0.0,0.0,0.0,-33.834376139244405,150.88031464606556,30.6844772526178,0.0,0.0,nothing,0.0,0
88be085053fffff,0.0,0.0,0.0,0.0,0.0,0.0,0.0,0.0,0.0,0.0,0.0,5482.119066587788,1289822.7777777778,0.0,0.0,3944.606413994169,0.0,0.0,0.0,0.0,-33.83323880210556,150.86945335626763,31.69772770322857,0.0,0.0,nothing,0.0,0
88be085057fffff,0.0,0.0,0.0,0.0,0.0,0.0,0.0,0.0,0.0,0.0,0.0,0.0,1625077.2222222222,0.0,0.0,1058.3090379008747,0.0,0.0,0.0,0.0,-33.82598537352888,150.8760730029244,31.20353232435303,0.0,0.0,nothing,0.0,0
88be085059fffff,0.0,0.0,0.0,0.0,0.0,0.0,0.0,1.0,0.0,0.0,0.0,0.0,348855.1111111111,0.0,5.0,5387.755102040816,0.0,0.0,0.0,0.0,-33.842766834483584,150.88455715985614,30.19030127436032,3.0,3.0,kW,1.0,1
88be08505bfffff,0.0,0.0,0.0,0.0,0.0,0.0,0.0,1.0,0.0,0.0,0.0,127196.19616400136,3925020.555555555,4.0,3.0,769.6793002915452,0.0,0.0,0.0,0.0,-33.84162979956144,150.873694666177,31.203194746747748,0.0,0.0,nothing,0.0,0
88be08505dfffff,0.0,0.0,0.0,0.0,0.0,0.0,0.0,1.0,0.0,0.0,0.0,0.0,0.0,1.0,3.0,3848.396501457726,0.0,0.0,0.0,0.0,-33.83551254159811,150.89117639207285,29.67121109274032,0.0,0.0,nothing,0.0,0
88be085061fffff,0.0,0.0,0.0,0.0,0.0,0.0,0.0,19.0,0.0,0.0,0.0,1109537.5797019051,13718504.11111111,6.0,0.0,2309.0379008746354,0.0,0.0,0.0,0.0,-33.80649137006381,150.91764251441705,27.866493502916388,0.0,0.0,nothing,0.0,0
88be085063fffff,0.0,0.0,3.0,0.0,6.0,0.0,0.0,5.0,0.0,0.0,0.0,7681760.62895313,877824.2293906809,1.0,0.0,1539.3586005830905,0.0,8.0,0.0,0.0,-33.80535749545854,150.90678376100053,28.871830851407797,1.0,1.0,22 kW,22.0,1
88be085065fffff,0.0,0.0,1.0,0.0,0.0,0.0,0.0,5.0,1.0,0.0,0.0,1806281.6490717644,8698612.17761848,20.0,14.0,6157.434402332362,0.0,0.0,0.0,0.0,-33.79923507976091,150.92425634381357,27.489916248483205,0.0,0.0,nothing,0.0,0
88be085067fffff,0.0,0.0,0.0,0.0,0.0,0.0,0.0,3.0,0.0,0.0,0.0,321479.6033350554,4529821.353046595,14.0,5.0,769.6793002915452,0.0,0.0,0.0,0.0,-33.798101836461136,150.9133983390197,28.490485039027153,0.0,0.0,nothing,0.0,0
88be085069fffff,0.0,0.0,1.0,0.0,0.0,0.0,0.0,0.0,0.0,0.0,0.0,793285.6125265702,7367067.212962963,36.0,2.0,0.0,0.0,0.0,0.0,0.0,-33.814880833702446,150.92188756030774,27.265649212887578,0.0,0.0,nothing,0.0,0
88be08506bfffff,0.0,0.0,0.0,0.0,0.0,0.0,0.0,22.0,0.0,0.0,0.0,112533.42950570775,1724317.0,0.0,0.0,0.0,0.0,1.0,0.0,0.0,-33.813747261914756,150.911027604633,28.27424627647773,0.0,0.0,nothing,0.0,0
88be08506dfffff,0.0,0.0,0.0,0.0,0.0,0.0,0.0,7.0,0.0,0.0,0.0,729223.1804032959,8121197.413580246,27.0,10.0,0.0,0.0,1.0,0.0,0.0,-33.80762431048561,150.92850172111537,26.861738569332488,0.0,0.0,nothing,0.0,0
88be085081fffff,0.0,0.0,0.0,0.0,0.0,0.0,0.0,1.0,0.0,0.0,0.0,29405.38391307359,0.0,1.0,0.0,0.0,0.0,0.0,0.0,0.0,-33.80350308893609,150.81330851586955,37.36237181982083,0.0,0.0,nothing,0.0,0
88be085083fffff,0.0,1.0,1.0,0.0,0.0,1.0,0.0,24.0,0.0,2.0,0.0,1079628.8752575417,0.0,49.0,13.0,0.0,0.0,1.0,0.0,0.0,-33.80236018090779,150.802453132253,38.37298852033434,0.0,0.0,nothing,0.0,0
88be085085fffff,0.0,0.0,0.0,0.0,0.0,0.0,0.0,0.0,0.0,0.0,0.0,0.0,0.0,0.0,0.0,6542.274052478134,0.0,0.0,0.0,0.0,-33.7962528880116,150.8199301419697,36.92962285945149,0.0,0.0,nothing,0.0,0
88be085087fffff,0.0,0.0,0.0,0.0,0.0,0.0,0.0,6.0,0.0,0.0,0.0,1533.7838551948307,0.0,10.0,2.0,2309.0379008746354,0.0,0.0,0.0,0.0,-33.79511061326466,150.80907550188977,37.938212869141026,0.0,0.0,nothing,0.0,0
88be085089fffff,0.0,0.0,0.0,0.0,0.0,0.0,0.0,0.0,0.0,0.0,0.0,552589.4972112309,0.0,11.0,2.0,12314.868804664724,0.0,0.0,0.0,0.0,-33.81189549712371,150.81754239910055,36.805239020884756,0.0,0.0,nothing,0.0,0
88be08508bfffff,0.0,0.0,0.0,0.0,0.0,0.0,0.0,23.0,0.0,0.0,0.0,14799605.63835087,0.0,16.0,11.0,10583.090379008749,0.0,2.0,0.0,0.0,-33.810752888622574,150.8066858110108,37.81721507636815,0.0,0.0,nothing,0.0,0
88be08508dfffff,0.0,0.0,0.0,0.0,0.0,0.0,0.0,0.0,0.0,0.0,0.0,0.0,0.0,0.0,0.0,9236.151603498542,0.0,0.0,0.0,0.0,-33.804645064094785,150.82416436006997,36.35187973459196,0.0,0.0,nothing,0.0,0
88be085091fffff,0.0,0.0,0.0,0.0,0.0,0.0,0.0,17.0,0.0,0.0,0.0,138579.4263469937,0.0,8.0,5.0,6734.693877551021,0.0,0.0,0.0,0.0,-33.808464872608106,150.78497401896684,39.84129825969599,0.0,0.0,nothing,0.0,0
88be085093fffff,0.0,0.0,0.0,0.0,0.0,0.0,0.0,0.0,0.0,0.0,0.0,16542.70683536499,0.0,7.0,5.0,962.0991253644316,0.0,0.0,0.0,0.0,-33.80731946543232,150.77411881651255,40.85339638679156,0.0,0.0,nothing,0.0,0
88be085095fffff,0.0,0.0,0.0,0.0,0.0,0.0,0.0,30.0,0.0,0.0,0.0,15204.513947786694,0.0,47.0,12.0,0.0,0.0,1.0,0.0,0.0,-33.801216340178385,150.79159820997032,39.38371894800986,0.0,0.0,nothing,0.0,0
88be085097fffff,0.0,0.0,0.0,1.0,0.0,0.0,0.0,25.0,0.0,0.0,0.0,9070.24052472422,0.0,26.0,15.0,0.0,0.0,0.0,0.0,0.0,-33.80007156691661,150.78074374977126,40.39455329838576,0.0,0.0,nothing,0.0,0
88be085099fffff,0.0,0.0,0.0,0.0,0.0,0.0,0.0,3.0,0.0,0.0,0.0,234759.66099335003,0.0,14.0,3.0,0.0,0.0,0.0,0.0,0.0,-33.816858111209555,150.78920515719292,39.3062083519454,0.0,0.0,nothing,0.0,0
88be08509bfffff,0.0,0.0,0.0,0.0,0.0,0.0,0.0,0.0,0.0,0.0,0.0,32499.75784019031,0.0,9.0,5.0,4810.495626822158,0.0,0.0,0.0,0.0,-33.81571300278124,150.7783487495025,40.319050014817456,0.0,0.0,nothing,0.0,0
88be08509dfffff,0.0,0.0,0.0,0.0,0.0,0.0,0.0,18.0,0.0,0.0,0.0,54205.40818785304,0.0,15.0,8.0,10775.510204081633,0.0,0.0,0.0,0.0,-33.809609347061155,150.79582968404952,38.829236400061646,0.0,0.0,nothing,0.0,0
88be0850a1fffff,0.0,0.0,0.0,0.0,0.0,0.0,0.0,5.0,0.0,1.0,0.0,1429922.4878542551,1906871.221027479,47.0,11.0,0.0,1.0,0.0,0.0,0.0,-33.78061027557028,150.82231700580948,37.136059652326495,0.0,0.0,nothing,0.0,0
88be0850a3fffff,0.0,0.0,5.0,0.0,0.0,0.0,0.0,8.0,0.0,1.0,0.0,2028746.189450682,3420852.7219484267,52.0,9.0,5195.33527696793,1.0,1.0,0.0,0.0,-33.779468334501665,150.81146431307857,38.13912152838688,0.0,0.0,nothing,0.0,0
88be0850a5fffff,0.0,0.0,0.0,0.0,0.0,0.0,0.0,1.0,0.0,0.0,0.0,446235.5783795437,4604880.653361148,55.0,11.0,2116.6180758017495,2.0,0.0,0.0,0.0,-33.77335950654962,150.82893614026574,36.7701533515015,0.0,0.0,nothing,0.0,0
88be0850a7fffff,4.0,0.0,1.0,2.0,0.0,0.0,0.0,19.0,0.0,0.0,0.0,2092138.4938970092,5371040.680505774,103.0,27.0,2116.6180758017495,2.0,19.0,2.0,0.0,-33.77221819819769,150.8180841911021,37.76931668549824,0.0,0.0,nothing,0.0,0
88be0850a9fffff,0.0,1.0,0.0,0.0,0.0,0.0,0.0,2.0,0.0,0.0,0.0,459494.99400221545,46836.74074074074,14.0,12.0,0.0,0.0,0.0,0.0,0.0,-33.78900228636446,150.82655068939806,36.519754108125056,0.0,0.0,nothing,0.0,0
88be0850abfffff,0.0,0.0,0.0,0.0,0.0,0.0,0.0,2.0,0.0,0.0,0.0,3258876.0712165786,1204373.3333333333,10.0,6.0,10198.250728862971,0.0,0.0,0.0,0.0,-33.78786064464707,150.81569679304638,37.52565625216831,0.0,0.0,nothing,0.0,0
88be0850adfffff,0.0,0.0,0.0,0.0,0.0,0.0,0.0,15.0,0.0,0.0,0.0,177838.43601723068,1384837.4140625,64.0,9.0,0.0,1.0,1.0,0.0,0.0,-33.78175128450999,150.83317015824136,36.13354464609488,0.0,0.0,nothing,0.0,0
88be0850b1fffff,0.0,0.0,1.0,0.0,0.0,0.0,0.0,10.0,0.0,0.0,0.0,67095.64360230986,1923728.888888889,31.0,17.0,0.0,0.0,1.0,0.0,0.0,-33.78557456442144,150.79399038182785,39.5385239147658,0.0,0.0,nothing,0.0,0
88be0850b3fffff,0.0,0.0,0.0,0.0,0.0,0.0,0.0,22.0,0.0,0.0,0.0,11093.828968264614,12373572.555555556,13.0,9.0,0.0,0.0,1.0,0.0,0.0,-33.7844301262502,150.78313786846,40.545434121710784,0.0,0.0,nothing,0.0,0
88be0850b5fffff,0.0,0.0,1.0,0.0,0.0,0.0,0.0,4.0,0.0,0.0,0.0,762418.6608251843,4675518.113425926,23.0,11.0,7696.793002915452,0.0,0.0,0.0,0.0,-33.77832546147233,150.8006120807982,39.14268693213007,0.0,0.0,nothing,0.0,0
88be0850b7fffff,0.0,0.0,2.0,1.0,0.0,0.0,0.0,7.0,0.0,1.0,0.0,91316.71447112333,2146301.763888889,44.0,25.0,0.0,0.0,3.0,2.0,0.0,-33.77718165665075,150.78976030971762,40.14671683000791,0.0,0.0,nothing,0.0,0
88be0850b9fffff,0.0,0.0,0.0,0.0,0.0,0.0,0.0,11.0,0.0,0.0,0.0,20894.95285763049,0.0,22.0,6.0,0.0,0.0,1.0,0.0,0.0,-33.793967406007255,150.79822132259918,38.9470235417953,0.0,0.0,nothing,0.0,0
88be0850bbfffff,0.0,1.0,12.0,7.0,0.0,2.0,1.0,69.0,1.0,1.0,0.0,1371994.347644664,4112499.333333333,95.0,14.0,0.0,0.0,21.0,10.0,2.0,-33.79282326640793,150.78736760484765,39.95603688456168,0.0,0.0,nothing,0.0,0
88be0850bdfffff,0.0,0.0,0.0,0.0,0.0,0.0,0.0,6.0,0.0,0.0,0.0,49692.45758608056,1557744.875,11.0,6.0,6349.854227405248,0.0,2.0,0.0,0.0,-33.786718070609936,150.80484335693978,38.531922552198125,0.0,0.0,nothing,0.0,0
88be0850c1fffff,0.0,0.0,0.0,0.0,0.0,0.0,0.0,1.0,0.0,0.0,0.0,954679.9723443028,0.0,1.0,0.0,14046.6472303207,0.0,0.0,0.0,0.0,-33.82142921241502,150.83263540468707,35.2548365905486,0.0,0.0,nothing,0.0,0
88be0850c3fffff,0.0,0.0,0.0,0.0,0.0,0.0,0.0,0.0,0.0,0.0,0.0,470881.3226908343,0.0,16.0,0.0,8658.892128279884,0.0,0.0,0.0,0.0,-33.820287837327015,150.8217771518044,36.26767757055236,0.0,0.0,nothing,0.0,0
88be0850c5fffff,0.0,0.0,0.0,0.0,0.0,0.0,0.0,0.0,0.0,0.0,0.0,3122494.461347929,288536.5714285714,22.0,6.0,384.8396501457726,0.0,0.0,0.0,0.0,-33.814177914271575,150.8392569556644,34.78144436701483,2.0,4.0,22 kW,22.0,1
88be0850c7fffff,0.0,0.0,0.0,0.0,0.0,0.0,0.0,0.0,0.0,0.0,0.0,448370.7700836365,0.0,13.0,2.0,35212.82798833819,0.0,0.0,0.0,0.0,-33.81303717239611,150.8283994475686,35.79331349517457,0.0,0.0,nothing,0.0,0
88be0850c9fffff,0.0,0.0,0.0,0.0,0.0,0.0,0.0,0.0,0.0,0.0,0.0,0.0,0.0,0.0,0.0,2309.0379008746354,0.0,0.0,0.0,0.0,-33.829821183650935,150.836872231647,34.73738421823421,0.0,0.0,nothing,0.0,0
88be0850cbfffff,0.0,0.0,0.0,0.0,0.0,0.0,0.0,0.0,0.0,0.0,0.0,188078.8938449311,0.0,1.0,0.0,1154.5189504373177,0.0,0.0,0.0,0.0,-33.828680109045465,150.82601277420258,35.75057125470774,0.0,0.0,nothing,0.0,0
88be0850cdfffff,0.0,0.0,0.0,0.0,0.0,0.0,0.0,0.0,0.0,0.0,0.0,0.0,1879386.8571428573,0.0,0.0,6349.854227405248,0.0,0.0,0.0,0.0,-33.82256965374701,150.84349411699145,34.24199957811602,0.0,0.0,nothing,0.0,0
88be0850d1fffff,0.0,0.0,0.0,0.0,0.0,0.0,0.0,0.0,0.0,0.0,0.0,1948361.19001623,0.0,9.0,2.0,3848.396501457726,0.0,0.0,0.0,0.0,-33.826395158161795,150.80429523996398,37.776897290477194,0.0,0.0,nothing,0.0,0
88be0850d3fffff,0.0,0.0,0.0,0.0,0.0,0.0,0.0,0.0,0.0,0.0,0.0,3814523.968521456,0.0,27.0,4.0,0.0,0.0,0.0,0.0,0.0,-33.82525128222046,150.79343716467125,38.79003618013128,0.0,0.0,nothing,0.0,0
88be0850d5fffff,0.0,0.0,0.0,0.0,0.0,0.0,0.0,0.0,0.0,0.0,0.0,1945602.7840807196,0.0,13.0,1.0,6734.693877551021,0.0,0.0,0.0,0.0,-33.81914552865115,150.81091935909416,37.28052083773159,0.0,0.0,nothing,0.0,0
88be0850d7fffff,0.0,0.0,0.0,0.0,0.0,0.0,0.0,0.0,0.0,0.0,0.0,167568.1457759963,0.0,6.0,4.0,0.0,1.0,0.0,0.0,0.0,-33.81800228655579,150.80006202730686,38.29336488411563,0.0,0.0,nothing,0.0,0
88be0850d9fffff,0.0,0.0,0.0,0.0,0.0,0.0,0.0,0.0,0.0,0.0,0.0,748003.6339288098,0.0,15.0,0.0,3848.396501457726,0.0,0.0,0.0,0.0,-33.834787961378645,150.80852932224252,37.28064095152327,0.0,0.0,nothing,0.0,0
88be0850dbfffff,0.0,0.0,0.0,0.0,0.0,0.0,0.0,0.0,0.0,0.0,0.0,2879074.9782772856,0.0,16.0,0.0,0.0,0.0,0.0,0.0,0.0,-33.83364438514034,150.79767004162343,38.29354761409597,0.0,0.0,nothing,0.0,0
88be0850ddfffff,0.0,0.0,0.0,0.0,0.0,0.0,0.0,0.0,0.0,0.0,0.0,1025378.6152000844,0.0,28.0,0.0,0.0,0.0,0.0,0.0,0.0,-33.82753810049298,150.81515377672466,36.7637422971345,0.0,0.0,nothing,0.0,0
88be0850e1fffff,0.0,0.0,0.0,0.0,0.0,0.0,0.0,4.0,0.0,0.0,0.0,49179.31003936517,0.0,0.0,0.0,0.0,1.0,0.0,0.0,0.0,-33.79853463930097,150.84164080149802,34.913187145741084,0.0,0.0,nothing,0.0,0
88be0850e3fffff,0.0,0.0,0.0,0.0,0.0,0.0,0.0,0.0,0.0,0.0,0.0,966528.0357013652,0.0,4.0,0.0,0.0,0.0,0.0,0.0,0.0,-33.797394230079746,150.83078524208915,35.92127351681385,0.0,0.0,nothing,0.0,0
88be0850e5fffff,0.0,1.0,0.0,0.0,0.0,5.0,0.0,1.0,0.0,0.0,0.0,176971.6449508188,0.0,8.0,4.0,0.0,8.0,6.0,0.0,0.0,-33.791282772167555,150.84825985983733,34.50917553503956,0.0,0.0,nothing,0.0,0
88be0850e7fffff,0.0,0.0,0.0,1.0,0.0,0.0,0.0,18.0,0.0,0.0,0.0,120977.17635260404,0.0,32.0,9.0,0.0,0.0,0.0,0.0,0.0,-33.79014299559393,150.83740504524505,35.51424849328264,0.0,0.0,nothing,0.0,0
88be0850e9fffff,0.0,0.0,0.0,0.0,0.0,0.0,0.0,2.0,0.0,0.0,0.0,727119.8540597722,0.0,28.0,7.0,0.0,2.0,0.0,0.0,0.0,-33.80692621513056,150.84587742722167,34.33131933528819,0.0,0.0,nothing,0.0,0
88be0850ebfffff,0.0,0.0,0.0,0.0,0.0,0.0,0.0,0.0,0.0,0.0,0.0,1352296.7258984833,0.0,3.0,4.0,0.0,0.0,0.0,0.0,0.0,-33.80578610621563,150.83502066410412,35.34152439097725,0.0,0.0,nothing,0.0,0
88be0850edfffff,0.0,0.0,0.0,0.0,0.0,0.0,0.0,4.0,0.0,0.0,0.0,434323.0566172454,0.0,2.0,1.0,0.0,2.0,0.0,0.0,0.0,-33.79967411550742,150.85249681944603,33.9053886915716,4.0,8.0,kW,1.0,1
88be085101fffff,0.0,0.0,0.0,0.0,0.0,0.0,1.0,4.0,0.0,1.0,0.0,395374.89125412016,53468.14457831325,37.0,13.0,0.0,0.0,1.0,2.0,0.0,-33.76068655552989,150.93560122117788,28.034574257297432,0.0,0.0,nothing,0.0,0
88be085103fffff,0.0,0.0,0.0,0.0,0.0,0.0,0.0,3.0,0.0,1.0,0.0,74866.67939615056,0.0,26.0,16.0,0.0,4.0,0.0,1.0,0.0,-33.75955459940619,150.92474786464032,28.998448155152953,0.0,0.0,nothing,0.0,0
88be085105fffff,0.0,1.0,0.0,0.0,0.0,0.0,0.0,3.0,0.0,0.0,0.0,4027.272822148092,0.0,25.0,15.0,0.0,2.0,1.0,1.0,0.0,-33.75342914511739,150.94221006908276,27.844339017136136,0.0,0.0,nothing,0.0,0
88be085107fffff,0.0,0.0,0.0,0.0,0.0,0.0,0.0,1.0,0.0,0.0,0.0,0.0,0.0,18.0,9.0,0.0,0.0,0.0,0.0,0.0,-33.752297819167396,150.9313574612182,28.79671459296835,0.0,0.0,nothing,0.0,0
88be085109fffff,0.0,1.0,1.0,0.0,0.0,0.0,0.0,6.0,0.0,0.0,0.0,2091949.147703524,4829955.72690763,62.0,12.0,0.0,2.0,0.0,0.0,0.0,-33.76907522374055,150.93984585088594,27.288536107853353,0.0,0.0,nothing,0.0,0
88be08510bfffff,0.0,0.0,0.0,0.0,0.0,0.0,0.0,0.0,0.0,1.0,0.0,6420.673287259167,3677054.1673721913,14.0,16.0,0.0,0.0,0.0,0.0,0.0,-33.76794357007974,150.9289912937951,28.259744719565536,0.0,0.0,nothing,0.0,0
88be08510dfffff,0.0,0.0,1.0,0.0,0.0,0.0,0.0,1.0,0.0,0.0,0.0,85919.31407395707,0.0,19.0,17.0,0.0,0.0,0.0,0.0,0.0,-33.76181757895673,150.94645502924232,27.07429538925883,0.0,0.0,nothing,0.0,0
88be085111fffff,4.0,0.0,22.0,3.0,0.0,9.0,1.0,63.0,0.0,4.0,0.0,1476473.020178211,4584606.737430837,73.0,29.0,0.0,3.0,58.0,7.0,1.0,-33.76567746425573,150.90728353657224,30.21041473899892,0.0,0.0,nothing,0.0,0
88be085113fffff,0.0,0.0,1.0,0.0,0.0,0.0,0.0,2.0,0.0,0.0,0.0,217494.198624684,3015874.0759869763,35.0,12.0,0.0,0.0,0.0,0.0,0.0,-33.76454301242457,150.89643033794158,31.189356852738392,0.0,0.0,nothing,0.0,0
88be085115fffff,0.0,0.0,0.0,0.0,0.0,0.0,0.0,8.0,0.0,0.0,0.0,220890.95303411377,1091817.22007722,20.0,6.0,0.0,0.0,10.0,0.0,2.0,-33.758421710751335,150.9138949603803,29.96556854116894,0.0,0.0,nothing,0.0,0
88be085117fffff,0.0,0.0,2.0,1.0,0.0,0.0,0.0,1.0,0.0,0.0,0.0,2501.5080143064492,1143594.7205128204,79.0,0.0,0.0,0.0,0.0,0.0,0.0,-33.7572878897313,150.90304250914832,30.935629352826098,0.0,0.0,nothing,0.0,0
88be085119fffff,0.0,0.0,6.0,2.0,0.0,3.0,1.0,29.0,0.0,2.0,0.0,2844686.389805067,5002901.156321156,92.0,17.0,0.0,3.0,7.0,3.0,0.0,-33.77406697102156,150.9115254335298,29.50195456233336,5.0,7.0,7 kW,7.0,1
88be08511bfffff,0.0,0.0,0.0,0.0,0.0,4.0,0.0,8.0,0.0,1.0,0.0,377085.3707840885,3514162.3095634095,55.0,16.0,0.0,0.0,0.0,0.0,4.0,-33.77293282087623,150.90067103357657,30.48685917602292,6.0,10.0,"22 kW, 7 kW",14.5,1
88be08511dfffff,0.0,0.0,1.0,0.0,0.0,0.0,0.0,3.0,0.0,0.0,0.0,821145.7216897765,4310280.782100782,44.0,26.0,0.0,0.0,2.0,0.0,0.0,-33.766810983529496,150.9181371887736,29.233796472181535,0.0,0.0,nothing,0.0,0
88be085121fffff,0.0,1.0,7.0,0.0,0.0,0.0,0.0,13.0,1.0,0.0,0.0,854045.553151507,985098.2222222222,44.0,12.0,3848.396501457726,6.0,1.0,0.0,0.0,-33.73778307240657,150.94457341686137,28.496830594768653,1.0,1.0,22 kW,22.0,1
88be085123fffff,0.0,0.0,0.0,0.0,0.0,0.0,0.0,1.0,0.0,0.0,0.0,418249.6216464073,1243100.1375661376,21.0,10.0,0.0,0.0,0.0,0.0,0.0,-33.73665207409201,150.93372275756062,29.428003679138097,0.0,0.0,nothing,0.0,0
88be085125fffff,0.0,0.0,5.0,0.0,0.0,0.0,0.0,13.0,0.0,0.0,0.0,546299.1665053811,2767656.91005291,19.0,4.0,769.6793002915452,3.0,8.0,0.0,0.0,-33.73052510691618,150.9511797761037,28.399774996701684,0.0,0.0,nothing,0.0,0
88be085127fffff,1.0,0.0,2.0,0.0,0.0,0.0,0.0,1.0,0.0,0.0,0.0,428994.7677972948,8044968.814814815,64.0,15.0,3078.717201166181,4.0,0.0,0.0,0.0,-33.72939473820937,150.9403298655005,29.31648165140879,0.0,0.0,nothing,0.0,0
88be085129fffff,0.0,0.0,5.0,3.0,0.0,3.0,0.0,12.0,0.0,0.0,0.0,782588.5773955822,0.0,29.0,9.0,3463.5568513119533,9.0,5.0,1.0,0.0,-33.74617133935805,150.94881783759828,27.689759590809437,0.0,0.0,nothing,0.0,0
88be08512bfffff,0.0,0.0,0.0,0.0,0.0,0.0,0.0,1.0,0.0,0.0,0.0,0.0,0.0,10.0,5.0,0.0,0.0,0.0,0.0,0.0,-33.74504064332892,150.93796597859574,28.629306911797823,0.0,0.0,nothing,0.0,0
88be08512dfffff,1.0,0.0,1.0,0.0,1.0,0.0,0.0,2.0,0.0,0.0,0.0,610618.7132708376,0.0,32.0,14.0,6157.434402332362,2.0,2.0,0.0,0.0,-33.73891313876774,150.95542452681323,27.571436235783487,3.0,6.0,6.6 kW,6.6,1
88be085131fffff,0.0,0.0,2.0,0.0,0.0,0.0,0.0,10.0,0.0,0.0,0.0,82002.5273136572,0.0,49.0,12.0,0.0,0.0,11.0,0.0,0.0,-33.74277645499807,150.91626361492004,30.52251974784705,1.0,1.0,kW,1.0,1
88be085133fffff,0.0,0.0,0.0,0.0,0.0,0.0,0.0,6.0,0.0,0.0,0.0,20739.45789790514,0.0,14.0,9.0,0.0,0.0,0.0,0.0,0.0,-33.7416429630278,150.9054131117473,31.475332967762593,0.0,0.0,nothing,0.0,0
88be085135fffff,0.0,0.0,0.0,0.0,1.0,0.0,0.0,4.0,0.0,0.0,0.0,1068526.3738269657,0.0,42.0,14.0,0.0,0.0,1.0,0.0,0.0,-33.73552014398948,150.92287254966118,30.364422247137195,0.0,0.0,nothing,0.0,0
88be085137fffff,0.0,0.0,0.0,0.0,0.0,0.0,0.0,2.0,0.0,0.0,0.0,0.0,0.0,28.0,16.0,0.0,0.0,0.0,0.0,0.0,-33.7343872822647,150.91202279391302,31.305614027624166,0.0,0.0,nothing,0.0,0
88be085139fffff,0.0,0.0,0.0,0.0,0.0,0.0,0.0,0.0,0.0,0.0,0.0,272715.77661874343,0.0,30.0,15.0,0.0,3.0,0.0,0.0,0.0,-33.75116556087875,150.92050530508888,29.753101202478632,0.0,0.0,nothing,0.0,0
88be08513bfffff,0.0,0.0,0.0,0.0,0.0,0.0,1.0,2.0,0.0,0.0,0.0,0.0,0.0,4.0,4.0,0.0,0.0,0.0,0.0,0.0,-33.750032370417244,150.90965360144514,30.713122551417214,0.0,0.0,nothing,0.0,0
88be08513dfffff,0.0,0.0,0.0,0.0,0.0,0.0,0.0,2.0,0.0,0.0,0.0,975473.330980764,0.0,18.0,8.0,0.0,0.0,0.0,1.0,0.0,-33.743909015153726,150.9271145707862,29.573711107426963,0.0,0.0,nothing,0.0,0
88be085141fffff,0.0,0.0,0.0,0.0,0.0,0.0,0.0,2.0,0.0,0.0,0.0,48075.47106295533,0.0,10.0,6.0,1154.5189504373177,1.0,0.0,0.0,0.0,-33.77859424078533,150.95494755946217,25.584350915573616,0.0,0.0,nothing,0.0,0
88be085143fffff,0.0,0.0,0.0,0.0,0.0,0.0,0.0,9.0,0.0,0.0,0.0,757477.4562225605,3564542.9718875503,19.0,12.0,769.6793002915452,1.0,0.0,0.0,0.0,-33.77746382329868,150.94409135056324,26.55995830629252,0.0,0.0,nothing,0.0,0
88be085145fffff,0.0,0.0,0.0,0.0,0.0,0.0,0.0,3.0,0.0,0.0,0.0,0.0,0.0,20.0,12.0,4233.236151603499,0.0,0.0,0.0,0.0,-33.7713357317315,150.96155631827173,25.35596187464361,0.0,0.0,nothing,0.0,0
88be085147fffff,0.0,0.0,2.0,0.0,0.0,0.0,0.0,3.0,0.0,0.0,0.0,31538.812439276306,231695.29317269076,18.0,7.0,0.0,2.0,0.0,0.0,0.0,-33.77020594434629,150.9507008592952,26.320487220857604,0.0,0.0,nothing,0.0,0
88be085149fffff,0.0,1.0,0.0,0.0,0.0,0.0,0.0,0.0,0.0,0.0,0.0,60615.78083298368,0.0,24.0,12.0,0.0,0.0,0.0,1.0,0.0,-33.78698246777308,150.95919512996403,24.86745723660319,0.0,0.0,nothing,0.0,0
88be08514bfffff,4.0,0.0,2.0,3.0,0.0,1.0,0.0,8.0,0.0,1.0,0.0,450179.15911839105,0.0,41.0,13.0,384.8396501457726,2.0,12.0,3.0,0.0,-33.78585235370356,150.94833772043057,25.850318506064053,0.0,0.0,nothing,0.0,0
88be08514dfffff,0.0,0.0,1.0,0.0,0.0,0.0,0.0,1.0,0.0,0.0,0.0,0.0,0.0,9.0,2.0,10486.880466472305,0.0,0.0,0.0,0.0,-33.77972372469328,150.96580421871943,24.61177772929281,0.0,0.0,nothing,0.0,0
88be085151fffff,0.0,0.0,0.0,0.0,0.0,0.0,0.0,1.0,0.0,0.0,0.0,56669.35321315915,2629762.9025225327,28.0,11.0,0.0,0.0,0.0,0.0,0.0,-33.78358932441545,150.92662425481805,27.82255759215651,0.0,0.0,nothing,0.0,0
88be085153fffff,0.0,0.0,3.0,1.0,0.0,0.0,0.0,15.0,0.0,1.0,0.0,1074368.340554932,2163356.568107278,34.0,16.0,0.0,1.0,0.0,0.0,0.0,-33.78245640952815,150.91576820024184,28.81148595723431,0.0,0.0,nothing,0.0,0
88be085155fffff,1.0,0.0,0.0,2.0,0.0,3.0,0.0,22.0,0.0,0.0,0.0,4621125.067927898,6113191.196787149,66.0,10.0,0.0,13.0,10.0,4.0,0.0,-33.776332472398735,150.93323559277405,27.538275663352564,2.0,2.0,"7 kW, kW",4.0,1
88be085157fffff,0.0,0.0,1.0,0.0,0.0,0.0,0.0,6.0,0.0,0.0,0.0,1175629.8761573727,3356583.796808857,34.0,11.0,0.0,0.0,0.0,1.0,0.0,-33.775200188251084,150.9223802868459,28.51902239434064,0.0,0.0,nothing,0.0,0
88be085159fffff,0.0,0.0,2.0,1.0,0.0,0.0,0.0,2.0,0.0,0.0,0.0,78260.18510440594,1848592.811059908,21.0,14.0,1154.5189504373177,0.0,0.0,1.0,0.0,-33.791978391521866,150.93086909291108,27.145812572209156,0.0,0.0,nothing,0.0,0
88be08515bfffff,0.0,1.0,0.0,0.0,0.0,0.0,0.0,2.0,0.0,0.0,0.0,49191.53633676187,4877441.0322580645,26.0,10.0,0.0,0.0,0.0,0.0,0.0,-33.79084577927485,150.92001183692943,28.14033449006367,0.0,0.0,nothing,0.0,0
88be08515dfffff,0.0,0.0,0.0,0.0,0.0,0.0,0.0,1.0,0.0,0.0,0.0,137767.36160486974,1497108.0481927712,22.0,10.0,1539.3586005830905,0.0,1.0,0.0,0.0,-33.784721305862504,150.9374807617981,26.835432294033613,0.0,0.0,nothing,0.0,0
88be085161fffff,0.0,0.0,0.0,0.0,0.0,0.0,0.0,1.0,0.0,0.0,0.0,0.0,0.0,14.0,15.0,0.0,1.0,3.0,0.0,0.0,-33.75568899933936,150.9639166370149,25.953392919338743,0.0,0.0,nothing,0.0,0
88be085163fffff,0.0,0.0,0.0,0.0,0.0,0.0,0.0,2.0,0.0,0.0,0.0,42740.97222993429,0.0,22.0,15.0,3848.396501457726,0.0,0.0,0.0,0.0,-33.75455953856315,150.9530631279319,26.896402371013036,0.0,0.0,nothing,0.0,0
88be085165fffff,0.0,0.0,0.0,0.0,0.0,0.0,0.0,0.0,0.0,0.0,0.0,220238.4612529419,0.0,15.0,15.0,0.0,0.0,0.0,0.0,0.0,-33.7484299343167,150.9705229061805,25.82736064458711,0.0,0.0,nothing,0.0,0
88be085167fffff,0.0,0.0,0.0,0.0,0.0,0.0,0.0,4.0,0.0,0.0,0.0,292419.03436796064,0.0,9.0,9.0,0.0,0.0,3.0,0.0,0.0,-33.74730110307569,150.95967014704345,26.75558262831427,0.0,0.0,nothing,0.0,0
88be085169fffff,0.0,0.0,0.0,0.0,0.0,0.0,0.0,2.0,0.0,0.0,0.0,33024.230019369366,0.0,4.0,7.0,0.0,0.0,1.0,0.0,0.0,-33.764076827058034,150.96816399694825,25.166175107921276,0.0,0.0,nothing,0.0,0
88be08516bfffff,0.0,0.0,2.0,0.0,0.0,0.0,0.0,9.0,1.0,0.0,0.0,45915.84116066138,0.0,21.0,9.0,4040.816326530612,2.0,0.0,0.0,0.0,-33.76294766952121,150.9573092880828,26.118009950882083,0.0,0.0,nothing,0.0,0
88be08516dfffff,0.0,0.0,0.0,0.0,0.0,0.0,0.0,0.0,0.0,0.0,0.0,0.0,0.0,8.0,17.0,0.0,1.0,0.0,0.0,0.0,-33.75681752728092,150.97477059558082,25.01586981353175,0.0,0.0,nothing,0.0,0
88be085181fffff,0.0,0.0,0.0,0.0,0.0,0.0,0.0,0.0,0.0,0.0,0.0,0.0,3441829.573507351,9.0,2.0,6542.274052478134,0.0,0.0,0.0,0.0,-33.752743285326446,150.85963724950346,34.84032545343075,1.0,2.0,kW,1.0,1
88be085183fffff,0.0,0.0,0.0,0.0,0.0,0.0,0.0,0.0,0.0,0.0,0.0,42762.83160871513,2021391.0786435788,12.0,6.0,0.0,0.0,0.0,0.0,0.0,-33.75160480497783,150.848787074662,35.8216062132467,0.0,0.0,nothing,0.0,0
88be085185fffff,0.0,0.0,0.0,1.0,0.0,0.0,0.0,1.0,0.0,0.0,0.0,23088.631587617216,4722579.9004329005,20.0,0.0,3848.396501457726,0.0,0.0,0.0,0.0,-33.745490290166266,150.8662513267267,34.58345625030335,0.0,0.0,nothing,0.0,0
88be085187fffff,0.0,0.0,0.0,0.0,0.0,0.0,0.0,5.0,0.0,0.0,0.0,38341.986942551666,2799125.9217171716,15.0,10.0,0.0,0.0,4.0,0.0,0.0,-33.74435244133523,150.8554018967598,35.55736011805768,0.0,0.0,nothing,0.0,0
88be085189fffff,0.0,0.0,2.0,0.0,0.0,0.0,0.0,5.0,0.0,0.0,0.0,669178.6354423587,3422456.000079722,31.0,5.0,0.0,1.0,4.0,1.0,0.0,-33.761134063251326,150.86387347097653,34.13811031987704,0.0,0.0,nothing,0.0,0
88be08518bfffff,0.0,0.0,1.0,0.0,0.0,1.0,0.0,3.0,0.0,0.0,0.0,41565.95694519712,2835974.607121855,19.0,4.0,7696.793002915452,0.0,2.0,0.0,0.0,-33.75999588285635,150.8530220941305,35.12444285388106,0.0,0.0,nothing,0.0,0
88be08518dfffff,0.0,0.0,0.0,0.0,0.0,0.0,0.0,0.0,0.0,0.0,0.0,1870.220987326685,1666338.382902576,64.0,14.0,0.0,0.0,1.0,1.0,0.0,-33.7538808341431,150.8704878811224,33.86090887639276,0.0,0.0,nothing,0.0,0
88be085191fffff,0.0,0.0,1.0,0.0,0.0,0.0,0.0,2.0,0.0,1.0,0.0,962848.1665220064,1979572.0,75.0,11.0,1154.5189504373177,0.0,1.0,0.0,0.0,-33.757716727063816,150.83132071314972,37.10140523165878,0.0,0.0,nothing,0.0,0
88be085193fffff,0.0,0.0,0.0,0.0,0.0,0.0,0.0,2.0,0.0,0.0,0.0,100205.5316128572,509370.1935483871,105.0,17.0,1154.5189504373177,1.0,1.0,0.0,0.0,-33.75657575200146,150.82047071051366,38.09180939531855,0.0,0.0,nothing,0.0,0
88be085195fffff,0.0,0.0,0.0,0.0,11.0,0.0,0.0,14.0,0.0,0.0,0.0,315734.82922239247,1594655.2222222222,59.0,9.0,0.0,0.0,18.0,0.0,0.0,-33.75046539326455,150.83793735734736,36.80460068204089,0.0,0.0,nothing,0.0,0
88be085197fffff,0.0,0.0,1.0,0.0,0.0,0.0,0.0,15.0,0.0,0.0,0.0,317036.8619886215,54988.11111111111,44.0,8.0,0.0,0.0,0.0,0.0,0.0,-33.749325050354166,150.8270880983087,37.78917379005354,0.0,0.0,nothing,0.0,0
88be085199fffff,0.0,0.0,0.0,0.0,0.0,0.0,0.0,1.0,0.0,0.0,0.0,2087538.56392028,3955396.431423611,93.0,6.0,0.0,4.0,0.0,0.0,0.0,-33.766108338100416,150.83555419650202,36.42865168341864,0.0,0.0,nothing,0.0,0
88be08519bfffff,0.0,0.0,20.0,5.0,0.0,0.0,2.0,20.0,0.0,6.0,0.0,7059482.154737609,4688439.236391129,178.0,8.0,384.8396501457726,3.0,4.0,1.0,0.0,-33.76496766221331,150.82470299109693,37.423190202239795,1.0,1.0,7 kW,7.0,1
88be08519dfffff,0.0,0.0,0.0,0.0,0.0,0.0,0.0,2.0,0.0,0.0,0.0,0.0,2725160.12890625,53.0,4.0,1154.5189504373177,0.0,0.0,0.0,0.0,-33.758856770738035,150.84217117460508,36.11224747045722,0.0,0.0,nothing,0.0,0
88be0851a1fffff,0.0,0.0,0.0,0.0,0.0,0.0,0.0,1.0,0.0,0.0,0.0,0.0,812058.2222222222,4.0,4.0,0.0,0.0,0.0,0.0,0.0,-33.72984652246458,150.8686283074267,35.11037960888735,0.0,0.0,nothing,0.0,0
88be0851a3fffff,0.0,0.0,0.0,0.0,0.0,0.0,0.0,3.0,0.0,0.0,0.0,0.0,858322.2222222222,9.0,2.0,0.0,0.0,0.0,0.0,0.0,-33.728709005121715,150.85778082367827,36.06998158753502,0.0,0.0,nothing,0.0,0
88be0851a5fffff,0.0,0.0,0.0,0.0,0.0,0.0,1.0,0.0,0.0,0.0,0.0,1730840.2227185844,0.0,16.0,1.0,0.0,0.0,0.0,0.0,1.0,-33.72259296826744,150.87523989617029,34.92868920068412,0.0,0.0,nothing,0.0,0
88be0851a7fffff,0.0,0.0,0.0,0.0,0.0,0.0,0.0,2.0,0.0,0.0,0.0,474069.02868947,0.0,20.0,4.0,0.0,0.0,4.0,0.0,0.0,-33.721456081877086,150.8643931573247,35.87881374466391,0.0,0.0,nothing,0.0,0
88be0851a9fffff,0.0,0.0,1.0,0.0,0.0,0.0,0.0,2.0,0.0,0.0,0.0,0.0,3857276.555555555,35.0,8.0,7311.953352769679,0.0,0.0,0.0,0.0,-33.73823689789129,150.8728643258876,34.35444691490877,0.0,0.0,nothing,0.0,0
88be0851abfffff,0.0,0.0,0.0,0.0,0.0,0.0,0.0,5.0,0.0,0.0,0.0,0.0,4712837.896825396,25.0,20.0,2309.0379008746354,0.0,0.0,0.0,0.0,-33.73709968032567,150.86201564098562,35.32010206193865,0.0,0.0,nothing,0.0,0
88be0851adfffff,0.0,0.0,0.0,0.0,0.0,0.0,0.0,3.0,0.0,0.0,0.0,321358.1301660921,0.0,29.0,8.0,0.0,0.0,0.0,0.0,0.0,-33.730983109017025,150.87947624707348,34.15385832690279,0.0,0.0,nothing,0.0,0
88be0851b1fffff,0.0,0.0,0.0,0.0,0.0,0.0,0.0,3.0,0.0,0.0,0.0,133102.30199573608,1790214.9206349207,60.0,18.0,0.0,0.0,0.0,0.0,0.0,-33.734822452415834,150.8403196412536,37.25894314965489,0.0,0.0,nothing,0.0,0
88be0851b3fffff,0.0,0.0,0.0,0.0,0.0,0.0,0.0,3.0,0.0,0.0,0.0,21303.78540467247,0.0,39.0,18.0,0.0,0.0,3.0,0.0,1.0,-33.7336824424063,150.82947232792122,38.23174454864027,0.0,0.0,nothing,0.0,0
88be0851b5fffff,0.0,0.0,3.0,2.0,0.0,0.0,0.0,18.0,0.0,0.0,0.0,519819.6338964429,4205778.888888889,25.0,4.0,0.0,0.0,9.0,1.0,0.0,-33.72757055715548,150.84693379657708,37.03242342324158,0.0,0.0,nothing,0.0,0
88be0851b7fffff,0.0,0.0,0.0,0.0,0.0,0.0,0.0,0.0,0.0,0.0,0.0,0.0,2906033.8095238097,14.0,9.0,0.0,0.0,0.0,0.0,0.0,-33.726431178733144,150.83608722687185,37.99748799773679,0.0,0.0,nothing,0.0,0
88be0851b9fffff,0.0,0.0,1.0,0.0,1.0,0.0,0.0,3.0,0.0,0.0,0.0,21733.84004318679,0.0,37.0,9.0,0.0,0.0,5.0,0.0,0.0,-33.743213661330856,150.84455292377672,36.53338583852894,0.0,0.0,nothing,0.0,0
88be0851bbfffff,0.0,0.0,4.0,1.0,0.0,0.0,0.0,22.0,0.0,0.0,0.0,3348468.0073182997,0.0,61.0,14.0,0.0,0.0,1.0,15.0,0.0,-33.74207395032052,150.83370440852642,37.51136644058033,0.0,0.0,nothing,0.0,0
88be0851bdfffff,0.0,0.0,3.0,0.0,0.0,0.0,0.0,4.0,0.0,0.0,0.0,166186.9146321914,965373.3650793652,39.0,12.0,0.0,2.0,0.0,0.0,0.0,-33.73596153177811,150.85116741252466,36.288334908771986,0.0,0.0,nothing,0.0,0
88be0851c1fffff,0.0,0.0,1.0,0.0,0.0,0.0,0.0,1.0,0.0,0.0,0.0,1160558.8840282152,182857.22962962964,52.0,20.0,2693.877551020408,1.0,0.0,0.0,0.0,-33.770661722503505,150.8789635967613,32.46186117686685,0.0,0.0,nothing,0.0,0
88be0851c3fffff,0.0,0.0,1.0,0.0,0.0,0.0,0.0,6.0,0.0,0.0,0.0,216230.8648770723,2543829.5940311174,59.0,8.0,6157.434402332362,0.0,1.0,0.0,0.0,-33.7695247746094,150.86811056140002,33.451649018292535,0.0,0.0,nothing,0.0,0
88be0851c5fffff,0.0,0.0,1.0,0.0,0.0,0.0,0.0,3.0,0.0,0.0,0.0,620308.4036459111,1821539.325925926,35.0,25.0,0.0,0.0,4.0,0.0,0.0,-33.76340762820235,150.88557759363198,32.17040913663667,0.0,0.0,nothing,0.0,0
88be0851c7fffff,0.0,0.0,4.0,1.0,0.0,0.0,0.0,6.0,0.0,1.0,0.0,299529.72260074416,1279605.108910891,54.0,12.0,0.0,2.0,6.0,3.0,0.0,-33.76227131175567,150.87472530439365,33.153382768150486,0.0,0.0,nothing,0.0,0
88be0851c9fffff,0.0,0.0,0.0,0.0,0.0,0.0,0.0,1.0,0.0,1.0,0.0,4135.435497936798,0.0,21.0,14.0,1154.5189504373177,0.0,0.0,0.0,0.0,-33.77905206588606,150.88320275844643,31.787389693905084,0.0,0.0,nothing,0.0,0
88be0851cbfffff,0.0,0.0,1.0,0.0,0.0,0.0,0.0,5.0,0.0,0.0,0.0,81208.73840468585,81951.72571428571,111.0,12.0,4618.075801749271,0.0,1.0,0.0,0.0,-33.77791541890015,150.87234852099493,32.781932260476616,0.0,0.0,nothing,0.0,0
88be0851cdfffff,0.0,0.0,0.0,0.0,0.0,0.0,0.0,5.0,0.0,0.0,0.0,3828.2480605325486,1961055.0835164837,33.0,24.0,0.0,0.0,1.0,0.0,0.0,-33.771797737981366,150.88981708773693,31.473549499243425,0.0,0.0,nothing,0.0,0
88be0851d1fffff,0.0,0.0,0.0,0.0,0.0,0.0,0.0,2.0,0.0,0.0,0.0,1288102.628634886,2088688.430982143,31.0,11.0,0.0,1.0,0.0,0.0,0.0,-33.77563932727164,150.85064141531493,34.77420830168956,0.0,0.0,nothing,0.0,0
88be0851d3fffff,0.0,0.0,1.0,0.0,0.0,0.0,0.0,14.0,0.0,0.0,0.0,125772.41921919708,4611643.0390625,66.0,12.0,1346.938775510204,0.0,1.0,0.0,0.0,-33.774499882963546,150.83978854858657,35.77176126230487,2.0,2.0,22 kW,22.0,1
88be0851d5fffff,0.0,0.0,1.0,0.0,1.0,1.0,0.0,12.0,0.0,0.0,0.0,921118.0412056212,3054889.3099961425,16.0,4.0,1154.5189504373177,0.0,4.0,0.0,1.0,-33.76838689446601,150.85725798240315,34.44278431357456,2.0,4.0,kW,1.0,1
88be0851d7fffff,2.0,0.0,3.0,2.0,0.0,2.0,0.0,9.0,0.0,0.0,0.0,636211.0088859863,2977265.752074665,32.0,7.0,3463.5568513119533,5.0,11.0,4.0,0.0,-33.767248082240535,150.84640586052058,35.43515258329233,5.0,10.0,7 kW,7.0,1
88be0851d9fffff,0.0,0.0,3.0,0.0,0.0,0.0,0.0,5.0,0.0,0.0,0.0,2994815.2581514847,465416.22857142857,60.0,6.0,0.0,2.0,1.0,1.0,0.0,-33.78403050533085,150.85487783920925,34.13035391154489,4.0,8.0,"11 kW, 7 kW",9.0,1
88be0851dbfffff,0.0,0.0,0.0,0.0,0.0,0.0,0.0,2.0,0.0,0.0,0.0,0.0,242010.421875,52.0,11.0,0.0,4.0,2.0,0.0,0.0,-33.78289136115275,150.8440237696246,35.13162476898941,0.0,0.0,nothing,0.0,0
88be0851ddfffff,0.0,0.0,0.0,0.0,0.0,0.0,0.0,0.0,0.0,0.0,0.0,411985.264950504,2417983.516463932,9.0,0.0,0.0,0.0,3.0,0.0,0.0,-33.7767778393063,150.86149473970104,33.77757030730409,0.0,0.0,nothing,0.0,0
88be0851e1fffff,0.0,0.0,0.0,0.0,0.0,0.0,0.0,1.0,0.0,0.0,0.0,193900.29591436803,0.0,48.0,13.0,0.0,0.0,2.0,0.0,0.0,-33.747763193639905,150.8879515546149,32.64277948123114,0.0,0.0,nothing,0.0,0
88be0851e3fffff,0.0,0.0,4.0,0.0,0.0,0.0,0.0,5.0,0.0,0.0,0.0,114927.308671601,1203586.2936507936,76.0,17.0,0.0,0.0,0.0,0.0,0.0,-33.7466272076568,150.87710121292824,33.61186017069015,0.0,0.0,nothing,0.0,0
88be0851e5fffff,0.0,0.0,0.0,0.0,0.0,0.0,0.0,3.0,0.0,0.0,0.0,0.0,0.0,9.0,9.0,0.0,0.0,0.0,0.0,0.0,-33.740508539409,150.89456306201785,32.431796299010394,0.0,0.0,nothing,0.0,0
88be0851e7fffff,0.0,0.0,0.0,0.0,0.0,0.0,0.0,3.0,0.0,0.0,0.0,590861.2196645725,0.0,22.0,9.0,1924.198250728863,0.0,3.0,0.0,0.0,-33.73937318430799,150.88371346648145,33.391594602363575,0.0,0.0,nothing,0.0,0
88be0851e9fffff,0.0,0.0,5.0,0.0,0.0,0.0,0.0,7.0,0.0,0.0,0.0,118717.9986185318,829890.5037037038,33.0,24.0,0.0,0.0,0.0,1.0,0.0,-33.756153136512275,150.89219051169465,31.90836086794867,0.0,0.0,nothing,0.0,0
88be0851ebfffff,0.0,0.0,3.0,0.0,0.0,0.0,0.0,0.0,0.0,0.0,0.0,113988.38951697768,14065.940740740742,52.0,8.0,0.0,0.0,0.0,0.0,0.0,-33.75501745126065,150.8813389687694,32.88352457612444,0.0,0.0,nothing,0.0,0
88be0851edfffff,1.0,0.0,2.0,3.0,0.0,2.0,0.0,14.0,0.0,0.0,0.0,191449.41980271335,0.0,41.0,14.0,0.0,3.0,13.0,5.0,0.0,-33.74889824794887,150.89880235103712,31.67644661460101,1.0,2.0,6.6 kW,6.6,1
88be085201fffff,0.0,0.0,0.0,0.0,0.0,0.0,0.0,6.0,0.0,0.0,0.0,441953.38848854555,4002106.169558837,33.0,22.0,0.0,0.0,3.0,1.0,0.0,-33.87020793647145,150.9190235051222,26.85851517357444,0.0,0.0,nothing,0.0,0
88be085203fffff,0.0,0.0,1.0,2.0,0.0,0.0,0.0,12.0,0.0,0.0,0.0,3922984.4186365823,0.0,27.0,5.0,0.0,1.0,2.0,2.0,0.0,-33.86907368259681,150.90815648891888,27.863740469523723,0.0,0.0,nothing,0.0,0
88be085205fffff,0.0,0.0,0.0,0.0,0.0,0.0,0.0,2.0,0.0,0.0,0.0,0.0,5085043.345679012,9.0,7.0,0.0,1.0,0.0,0.0,0.0,-33.862951684474545,150.925642236418,26.25478358368748,0.0,0.0,nothing,0.0,0
88be085207fffff,0.0,0.0,0.0,0.0,0.0,0.0,0.0,2.0,0.0,0.0,0.0,105401.68852679477,0.0,21.0,6.0,0.0,0.0,1.0,0.0,0.0,-33.86181806296577,150.9147759700382,27.2634017072934,0.0,0.0,nothing,0.0,0
88be085209fffff,0.0,0.0,0.0,0.0,0.0,0.0,0.0,1.0,0.0,0.0,0.0,0.0,4589936.43696159,19.0,5.0,0.0,0.0,0.0,0.0,0.0,-33.87859773690073,150.92327191203412,26.485984886921138,0.0,0.0,nothing,0.0,0
88be08520bfffff,0.0,0.0,1.0,0.0,0.0,0.0,0.0,0.0,1.0,0.0,0.0,688909.3385372031,1476910.9862711097,24.0,10.0,0.0,0.0,1.0,0.0,0.0,-33.8774637871536,150.91240369178135,27.48620639509418,2.0,2.0,kW,1.0,1
88be08520dfffff,0.0,0.0,0.0,0.0,0.0,0.0,0.0,0.0,0.0,1.0,0.0,0.0,5165280.550116551,20.0,17.0,0.0,0.0,0.0,0.0,0.0,-33.87134125379232,150.92989097519688,25.85390637654747,0.0,0.0,nothing,0.0,0
88be085211fffff,0.0,1.0,0.0,0.0,0.0,0.0,0.0,3.0,0.0,1.0,0.0,452619.1458010492,0.0,29.0,16.0,0.0,0.0,0.0,1.0,0.0,-33.87519307758761,150.89066861527778,29.48928795607292,0.0,0.0,nothing,0.0,0
88be085213fffff,0.0,0.0,1.0,1.0,0.0,0.0,0.0,4.0,0.0,0.0,0.0,257390.7637379561,2255320.3333333335,23.0,7.0,0.0,2.0,0.0,1.0,0.0,-33.87405631810226,150.87980176053367,30.491971460298892,0.0,0.0,nothing,0.0,0
88be085215fffff,0.0,0.0,0.0,0.0,0.0,0.0,0.0,2.0,0.0,0.0,0.0,1332442.1749112683,0.0,20.0,8.0,0.0,0.0,0.0,0.0,0.0,-33.86793849233487,150.89728992734032,28.86951617363894,0.0,0.0,nothing,0.0,0
88be085217fffff,0.0,0.0,0.0,0.0,0.0,0.0,0.0,1.0,0.0,0.0,0.0,604491.734084745,0.0,26.0,8.0,0.0,0.0,0.0,0.0,0.0,-33.86680236585235,150.8864238211397,29.87578505514527,0.0,0.0,nothing,0.0,0
88be085219fffff,0.0,0.0,0.0,0.0,0.0,0.0,0.0,3.0,0.0,0.0,0.0,1302298.60748642,1309331.7542955326,57.0,14.0,0.0,2.0,0.0,0.0,0.0,-33.883583716640544,150.89491428102738,29.1327027826646,0.0,0.0,nothing,0.0,0
88be08521bfffff,0.0,0.0,0.0,0.0,0.0,0.0,1.0,2.0,0.0,0.0,0.0,755809.2957289575,3745046.208476518,41.0,14.0,0.0,2.0,0.0,0.0,0.0,-33.88244726050439,150.88404622146257,30.1302613500882,0.0,0.0,nothing,0.0,0
88be08521dfffff,0.0,0.0,0.0,0.0,0.0,0.0,0.0,0.0,0.0,0.0,0.0,47049.115437091416,0.0,23.0,15.0,0.0,0.0,0.0,0.0,0.0,-33.87632890066033,150.90153592594476,28.48733889883706,0.0,0.0,nothing,0.0,0
88be085221fffff,0.0,0.0,0.0,0.0,0.0,0.0,0.0,3.0,0.0,0.0,0.0,33377.347114711374,3164987.677419355,25.0,16.0,0.0,1.0,1.0,0.0,0.0,-33.84730562106445,150.92801168706637,26.138855039584215,0.0,0.0,nothing,0.0,0
88be085223fffff,0.0,0.0,0.0,0.0,0.0,0.0,0.0,0.0,0.0,0.0,0.0,603545.0890510491,1998634.5627240145,11.0,12.0,384.8396501457726,0.0,0.0,0.0,0.0,-33.8461723277187,150.91714737389475,27.151690972000427,0.0,0.0,nothing,0.0,0
88be085225fffff,0.0,0.0,0.0,0.0,0.0,0.0,0.0,1.0,0.0,0.0,0.0,322607.8696769521,2518152.4535330264,5.0,9.0,2309.0379008746354,0.0,0.0,0.0,0.0,-33.84004879982594,150.9346279231525,25.617990575249667,0.0,0.0,nothing,0.0,0
88be085227fffff,0.0,0.0,0.0,0.0,0.0,0.0,0.0,8.0,0.0,0.0,0.0,98337.66411490524,2642331.8494623657,7.0,5.0,5002.915451895044,0.0,0.0,0.0,0.0,-33.83891613827999,150.92376435982982,26.63131896107271,0.0,0.0,nothing,0.0,0
88be085229fffff,0.0,0.0,0.0,0.0,0.0,0.0,0.0,10.0,0.0,0.0,0.0,1193812.835405251,7083289.51140873,31.0,11.0,0.0,0.0,0.0,0.0,0.0,-33.855695031678785,150.9322598857575,25.676702425540643,0.0,0.0,nothing,0.0,0
88be08522bfffff,0.0,0.0,0.0,0.0,0.0,0.0,0.0,2.0,0.0,0.0,0.0,0.0,1815670.7956989247,35.0,17.0,0.0,0.0,0.0,0.0,0.0,-33.85456204228302,150.92139436939115,26.687892970584787,0.0,0.0,nothing,0.0,0
88be08522dfffff,0.0,0.0,1.0,0.0,0.0,0.0,0.0,7.0,0.0,0.0,0.0,232476.3636719018,8271031.954141065,23.0,6.0,1154.5189504373177,0.0,1.0,0.0,0.0,-33.84843797860007,150.93887645322943,25.12604287492218,0.0,0.0,nothing,0.0,0
88be085231fffff,0.0,0.0,4.0,0.0,0.0,0.0,0.0,13.0,0.0,0.0,0.0,3299353.540374471,2945074.9999999995,60.0,11.0,0.0,1.0,0.0,0.0,0.0,-33.85229325564997,150.8996646980184,28.710680459267273,0.0,0.0,nothing,0.0,0
88be085233fffff,0.0,0.0,0.0,0.0,0.0,0.0,0.0,2.0,0.0,0.0,0.0,30096.243264621517,121542.77777777777,11.0,9.0,0.0,0.0,0.0,0.0,0.0,-33.85115745874561,150.88880054451772,29.72224645101421,0.0,0.0,nothing,0.0,0
88be085235fffff,0.0,0.0,1.0,0.0,0.0,0.0,0.0,3.0,0.0,0.0,0.0,90193.30396023756,3169461.6666666665,27.0,11.0,769.6793002915452,0.0,1.0,0.0,0.0,-33.84503809872898,150.90628351446742,28.164546377268874,0.0,0.0,nothing,0.0,0
88be085237fffff,0.0,0.0,1.0,0.0,0.0,0.0,0.0,2.0,0.0,0.0,0.0,40426.53102510859,1178029.9999999998,9.0,11.0,769.6793002915452,1.0,0.0,0.0,0.0,-33.84390293426173,150.89542010953707,29.17741754977172,0.0,0.0,nothing,0.0,0
88be085239fffff,0.0,1.0,4.0,2.0,0.0,0.0,2.0,9.0,0.0,0.0,0.0,2336995.4341584477,691858.8888888888,30.0,8.0,0.0,2.0,0.0,1.0,0.0,-33.86068350526196,150.9039101577385,28.272340972146424,2.0,2.0,22 kW,22.0,1
88be08523bfffff,0.0,0.0,1.0,2.0,0.0,0.0,0.0,8.0,0.0,0.0,0.0,86066.74149310515,0.0,49.0,19.0,0.0,0.0,1.0,2.0,0.0,-33.85954801152967,150.8930448002719,29.281566510339182,0.0,0.0,nothing,0.0,0
88be08523dfffff,0.0,0.0,0.0,1.0,0.0,0.0,0.0,7.0,0.0,0.0,0.0,585808.214685123,2730037.7777777775,31.0,18.0,0.0,0.0,0.0,2.0,0.0,-33.85342811688463,150.91052930656048,27.69922451567533,0.0,0.0,nothing,0.0,0
88be085241fffff,1.0,0.0,19.0,2.0,0.0,1.0,2.0,32.0,0.0,5.0,0.0,1432839.666977583,132157.8260869565,75.0,15.0,0.0,2.0,9.0,2.0,0.0,-33.888120171802576,150.93839106889732,25.15489424121175,0.0,0.0,nothing,0.0,0
88be085243fffff,0.0,0.0,25.0,3.0,1.0,0.0,0.0,24.0,0.0,0.0,0.0,368910.0940917495,2897085.429562565,57.0,20.0,0.0,2.0,6.0,2.0,0.0,-33.8869874637526,150.92752119099575,26.14719505377075,0.0,0.0,nothing,0.0,0
88be085245fffff,0.0,0.0,1.0,0.0,0.0,0.0,0.0,2.0,0.0,0.0,0.0,0.0,0.0,26.0,8.0,0.0,0.0,1.0,0.0,0.0,-33.88086282549126,150.94500971277344,24.488729219969432,0.0,0.0,nothing,0.0,0
88be085247fffff,0.0,0.0,0.0,0.0,0.0,0.0,0.0,0.0,0.0,0.0,0.0,360866.29168820014,2954445.9353800616,10.0,7.0,0.0,0.0,0.0,0.0,0.0,-33.87973074973534,150.93414058594942,25.486783542472537,0.0,0.0,nothing,0.0,0
88be085249fffff,5.0,0.0,8.0,2.0,0.0,1.0,2.0,14.0,0.0,0.0,0.0,1011011.879334709,4041846.666666667,57.0,5.0,0.0,4.0,5.0,4.0,1.0,-33.89650951949295,150.94264242426237,24.859650910156088,2.0,2.0,4 kW,4.0,1
88be08524bfffff,8.0,1.0,43.0,3.0,0.0,0.0,0.0,49.0,0.0,2.0,0.0,842712.3099006605,1127426.4492753623,52.0,12.0,0.0,11.0,2.0,2.0,1.0,-33.895377116526014,150.9317713422288,25.84347384531089,4.0,4.0,kW,1.0,1
88be08524dfffff,0.0,0.0,0.0,0.0,0.0,0.0,0.0,1.0,0.0,3.0,0.0,102811.62686656456,0.0,26.0,11.0,0.0,0.0,0.0,0.0,0.0,-33.88925194241515,150.9492613994983,24.164325684647302,0.0,0.0,nothing,0.0,0
88be085251fffff,0.0,0.0,0.0,0.0,0.0,0.0,0.0,3.0,0.0,1.0,0.0,49471.4534690532,610188.8945981554,38.0,18.0,0.0,2.0,0.0,0.0,0.0,-33.893109497868245,150.9100305386487,27.817437237108116,0.0,0.0,nothing,0.0,0
88be085253fffff,0.0,0.0,2.0,0.0,2.0,0.0,0.0,45.0,0.0,2.0,0.0,1611013.6188838596,2247744.6884306986,60.0,21.0,0.0,0.0,17.0,2.0,0.0,-33.891974282510205,150.89916081861043,28.807141421678676,0.0,0.0,nothing,0.0,0
88be085255fffff,0.0,0.0,1.0,0.0,0.0,0.0,0.0,2.0,0.0,1.0,0.0,275723.2179172507,2431004.6385895372,40.0,18.0,0.0,0.0,0.0,0.0,0.0,-33.885853818431336,150.9166517665476,27.141036339747327,0.0,0.0,nothing,0.0,0
88be085257fffff,0.0,0.0,0.0,0.0,0.0,0.0,0.0,0.0,0.0,0.0,0.0,134141.80830017768,0.0,25.0,14.0,0.0,0.0,1.0,0.0,0.0,-33.884719236005125,150.9057827963069,28.13625313084843,0.0,0.0,nothing,0.0,0
88be085259fffff,0.0,0.0,0.0,0.0,0.0,0.0,0.0,4.0,0.0,0.0,0.0,18408.182211114487,6744839.805194804,37.0,16.0,0.0,1.0,0.0,0.0,1.0,-33.90149968574869,150.91427915319187,27.532013401560416,0.0,0.0,nothing,0.0,0
88be08525bfffff,0.0,0.0,3.0,0.0,0.0,0.0,0.0,1.0,0.0,0.0,0.0,1337399.3940535767,410403.7474747475,15.0,14.0,0.0,0.0,0.0,0.0,0.0,-33.900364774695596,150.9034082282487,28.513667645034023,0.0,0.0,nothing,0.0,0
88be08525dfffff,0.0,0.0,0.0,0.0,0.0,0.0,0.0,4.0,0.0,1.0,0.0,62812.16037013271,3162664.9433465083,26.0,11.0,0.0,3.0,0.0,0.0,0.0,-33.89424377592902,150.9209007134395,26.829480609524477,0.0,0.0,nothing,0.0,0
88be085261fffff,0.0,0.0,0.0,1.0,0.0,0.0,0.0,3.0,0.0,1.0,0.0,959729.8605368152,1345243.7297551788,29.0,15.0,0.0,1.0,1.0,0.0,0.0,-33.865216118242124,150.9473761284047,24.238679143619684,0.0,0.0,nothing,0.0,0
88be085263fffff,0.0,0.0,1.0,1.0,0.0,0.0,0.0,4.0,0.0,0.0,0.0,451460.2309986968,5742116.666666667,32.0,11.0,0.0,4.0,0.0,2.0,0.0,-33.86408436962203,150.93650895612467,25.246527021690444,0.0,0.0,nothing,0.0,0
88be085265fffff,0.0,0.0,0.0,0.0,0.0,0.0,0.0,3.0,0.0,0.0,0.0,16327.898554909349,3415185.7235991154,17.0,11.0,192.4198250728863,0.0,0.0,0.0,0.0,-33.85795820179813,150.95399227608428,23.654824879270137,0.0,0.0,nothing,0.0,0
88be085267fffff,0.0,0.0,0.0,0.0,0.0,0.0,1.0,4.0,0.0,1.0,0.0,102146.57739489128,7410699.038690476,51.0,19.0,96.20991253644316,0.0,0.0,1.0,0.0,-33.85682708490579,150.94312585490633,24.665672193914403,0.0,0.0,nothing,0.0,0
88be085269fffff,1.0,0.0,9.0,1.0,0.0,3.0,0.0,10.0,0.0,7.0,0.0,563864.2440561521,2385367.032232408,58.0,12.0,0.0,3.0,10.0,2.0,1.0,-33.873605078108056,150.9516272739461,23.846858043160942,0.0,0.0,nothing,0.0,0
88be08526bfffff,0.0,0.0,0.0,0.0,0.0,0.0,0.0,8.0,0.0,0.0,0.0,24805.669683219647,458022.6666666667,27.0,11.0,0.0,3.0,0.0,0.0,0.0,-33.872473634393195,150.94075889838945,24.849990805535693,0.0,0.0,nothing,0.0,0
88be08526dfffff,0.0,0.0,4.0,2.0,0.0,0.0,0.0,11.0,0.0,1.0,0.0,1638070.646642256,2987316.0765774543,50.0,15.0,0.0,3.0,0.0,0.0,0.0,-33.866346930169,150.95824375250447,23.23129522021533,0.0,0.0,nothing,0.0,0
88be085281fffff,0.0,0.0,0.0,0.0,0.0,0.0,0.0,0.0,0.0,0.0,0.0,0.0,0.0,0.0,0.0,3078.717201166181,0.0,0.0,0.0,0.0,-33.86224850105811,150.84296396517263,33.904884670294614,0.0,0.0,nothing,0.0,0
88be085283fffff,0.0,0.0,0.0,0.0,0.0,0.0,0.0,0.0,0.0,0.0,0.0,0.0,0.0,0.0,0.0,4040.816326530612,0.0,0.0,0.0,0.0,-33.86110769598102,150.83210014715212,34.91298432019115,0.0,0.0,nothing,0.0,0
88be085285fffff,0.0,0.0,0.0,0.0,0.0,0.0,0.0,0.0,0.0,0.0,0.0,208739.82418437945,0.0,1.0,0.0,0.0,0.0,0.0,0.0,0.0,-33.854996679654235,150.84958793379167,33.320781451103514,0.0,0.0,nothing,0.0,0
88be085287fffff,0.0,0.0,0.0,0.0,0.0,0.0,0.0,0.0,0.0,0.0,0.0,0.0,0.0,0.0,0.0,769.6793002915452,0.0,0.0,0.0,0.0,-33.85385650828545,150.8387248617801,34.33105410802971,0.0,0.0,nothing,0.0,0
88be085289fffff,0.0,0.0,0.0,0.0,0.0,0.0,0.0,0.0,0.0,0.0,0.0,0.0,160375.72508591067,0.0,0.0,3271.137026239067,0.0,0.0,0.0,0.0,-33.87064042284254,150.84720393936826,33.503754251310006,0.0,0.0,nothing,0.0,0
88be08528dfffff,0.0,0.0,0.0,0.0,0.0,0.0,0.0,1.0,0.0,0.0,0.0,0.0,0.0,0.0,0.0,384.8396501457726,0.0,0.0,0.0,0.0,-33.86338837075151,150.8538282423339,32.89708308626962,0.0,0.0,nothing,0.0,0
88be085291fffff,0.0,0.0,0.0,0.0,0.0,0.0,0.0,0.0,0.0,0.0,0.0,0.0,0.0,0.0,0.0,2501.457725947522,0.0,0.0,0.0,0.0,-33.867216105898336,150.81461024860724,36.520029168209646,0.0,0.0,nothing,0.0,0
88be085295fffff,0.0,0.0,0.0,0.0,0.0,0.0,0.0,0.0,0.0,0.0,0.0,0.0,0.0,0.0,0.0,2116.6180758017495,0.0,0.0,0.0,0.0,-33.85996595568832,150.82123678902445,35.92135554126378,0.0,0.0,nothing,0.0,0
88be085297fffff,0.0,0.0,0.0,0.0,0.0,0.0,0.0,0.0,0.0,0.0,0.0,0.0,0.0,0.0,0.0,1924.198250728863,0.0,0.0,0.0,0.0,-33.8588232803483,150.8103738915413,36.92997472062229,0.0,0.0,nothing,0.0,0
88be085299fffff,0.0,0.0,0.0,0.0,0.0,0.0,0.0,0.0,0.0,0.0,0.0,0.0,0.0,0.0,0.0,4425.655976676385,0.0,0.0,0.0,0.0,-33.87560886085429,150.8188474762564,36.133673264694984,0.0,0.0,nothing,0.0,0
88be08529bfffff,0.0,0.0,0.0,0.0,0.0,0.0,0.0,1.0,0.0,0.0,0.0,0.0,0.0,0.0,0.0,0.0,0.0,0.0,0.0,0.0,-33.87446585200685,150.8079826277774,37.13659064311166,0.0,0.0,nothing,0.0,0
88be08529dfffff,0.0,0.0,0.0,0.0,0.0,0.0,0.0,0.0,0.0,0.0,0.0,0.0,0.0,0.0,0.0,962.0991253644316,0.0,0.0,0.0,0.0,-33.868358480342444,150.8254743520066,35.51417804334802,0.0,0.0,nothing,0.0,0
88be0852a1fffff,0.0,0.0,1.0,0.0,0.0,0.0,0.0,3.0,0.0,1.0,0.0,70408.61855310242,3382622.0,22.0,8.0,1154.5189504373177,1.0,0.0,1.0,0.0,-33.83935292495381,150.8519710498321,33.22900139650664,0.0,0.0,nothing,0.0,0
88be0852a3fffff,0.0,0.0,0.0,0.0,0.0,0.0,0.0,1.0,0.0,0.0,0.0,30455.202347853556,0.0,1.0,0.0,1154.5189504373177,0.0,0.0,0.0,0.0,-33.83821308560322,150.84110992866994,34.24191049506817,0.0,0.0,nothing,0.0,0
88be0852a5fffff,0.0,0.0,0.0,0.0,0.0,0.0,0.0,0.0,0.0,0.0,0.0,0.0,1422354.349206349,0.0,2.0,1924.198250728863,0.0,0.0,0.0,0.0,-33.83210053034872,150.8585925234308,32.71096238599949,0.0,0.0,nothing,0.0,0
88be0852a7fffff,0.0,0.0,0.0,0.0,0.0,0.0,0.0,0.0,0.0,0.0,0.0,0.0,680020.0,0.0,0.0,769.6793002915452,0.0,0.0,0.0,0.0,-33.83096132414131,150.84773214830682,33.72418124328025,0.0,0.0,nothing,0.0,0
88be0852a9fffff,0.0,0.0,0.0,0.0,0.0,0.0,0.0,1.0,0.0,0.0,0.0,1750523.2880453311,3806266.111111111,0.0,0.0,0.0,4.0,5.0,0.0,0.0,-33.84774445568382,150.85621082178886,32.7574876909852,0.0,0.0,nothing,0.0,0
88be0852abfffff,0.0,0.0,0.0,0.0,0.0,0.0,0.0,0.0,0.0,0.0,0.0,0.0,599136.0,0.0,0.0,0.0,0.0,0.0,0.0,0.0,-33.846604917771224,150.84534849597762,33.76938382899118,0.0,0.0,nothing,0.0,0
88be0852adfffff,0.0,0.0,0.0,0.0,0.0,0.0,0.0,0.0,0.0,1.0,0.0,0.0,4278693.777777778,1.0,2.0,1539.3586005830905,1.0,0.0,0.0,0.0,-33.840491829662405,150.86283262925164,32.21609550895289,0.0,0.0,nothing,0.0,0
88be0852b1fffff,0.0,0.0,0.0,0.0,0.0,0.0,0.0,0.0,0.0,0.0,0.0,97128.15389996242,0.0,0.0,0.0,1539.3586005830905,0.0,0.0,0.0,0.0,-33.84432303761411,150.8236252215138,35.79335338109304,0.0,0.0,nothing,0.0,0
88be0852b3fffff,0.0,0.0,0.0,0.0,0.0,0.0,0.0,0.0,0.0,0.0,0.0,439476.03243811673,0.0,1.0,0.0,3848.396501457726,0.0,0.0,0.0,0.0,-33.843180695705755,150.81276427436427,36.80541430856853,0.0,0.0,nothing,0.0,0
88be0852b5fffff,0.0,0.0,0.0,0.0,0.0,0.0,0.0,0.0,0.0,0.0,0.0,0.0,0.0,0.0,0.0,1154.5189504373177,0.0,0.0,0.0,0.0,-33.83707231177844,150.83024926651683,35.25482110446647,0.0,0.0,nothing,0.0,0
88be0852b7fffff,0.0,0.0,0.0,0.0,0.0,0.0,0.0,0.0,0.0,0.0,0.0,0.0,0.0,0.0,0.0,384.8396501457726,0.0,0.0,0.0,0.0,-33.8359306036475,150.81938906412395,36.26773170883203,0.0,0.0,nothing,0.0,0
88be0852b9fffff,0.0,0.0,0.0,0.0,0.0,0.0,0.0,0.0,0.0,0.0,0.0,0.0,0.0,0.0,0.0,1924.198250728863,0.0,0.0,0.0,0.0,-33.852715401892176,150.8278622491159,35.34147933593318,0.0,0.0,nothing,0.0,0
88be0852bbfffff,0.0,0.0,0.0,0.0,0.0,0.0,0.0,1.0,0.0,0.0,0.0,0.0,0.0,0.0,0.0,5387.755102040816,0.0,0.0,0.0,0.0,-33.85157336064252,150.81700009655094,36.35204302633214,0.0,0.0,nothing,0.0,0
88be0852bdfffff,0.0,0.0,0.0,0.0,0.0,0.0,0.0,0.0,0.0,0.0,0.0,97128.15389996242,0.0,0.0,0.0,1154.5189504373177,0.0,0.0,0.0,0.0,-33.845464445025335,150.8344866289687,34.78134126020788,0.0,0.0,nothing,0.0,0
88be0852c1fffff,0.0,0.0,14.0,0.0,24.0,0.0,0.0,14.0,0.0,0.0,0.0,261977.63132937395,4252489.31443299,35.0,12.0,4618.075801749271,0.0,24.0,0.0,0.0,-33.880171538585735,150.86231147249023,32.12828580859852,0.0,0.0,nothing,0.0,0
88be0852c3fffff,0.0,0.0,5.0,0.0,12.0,0.0,0.0,5.0,0.0,0.0,0.0,87122.53603966368,3967152.481099656,0.0,3.0,0.0,0.0,12.0,0.0,0.0,-33.87903227313797,150.85144478458884,33.12857336347365,0.0,0.0,nothing,0.0,0
88be0852c5fffff,0.0,0.0,0.0,0.0,0.0,1.0,0.0,4.0,0.0,0.0,0.0,30334.05715181759,4281251.333333334,20.0,8.0,0.0,1.0,1.0,0.0,0.0,-33.87291862237137,150.8689353624655,31.495317698831705,0.0,0.0,nothing,0.0,0
88be0852c7fffff,0.0,0.0,0.0,0.0,0.0,0.0,0.0,2.0,0.0,0.0,0.0,142025.9761753656,1960186.5704467357,9.0,8.0,1731.778425655977,0.0,0.0,0.0,0.0,-33.87177999056228,150.85806942182614,32.49926376495915,0.0,0.0,nothing,0.0,0
88be0852c9fffff,0.0,0.0,0.0,0.0,0.0,0.0,0.0,4.0,0.0,0.0,0.0,426497.3780124649,4214709.333333333,33.0,16.0,769.6793002915452,0.0,0.0,0.0,0.0,-33.88856301432101,150.86655439454813,31.785090055364737,0.0,0.0,nothing,0.0,0
88be0852cbfffff,0.0,0.0,0.0,0.0,0.0,0.0,0.0,1.0,0.0,0.0,0.0,18775.186315278566,3912615.422680412,20.0,6.0,2886.2973760932946,0.0,0.0,0.0,0.0,-33.88742405144358,150.85568650105637,32.78023398710676,0.0,0.0,nothing,0.0,0
88be0852cdfffff,0.0,0.0,0.0,0.0,1.0,0.0,0.0,1.0,0.0,0.0,0.0,408011.10885877867,3922124.051546392,24.0,16.0,1924.198250728863,0.0,1.0,0.0,0.0,-33.8813098677637,150.8731786183658,31.128820641439763,0.0,0.0,nothing,0.0,0
88be0852d1fffff,0.0,0.0,0.0,0.0,0.0,0.0,0.0,0.0,0.0,0.0,0.0,0.0,22910.81786941581,0.0,0.0,0.0,0.0,0.0,0.0,0.0,-33.88514331647279,150.83395209038497,34.773612604785356,0.0,0.0,nothing,0.0,0
88be0852d3fffff,1.0,0.0,5.0,0.0,0.0,0.0,0.0,3.0,0.0,0.0,0.0,367834.058466144,0.0,2.0,0.0,1924.198250728863,0.0,0.0,0.0,0.0,-33.884001544715424,150.82308557471083,35.771672258634226,0.0,0.0,nothing,0.0,0
88be0852d5fffff,0.0,0.0,0.0,0.0,0.0,0.0,0.0,1.0,0.0,0.0,0.0,0.0,1122630.0756013747,9.0,0.0,0.0,0.0,0.0,0.0,0.0,-33.87789207158814,150.8405785554144,34.129609535934186,0.0,0.0,nothing,0.0,0
88be0852d7fffff,0.0,0.0,0.0,0.0,0.0,0.0,0.0,2.0,0.0,0.0,0.0,0.0,0.0,0.0,2.0,962.0991253644316,0.0,0.0,0.0,0.0,-33.87675093410419,150.8297127857195,35.1313289069191,0.0,0.0,nothing,0.0,0
88be0852dbfffff,0.0,0.0,0.0,0.0,0.0,0.0,0.0,0.0,0.0,0.0,0.0,0.0,0.0,0.0,0.0,2886.2973760932946,0.0,0.0,0.0,0.0,-33.892394156980984,150.82732454419258,35.43477348074448,0.0,0.0,nothing,0.0,0
88be0852ddfffff,0.0,0.0,0.0,0.0,0.0,0.0,0.0,1.0,0.0,0.0,0.0,276756.46220423863,3104415.821305842,21.0,6.0,0.0,0.0,0.0,0.0,0.0,-33.88628415210488,150.84481906608434,33.77643904887125,0.0,0.0,nothing,0.0,0
88be0852e1fffff,1.0,0.0,0.0,0.0,2.0,0.0,0.0,1.0,0.0,0.0,0.0,0.0,523282.6666666667,3.0,3.0,0.0,0.0,3.0,0.0,0.0,-33.857274216646886,150.8713154528495,31.30075934749219,0.0,0.0,nothing,0.0,0
88be0852e3fffff,0.0,0.0,0.0,0.0,0.0,0.0,0.0,2.0,0.0,0.0,0.0,57068.27564623561,149509.33333333334,0.0,0.0,0.0,0.0,0.0,0.0,0.0,-33.8561359158306,150.86045146439886,32.310677229789555,0.0,0.0,nothing,0.0,0
88be0852e5fffff,0.0,0.0,3.0,0.0,8.0,0.0,0.0,2.0,0.0,0.0,0.0,1444949.0416777497,2329853.777777778,25.0,9.0,0.0,3.0,9.0,0.0,0.0,-33.8500207263384,150.877936846811,30.733910021898396,0.0,0.0,nothing,0.0,0
88be0852e7fffff,0.0,0.0,6.0,0.0,6.0,0.0,0.0,3.0,0.0,0.0,0.0,194966.14436558704,4275134.555555556,0.0,1.0,0.0,2.0,8.0,0.0,0.0,-33.848883058595376,150.86707360565063,31.745660284892352,0.0,0.0,nothing,0.0,0
88be0852e9fffff,0.0,0.0,6.0,0.0,0.0,0.0,2.0,5.0,0.0,1.0,0.0,1398204.7017605724,2666511.3333333335,18.0,13.0,0.0,1.0,7.0,0.0,0.0,-33.86566530331612,150.8755581710699,30.882497310246585,0.0,0.0,nothing,0.0,0
88be0852ebfffff,0.0,0.0,2.0,0.0,0.0,0.0,0.0,4.0,0.0,0.0,0.0,44291.01627815046,2255320.3333333335,2.0,4.0,0.0,0.0,1.0,0.0,0.0,-33.86452730489339,150.8646929778838,31.889609397709847,0.0,0.0,nothing,0.0,0
88be0852edfffff,0.0,0.0,0.0,0.0,0.0,0.0,0.0,2.0,0.0,1.0,0.0,668821.9336506496,0.0,18.0,12.0,0.0,1.0,1.0,0.0,0.0,-33.85841158193565,150.8821798983913,30.291048085239847,0.0,0.0,nothing,0.0,0
88be085301fffff,1.0,1.0,0.0,0.0,0.0,0.0,0.0,11.0,0.0,0.0,0.0,122992.12055549932,4462424.260994647,28.0,20.0,0.0,0.0,0.0,0.0,0.0,-33.81940577377457,150.96533190621955,23.23520162149488,0.0,0.0,nothing,0.0,0
88be085303fffff,0.0,0.0,1.0,0.0,0.0,0.0,0.0,1.0,0.0,1.0,0.0,3679.803529870167,3839648.914885536,33.0,18.0,0.0,0.0,0.0,0.0,0.0,-33.818275941149835,150.95447014276425,24.242120121369787,0.0,0.0,nothing,0.0,0
88be085305fffff,1.0,0.0,10.0,3.0,5.0,0.0,1.0,32.0,0.0,1.0,0.0,213945.15500993663,4230961.940908219,78.0,27.0,0.0,3.0,12.0,5.0,0.0,-33.81214672702048,150.971943065688,22.85012156996271,0.0,0.0,nothing,0.0,0
88be085307fffff,0.0,0.0,4.0,0.0,0.0,1.0,0.0,6.0,0.0,0.0,0.0,2601053.822297349,5299292.171360821,54.0,12.0,0.0,2.0,1.0,0.0,0.0,-33.811017524990774,150.96108205338237,23.851724520319458,3.0,3.0,kW,1.0,1
88be085309fffff,1.0,0.0,3.0,1.0,0.0,0.0,0.0,48.0,0.0,0.0,0.0,71853.26382261893,885408.3865435057,43.0,34.0,0.0,0.0,2.0,1.0,0.0,-33.82779395090088,150.96958263035188,22.646967786399575,0.0,0.0,nothing,0.0,0
88be08530bfffff,0.0,0.0,0.0,0.0,0.0,0.0,0.0,1.0,0.0,0.0,0.0,30095.93004216187,1692548.32913458,20.0,21.0,0.0,0.0,1.0,0.0,0.0,-33.82666442282558,150.95871966532863,23.65727992149279,0.0,0.0,nothing,0.0,0
88be08530dfffff,0.0,0.0,1.0,0.0,0.0,0.0,0.0,6.0,0.0,0.0,0.0,0.0,3093695.1853542873,29.0,28.0,0.0,0.0,4.0,0.0,0.0,-33.82053467119475,150.97619411973878,22.228853725494677,0.0,0.0,nothing,0.0,0
88be085311fffff,0.0,0.0,0.0,0.0,0.0,1.0,0.0,2.0,0.0,0.0,0.0,41780.916804859655,0.0,27.0,20.0,0.0,1.0,3.0,0.0,0.0,-33.824402560647684,150.9369950878565,25.678581864876517,0.0,0.0,nothing,0.0,0
88be085313fffff,1.0,1.0,4.0,1.0,0.0,0.0,0.0,1.0,0.0,0.0,0.0,723002.1338844141,0.0,38.0,2.0,0.0,1.0,2.0,0.0,0.0,-33.82327022687624,150.926133476913,26.689516728442136,0.0,0.0,nothing,0.0,0
88be085315fffff,0.0,0.0,0.0,0.0,0.0,0.0,0.0,0.0,0.0,0.0,0.0,718350.6472719116,1158205.8333333333,20.0,16.0,0.0,0.0,0.0,0.0,0.0,-33.817145173485855,150.94360883012556,25.24953905432177,0.0,0.0,nothing,0.0,0
88be085317fffff,0.0,0.0,6.0,0.0,1.0,0.0,0.0,5.0,0.0,0.0,0.0,667912.1220458901,2796240.0709876544,51.0,11.0,0.0,0.0,2.0,0.0,0.0,-33.816013470948135,150.93274796905595,26.25739897924497,0.0,0.0,nothing,0.0,0
88be085319fffff,0.0,0.0,1.0,0.0,0.0,0.0,0.0,0.0,0.0,0.0,0.0,26144.067907509845,0.0,11.0,28.0,0.0,0.0,0.0,0.0,0.0,-33.83279157908338,150.9412430777383,25.12705234491691,0.0,0.0,nothing,0.0,0
88be08531bfffff,0.0,0.0,0.0,0.0,0.0,0.0,0.0,2.0,0.0,0.0,0.0,8416.379481355669,724137.5913978495,14.0,25.0,0.0,0.0,0.0,0.0,0.0,-33.83165954908436,150.93038026445416,26.139731314877917,0.0,0.0,nothing,0.0,0
88be08531dfffff,0.0,0.0,1.0,1.0,0.0,0.0,1.0,2.0,0.0,0.0,0.0,552539.1360357521,0.0,30.0,14.0,0.0,2.0,1.0,3.0,0.0,-33.82553395935269,150.94785715091257,24.667827853210554,0.0,0.0,nothing,0.0,0
88be085321fffff,1.0,0.0,0.0,0.0,0.0,0.0,1.0,1.0,0.0,0.0,0.0,0.0,4648182.524341926,23.0,14.0,0.0,0.0,0.0,0.0,0.0,-33.79649950086807,150.97430263127433,23.18384763259111,0.0,0.0,nothing,0.0,0
88be085323fffff,0.0,0.0,0.0,0.0,0.0,0.0,0.0,0.0,0.0,0.0,0.0,0.0,1516338.0092650016,36.0,16.0,0.0,0.0,0.0,0.0,0.0,-33.795370624808754,150.96344357102166,24.17151972817783,0.0,0.0,nothing,0.0,0
88be085325fffff,0.0,0.0,0.0,0.0,0.0,0.0,0.0,2.0,0.0,0.0,0.0,3934.6355669979175,7379764.827956449,34.0,15.0,2693.877551020408,0.0,0.0,1.0,0.0,-33.78923989393646,150.9809112987266,22.90965968827938,0.0,0.0,nothing,0.0,0
88be085327fffff,0.0,0.0,0.0,0.0,0.0,0.0,0.0,4.0,0.0,0.0,0.0,91367.51071785216,5075083.507268918,37.0,18.0,1827.98833819242,1.0,0.0,1.0,0.0,-33.78811164790573,150.97005298964666,23.887128557434863,0.0,0.0,nothing,0.0,0
88be085329fffff,0.0,0.0,2.0,2.0,1.0,0.0,0.0,8.0,0.0,0.0,0.0,385238.3032650171,3640334.562600327,37.0,14.0,0.0,1.0,2.0,2.0,1.0,-33.804887283079374,150.9785531438233,22.503939852301684,0.0,0.0,nothing,0.0,0
88be08532bfffff,1.0,0.0,8.0,5.0,0.0,0.0,0.0,19.0,0.0,1.0,0.0,753878.496174359,4462268.176036028,53.0,16.0,0.0,0.0,3.0,4.0,0.0,-33.80375871139152,150.96769288285597,23.498401786627273,0.0,0.0,nothing,0.0,0
88be08532dfffff,0.0,0.0,1.0,0.0,0.0,0.0,0.0,4.0,0.0,0.0,0.0,3453476.018555477,5763994.615087402,34.0,5.0,0.0,3.0,1.0,0.0,0.0,-33.79762744246732,150.9851621407147,22.19847708294648,0.0,0.0,nothing,0.0,0
88be085331fffff,0.0,0.0,6.0,0.0,0.0,0.0,0.0,2.0,0.0,0.0,0.0,69012.86939264613,1107612.5185185184,30.0,16.0,0.0,0.0,4.0,1.0,0.0,-33.80149876422133,150.94597371086513,25.49175012463707,0.0,0.0,nothing,0.0,0
88be085333fffff,0.0,0.0,0.0,0.0,0.0,0.0,0.0,2.0,0.0,0.0,0.0,0.0,4388114.033950618,7.0,4.0,0.0,0.0,0.0,0.0,0.0,-33.8003673890696,150.93511480134595,26.49029995562818,0.0,0.0,nothing,0.0,0
88be085335fffff,0.0,0.0,0.0,0.0,0.0,0.0,0.0,3.0,0.0,0.0,0.0,0.0,0.0,14.0,8.0,0.0,0.0,0.0,0.0,0.0,-33.79424081445441,150.95258496070892,25.161220429646423,0.0,0.0,nothing,0.0,0
88be085337fffff,0.0,0.0,0.0,0.0,0.0,0.0,0.0,3.0,0.0,0.0,0.0,83842.48088774303,0.0,8.0,9.0,0.0,1.0,4.0,0.0,0.0,-33.79311006997029,150.94172680108812,26.15271758748956,0.0,0.0,nothing,0.0,0
88be085339fffff,0.0,0.0,0.0,0.0,0.0,0.0,0.0,5.0,0.0,0.0,0.0,0.0,1190704.4047619046,23.0,16.0,0.0,0.0,5.0,0.0,0.0,-33.80988738811479,150.9502214913501,24.85426629601699,0.0,0.0,nothing,0.0,0
88be08533bfffff,0.0,0.0,0.0,0.0,0.0,0.0,0.0,6.0,0.0,0.0,0.0,51915.081023557825,4297103.37037037,13.0,6.0,0.0,0.0,1.0,0.0,0.0,-33.80875631655787,150.93936138034374,25.857635832798568,0.0,0.0,nothing,0.0,0
88be08533dfffff,3.0,0.0,3.0,0.0,0.0,1.0,0.0,16.0,0.0,0.0,0.0,572039.8475079503,926797.774114774,65.0,13.0,0.0,5.0,9.0,3.0,0.0,-33.802629205050444,150.95683307161917,24.49439916506348,0.0,0.0,nothing,0.0,0
88be085341fffff,0.0,0.0,9.0,4.0,0.0,0.0,1.0,14.0,0.0,6.0,0.0,719005.3533119365,829051.3333333333,88.0,26.0,0.0,0.0,1.0,3.0,0.0,-33.837310343175304,150.9846988423809,21.076814185664816,2.0,2.0,22 kW,22.0,1
88be085343fffff,2.0,0.0,1.0,0.0,0.0,0.0,0.0,9.0,0.0,0.0,0.0,27591.60116605924,0.0,46.0,28.0,1346.938775510204,1.0,6.0,0.0,0.0,-33.83618205586875,150.97383422600046,22.08928457037305,0.0,0.0,nothing,0.0,0
88be085345fffff,0.0,0.0,4.0,2.0,0.0,0.0,0.0,15.0,0.0,0.0,0.0,199366.964857992,1898175.5632311548,50.0,12.0,0.0,4.0,0.0,0.0,0.0,-33.83005020019801,150.99130990920793,20.62719879237278,0.0,0.0,nothing,0.0,0
88be085347fffff,0.0,1.0,3.0,1.0,0.0,0.0,0.0,7.0,0.0,1.0,0.0,940115.2151773112,1171886.847547952,36.0,19.0,0.0,0.0,0.0,1.0,0.0,-33.828922543413356,150.98044604522937,21.636926698355808,0.0,0.0,nothing,0.0,0
88be085349fffff,0.0,0.0,1.0,0.0,0.0,0.0,0.0,1.0,0.0,0.0,0.0,5959.641539298337,4004410.6666666665,31.0,21.0,0.0,0.0,0.0,0.0,0.0,-33.84569806997959,150.9889525114146,20.551119161608376,0.0,0.0,nothing,0.0,0
88be08534bfffff,0.0,0.0,0.0,0.0,0.0,0.0,0.0,2.0,0.0,0.0,0.0,8661.67412948491,1389285.3333333333,42.0,23.0,1635.5685131195337,0.0,0.0,0.0,0.0,-33.84457008817718,150.9780866933866,21.56452379204497,0.0,0.0,nothing,0.0,0
88be08534dfffff,2.0,0.0,5.0,0.0,0.0,2.0,0.0,8.0,0.0,0.0,0.0,776722.6609665386,1004021.3333333333,83.0,22.0,0.0,2.0,14.0,0.0,0.0,-33.838437694395836,150.99556390765224,20.064422206592965,0.0,0.0,nothing,0.0,0
88be085351fffff,0.0,0.0,2.0,0.0,0.0,0.0,0.0,2.0,0.0,0.0,0.0,15865.457363149564,753661.25,20.0,7.0,1346.938775510204,0.0,1.0,1.0,0.0,-33.842311315899316,150.95635640638713,23.591287687739236,0.0,0.0,nothing,0.0,0
88be085353fffff,0.0,0.0,0.0,0.0,0.0,0.0,0.0,2.0,0.0,0.0,0.0,71424.4179513572,4441218.080357143,2.0,8.0,384.8396501457726,0.0,1.0,0.0,0.0,-33.84118052575431,150.9454919389226,24.604646794360267,0.0,0.0,nothing,0.0,0
88be085355fffff,0.0,0.0,5.0,0.0,0.0,1.0,0.0,2.0,0.0,0.0,0.0,189804.90341134,0.0,22.0,17.0,769.6793002915452,0.0,8.0,0.0,0.0,-33.83505283264108,150.96297005926442,23.10182098644489,0.0,0.0,nothing,0.0,0
88be085357fffff,0.0,0.0,4.0,0.0,0.0,0.0,0.0,3.0,0.0,1.0,0.0,149560.14021313738,0.0,14.0,13.0,0.0,3.0,2.0,0.0,0.0,-33.83392267365749,150.95210634292602,24.11441312880477,0.0,0.0,nothing,0.0,0
88be085359fffff,0.0,0.0,1.0,0.0,0.0,0.0,0.0,2.0,0.0,0.0,0.0,25546.48765870308,1122553.205357143,23.0,20.0,3271.137026239067,0.0,1.0,0.0,0.0,-33.8506998855772,150.96060734151726,23.10051074976922,0.0,0.0,nothing,0.0,0
88be08535bfffff,0.0,0.0,0.0,0.0,0.0,0.0,0.0,15.0,0.0,0.0,0.0,222529.87551048884,9062318.05357143,19.0,2.0,6349.854227405248,0.0,0.0,0.0,0.0,-33.84956940015955,150.94974167163082,24.113259485928342,0.0,0.0,nothing,0.0,0
88be08535dfffff,0.0,0.0,0.0,0.0,0.0,0.0,0.0,4.0,0.0,0.0,0.0,657.6258012522318,0.0,26.0,26.0,1058.3090379008747,0.0,2.0,0.0,0.0,-33.84344117009538,150.96722132479292,22.577913328046645,0.0,0.0,nothing,0.0,0
88be085361fffff,4.0,0.0,4.0,1.0,0.0,0.0,1.0,17.0,0.0,0.0,0.0,649990.0852405659,3764903.037175786,44.0,14.0,0.0,2.0,16.0,1.0,0.0,-33.81440232588076,150.99366643810907,20.850282419061365,8.0,16.0,"22 kW, kW",11.5,1
88be085363fffff,2.0,1.0,2.0,2.0,0.0,1.0,0.0,23.0,0.0,0.0,0.0,97349.03593846882,3076624.550957953,60.0,16.0,0.0,0.0,11.0,1.0,0.0,-33.81327499403877,150.98280452751453,21.84958875286664,0.0,0.0,nothing,0.0,0
88be085365fffff,3.0,0.0,25.0,2.0,1.0,4.0,1.0,40.0,0.0,3.0,0.0,3677358.2842336623,3751522.674488871,92.0,16.0,0.0,5.0,35.0,1.0,4.0,-33.807141621835825,151.0002750119391,20.520524247371434,7.0,7.0,kW,1.0,1
88be085367fffff,4.0,0.0,21.0,1.0,0.0,3.0,0.0,25.0,0.0,0.0,0.0,3736777.46103126,3375796.037838538,81.0,10.0,0.0,5.0,34.0,4.0,2.0,-33.806014919949064,150.98941385376855,21.511228541209476,0.0,0.0,nothing,0.0,0
88be085369fffff,0.0,0.0,1.0,0.0,0.0,0.0,0.0,11.0,0.0,0.0,0.0,84517.88837596885,4042199.88641604,70.0,20.0,0.0,3.0,0.0,0.0,0.0,-33.82278965976143,150.9979198939573,20.218219987723646,0.0,0.0,nothing,0.0,0
88be08536bfffff,2.0,0.0,0.0,1.0,0.0,0.0,0.0,11.0,0.0,1.0,0.0,3059.963807657622,3107136.584345136,39.0,14.0,0.0,0.0,2.0,1.0,0.0,-33.82166263324532,150.98705678256906,21.223159861294683,0.0,0.0,nothing,0.0,0
88be08536dfffff,22.0,1.0,166.0,24.0,1.0,29.0,5.0,275.0,0.0,4.0,0.0,825058.5905689298,3534151.7028404344,269.0,37.0,0.0,46.0,110.0,22.0,17.0,-33.815528722381764,151.00452879671874,19.852390179666195,9.0,10.0,"22 kW, kW",11.5,1
88be085401fffff,0.0,0.0,0.0,0.0,0.0,0.0,0.0,0.0,0.0,0.0,0.0,0.0,0.0,12.0,2.0,0.0,0.0,0.0,0.0,0.0,-33.84619218684758,150.69091263658564,48.03637648160551,0.0,0.0,nothing,0.0,0
88be085407fffff,0.0,0.0,0.0,0.0,0.0,1.0,0.0,0.0,0.0,0.0,0.0,0.0,0.0,1.0,0.0,1058.3090379008747,0.0,1.0,0.0,0.0,-33.83779600836126,150.68669042685718,48.486070900737104,0.0,0.0,nothing,0.0,0
88be085409fffff,0.0,0.0,0.0,0.0,0.0,0.0,0.0,0.0,0.0,0.0,0.0,0.0,817551.6666666667,3.0,0.0,0.0,0.0,0.0,0.0,0.0,-33.854588298520845,150.6951357150422,47.60386004273333,0.0,0.0,nothing,0.0,0
88be085411fffff,0.0,0.0,0.0,0.0,0.0,0.0,0.0,0.0,0.0,0.0,0.0,0.0,661039.5555555556,0.0,0.0,0.0,0.0,0.0,0.0,0.0,-33.85112474074253,150.66256156773787,50.63096043203146,0.0,0.0,nothing,0.0,0
88be085413fffff,0.0,0.0,0.0,0.0,0.0,0.0,0.0,0.0,0.0,0.0,0.0,0.0,1069512.1111111112,0.0,3.0,0.0,0.0,0.0,0.0,0.0,-33.849968355542984,150.65170446102928,51.64026902238151,0.0,0.0,nothing,0.0,0
88be085417fffff,0.0,0.0,0.0,0.0,0.0,0.0,0.0,0.0,0.0,0.0,0.0,0.0,255685.11111111112,0.0,0.0,0.0,0.0,0.0,0.0,0.0,-33.84272774041117,150.65834211499492,51.06788233403097,0.0,0.0,nothing,0.0,0
88be085419fffff,0.0,0.0,0.0,0.0,0.0,0.0,0.0,0.0,0.0,0.0,0.0,0.0,40535.444444444445,0.0,0.0,0.0,0.0,0.0,0.0,0.0,-33.85952167465502,150.66678188898226,50.21054896748445,0.0,0.0,nothing,0.0,0
88be08541bfffff,0.0,0.0,0.0,0.0,0.0,0.0,0.0,0.0,0.0,0.0,0.0,0.0,894897.888888889,0.0,0.0,0.0,0.0,0.0,0.0,0.0,-33.85836558525267,150.65592357314824,51.218157818553074,0.0,0.0,nothing,0.0,0
88be085421fffff,0.0,0.0,0.0,0.0,0.0,0.0,0.0,0.0,0.0,0.0,0.0,20348.475206589857,0.0,0.0,0.0,0.0,0.0,0.0,0.0,0.0,-33.82331019828358,150.69995739666254,47.409439831910994,0.0,0.0,nothing,0.0,0
88be085423fffff,0.0,0.0,0.0,0.0,0.0,0.0,0.0,0.0,0.0,0.0,0.0,280034.49966744205,0.0,11.0,2.0,1154.5189504373177,0.0,0.0,0.0,0.0,-33.822157291667615,150.68910276992452,48.422274143193,0.0,0.0,nothing,0.0,0
88be085427fffff,0.0,0.0,0.0,0.0,0.0,0.0,0.0,3.0,0.0,0.0,0.0,457986.89835922304,0.0,10.0,2.0,384.8396501457726,0.0,0.0,0.0,0.0,-33.81491441421369,150.6957353768507,47.90755267409947,0.0,0.0,nothing,0.0,0
88be08542bfffff,0.0,0.0,0.0,0.0,0.0,0.0,0.0,0.0,0.0,0.0,0.0,5738.728203158596,0.0,0.0,0.0,0.0,0.0,0.0,0.0,0.0,-33.83055330623411,150.6933244505812,47.940116124462016,0.0,0.0,nothing,0.0,0
88be08543dfffff,0.0,0.0,0.0,0.0,0.0,0.0,0.0,0.0,0.0,0.0,0.0,0.0,0.0,8.0,2.0,1539.3586005830905,0.0,0.0,0.0,0.0,-33.82939976356216,150.6824690856347,48.952469210255956,0.0,0.0,nothing,0.0,0
88be085441fffff,0.0,0.0,0.0,0.0,0.0,0.0,0.0,0.0,0.0,0.0,0.0,0.0,646983.3333333334,0.0,0.0,2886.2973760932946,0.0,0.0,0.0,0.0,-33.86413669839089,150.71021985976108,46.18228400485488,0.0,0.0,nothing,0.0,0
88be085443fffff,0.0,0.0,0.0,0.0,0.0,0.0,0.0,1.0,0.0,0.0,0.0,0.0,2017411.6666666667,16.0,2.0,0.0,0.0,0.0,0.0,0.0,-33.862984342880694,150.69935966244913,47.18899463171981,0.0,0.0,nothing,0.0,0
88be085445fffff,0.0,0.0,0.0,0.0,0.0,0.0,0.0,0.0,0.0,0.0,0.0,88086.46892670986,0.0,0.0,0.0,0.0,0.0,0.0,0.0,0.0,-33.85689267047571,150.7168541617337,45.58658394935112,0.0,0.0,nothing,0.0,0
88be085447fffff,0.0,0.0,0.0,0.0,0.0,0.0,0.0,0.0,0.0,0.0,0.0,0.0,588166.6666666667,0.0,0.0,1924.198250728863,0.0,0.0,0.0,0.0,-33.855740951268736,150.70599470403883,46.595135306510656,0.0,0.0,nothing,0.0,0
88be085449fffff,0.0,0.0,0.0,0.0,0.0,0.0,0.0,0.0,0.0,0.0,0.0,95913.06427439826,0.0,0.0,0.0,962.0991253644316,0.0,0.0,0.0,0.0,-33.87253237740102,150.71444588480531,45.78798858370427,0.0,0.0,nothing,0.0,0
88be08544bfffff,0.0,0.0,0.0,0.0,0.0,0.0,0.0,4.0,0.0,0.0,0.0,0.0,946948.3333333334,0.0,0.0,0.0,0.0,0.0,0.0,0.0,-33.871380319426784,150.70358447902876,46.792250445255185,0.0,0.0,nothing,0.0,0
88be08544dfffff,0.0,0.0,0.0,0.0,0.0,0.0,0.0,1.0,0.0,0.0,0.0,158738.04523097895,0.0,0.0,0.0,0.0,0.0,0.0,0.0,0.0,-33.86528812000016,150.72108052556806,45.17583882192341,0.0,0.0,nothing,0.0,0
88be085455fffff,0.0,0.0,0.0,0.0,0.0,0.0,0.0,0.0,0.0,0.0,0.0,0.0,1176333.3333333335,0.0,0.0,0.0,0.0,0.0,0.0,0.0,-33.86183105364052,150.68849993438218,48.195952974490304,0.0,0.0,nothing,0.0,0
88be085459fffff,0.0,0.0,1.0,0.0,2.0,0.0,0.0,3.0,0.0,0.0,0.0,196989.1867780168,0.0,5.0,2.0,0.0,1.0,3.0,0.0,0.0,-33.87746990419931,150.68608634348868,48.41822042140931,0.0,0.0,nothing,0.0,0
88be08545dfffff,0.0,0.0,0.0,0.0,0.0,0.0,0.0,1.0,0.0,0.0,0.0,0.0,1223386.6666666667,0.0,0.0,0.0,0.0,0.0,0.0,0.0,-33.870227327362485,150.69272354229406,47.796865717040085,0.0,0.0,nothing,0.0,0
88be085461fffff,0.0,0.0,0.0,0.0,0.0,0.0,0.0,0.0,0.0,0.0,0.0,0.0,0.0,0.0,0.0,1924.198250728863,0.0,0.0,0.0,0.0,-33.84125294871365,150.71926155186216,45.45163763498625,0.0,0.0,nothing,0.0,0
88be085469fffff,0.0,0.0,0.0,0.0,0.0,0.0,0.0,0.0,0.0,0.0,0.0,0.0,0.0,0.0,0.0,962.0991253644316,0.0,0.0,0.0,0.0,-33.84964823619613,150.72348738503172,45.00571720826253,0.0,0.0,nothing,0.0,0
88be08546bfffff,0.0,0.0,0.0,0.0,0.0,0.0,0.0,0.0,0.0,0.0,0.0,0.0,0.0,0.0,0.0,1924.198250728863,0.0,0.0,0.0,0.0,-33.848497153041436,150.71262866714812,46.01583065769197,0.0,0.0,nothing,0.0,0
88be08546dfffff,0.0,0.0,0.0,0.0,0.0,0.0,0.0,0.0,0.0,0.0,0.0,0.0,0.0,0.0,0.0,962.0991253644316,0.0,0.0,0.0,0.0,-33.84240339606705,150.73011952974048,44.440265865196345,0.0,0.0,nothing,0.0,0
88be08548dfffff,0.0,0.0,0.0,0.0,0.0,0.0,0.0,1.0,0.0,0.0,0.0,64927.54662298116,0.0,0.0,0.0,0.0,0.0,0.0,0.0,0.0,-33.839254901517165,150.62577584048316,54.10006582228992,0.0,0.0,nothing,0.0,0
88be085491fffff,0.0,0.0,0.0,0.0,0.0,0.0,0.0,1.0,0.0,0.0,0.0,7183.36060207327,0.0,0.0,0.0,0.0,0.0,0.0,0.0,0.0,-33.8430104640187,150.58657176831625,57.698438721759544,0.0,0.0,nothing,0.0,0
88be085493fffff,0.0,0.0,0.0,0.0,0.0,0.0,0.0,5.0,0.0,0.0,0.0,14366.72120414654,0.0,0.0,0.0,0.0,0.0,0.0,0.0,0.0,-33.84184755365517,150.57571798443706,58.70845822787926,0.0,0.0,nothing,0.0,0
88be0854a1fffff,0.0,0.0,0.0,0.0,0.0,0.0,0.0,3.0,0.0,0.0,0.0,0.0,0.0,0.0,0.0,0.0,0.0,0.0,0.0,0.0,-33.81522028384935,150.62398489538845,54.49904558433316,0.0,0.0,nothing,0.0,0
88be0854a5fffff,0.0,0.0,0.0,0.0,0.0,0.0,0.0,2.0,0.0,0.0,0.0,0.0,0.0,0.0,0.0,0.0,0.0,0.0,0.0,0.0,-33.807981225187575,150.6306219212607,53.98515084409577,0.0,0.0,nothing,0.0,0
88be0854abfffff,0.0,0.0,0.0,0.0,0.0,0.0,0.0,2.0,0.0,0.0,0.0,0.0,0.0,0.0,0.0,0.0,1.0,0.0,0.0,0.0,-33.82245893544931,150.61734679332267,55.02671818242221,0.0,0.0,nothing,0.0,0
88be0854adfffff,0.0,0.0,0.0,0.0,0.0,0.0,0.0,0.0,0.0,0.0,0.0,0.0,0.0,0.0,0.0,384.8396501457726,0.0,0.0,0.0,0.0,-33.8163787804991,150.6348366938451,53.486280097760414,0.0,0.0,nothing,0.0,0
88be0854b1fffff,0.0,0.0,0.0,0.0,0.0,0.0,0.0,1.0,0.0,0.0,0.0,0.0,0.0,0.0,0.0,0.0,0.0,0.0,0.0,0.0,-33.8201378741756,150.5956431509317,57.05148691905061,0.0,0.0,nothing,0.0,0
88be0854c1fffff,0.0,0.0,0.0,0.0,0.0,0.0,0.0,0.0,0.0,0.0,0.0,0.0,551459.3333333334,0.0,0.0,0.0,0.0,0.0,0.0,0.0,-33.8560506074879,150.6342083589583,53.23393336068083,0.0,0.0,nothing,0.0,0
88be0854c3fffff,0.0,0.0,0.0,0.0,0.0,0.0,0.0,0.0,0.0,0.0,0.0,0.0,0.0,0.0,0.0,1154.5189504373177,0.0,0.0,0.0,0.0,-33.85489171946982,150.6233514621001,54.24207733475058,0.0,0.0,nothing,0.0,0
88be0854c5fffff,0.0,0.0,0.0,0.0,0.0,0.0,0.0,0.0,0.0,0.0,0.0,0.0,218267.77777777775,0.0,0.0,0.0,0.0,0.0,0.0,0.0,-33.84881103765969,150.64084782676548,52.64970029607422,0.0,0.0,nothing,0.0,0
88be0854c7fffff,0.0,0.0,0.0,0.0,0.0,0.0,0.0,0.0,0.0,0.0,0.0,0.0,0.0,0.0,0.0,769.6793002915452,0.0,0.0,0.0,0.0,-33.84765278726474,150.62999166569523,53.6592463254994,0.0,0.0,nothing,0.0,0
88be0854c9fffff,0.0,0.0,2.0,0.0,0.0,0.0,0.0,6.0,0.0,0.0,0.0,31803.504619761276,1360795.3333333335,3.0,5.0,0.0,1.0,1.0,1.0,0.0,-33.86444836168647,150.63842592049485,52.82450211577414,0.0,0.0,nothing,0.0,0
88be0854cbfffff,0.0,0.0,0.0,0.0,0.0,0.0,0.0,0.0,0.0,0.0,0.0,0.0,793466.6666666667,0.0,2.0,384.8396501457726,0.0,0.0,0.0,0.0,-33.86328976868274,150.62756781375623,53.8308152015325,0.0,0.0,nothing,0.0,0
88be0854cdfffff,0.0,0.0,0.0,0.0,0.0,0.0,0.0,0.0,0.0,0.0,0.0,0.0,1007883.1111111112,0.0,1.0,0.0,0.0,0.0,0.0,0.0,-33.85720856280628,150.64506572955727,52.22595654762716,0.0,0.0,nothing,0.0,0
88be0854ddfffff,0.0,0.0,0.0,0.0,0.0,0.0,0.0,3.0,0.0,0.0,0.0,47798.505253905394,0.0,0.0,0.0,0.0,0.0,0.0,0.0,0.0,-33.86213024279135,150.61671018130596,54.83735429208292,0.0,0.0,nothing,0.0,0
88be0854e3fffff,0.0,0.0,0.0,0.0,0.0,0.0,0.0,0.0,0.0,0.0,0.0,0.0,0.0,0.0,0.0,1154.5189504373177,0.0,0.0,0.0,0.0,-33.83201579039903,150.6324146255636,53.544279886699016,0.0,0.0,nothing,0.0,0
88be0854e5fffff,0.0,0.0,0.0,0.0,0.0,0.0,0.0,0.0,0.0,0.0,0.0,0.0,0.0,0.0,2.0,0.0,0.0,0.0,0.0,0.0,-33.825933542492784,150.64990581412425,51.98957411167902,0.0,0.0,nothing,0.0,0
88be0854e7fffff,0.0,0.0,0.0,0.0,0.0,0.0,0.0,0.0,0.0,0.0,0.0,0.0,0.0,0.0,0.0,769.6793002915452,0.0,0.0,0.0,0.0,-33.82477627169052,150.63905233389195,53.00195280534154,0.0,0.0,nothing,0.0,0
88be0854e9fffff,0.0,0.0,2.0,0.0,0.0,0.0,0.0,3.0,0.0,0.0,0.0,29761.24501245032,124724.44444444444,5.0,6.0,0.0,1.0,1.0,1.0,0.0,-33.84157105971261,150.6474862172618,52.078542090314464,0.0,0.0,nothing,0.0,0
88be0854ebfffff,0.0,0.0,0.0,0.0,0.0,0.0,0.0,0.0,0.0,0.0,0.0,0.0,0.0,0.0,0.0,769.6793002915452,0.0,0.0,0.0,0.0,-33.84041344669055,150.63663079217503,53.08927155459211,0.0,0.0,nothing,0.0,0
88be0854edfffff,0.0,0.0,0.0,0.0,0.0,0.0,0.0,0.0,0.0,0.0,0.0,19490.334611208957,0.0,3.0,2.0,0.0,0.0,1.0,0.0,0.0,-33.834330674161194,150.65412353053114,51.52089397456335,0.0,0.0,nothing,0.0,0
88be085501fffff,0.0,0.0,0.0,0.0,0.0,0.0,0.0,0.0,0.0,0.0,0.0,27887.05134693934,0.0,0.0,0.0,0.0,0.0,0.0,0.0,0.0,-33.79548315192815,150.7373305447999,44.43876487615686,0.0,0.0,nothing,0.0,0
88be085505fffff,0.0,0.0,0.0,0.0,0.0,0.0,0.0,1.0,0.0,0.0,0.0,0.0,0.0,0.0,0.0,0.0,0.0,0.0,0.0,0.0,-33.78823738797049,150.7439573642186,43.993814622976345,0.0,0.0,nothing,0.0,0
88be085507fffff,0.0,0.0,0.0,0.0,0.0,0.0,0.0,2.0,0.0,0.0,0.0,0.0,0.0,0.0,0.0,0.0,0.0,0.0,0.0,0.0,-33.78708858919788,150.73310596540057,45.00362637521968,0.0,0.0,nothing,0.0,0
88be085509fffff,0.0,0.0,0.0,0.0,0.0,0.0,0.0,0.0,0.0,0.0,0.0,0.0,0.0,0.0,0.0,2886.2973760932946,0.0,0.0,0.0,0.0,-33.80387764926087,150.74155599241598,43.889871522597005,0.0,0.0,nothing,0.0,0
88be08550bfffff,0.0,0.0,0.0,0.0,0.0,0.0,0.0,0.0,0.0,0.0,0.0,0.0,0.0,0.0,0.0,2886.2973760932946,0.0,0.0,0.0,0.0,-33.80272851288759,150.73070264797013,44.902079507477566,0.0,0.0,nothing,0.0,0
88be085511fffff,0.0,0.0,1.0,0.0,0.0,0.0,0.0,2.0,0.0,0.0,0.0,8778.123813683731,0.0,0.0,0.0,3848.396501457726,1.0,0.0,0.0,0.0,-33.800427444686704,150.70899735895142,46.926553572149025,0.0,0.0,nothing,0.0,0
88be085513fffff,0.0,0.0,0.0,0.0,0.0,0.0,0.0,5.0,0.0,0.0,0.0,0.0,0.0,2.0,1.0,4618.075801749271,1.0,0.0,0.0,0.0,-33.799275513199824,150.69814541587576,47.93881500251192,0.0,0.0,nothing,0.0,0
88be085515fffff,0.0,0.0,0.0,0.0,0.0,0.0,0.0,0.0,0.0,0.0,0.0,0.0,0.0,0.0,2.0,0.0,0.0,0.0,0.0,0.0,-33.7931833536432,150.71562673429557,46.46129961144188,0.0,0.0,nothing,0.0,0
88be085517fffff,0.0,0.0,0.0,0.0,0.0,0.0,0.0,1.0,0.0,0.0,0.0,543767.7754426154,0.0,17.0,2.0,577.2594752186588,0.0,0.0,0.0,0.0,-33.79203205739815,150.70477552965897,47.47265436404137,0.0,0.0,nothing,0.0,0
88be08551dfffff,0.0,0.0,0.0,0.0,0.0,0.0,0.0,0.0,0.0,0.0,0.0,0.0,0.0,0.0,0.0,2886.2973760932946,0.0,0.0,0.0,0.0,-33.80157844463946,150.71984976989904,45.91430766565411,0.0,0.0,nothing,0.0,0
88be085521fffff,0.0,0.0,0.0,0.0,0.0,0.0,0.0,1.0,0.0,0.0,0.0,378369.32897766144,272992.6265060241,26.0,17.0,0.0,0.0,0.0,0.0,0.0,-33.772597122818745,150.7463578523723,44.16682429413871,0.0,0.0,nothing,0.0,0
88be085523fffff,0.0,0.0,1.0,0.0,0.0,1.0,0.0,5.0,0.0,0.0,0.0,2541299.480031156,0.0,80.0,9.0,0.0,1.0,11.0,15.0,1.0,-33.771448661570545,150.73550839852328,45.172709306516765,1.0,2.0,22 kW,22.0,1
88be085525fffff,1.0,0.0,0.0,0.0,0.0,0.0,0.0,11.0,0.0,0.0,0.0,297993.5166467596,2909116.8165997323,22.0,8.0,0.0,0.0,0.0,0.0,1.0,-33.76535078681489,150.7529821803729,43.777467534091755,0.0,0.0,nothing,0.0,0
88be085527fffff,0.0,0.0,0.0,0.0,0.0,1.0,0.0,3.0,0.0,0.0,0.0,1929594.295599098,0.0,48.0,3.0,0.0,1.0,5.0,0.0,0.0,-33.764202959615154,150.74213346628147,44.7806177237202,0.0,0.0,nothing,0.0,0
88be085529fffff,0.0,0.0,0.0,0.0,0.0,0.0,0.0,9.0,0.0,0.0,0.0,162299.36430198245,988365.777777778,57.0,7.0,0.0,0.0,0.0,0.0,0.0,-33.78099122152956,150.75058310631167,43.56779181914917,0.0,0.0,nothing,0.0,0
88be08552bfffff,0.0,0.0,0.0,0.0,0.0,0.0,0.0,10.0,0.0,0.0,0.0,53480.310694848755,0.0,15.0,2.0,0.0,0.0,0.0,0.0,0.0,-33.77984305711804,150.73973244741,44.575721579900375,0.0,0.0,nothing,0.0,0
88be08552dfffff,0.0,0.0,0.0,0.0,0.0,0.0,0.0,3.0,0.0,0.0,0.0,164259.8578386575,4500356.92133535,8.0,3.0,2915.451895043732,0.0,0.0,0.0,0.0,-33.773744653120325,150.75720777116464,43.16125734808625,0.0,0.0,nothing,0.0,0
88be085531fffff,0.0,0.0,0.0,0.0,1.0,0.0,0.0,13.0,0.0,0.0,0.0,323992.06559858733,0.0,15.0,4.0,0.0,0.0,1.0,0.0,0.0,-33.77754393505623,150.71803252681903,46.59219727181484,0.0,0.0,nothing,0.0,0
88be085533fffff,0.0,0.0,1.0,3.0,0.0,1.0,0.0,3.0,0.0,0.0,0.0,216886.18729552536,0.0,32.0,15.0,962.0991253644316,0.0,2.0,1.0,1.0,-33.776392977746106,150.70718326662592,47.60071489329317,0.0,0.0,nothing,0.0,0
88be085535fffff,0.0,0.0,0.0,0.0,0.0,0.0,1.0,23.0,0.0,0.0,0.0,1405720.6596412784,0.0,60.0,14.0,0.0,1.0,17.0,3.0,0.0,-33.77029926954556,150.72465941036572,46.17889046732902,0.0,0.0,nothing,0.0,0
88be085537fffff,0.0,0.0,0.0,0.0,0.0,0.0,0.0,2.0,0.0,0.0,0.0,118838.37607773513,59122.28803051979,23.0,17.0,0.0,0.0,2.0,0.0,0.0,-33.76914894691382,150.71381088864752,47.18534771800507,0.0,0.0,nothing,0.0,0
88be085539fffff,0.0,0.0,0.0,0.0,0.0,0.0,0.0,3.0,0.0,0.0,0.0,20411.31546063332,0.0,2.0,3.0,0.0,0.0,0.0,0.0,0.0,-33.785938859099446,150.72225503261552,46.01356344201671,0.0,0.0,nothing,0.0,0
88be08553bfffff,0.0,0.0,1.0,0.0,0.0,0.0,0.0,26.0,0.0,1.0,0.0,911403.7718821674,0.0,16.0,3.0,481.04956268221576,0.0,0.0,0.0,0.0,-33.78478819784536,150.71140456661178,47.02361663193281,0.0,0.0,nothing,0.0,0
88be08553dfffff,0.0,0.0,2.0,0.0,0.0,0.0,0.0,4.0,0.0,1.0,0.0,156999.17706052682,0.0,24.0,3.0,0.0,1.0,4.0,0.0,0.0,-33.77869396157027,150.7288822539964,45.58386165661952,0.0,0.0,nothing,0.0,0
88be085541fffff,0.0,0.0,0.0,0.0,0.0,0.0,0.0,0.0,0.0,0.0,0.0,0.0,0.0,0.0,0.0,6268.221574344023,0.0,0.0,0.0,0.0,-33.813419987354926,150.75663732439162,42.344723582584834,0.0,0.0,nothing,0.0,0
88be085543fffff,0.0,0.0,0.0,0.0,0.0,0.0,0.0,0.0,0.0,0.0,0.0,307119.4053598729,0.0,0.0,0.0,962.0991253644316,0.0,0.0,0.0,0.0,-33.812272080695706,150.74578230847055,43.357553557745106,0.0,0.0,nothing,0.0,0
88be085545fffff,0.0,0.0,0.0,0.0,1.0,0.0,0.0,0.0,0.0,0.0,0.0,582509.1225768456,0.0,0.0,0.0,5335.276967930029,0.0,2.0,0.0,0.0,-33.80617312570292,150.76326407743636,41.86552692063087,0.0,0.0,nothing,0.0,0
88be085547fffff,0.0,0.0,0.0,0.0,0.0,0.0,0.0,0.0,0.0,0.0,0.0,0.0,0.0,0.0,0.0,2886.2973760932946,0.0,0.0,0.0,0.0,-33.805025853589235,150.75240980248776,42.87768636016973,0.0,0.0,nothing,0.0,0
88be085549fffff,0.0,0.0,0.0,0.0,0.0,0.0,0.0,6.0,1.0,0.0,0.0,0.0,0.0,0.0,0.0,2915.451895043732,0.0,0.0,0.0,0.0,-33.821814054424344,150.76086571510396,41.829355686604984,0.0,0.0,nothing,0.0,0
88be08554bfffff,0.0,0.0,0.0,0.0,0.0,0.0,0.0,0.0,0.0,0.0,0.0,0.0,0.0,0.0,0.0,1924.198250728863,0.0,0.0,0.0,0.0,-33.82066644573237,150.75000949318533,42.84242962269859,0.0,0.0,nothing,0.0,0
88be08554dfffff,0.0,0.0,0.0,0.0,0.0,0.0,0.0,0.0,0.0,0.0,0.0,0.0,0.0,0.0,0.0,8688.046647230321,0.0,0.0,0.0,0.0,-33.81456696143994,150.7674928049855,41.33188876159005,0.0,0.0,nothing,0.0,0
88be085561fffff,0.0,0.0,0.0,0.0,0.0,0.0,0.0,2.0,0.0,0.0,0.0,64813.46286634639,9088853.0,5.0,4.0,0.0,0.0,0.0,0.0,0.0,-33.790532190858876,150.76566155695943,41.97460822035936,0.0,0.0,nothing,0.0,0
88be085563fffff,0.0,0.0,0.0,0.0,0.0,0.0,0.0,0.0,0.0,0.0,0.0,0.0,3494579.0000000005,0.0,0.0,2915.451895043732,0.0,0.0,0.0,0.0,-33.78938525524739,150.75480922832114,42.984138234636994,0.0,0.0,nothing,0.0,0
88be085565fffff,0.0,0.0,2.0,0.0,0.0,0.0,0.0,31.0,0.0,0.0,0.0,703707.536274048,12238199.333333334,21.0,8.0,0.0,1.0,0.0,3.0,0.0,-33.78328475626505,150.77228581758538,41.552629483947605,0.0,0.0,nothing,0.0,0
88be085567fffff,0.0,0.0,0.0,0.0,0.0,0.0,0.0,2.0,0.0,0.0,0.0,288980.6328956225,11892366.092448449,3.0,1.0,4373.1778425655975,0.0,0.0,0.0,0.0,-33.782138454635074,150.761434229953,42.56008854394559,0.0,0.0,nothing,0.0,0
88be085569fffff,0.0,0.0,0.0,0.0,0.0,0.0,0.0,3.0,0.0,0.0,0.0,20163.54776717822,0.0,7.0,6.0,0.0,0.0,0.0,0.0,0.0,-33.7989258612914,150.7698897524054,41.40548271864277,0.0,0.0,nothing,0.0,0
88be08556bfffff,0.0,0.0,0.0,0.0,0.0,0.0,0.0,0.0,0.0,0.0,0.0,0.0,35298.77777777778,0.0,0.0,2915.451895043732,0.0,0.0,0.0,0.0,-33.797779223471956,150.75903621862216,42.41649919441792,0.0,0.0,nothing,0.0,0
88be08556dfffff,0.0,0.0,4.0,2.0,0.0,0.0,0.0,23.0,0.0,0.0,0.0,178368.788822104,9799090.888888888,31.0,10.0,0.0,0.0,1.0,1.0,0.0,-33.79167819463546,150.77651434938463,40.965236669123385,0.0,0.0,nothing,0.0,0
88be085581fffff,0.0,0.0,0.0,0.0,0.0,0.0,0.0,0.0,0.0,0.0,0.0,0.0,0.0,9.0,10.0,6542.274052478134,0.0,0.0,0.0,0.0,-33.787417562382785,150.66137539933845,51.51855190533716,0.0,0.0,nothing,0.0,0
88be085583fffff,0.0,0.0,0.0,0.0,0.0,0.0,0.0,0.0,0.0,0.0,0.0,0.0,0.0,0.0,2.0,10198.250728862971,0.0,0.0,0.0,0.0,-33.786261611975696,150.65052654255325,52.53012702374645,0.0,0.0,nothing,0.0,0
88be085585fffff,0.0,0.0,0.0,0.0,0.0,1.0,0.0,1.0,0.0,0.0,0.0,52751.411031355296,7262584.921658986,22.0,16.0,0.0,0.0,1.0,0.0,0.0,-33.78017624468333,150.6680073853685,51.06483208150604,0.0,0.0,nothing,0.0,0
88be085587fffff,0.0,0.0,0.0,0.0,0.0,0.0,0.0,1.0,0.0,0.0,0.0,0.0,1075530.387096774,1.0,0.0,1154.5189504373177,0.0,0.0,0.0,0.0,-33.77902093021111,150.65715926448866,52.07535232401819,0.0,0.0,nothing,0.0,0
88be085589fffff,0.0,0.0,0.0,0.0,0.0,0.0,0.0,0.0,0.0,0.0,0.0,0.0,0.0,2.0,5.0,3271.137026239067,0.0,0.0,0.0,0.0,-33.79581413124264,150.6655924013622,50.97567278229221,0.0,0.0,nothing,0.0,0
88be08558bfffff,0.0,0.0,0.0,0.0,0.0,0.0,0.0,0.0,0.0,0.0,0.0,0.0,0.0,0.0,2.0,3078.717201166181,2.0,0.0,0.0,0.0,-33.794658475328625,150.65474233725513,51.987977399293285,0.0,0.0,nothing,0.0,0
88be08558dfffff,0.0,0.0,7.0,1.0,0.0,1.0,0.0,19.0,0.0,0.0,0.0,1267423.80248687,56904.0,52.0,14.0,1443.1486880466473,4.0,7.0,1.0,0.0,-33.788572582299906,150.6722247271891,50.50701359887027,0.0,0.0,nothing,0.0,0
88be085595fffff,0.0,0.0,0.0,0.0,0.0,0.0,0.0,3.0,0.0,0.0,0.0,7618.836389285407,0.0,0.0,0.0,0.0,0.0,0.0,0.0,0.0,-33.785104731250314,150.63967815758073,53.54173586157353,0.0,0.0,nothing,0.0,0
88be085597fffff,0.0,0.0,0.0,0.0,0.0,0.0,0.0,5.0,0.0,0.0,0.0,0.0,0.0,0.0,0.0,0.0,0.0,0.0,0.0,0.0,-33.78394692037857,150.62883024516788,54.5533755518699,0.0,0.0,nothing,0.0,0
88be08559dfffff,0.0,0.0,0.0,0.0,0.0,0.0,0.0,0.0,0.0,0.0,0.0,0.0,0.0,0.0,0.0,769.6793002915452,0.0,0.0,0.0,0.0,-33.793501888736294,150.6438927447594,53.000288781599735,0.0,0.0,nothing,0.0,0
88be0855a1fffff,0.0,0.0,2.0,0.0,0.0,1.0,0.0,16.0,0.0,0.0,0.0,234369.8749132741,6746482.61751152,3.0,0.0,1154.5189504373177,0.0,11.0,0.0,0.0,-33.76453835372809,150.67042148111992,51.21359135241911,0.0,0.0,nothing,0.0,0
88be0855a3fffff,5.0,0.0,11.0,0.0,0.0,0.0,0.0,9.0,0.0,0.0,0.0,573127.8764596086,3598903.594470046,10.0,4.0,0.0,0.0,1.0,0.0,0.0,-33.76338338062112,150.65957530281042,52.221180972938626,0.0,0.0,nothing,0.0,0
88be0855a5fffff,0.0,0.0,0.0,0.0,0.0,0.0,13.0,64.0,0.0,0.0,0.0,856386.7909903743,294487.3184079602,3.0,2.0,1154.5189504373177,0.0,1.0,0.0,0.0,-33.757296460038766,150.67705097598403,50.80741636713349,0.0,0.0,nothing,0.0,0
88be0855a7fffff,0.0,0.0,5.0,0.0,0.0,0.0,0.0,9.0,0.0,0.0,0.0,19951.454952113618,448166.6666666667,7.0,3.0,0.0,1.0,1.0,0.0,0.0,-33.7561421223038,150.66620553361804,51.81298538346417,0.0,0.0,nothing,0.0,0
88be0855a9fffff,1.0,0.0,6.0,2.0,0.0,0.0,0.0,73.0,0.0,1.0,0.0,3013334.198121377,9337069.99078341,69.0,4.0,0.0,9.0,7.0,2.0,0.0,-33.77293452274484,150.6746382954294,50.62724055875374,3.0,5.0,22 kW,22.0,1
88be0855abfffff,0.0,0.0,0.0,0.0,0.0,0.0,0.0,9.0,0.0,0.0,0.0,580411.293299277,8972503.769585254,13.0,7.0,1154.5189504373177,1.0,1.0,1.0,0.0,-33.77177984395706,150.6637909106495,51.63637160001277,0.0,0.0,nothing,0.0,0
88be0855adfffff,0.0,0.0,5.0,0.0,0.0,0.0,0.0,43.0,0.0,0.0,0.0,1570661.425701845,1859743.6313364056,33.0,7.0,0.0,0.0,2.0,0.0,0.0,-33.76569239708191,150.6812681296054,50.20619942309389,1.0,1.0,kW,1.0,1
88be0855b1fffff,0.0,0.0,0.0,0.0,0.0,0.0,0.0,4.0,0.0,0.0,0.0,65565.14139734244,0.0,0.0,4.0,3848.396501457726,0.0,1.0,0.0,0.0,-33.769467696728185,150.64209755400054,53.65501247382388,0.0,0.0,nothing,0.0,0
88be0855b3fffff,0.0,0.0,0.0,0.0,0.0,0.0,0.0,1.0,0.0,1.0,0.0,49307.35680488464,0.0,32.0,1.0,0.0,3.0,1.0,1.0,0.0,-33.76831022863044,150.63125158362493,54.66450634399074,0.0,0.0,nothing,0.0,0
88be0855b5fffff,0.0,0.0,0.0,0.0,0.0,0.0,0.0,12.0,0.0,0.0,0.0,860609.9293270172,627433.3333333334,12.0,1.0,0.0,0.0,0.0,1.0,0.0,-33.7622274779324,150.64872959542365,53.22895604815669,0.0,0.0,nothing,0.0,0
88be0855b7fffff,0.0,0.0,0.0,0.0,0.0,0.0,0.0,7.0,0.0,0.0,0.0,356361.45857536496,0.0,1.0,1.0,4810.495626822158,0.0,1.0,0.0,0.0,-33.76107064583355,150.6378843597061,54.2369052452825,0.0,0.0,nothing,0.0,0
88be0855b9fffff,1.0,0.0,0.0,0.0,0.0,0.0,0.0,1.0,0.0,0.0,0.0,35813.4980035516,0.0,1.0,1.0,1924.198250728863,0.0,3.0,0.0,0.0,-33.77786468560888,150.64631161487569,53.08594721412353,0.0,0.0,nothing,0.0,0
88be0855bbfffff,0.0,0.0,0.0,0.0,0.0,0.0,0.0,3.0,0.0,0.0,0.0,130990.6775906072,0.0,7.0,0.0,0.0,0.0,1.0,1.0,0.0,-33.776707511048386,150.6354644372765,54.09661157068111,0.0,0.0,nothing,0.0,0
88be0855bdfffff,0.0,0.0,1.0,0.0,0.0,0.0,0.0,1.0,0.0,0.0,0.0,7856.53618946126,1115369.585253456,2.0,0.0,0.0,0.0,0.0,0.0,0.0,-33.77062423522766,150.65294399659095,52.64563166665642,0.0,0.0,nothing,0.0,0
88be0855c1fffff,0.0,1.0,3.0,0.0,0.0,0.0,0.0,18.0,0.0,0.0,0.0,81892.09964902789,0.0,49.0,6.0,0.0,0.0,2.0,0.0,0.0,-33.805365066203734,150.68066201302244,49.434389101715,0.0,0.0,nothing,0.0,0
88be0855c3fffff,1.0,0.0,0.0,0.0,0.0,0.0,0.0,2.0,0.0,0.0,0.0,0.0,0.0,7.0,0.0,0.0,0.0,2.0,0.0,0.0,-33.80421063629063,150.66981027078174,50.44716507977242,0.0,0.0,nothing,0.0,0
88be0855c5fffff,0.0,0.0,2.0,0.0,6.0,0.0,0.0,3.0,0.0,0.0,0.0,35862.27268209524,0.0,44.0,19.0,3655.97667638484,2.0,8.0,0.0,0.0,-33.79812265034953,150.68729394142028,48.95108991210154,0.0,0.0,nothing,0.0,0
88be0855c7fffff,0.0,0.0,0.0,0.0,2.0,0.0,0.0,2.0,0.0,0.0,0.0,55465.61542424332,0.0,17.0,14.0,3367.3469387755104,0.0,2.0,0.0,0.0,-33.796968856306734,150.67644293633316,49.963376417858264,0.0,0.0,nothing,0.0,0
88be0855c9fffff,0.0,0.0,0.0,0.0,0.0,0.0,0.0,0.0,0.0,0.0,0.0,0.0,0.0,0.0,0.0,962.0991253644316,0.0,0.0,0.0,0.0,-33.81376121149074,150.68488195747892,48.9205275910593,0.0,0.0,nothing,0.0,0
88be0855cbfffff,0.0,0.0,0.0,0.0,0.0,0.0,0.0,0.0,0.0,0.0,0.0,0.0,0.0,1.0,0.0,0.0,0.0,0.0,0.0,0.0,-33.812607077026655,150.67402900781903,49.93348582175789,0.0,0.0,nothing,0.0,0
88be0855cdfffff,0.0,0.0,0.0,0.0,0.0,3.0,0.0,0.0,0.0,0.0,0.0,23166.332372631427,0.0,69.0,6.0,1154.5189504373177,0.0,4.0,0.0,0.0,-33.8065185647356,150.6915142251773,48.42160363656877,0.0,0.0,nothing,0.0,0
88be0855d1fffff,0.0,0.0,0.0,0.0,0.0,0.0,0.0,0.0,0.0,0.0,0.0,0.0,0.0,0.0,2.0,0.0,0.0,0.0,0.0,0.0,-33.81029601356031,150.6523245206278,51.959352016614936,0.0,0.0,nothing,0.0,0
88be0855d3fffff,0.0,0.0,0.0,0.0,0.0,0.0,0.0,0.0,0.0,0.0,0.0,0.0,0.0,0.0,0.0,769.6793002915452,0.0,0.0,0.0,0.0,-33.8091390849013,150.64147298459238,52.97225987713199,0.0,0.0,nothing,0.0,0
88be0855d5fffff,0.0,0.0,0.0,0.0,0.0,0.0,0.0,0.0,0.0,0.0,0.0,0.0,0.0,0.0,1.0,0.0,1.0,0.0,0.0,0.0,-33.80305527516764,150.65895899920315,51.459931092079714,0.0,0.0,nothing,0.0,0
88be0855d7fffff,0.0,0.0,0.0,0.0,0.0,0.0,0.0,0.0,0.0,0.0,0.0,0.0,0.0,0.0,0.0,384.8396501457726,0.0,0.0,0.0,0.0,-33.801898983006296,150.64810819903445,52.472686693030155,0.0,0.0,nothing,0.0,0
88be0855e1fffff,0.0,0.0,0.0,0.0,0.0,0.0,0.0,9.0,0.0,0.0,0.0,184692.40934776745,0.0,8.0,5.0,0.0,0.0,0.0,0.0,0.0,-33.78248408255194,150.68970503794026,49.0440383763297,0.0,0.0,nothing,0.0,0
88be0855e3fffff,0.0,0.0,0.0,0.0,0.0,1.0,0.0,5.0,0.0,0.0,0.0,81487.85191657874,5964060.580645162,22.0,8.0,0.0,0.0,1.0,0.0,0.0,-33.781330628854036,150.67885597676812,50.05439208171516,0.0,0.0,nothing,0.0,0
88be0855e5fffff,0.0,0.0,3.0,0.0,0.0,0.0,0.0,12.0,0.0,0.0,0.0,587299.3052850004,0.0,36.0,10.0,0.0,0.0,3.0,1.0,0.0,-33.77524108981037,150.69633447416493,48.609402105531245,0.0,0.0,nothing,0.0,0
88be0855e7fffff,0.0,0.0,0.0,0.0,0.0,0.0,0.0,1.0,0.0,0.0,0.0,241365.17117138056,3158172.0,16.0,12.0,0.0,0.0,0.0,0.0,0.0,-33.77408827141964,150.6854861501836,49.618247496642425,0.0,0.0,nothing,0.0,0
88be0855e9fffff,0.0,0.0,0.0,0.0,1.0,0.0,0.0,2.0,0.0,0.0,0.0,187010.1570860399,0.0,15.0,5.0,481.04956268221576,0.0,1.0,0.0,0.0,-33.7908798299787,150.69392479309704,48.484061060740046,0.0,0.0,nothing,0.0,0
88be0855ebfffff,0.0,0.0,0.0,0.0,4.0,0.0,1.0,12.0,0.0,0.0,0.0,29576.98074606673,0.0,20.0,9.0,1154.5189504373177,0.0,4.0,0.0,0.0,-33.78972667155563,150.68307452535785,49.495515445460946,0.0,0.0,nothing,0.0,0
88be0855edfffff,0.0,0.0,0.0,0.0,0.0,0.0,0.0,3.0,0.0,0.0,0.0,0.0,0.0,13.0,8.0,865.8892128279883,0.0,0.0,0.0,0.0,-33.783636605605984,150.70055456813736,48.033777521505606,0.0,0.0,nothing,0.0,0
88be085603fffff,0.0,0.0,0.0,0.0,0.0,0.0,0.0,0.0,0.0,0.0,0.0,97023.26832038692,0.0,0.0,0.0,0.0,0.0,0.0,0.0,0.0,-33.903811737086635,150.70962666862212,46.3864280723922,0.0,0.0,nothing,0.0,0
88be085605fffff,0.0,0.0,0.0,0.0,0.0,0.0,0.0,1.0,0.0,0.0,0.0,0.0,0.0,0.0,0.0,0.0,0.0,0.0,0.0,0.0,-33.89771900075475,150.7271291780931,44.72123774039799,0.0,0.0,nothing,0.0,0
88be085611fffff,0.0,0.0,0.0,0.0,0.0,0.0,0.0,0.0,0.0,0.0,0.0,0.0,0.0,8.0,1.0,0.0,0.0,0.0,0.0,0.0,-33.9099018553157,150.6921220674356,48.057917173259725,0.0,0.0,nothing,0.0,0
88be085613fffff,0.0,0.0,0.0,0.0,0.0,0.0,0.0,0.0,0.0,0.0,0.0,0.0,0.0,0.0,0.0,2886.2973760932946,0.0,0.0,0.0,0.0,-33.908747546959674,150.681256493701,49.04718190734988,0.0,0.0,nothing,0.0,0
88be085615fffff,0.0,0.0,0.0,0.0,0.0,0.0,0.0,0.0,0.0,0.0,0.0,623521.4392209792,0.0,0.0,0.0,0.0,0.0,0.0,0.0,0.0,-33.90265900134929,150.6987613647015,47.378104741118065,0.0,0.0,nothing,0.0,0
88be085617fffff,0.0,0.0,0.0,0.0,0.0,0.0,0.0,0.0,0.0,0.0,0.0,1714683.9578576928,0.0,0.0,0.0,6734.693877551021,0.0,0.0,0.0,0.0,-33.90150533042353,150.68789653051087,48.37065011118883,0.0,0.0,nothing,0.0,0
88be08561dfffff,0.0,0.0,0.0,0.0,0.0,0.0,0.0,0.0,0.0,0.0,0.0,0.0,0.0,10.0,1.0,0.0,0.0,0.0,0.0,0.0,-33.911055228294344,150.70298811144792,47.06964614071463,0.0,0.0,nothing,0.0,0
88be085625fffff,0.0,0.0,0.0,0.0,0.0,0.0,0.0,0.0,0.0,0.0,0.0,207987.95502678416,0.0,0.0,0.0,0.0,0.0,0.0,0.0,0.0,-33.874833690396194,150.73617010048264,43.78062716818475,0.0,0.0,nothing,0.0,0
88be085627fffff,0.0,0.0,0.0,0.0,0.0,0.0,0.0,1.0,0.0,0.0,0.0,0.0,0.0,0.0,0.0,0.0,0.0,0.0,0.0,0.0,-33.873683501114364,150.72530775887344,44.784105083009266,0.0,0.0,nothing,0.0,0
88be085629fffff,0.0,0.0,0.0,0.0,0.0,0.0,0.0,0.0,0.0,0.0,0.0,221786.87802100228,0.0,0.0,0.0,0.0,0.0,0.0,0.0,0.0,-33.8904740561101,150.7337648347866,44.0596785238832,0.0,0.0,nothing,0.0,0
88be08562bfffff,0.0,0.0,0.0,0.0,0.0,0.0,0.0,2.0,0.0,0.0,0.0,8806595.484264249,0.0,0.0,0.0,0.0,0.0,0.0,0.0,0.0,-33.889323529083455,150.7229005437489,45.05699399909099,0.0,0.0,nothing,0.0,0
88be08562dfffff,0.0,0.0,0.0,0.0,0.0,0.0,0.0,0.0,0.0,0.0,0.0,512400.2961668591,0.0,0.0,0.0,0.0,0.0,0.0,0.0,0.0,-33.883228704045536,150.74039941168775,43.41158990794827,0.0,0.0,nothing,0.0,0
88be085631fffff,0.0,0.0,0.0,0.0,0.0,0.0,0.0,0.0,0.0,0.0,0.0,227237.09555219527,0.0,1.0,0.0,11545.189504373178,0.0,0.0,0.0,0.0,-33.8870196702582,150.70117336607706,47.05359427827612,0.0,0.0,nothing,0.0,0
88be085633fffff,0.0,0.0,1.0,2.0,0.0,0.0,0.0,4.0,0.0,0.0,0.0,36400.10346721095,0.0,12.0,2.0,6734.693877551021,0.0,0.0,2.0,0.0,-33.885866338801286,150.69031048094448,48.052795069674026,0.0,0.0,nothing,0.0,0
88be085635fffff,0.0,0.0,0.0,0.0,0.0,0.0,0.0,0.0,0.0,0.0,0.0,0.0,0.0,0.0,0.0,6734.693877551021,0.0,0.0,0.0,0.0,-33.87977622765866,150.70781016500337,46.414092889916745,0.0,0.0,nothing,0.0,0
88be085637fffff,0.0,0.0,0.0,0.0,0.0,0.0,0.0,1.0,0.0,0.0,0.0,3124.554613949913,0.0,11.0,0.0,0.0,0.0,3.0,0.0,0.0,-33.87862353306852,150.69694801945155,47.41593228378072,0.0,0.0,nothing,0.0,0
88be08563bfffff,0.0,0.0,0.0,0.0,0.0,0.0,0.0,0.0,0.0,0.0,0.0,0.0,0.0,0.0,0.0,3848.396501457726,0.0,0.0,0.0,0.0,-33.89426270468476,150.6945354879412,47.70595356710059,0.0,0.0,nothing,0.0,0
88be08563dfffff,0.0,0.0,0.0,0.0,0.0,0.0,0.0,0.0,0.0,0.0,0.0,5979654.512399874,0.0,0.0,0.0,0.0,0.0,0.0,0.0,0.0,-33.88817206707591,150.71203672059542,46.05498052131021,0.0,0.0,nothing,0.0,0
88be085649fffff,0.0,0.0,0.0,0.0,0.0,0.0,0.0,0.0,0.0,0.0,0.0,0.0,0.0,0.0,1.0,0.0,0.0,0.0,0.0,0.0,-33.93130018129363,150.7440524198111,43.586880287380694,0.0,0.0,nothing,0.0,0
88be08564bfffff,0.0,0.0,0.0,0.0,0.0,0.0,0.0,0.0,0.0,0.0,0.0,0.0,0.0,10.0,1.0,0.0,0.0,0.0,0.0,0.0,-33.930150214424145,150.7331825506048,44.560385675662715,0.0,0.0,nothing,0.0,0
88be085655fffff,0.0,0.0,0.0,0.0,0.0,0.0,0.0,0.0,0.0,0.0,0.0,0.0,0.0,20.0,3.0,0.0,0.0,0.0,0.0,0.0,-33.920603523843695,150.71808345170976,45.798698807936994,0.0,0.0,nothing,0.0,0
88be085657fffff,0.0,0.0,0.0,0.0,0.0,0.0,0.0,0.0,0.0,0.0,0.0,0.0,0.0,5.0,1.0,0.0,0.0,0.0,0.0,0.0,-33.91945138501941,150.70721572840316,46.78096201078036,0.0,0.0,nothing,0.0,0
88be08565dfffff,0.0,0.0,0.0,0.0,0.0,0.0,0.0,0.0,0.0,0.0,0.0,0.0,0.0,4.0,1.0,0.0,0.0,0.0,0.0,0.0,-33.92899931094401,150.7223131490137,45.53560224264358,0.0,0.0,nothing,0.0,0
88be085689fffff,0.0,0.0,0.0,0.0,0.0,0.0,0.0,1.0,0.0,0.0,0.0,0.0,0.0,0.0,0.0,0.0,0.0,0.0,0.0,0.0,-33.905279011343204,150.64866260167187,52.02036092594685,0.0,0.0,nothing,0.0,0
88be085691fffff,0.0,0.0,0.0,0.0,0.0,0.0,0.0,0.0,0.0,0.0,0.0,0.0,0.0,0.0,2.0,0.0,0.0,0.0,0.0,0.0,-33.901802063517025,150.6160729691641,55.00057749612828,0.0,0.0,nothing,0.0,0
88be085693fffff,0.0,0.0,0.0,0.0,0.0,0.0,0.0,1.0,0.0,0.0,0.0,0.0,0.0,0.0,8.0,0.0,0.0,0.0,0.0,0.0,-33.900641212333355,150.60521070838865,55.995348292522706,0.0,0.0,nothing,0.0,0
88be085695fffff,0.0,0.0,0.0,0.0,0.0,0.0,0.0,1.0,0.0,0.0,0.0,0.0,0.0,0.0,0.0,0.0,1.0,0.0,0.0,0.0,-33.89456367552141,150.6227174317299,54.341441862908376,0.0,0.0,nothing,0.0,0
88be085697fffff,0.0,0.0,0.0,0.0,0.0,0.0,0.0,0.0,0.0,0.0,0.0,0.0,0.0,0.0,3.0,0.0,0.0,0.0,0.0,0.0,-33.89340346308609,150.6118559066617,55.338779269922526,0.0,0.0,nothing,0.0,0
88be08569bfffff,0.0,0.0,0.0,0.0,0.0,0.0,0.0,0.0,0.0,0.0,0.0,0.0,0.0,0.0,3.0,0.0,0.0,0.0,0.0,0.0,-33.90904004029278,150.6094274283086,55.670269273080535,0.0,0.0,nothing,0.0,0
88be0856a3fffff,0.0,0.0,0.0,0.0,0.0,0.0,0.0,0.0,0.0,0.0,0.0,11328.128823049054,638740.6666666667,0.0,6.0,0.0,0.0,0.0,0.0,0.0,-33.87284604936024,150.6426443505273,52.431325286704656,0.0,0.0,nothing,0.0,0
88be0856a7fffff,0.0,0.0,0.0,0.0,0.0,0.0,0.0,0.0,0.0,0.0,0.0,0.0,492532.6666666667,0.0,0.0,0.0,0.0,0.0,0.0,0.0,-33.8656060216301,150.6492845007728,51.81842924535839,0.0,0.0,nothing,0.0,0
88be0856abfffff,0.0,0.0,0.0,0.0,0.0,0.0,0.0,0.0,0.0,0.0,0.0,0.0,0.0,0.0,1.0,0.0,0.0,0.0,0.0,0.0,-33.881243670008956,150.6468636492783,52.05477182902968,0.0,0.0,nothing,0.0,0
88be0856b3fffff,0.0,0.0,0.0,0.0,0.0,0.0,0.0,0.0,0.0,0.0,0.0,0.0,0.0,0.0,2.0,1924.198250728863,0.0,0.0,0.0,0.0,-33.8777668631144,150.61428349083243,55.06086962219436,0.0,0.0,nothing,0.0,0
88be0856b5fffff,0.0,0.0,0.0,0.0,0.0,0.0,0.0,0.0,0.0,0.0,0.0,0.0,825205.3333333334,0.0,0.0,0.0,0.0,0.0,0.0,0.0,-33.87168775166905,150.6317850337579,53.435473269658026,0.0,0.0,nothing,0.0,0
88be0856b7fffff,0.0,0.0,0.0,0.0,0.0,0.0,0.0,0.0,0.0,0.0,0.0,0.0,0.0,0.0,2.0,769.6793002915452,1.0,0.0,0.0,0.0,-33.87052852072973,150.62092619107554,54.43992940067166,0.0,0.0,nothing,0.0,0
88be0856bbfffff,0.0,0.0,0.0,0.0,0.0,0.0,0.0,0.0,0.0,0.0,0.0,0.0,0.0,0.0,2.0,0.0,0.0,0.0,0.0,0.0,-33.88616530288333,150.61850002692512,54.693016727729635,0.0,0.0,nothing,0.0,0
88be0856c1fffff,0.0,0.0,0.0,0.0,0.0,0.0,0.0,1.0,0.0,0.0,0.0,0.0,0.0,0.0,0.0,0.0,0.0,0.0,0.0,0.0,-33.91483347234677,150.66374953592,50.72196461521204,0.0,0.0,nothing,0.0,0
88be0856c9fffff,0.0,0.0,0.0,0.0,0.0,0.0,0.0,0.0,0.0,0.0,0.0,0.0,0.0,0.0,0.0,1924.198250728863,0.0,0.0,0.0,0.0,-33.92323075036503,150.66797318160357,50.433836192192224,0.0,0.0,nothing,0.0,0
88be0856cdfffff,0.0,0.0,0.0,0.0,0.0,0.0,0.0,0.0,0.0,0.0,0.0,0.0,0.0,0.0,0.0,2886.2973760932946,0.0,0.0,0.0,0.0,-33.91598935377843,150.67461537742682,49.7350655695206,0.0,0.0,nothing,0.0,0
88be0856d7fffff,0.0,0.0,0.0,0.0,0.0,1.0,0.0,0.0,0.0,0.0,0.0,0.0,0.0,0.0,0.0,0.0,0.0,1.0,0.0,0.0,-33.91136021740399,150.63115484836712,53.68839302861958,0.0,0.0,nothing,0.0,0
88be0856d9fffff,0.0,0.0,0.0,0.0,0.0,0.0,0.0,1.0,0.0,0.0,0.0,0.0,0.0,0.0,0.0,0.0,0.0,0.0,0.0,0.0,-33.92815648475949,150.63959574252686,53.104176978028455,0.0,0.0,nothing,0.0,0
88be0856dbfffff,0.0,0.0,0.0,0.0,0.0,0.0,0.0,0.0,0.0,0.0,0.0,16764.097736207725,0.0,0.0,0.0,0.0,0.0,1.0,0.0,0.0,-33.92699745581005,150.62872937160452,54.08650836326595,0.0,0.0,nothing,0.0,0
88be0856edfffff,0.0,0.0,0.0,0.0,0.0,0.0,0.0,0.0,0.0,0.0,0.0,0.0,0.0,0.0,0.0,1924.198250728863,0.0,0.0,0.0,0.0,-33.893108736110264,150.68367186342255,48.70232130609166,0.0,0.0,nothing,0.0,0
88be085705fffff,0.0,0.0,0.0,0.0,0.0,0.0,0.0,0.0,0.0,0.0,0.0,0.0,0.0,0.0,0.0,4373.1778425655975,0.0,0.0,0.0,0.0,-33.84699585045081,150.77355610230984,40.39544943457706,0.0,0.0,nothing,0.0,0
88be085707fffff,0.0,0.0,0.0,0.0,0.0,0.0,0.0,0.0,0.0,0.0,0.0,0.0,0.0,1.0,0.0,0.0,0.0,0.0,0.0,0.0,-33.84584913744926,150.76269626150938,41.40654060478762,0.0,0.0,nothing,0.0,0
88be08570dfffff,0.0,0.0,0.0,0.0,0.0,0.0,0.0,0.0,0.0,0.0,0.0,0.0,0.0,0.0,0.0,1457.725947521866,0.0,0.0,0.0,0.0,-33.85538964573077,150.7777879704744,39.95711949989628,0.0,0.0,nothing,0.0,0
88be085719fffff,0.0,0.0,0.0,0.0,0.0,0.0,0.0,0.0,0.0,0.0,0.0,236132.37891377576,0.0,0.0,0.0,0.0,0.0,0.0,0.0,0.0,-33.86758816083347,150.7428032596659,43.16382391896957,0.0,0.0,nothing,0.0,0
88be085721fffff,0.0,0.0,0.0,0.0,0.0,0.0,0.0,12.0,0.0,0.0,0.0,0.0,0.0,0.0,0.0,0.0,0.0,0.0,0.0,0.0,-33.83135443143052,150.77595286717502,40.3193489118776,0.0,0.0,nothing,0.0,0
88be085723fffff,0.0,0.0,0.0,0.0,0.0,0.0,0.0,0.0,0.0,0.0,0.0,0.0,0.0,0.0,0.0,2915.451895043732,0.0,0.0,0.0,0.0,-33.830208054297096,150.76509497484656,41.33224165383958,0.0,0.0,nothing,0.0,0
88be085725fffff,0.0,0.0,0.0,0.0,0.0,0.0,0.0,7.0,0.0,0.0,0.0,1235346.7668467588,0.0,4.0,0.0,0.0,0.0,0.0,0.0,0.0,-33.824106472837734,150.78257955159685,39.803158911897,0.0,0.0,nothing,0.0,0
88be085727fffff,0.0,0.0,0.0,0.0,0.0,0.0,0.0,8.0,0.0,0.0,0.0,223677.76148680897,0.0,8.0,0.0,0.0,0.0,0.0,0.0,0.0,-33.82296073018262,150.77172240149108,40.81626543190737,0.0,0.0,nothing,0.0,0
88be08572bfffff,0.0,0.0,0.0,0.0,0.0,0.0,0.0,0.0,0.0,0.0,0.0,0.0,0.0,0.0,0.0,4373.1778425655975,0.0,0.0,0.0,0.0,-33.838601986472746,150.7693251038412,40.854048645387934,0.0,0.0,nothing,0.0,0
88be085733fffff,0.0,0.0,0.0,0.0,0.0,0.0,0.0,0.0,0.0,0.0,0.0,0.0,0.0,0.0,0.0,2886.2973760932946,0.0,0.0,0.0,0.0,-33.83515815060343,150.73675059594535,43.890826153825216,0.0,0.0,nothing,0.0,0
88be085737fffff,0.0,0.0,0.0,0.0,0.0,0.0,0.0,0.0,0.0,0.0,0.0,0.0,0.0,0.0,0.0,2886.2973760932946,0.0,0.0,0.0,0.0,-33.8279125003202,150.7433805837318,43.35800721877036,0.0,0.0,nothing,0.0,0
88be08573dfffff,0.0,0.0,0.0,0.0,0.0,0.0,0.0,0.0,0.0,0.0,0.0,169305.370569659,0.0,4.0,0.0,1457.725947521866,1.0,0.0,0.0,0.0,-33.837454974609564,150.75846646948284,41.86628460514648,0.0,0.0,nothing,0.0,0
88be085745fffff,0.0,0.0,0.0,0.0,0.0,0.0,0.0,0.0,0.0,0.0,0.0,0.0,0.0,0.0,0.0,2915.451895043732,0.0,0.0,0.0,0.0,-33.86492855146434,150.79288342613077,38.53283644845734,0.0,0.0,nothing,0.0,0
88be085747fffff,0.0,0.0,0.0,0.0,0.0,0.0,0.0,0.0,0.0,0.0,0.0,1205614.9498665829,0.0,0.0,0.0,0.0,0.0,0.0,0.0,0.0,-33.863783371812076,150.78202070855687,39.53973377662181,0.0,0.0,nothing,0.0,0
88be085749fffff,0.0,0.0,0.0,0.0,0.0,0.0,0.0,0.0,0.0,0.0,0.0,316550.37921186606,0.0,1.0,1.0,0.0,1.0,0.0,1.0,0.0,-33.880570614376296,150.7904887953638,38.77047016842431,0.0,0.0,nothing,0.0,0
88be08574bfffff,0.0,0.0,0.0,0.0,0.0,0.0,0.0,0.0,0.0,0.0,0.0,0.0,0.0,0.0,2.0,0.0,0.0,0.0,0.0,0.0,-33.87942509980359,150.7796241273135,39.77141137926697,0.0,0.0,nothing,0.0,0
88be08574dfffff,0.0,0.0,0.0,0.0,0.0,0.0,0.0,2.0,0.0,0.0,0.0,0.0,0.0,0.0,0.0,4373.1778425655975,1.0,0.0,0.0,0.0,-33.87332190773051,150.79711824103447,38.14003450912271,0.0,0.0,nothing,0.0,0
88be085751fffff,0.0,0.0,0.0,0.0,0.0,0.0,0.0,0.0,0.0,0.0,0.0,0.0,0.0,0.0,1.0,0.0,0.0,0.0,0.0,0.0,-33.87713126498387,150.75789618332132,41.77500999190326,0.0,0.0,nothing,0.0,0
88be085753fffff,0.0,0.0,0.0,0.0,0.0,0.0,0.0,0.0,0.0,0.0,0.0,115353.3792170358,0.0,1.0,4.0,0.0,0.0,0.0,0.0,0.0,-33.87598294507608,150.74703290888223,42.7775846030013,0.0,0.0,nothing,0.0,0
88be085755fffff,0.0,0.0,0.0,0.0,0.0,0.0,0.0,0.0,0.0,0.0,0.0,0.0,0.0,0.0,1.0,0.0,0.0,0.0,0.0,0.0,-33.869884464017844,150.7645278587387,41.15312741694326,0.0,0.0,nothing,0.0,0
88be08575dfffff,0.0,0.0,0.0,0.0,0.0,0.0,0.0,0.0,0.0,0.0,0.0,0.0,0.0,0.0,1.0,0.0,0.0,0.0,0.0,0.0,-33.878278649949614,150.76875992304886,40.77293912578873,0.0,0.0,nothing,0.0,0
88be085763fffff,0.0,0.0,0.0,0.0,0.0,0.0,0.0,1.0,0.0,0.0,0.0,0.0,0.0,0.0,0.0,0.0,0.0,0.0,0.0,0.0,-33.84814162944008,150.78441640696508,39.38444540955686,0.0,0.0,nothing,0.0,0
88be085765fffff,0.0,0.0,0.0,0.0,0.0,0.0,0.0,0.0,0.0,0.0,0.0,0.0,0.0,0.0,0.0,1924.198250728863,0.0,0.0,0.0,0.0,-33.84203741946867,150.8019037882713,37.81751878369977,0.0,0.0,nothing,0.0,0
88be08576bfffff,0.0,0.0,0.0,0.0,0.0,0.0,0.0,0.0,0.0,0.0,0.0,0.0,0.0,0.0,0.0,2915.451895043732,0.0,0.0,0.0,0.0,-33.85653512520066,150.788649481515,38.9478746823798,0.0,0.0,nothing,0.0,0
88be08576dfffff,0.0,0.0,0.0,0.0,0.0,0.0,0.0,0.0,0.0,0.0,0.0,0.0,0.0,0.0,0.0,962.0991253644316,1.0,2.0,0.0,0.0,-33.85043038470486,150.80613840483662,37.36273259001331,0.0,0.0,nothing,0.0,0
88be085805fffff,0.0,0.0,0.0,0.0,0.0,0.0,0.0,0.0,0.0,0.0,0.0,0.0,0.0,0.0,2.0,0.0,0.0,0.0,0.0,0.0,-33.64390689545323,150.95873525119123,34.075463787529806,0.0,0.0,nothing,0.0,0
88be085809fffff,0.0,0.0,0.0,0.0,0.0,0.0,0.0,0.0,0.0,0.0,0.0,0.0,0.0,0.0,0.0,1924.198250728863,0.0,0.0,0.0,0.0,-33.65955288200851,150.95637711600966,32.97973385693285,0.0,0.0,nothing,0.0,0
88be08580bfffff,0.0,0.0,0.0,0.0,0.0,0.0,0.0,0.0,0.0,0.0,0.0,0.0,0.0,0.0,4.0,1924.198250728863,0.0,0.0,0.0,0.0,-33.65842352073913,150.94553618960077,33.787155737535386,0.0,0.0,nothing,0.0,0
88be08580dfffff,0.0,0.0,0.0,0.0,0.0,0.0,0.0,0.0,0.0,0.0,0.0,0.0,0.0,0.0,5.0,0.0,0.0,0.0,0.0,0.0,-33.652294136528816,150.96297643738876,33.127813121278635,0.0,0.0,nothing,0.0,0
88be085811fffff,0.0,0.0,0.0,0.0,0.0,0.0,0.0,0.0,0.0,0.0,0.0,0.0,0.0,0.0,2.0,0.0,0.0,0.0,0.0,0.0,-33.656162011260086,150.92385568673882,35.43370934497639,0.0,0.0,nothing,0.0,0
88be085813fffff,0.0,0.0,0.0,0.0,0.0,0.0,0.0,0.0,0.0,0.0,0.0,0.0,0.0,0.0,7.0,0.0,0.0,0.0,0.0,0.0,-33.65502986338097,150.91301611178173,36.27139891605512,0.0,0.0,nothing,0.0,0
88be085819fffff,0.0,0.0,0.0,0.0,0.0,0.0,0.0,0.0,0.0,0.0,0.0,0.0,0.0,1.0,1.0,2886.2973760932946,0.0,0.0,0.0,0.0,-33.66455032845636,150.92809381951776,34.5231636937763,0.0,0.0,nothing,0.0,0
88be08581bfffff,0.0,1.0,0.0,0.0,0.0,0.0,0.0,1.0,0.0,0.0,0.0,0.0,0.0,0.0,11.0,1924.198250728863,0.0,0.0,0.0,0.0,-33.6634184806013,150.91725304672187,35.36795553862349,1.0,1.0,kW,1.0,1
88be08581dfffff,0.0,0.0,1.0,0.0,0.0,0.0,0.0,0.0,0.0,0.0,0.0,0.0,0.0,0.0,4.0,0.0,0.0,0.0,0.0,0.0,-33.65729323043461,150.93469571292778,34.60539788842056,0.0,0.0,nothing,0.0,0
88be085823fffff,0.0,0.0,0.0,0.0,0.0,0.0,0.0,0.0,0.0,0.0,0.0,0.0,0.0,0.0,6.0,0.0,0.0,0.0,0.0,0.0,-33.62713222472361,150.95025548137656,35.98092057457372,0.0,0.0,nothing,0.0,0
88be08582bfffff,0.0,0.0,0.0,0.0,0.0,0.0,0.0,0.0,0.0,0.0,0.0,0.0,0.0,0.0,5.0,0.0,0.0,0.0,0.0,0.0,-33.635519591351375,150.95449493259375,35.02659185829663,0.0,0.0,nothing,0.0,0
88be08582dfffff,0.0,0.0,0.0,0.0,0.0,0.0,0.0,0.0,0.0,0.0,0.0,0.0,0.0,0.0,2.0,0.0,0.0,0.0,0.0,0.0,-33.62938871058411,150.97193000545852,34.48022323046019,0.0,0.0,nothing,0.0,0
88be085841fffff,0.0,0.0,0.0,0.0,0.0,0.0,0.0,0.0,0.0,0.0,0.0,0.0,0.0,0.0,0.0,2886.2973760932946,0.0,0.0,0.0,0.0,-33.6690684275998,150.97146141346337,31.24421306059169,0.0,0.0,nothing,0.0,0
88be085843fffff,0.0,0.0,0.0,0.0,0.0,0.0,0.0,0.0,1.0,0.0,0.0,8640.61892830545,0.0,0.0,0.0,2886.2973760932946,0.0,1.0,0.0,0.0,-33.66794029698565,150.96061884105936,32.047367732035525,0.0,0.0,nothing,0.0,0
88be085845fffff,0.0,0.0,0.0,0.0,0.0,0.0,0.0,0.0,0.0,0.0,0.0,0.0,0.0,0.0,0.0,2886.2973760932946,0.0,0.0,0.0,0.0,-33.66180881678232,150.97806031504192,31.400684825319143,0.0,0.0,nothing,0.0,0
88be085847fffff,0.0,0.0,0.0,0.0,0.0,0.0,0.0,0.0,0.0,0.0,0.0,0.0,0.0,0.0,0.0,3848.396501457726,0.0,0.0,0.0,0.0,-33.66068131407781,150.9672184914062,32.1839481389392,0.0,0.0,nothing,0.0,0
88be085849fffff,0.0,0.0,0.0,0.0,0.0,0.0,0.0,0.0,0.0,0.0,0.0,0.0,0.0,0.0,5.0,0.0,0.0,0.0,0.0,0.0,-33.677455476594346,150.9757052037802,30.308993191659944,0.0,0.0,nothing,0.0,0
88be08584bfffff,0.0,0.0,0.0,0.0,0.0,0.0,0.0,0.0,0.0,0.0,0.0,0.0,0.0,0.0,6.0,0.0,0.0,0.0,0.0,0.0,-33.67632764773299,150.96486143422476,31.119841626416346,0.0,0.0,nothing,0.0,0
88be08584dfffff,0.0,0.0,0.0,0.0,0.0,0.0,0.0,0.0,0.0,0.0,0.0,0.0,0.0,0.0,0.0,3078.717201166181,0.0,0.0,0.0,0.0,-33.670195628491534,150.98230443389795,30.45358425302958,0.0,0.0,nothing,0.0,0
88be085851fffff,0.0,0.0,0.0,0.0,0.0,0.0,0.0,1.0,0.0,0.0,0.0,0.0,0.0,39.0,7.0,962.0991253644316,0.0,2.0,0.0,0.0,-33.67406920042874,150.94317524157552,32.77532440778407,0.0,0.0,nothing,0.0,0
88be085853fffff,0.0,0.0,0.0,0.0,0.0,0.0,0.0,0.0,0.0,0.0,0.0,0.0,0.0,26.0,10.0,2886.2973760932946,0.0,0.0,0.0,0.0,-33.67293858231569,150.93233281997928,33.61829216548795,0.0,0.0,nothing,0.0,0
88be085855fffff,0.0,0.0,0.0,0.0,0.0,0.0,0.0,0.0,0.0,0.0,0.0,0.0,0.0,1.0,9.0,1924.198250728863,0.0,0.0,0.0,0.0,-33.66681123681376,150.94977671743476,32.86212840537907,0.0,0.0,nothing,0.0,0
88be085857fffff,0.0,0.0,0.0,0.0,0.0,0.0,0.0,0.0,0.0,0.0,0.0,0.0,0.0,14.0,4.0,2886.2973760932946,0.0,0.0,0.0,0.0,-33.665681247248955,150.9389350433381,33.687651548430736,0.0,0.0,nothing,0.0,0
88be085859fffff,0.0,1.0,3.0,1.0,0.0,0.0,0.0,4.0,0.0,0.0,0.0,66630.91631417148,0.0,53.0,8.0,0.0,1.0,0.0,0.0,0.0,-33.6824570894736,150.94741630786018,31.868882989151732,0.0,0.0,nothing,0.0,0
88be08585bfffff,0.0,0.0,0.0,0.0,0.0,0.0,0.0,0.0,0.0,0.0,0.0,3126269.269269529,0.0,37.0,2.0,0.0,0.0,0.0,0.0,0.0,-33.68132677233773,150.93657268834357,32.719566602230636,0.0,0.0,nothing,0.0,0
88be08585dfffff,0.0,0.0,2.0,1.0,0.0,0.0,0.0,2.0,1.0,0.0,0.0,58978.611127093085,0.0,1.0,2.0,0.0,1.0,0.0,1.0,0.0,-33.67519888895619,150.95401811324024,31.942242393441497,0.0,0.0,nothing,0.0,0
88be085865fffff,0.0,0.0,0.0,0.0,0.0,0.0,0.0,0.0,0.0,0.0,0.0,0.0,0.0,0.0,5.0,0.0,0.0,0.0,0.0,0.0,-33.63890202488892,150.98701097850042,32.77803919958948,0.0,0.0,nothing,0.0,0
88be085867fffff,0.0,0.0,0.0,0.0,0.0,0.0,0.0,0.0,0.0,0.0,0.0,0.0,0.0,0.0,1.0,0.0,0.0,0.0,0.0,0.0,-33.63777547560933,150.9761718489142,33.5136957716102,0.0,0.0,nothing,0.0,0
88be085869fffff,0.0,0.0,0.0,0.0,0.0,0.0,0.0,0.0,0.0,0.0,0.0,0.0,0.0,0.0,6.0,0.0,0.0,0.0,0.0,0.0,-33.65454881579647,150.98465813904926,31.588780317474235,0.0,0.0,nothing,0.0,0
88be08586bfffff,0.0,0.0,0.0,0.0,0.0,0.0,0.0,0.0,0.0,0.0,0.0,0.0,0.0,0.0,5.0,0.0,0.0,0.0,0.0,0.0,-33.653421940748494,150.97381706436946,32.35158563383116,0.0,0.0,nothing,0.0,0
88be08586dfffff,0.0,0.0,0.0,0.0,0.0,0.0,0.0,0.0,0.0,0.0,0.0,0.0,0.0,0.0,2.0,0.0,0.0,0.0,0.0,0.0,-33.64728842515813,150.99125488557442,31.80793892450604,0.0,0.0,nothing,0.0,0
88be085883fffff,0.0,0.0,0.0,0.0,0.0,0.0,0.0,0.0,0.0,0.0,0.0,0.0,0.0,0.0,3.0,2886.2973760932946,0.0,0.0,0.0,0.0,-33.64210211304859,150.86543106444444,40.586410078176826,0.0,0.0,nothing,0.0,0
88be085885fffff,0.0,0.0,0.0,0.0,0.0,0.0,0.0,0.0,0.0,0.0,0.0,0.0,0.0,0.0,1.0,0.0,0.0,0.0,0.0,0.0,-33.635984164450754,150.88287184213485,39.768822654145865,0.0,0.0,nothing,0.0,0
88be085887fffff,0.0,0.0,0.0,0.0,0.0,0.0,0.0,0.0,0.0,0.0,0.0,0.0,0.0,0.0,0.0,3848.396501457726,0.0,0.0,0.0,0.0,-33.63484863444483,150.87203602184184,40.61807967639664,0.0,0.0,nothing,0.0,0
88be085889fffff,0.0,0.0,0.0,0.0,0.0,0.0,0.0,1.0,0.0,0.0,0.0,4737.527348334644,0.0,5.0,4.0,962.0991253644316,0.0,0.0,0.0,0.0,-33.651627849173266,150.88050010177804,38.834621321063054,0.0,0.0,nothing,0.0,0
88be08588bfffff,0.0,0.0,0.0,0.0,0.0,0.0,0.0,0.0,0.0,0.0,0.0,16954.459099181244,0.0,3.0,0.0,0.0,0.0,0.0,0.0,0.0,-33.65049198813413,150.8696623392237,39.703943749283155,0.0,0.0,nothing,0.0,0
88be08588dfffff,0.0,0.0,0.0,0.0,0.0,0.0,0.0,0.0,0.0,0.0,0.0,0.0,0.0,20.0,6.0,0.0,0.0,0.0,0.0,0.0,-33.64437350403306,150.88710464694043,38.86788141659299,0.0,0.0,nothing,0.0,0
88be085891fffff,0.0,0.0,0.0,0.0,0.0,0.0,0.0,0.0,0.0,0.0,0.0,9892.144368795369,0.0,0.0,5.0,5387.755102040816,0.0,1.0,0.0,0.0,-33.64821748259981,150.8479881797673,41.46214547318835,0.0,0.0,nothing,0.0,0
88be085893fffff,0.0,0.0,0.0,0.0,0.0,0.0,0.0,0.0,0.0,0.0,0.0,0.0,0.0,0.0,0.0,2309.0379008746354,0.0,0.0,0.0,0.0,-33.64707883843833,150.83715178435855,42.35021047439297,0.0,0.0,nothing,0.0,0
88be085895fffff,0.0,0.0,0.0,0.0,0.0,0.0,0.0,1.0,1.0,0.0,0.0,0.0,0.0,2.0,3.0,2886.2973760932946,0.0,0.0,0.0,0.0,-33.640965026198906,150.8545949555846,41.45608252807705,0.0,0.0,nothing,0.0,0
88be085897fffff,0.0,0.0,0.0,0.0,0.0,0.0,0.0,0.0,0.0,0.0,0.0,0.0,0.0,1.0,1.0,0.0,0.0,0.0,0.0,0.0,-33.639827011999905,150.84375930264548,42.33212307771013,0.0,0.0,nothing,0.0,0
88be085899fffff,0.0,0.0,0.0,0.0,0.0,0.0,0.0,0.0,0.0,0.0,0.0,0.0,0.0,0.0,0.0,4618.075801749271,0.0,0.0,0.0,0.0,-33.65660789244589,150.85221792333522,40.59863990692922,0.0,0.0,nothing,0.0,0
88be08589bfffff,0.0,0.0,0.0,0.0,0.0,0.0,0.0,0.0,0.0,0.0,0.0,0.0,0.0,0.0,0.0,18279.8833819242,0.0,0.0,0.0,0.0,-33.655469545801715,150.84138032864385,41.49286215495464,0.0,0.0,nothing,0.0,0
88be08589dfffff,0.0,0.0,1.0,0.0,0.0,0.0,0.0,2.0,0.0,0.0,0.0,13141.120508851724,0.0,5.0,6.0,0.0,1.0,0.0,0.0,0.0,-33.64935519922073,150.85882503163788,40.57992624676723,0.0,0.0,nothing,0.0,0
88be0858a5fffff,0.0,0.0,0.0,0.0,0.0,0.0,0.0,0.0,0.0,0.0,0.0,0.0,0.0,0.0,0.0,0.0,1.0,0.0,0.0,0.0,-33.6130858491976,150.8918444424506,40.8633879808751,0.0,0.0,nothing,0.0,0
88be0858a7fffff,0.0,0.0,0.0,0.0,0.0,0.0,0.0,0.0,0.0,0.0,0.0,0.0,0.0,0.0,0.0,1457.725947521866,0.0,0.0,0.0,0.0,-33.61195127891165,150.88101130752898,41.67793368888095,0.0,0.0,nothing,0.0,0
88be0858a9fffff,0.0,0.0,0.0,0.0,0.0,0.0,0.0,0.0,0.0,0.0,0.0,0.0,0.0,0.0,1.0,2886.2973760932946,0.0,0.0,0.0,0.0,-33.6287296648553,150.88947498027974,39.83974857481482,0.0,0.0,nothing,0.0,0
88be0858abfffff,0.0,0.0,0.0,0.0,0.0,0.0,0.0,0.0,0.0,0.0,0.0,0.0,0.0,0.0,0.0,2886.2973760932946,0.0,0.0,0.0,0.0,-33.62759476392481,150.87863990391722,40.67487654875034,0.0,0.0,nothing,0.0,0
88be0858adfffff,0.0,0.0,0.0,0.0,0.0,0.0,0.0,7.0,0.0,0.0,0.0,0.0,0.0,0.0,0.0,2886.2973760932946,0.0,0.0,0.0,0.0,-33.62147477411125,150.89607704300062,39.93616680370972,0.0,0.0,nothing,0.0,0
88be0858b1fffff,0.0,0.0,0.0,0.0,0.0,0.0,0.0,0.0,0.0,0.0,0.0,0.0,0.0,0.0,0.0,4373.1778425655975,0.0,0.0,0.0,0.0,-33.62532218083133,150.85697111421766,42.36840075708875,0.0,0.0,nothing,0.0,0
88be0858b3fffff,0.0,0.0,0.0,0.0,0.0,0.0,0.0,0.0,0.0,0.0,0.0,0.0,0.0,0.0,2.0,0.0,0.0,0.0,0.0,0.0,-33.624184499001515,150.84613740237293,43.225883055451405,0.0,0.0,nothing,0.0,0
88be0858b5fffff,0.0,0.0,0.0,0.0,0.0,0.0,0.0,0.0,0.0,0.0,0.0,0.0,0.0,0.0,2.0,2915.451895043732,0.0,0.0,0.0,0.0,-33.61806917713174,150.86357540767642,42.42270452569616,0.0,0.0,nothing,0.0,0
88be0858b7fffff,0.0,0.0,0.0,0.0,0.0,0.0,0.0,0.0,0.0,0.0,0.0,0.0,0.0,0.0,1.0,0.0,0.0,0.0,0.0,0.0,-33.6169321246997,150.85274243833013,43.26722087801606,0.0,0.0,nothing,0.0,0
88be0858b9fffff,0.0,0.0,0.0,0.0,0.0,0.0,0.0,0.0,0.0,0.0,0.0,0.0,0.0,0.0,0.0,962.0991253644316,0.0,0.0,0.0,0.0,-33.633712177114305,150.8612006561824,41.47468446902047,0.0,0.0,nothing,0.0,0
88be0858bbfffff,0.0,0.0,0.0,0.0,0.0,0.0,0.0,0.0,0.0,1.0,0.0,0.0,0.0,0.0,0.0,4373.1778425655975,0.0,0.0,0.0,0.0,-33.63257479262581,150.85036574590293,42.33818985464275,0.0,0.0,nothing,0.0,0
88be0858c1fffff,0.0,0.0,0.0,0.0,0.0,0.0,0.0,1.0,0.0,0.0,0.0,0.0,0.0,12.0,12.0,2886.2973760932946,0.0,0.0,0.0,0.0,-33.66115199836621,150.89557285719542,37.08282929636413,0.0,0.0,nothing,0.0,0
88be0858c3fffff,0.0,0.0,0.0,0.0,0.0,0.0,0.0,2.0,0.0,0.0,0.0,514793.2424453112,0.0,16.0,4.0,1924.198250728863,0.0,0.0,0.0,0.0,-33.66001736431796,150.88473344196024,37.95176586782734,0.0,0.0,nothing,0.0,0
88be0858c5fffff,0.0,0.0,0.0,0.0,0.0,0.0,0.0,0.0,0.0,0.0,0.0,0.0,0.0,0.0,4.0,0.0,0.0,0.0,0.0,0.0,-33.65389678696287,150.90217698880429,37.117830330785665,0.0,0.0,nothing,0.0,0
88be0858c7fffff,0.0,0.0,0.0,0.0,0.0,0.0,0.0,0.0,0.0,0.0,0.0,101938.42435003132,0.0,8.0,2.0,0.0,0.0,0.0,0.0,0.0,-33.65276278217161,150.89133831855392,37.97241770346606,0.0,0.0,nothing,0.0,0
88be0858c9fffff,0.0,0.0,0.0,0.0,0.0,0.0,0.0,0.0,0.0,0.0,0.0,0.0,0.0,6.0,2.0,0.0,1.0,0.0,0.0,0.0,-33.66954115211665,150.89980826308496,36.199550336536646,0.0,0.0,nothing,0.0,0
88be0858cbfffff,0.0,0.0,0.0,0.0,0.0,0.0,0.0,0.0,0.0,0.0,0.0,0.0,0.0,0.0,0.0,2309.0379008746354,0.0,0.0,0.0,0.0,-33.66840681731608,150.8889676492453,37.075391952516746,0.0,0.0,nothing,0.0,0
88be0858cdfffff,0.0,0.0,0.0,0.0,0.0,0.0,0.0,1.0,1.0,0.0,0.0,0.0,0.0,0.0,5.0,3848.396501457726,0.0,0.0,0.0,0.0,-33.662285703849314,150.9064127256985,36.221376437351864,0.0,0.0,nothing,0.0,0
88be0858d1fffff,0.0,0.0,1.0,0.0,0.0,0.0,0.0,0.0,0.0,0.0,0.0,57405.09766743117,0.0,4.0,6.0,0.0,0.0,0.0,0.0,0.0,-33.66613536161028,150.8672877837401,38.84707849011885,0.0,0.0,nothing,0.0,0
88be0858d3fffff,0.0,0.0,0.0,0.0,0.0,0.0,0.0,0.0,0.0,0.0,0.0,0.0,0.0,0.0,0.0,0.0,1.0,0.0,0.0,0.0,-33.664998241038084,150.8564485335694,39.742029161341904,0.0,0.0,nothing,0.0,0
88be0858d5fffff,0.0,0.0,1.0,0.0,0.0,0.0,0.0,1.0,1.0,0.0,0.0,1042067.6733014508,0.0,18.0,7.0,3078.717201166181,0.0,1.0,0.0,0.0,-33.65888180187082,150.87389448074035,38.82768242991968,0.0,0.0,nothing,0.0,0
88be0858d7fffff,0.0,0.0,0.0,0.0,0.0,0.0,0.0,0.0,0.0,0.0,0.0,0.0,0.0,0.0,0.0,5195.33527696793,0.0,0.0,0.0,0.0,-33.65774531119123,150.863055974283,39.710115835426265,0.0,0.0,nothing,0.0,0
88be0858d9fffff,0.0,1.0,1.0,0.0,0.0,0.0,0.0,1.0,1.0,0.0,0.0,176071.5709500552,0.0,19.0,13.0,0.0,0.0,0.0,0.0,0.0,-33.674525349977735,150.8715204602294,37.99127674455046,0.0,0.0,nothing,0.0,0
88be0858dbfffff,0.0,0.0,1.0,0.0,0.0,0.0,0.0,0.0,0.0,1.0,0.0,499865.15635674185,0.0,13.0,9.0,0.0,0.0,0.0,0.0,0.0,-33.673388527876256,150.86068001069012,38.892769739025624,0.0,0.0,nothing,0.0,0
88be0858ddfffff,0.0,0.0,0.0,0.0,0.0,0.0,0.0,0.0,0.0,0.0,0.0,0.0,0.0,0.0,10.0,2693.877551020408,0.0,0.0,0.0,0.0,-33.66727155375849,150.8781274892145,37.95805679905547,0.0,0.0,nothing,0.0,0
88be0858e1fffff,0.0,0.0,0.0,0.0,0.0,0.0,0.0,2.0,0.0,0.0,0.0,198274.50802676383,0.0,18.0,11.0,0.0,0.0,0.0,0.0,0.0,-33.63825244182338,150.90454484363522,38.09431867557252,0.0,0.0,nothing,0.0,0
88be0858e3fffff,0.0,0.0,0.0,0.0,0.0,0.0,0.0,0.0,0.0,0.0,0.0,0.0,0.0,0.0,7.0,0.0,0.0,0.0,0.0,0.0,-33.63711876696567,150.8937081163149,38.92739560052565,0.0,0.0,nothing,0.0,0
88be0858e5fffff,0.0,0.0,0.0,0.0,0.0,0.0,0.0,1.0,0.0,0.0,0.0,0.0,0.0,21.0,2.0,0.0,0.0,0.0,0.0,0.0,-33.630996684652544,150.91114649229792,38.19531129104776,0.0,0.0,nothing,0.0,0
88be0858e7fffff,0.0,0.0,1.0,0.0,0.0,0.0,0.0,2.0,0.0,0.0,0.0,0.0,0.0,27.0,16.0,0.0,0.0,0.0,0.0,0.0,-33.629863638486555,150.90031050998886,39.01304406714467,0.0,0.0,nothing,0.0,0
88be0858e9fffff,0.0,0.0,0.0,0.0,0.0,0.0,0.0,2.0,0.0,0.0,0.0,36266.57836978453,0.0,0.0,6.0,0.0,0.0,0.0,0.0,0.0,-33.64664118362159,150.90878004415953,37.18031757968893,0.0,0.0,nothing,0.0,0
88be0858ebfffff,0.0,0.0,0.0,0.0,0.0,0.0,0.0,0.0,0.0,0.0,0.0,0.0,0.0,2.0,1.0,0.0,0.0,0.0,0.0,0.0,-33.64550780783491,150.89794211908307,38.01996876399832,0.0,0.0,nothing,0.0,0
88be085903fffff,0.0,0.0,0.0,0.0,0.0,0.0,0.0,0.0,0.0,0.0,0.0,0.0,0.0,0.0,0.0,1924.198250728863,0.0,0.0,0.0,0.0,-33.59922240709767,150.9874721021288,36.28579919207883,0.0,0.0,nothing,0.0,0
88be085905fffff,0.0,0.0,0.0,0.0,0.0,0.0,0.0,0.0,0.0,0.0,0.0,67576.018868418,0.0,1.0,0.0,0.0,0.0,0.0,0.0,0.0,-33.59308645231555,151.0048980512457,35.973046809733866,0.0,0.0,nothing,0.0,0
88be085907fffff,0.0,0.0,0.0,0.0,0.0,0.0,0.0,0.0,0.0,0.0,0.0,0.0,0.0,0.0,0.0,1924.198250728863,0.0,0.0,0.0,0.0,-33.59196180702186,150.9940643073474,36.61633897351775,0.0,0.0,nothing,0.0,0
88be08590bfffff,0.0,0.0,0.0,0.0,0.0,0.0,0.0,0.0,0.0,0.0,0.0,0.0,0.0,0.0,0.0,1924.198250728863,0.0,0.0,0.0,0.0,-33.60760851808867,150.99171406218042,35.296637454326024,0.0,0.0,nothing,0.0,0
88be08590dfffff,0.0,0.0,1.0,0.0,0.0,0.0,0.0,3.0,0.0,0.0,0.0,309292.6893318009,0.0,7.0,5.0,0.0,0.0,1.0,1.0,0.0,-33.601472022616754,151.00914153301548,34.975140968358865,0.0,0.0,nothing,0.0,0
88be085923fffff,0.0,0.0,0.0,0.0,0.0,0.0,0.0,0.0,0.0,0.0,0.0,0.0,0.0,0.0,0.0,2886.2973760932946,0.0,0.0,0.0,0.0,-33.57631512739442,150.99641368869064,37.9707510632396,0.0,0.0,nothing,0.0,0
88be085927fffff,0.0,0.0,0.0,0.0,0.0,0.0,0.0,0.0,0.0,0.0,0.0,0.0,0.0,0.0,0.0,962.0991253644316,0.0,0.0,0.0,0.0,-33.56905399489703,151.00300341496606,38.35339784566615,0.0,0.0,nothing,0.0,0
88be085941fffff,0.0,0.0,0.0,0.0,0.0,0.0,0.0,0.0,0.0,0.0,0.0,0.0,0.0,0.0,3.0,0.0,0.0,0.0,0.0,0.0,-33.618242976398946,151.01763109863583,32.98151366198613,0.0,0.0,nothing,0.0,0
88be085945fffff,0.0,0.0,0.0,0.0,0.0,0.0,0.0,0.0,0.0,0.0,0.0,0.0,0.0,0.0,1.0,0.0,0.0,0.0,0.0,0.0,-33.61098064523759,151.02422245908778,33.34522543776111,0.0,0.0,nothing,0.0,0
88be085947fffff,0.0,0.0,0.0,0.0,0.0,0.0,0.0,0.0,0.0,0.0,0.0,0.0,0.0,0.0,5.0,0.0,0.0,0.0,0.0,0.0,-33.60985753081133,151.0133858820724,33.97794153022231,0.0,0.0,nothing,0.0,0
88be085949fffff,0.0,0.0,0.0,0.0,0.0,0.0,0.0,0.0,0.0,0.0,0.0,0.0,0.0,0.0,4.0,962.0991253644316,0.0,0.0,0.0,0.0,-33.6266283588792,151.0218771829251,31.98593059141493,0.0,0.0,nothing,0.0,0
88be08594dfffff,0.0,0.0,0.0,0.0,0.0,0.0,0.0,0.0,0.0,0.0,0.0,0.0,0.0,0.0,2.0,1924.198250728863,0.0,0.0,0.0,0.0,-33.61936578859381,151.02846886998307,32.3451271127141,0.0,0.0,nothing,0.0,0
88be085951fffff,0.0,0.0,0.0,0.0,0.0,0.0,0.0,0.0,0.0,0.0,0.0,0.0,0.0,0.0,0.0,2886.2973760932946,0.0,0.0,0.0,0.0,-33.623255258181985,150.98936295272105,34.015688909551535,0.0,0.0,nothing,0.0,0
88be085957fffff,0.0,0.0,0.0,0.0,0.0,0.0,0.0,0.0,0.0,0.0,0.0,0.0,0.0,0.0,0.0,1924.198250728863,0.0,0.0,0.0,0.0,-33.61486897025825,150.9851204531119,34.9973967415857,0.0,0.0,nothing,0.0,0
88be085959fffff,0.0,0.0,0.0,0.0,0.0,0.0,0.0,0.0,0.0,0.0,0.0,0.0,0.0,0.0,0.0,2886.2973760932946,0.0,0.0,0.0,0.0,-33.631641483390446,150.99360631984604,33.03567903796324,0.0,0.0,nothing,0.0,0
88be085981fffff,0.0,0.0,1.0,0.0,0.0,0.0,0.0,0.0,0.0,0.0,0.0,0.0,0.0,0.0,3.0,962.0991253644316,0.0,0.0,0.0,0.0,-33.592451309958705,150.9224745413935,40.57241380647793,0.0,0.0,nothing,0.0,0
88be085983fffff,0.0,0.0,0.0,0.0,0.0,0.0,0.0,0.0,0.0,0.0,0.0,0.0,0.0,0.0,5.0,1457.725947521866,1.0,0.0,0.0,0.0,-33.591319550620355,150.9116431875171,41.33055190874046,0.0,0.0,nothing,0.0,0
88be085985fffff,0.0,0.0,0.0,0.0,0.0,0.0,0.0,0.0,0.0,0.0,0.0,0.0,0.0,0.0,1.0,962.0991253644316,0.0,0.0,0.0,0.0,-33.58519447120406,150.92907122830735,40.79265507070589,0.0,0.0,nothing,0.0,0
88be085987fffff,0.0,0.0,0.0,0.0,0.0,0.0,0.0,0.0,0.0,0.0,0.0,0.0,0.0,0.0,2.0,4373.1778425655975,0.0,0.0,0.0,0.0,-33.58406333942678,150.9182406194936,41.53438444240105,0.0,0.0,nothing,0.0,0
88be085989fffff,0.0,0.0,0.0,0.0,0.0,0.0,0.0,0.0,0.0,0.0,0.0,0.0,0.0,0.0,3.0,2886.2973760932946,0.0,0.0,0.0,0.0,-33.60083922076305,150.9267093294315,39.61282135729608,0.0,0.0,nothing,0.0,0
88be08598bfffff,0.0,0.0,0.0,0.0,0.0,0.0,0.0,0.0,0.0,0.0,0.0,0.0,0.0,0.0,2.0,0.0,0.0,0.0,0.0,0.0,-33.599707760142294,150.9158767794937,40.37631094206067,0.0,0.0,nothing,0.0,0
88be08598dfffff,0.0,0.0,0.0,0.0,0.0,0.0,0.0,0.0,0.0,0.0,0.0,0.0,0.0,0.0,0.0,1924.198250728863,0.0,0.0,0.0,0.0,-33.593582142958134,150.93330634591757,39.825610711769414,0.0,0.0,nothing,0.0,0
88be085991fffff,0.0,0.0,0.0,0.0,0.0,0.0,0.0,0.0,0.0,0.0,0.0,0.0,0.0,0.0,0.0,1457.725947521866,0.0,0.0,0.0,0.0,-33.59744205947281,150.894213033925,41.9350068219439,0.0,0.0,nothing,0.0,0
88be085995fffff,0.0,0.0,0.0,0.0,0.0,0.0,0.0,0.0,0.0,0.0,0.0,0.0,0.0,0.0,0.0,4373.1778425655975,0.0,0.0,0.0,0.0,-33.59018686510849,150.90081228503428,42.09941147396816,0.0,0.0,nothing,0.0,0
88be08599bfffff,0.0,0.0,0.0,0.0,0.0,0.0,0.0,1.0,0.0,0.0,0.0,0.0,0.0,0.0,2.0,4373.1778425655975,2.0,0.0,0.0,0.0,-33.604696864245675,150.88761270811904,41.79443394802062,0.0,0.0,nothing,0.0,0
88be08599dfffff,0.0,0.0,0.0,0.0,0.0,0.0,0.0,0.0,0.0,0.0,0.0,0.0,0.0,0.0,2.0,0.0,0.0,0.0,0.0,0.0,-33.598575372990354,150.90504468074283,41.15057203510779,0.0,0.0,nothing,0.0,0
88be0859a1fffff,0.0,0.0,0.0,0.0,0.0,0.0,0.0,2.0,0.0,0.0,0.0,0.0,0.0,0.0,2.0,2915.451895043732,0.0,0.0,0.0,0.0,-33.5695497526309,150.931432259404,42.012179322051985,0.0,0.0,nothing,0.0,0
88be0859a3fffff,0.0,0.0,0.0,0.0,0.0,0.0,0.0,1.0,0.0,0.0,0.0,0.0,0.0,0.0,2.0,0.0,0.0,0.0,0.0,0.0,-33.56841894962132,150.92060359105605,42.73266912324619,0.0,0.0,nothing,0.0,0
88be0859a5fffff,0.0,0.0,0.0,0.0,0.0,0.0,0.0,0.0,0.0,0.0,0.0,0.0,0.0,0.0,0.0,1457.725947521866,0.0,0.0,0.0,0.0,-33.562292378059716,150.93802646751357,42.28534982205948,0.0,0.0,nothing,0.0,0
88be0859a7fffff,0.0,0.0,0.0,0.0,0.0,0.0,0.0,6.0,0.0,0.0,0.0,0.0,0.0,0.0,0.0,0.0,0.0,0.0,0.0,0.0,-33.561162202045786,150.9271985442533,42.989291123813544,0.0,0.0,nothing,0.0,0
88be0859a9fffff,0.0,0.0,0.0,0.0,0.0,0.0,0.0,1.0,0.0,0.0,0.0,0.0,0.0,0.0,0.0,3848.396501457726,0.0,0.0,0.0,0.0,-33.577937244393915,150.93566684032302,41.036646384299154,0.0,0.0,nothing,0.0,0
88be0859abfffff,0.0,0.0,0.0,0.0,0.0,0.0,0.0,0.0,0.0,0.0,0.0,0.0,0.0,0.0,0.0,4373.1778425655975,0.0,0.0,0.0,0.0,-33.57680673992511,150.92483697676,41.761720667220786,0.0,0.0,nothing,0.0,0
88be0859adfffff,0.0,0.0,0.0,0.0,0.0,0.0,0.0,0.0,0.0,0.0,0.0,0.0,0.0,0.0,0.0,2886.2973760932946,0.0,0.0,0.0,0.0,-33.57067963004384,150.94226137752844,41.303967148549226,0.0,0.0,nothing,0.0,0
88be0859b3fffff,0.0,0.0,0.0,0.0,0.0,0.0,0.0,1.0,0.0,0.0,0.0,0.0,0.0,0.0,0.0,0.0,0.0,0.0,0.0,1.0,-33.57340967244598,150.89235009094492,44.0052191158409,0.0,0.0,nothing,0.0,0
88be0859b9fffff,0.0,0.0,0.0,0.0,0.0,0.0,0.0,0.0,0.0,0.0,0.0,0.0,0.0,0.0,2.0,0.0,0.0,0.0,0.0,0.0,-33.58293128166817,150.90741046153417,42.287370242593326,0.0,0.0,nothing,0.0,0
88be0859bbfffff,0.0,0.0,1.0,0.0,0.0,0.0,0.0,1.0,0.0,0.0,0.0,0.0,0.0,0.0,0.0,0.0,0.0,2.0,0.0,0.0,-33.58179829809372,150.89658075517482,43.05102067879835,0.0,0.0,nothing,0.0,0
88be0859c1fffff,0.0,0.0,0.0,0.0,0.0,0.0,0.0,0.0,0.0,0.0,0.0,0.0,0.0,0.0,2.0,0.0,0.0,0.0,0.0,0.0,-33.61035730589133,150.94177918020435,37.89820818958678,0.0,0.0,nothing,0.0,0
88be0859c7fffff,0.0,0.0,0.0,0.0,0.0,0.0,0.0,0.0,0.0,0.0,0.0,0.0,0.0,0.0,2.0,0.0,0.0,0.0,0.0,0.0,-33.601969754687275,150.93754232981007,38.86073943582935,0.0,0.0,nothing,0.0,0
88be0859c9fffff,0.0,0.0,0.0,0.0,0.0,0.0,0.0,0.0,0.0,0.0,0.0,0.0,0.0,0.0,3.0,0.0,0.0,0.0,0.0,0.0,-33.618744796070175,150.94601689732,36.93820089100356,0.0,0.0,nothing,0.0,0
88be0859d1fffff,0.0,0.0,0.0,0.0,0.0,0.0,0.0,0.0,0.0,0.0,0.0,0.0,0.0,3.0,0.0,3848.396501457726,0.0,0.0,0.0,0.0,-33.615352209355144,150.91351207058548,39.26200888393944,0.0,0.0,nothing,0.0,0
88be0859d3fffff,0.0,0.0,0.0,0.0,0.0,0.0,0.0,0.0,0.0,0.0,0.0,0.0,0.0,1.0,2.0,962.0991253644316,0.0,0.0,0.0,0.0,-33.61421949273407,150.90267803038483,40.057893592209005,0.0,0.0,nothing,0.0,0
88be0859d5fffff,0.0,0.0,0.0,0.0,0.0,0.0,0.0,0.0,0.0,0.0,0.0,0.0,0.0,0.0,0.0,2886.2973760932946,0.0,0.0,0.0,0.0,-33.608095909733905,150.92011123768344,39.42483542806036,0.0,0.0,nothing,0.0,0
88be0859dbfffff,0.0,0.0,0.0,0.0,0.0,0.0,0.0,0.0,0.0,0.0,0.0,98753.76404157418,0.0,0.0,6.0,1924.198250728863,0.0,0.0,0.0,0.0,-33.622608119111206,150.90691182804986,39.1246555230161,0.0,0.0,nothing,0.0,0
88be085a01fffff,0.0,0.0,0.0,0.0,0.0,0.0,0.0,1.0,0.0,0.0,0.0,6223.687182750354,0.0,34.0,3.0,0.0,0.0,0.0,0.0,0.0,-33.709876398414856,150.98184049244338,27.46793228498618,0.0,0.0,nothing,0.0,0
88be085a03fffff,0.0,0.0,1.0,1.0,0.0,0.0,0.0,8.0,0.0,0.0,0.0,206960.25027108655,393278.66666666657,63.0,8.0,0.0,0.0,0.0,1.0,0.0,-33.70874884819538,150.97099238057817,28.32411451372709,0.0,0.0,nothing,0.0,0
88be085a05fffff,0.0,0.0,0.0,0.0,0.0,0.0,0.0,0.0,0.0,0.0,0.0,0.0,0.0,1.0,10.0,0.0,0.0,0.0,0.0,0.0,-33.702616231408406,150.9884417864885,27.535027492164055,0.0,0.0,nothing,0.0,0
88be085a07fffff,0.0,0.0,0.0,0.0,0.0,0.0,0.0,1.0,0.0,0.0,0.0,802.970713768618,0.0,27.0,0.0,0.0,0.0,0.0,0.0,0.0,-33.701489309591565,150.97759442461498,28.371050734463815,0.0,0.0,nothing,0.0,0
88be085a09fffff,0.0,0.0,0.0,0.0,0.0,0.0,0.0,1.0,0.0,0.0,0.0,560162.4480597394,715020.9302325582,1.0,1.0,0.0,0.0,0.0,0.0,0.0,-33.71826342050573,150.98608742948798,26.572509575683192,0.0,0.0,nothing,0.0,0
88be085a0bfffff,0.0,0.0,13.0,2.0,0.0,0.0,0.0,18.0,0.0,0.0,0.0,1701389.1785086435,1609060.42248062,45.0,17.0,0.0,0.0,0.0,0.0,0.0,-33.717136173169976,150.97523811954238,27.43798006427125,0.0,0.0,nothing,0.0,0
88be085a0dfffff,1.0,0.0,0.0,0.0,0.0,0.0,1.0,2.0,0.0,0.0,0.0,197052.66691588063,0.0,20.0,19.0,0.0,0.0,0.0,0.0,0.0,-33.71100301728804,150.9926890520441,26.622775916863738,0.0,0.0,nothing,0.0,0
88be085a11fffff,0.0,0.0,2.0,0.0,0.0,0.0,0.0,6.0,0.0,0.0,0.0,210162.6600835259,2818497.1111111105,93.0,11.0,0.0,2.0,1.0,0.0,0.0,-33.71487888404462,150.95354084523078,29.197442638814536,4.0,4.0,7 kW,7.0,1
88be085a13fffff,0.0,0.0,1.0,0.0,0.0,0.0,0.0,1.0,0.0,0.0,0.0,103469.3531713266,835811.8201058201,69.0,8.0,0.0,0.0,4.0,0.0,0.0,-33.713748842584714,150.94269288236475,30.089763792998607,0.0,0.0,nothing,0.0,0
88be085a15fffff,0.0,0.0,0.0,0.0,0.0,0.0,1.0,3.0,0.0,0.0,0.0,0.0,1591842.2222222218,54.0,13.0,0.0,1.0,0.0,3.0,0.0,-33.70762036679418,150.96014471719843,29.190350772104978,0.0,0.0,nothing,0.0,0
88be085a17fffff,0.0,0.0,1.0,0.0,0.0,0.0,0.0,2.0,0.0,2.0,0.0,168821.02975709247,187275.5555555555,75.0,8.0,0.0,1.0,0.0,0.0,0.0,-33.70649095437602,150.94929750305397,30.065770454020967,0.0,0.0,nothing,0.0,0
88be085a19fffff,0.0,0.0,0.0,0.0,0.0,0.0,0.0,1.0,0.0,0.0,0.0,643252.0582332473,2303579.883597883,33.0,8.0,1924.198250728863,0.0,0.0,0.0,0.0,-33.7232667473736,150.95778505641144,28.338504565535885,0.0,0.0,nothing,0.0,0
88be085a1bfffff,0.0,0.0,0.0,0.0,0.0,0.0,0.0,7.0,0.0,0.0,0.0,776192.955422581,6421232.148148148,47.0,4.0,1154.5189504373177,0.0,3.0,0.0,0.0,-33.72213700802165,150.94693589469438,29.239536684388927,0.0,0.0,nothing,0.0,0
88be085a1dfffff,0.0,0.0,0.0,2.0,0.0,0.0,0.0,2.0,0.0,0.0,0.0,144767.81734372966,3204028.288113694,40.0,20.0,0.0,0.0,0.0,0.0,0.0,-33.716007994294706,150.9643892578733,28.31325212669084,0.0,0.0,nothing,0.0,0
88be085a21fffff,0.0,0.0,0.0,0.0,0.0,0.0,0.0,0.0,0.0,0.0,0.0,0.0,0.0,0.0,1.0,0.0,0.0,0.0,0.0,0.0,-33.686969056934196,150.9907952770405,28.57229885361782,0.0,0.0,nothing,0.0,0
88be085a23fffff,0.0,0.0,0.0,0.0,0.0,0.0,0.0,0.0,0.0,0.0,0.0,0.0,0.0,1.0,2.0,0.0,0.0,0.0,0.0,0.0,-33.685842460560984,150.97994986257663,29.37872092431097,0.0,0.0,nothing,0.0,0
88be085a25fffff,0.0,0.0,0.0,0.0,0.0,0.0,0.0,1.0,0.0,0.0,0.0,0.0,0.0,3.0,6.0,0.0,0.0,0.0,0.0,0.0,-33.6797083439126,150.99739408560754,28.72585943852264,0.0,0.0,nothing,0.0,0
88be085a27fffff,0.0,0.0,0.0,0.0,0.0,0.0,0.0,0.0,0.0,0.0,0.0,0.0,0.0,2.0,4.0,0.0,0.0,0.0,0.0,0.0,-33.67858237537567,150.98654942115752,29.51065099397933,0.0,0.0,nothing,0.0,0
88be085a29fffff,0.0,0.0,0.0,0.0,0.0,0.0,0.0,0.0,0.0,1.0,0.0,9504.903872552788,0.0,23.0,13.0,0.0,0.0,0.0,0.0,0.0,-33.6953556726666,150.9950420017669,27.63899567836867,0.0,0.0,nothing,0.0,0
88be085a2bfffff,0.0,0.0,0.0,0.0,0.0,0.0,0.0,0.0,0.0,0.0,0.0,0.0,0.0,0.0,4.0,0.0,0.0,0.0,0.0,0.0,-33.69422937899918,150.9841953900727,28.45388275306471,0.0,0.0,nothing,0.0,0
88be085a2dfffff,0.0,0.0,0.0,0.0,0.0,0.0,0.0,1.0,0.0,0.0,0.0,0.0,0.0,0.0,0.0,0.0,0.0,0.0,0.0,1.0,-33.688094722705465,151.00164113836786,27.77942332196113,0.0,0.0,nothing,0.0,0
88be085a31fffff,1.0,0.0,1.0,0.0,1.0,0.0,0.0,1.0,0.0,0.0,0.0,492773.40420616575,0.0,78.0,4.0,0.0,0.0,3.0,0.0,0.0,-33.69197399944286,150.9625035096458,30.11978065904863,0.0,0.0,nothing,0.0,0
88be085a33fffff,0.0,0.0,2.0,1.0,0.0,0.0,0.0,5.0,0.0,0.0,0.0,122737.661517766,0.0,112.0,7.0,0.0,1.0,0.0,1.0,0.0,-33.690844913883105,150.9516582424121,30.968845242645003,0.0,0.0,nothing,0.0,0
88be085a37fffff,0.0,0.0,0.0,0.0,0.0,0.0,0.0,1.0,0.0,0.0,0.0,33315.45815708574,0.0,37.0,6.0,0.0,1.0,0.0,0.0,0.0,-33.68358647666604,150.95826037723722,31.027956110544256,0.0,0.0,nothing,0.0,0
88be085a39fffff,0.0,0.0,1.0,0.0,1.0,1.0,0.0,0.0,0.0,0.0,0.0,649896.196345106,0.0,45.0,13.0,0.0,0.0,2.0,0.0,0.0,-33.700361456786155,150.96674751068605,29.218287050321504,0.0,0.0,nothing,0.0,0
88be085a3bfffff,0.0,0.0,2.0,0.0,1.0,0.0,0.0,3.0,0.0,1.0,0.0,37318.81444582874,0.0,106.0,7.0,0.0,0.0,1.0,0.0,0.0,-33.69923267315681,150.95590104545144,30.07578723289814,1.0,2.0,22 kW,22.0,1
88be085a3dfffff,0.0,0.0,0.0,0.0,0.0,0.0,0.0,0.0,0.0,0.0,0.0,0.0,0.0,1.0,2.0,0.0,0.0,0.0,0.0,0.0,-33.69310215453646,150.97334922578247,29.281151686464916,0.0,0.0,nothing,0.0,0
88be085a41fffff,1.0,0.0,11.0,1.0,0.0,2.0,2.0,15.0,0.0,1.0,0.0,3893876.8006613986,0.0,20.0,8.0,1539.3586005830905,1.0,5.0,1.0,0.0,-33.727776387456,151.00118619145562,24.820996687314334,0.0,0.0,nothing,0.0,0
88be085a43fffff,1.0,0.0,1.0,0.0,0.0,0.0,0.0,2.0,0.0,0.0,0.0,662354.1491221241,535994.8496653432,31.0,17.0,5387.755102040816,3.0,2.0,0.0,0.0,-33.72665037536355,150.99033523596893,25.685588783212207,0.0,0.0,nothing,0.0,0
88be085a45fffff,0.0,0.0,0.0,0.0,0.0,0.0,0.0,1.0,0.0,0.0,0.0,52150.83619246176,377339.09523809527,5.0,10.0,0.0,0.0,0.0,1.0,0.0,-33.720515119900895,151.00778739120724,24.875062061341374,0.0,0.0,nothing,0.0,0
88be085a47fffff,0.0,0.0,0.0,0.0,0.0,0.0,0.0,0.0,0.0,0.0,0.0,0.0,0.0,8.0,10.0,0.0,0.0,1.0,0.0,0.0,-33.71938973613747,150.99693718695977,25.71783209091119,0.0,0.0,nothing,0.0,0
88be085a49fffff,1.0,0.0,34.0,7.0,0.0,4.0,1.0,30.0,1.0,3.0,0.0,1976352.957752851,1765800.1578947369,65.0,16.0,0.0,4.0,8.0,8.0,3.0,-33.736162970742946,151.005436065752,23.933182658052893,0.0,0.0,nothing,0.0,0
88be085a4bfffff,0.0,1.0,0.0,0.0,0.0,0.0,0.0,2.0,0.0,0.0,0.0,149163.5245042588,1714589.699688245,8.0,7.0,0.0,0.0,2.0,0.0,0.0,-33.73503726248762,150.99458391210663,24.80808314896542,0.0,0.0,nothing,0.0,0
88be085a4dfffff,1.0,0.0,4.0,1.0,0.0,0.0,0.0,16.0,0.0,0.0,0.0,683208.2160565995,6255885.0,38.0,13.0,0.0,4.0,0.0,1.0,0.0,-33.72890146732249,151.01203759350827,23.968052466350137,3.0,3.0,22 kW,22.0,1
88be085a51fffff,0.0,0.0,0.0,1.0,0.0,1.0,0.0,21.0,0.0,0.0,0.0,1442889.644275263,1651285.2610890528,47.0,10.0,8466.472303206998,3.0,1.0,0.0,1.0,-33.73278304888284,150.97288094688798,26.587366481280373,5.0,8.0,"22 kW, 5 kW",13.5,1
88be085a53fffff,2.0,0.0,14.0,0.0,1.0,2.0,0.0,9.0,0.0,0.0,0.0,13511221.615808789,0.0,75.0,14.0,4233.236151603499,10.0,54.0,1.0,3.0,-33.73165454386236,150.9620301368163,27.489837653938316,12.0,14.0,"7 kW, kW",4.0,1
88be085a55fffff,0.0,0.0,2.0,1.0,0.0,0.0,0.0,14.0,0.0,1.0,0.0,526098.9695969643,2452521.7906976743,42.0,14.0,3463.5568513119533,7.0,0.0,1.0,0.0,-33.72552343120933,150.97948472779902,26.56068951234604,3.0,3.0,kW,1.0,1
88be085a57fffff,0.0,0.0,0.0,0.0,0.0,0.0,0.0,3.0,0.0,0.0,0.0,26825.888379674332,2357214.2583979326,6.0,6.0,0.0,0.0,0.0,0.0,0.0,-33.72439555515779,150.9686346676964,27.445291935229772,0.0,0.0,nothing,0.0,0
88be085a59fffff,0.0,0.0,0.0,0.0,0.0,0.0,0.0,0.0,0.0,1.0,0.0,105955.3836383062,3016101.3521951223,25.0,12.0,384.8396501457726,0.0,1.0,0.0,0.0,-33.74117047496918,150.97712809566858,25.74048046425458,0.0,0.0,nothing,0.0,0
88be085a5bfffff,0.0,0.0,0.0,0.0,0.0,0.0,0.0,20.0,0.0,0.0,0.0,43911.37948959846,0.0,17.0,13.0,0.0,3.0,1.0,0.0,0.0,-33.740042273010275,150.96627608666583,26.652424356503484,0.0,0.0,nothing,0.0,0
88be085a5dfffff,0.0,0.0,1.0,0.0,1.0,0.0,0.0,7.0,0.0,0.0,0.0,1615712.499453391,3298609.1473737946,29.0,12.0,1154.5189504373177,1.0,0.0,1.0,0.0,-33.7339106218128,150.98373220556832,25.693150114863823,0.0,0.0,nothing,0.0,0
88be085a61fffff,0.0,0.0,0.0,0.0,0.0,0.0,0.0,0.0,0.0,0.0,0.0,0.0,1333774.2486772488,12.0,7.0,0.0,0.0,0.0,0.0,0.0,-33.704867281419006,151.0101378510696,25.90095662226939,0.0,0.0,nothing,0.0,0
88be085a63fffff,0.0,0.0,0.0,0.0,0.0,0.0,0.0,1.0,0.0,0.0,0.0,0.0,36328.48148148148,2.0,3.0,0.0,0.0,0.0,0.0,0.0,-33.70374222207227,150.99928959555675,26.71127199970785,0.0,0.0,nothing,0.0,0
88be085a65fffff,0.0,0.0,0.0,0.0,0.0,0.0,0.0,4.0,0.0,0.0,0.0,185393.63313972513,1780095.5925925928,12.0,7.0,0.0,3.0,2.0,0.0,0.0,-33.697605466958805,151.01673656436768,26.05100493307444,0.0,0.0,nothing,0.0,0
88be085a67fffff,0.0,0.0,1.0,0.0,0.0,0.0,0.0,1.0,0.0,0.0,0.0,0.0,934160.9523809524,4.0,4.0,0.0,0.0,0.0,0.0,0.0,-33.696481035374475,151.0058890601152,26.837620145387245,0.0,0.0,nothing,0.0,0
88be085a69fffff,0.0,0.0,0.0,0.0,0.0,0.0,0.0,1.0,0.0,0.0,0.0,9561.024566513852,10379.566137566138,23.0,12.0,0.0,0.0,0.0,0.0,0.0,-33.713253460338414,151.0143875114511,24.970012512980496,0.0,0.0,nothing,0.0,0
88be085a6bfffff,0.0,0.0,0.0,0.0,0.0,0.0,0.0,0.0,0.0,0.0,0.0,0.0,0.0,6.0,16.0,0.0,0.0,0.0,0.0,0.0,-33.7121287046506,151.00353805863017,25.789731277015793,0.0,0.0,nothing,0.0,0
88be085a6dfffff,0.0,0.0,0.0,0.0,0.0,0.0,0.0,0.0,0.0,0.0,0.0,30439.07395911879,1089854.4444444445,6.0,4.0,577.2594752186588,0.0,0.0,0.0,0.0,-33.70599140928468,151.0209865522768,25.105384691912985,0.0,0.0,nothing,0.0,0
88be085a81fffff,1.0,0.0,1.0,0.0,1.0,0.0,0.0,2.0,0.0,0.0,0.0,139420.07477513546,0.0,16.0,10.0,0.0,0.0,28.0,0.0,0.0,-33.701963997837794,150.90591315381857,33.64480792863388,0.0,0.0,nothing,0.0,0
88be085a83fffff,0.0,0.0,0.0,0.0,0.0,0.0,0.0,0.0,0.0,0.0,0.0,0.0,0.0,15.0,7.0,769.6793002915452,0.0,0.0,0.0,0.0,-33.70082993281477,150.895068197091,34.55589543167695,0.0,0.0,nothing,0.0,0
88be085a85fffff,1.0,0.0,1.0,0.0,6.0,0.0,0.0,2.0,0.0,0.0,0.0,24729.55002301395,0.0,38.0,8.0,6927.113702623907,0.0,17.0,0.0,0.0,-33.69470823370034,150.91251968644377,33.59254030145448,0.0,0.0,nothing,0.0,0
88be085a87fffff,2.0,0.0,3.0,0.0,0.0,0.0,0.0,7.0,0.0,1.0,0.0,2772394.9231279376,0.0,61.0,8.0,1539.3586005830905,20.0,2.0,0.0,0.0,-33.69357479842858,150.90167547591977,34.49009260744885,0.0,0.0,nothing,0.0,0
88be085a89fffff,2.0,0.0,8.0,2.0,0.0,0.0,0.0,17.0,0.0,1.0,0.0,164734.23422503332,0.0,14.0,4.0,0.0,3.0,2.0,1.0,0.0,-33.71035313259893,150.91015169992164,32.808832692692704,1.0,1.0,7 kW,7.0,1
88be085a8bfffff,0.0,0.0,3.0,0.0,0.0,0.0,0.0,11.0,0.0,0.0,0.0,0.0,0.0,21.0,9.0,0.0,0.0,7.0,0.0,0.0,-33.70921936795378,150.89930554365674,33.7273335081711,0.0,0.0,nothing,0.0,0
88be085a8dfffff,0.0,0.0,0.0,1.0,0.0,0.0,0.0,1.0,0.0,0.0,0.0,243619.61014475665,1509930.1275510204,22.0,5.0,2693.877551020408,0.0,0.0,0.0,0.0,-33.70309713267125,150.9167585635276,32.73971078337359,1.0,1.0,7 kW,7.0,1
88be085a91fffff,1.0,0.0,3.0,2.0,0.0,1.0,0.0,6.0,0.0,0.0,0.0,1468797.7613652083,0.0,26.0,5.0,0.0,6.0,6.0,3.0,0.0,-33.70694904768491,150.877614592445,35.579726729453824,16.0,17.0,"22 kW, 7 kW",14.5,1
88be085a93fffff,0.0,0.0,0.0,0.0,0.0,0.0,0.0,0.0,0.0,0.0,0.0,1091412.18202708,0.0,21.0,4.0,1539.3586005830905,0.0,3.0,0.0,0.0,-33.70581249239405,150.86676979899548,36.512835561540165,0.0,0.0,nothing,0.0,0
88be085a95fffff,0.0,0.0,0.0,0.0,0.0,0.0,0.0,0.0,0.0,0.0,0.0,98040.9878555374,0.0,20.0,11.0,1924.198250728863,1.0,0.0,0.0,0.0,-33.69969493776832,150.88422369409352,35.472510323543474,0.0,0.0,nothing,0.0,0
88be085a97fffff,0.0,0.0,0.0,0.0,0.0,0.0,0.0,3.0,0.0,0.0,0.0,1761246.3133516398,0.0,27.0,8.0,1154.5189504373177,0.0,0.0,0.0,0.0,-33.69855901286484,150.87337964557466,36.39423360552775,0.0,0.0,nothing,0.0,0
88be085a99fffff,0.0,0.0,0.0,0.0,0.0,0.0,0.0,0.0,0.0,0.0,0.0,0.0,0.0,16.0,8.0,0.0,0.0,1.0,0.0,0.0,-33.71533901824974,150.8818504073039,34.77547065269335,0.0,0.0,nothing,0.0,0
88be085a9bfffff,0.0,0.0,0.0,0.0,0.0,0.0,0.0,1.0,0.0,0.0,0.0,0.0,0.0,4.0,0.0,0.0,0.0,0.0,0.0,0.0,-33.71420276255966,150.8710044135512,35.71526834720522,0.0,0.0,nothing,0.0,0
88be085a9dfffff,0.0,0.0,0.0,1.0,0.0,0.0,0.0,1.0,0.0,0.0,0.0,2993.4265476629394,0.0,38.0,8.0,0.0,0.0,0.0,0.0,0.0,-33.70808467292701,150.88845984091495,34.651102086957955,0.0,0.0,nothing,0.0,0
88be085aa1fffff,1.0,1.0,7.0,2.0,0.0,0.0,0.0,9.0,0.0,0.0,0.0,390962.8091618811,0.0,43.0,8.0,0.0,10.0,3.0,2.0,0.0,-33.67906334889673,150.91488680188635,34.44729885040792,0.0,0.0,nothing,0.0,0
88be085aa3fffff,0.0,0.0,1.0,0.0,0.0,0.0,0.0,2.0,0.0,1.0,0.0,0.0,0.0,2.0,0.0,1924.198250728863,0.0,4.0,0.0,0.0,-33.677930242922685,150.9040445364427,35.323055152309934,0.0,0.0,nothing,0.0,0
88be085aa5fffff,0.0,0.0,0.0,0.0,0.0,0.0,0.0,0.0,0.0,0.0,0.0,180457.35671550312,0.0,10.0,7.0,2886.2973760932946,2.0,0.0,0.0,0.0,-33.67180703478228,150.92149084919996,34.47041899231105,0.0,0.0,nothing,0.0,0
88be085aa7fffff,1.0,0.0,0.0,0.0,0.0,0.0,0.0,0.0,0.0,0.0,0.0,736547.0392691568,0.0,5.0,9.0,1924.198250728863,0.0,0.0,0.0,0.0,-33.67067455799404,150.9106493299858,35.331040798249155,0.0,0.0,nothing,0.0,0
88be085aa9fffff,0.0,0.0,6.0,0.0,0.0,1.0,0.0,9.0,0.0,0.0,0.0,2541201.215575799,30415.19387755102,64.0,8.0,3078.717201166181,0.0,0.0,0.0,1.0,-33.68745207605707,150.91912514162024,33.57067238267326,2.0,2.0,22 kW,22.0,1
88be085aabfffff,0.0,0.0,0.0,0.0,0.0,0.0,0.0,10.0,0.0,0.0,0.0,289094.0292362593,0.0,26.0,9.0,1924.198250728863,2.0,11.0,0.0,0.0,-33.68631927028403,150.9082816774889,34.45386250634583,3.0,3.0,22 kW,22.0,1
88be085aadfffff,0.0,0.0,1.0,0.0,0.0,0.0,0.0,1.0,0.0,0.0,0.0,346660.22439633706,0.0,40.0,14.0,0.0,0.0,0.0,0.0,0.0,-33.680195525423635,150.92572951943606,33.57926398396683,0.0,0.0,nothing,0.0,0
88be085ab1fffff,0.0,0.0,0.0,0.0,0.0,0.0,0.0,0.0,0.0,0.0,0.0,0.0,0.0,4.0,2.0,2886.2973760932946,0.0,0.0,0.0,0.0,-33.684050869986024,150.88659610791618,36.24062370529643,0.0,0.0,nothing,0.0,0
88be085ab3fffff,0.0,0.0,0.0,0.0,0.0,0.0,0.0,0.0,0.0,0.0,0.0,20473.026279178077,0.0,2.0,9.0,1924.198250728863,0.0,0.0,0.0,0.0,-33.682915275793384,150.87575400397117,37.14321170106904,0.0,0.0,nothing,0.0,0
88be085ab5fffff,0.0,0.0,0.0,0.0,0.0,0.0,0.0,0.0,0.0,0.0,0.0,0.0,0.0,0.0,2.0,5580.174927113702,0.0,0.0,0.0,0.0,-33.6767962076674,150.8932027238534,36.20597122585029,0.0,0.0,nothing,0.0,0
88be085ab7fffff,0.0,0.0,0.0,0.0,0.0,0.0,0.0,0.0,0.0,0.0,0.0,10236.513139589038,0.0,0.0,6.0,0.0,0.0,0.0,0.0,0.0,-33.675661243296965,150.88236136486637,37.09553450366678,0.0,0.0,nothing,0.0,0
88be085ab9fffff,0.0,0.0,0.0,0.0,0.0,2.0,0.0,0.0,0.0,0.0,0.0,14454.687605771986,0.0,6.0,5.0,769.6793002915452,0.0,1.0,0.0,1.0,-33.692440433325395,150.89083171858428,35.39387695737649,0.0,0.0,nothing,0.0,0
88be085abbfffff,0.0,0.0,0.0,0.0,0.0,0.0,0.0,0.0,0.0,0.0,0.0,0.0,0.0,6.0,8.0,0.0,0.0,0.0,0.0,0.0,-33.691305138557,150.87998841518575,36.303426540679936,0.0,0.0,nothing,0.0,0
88be085abdfffff,0.0,0.0,0.0,0.0,0.0,0.0,0.0,1.0,0.0,0.0,0.0,0.0,0.0,0.0,4.0,1924.198250728863,0.0,0.0,0.0,0.0,-33.68518553487168,150.8974386660048,35.344017816583836,0.0,0.0,nothing,0.0,0
88be085ac1fffff,0.0,0.0,1.0,1.0,1.0,0.0,1.0,6.0,0.0,0.0,0.0,1833395.04776118,0.0,61.0,10.0,0.0,0.0,12.0,2.0,0.0,-33.71987473527516,150.92523892296367,31.062325485578945,1.0,1.0,7 kW,7.0,1
88be085ac3fffff,0.0,0.0,0.0,0.0,0.0,0.0,0.0,1.0,0.0,0.0,0.0,2753109.2394148135,0.0,46.0,10.0,0.0,0.0,8.0,0.0,0.0,-33.718742202211565,150.91439111444947,31.982897988684677,3.0,4.0,22 kW,22.0,1
88be085ac5fffff,1.0,0.0,2.0,0.0,0.0,3.0,0.0,2.0,0.0,0.0,0.0,2456657.405981572,1860064.2222222225,90.0,10.0,6927.113702623907,0.0,4.0,0.0,0.0,-33.712617870080145,150.93184537002492,30.989511679492637,0.0,0.0,nothing,0.0,0
88be085ac7fffff,0.0,0.0,1.0,0.0,1.0,0.0,0.0,4.0,0.0,0.0,0.0,0.0,631237.2003968254,31.0,6.0,2693.877551020408,0.0,6.0,0.0,0.0,-33.711485966696344,150.92099830896078,31.896056276759467,0.0,0.0,nothing,0.0,0
88be085ac9fffff,0.0,0.0,0.0,0.0,0.0,0.0,0.0,2.0,0.0,0.0,0.0,6202319.85221112,3447843.777777778,29.0,16.0,0.0,0.0,0.0,0.0,0.0,-33.72826343790722,150.92948040575678,30.23934038019997,0.0,0.0,nothing,0.0,0
88be085acbfffff,0.0,0.0,2.0,0.0,0.0,0.0,0.0,5.0,0.0,0.0,0.0,1109818.6792345725,0.0,22.0,8.0,0.0,1.0,7.0,0.0,0.0,-33.72713120617525,150.91863139762245,31.16780314389003,0.0,0.0,nothing,0.0,0
88be085acdfffff,2.0,0.0,0.0,0.0,0.0,0.0,0.0,5.0,0.0,0.0,0.0,4223130.4207914,6356229.005291006,48.0,8.0,6542.274052478134,1.0,2.0,0.0,0.0,-33.72100633726704,150.9360871832952,30.14768558055149,0.0,0.0,nothing,0.0,0
88be085ad1fffff,0.0,0.0,0.0,0.0,0.0,0.0,0.0,3.0,0.0,1.0,0.0,349964.66718901595,0.0,23.0,13.0,0.0,1.0,2.0,0.0,0.0,-33.72486394908504,150.89693473918058,33.039642254842235,0.0,0.0,nothing,0.0,0
88be085ad3fffff,0.0,2.0,0.0,0.0,0.0,1.0,0.0,2.0,0.0,1.0,0.0,861339.9987860278,0.0,39.0,13.0,0.0,2.0,10.0,2.0,1.0,-33.72372892405898,150.88608709037192,33.98219422335853,0.0,0.0,nothing,0.0,0
88be085ad5fffff,0.0,0.0,1.0,0.0,0.0,0.0,0.0,1.0,0.0,0.0,0.0,70177.98573478502,0.0,6.0,10.0,0.0,0.0,4.0,0.0,0.0,-33.71760873824207,150.90354375850197,32.90890373612294,0.0,0.0,nothing,0.0,0
88be085ad7fffff,0.0,0.0,0.0,0.0,0.0,0.0,0.0,3.0,0.0,0.0,0.0,349055.1277845112,0.0,26.0,14.0,0.0,0.0,0.0,1.0,0.0,-33.71647434353271,150.89269685587044,33.839895241270426,0.0,0.0,nothing,0.0,0
88be085ad9fffff,0.0,0.0,2.0,0.0,0.0,0.0,0.0,3.0,0.0,0.0,0.0,0.0,0.0,17.0,6.0,0.0,0.0,0.0,1.0,0.0,-33.73325348908356,150.901173491066,32.25115960662066,0.0,0.0,nothing,0.0,0
88be085adbfffff,0.0,2.0,0.0,0.0,0.0,0.0,0.0,3.0,0.0,1.0,0.0,21165.276160612575,0.0,25.0,11.0,0.0,0.0,1.0,0.0,0.0,-33.73211876461221,150.89032464186968,33.20068551502627,0.0,0.0,nothing,0.0,0
88be085addfffff,0.0,0.0,0.0,2.0,1.0,0.0,0.0,2.0,1.0,0.0,0.0,290307.35930309707,0.0,14.0,13.0,0.0,0.0,1.0,1.0,0.0,-33.7259980431792,150.90778284184722,32.1013821646928,0.0,0.0,nothing,0.0,0
88be085ae1fffff,0.0,0.0,2.0,0.0,0.0,0.0,0.0,4.0,0.0,0.0,0.0,403895.9169941767,4135564.37670068,90.0,8.0,0.0,0.0,1.0,0.0,0.0,-33.69697231408587,150.9342094640631,31.818244016905663,0.0,0.0,nothing,0.0,0
88be085ae3fffff,2.0,0.0,6.0,2.0,0.0,2.0,1.0,22.0,0.0,0.0,0.0,210707.01325897503,4548217.33021542,42.0,5.0,0.0,4.0,0.0,0.0,2.0,-33.69584073897469,150.9233643494078,32.701734701506524,0.0,0.0,nothing,0.0,0
88be085ae5fffff,0.0,0.0,2.0,0.0,1.0,0.0,0.0,1.0,0.0,0.0,0.0,76401.5982018729,0.0,47.0,8.0,0.0,0.0,1.0,0.0,0.0,-33.68971489802209,150.94081342483062,31.827508748941582,5.0,5.0,7 kW,7.0,1
88be085ae7fffff,0.0,0.0,14.0,0.0,1.0,2.0,2.0,27.0,0.0,1.0,0.0,475910.6840286323,1292645.7397959183,135.0,12.0,0.0,7.0,3.0,1.0,1.0,-33.68858395202495,150.9299690576504,32.69501341151529,0.0,0.0,nothing,0.0,0
88be085ae9fffff,0.0,0.0,1.0,0.0,0.0,0.0,0.0,1.0,1.0,0.0,0.0,98572.94516598004,2958333.228174603,63.0,11.0,0.0,1.0,0.0,0.0,0.0,-33.70536061110595,150.93845073889443,30.94959273250129,0.0,0.0,nothing,0.0,0
88be085aebfffff,1.0,0.0,6.0,1.0,0.0,0.0,0.0,13.0,0.0,1.0,0.0,1018118.2569052032,4053151.8630952383,76.0,7.0,1154.5189504373177,3.0,18.0,0.0,0.0,-33.7042293371492,150.92760442546924,31.84111638533683,0.0,0.0,nothing,0.0,0
88be085aedfffff,0.0,0.0,3.0,3.0,2.0,0.0,0.0,7.0,0.0,1.0,0.0,291551.0469788578,204240.1371882086,50.0,12.0,0.0,1.0,13.0,2.0,0.0,-33.69810295886835,150.9450550296607,30.942696415952447,0.0,0.0,nothing,0.0,0
88be085b01fffff,0.0,0.0,0.0,0.0,0.0,0.0,0.0,1.0,0.0,0.0,0.0,0.0,0.0,0.0,0.0,19434.402332361515,0.0,0.0,0.0,0.0,-33.659047020988474,151.0280268997862,28.692949330655527,0.0,0.0,nothing,0.0,0
88be085b03fffff,0.0,0.0,0.0,0.0,0.0,0.0,0.0,0.0,0.0,0.0,0.0,0.0,0.0,0.0,0.0,962.0991253644316,0.0,0.0,0.0,0.0,-33.657923864268156,151.0171840417972,29.39127420962293,0.0,0.0,nothing,0.0,0
88be085b05fffff,0.0,0.0,0.0,0.0,0.0,0.0,0.0,1.0,0.0,1.0,0.0,15181.090634196917,0.0,0.0,3.0,9813.4110787172,0.0,0.0,0.0,0.0,-33.65178412267152,151.03462064434234,29.005131966614357,0.0,0.0,nothing,0.0,0
88be085b07fffff,0.0,0.0,0.0,0.0,0.0,0.0,0.0,0.0,0.0,0.0,0.0,4403.050691768884,0.0,0.0,1.0,5580.174927113702,0.0,0.0,0.0,0.0,-33.65066159258027,151.02377853765478,29.67877487518425,0.0,0.0,nothing,0.0,0
88be085b09fffff,0.0,0.0,0.0,0.0,0.0,0.0,0.0,0.0,0.0,0.0,0.0,0.0,0.0,0.0,0.0,1154.5189504373177,0.0,0.0,0.0,0.0,-33.66743238408446,151.0322761305982,27.70886287027136,0.0,0.0,nothing,0.0,0
88be085b0bfffff,0.0,0.0,0.0,0.0,0.0,0.0,0.0,0.0,0.0,0.0,0.0,0.0,0.0,0.0,0.0,9043.731778425656,0.0,0.0,0.0,0.0,-33.666309530666446,151.02143207700038,28.41336067056571,0.0,0.0,nothing,0.0,0
88be085b0dfffff,0.0,0.0,0.0,0.0,0.0,0.0,0.0,2.0,0.0,0.0,0.0,131201.52132270116,0.0,3.0,5.0,2886.2973760932946,0.0,0.0,0.0,0.0,-33.6601692477178,151.03887020172965,28.013871905158663,0.0,0.0,nothing,0.0,0
88be085b11fffff,0.0,0.0,0.0,0.0,0.0,0.0,0.0,0.0,0.0,0.0,0.0,0.0,0.0,2.0,6.0,6157.434402332362,0.0,1.0,0.0,0.0,-33.664061033439324,150.999745304036,29.87565605170525,0.0,0.0,nothing,0.0,0
88be085b13fffff,0.0,0.0,0.0,0.0,0.0,0.0,0.0,0.0,0.0,0.0,0.0,0.0,0.0,0.0,0.0,3174.927113702624,0.0,0.0,0.0,0.0,-33.66293538995758,150.9889025861681,30.63090614052657,0.0,0.0,nothing,0.0,0
88be085b15fffff,0.0,0.0,3.0,1.0,0.0,0.0,0.0,7.0,0.0,1.0,0.0,59667.86518716104,0.0,2.0,4.0,1924.198250728863,0.0,3.0,2.0,0.0,-33.656799777720266,151.00634162851202,30.107505699417896,0.0,0.0,nothing,0.0,0
88be085b17fffff,0.0,0.0,0.0,0.0,0.0,0.0,0.0,0.0,0.0,0.0,0.0,0.0,0.0,0.0,5.0,962.0991253644316,0.0,0.0,0.0,0.0,-33.65567476150842,150.9954996606797,30.840394702524243,0.0,0.0,nothing,0.0,0
88be085b19fffff,0.0,0.0,0.0,0.0,0.0,0.0,0.0,0.0,0.0,0.0,0.0,0.0,0.0,0.0,2.0,0.0,0.0,0.0,0.0,0.0,-33.672447240450374,151.00399181586306,28.914005014107612,0.0,0.0,nothing,0.0,0
88be085b1bfffff,0.0,0.0,0.0,0.0,0.0,0.0,0.0,0.0,0.0,0.0,0.0,0.0,0.0,0.0,0.0,2405.247813411079,0.0,0.0,0.0,0.0,-33.67132189949646,150.99314790161424,29.67648407811585,0.0,0.0,nothing,0.0,0
88be085b1dfffff,0.0,0.0,0.0,0.0,0.0,0.0,0.0,0.0,0.0,0.0,0.0,0.0,0.0,0.0,0.0,11737.609329446064,0.0,0.0,0.0,0.0,-33.66518574706355,151.01058846789647,29.13606603363547,0.0,0.0,nothing,0.0,0
88be085b21fffff,0.0,0.0,0.0,0.0,0.0,0.0,0.0,0.0,0.0,0.0,0.0,0.0,0.0,0.0,4.0,769.6793002915452,0.0,0.0,0.0,0.0,-33.636135884591354,151.03696429559903,30.346881231427876,0.0,0.0,nothing,0.0,0
88be085b23fffff,0.0,0.0,0.0,0.0,0.0,0.0,0.0,0.0,0.0,0.0,0.0,0.0,0.0,0.0,3.0,3848.396501457726,0.0,0.0,0.0,0.0,-33.635013677751694,151.0261241351596,30.991274884080532,0.0,0.0,nothing,0.0,0
88be085b25fffff,0.0,0.0,0.0,0.0,0.0,0.0,0.0,1.0,0.0,0.0,0.0,0.0,0.0,0.0,4.0,0.0,0.0,0.0,0.0,0.0,-33.628872449322536,151.04355555786518,30.725463253584476,0.0,0.0,nothing,0.0,0
88be085b27fffff,0.0,0.0,0.0,0.0,0.0,0.0,0.0,0.0,0.0,0.0,0.0,0.0,0.0,0.0,0.0,1924.198250728863,0.0,0.0,0.0,0.0,-33.62775086854522,151.03271614874703,31.34565793309289,0.0,0.0,nothing,0.0,0
88be085b29fffff,0.0,0.0,5.0,0.0,5.0,0.0,0.0,26.0,0.0,0.0,0.0,250899.64285347128,0.0,4.0,5.0,3271.137026239067,0.0,25.0,3.0,0.0,-33.64452083623171,151.04121331075854,29.348868908250427,0.0,0.0,nothing,0.0,0
88be085b2bfffff,0.0,0.0,0.0,0.0,0.0,0.0,0.0,0.0,0.0,0.0,0.0,0.0,0.0,0.0,0.0,3655.97667638484,0.0,0.0,0.0,0.0,-33.64339893251597,151.03037195555885,29.99763996839194,0.0,0.0,nothing,0.0,0
88be085b2dfffff,0.0,0.0,3.0,0.0,7.0,0.0,0.0,10.0,0.0,0.0,0.0,276714.1405131237,0.0,2.0,0.0,1539.3586005830905,0.0,11.0,0.0,0.0,-33.63725716218521,151.0478048991247,29.723065833256047,0.0,0.0,nothing,0.0,0
88be085b31fffff,0.0,0.0,0.0,0.0,0.0,0.0,0.0,0.0,0.0,0.0,0.0,0.0,0.0,0.0,0.0,2886.2973760932946,0.0,0.0,0.0,0.0,-33.64115233692833,151.00869057678395,31.353195481424127,0.0,0.0,nothing,0.0,0
88be085b37fffff,0.0,0.0,0.0,0.0,0.0,0.0,0.0,0.0,0.0,0.0,0.0,0.0,0.0,0.0,0.0,1924.198250728863,0.0,0.0,0.0,0.0,-33.63276647698777,151.00444514653452,32.33683130209388,0.0,0.0,nothing,0.0,0
88be085b39fffff,0.0,0.0,0.0,0.0,0.0,0.0,0.0,0.0,0.0,0.0,0.0,0.0,0.0,0.0,0.0,962.0991253644316,0.0,0.0,0.0,0.0,-33.649538132855284,151.01293687513163,30.371285074837655,0.0,0.0,nothing,0.0,0
88be085b3bfffff,0.0,0.0,0.0,0.0,0.0,0.0,0.0,0.0,0.0,0.0,0.0,0.0,0.0,1.0,3.0,0.0,0.0,0.0,0.0,0.0,-33.64841374366001,151.00209565752192,31.081399942936716,0.0,0.0,nothing,0.0,0
88be085b3dfffff,0.0,0.0,0.0,0.0,0.0,0.0,0.0,1.0,0.0,0.0,0.0,8806.101383537767,0.0,0.0,7.0,0.0,0.0,0.0,0.0,0.0,-33.64227609936041,151.01953104398433,30.666170647363803,0.0,0.0,nothing,0.0,0
88be085b43fffff,0.0,0.0,0.0,0.0,0.0,0.0,0.0,4.0,0.0,0.0,0.0,250625.66449390497,0.0,1.0,4.0,1154.5189504373177,0.0,0.0,0.0,0.0,-33.67581768136765,151.03652623031053,26.72670889373373,0.0,0.0,nothing,0.0,0
88be085b45fffff,0.0,0.0,0.0,0.0,0.0,0.0,0.0,0.0,0.0,0.0,0.0,0.0,0.0,0.0,0.0,1539.3586005830905,0.0,0.0,0.0,0.0,-33.6696752997127,151.05396556827722,26.360299359679836,0.0,0.0,nothing,0.0,0
88be085b47fffff,0.0,0.0,0.0,0.0,0.0,0.0,0.0,1.0,0.0,0.0,0.0,1496.7118276344618,0.0,0.0,1.0,1924.198250728863,0.0,0.0,0.0,0.0,-33.668554307154245,151.04312062794045,27.023998397985523,0.0,0.0,nothing,0.0,0
88be085b49fffff,0.0,0.0,0.0,0.0,0.0,0.0,0.0,0.0,0.0,0.0,0.0,0.0,0.0,0.0,0.0,1539.3586005830905,0.0,0.0,0.0,0.0,-33.68532422719509,151.05162408771113,25.04907385605486,0.0,0.0,nothing,0.0,0
88be085b4bfffff,0.0,0.0,0.0,0.0,0.0,0.0,0.0,0.0,0.0,0.0,0.0,0.0,0.0,0.0,0.0,1154.5189504373177,0.0,0.0,0.0,0.0,-33.6842029123374,151.04077719914292,25.746709895569772,0.0,0.0,nothing,0.0,0
88be085b4dfffff,0.0,0.0,0.0,0.0,0.0,0.0,0.0,0.0,0.0,0.0,0.0,0.0,0.0,0.0,0.0,1539.3586005830905,0.0,0.0,0.0,0.0,-33.67805998872429,151.0582180588622,25.366294407794943,0.0,0.0,nothing,0.0,0
88be085b53fffff,0.0,0.0,0.0,0.0,0.0,0.0,1.0,0.0,0.0,2.0,0.0,128673.3598690431,0.0,11.0,8.0,0.0,1.0,0.0,0.0,1.0,-33.680833382041016,151.00823919638077,27.95576146881811,0.0,0.0,nothing,0.0,0
88be085b55fffff,0.0,0.0,0.0,0.0,0.0,0.0,0.0,1.0,0.0,0.0,0.0,2715.104675271592,0.0,0.0,0.0,1154.5189504373177,0.0,0.0,0.0,0.0,-33.67469513154959,151.0256809809608,27.437769979995824,0.0,0.0,nothing,0.0,0
88be085b57fffff,0.0,0.0,0.0,0.0,0.0,0.0,0.0,0.0,0.0,0.0,0.0,0.0,0.0,1.0,0.0,192.4198250728863,0.0,0.0,0.0,0.0,-33.673571651189334,151.01483617589508,28.16733614722418,0.0,0.0,nothing,0.0,0
88be085b59fffff,0.0,0.0,0.0,0.0,0.0,0.0,1.0,4.0,0.0,0.0,0.0,336195.8038648113,347715.46560846566,25.0,5.0,1154.5189504373177,1.0,0.0,1.0,0.0,-33.690343261786076,151.023334198614,26.23921069496348,0.0,0.0,nothing,0.0,0
88be085b5bfffff,0.0,0.0,0.0,0.0,0.0,0.0,0.0,1.0,0.0,0.0,0.0,121602.02283182484,435941.7777777778,16.0,5.0,0.0,0.0,0.0,0.0,0.0,-33.689219457710706,151.012487445809,27.001289482802875,0.0,0.0,nothing,0.0,0
88be085b5dfffff,0.0,0.0,0.0,0.0,0.0,2.0,0.0,3.0,0.0,2.0,0.0,110243.64782704624,0.0,3.0,7.0,769.6793002915452,2.0,2.0,1.0,0.0,-33.68308066641698,151.02993075389838,26.4647603329732,0.0,0.0,nothing,0.0,0
88be085b61fffff,0.0,0.0,0.0,0.0,0.0,0.0,0.0,0.0,0.0,0.0,0.0,5047.459872049805,504666.26433509466,0.0,0.0,0.0,0.0,0.0,0.0,0.0,-33.65402639330006,151.0563061872135,27.71991895588632,0.0,0.0,nothing,0.0,0
88be085b63fffff,0.0,0.0,2.0,5.0,0.0,1.0,1.0,16.0,0.0,1.0,0.0,95246.5262815222,21051.823802163835,13.0,7.0,0.0,1.0,4.0,3.0,0.0,-33.652905722965784,151.04546319444503,28.351702922692013,0.0,0.0,nothing,0.0,0
88be085b65fffff,0.0,0.0,0.0,0.0,0.0,0.0,0.0,0.0,0.0,0.0,0.0,0.0,293923.16744785116,0.0,0.0,0.0,0.0,0.0,0.0,0.0,-33.64676185469171,151.06289734903683,28.116042599006057,0.0,0.0,nothing,0.0,0
88be085b67fffff,0.0,0.0,0.0,0.0,0.0,0.0,0.0,0.0,0.0,0.0,0.0,0.0,73273.16938044403,0.0,0.0,2886.2973760932946,0.0,0.0,0.0,0.0,-33.64564181034457,151.0520551088343,28.721198166519912,0.0,0.0,nothing,0.0,0
88be085b69fffff,0.0,0.0,0.0,0.0,0.0,0.0,0.0,0.0,0.0,0.0,0.0,0.0,381403.5463151337,0.0,0.0,0.0,0.0,0.0,0.0,0.0,-33.66241091055106,151.06055813448174,26.71929565907658,0.0,0.0,nothing,0.0,0
88be085b6bfffff,0.0,0.0,0.0,0.0,0.0,0.0,0.0,0.0,0.0,0.0,0.0,0.0,104401.86976384746,0.0,0.0,0.0,0.0,0.0,0.0,0.0,-33.661290544292974,151.04971394687806,27.355477103037348,0.0,0.0,nothing,0.0,0
88be085b6dfffff,0.0,0.0,0.0,0.0,0.0,0.0,0.0,0.0,0.0,0.0,0.0,0.0,502189.7850121212,0.0,0.0,0.0,0.0,0.0,0.0,0.0,-33.65514613351157,151.06714962189804,27.11129504624586,0.0,0.0,nothing,0.0,0
88be08c009fffff,0.0,0.0,0.0,0.0,0.0,0.0,0.0,1.0,0.0,0.0,0.0,0.0,0.0,0.0,0.0,0.0,0.0,0.0,0.0,0.0,-34.10558337739961,150.96627766524912,34.55499014365903,0.0,0.0,nothing,0.0,0
88be08c00dfffff,0.0,0.0,0.0,0.0,0.0,0.0,0.0,2.0,0.0,0.0,0.0,0.0,0.0,0.0,0.0,0.0,0.0,0.0,0.0,0.0,-34.09832494830155,150.9729112991939,33.545372869465325,0.0,0.0,nothing,0.0,0
88be08c019fffff,0.0,0.0,7.0,0.0,0.0,0.0,0.0,2.0,0.0,0.0,0.0,107685.66792730398,0.0,0.0,0.0,1539.3586005830905,0.0,25.0,0.0,0.0,-34.110575304460376,150.93784421010952,36.71911326036584,0.0,0.0,nothing,0.0,0
88be08c043fffff,0.0,0.0,0.0,0.0,0.0,0.0,0.0,3.0,0.0,0.0,0.0,0.0,0.0,0.0,0.0,0.0,0.0,0.0,0.0,0.0,-34.11397302253623,150.9705429894745,35.01722123094939,0.0,0.0,nothing,0.0,0
88be08c045fffff,0.0,0.0,0.0,0.0,0.0,0.0,0.0,0.0,0.0,0.0,0.0,0.0,0.0,0.0,0.0,3655.97667638484,0.0,0.0,0.0,0.0,-34.107844413882354,150.9880766981819,33.47944891300786,0.0,0.0,nothing,0.0,0
88be08c049fffff,0.0,0.0,0.0,0.0,0.0,0.0,0.0,0.0,0.0,0.0,0.0,0.0,1392143.0718232044,0.0,0.0,2309.0379008746354,0.0,0.0,0.0,0.0,-34.12349295129721,150.98571090073202,34.99775795090833,0.0,0.0,nothing,0.0,0
88be08c04bfffff,0.0,0.0,0.0,0.0,0.0,0.0,0.0,1.0,0.0,0.0,0.0,0.0,0.0,0.0,0.0,0.0,0.0,1.0,0.0,0.0,-34.12236258164535,150.97480919118286,35.50220231645872,0.0,0.0,nothing,0.0,0
88be08c04dfffff,0.0,0.0,0.0,0.0,0.0,0.0,0.0,1.0,0.0,0.0,0.0,0.0,0.0,0.0,0.0,3078.717201166181,0.0,0.0,0.0,0.0,-34.116233437384736,150.99234444128757,33.986503525076955,0.0,0.0,nothing,0.0,0
88be08c051fffff,0.0,0.0,0.0,0.0,0.0,0.0,0.0,3.0,0.0,0.0,0.0,0.0,0.0,0.0,0.0,384.8396501457726,0.0,0.0,0.0,0.0,-34.1200990029419,150.95300713079084,36.57450085577299,0.0,0.0,nothing,0.0,0
88be08c053fffff,0.0,0.0,0.0,0.0,0.0,0.0,0.0,0.0,0.0,0.0,0.0,0.0,0.0,0.0,0.0,2693.877551020408,0.0,0.0,0.0,0.0,-34.1189657942228,150.94210678146976,37.14052180285701,0.0,0.0,nothing,0.0,0
88be08c055fffff,0.0,0.0,0.0,0.0,0.0,0.0,0.0,2.0,0.0,0.0,0.0,0.0,0.0,0.0,0.0,0.0,0.0,0.0,0.0,0.0,-34.11284139578516,150.95964294247815,35.56470228360558,0.0,0.0,nothing,0.0,0
88be08c057fffff,0.0,0.0,0.0,0.0,0.0,0.0,0.0,1.0,0.0,0.0,0.0,0.0,0.0,0.0,0.0,0.0,0.0,2.0,0.0,0.0,-34.11170882303773,150.94874334910298,36.13231119232466,0.0,0.0,nothing,0.0,0
88be08c059fffff,0.0,0.0,0.0,0.0,0.0,0.0,0.0,0.0,0.0,0.0,0.0,0.0,0.0,0.0,0.0,769.6793002915452,0.0,0.0,0.0,0.0,-34.128489096915175,150.95727178989245,37.03898507874667,0.0,0.0,nothing,0.0,0
88be08c05bfffff,0.0,0.0,0.0,0.0,0.0,0.0,0.0,0.0,0.0,0.0,0.0,0.0,0.0,0.0,0.0,1154.5189504373177,0.0,0.0,0.0,0.0,-34.12735619835357,150.9463702300971,37.58437832686475,0.0,0.0,nothing,0.0,0
88be08c061fffff,0.0,0.0,0.0,0.0,0.0,0.0,0.0,4.0,0.0,0.0,0.0,0.0,1299784.0,0.0,0.0,962.0991253644316,0.0,0.0,0.0,0.0,-34.09219582994367,150.99044162076996,31.984769437531178,0.0,0.0,nothing,0.0,0
88be08c063fffff,0.0,0.0,0.0,0.0,0.0,0.0,0.0,3.0,0.0,0.0,0.0,0.0,0.0,0.0,0.0,0.0,0.0,0.0,0.0,0.0,-34.09106610900732,150.97954384440263,32.53585993425649,0.0,0.0,nothing,0.0,0
88be08c065fffff,0.0,0.0,2.0,0.0,0.0,0.0,0.0,4.0,0.0,1.0,0.0,0.0,3695395.086142322,0.0,0.0,1539.3586005830905,0.0,0.0,0.0,0.0,-34.08493594620521,150.99707232007594,30.974016719695708,0.0,0.0,nothing,0.0,0
88be08c067fffff,0.0,0.0,0.0,0.0,0.0,0.0,0.0,0.0,0.0,0.0,0.0,0.0,0.0,0.0,0.0,3848.396501457726,0.0,0.0,0.0,0.0,-34.08380686003326,150.98617530096564,31.526462017123627,0.0,0.0,nothing,0.0,0
88be08c069fffff,0.0,0.0,0.0,0.0,0.0,0.0,0.0,0.0,0.0,0.0,0.0,0.0,758207.3333333333,0.0,1.0,4233.236151603499,0.0,0.0,0.0,0.0,-34.10058471443458,150.9947088178253,32.46806557393963,0.0,0.0,nothing,0.0,0
88be08c06bfffff,0.0,0.0,0.0,0.0,0.0,0.0,0.0,2.0,0.0,0.0,0.0,0.0,0.0,0.0,0.0,962.0991253644316,0.0,0.0,0.0,0.0,-34.09945530425593,150.98380983262803,32.995556822797134,0.0,0.0,nothing,0.0,0
88be08c06dfffff,1.0,0.0,2.0,0.0,0.0,2.0,0.0,8.0,0.0,0.0,0.0,263086.80509411305,6192026.555555555,4.0,8.0,3078.717201166181,1.0,4.0,2.0,0.0,-34.093324605297866,151.0013398483521,31.456678119594603,0.0,0.0,nothing,0.0,0
88be08c0b3fffff,0.0,0.0,0.0,0.0,0.0,0.0,0.0,1.0,0.0,0.0,0.0,16214.905643727208,0.0,0.0,0.0,0.0,0.0,0.0,0.0,0.0,-34.07018414614908,150.85544650020978,39.603314959755195,0.0,0.0,nothing,0.0,0
88be08c0b5fffff,0.0,0.0,0.0,0.0,0.0,0.0,0.0,1.0,0.0,0.0,0.0,0.0,0.0,0.0,0.0,0.0,0.0,0.0,0.0,0.0,-34.064071898226395,150.87297671580654,37.885674849518054,0.0,0.0,nothing,0.0,0
88be08c101fffff,0.0,0.0,1.0,0.0,0.0,0.0,0.0,1.0,0.0,0.0,0.0,0.0,116635.55555555556,0.0,2.0,769.6793002915452,0.0,0.0,0.0,0.0,-34.04637762762956,151.0084234759727,27.06876444459147,0.0,0.0,nothing,0.0,0
88be08c103fffff,0.0,0.0,2.0,0.0,0.0,0.0,0.0,2.0,0.0,0.0,0.0,0.0,291588.8888888889,0.0,0.0,962.0991253644316,0.0,0.0,0.0,0.0,-34.045249823130334,150.99753114413286,27.68050391785732,0.0,0.0,nothing,0.0,0
88be08c105fffff,0.0,0.0,0.0,0.0,0.0,0.0,0.0,0.0,0.0,0.0,0.0,0.0,816448.8888888889,10.0,6.0,384.8396501457726,0.0,0.0,0.0,0.0,-34.039116564857004,151.01504916041014,26.063356613032656,0.0,0.0,nothing,0.0,0
88be08c107fffff,0.0,0.0,2.0,0.0,0.0,0.0,0.0,6.0,0.0,0.0,0.0,68326.2185634331,2857571.111111111,42.0,5.0,769.6793002915452,0.0,2.0,0.0,0.0,-34.037989393987374,151.00415758587098,26.67886915041406,0.0,0.0,nothing,0.0,0
88be08c109fffff,0.0,0.0,4.0,0.0,1.0,0.0,0.0,1.0,0.0,0.0,0.0,0.0,0.0,9.0,16.0,0.0,0.0,4.0,2.0,0.0,-34.05476577766669,151.01269024256948,27.490288688099653,0.0,0.0,nothing,0.0,0
88be08c10bfffff,0.0,0.0,1.0,0.0,0.0,0.0,0.0,3.0,0.0,1.0,0.0,44819.1070652058,0.0,6.0,10.0,1154.5189504373177,0.0,0.0,0.0,0.0,-34.05363828356708,151.00179670362246,28.074599547408074,0.0,0.0,nothing,0.0,0
88be08c10dfffff,0.0,0.0,0.0,0.0,0.0,0.0,0.0,0.0,0.0,0.0,0.0,0.0,0.0,10.0,16.0,0.0,0.0,2.0,2.0,0.0,-34.04750448803966,151.01931625726138,26.481684774672527,0.0,0.0,nothing,0.0,0
88be08c111fffff,0.0,0.0,0.0,0.0,0.0,0.0,0.0,0.0,0.0,0.0,0.0,698644.8446442584,0.0,0.0,0.0,0.0,0.0,0.0,0.0,0.0,-34.05138046268436,150.98001097647625,29.31346063190387,0.0,0.0,nothing,0.0,0
88be08c113fffff,0.0,0.0,0.0,0.0,0.0,0.0,0.0,1.0,0.0,0.0,0.0,655620.8629094909,0.0,0.0,0.0,0.0,0.0,0.0,0.0,0.0,-34.050250136232094,150.96911878979594,29.96510392901185,0.0,0.0,nothing,0.0,0
88be08c115fffff,0.0,0.0,0.0,0.0,0.0,0.0,0.0,1.0,0.0,0.0,0.0,131755.65745318212,0.0,0.0,0.0,962.0991253644316,0.0,0.0,0.0,0.0,-34.04412107470713,150.98663926250137,28.31530329831926,0.0,0.0,nothing,0.0,0
88be08c11dfffff,0.0,0.0,0.0,0.0,0.0,0.0,0.0,0.0,0.0,0.0,0.0,165515.45030802384,0.0,1.0,0.0,1924.198250728863,0.0,0.0,0.0,0.0,-34.05250984518454,150.99090361467154,28.682820147896543,0.0,0.0,nothing,0.0,0
88be08c121fffff,0.0,0.0,0.0,0.0,0.0,0.0,0.0,11.0,0.0,0.0,0.0,0.0,458696.0,10.0,4.0,1539.3586005830905,0.0,0.0,0.0,0.0,-34.02346731650091,151.0174072065398,24.677979004539058,0.0,0.0,nothing,0.0,0
88be08c123fffff,0.0,0.0,1.0,0.0,0.0,0.0,0.0,0.0,0.0,0.0,0.0,0.0,2453104.0,9.0,0.0,0.0,0.0,0.0,0.0,0.0,-34.02234046878659,151.0065175957375,25.32710780979433,0.0,0.0,nothing,0.0,0
88be08c125fffff,0.0,0.0,0.0,0.0,0.0,0.0,0.0,3.0,0.0,1.0,0.0,496339.2511478296,611594.6666666667,48.0,6.0,1154.5189504373177,0.0,0.0,1.0,0.0,-34.01620566919032,151.02403038565183,23.67892630366703,0.0,0.0,nothing,0.0,0
88be08c127fffff,1.0,0.0,9.0,0.0,0.0,0.0,1.0,19.0,0.0,1.0,0.0,4315520.145753869,7492034.666666667,52.0,20.0,0.0,2.0,2.0,1.0,0.0,-34.0150794545381,151.01314153217132,24.333565673417095,2.0,2.0,22 kW,22.0,1
88be08c129fffff,0.0,0.0,1.0,0.0,0.0,0.0,0.0,1.0,0.0,0.0,0.0,0.0,16662.222222222223,1.0,3.0,0.0,0.0,0.0,0.0,0.0,-34.03185509576593,151.02167375702555,25.05842825424992,0.0,0.0,nothing,0.0,0
88be08c12bfffff,0.0,0.0,0.0,0.0,0.0,0.0,0.0,0.0,0.0,0.0,0.0,0.0,2257731.111111111,20.0,12.0,769.6793002915452,0.0,6.0,0.0,0.0,-34.03072855827209,151.01078293997642,25.677996349405333,0.0,0.0,nothing,0.0,0
88be08c12dfffff,0.0,0.0,1.0,0.0,0.0,0.0,0.0,3.0,0.0,0.0,0.0,0.0,0.0,6.0,1.0,384.8396501457726,0.0,0.0,0.0,0.0,-34.02459322087279,151.02829726590969,24.054040257984184,0.0,0.0,nothing,0.0,0
88be08c131fffff,0.0,0.0,0.0,0.0,0.0,0.0,0.0,0.0,0.0,0.0,0.0,120346.23654192184,0.0,1.0,0.0,0.0,0.0,0.0,0.0,0.0,-34.02847265284028,150.98900265398012,26.98870973691608,0.0,0.0,nothing,0.0,0
88be08c135fffff,0.0,0.0,0.0,0.0,0.0,0.0,0.0,1.0,0.0,0.0,0.0,0.0,0.0,0.0,0.0,1924.198250728863,0.0,0.0,0.0,0.0,-34.02121267789469,150.99562843426182,25.999538194419184,0.0,0.0,nothing,0.0,0
88be08c139fffff,0.0,0.0,0.0,0.0,0.0,0.0,0.0,4.0,0.0,0.0,0.0,213650.90053530375,1208011.1111111112,5.0,0.0,962.0991253644316,0.0,0.0,0.0,0.0,-34.03686127938751,150.99326646099303,27.31811523023508,0.0,0.0,nothing,0.0,0
88be08c13dfffff,0.0,0.0,3.0,0.0,0.0,0.0,0.0,1.0,0.0,1.0,0.0,424654.02671525994,2540988.888888889,6.0,0.0,1924.198250728863,2.0,9.0,0.0,0.0,-34.029601077241864,150.9998925720416,26.322007330036737,0.0,0.0,nothing,0.0,0
88be08c141fffff,0.0,0.0,0.0,0.0,0.0,0.0,0.0,0.0,0.0,0.0,0.0,0.0,0.0,3.0,0.0,0.0,0.0,0.0,0.0,0.0,-34.06428008219107,151.02785308110737,27.411092864100464,0.0,0.0,nothing,0.0,0
88be08c143fffff,0.0,1.0,6.0,2.0,0.0,4.0,1.0,15.0,0.0,1.0,0.0,801657.1259041403,0.0,52.0,17.0,0.0,2.0,6.0,2.0,0.0,-34.06315384359701,151.01695788588418,27.942011444537755,0.0,0.0,nothing,0.0,0
88be08c145fffff,0.0,0.0,1.0,0.0,1.0,0.0,0.0,3.0,0.0,0.0,0.0,0.0,2605458.5714285714,8.0,16.0,0.0,0.0,0.0,0.0,0.0,-34.05701793235699,151.03447866741263,26.39968943422666,0.0,0.0,nothing,0.0,0
88be08c147fffff,0.0,0.0,2.0,1.0,0.0,0.0,0.0,3.0,0.0,0.0,0.0,2986.546991205596,0.0,15.0,16.0,0.0,1.0,0.0,1.0,0.0,-34.05589232731827,151.02358423075282,26.931445599023885,0.0,0.0,nothing,0.0,0
88be08c14dfffff,0.0,0.0,0.0,0.0,0.0,0.0,0.0,1.0,0.0,0.0,0.0,0.0,455322.8571428571,0.0,0.0,0.0,0.0,0.0,0.0,0.0,-34.06540537581342,151.038748724594,26.907882102770024,0.0,0.0,nothing,0.0,0
88be08c151fffff,0.0,0.0,0.0,0.0,0.0,0.0,0.0,0.0,0.0,0.0,0.0,0.0,3025054.456928839,2.0,8.0,1154.5189504373177,0.0,0.0,0.0,0.0,-34.069287135111196,150.99943494851613,29.5080612179206,0.0,0.0,nothing,0.0,0
88be08c153fffff,0.0,0.0,0.0,0.0,0.0,0.0,0.0,0.0,0.0,0.0,0.0,0.0,617358.0524344569,0.0,0.0,1924.198250728863,0.0,0.0,0.0,0.0,-34.06815837287128,150.98853989482123,30.087377537042663,0.0,0.0,nothing,0.0,0
88be08c155fffff,0.0,0.0,0.0,0.0,0.0,0.0,0.0,4.0,0.0,3.0,0.0,104739.15550517775,573261.0486891386,27.0,9.0,1539.3586005830905,0.0,5.0,0.0,0.0,-34.06202666019602,151.00606313968464,28.499087728673885,0.0,0.0,nothing,0.0,0
88be08c157fffff,0.0,0.0,0.0,0.0,0.0,0.0,0.0,0.0,0.0,0.0,0.0,0.0,238123.8202247191,0.0,0.0,1346.938775510204,0.0,0.0,0.0,0.0,-34.06089853215313,150.99516884326883,29.08081691452153,0.0,0.0,nothing,0.0,0
88be08c159fffff,0.0,0.0,0.0,0.0,0.0,0.0,0.0,5.0,0.0,0.0,0.0,0.0,2726849.847690387,2.0,8.0,769.6793002915452,0.0,0.0,0.0,0.0,-34.07767565355697,151.00370193063648,29.9633028574507,0.0,0.0,nothing,0.0,0
88be08c15bfffff,0.0,0.0,0.0,0.0,0.0,0.0,0.0,1.0,0.0,0.0,0.0,0.0,1887351.7602996256,0.0,0.0,962.0991253644316,0.0,0.0,0.0,0.0,-34.07654720189575,150.99280566897335,30.51719120209037,0.0,0.0,nothing,0.0,0
88be08c15dfffff,0.0,0.0,6.0,0.0,0.0,0.0,0.0,7.0,0.0,0.0,0.0,470797.0959398977,1772699.5505617978,29.0,15.0,1539.3586005830905,0.0,4.0,1.0,0.0,-34.07041495251541,151.01033045254232,28.95263261650918,0.0,0.0,nothing,0.0,0
88be08c161fffff,0.0,0.0,2.0,0.0,0.0,0.0,0.0,2.0,0.0,0.0,0.0,0.0,0.0,0.0,4.0,0.0,0.0,0.0,0.0,0.0,-34.04136807474592,151.03683365543444,24.910509951123068,0.0,0.0,nothing,0.0,0
88be08c163fffff,0.0,0.0,0.0,0.0,0.0,0.0,0.0,1.0,0.0,0.0,0.0,0.0,0.0,6.0,8.0,0.0,0.0,0.0,1.0,0.0,-34.040242791831446,151.02594118385116,25.47329992962119,0.0,0.0,nothing,0.0,0
88be08c165fffff,0.0,0.0,1.0,0.0,0.0,0.0,0.0,3.0,0.0,0.0,0.0,15115.684105870292,237494.8888888889,2.0,2.0,0.0,0.0,1.0,0.0,0.0,-34.03410533948545,151.04345673542946,23.900158335481336,0.0,0.0,nothing,0.0,0
88be08c167fffff,0.0,0.0,0.0,0.0,0.0,0.0,0.0,2.0,0.0,0.0,0.0,0.0,0.0,8.0,11.0,0.0,1.0,0.0,1.0,0.0,-34.03298068955857,151.03256502242968,24.46516202744029,0.0,0.0,nothing,0.0,0
88be08c169fffff,0.0,0.0,2.0,0.0,0.0,0.0,0.0,2.0,0.0,0.0,0.0,0.0,7141301.365079365,9.0,16.0,0.0,0.0,0.0,1.0,0.0,-34.04975537593307,151.04110316514655,25.38828402144475,0.0,0.0,nothing,0.0,0
88be08c16bfffff,0.0,0.0,2.0,0.0,0.0,0.0,0.0,2.0,0.0,0.0,0.0,15306.019169939682,0.0,7.0,10.0,0.0,1.0,0.0,0.0,0.0,-34.04863040419572,151.03020948723926,25.92094230499272,0.0,0.0,nothing,0.0,0
88be08c16dfffff,0.0,1.0,5.0,1.0,0.0,1.0,1.0,3.0,0.0,0.0,0.0,849669.2387805374,6608029.238095238,15.0,27.0,0.0,3.0,5.0,3.0,0.0,-34.04249241343594,151.0477265744003,24.37687716811528,0.0,0.0,nothing,0.0,0
88be08c1a5fffff,0.0,0.0,0.0,0.0,0.0,0.0,0.0,0.0,0.0,0.0,0.0,23489.029487859338,0.0,0.0,0.0,0.0,0.0,0.0,0.0,0.0,-34.008302369748016,150.9478178622149,28.702546848540827,0.0,0.0,nothing,0.0,0
88be08c1b3fffff,0.0,0.0,0.0,0.0,0.0,0.0,0.0,0.0,0.0,0.0,0.0,0.0,0.0,0.0,1.0,2886.2973760932946,0.0,0.0,0.0,0.0,-34.01941131614043,150.90189959595213,32.96445567046613,0.0,0.0,nothing,0.0,0
88be08c1b7fffff,0.0,0.0,0.0,0.0,0.0,0.0,0.0,0.0,0.0,0.0,0.0,0.0,0.0,0.0,0.0,4810.495626822158,0.0,0.0,0.0,0.0,-34.01215641622801,150.90853140922405,32.03142494754221,0.0,0.0,nothing,0.0,0
88be08c201fffff,0.0,0.0,0.0,0.0,0.0,0.0,0.0,0.0,0.0,0.0,0.0,0.0,4134835.838827838,0.0,0.0,0.0,0.0,0.0,0.0,0.0,-34.15591994776938,150.9918827773176,37.65144371276582,0.0,0.0,nothing,0.0,0
88be08c203fffff,0.0,0.0,0.0,0.0,0.0,0.0,0.0,0.0,0.0,0.0,0.0,0.0,4386979.692307692,0.0,0.0,6349.854227405248,0.0,0.0,0.0,0.0,-34.154789876897134,150.98097667933655,38.093922233969145,0.0,0.0,nothing,0.0,0
88be08c205fffff,0.0,0.0,0.0,0.0,0.0,0.0,0.0,0.0,0.0,0.0,0.0,0.0,3020738.139194139,0.0,0.0,0.0,0.0,0.0,0.0,0.0,-34.148660172835456,150.99851840294446,36.64388495789754,0.0,0.0,nothing,0.0,0
88be08c207fffff,0.0,0.0,1.0,0.0,0.0,0.0,0.0,0.0,0.0,0.0,0.0,212967.9608609391,4299224.82051282,0.0,0.0,2501.457725947522,0.0,0.0,0.0,0.0,-34.14753073778907,150.98761306344156,37.08451869400188,0.0,0.0,nothing,0.0,0
88be08c209fffff,0.0,0.0,0.0,0.0,0.0,0.0,0.0,0.0,0.0,0.0,0.0,0.0,205460.92307692303,0.0,0.0,0.0,0.0,0.0,0.0,0.0,-34.16430906921259,150.99615336979468,38.236674815908565,0.0,0.0,nothing,0.0,0
88be08c20bfffff,0.0,0.0,0.0,0.0,0.0,0.0,0.0,1.0,0.0,0.0,0.0,0.0,5012376.644688644,0.0,0.0,0.0,0.0,0.0,0.0,0.0,-34.16317931041404,150.98524606117803,38.659197370250816,0.0,0.0,nothing,0.0,0
88be08c20dfffff,0.0,0.0,0.0,0.0,0.0,0.0,0.0,0.0,0.0,0.0,0.0,0.0,463764.77655677655,0.0,0.0,0.0,0.0,0.0,0.0,0.0,-34.15704907068201,151.0027893270972,37.231296633740115,0.0,0.0,nothing,0.0,0
88be08c215fffff,0.0,0.0,0.0,0.0,0.0,0.0,0.0,0.0,0.0,0.0,0.0,0.0,616382.7692307692,0.0,0.0,2693.877551020408,0.0,0.0,0.0,0.0,-34.153658858231175,150.9700710339162,38.557962188901726,0.0,0.0,nothing,0.0,0
88be08c217fffff,0.0,0.0,0.0,0.0,0.0,0.0,0.0,0.0,0.0,0.0,0.0,0.0,0.0,0.0,0.0,384.8396501457726,0.0,0.0,0.0,0.0,-34.15252689193759,150.95916584181853,39.04279358368619,0.0,0.0,nothing,0.0,0
88be08c219fffff,0.0,0.0,0.0,0.0,0.0,0.0,0.0,0.0,0.0,0.0,0.0,65304.79946574717,58703.12087912088,0.0,0.0,0.0,0.0,0.0,0.0,0.0,-34.16930691696804,150.96770064006972,40.11301230510798,0.0,0.0,nothing,0.0,0
88be08c21dfffff,0.0,0.0,0.0,0.0,0.0,0.0,0.0,0.0,0.0,0.0,0.0,0.0,4578843.428571428,0.0,0.0,3463.5568513119533,0.0,0.0,0.0,0.0,-34.16204860346227,150.97433920490946,39.10342272550598,0.0,0.0,nothing,0.0,0
88be08c221fffff,0.0,0.0,0.0,0.0,0.0,0.0,0.0,1.0,0.0,0.0,0.0,234417.87952658,5510566.325966851,0.0,0.0,0.0,0.0,0.0,0.0,0.0,-34.13301122400988,151.00088256104783,35.06603841652805,0.0,0.0,nothing,0.0,0
88be08c223fffff,0.0,0.0,2.0,0.0,0.0,1.0,0.0,6.0,0.0,0.0,0.0,125501.24287046648,6632014.91160221,4.0,2.0,2886.2973760932946,0.0,3.0,1.0,0.0,-34.1318821126411,150.98997918998546,35.52620386743056,0.0,0.0,nothing,0.0,0
88be08c225fffff,0.0,0.0,0.0,0.0,0.0,0.0,0.0,0.0,0.0,0.0,0.0,0.0,77341.2817679558,0.0,0.0,0.0,0.0,0.0,0.0,0.0,-34.1257508503717,151.00751567473057,34.056982298494496,0.0,0.0,nothing,0.0,0
88be08c227fffff,0.0,0.0,0.0,0.0,0.0,0.0,0.0,0.0,0.0,0.0,0.0,0.0,3712381.5248618782,0.0,0.0,384.8396501457726,0.0,0.0,0.0,0.0,-34.124622374261214,150.9966130621684,34.51570060773729,0.0,0.0,nothing,0.0,0
88be08c229fffff,0.0,0.0,0.0,0.0,0.0,0.0,0.0,1.0,0.0,0.0,0.0,0.0,386706.40883977903,0.0,0.0,0.0,0.0,0.0,0.0,0.0,-34.14139998612878,151.00515293814934,35.636538240575646,0.0,0.0,nothing,0.0,0
88be08c22bfffff,1.0,0.0,1.0,0.0,0.0,0.0,0.0,4.0,0.0,0.0,0.0,285411.505478459,5159828.547042277,4.0,0.0,769.6793002915452,0.0,0.0,0.0,0.0,-34.1402711866545,150.9942483573151,36.075220842756,0.0,0.0,nothing,0.0,0
88be08c22dfffff,0.0,0.0,0.0,0.0,0.0,0.0,0.0,1.0,0.0,0.0,0.0,0.0,0.0,0.0,0.0,0.0,0.0,0.0,0.0,0.0,-34.13413938816586,151.01178638302318,34.62942267986105,0.0,0.0,nothing,0.0,0
88be08c235fffff,0.0,0.0,0.0,0.0,0.0,0.0,0.0,1.0,0.0,0.0,0.0,0.0,812083.4585635359,0.0,0.0,0.0,0.0,0.0,0.0,0.0,-34.13075205422513,150.9790762705978,36.00901491216335,0.0,0.0,nothing,0.0,0
88be08c239fffff,0.0,0.0,0.0,0.0,0.0,0.0,0.0,0.0,0.0,0.0,0.0,0.0,526435.6923076923,0.0,0.0,0.0,0.0,0.0,0.0,0.0,-34.1464003551425,150.97670817594994,37.54733857262844,0.0,0.0,nothing,0.0,0
88be08c23bfffff,0.0,0.0,0.0,0.0,0.0,0.0,0.0,0.0,0.0,0.0,0.0,0.0,0.0,0.0,0.0,769.6793002915452,0.0,0.0,0.0,0.0,-34.145269025061694,150.96580374123144,38.03153339747161,0.0,0.0,nothing,0.0,0
88be08c23dfffff,0.0,0.0,3.0,0.0,0.0,0.0,0.0,2.0,0.0,0.0,0.0,85142.92084827881,1912453.1295812845,0.0,0.0,2886.2973760932946,0.0,0.0,0.0,0.0,-34.139141439773674,150.9833442279429,36.53675123182025,0.0,0.0,nothing,0.0,0
88be08c243fffff,0.0,0.0,0.0,0.0,0.0,0.0,0.0,1.0,0.0,0.0,0.0,0.0,0.0,0.0,0.0,0.0,0.0,0.0,0.0,0.0,-34.172698101616724,151.00042484109653,38.83938514000458,0.0,0.0,nothing,0.0,0
88be08c245fffff,0.0,0.0,0.0,0.0,0.0,0.0,0.0,1.0,0.0,0.0,0.0,0.0,0.0,0.0,0.0,0.0,0.0,0.0,0.0,0.0,-34.16656574168703,151.0179693410222,37.45964300826387,0.0,0.0,nothing,0.0,0
88be08c249fffff,0.0,0.0,0.0,0.0,0.0,0.0,0.0,1.0,0.0,0.0,0.0,0.0,0.0,0.0,0.0,0.0,0.0,0.0,0.0,0.0,-34.18221522919484,151.01560737293258,39.09743936016822,0.0,0.0,nothing,0.0,0
88be08c24bfffff,0.0,0.0,0.0,0.0,0.0,0.0,0.0,0.0,0.0,0.0,0.0,0.0,0.0,0.0,0.0,0.0,0.0,1.0,0.0,0.0,-34.181087044479696,151.004697191447,39.458774357489425,0.0,0.0,nothing,0.0,0
88be08c24dfffff,0.0,0.0,0.0,0.0,0.0,0.0,0.0,1.0,0.0,0.0,0.0,0.0,0.0,0.0,0.0,0.0,0.0,0.0,0.0,0.0,-34.17495414826681,151.02224323324802,38.101581885722304,0.0,0.0,nothing,0.0,0
88be08c253fffff,0.0,0.0,0.0,0.0,0.0,0.0,0.0,0.0,0.0,0.0,0.0,0.0,0.0,0.0,0.0,4040.816326530612,0.0,0.0,0.0,0.0,-34.177696796769816,150.97196935699787,40.67522930453211,0.0,0.0,nothing,0.0,0
88be08c255fffff,0.0,0.0,0.0,0.0,0.0,0.0,0.0,0.0,0.0,0.0,0.0,0.0,616382.7692307692,0.0,0.0,0.0,0.0,0.0,0.0,0.0,-34.17156865519121,150.98951632169812,39.242356884459134,0.0,0.0,nothing,0.0,0
88be08c257fffff,0.0,0.0,0.0,0.0,0.0,0.0,0.0,0.0,0.0,0.0,0.0,0.0,2465531.076923077,0.0,0.0,769.6793002915452,0.0,0.0,0.0,0.0,-34.170438260253,150.978608254435,39.66713052845328,0.0,0.0,nothing,0.0,0
88be08c259fffff,0.0,0.0,0.0,0.0,0.0,0.0,0.0,0.0,0.0,0.0,0.0,0.0,0.0,3.0,5.0,0.0,3.0,0.0,0.0,0.0,-34.18721730650539,150.98714898997844,40.846244095752766,0.0,0.0,nothing,0.0,0
88be08c25bfffff,0.0,0.0,0.0,0.0,0.0,0.0,0.0,1.0,0.0,0.0,0.0,93993.16880283848,0.0,0.0,0.0,0.0,0.0,0.0,0.0,0.0,-34.18608658742664,150.97623895275964,41.25454165853321,0.0,0.0,nothing,0.0,0
88be08c25dfffff,0.0,0.0,1.0,0.0,0.0,0.0,0.0,1.0,0.0,0.0,0.0,95769.88647117755,0.0,0.0,6.0,0.0,0.0,1.0,0.0,0.0,-34.17995791072664,150.99378746112066,39.84261610248798,0.0,0.0,nothing,0.0,0
88be08c261fffff,0.0,0.0,0.0,0.0,0.0,0.0,0.0,0.0,0.0,0.0,0.0,0.0,0.0,0.0,0.0,0.0,0.0,1.0,0.0,0.0,-34.150916199465094,151.0203304349355,35.8324139400056,0.0,0.0,nothing,0.0,0
88be08c263fffff,0.0,0.0,0.0,0.0,0.0,0.0,0.0,0.0,0.0,0.0,0.0,0.0,0.0,0.0,0.0,0.0,1.0,0.0,0.0,0.0,-34.14978866011595,151.00942419369653,36.22624823539345,0.0,0.0,nothing,0.0,0
88be08c265fffff,0.0,0.0,0.0,0.0,0.0,0.0,0.0,5.0,0.0,0.0,0.0,0.0,0.0,0.0,0.0,0.0,0.0,2.0,0.0,0.0,-34.14365474219582,151.02696345115586,34.83113002891786,0.0,0.0,nothing,0.0,0
88be08c26dfffff,0.0,0.0,0.0,0.0,0.0,0.0,0.0,2.0,0.0,0.0,0.0,22248.266495221153,0.0,0.0,0.0,0.0,0.0,2.0,0.0,0.0,-34.15204279071762,151.03123712589888,35.4631763925705,0.0,0.0,nothing,0.0,0
88be08c2a5fffff,0.0,0.0,2.0,0.0,0.0,0.0,0.0,0.0,0.0,0.0,0.0,10929.624854765903,0.0,0.0,0.0,0.0,0.0,1.0,0.0,0.0,-34.11783163948086,150.9312068870795,37.72527088815721,0.0,0.0,nothing,0.0,0
88be08c2e5fffff,0.0,0.0,0.0,0.0,0.0,0.0,0.0,0.0,0.0,0.0,0.0,0.0,0.0,0.0,0.0,1924.198250728863,0.0,0.0,0.0,0.0,-34.13574651635084,150.95063455621525,38.04989794320831,0.0,0.0,nothing,0.0,0
88be08c2edfffff,0.0,0.0,0.0,0.0,0.0,0.0,0.0,0.0,0.0,0.0,0.0,0.0,0.0,0.0,0.0,2693.877551020408,0.0,0.0,0.0,0.0,-34.14413674771281,150.9548997600478,38.536296251331,0.0,0.0,nothing,0.0,0
88be08c301fffff,0.0,0.0,0.0,0.0,0.0,0.0,0.0,7.0,0.0,0.0,0.0,0.0,0.0,0.0,0.0,0.0,0.0,1.0,0.0,0.0,-34.1050928940829,151.03830926102876,30.60374202751499,0.0,0.0,nothing,0.0,0
88be08c303fffff,0.0,0.0,0.0,0.0,0.0,0.0,0.0,1.0,0.0,0.0,0.0,0.0,0.0,0.0,0.0,0.0,0.0,0.0,0.0,0.0,-34.10396726866107,151.02740847638796,31.03070173501511,0.0,0.0,nothing,0.0,0
88be08c305fffff,0.0,0.0,0.0,0.0,0.0,0.0,0.0,2.0,0.0,0.0,0.0,0.0,0.0,0.0,0.0,0.0,0.0,0.0,0.0,0.0,-34.097830247587346,151.04493725561366,29.598162610964863,0.0,0.0,nothing,0.0,0
88be08c307fffff,0.0,0.0,0.0,0.0,0.0,0.0,0.0,1.0,0.0,0.0,0.0,0.0,0.0,0.0,0.0,0.0,0.0,0.0,0.0,0.0,-34.09670525621405,151.03403723078034,30.02228947874593,0.0,0.0,nothing,0.0,0
88be08c30dfffff,0.0,0.0,0.0,0.0,0.0,0.0,0.0,1.0,0.0,0.0,0.0,0.0,0.0,0.0,0.0,0.0,0.0,0.0,0.0,0.0,-34.10621757290319,151.0492104936272,30.2047653343547,0.0,0.0,nothing,0.0,0
88be08c317fffff,0.0,0.0,0.0,0.0,0.0,0.0,0.0,0.0,0.0,0.0,0.0,0.0,1516414.6666666665,0.0,0.0,0.0,0.0,0.0,0.0,0.0,-34.10171317867188,151.00560825402505,31.964005862226593,0.0,0.0,nothing,0.0,0
88be08c321fffff,0.0,0.0,0.0,0.0,0.0,0.0,0.0,6.0,0.0,0.0,0.0,0.0,0.0,0.0,0.0,0.0,0.0,0.0,0.0,0.0,-34.08218000660442,151.04729147087207,28.006103950893255,0.0,0.0,nothing,0.0,0
88be08c325fffff,0.0,0.0,7.0,0.0,3.0,2.0,0.0,64.0,0.0,0.0,0.0,483676.8798729279,0.0,0.0,0.0,0.0,0.0,13.0,0.0,0.0,-34.0749167704751,151.0539169567542,26.998379868273176,0.0,0.0,nothing,0.0,0
88be08c327fffff,0.0,0.0,0.0,0.0,0.0,0.0,0.0,2.0,0.0,0.0,0.0,0.0,0.0,0.0,0.0,0.0,0.0,0.0,0.0,0.0,-34.07379273406319,151.0430196590062,27.44388554642639,0.0,0.0,nothing,0.0,0
88be08c329fffff,0.0,0.0,0.0,0.0,0.0,0.0,0.0,2.0,0.0,0.0,0.0,0.0,0.0,0.0,0.0,0.0,0.0,0.0,0.0,0.0,-34.090567192935175,151.05156416041464,28.592991888093607,0.0,0.0,nothing,0.0,0
88be08c32dfffff,0.0,0.0,1.0,0.0,1.0,0.0,0.0,11.0,0.0,0.0,0.0,359553.45441144577,0.0,0.0,0.0,0.0,0.0,2.0,0.0,0.0,-34.08330373064307,151.0581899755232,27.588275250514,0.0,0.0,nothing,0.0,0
88be08c331fffff,1.0,0.0,0.0,0.0,0.0,0.0,0.0,3.0,0.0,0.0,0.0,0.0,361051.1111111111,0.0,5.0,0.0,0.0,0.0,0.0,0.0,-34.08719128221832,151.01886770953607,29.941530229878744,0.0,0.0,nothing,0.0,0
88be08c333fffff,2.0,1.0,3.0,0.0,0.0,0.0,0.0,13.0,0.0,2.0,0.0,288621.25410483096,5144978.333333333,21.0,14.0,0.0,0.0,9.0,0.0,0.0,-34.086064086988664,151.0079697898529,30.445286812304364,0.0,0.0,nothing,0.0,0
88be08c335fffff,0.0,0.0,0.0,0.0,0.0,0.0,0.0,1.0,0.0,0.0,0.0,0.0,0.0,0.0,0.0,0.0,0.0,0.0,0.0,0.0,-34.07992972113007,151.02549580355884,28.930303874823608,0.0,0.0,nothing,0.0,0
88be08c337fffff,0.0,0.0,1.0,0.0,0.0,0.0,0.0,4.0,0.0,1.0,0.0,77274.13980481276,123471.61048689138,19.0,9.0,0.0,1.0,1.0,0.0,0.0,-34.07880316002345,151.01459864241846,29.433891943455865,0.0,0.0,nothing,0.0,0
88be08c33bfffff,0.0,0.0,0.0,0.0,0.0,0.0,0.0,0.0,0.0,0.0,0.0,0.0,3953509.6666666665,0.0,0.0,0.0,0.0,0.0,0.0,0.0,-34.09445243490443,151.01223852638844,30.95276469245342,0.0,0.0,nothing,0.0,0
88be08c33dfffff,0.0,0.0,0.0,0.0,0.0,0.0,0.0,4.0,0.0,0.0,0.0,0.0,0.0,0.0,0.0,0.0,0.0,0.0,0.0,0.0,-34.08831753172914,151.0297660783647,29.464029507281452,0.0,0.0,nothing,0.0,0
88be08c343fffff,0.0,0.0,0.0,0.0,0.0,0.0,0.0,2.0,0.0,0.0,0.0,0.0,0.0,0.0,0.0,0.0,0.0,0.0,0.0,0.0,-34.12186790796453,151.0468559559167,31.831093930837635,0.0,0.0,nothing,0.0,0
88be08c345fffff,0.0,0.0,0.0,0.0,0.0,0.0,0.0,1.0,0.0,0.0,0.0,0.0,0.0,0.0,0.0,0.0,1.0,0.0,0.0,0.0,-34.11572822964508,151.06438749733212,30.48713844470941,0.0,0.0,nothing,0.0,0
88be08c359fffff,0.0,0.0,0.0,0.0,0.0,0.0,0.0,4.0,0.0,0.0,0.0,0.0,0.0,0.0,0.0,0.0,0.0,0.0,0.0,0.0,-34.13639287417821,151.03359537666526,33.83044403246455,0.0,0.0,nothing,0.0,0
88be08c35dfffff,0.0,0.0,0.0,0.0,0.0,0.0,0.0,2.0,0.0,0.0,0.0,0.0,0.0,0.0,0.0,0.0,0.0,0.0,0.0,0.0,-34.129130595928885,151.04022621155508,32.830411260939805,0.0,0.0,nothing,0.0,0
88be08c363fffff,0.0,0.0,0.0,0.0,0.0,0.0,0.0,1.0,0.0,0.0,0.0,0.0,0.0,0.0,0.0,0.0,0.0,1.0,0.0,0.0,-34.09895429255353,151.05583772785678,29.2030629434113,0.0,0.0,nothing,0.0,0
88be08c36bfffff,0.0,0.0,0.0,0.0,0.0,0.0,0.0,1.0,0.0,0.0,0.0,0.0,0.0,0.0,0.0,0.0,0.0,0.0,0.0,0.0,-34.107341304957494,151.0601121734216,29.834895846455797,0.0,0.0,nothing,0.0,0
88be08c401fffff,0.0,0.0,0.0,0.0,0.0,0.0,0.0,0.0,0.0,0.0,0.0,0.0,0.0,0.0,0.0,192.4198250728863,0.0,0.0,0.0,0.0,-34.13198964508946,150.76295076973184,50.523657009465985,0.0,0.0,nothing,0.0,0
88be08c405fffff,0.0,0.0,0.0,0.0,0.0,0.0,0.0,0.0,0.0,0.0,0.0,0.0,419055.10204081633,0.0,0.0,4233.236151603499,0.0,0.0,0.0,0.0,-34.12474326291767,150.76960220788763,49.56001300761083,0.0,0.0,nothing,0.0,0
88be08c407fffff,0.0,0.0,0.0,0.0,0.0,0.0,0.0,0.0,0.0,0.0,0.0,0.0,3561968.367346939,0.0,0.0,0.0,0.0,0.0,0.0,0.0,-34.123593963424604,150.758706520357,50.31693050186102,0.0,0.0,nothing,0.0,0
88be08c409fffff,0.0,0.0,0.0,0.0,0.0,0.0,0.0,0.0,0.0,0.0,0.0,0.0,0.0,0.0,0.0,4040.816326530612,0.0,0.0,0.0,0.0,-34.140385244502156,150.7671958946012,50.74965712747485,0.0,0.0,nothing,0.0,0
88be08c40dfffff,0.0,0.0,0.0,0.0,0.0,0.0,0.0,0.0,0.0,0.0,0.0,0.0,0.0,0.0,0.0,1346.938775510204,0.0,0.0,0.0,0.0,-34.133138640009946,150.77384767194508,49.78017400449531,0.0,0.0,nothing,0.0,0
88be08c411fffff,0.0,0.0,0.0,0.0,0.0,0.0,0.0,0.0,0.0,0.0,0.0,0.0,0.0,0.0,0.0,577.2594752186588,0.0,0.0,0.0,0.0,-34.13693350631071,150.73450435183565,52.99517055549861,0.0,0.0,nothing,0.0,0
88be08c415fffff,0.0,0.0,0.0,0.0,0.0,0.0,0.0,1.0,0.0,0.0,0.0,2858.827517547008,48434.81481481482,2.0,0.0,0.0,0.0,1.0,1.0,0.0,-34.12968882213731,150.74115836935258,52.03790789728801,0.0,0.0,nothing,0.0,0
88be08c417fffff,0.0,0.0,0.0,0.0,0.0,0.0,0.0,0.0,0.0,0.0,0.0,0.0,6919.259259259259,0.0,0.0,962.0991253644316,0.0,0.0,0.0,0.0,-34.128536994447394,150.73026287270247,52.80789146414186,0.0,0.0,nothing,0.0,0
88be08c41bfffff,0.0,0.0,0.0,0.0,0.0,0.0,0.0,0.0,0.0,0.0,0.0,0.0,0.0,0.0,0.0,577.2594752186588,0.0,0.0,0.0,0.0,-34.14417777186994,150.7278492481588,53.95439386673951,0.0,0.0,nothing,0.0,0
88be08c421fffff,0.0,0.0,0.0,0.0,0.0,0.0,0.0,1.0,0.0,0.0,0.0,0.0,775251.9387755103,0.0,0.0,4618.075801749271,0.0,0.0,0.0,0.0,-34.10910122730935,150.77200763204797,48.40435715105816,0.0,0.0,nothing,0.0,0
88be08c423fffff,0.0,0.0,0.0,0.0,0.0,0.0,0.0,0.0,0.0,0.0,0.0,0.0,5049613.979591837,0.0,0.0,0.0,0.0,0.0,0.0,0.0,-34.10795226308445,150.76111390580851,49.17903247105912,0.0,0.0,nothing,0.0,0
88be08c425fffff,0.0,0.0,0.0,0.0,0.0,0.0,0.0,0.0,0.0,0.0,0.0,0.0,0.0,2.0,0.0,962.0991253644316,0.0,0.0,0.0,0.0,-34.101854234541854,150.77865655883733,47.45147713624999,0.0,0.0,nothing,0.0,0
88be08c427fffff,0.0,0.0,8.0,0.0,0.0,0.0,0.0,2.0,0.0,0.0,0.0,457673.19057974085,0.0,9.0,10.0,1731.778425655977,1.0,14.0,1.0,0.0,-34.10070590960687,150.76776357955092,48.23080503239856,0.0,0.0,nothing,0.0,0
88be08c42bfffff,0.0,0.0,0.0,0.0,0.0,0.0,0.0,0.0,0.0,0.0,0.0,0.0,6306779.285714286,0.0,0.0,2501.457725947522,0.0,0.0,0.0,0.0,-34.11634780377539,150.76535761925018,49.35955237860822,0.0,0.0,nothing,0.0,0
88be08c42dfffff,0.0,0.0,0.0,0.0,0.0,0.0,0.0,0.0,0.0,0.0,0.0,0.0,0.0,4.0,0.0,0.0,0.0,0.0,0.0,0.0,-34.11024924784795,150.78290182515482,47.63862172762736,0.0,0.0,nothing,0.0,0
88be08c431fffff,0.0,0.0,0.0,0.0,0.0,0.0,0.0,1.0,0.0,0.0,0.0,21751.21340426035,835538.0272108844,0.0,0.0,0.0,0.0,1.0,0.0,0.0,-34.11404765253661,150.74356914143078,50.90837970332284,0.0,0.0,nothing,0.0,0
88be08c433fffff,0.0,0.0,0.0,0.0,0.0,0.0,0.0,0.0,0.0,0.0,0.0,0.0,411695.9259259259,0.0,0.0,962.0991253644316,0.0,0.0,0.0,0.0,-34.11289616152935,150.7326756055426,51.69515982549514,0.0,0.0,nothing,0.0,0
88be08c435fffff,0.0,0.0,0.0,0.0,0.0,0.0,0.0,0.0,0.0,0.0,0.0,297512.14592635026,1760031.4285714286,3.0,1.0,0.0,0.0,0.0,1.0,0.0,-34.10680235534373,150.750220647194,49.96223082524243,0.0,0.0,nothing,0.0,0
88be08c437fffff,0.0,0.0,0.0,0.0,0.0,0.0,0.0,26.0,0.0,0.0,0.0,41498.88744605446,93410.0,0.0,1.0,0.0,0.0,0.0,0.0,0.0,-34.1056515042579,150.73932785696172,50.75355664103223,0.0,0.0,nothing,0.0,0
88be08c439fffff,0.0,0.0,0.0,0.0,0.0,1.0,0.0,0.0,0.0,0.0,0.0,2858.827517547008,1057016.776266062,0.0,1.0,0.0,0.0,2.0,0.0,0.0,-34.122443719864975,150.747811300796,51.08271658828777,0.0,0.0,nothing,0.0,0
88be08c43bfffff,0.0,0.0,0.0,0.0,0.0,0.0,0.0,0.0,0.0,0.0,0.0,0.0,586407.2222222222,0.0,0.0,192.4198250728863,0.0,0.0,0.0,0.0,-34.12129253240957,150.73691654996242,51.856977387944795,0.0,0.0,nothing,0.0,0
88be08c43dfffff,0.0,0.0,0.0,0.0,0.0,0.0,0.0,1.0,0.0,0.0,0.0,0.0,6879227.955404384,0.0,0.0,0.0,0.0,0.0,0.0,0.0,-34.11519820000892,150.75446314625245,50.12971550970389,0.0,0.0,nothing,0.0,0
88be08c443fffff,0.0,0.0,0.0,0.0,0.0,0.0,0.0,0.0,0.0,0.0,0.0,0.0,0.0,0.0,0.0,2886.2973760932946,0.0,0.0,0.0,0.0,-34.14878076116128,150.77144189518938,50.994675129744465,0.0,0.0,nothing,0.0,0
88be08c453fffff,0.0,0.0,0.0,0.0,0.0,0.0,0.0,0.0,0.0,0.0,0.0,27417.720463934013,0.0,0.0,0.0,0.0,0.0,0.0,0.0,0.0,-34.15372628396838,150.74298993613309,53.42510016922133,0.0,0.0,nothing,0.0,0
88be08c45dfffff,0.0,0.0,0.0,0.0,0.0,0.0,0.0,0.0,0.0,0.0,0.0,0.0,0.0,0.0,0.0,2693.877551020408,0.0,0.0,0.0,0.0,-34.156027169648475,150.7647886917041,51.9709557159634,0.0,0.0,nothing,0.0,0
88be08c485fffff,0.0,0.0,0.0,0.0,0.0,0.0,0.0,0.0,0.0,0.0,0.0,0.0,874853.6296296295,0.0,0.0,0.0,0.0,0.0,0.0,0.0,-34.11667834705496,150.69334224904964,55.03153670949611,0.0,0.0,nothing,0.0,0
88be08c48dfffff,0.0,0.0,0.0,0.0,0.0,0.0,0.0,0.0,0.0,0.0,0.0,0.0,482367.9259259259,0.0,0.0,0.0,0.0,0.0,0.0,0.0,-34.12507584857755,150.69757920600094,55.16494432168685,0.0,0.0,nothing,0.0,0
88be08c4a1fffff,0.0,0.0,0.0,0.0,0.0,0.0,0.0,1.0,0.0,0.0,0.0,0.0,0.0,0.0,0.0,0.0,0.0,0.0,0.0,0.0,-34.101038669885824,150.69576139499569,53.992913866862246,0.0,0.0,nothing,0.0,0
88be08c4a5fffff,0.0,0.0,2.0,0.0,1.0,0.0,0.0,4.0,0.0,0.0,0.0,0.0,0.0,2.0,0.0,0.0,0.0,11.0,0.0,0.0,-34.09379615613425,150.70241553888422,53.07262650548211,0.0,0.0,nothing,0.0,0
88be08c4a7fffff,1.0,0.0,1.0,0.0,0.0,0.0,0.0,1.0,0.0,0.0,0.0,528546.291882458,0.0,5.0,5.0,0.0,0.0,0.0,0.0,0.0,-34.09264123150881,150.69152584501148,53.90391971630395,0.0,0.0,nothing,0.0,0
88be08c4a9fffff,0.0,0.0,0.0,0.0,0.0,0.0,0.0,0.0,0.0,0.0,0.0,38310.28111841674,542289.4074074074,0.0,0.0,0.0,0.0,0.0,0.0,0.0,-34.10943602901012,150.69999781905054,54.10062721979741,0.0,0.0,nothing,0.0,0
88be08c4abfffff,0.0,0.0,0.0,0.0,0.0,0.0,0.0,0.0,0.0,0.0,0.0,0.0,95874.37037037036,0.0,0.0,0.0,0.0,0.0,0.0,0.0,-34.10828076557646,150.6891061664668,54.91639074196857,0.0,0.0,nothing,0.0,0
88be08c4b5fffff,0.0,0.0,0.0,0.0,0.0,0.0,0.0,0.0,0.0,0.0,0.0,0.0,0.0,0.0,1.0,0.0,0.0,0.0,0.0,0.0,-34.09872659708459,150.6739809939828,55.65247567192394,0.0,0.0,nothing,0.0,0
88be08c4c5fffff,0.0,0.0,0.0,0.0,0.0,0.0,0.0,0.0,0.0,0.0,0.0,0.0,0.0,0.0,0.0,657.8073089700997,0.0,0.0,0.0,0.0,-34.13462762585512,150.7127123378819,54.53488204425987,0.0,0.0,nothing,0.0,0
88be08c4cdfffff,0.0,0.0,0.0,0.0,0.0,0.0,0.0,0.0,0.0,0.0,0.0,0.0,0.0,0.0,0.0,725.2747252747253,0.0,0.0,0.0,0.0,-34.143024662956826,150.7169522604625,54.71618366335751,0.0,0.0,nothing,0.0,0
88be08c4e1fffff,0.0,0.0,0.0,0.0,0.0,0.0,0.0,0.0,0.0,0.0,0.0,165518.08473764127,11984.296296296296,0.0,0.0,0.0,0.0,0.0,0.0,1.0,-34.11898732649596,150.71512845750732,53.429441556003184,0.0,0.0,nothing,0.0,0
88be08c4e3fffff,0.0,0.0,0.0,0.0,0.0,0.0,0.0,0.0,0.0,0.0,0.0,0.0,1015669.111111111,0.0,0.0,0.0,0.0,0.0,0.0,0.0,-34.11783330838054,150.7042351174003,54.22694874206759,0.0,0.0,nothing,0.0,0
88be08c4e7fffff,0.0,0.0,0.0,0.0,0.0,0.0,0.0,0.0,0.0,0.0,0.0,0.0,83890.07407407407,0.0,0.0,0.0,0.0,0.0,0.0,0.0,-34.110590349594645,150.71088994359553,53.29162245251657,0.0,0.0,nothing,0.0,0
88be08c4e9fffff,0.0,0.0,0.0,0.0,0.0,0.0,0.0,0.0,0.0,0.0,0.0,0.0,0.0,0.0,0.0,577.2594752186588,0.0,0.0,0.0,0.0,-34.12738422284312,150.71936784608886,53.58595451480472,0.0,0.0,nothing,0.0,0
88be08c4ebfffff,0.0,0.0,0.0,0.0,0.0,0.0,0.0,0.0,0.0,0.0,0.0,0.0,167780.14814814815,0.0,0.0,0.0,0.0,0.0,0.0,0.0,-34.12623050749595,150.7084732902693,54.37174924713165,0.0,0.0,nothing,0.0,0
88be08c4edfffff,0.0,0.0,0.0,0.0,0.0,0.0,0.0,0.0,0.0,0.0,0.0,0.0,96869.62962962964,0.0,0.0,1154.5189504373177,0.0,0.0,0.0,0.0,-34.120140401229484,150.72602226861372,52.639337968984854,0.0,0.0,nothing,0.0,0
88be08c501fffff,0.0,0.0,2.0,0.0,0.0,1.0,0.0,2.0,0.0,0.0,0.0,1057169.0242251856,1195282.2,35.0,1.0,0.0,0.0,3.0,2.0,0.0,-34.08125622923587,150.80948802595026,43.823055011264906,0.0,0.0,nothing,0.0,0
88be08c503fffff,0.0,0.0,0.0,0.0,0.0,7.0,0.0,17.0,0.0,0.0,0.0,2704507.87692974,298551.0,31.0,5.0,0.0,4.0,3.0,2.0,7.0,-34.08011076358467,150.7985968240247,44.608215421188625,0.0,0.0,nothing,0.0,0
88be08c505fffff,0.0,0.0,0.0,0.0,0.0,0.0,0.0,1.0,0.0,0.0,0.0,557990.1310465358,2654007.7616161616,17.0,0.0,0.0,0.0,1.0,0.0,0.0,-34.07400693832466,150.81613186129596,42.87571994553995,0.0,0.0,nothing,0.0,0
88be08c507fffff,1.0,0.0,15.0,3.0,0.0,1.0,1.0,23.0,0.0,0.0,0.0,5095748.22218544,2328838.9696969697,121.0,5.0,0.0,4.0,40.0,2.0,0.0,-34.072862110765506,150.8052414076508,43.666145664787635,0.0,0.0,nothing,0.0,0
88be08c509fffff,0.0,0.0,0.0,0.0,0.0,0.0,0.0,0.0,0.0,0.0,0.0,0.0,0.0,7.0,0.0,0.0,0.0,0.0,0.0,0.0,-34.089650266869675,150.81373551922093,44.00260631891971,0.0,0.0,nothing,0.0,0
88be08c50bfffff,0.0,0.0,0.0,0.0,0.0,1.0,0.0,9.0,0.0,1.0,0.0,441848.78661203606,43425.600000000006,11.0,5.0,0.0,1.0,4.0,1.0,0.0,-34.08850510615932,150.8028431047507,44.773180391262095,0.0,0.0,nothing,0.0,0
88be08c50dfffff,0.0,0.0,0.0,0.0,0.0,0.0,0.0,0.0,0.0,0.0,0.0,46347.7687205184,187039.2,13.0,0.0,0.0,0.0,0.0,0.0,0.0,-34.08240075179295,150.82037969178387,43.04741162205057,0.0,0.0,nothing,0.0,0
88be08c511fffff,0.0,0.0,0.0,0.0,0.0,0.0,0.0,3.0,0.0,0.0,0.0,289981.1973781767,0.0,8.0,0.0,0.0,0.0,0.0,0.0,0.0,-34.086211955053734,150.781059669942,46.34232151056629,0.0,0.0,nothing,0.0,0
88be08c513fffff,0.0,0.0,0.0,0.0,0.0,0.0,0.0,1.0,0.0,0.0,0.0,140161.90198474383,0.0,0.0,0.0,11256.559766763849,0.0,1.0,0.0,0.0,-34.085063964998206,150.7701686511183,47.13995462599487,0.0,0.0,nothing,0.0,0
88be08c515fffff,0.0,0.0,0.0,0.0,0.0,0.0,0.0,0.0,0.0,0.0,0.0,144990.59868908834,0.0,6.0,0.0,0.0,0.0,0.0,0.0,0.0,-34.07896435500893,150.78770608676453,45.40239800273967,0.0,0.0,nothing,0.0,0
88be08c517fffff,0.0,0.0,0.0,0.0,0.0,0.0,0.0,1.0,0.0,0.0,0.0,0.0,0.0,4.0,0.0,3271.137026239067,0.0,0.0,0.0,0.0,-34.07781700367844,150.77681581492695,46.20513644098376,0.0,0.0,nothing,0.0,0
88be08c519fffff,0.0,0.0,0.0,0.0,0.0,0.0,0.0,3.0,0.0,0.0,0.0,3627.90703698048,0.0,11.0,0.0,577.2594752186588,0.0,5.0,0.0,0.0,-34.09460682598831,150.78530439970515,46.50105515934417,0.0,0.0,nothing,0.0,0
88be08c51bfffff,0.0,0.0,0.0,0.0,0.0,0.0,0.0,2.0,0.0,0.0,0.0,0.0,0.0,4.0,0.0,4618.075801749271,0.0,0.0,0.0,0.0,-34.09345914009151,150.77441216756645,47.28518141491289,0.0,0.0,nothing,0.0,0
88be08c51dfffff,0.0,0.0,0.0,0.0,0.0,0.0,0.0,1.0,0.0,0.0,0.0,0.0,0.0,23.0,0.0,0.0,0.0,0.0,0.0,0.0,-34.08735900216409,150.79195115473854,45.553245577641434,0.0,0.0,nothing,0.0,0
88be08c521fffff,0.0,0.0,1.0,0.0,0.0,0.0,0.0,13.0,0.0,0.0,0.0,1539610.109012073,2847566.2287352285,41.0,1.0,0.0,4.0,0.0,1.0,0.0,-34.05836356447,150.81852731827232,41.7916896641433,0.0,0.0,nothing,0.0,0
88be08c523fffff,0.0,0.0,0.0,0.0,0.0,0.0,0.0,0.0,0.0,0.0,0.0,0.0,97096.60606060606,2.0,2.0,0.0,0.0,0.0,0.0,0.0,-34.05721906998663,150.80763882478502,42.60219170976091,1.0,1.0,kW,1.0,1
88be08c525fffff,1.0,0.0,11.0,1.0,1.0,3.0,0.0,5.0,0.0,0.0,0.0,1339797.9823469908,4275298.558558558,47.0,6.0,0.0,3.0,24.0,1.0,0.0,-34.05111367202473,150.82516864544266,40.85974873479428,0.0,0.0,nothing,0.0,0
88be08c527fffff,0.0,0.0,1.0,0.0,0.0,0.0,0.0,5.0,0.0,0.0,0.0,44864.96396815014,1907057.3745173744,2.0,0.0,0.0,0.0,0.0,0.0,0.0,-34.049969815068145,150.8142809002669,41.676043093695704,0.0,0.0,nothing,0.0,0
88be08c529fffff,0.0,0.0,0.0,0.0,0.0,0.0,0.0,6.0,0.0,1.0,0.0,712261.2760136821,2780107.9696969697,39.0,0.0,0.0,1.0,0.0,1.0,1.0,-34.06675723394124,150.82277461087526,41.93136484521137,0.0,0.0,nothing,0.0,0
88be08c52bfffff,2.0,0.0,24.0,5.0,2.0,4.0,2.0,51.0,0.0,0.0,0.0,11266225.387106044,3061332.0636363635,110.0,9.0,0.0,8.0,20.0,3.0,0.0,-34.06561304422211,150.8118849057042,42.72723264824745,2.0,3.0,7 kW,7.0,1
88be08c52dfffff,0.0,0.0,0.0,0.0,0.0,0.0,0.0,0.0,0.0,0.0,0.0,0.0,2374983.653211653,4.0,0.0,0.0,0.0,0.0,0.0,1.0,-34.05950711660119,150.8294162747758,40.99019621030843,0.0,0.0,nothing,0.0,0
88be08c531fffff,0.0,0.0,0.0,0.0,0.0,0.0,0.0,4.0,0.0,0.0,0.0,660350.2906493135,0.0,24.0,1.0,0.0,6.0,0.0,0.0,0.0,-34.06332183732411,150.79010688681618,44.34554194419357,0.0,0.0,nothing,0.0,0
88be08c533fffff,0.0,0.0,0.0,0.0,0.0,0.0,0.0,4.0,0.0,0.0,0.0,0.0,0.0,6.0,2.0,3271.137026239067,0.0,0.0,0.0,0.0,-34.0621748204844,150.779218574613,45.16702909525599,0.0,0.0,nothing,0.0,0
88be08c535fffff,0.0,0.0,0.0,0.0,0.0,0.0,0.0,2.0,0.0,0.0,0.0,0.0,0.0,2.0,0.0,1154.5189504373177,0.0,0.0,0.0,0.0,-34.05607363332038,150.79675079507078,43.42119672984348,0.0,0.0,nothing,0.0,0
88be08c537fffff,0.0,0.0,0.0,0.0,0.0,0.0,0.0,0.0,0.0,0.0,0.0,0.0,0.0,0.0,0.0,1346.938775510204,0.0,0.0,0.0,0.0,-34.054927254640766,150.78586322988627,44.24823143496583,0.0,0.0,nothing,0.0,0
88be08c539fffff,2.0,0.0,12.0,1.0,0.0,6.0,1.0,11.0,0.0,1.0,0.0,5116798.980755491,61172.8,53.0,6.0,0.0,38.0,8.0,2.0,5.0,-34.071716340472506,150.7943514181211,44.46559761146728,2.0,2.0,22 kW,22.0,1
88be08c53bfffff,0.0,0.0,0.0,0.0,1.0,0.0,0.0,6.0,0.0,0.0,0.0,3380060.2433616873,0.0,29.0,0.0,577.2594752186588,7.0,1.0,0.0,0.0,-34.07056962761527,150.7834618934639,45.273596513149975,0.0,0.0,nothing,0.0,0
88be08c53dfffff,2.0,0.0,7.0,0.0,0.0,1.0,1.0,37.0,0.0,0.0,0.0,986340.3856417084,943655.0,49.0,3.0,4233.236151603499,14.0,36.0,7.0,0.0,-34.064467911959916,150.80099566409885,43.53212247854568,0.0,0.0,nothing,0.0,0
88be08c541fffff,0.0,0.0,0.0,0.0,0.0,0.0,0.0,0.0,0.0,0.0,0.0,223126.8126042724,0.0,0.0,0.0,0.0,0.0,0.0,0.0,0.0,-34.09918813482131,150.82887797834294,43.45927343303597,0.0,0.0,nothing,0.0,0
88be08c543fffff,0.0,0.0,0.0,0.0,0.0,0.0,0.0,0.0,0.0,0.0,0.0,52531.23221485509,0.0,2.0,0.0,1539.3586005830905,0.0,0.0,0.0,0.0,-34.098044223165545,150.81798388768658,44.20452430788097,0.0,0.0,nothing,0.0,0
88be08c547fffff,0.0,0.0,0.0,0.0,0.0,0.0,0.0,0.0,0.0,0.0,0.0,0.0,0.0,8.0,0.0,192.4198250728863,0.0,3.0,0.0,1.0,-34.090794484125645,150.82462839739162,43.242031919970074,0.0,0.0,nothing,0.0,0
88be08c54bfffff,0.0,0.0,0.0,0.0,0.0,0.0,0.0,0.0,0.0,0.0,0.0,129187.3872011967,0.0,0.0,0.0,0.0,0.0,0.0,0.0,0.0,-34.1064380976221,150.82223313157095,44.42850463893499,0.0,0.0,nothing,0.0,0
88be08c551fffff,0.0,0.0,0.0,0.0,0.0,0.0,0.0,4.0,0.0,0.0,0.0,556044.9395837797,0.0,29.0,1.0,2116.6180758017495,0.0,0.0,1.0,0.0,-34.10414805375374,150.80044391560213,45.92018059526248,0.0,0.0,nothing,0.0,0
88be08c553fffff,0.0,0.0,0.0,0.0,0.0,0.0,0.0,1.0,0.0,0.0,0.0,116605.50478089864,0.0,7.0,0.0,962.0991253644316,0.0,0.0,0.0,0.0,-34.103001615980844,150.78955000444026,46.68111815949029,0.0,0.0,nothing,0.0,0
88be08c555fffff,0.0,0.0,0.0,0.0,0.0,1.0,0.0,1.0,0.0,0.0,0.0,0.0,0.0,4.0,0.0,3078.717201166181,0.0,0.0,1.0,0.0,-34.096899367695116,150.80709026052287,44.96024715302194,0.0,0.0,nothing,0.0,0
88be08c557fffff,0.0,0.0,0.0,0.0,0.0,0.0,0.0,0.0,0.0,0.0,0.0,4576.840766386936,0.0,7.0,0.0,0.0,0.0,0.0,0.0,0.0,-34.095753568579475,150.79619709760982,45.72592165798804,0.0,0.0,nothing,0.0,0
88be08c559fffff,0.0,0.0,0.0,0.0,0.0,0.0,0.0,0.0,0.0,1.0,0.0,115355.22939117697,0.0,6.0,1.0,0.0,0.0,0.0,0.0,0.0,-34.11254245718552,150.80469160893944,46.1357503525084,0.0,0.0,nothing,0.0,0
88be08c55bfffff,0.0,0.0,0.0,0.0,0.0,0.0,0.0,0.0,0.0,0.0,0.0,33073.424747561774,0.0,9.0,0.0,0.0,0.0,0.0,0.0,0.0,-34.11139632453001,150.7937964843713,46.88226533457796,0.0,0.0,nothing,0.0,0
88be08c55dfffff,0.0,0.0,0.0,0.0,0.0,0.0,0.0,0.0,0.0,0.0,0.0,0.0,0.0,2.0,0.0,0.0,0.0,0.0,0.0,0.0,-34.1052935476907,150.81133829156508,45.16914171257094,0.0,0.0,nothing,0.0,0
88be08c561fffff,0.0,0.0,0.0,0.0,0.0,0.0,0.0,0.0,0.0,0.0,0.0,0.0,0.0,8.0,0.0,0.0,0.0,0.0,0.0,0.0,-34.076293764564035,150.83791415790327,41.32401797136422,0.0,0.0,nothing,0.0,0
88be08c563fffff,0.0,0.0,1.0,0.0,0.0,0.0,0.0,1.0,0.0,0.0,0.0,153211.56149943752,672207.2727272727,19.0,0.0,0.0,0.0,0.0,0.0,0.0,-34.07515082298056,150.82702277829927,42.09483011270315,0.0,0.0,nothing,0.0,0
88be08c565fffff,0.0,0.0,0.0,0.0,0.0,0.0,0.0,1.0,0.0,0.0,0.0,329956.41549332725,0.0,18.0,0.0,0.0,0.0,0.0,0.0,0.0,-34.06904278507361,150.84455540888553,40.36882870771296,0.0,0.0,nothing,0.0,0
88be08c567fffff,0.0,0.0,0.0,0.0,0.0,0.0,0.0,0.0,0.0,1.0,0.0,0.0,410793.3333333333,0.0,0.0,0.0,0.0,0.0,0.0,0.0,-34.067900480948076,150.83366477885482,41.14504382885509,0.0,0.0,nothing,0.0,0
88be08c56bfffff,0.0,0.0,0.0,0.0,0.0,0.0,0.0,0.0,0.0,0.0,0.0,19891.439101298976,0.0,19.0,2.0,0.0,0.0,0.0,1.0,0.0,-34.08354433108659,150.83127182076794,42.281810199598794,0.0,0.0,nothing,0.0,0
88be08c56dfffff,0.0,0.0,0.0,0.0,0.0,0.0,0.0,0.0,0.0,1.0,0.0,0.0,0.0,0.0,0.0,0.0,0.0,0.0,0.0,0.0,-34.077435762906134,150.84880599935025,40.5638592549016,0.0,0.0,nothing,0.0,0
88be08c581fffff,0.0,0.0,0.0,0.0,0.0,0.0,0.0,1.0,0.0,0.0,0.0,210315.47373296545,0.0,30.0,1.0,6638.483965014577,0.0,3.0,0.0,0.0,-34.07321817421317,150.73325939693913,49.49323624185945,0.0,0.0,nothing,0.0,0
88be08c583fffff,0.0,0.0,1.0,0.0,3.0,0.0,0.0,2.0,0.0,0.0,0.0,82227.23165502828,0.0,73.0,0.0,0.0,3.0,7.0,0.0,0.0,-34.07206611166407,150.7223714635652,50.332652746305584,0.0,0.0,nothing,0.0,0
88be08c585fffff,0.0,0.0,1.0,0.0,0.0,0.0,0.0,2.0,0.0,0.0,0.0,1891.797794927944,0.0,13.0,0.0,769.6793002915452,0.0,1.0,0.0,0.0,-34.06597335394485,150.73990845869534,48.58244495531809,0.0,0.0,nothing,0.0,0
88be08c587fffff,0.0,0.0,3.0,0.0,1.0,0.0,0.0,5.0,0.0,0.0,0.0,549388.7840513745,0.0,37.0,0.0,769.6793002915452,0.0,8.0,0.0,0.0,-34.064821930819065,150.72902126975015,49.426935821580095,0.0,0.0,nothing,0.0,0
88be08c58bfffff,0.0,0.0,0.0,0.0,0.0,0.0,0.0,0.0,0.0,0.0,0.0,0.0,0.0,1.0,0.0,577.2594752186588,0.0,0.0,0.0,0.0,-34.080462578732,150.7266092506905,50.407849671799326,0.0,0.0,nothing,0.0,0
88be08c58dfffff,0.0,0.0,0.0,0.0,0.0,0.0,0.0,2.0,0.0,0.0,0.0,721.9546943518783,0.0,3.0,0.0,1443.1486880466473,0.0,1.0,0.0,0.0,-34.07436929485999,150.74414779951854,48.66041976351369,0.0,0.0,nothing,0.0,0
88be08c591fffff,0.0,0.0,0.0,0.0,0.0,0.0,0.0,2.0,0.0,0.0,0.0,13397.433715552224,0.0,0.0,0.0,0.0,0.0,4.0,0.0,0.0,-34.07815623236415,150.70483236598818,52.08309239318501,0.0,0.0,nothing,0.0,0
88be08c593fffff,0.0,0.0,2.0,0.0,1.0,1.0,0.0,9.0,1.0,0.0,0.0,2069.913830816321,0.0,10.0,3.0,0.0,0.0,10.0,1.0,0.0,-34.07700164647109,150.6939446301613,52.92989756277587,0.0,0.0,nothing,0.0,0
88be08c595fffff,0.0,0.0,0.0,0.0,0.0,0.0,0.0,0.0,0.0,0.0,0.0,31118.958474026196,0.0,4.0,4.0,0.0,0.0,0.0,0.0,0.0,-34.07091310738389,150.71148400015275,51.1783435103874,0.0,0.0,nothing,0.0,0
88be08c597fffff,0.0,0.0,1.0,0.0,2.0,0.0,0.0,2.0,0.0,0.0,0.0,0.0,0.0,0.0,0.0,0.0,0.0,7.0,1.0,0.0,-34.06975916154404,150.70059700745756,52.03000159319153,0.0,0.0,nothing,0.0,0
88be08c599fffff,0.0,0.0,0.0,0.0,0.0,0.0,0.0,1.0,0.0,0.0,0.0,0.0,0.0,0.0,0.0,0.0,0.0,0.0,0.0,0.0,-34.086553224836734,150.70906859821815,52.155697952691,0.0,0.0,nothing,0.0,0
88be08c59bfffff,0.0,0.0,1.0,0.0,2.0,0.0,0.0,2.0,0.0,0.0,0.0,0.0,0.0,11.0,4.0,0.0,0.0,10.0,0.0,0.0,-34.08539894057746,150.6981796476363,52.9916826906193,0.0,0.0,nothing,0.0,0
88be08c59dfffff,0.0,0.0,0.0,0.0,1.0,0.0,0.0,0.0,0.0,0.0,0.0,0.0,0.0,0.0,0.0,0.0,0.0,1.0,0.0,0.0,-34.079309876508326,150.7157205730832,51.24230897792894,0.0,0.0,nothing,0.0,0
88be08c5a1fffff,0.0,0.0,0.0,0.0,2.0,0.0,0.0,1.0,0.0,0.0,0.0,475912.7310647448,0.0,13.0,6.0,4233.236151603499,0.0,5.0,0.0,0.0,-34.0503323231873,150.74231762957308,47.62821979208197,0.0,0.0,nothing,0.0,0
88be08c5a3fffff,0.0,0.0,0.0,0.0,0.0,0.0,0.0,1.0,0.0,0.0,0.0,126610.90939854571,0.0,10.0,4.0,0.0,0.0,2.0,0.0,0.0,-34.04918123699183,150.73143239838095,48.48929590622944,0.0,0.0,nothing,0.0,0
88be08c5a5fffff,0.0,0.0,1.0,0.0,1.0,0.0,0.0,3.0,0.0,1.0,0.0,90459.72731520992,0.0,15.0,4.0,3078.717201166181,0.0,4.0,0.0,0.0,-34.04308689743085,150.74896418338338,46.73571113337534,0.0,0.0,nothing,0.0,0
88be08c5a7fffff,3.0,0.0,13.0,3.0,0.0,1.0,2.0,25.0,0.0,0.0,0.0,2330691.4615503126,0.0,53.0,10.0,0.0,9.0,34.0,2.0,0.0,-34.04193645009436,150.73807969665498,47.60213883040183,1.0,2.0,22 kW,22.0,1
88be08c5a9fffff,0.0,0.0,0.0,0.0,0.0,0.0,0.0,0.0,0.0,0.0,0.0,14076.228497343463,0.0,11.0,2.0,2309.0379008746354,0.0,0.0,0.0,0.0,-34.05872811844222,150.74655643604535,47.67569534738388,0.0,0.0,nothing,0.0,0
88be08c5abfffff,0.0,0.0,0.0,0.0,0.0,0.0,0.0,4.0,0.0,0.0,0.0,81297.72426966397,0.0,4.0,7.0,1924.198250728863,0.0,1.0,0.0,0.0,-34.05757733448843,150.73566999172405,48.5253792584548,0.0,0.0,nothing,0.0,0
88be08c5adfffff,0.0,0.0,1.0,0.0,1.0,0.0,0.0,1.0,0.0,0.0,0.0,1130697.1575395353,0.0,37.0,2.0,0.0,1.0,1.0,0.0,0.0,-34.05148246822048,150.75320332907546,46.773222961769875,0.0,0.0,nothing,0.0,0
88be08c5b1fffff,1.0,0.0,2.0,1.0,3.0,1.0,0.0,8.0,0.0,0.0,0.0,311348.3681065651,2083646.1237113404,5.0,10.0,0.0,3.0,24.0,1.0,0.0,-34.05527294269598,150.71389851041852,50.242888833666925,0.0,0.0,nothing,0.0,0
88be08c5b3fffff,0.0,0.0,4.0,0.0,1.0,0.0,0.0,23.0,0.0,0.0,0.0,137255.34018581323,2374387.443298969,13.0,2.0,0.0,1.0,21.0,0.0,0.0,-34.0541193351997,150.7030134749453,51.11010283579889,0.0,0.0,nothing,0.0,0
88be08c5b5fffff,0.0,0.0,1.0,0.0,0.0,0.0,0.0,6.0,0.0,0.0,0.0,351857.42086644605,179982.72164948453,3.0,2.0,1154.5189504373177,0.0,8.0,0.0,0.0,-34.048029209805,150.72054763625465,49.35613207837485,0.0,0.0,nothing,0.0,0
88be08c5b7fffff,0.0,0.0,0.0,0.0,0.0,0.0,0.0,0.0,0.0,0.0,0.0,0.0,1529853.1340206186,0.0,0.0,0.0,0.0,0.0,0.0,0.0,-34.046876241797946,150.70966334394944,50.22842905836211,0.0,0.0,nothing,0.0,0
88be08c5b9fffff,0.0,0.0,0.0,0.0,3.0,0.0,0.0,0.0,0.0,0.0,0.0,832.2629891777444,159215.48453608248,7.0,2.0,0.0,0.0,10.0,0.0,0.0,-34.0636695661517,150.71813455021584,50.2776438865788,0.0,0.0,nothing,0.0,0
88be08c5bbfffff,0.0,0.0,0.0,0.0,1.0,0.0,0.0,0.0,0.0,0.0,0.0,22204.04988103777,1329103.175257732,2.0,1.0,0.0,0.0,3.0,0.0,0.0,-34.062516260114,150.70724830084808,51.134257835629114,0.0,0.0,nothing,0.0,0
88be08c5bdfffff,1.0,0.0,2.0,0.0,1.0,0.0,0.0,5.0,0.0,1.0,0.0,35690.13698531007,0.0,34.0,4.0,1539.3586005830905,0.0,6.0,0.0,0.0,-34.056425609182654,150.72478401626327,49.381215563145126,0.0,0.0,nothing,0.0,0
88be08c5c5fffff,0.0,0.0,0.0,0.0,0.0,0.0,0.0,0.0,0.0,0.0,0.0,0.0,0.0,0.0,0.0,7311.953352769679,0.0,0.0,0.0,0.0,-34.083915032167724,150.75927809902453,47.94571678992511,0.0,0.0,nothing,0.0,0
88be08c5c7fffff,0.0,0.0,0.0,0.0,0.0,0.0,0.0,2.0,0.0,0.0,0.0,0.0,0.0,0.0,0.0,0.0,0.0,0.0,0.0,0.0,-34.08276515673273,150.74838801441754,48.75920395209668,0.0,0.0,nothing,0.0,0
88be08c5cbfffff,0.0,0.0,0.0,0.0,0.0,1.0,0.0,12.0,0.0,0.0,0.0,213906.1482692967,0.0,1.0,0.0,0.0,0.0,3.0,0.0,0.0,-34.098406429930336,150.74597902295747,49.81467490744268,0.0,0.0,nothing,0.0,0
88be08c5cdfffff,0.0,0.0,0.0,0.0,0.0,0.0,0.0,1.0,0.0,0.0,0.0,0.0,0.0,0.0,0.0,1539.3586005830905,0.0,0.0,0.0,0.0,-34.09231051105924,150.76352040195107,48.0778593698849,0.0,0.0,nothing,0.0,0
88be08c5d1fffff,0.0,0.0,0.0,0.0,0.0,0.0,0.0,0.0,0.0,0.0,0.0,0.0,0.0,0.0,0.0,192.4198250728863,0.0,0.0,0.0,0.0,-34.096103178316476,150.7241963407172,51.42956174195508,0.0,0.0,nothing,0.0,0
88be08c5d5fffff,0.0,0.0,0.0,0.0,0.0,0.0,0.0,0.0,0.0,0.0,0.0,0.0,0.0,0.0,0.0,1539.3586005830905,0.0,0.0,0.0,0.0,-34.088858966854396,150.7308479118157,50.50314504701289,0.0,0.0,nothing,0.0,0
88be08c5d9fffff,0.0,0.0,0.0,0.0,0.0,0.0,0.0,0.0,0.0,0.0,0.0,0.0,0.0,0.0,0.0,962.0991253644316,0.0,0.0,0.0,0.0,-34.10449970999791,150.72843553586895,51.55263465806144,0.0,0.0,nothing,0.0,0
88be08c5ddfffff,0.0,0.0,0.0,0.0,0.0,0.0,0.0,0.0,0.0,0.0,0.0,0.0,0.0,0.0,0.0,962.0991253644316,0.0,0.0,0.0,0.0,-34.097255275530095,150.73508744716474,50.61842591463764,0.0,0.0,nothing,0.0,0
88be08c5e1fffff,0.0,0.0,0.0,0.0,0.0,0.0,0.0,0.0,0.0,0.0,0.0,0.0,0.0,6.0,0.0,0.0,0.0,1.0,0.0,0.0,-34.06827337488782,150.7616842417945,46.913459756107635,0.0,0.0,nothing,0.0,0
88be08c5e3fffff,0.0,0.0,4.0,0.0,12.0,0.0,0.0,5.0,0.0,0.0,0.0,0.0,0.0,8.0,6.0,0.0,0.0,12.0,0.0,0.0,-34.067123835358025,150.75079611629548,47.74450227424088,0.0,0.0,nothing,0.0,0
88be08c5e5fffff,0.0,0.0,1.0,0.0,0.0,0.0,0.0,0.0,0.0,0.0,0.0,43499.34643187536,0.0,2.0,0.0,1924.198250728863,0.0,0.0,0.0,0.0,-34.061026861610706,150.7683307282459,45.99615056700411,0.0,0.0,nothing,0.0,0
88be08c5e7fffff,0.0,0.0,0.0,0.0,0.0,0.0,0.0,0.0,0.0,0.0,0.0,6062.252224307638,0.0,9.0,3.0,0.0,0.0,0.0,0.0,0.0,-34.05987796087319,150.7574433484713,46.83249980066833,0.0,0.0,nothing,0.0,0
88be08c5e9fffff,0.0,0.0,1.0,0.0,0.0,0.0,0.0,2.0,0.0,0.0,0.0,0.0,0.0,1.0,0.0,0.0,0.0,4.0,0.0,0.0,-34.07666870976324,150.76592600926892,47.01599141832054,0.0,0.0,nothing,0.0,0
88be08c5ebfffff,0.0,0.0,0.0,0.0,0.0,0.0,0.0,3.0,0.0,0.0,0.0,4831.300525041567,0.0,0.0,0.0,2020.408163265306,0.0,0.0,0.0,0.0,-34.07551947343359,150.7550366705473,47.834549116027446,0.0,0.0,nothing,0.0,0
88be08c5edfffff,0.0,0.0,4.0,0.0,0.0,1.0,0.0,3.0,0.0,0.0,0.0,491477.218578845,0.0,10.0,0.0,3271.137026239067,0.0,2.0,0.0,0.0,-34.06942197236368,150.77257283443615,46.089691763855875,0.0,0.0,nothing,0.0,0
88be08c601fffff,0.0,0.0,0.0,0.0,0.0,0.0,0.0,1.0,0.0,0.0,0.0,0.0,106276.29795918366,4.0,0.0,0.0,0.0,0.0,0.0,0.0,-34.190757085602336,150.79268504176693,52.49500820141763,0.0,0.0,nothing,0.0,0
88be08c607fffff,0.0,0.0,0.0,0.0,0.0,0.0,0.0,0.0,0.0,0.0,0.0,0.0,0.0,1.0,0.0,0.0,0.0,0.0,0.0,0.0,-34.18236199023308,150.78843465921824,52.15926420722836,0.0,0.0,nothing,0.0,0
88be08c609fffff,0.0,0.0,0.0,0.0,0.0,0.0,0.0,1.0,0.0,0.0,0.0,4070.7218609548754,629785.469387755,0.0,0.0,0.0,0.0,1.0,0.0,0.0,-34.19915209520896,150.79693630138138,52.847938982516204,0.0,0.0,nothing,0.0,0
88be08c60bfffff,0.0,0.0,1.0,0.0,0.0,1.0,0.0,1.0,0.0,0.0,0.0,109108.7806266306,1294996.3714285714,7.0,2.0,0.0,0.0,2.0,1.0,0.0,-34.198004600329845,150.78603014242557,53.49143859144575,0.0,0.0,nothing,0.0,0
88be08c617fffff,0.0,0.0,0.0,0.0,0.0,0.0,0.0,0.0,0.0,0.0,0.0,0.0,0.0,0.0,0.0,5892.857142857143,0.0,0.0,0.0,0.0,-34.18731084096933,150.75997161513783,54.49995014307453,0.0,0.0,nothing,0.0,0
88be08c61dfffff,0.0,0.0,0.0,0.0,0.0,0.0,0.0,0.0,0.0,0.0,0.0,0.0,216488.7551020408,0.0,0.0,0.0,0.0,0.0,0.0,0.0,-34.19685615830746,150.77512445033437,54.146242196660246,0.0,0.0,nothing,0.0,0
88be08c633fffff,0.0,0.0,0.0,0.0,0.0,0.0,0.0,0.0,0.0,0.0,0.0,0.0,0.0,0.0,0.0,1731.778425655977,0.0,0.0,0.0,0.0,-34.17166903594231,150.7623805987114,53.22172980222668,0.0,0.0,nothing,0.0,0
88be08c637fffff,0.0,0.0,0.0,0.0,0.0,0.0,0.0,0.0,0.0,0.0,0.0,0.0,0.0,0.0,0.0,3655.97667638484,0.0,0.0,0.0,0.0,-34.164422824705,150.76903522891465,52.23952381199894,0.0,0.0,nothing,0.0,0
88be08c63bfffff,0.0,0.0,0.0,0.0,0.0,0.0,0.0,0.0,0.0,0.0,0.0,0.0,0.0,0.0,0.0,2501.457725947522,0.0,0.0,0.0,0.0,-34.1800648282268,150.7666276726359,53.51260231968186,0.0,0.0,nothing,0.0,0
88be08c641fffff,0.0,0.0,0.0,0.0,0.0,0.0,0.0,0.0,0.0,0.0,0.0,0.0,0.0,0.0,0.0,1346.938775510204,0.0,0.0,0.0,0.0,-34.20869325885032,150.81209627937494,52.600123717536746,0.0,0.0,nothing,0.0,0
88be08c643fffff,0.0,0.0,0.0,0.0,0.0,0.0,0.0,0.0,0.0,0.0,0.0,0.0,55106.22857142857,0.0,0.0,962.0991253644316,0.0,0.0,0.0,0.0,-34.20754701855134,150.80118843828623,53.217715088970934,0.0,0.0,nothing,0.0,0
88be08c649fffff,0.0,0.0,0.0,0.0,0.0,0.0,0.0,0.0,0.0,0.0,0.0,0.0,0.0,0.0,0.0,1731.778425655977,0.0,0.0,0.0,0.0,-34.21708778786071,150.81635050997312,53.000568917368774,0.0,0.0,nothing,0.0,0
88be08c64bfffff,0.0,0.0,0.0,0.0,0.0,0.0,0.0,1.0,0.0,0.0,0.0,68609.98557262492,0.0,0.0,0.0,769.6793002915452,0.0,0.0,0.0,0.0,-34.21594185512781,150.80544145270628,53.60398837943956,0.0,0.0,nothing,0.0,0
88be08c64dfffff,0.0,0.0,0.0,0.0,0.0,0.0,0.0,0.0,0.0,0.0,0.0,0.0,0.0,0.0,0.0,769.6793002915452,0.0,0.0,0.0,0.0,-34.209838551305,150.8230045855988,51.994935088040165,0.0,0.0,nothing,0.0,0
88be08c655fffff,0.0,0.0,0.0,0.0,0.0,0.0,0.0,0.0,0.0,3.0,0.0,0.0,1176911.5959183674,2.0,0.0,2411.9601328903655,0.0,0.0,0.0,0.0,-34.206399830578015,150.7902810630936,53.84728152476401,0.0,0.0,nothing,0.0,0
88be08c657fffff,0.0,0.0,0.0,0.0,0.0,0.0,0.0,0.0,0.0,0.0,0.0,0.0,220424.91428571427,0.0,0.0,0.0,0.0,0.0,0.0,0.0,-34.20525169510056,150.7793741545577,54.48840702263705,0.0,0.0,nothing,0.0,0
88be08c65dfffff,0.0,0.0,0.0,0.0,0.0,0.0,0.0,0.0,0.0,0.0,0.0,0.0,11808.477551020407,0.0,0.0,0.0,0.0,0.0,0.0,0.0,-34.214794974359755,150.79453286112718,54.219620331609974,0.0,0.0,nothing,0.0,0
88be08c6a5fffff,0.0,0.0,0.0,0.0,0.0,0.0,0.0,0.0,0.0,0.0,0.0,0.0,0.0,0.0,0.0,438.5382059800664,0.0,0.0,0.0,0.0,-34.15257442354705,150.732091262096,54.165944337584854,0.0,0.0,nothing,0.0,0
88be08c6adfffff,0.0,0.0,0.0,0.0,0.0,0.0,0.0,0.0,0.0,0.0,0.0,171474.5609795297,0.0,0.0,0.0,0.0,0.0,0.0,0.0,0.0,-34.16097099266485,150.73633415160066,54.39543865325876,0.0,0.0,nothing,0.0,0
88be08c751fffff,0.0,0.0,0.0,0.0,0.0,0.0,0.0,4.0,0.0,0.0,0.0,0.0,0.0,0.0,0.0,0.0,0.0,3.0,0.0,0.0,-34.162907133102784,150.83019616375313,47.85861179238619,0.0,0.0,nothing,0.0,0
88be08c753fffff,0.0,0.0,0.0,0.0,0.0,0.0,0.0,4.0,0.0,0.0,0.0,0.0,0.0,0.0,0.0,0.0,0.0,1.0,0.0,0.0,-34.161762837434914,150.81929375561816,48.515339894377966,0.0,0.0,nothing,0.0,0
88be08c755fffff,1.0,0.0,0.0,0.0,0.0,0.0,0.0,2.0,0.0,0.0,0.0,0.0,0.0,0.0,0.0,0.0,0.0,2.0,0.0,0.0,-34.15565688723877,150.83684487102903,46.86244722428819,0.0,0.0,nothing,0.0,0
88be08c757fffff,0.0,0.0,0.0,0.0,0.0,0.0,0.0,1.0,0.0,0.0,0.0,30171.234720034645,0.0,0.0,0.0,0.0,0.0,0.0,0.0,0.0,-34.15451323065666,150.82594321364098,47.52212875948186,0.0,0.0,nothing,0.0,0
88be08c801fffff,0.0,0.0,2.0,0.0,0.0,0.0,0.0,10.0,0.0,0.0,0.0,299891.1087194101,7979711.444278488,54.0,17.0,0.0,1.0,0.0,1.0,1.0,-33.93683350472564,151.02492143263007,18.64823414899931,0.0,0.0,nothing,0.0,0
88be08c803fffff,0.0,1.0,2.0,1.0,0.0,0.0,0.0,4.0,0.0,0.0,0.0,14907.64004563948,9535898.575205691,32.0,17.0,0.0,2.0,0.0,1.0,0.0,-33.935707962940555,151.01404283405202,19.524880817688327,0.0,0.0,nothing,0.0,0
88be08c805fffff,0.0,0.0,2.0,0.0,0.0,1.0,0.0,18.0,0.0,0.0,0.0,609769.4163892111,7583301.676783475,47.0,9.0,0.0,4.0,3.0,0.0,1.0,-33.92957121509818,151.0315372039697,17.770081145985163,0.0,0.0,nothing,0.0,0
88be08c807fffff,0.0,0.0,0.0,0.0,0.0,0.0,0.0,1.0,0.0,0.0,0.0,226037.01114618537,3044754.7811930194,49.0,15.0,0.0,0.0,0.0,1.0,0.0,-33.92844630474725,151.02065936151598,18.66041341826459,0.0,0.0,nothing,0.0,0
88be08c809fffff,0.0,0.0,1.0,0.0,0.0,0.0,0.0,1.0,0.0,0.0,0.0,77948.00976797668,5731259.370731292,50.0,17.0,0.0,3.0,1.0,0.0,0.0,-33.9452206260298,151.02918437814037,18.69074162569005,1.0,1.0,kW,1.0,1
88be08c80bfffff,0.0,0.0,0.0,0.0,0.0,0.0,0.0,3.0,0.0,1.0,0.0,0.0,8472830.87436394,83.0,13.0,0.0,0.0,0.0,0.0,0.0,-33.94409539297176,151.01830457596895,19.539277923187942,0.0,0.0,nothing,0.0,0
88be08c80dfffff,0.0,0.0,0.0,0.0,0.0,0.0,0.0,4.0,0.0,0.0,0.0,209770.58929948628,8189956.777467218,32.0,8.0,2693.877551020408,0.0,0.0,0.0,0.0,-33.93795810628976,151.03580047832074,17.78612287317981,0.0,0.0,nothing,0.0,0
88be08c811fffff,0.0,0.0,0.0,0.0,0.0,0.0,0.0,5.0,0.0,0.0,0.0,4422698.711196094,762108.8766233766,46.0,17.0,0.0,3.0,2.0,0.0,0.0,-33.94184210577533,150.9965463153556,21.27965860649634,0.0,0.0,nothing,0.0,0
88be08c813fffff,0.0,0.0,4.0,2.0,0.0,0.0,0.0,9.0,0.0,0.0,0.0,325325.8478182215,861706.0347326512,23.0,11.0,0.0,1.0,0.0,2.0,0.0,-33.94071405196631,150.9856678584271,22.168098976093265,0.0,0.0,nothing,0.0,0
88be08c815fffff,0.0,0.0,0.0,0.0,0.0,0.0,0.0,7.0,0.0,0.0,0.0,125355.65210212026,5543363.260461761,27.0,12.0,12.099125364431488,0.0,0.0,0.0,0.0,-33.93458148109891,151.00316468334336,20.414188097425537,0.0,0.0,nothing,0.0,0
88be08c817fffff,0.0,0.0,3.0,0.0,0.0,0.0,0.0,4.0,0.0,0.0,0.0,1283615.204789416,1170104.2585939234,31.0,15.0,16.93877551020408,1.0,2.0,0.0,0.0,-33.93345405936537,150.99228698126058,21.314569131728103,0.0,0.0,nothing,0.0,0
88be08c819fffff,0.0,0.0,2.0,1.0,0.0,2.0,0.0,6.0,0.0,0.0,0.0,126616.7344626276,0.0,58.0,10.0,0.0,0.0,12.0,2.0,0.0,-33.950230073905416,151.00080652363474,21.292683435731135,0.0,0.0,nothing,0.0,0
88be08c81bfffff,0.0,0.0,2.0,0.0,2.0,0.0,0.0,4.0,0.0,0.0,0.0,515385.9238866442,0.0,5.0,0.0,0.0,0.0,4.0,0.0,0.0,-33.9491023280466,150.9899268623333,22.157491654525355,0.0,0.0,nothing,0.0,0
88be08c81dfffff,0.0,0.0,0.0,0.0,0.0,0.0,0.0,3.0,0.0,0.0,0.0,8967.33562870129,11131152.129803045,27.0,16.0,0.0,0.0,3.0,1.0,0.0,-33.94296921949874,151.0074252214551,20.402861619275807,0.0,0.0,nothing,0.0,0
88be08c821fffff,3.0,1.0,28.0,12.0,0.0,4.0,3.0,87.0,0.0,3.0,0.0,2957519.297310251,5937963.106216457,122.0,31.0,0.0,5.0,12.0,9.0,0.0,-33.913921785520834,151.03388916140673,16.980248251974665,4.0,4.0,7 kW,7.0,1
88be08c823fffff,0.0,0.0,0.0,0.0,0.0,0.0,0.0,0.0,0.0,0.0,0.0,41196.25438847026,6328580.13888889,33.0,19.0,0.0,0.0,0.0,0.0,0.0,-33.912797197802256,151.023013278002,17.90976462530732,0.0,0.0,nothing,0.0,0
88be08c825fffff,0.0,0.0,1.0,0.0,0.0,0.0,0.0,13.0,0.0,0.0,0.0,7122.884840785447,5910054.582653896,54.0,24.0,1924.198250728863,2.0,0.0,0.0,0.0,-33.9066589255206,151.04050243401474,16.169620971292684,0.0,0.0,nothing,0.0,0
88be08c827fffff,0.0,0.0,1.0,2.0,0.0,0.0,0.0,9.0,0.0,0.0,0.0,226280.4489634061,7810029.002413192,47.0,20.0,0.0,0.0,0.0,3.0,0.0,-33.90553496866877,151.0296273067545,17.11310337244545,0.0,0.0,nothing,0.0,0
88be08c829fffff,0.0,0.0,13.0,0.0,0.0,1.0,0.0,16.0,0.0,3.0,0.0,258448.5361219611,6665578.046311737,70.0,18.0,0.0,2.0,8.0,1.0,0.0,-33.9223085246058,151.03815189007847,16.906828717869388,0.0,0.0,nothing,0.0,0
88be08c82bfffff,0.0,0.0,15.0,1.0,0.0,0.0,1.0,28.0,0.0,1.0,0.0,198031.6289471572,2632579.0025940337,90.0,21.0,0.0,0.0,0.0,1.0,0.0,-33.92118424543519,151.02727480393736,17.81142809567579,0.0,0.0,nothing,0.0,0
88be08c82dfffff,0.0,0.0,0.0,1.0,0.0,0.0,0.0,12.0,0.0,0.0,0.0,440700.8675532571,4760008.480307095,58.0,12.0,3078.717201166181,3.0,2.0,1.0,0.0,-33.91504543376499,151.04476549104712,16.060880763643084,0.0,0.0,nothing,0.0,0
88be08c831fffff,0.0,0.0,0.0,0.0,0.0,0.0,0.0,3.0,0.0,0.0,0.0,0.0,812677.0555555556,8.0,10.0,0.0,0.0,2.0,0.0,0.0,-33.9189328682526,151.00552197275147,19.652497871920023,0.0,0.0,nothing,0.0,0
88be08c833fffff,0.0,0.0,0.0,0.0,0.0,0.0,0.0,3.0,0.0,0.0,0.0,127781.38634338407,0.0,9.0,9.0,0.0,1.0,0.0,0.0,1.0,-33.917805770569466,150.99464622921917,20.586113613399757,0.0,0.0,nothing,0.0,0
88be08c835fffff,0.0,0.0,0.0,0.0,0.0,0.0,0.0,3.0,0.0,1.0,0.0,0.0,1954839.0,31.0,16.0,0.0,0.0,0.0,1.0,0.0,-33.911671670773394,151.01213784158912,18.847925944978755,0.0,0.0,nothing,0.0,0
88be08c837fffff,2.0,0.0,0.0,0.0,1.0,0.0,0.0,10.0,0.0,0.0,0.0,879003.5288823054,153547.2777777778,16.0,14.0,0.0,0.0,3.0,0.0,0.0,-33.91054520459862,151.00126285292413,19.793500640003256,0.0,0.0,nothing,0.0,0
88be08c839fffff,0.0,0.0,0.0,0.0,0.0,0.0,0.0,2.0,0.0,0.0,0.0,1294230.821527837,1034696.6048175996,26.0,19.0,0.0,1.0,0.0,1.0,0.0,-33.92732045453369,151.00978196638684,19.562721881373527,0.0,0.0,nothing,0.0,0
88be08c83bfffff,0.0,0.0,0.0,0.0,1.0,0.0,0.0,2.0,0.0,0.0,0.0,780528.434161662,0.0,14.0,4.0,1.209912536443149,0.0,15.0,0.0,0.0,-33.92619366462203,150.99890501933868,20.475421015022935,4.0,4.0,kW,1.0,1
88be08c83dfffff,0.0,0.0,0.0,0.0,0.0,0.0,0.0,4.0,0.0,0.0,0.0,46848.58170393236,1269573.8333333335,57.0,20.0,0.0,1.0,4.0,0.0,0.0,-33.92005902659603,151.01639816457626,18.72717117916434,0.0,0.0,nothing,0.0,0
88be08c841fffff,0.0,1.0,2.0,0.0,1.0,0.0,0.0,2.0,0.0,0.0,0.0,11388.861051149808,3254206.9605024606,24.0,0.0,2309.0379008746354,0.0,3.0,0.0,0.0,-33.95473165125288,151.04432965086636,17.989215497876483,0.0,0.0,nothing,0.0,0
88be08c843fffff,2.0,0.0,27.0,10.0,2.0,3.0,3.0,77.0,2.0,1.0,0.0,512584.40040921746,2778027.703962704,114.0,19.0,0.0,0.0,27.0,7.0,0.0,-33.95360766815823,151.0334481982688,18.787566202062813,0.0,0.0,nothing,0.0,0
88be08c845fffff,1.0,1.0,5.0,0.0,2.0,2.0,1.0,8.0,0.0,0.0,0.0,219902.7976062327,0.0,130.0,29.0,0.0,11.0,9.0,1.0,0.0,-33.94746827024377,151.05094532242765,17.047772292222206,0.0,0.0,nothing,0.0,0
88be08c847fffff,0.0,0.0,0.0,0.0,0.0,0.0,0.0,3.0,0.0,0.0,0.0,833229.4967768887,4989245.211547792,9.0,0.0,3078.717201166181,2.0,3.0,0.0,0.0,-33.9463449185085,151.04006462721236,17.859400261940557,0.0,0.0,nothing,0.0,0
88be08c849fffff,0.0,0.0,0.0,0.0,0.0,0.0,0.0,3.0,0.0,0.0,0.0,22853.27949994669,4703592.132608133,46.0,16.0,0.0,0.0,0.0,0.0,0.0,-33.96311830402138,151.0485955495047,18.174358687812685,0.0,0.0,nothing,0.0,0
88be08c84bfffff,0.0,0.0,0.0,0.0,0.0,0.0,0.0,5.0,0.0,0.0,0.0,17530.93048859209,5668590.199592075,41.0,14.0,3848.396501457726,0.0,0.0,1.0,0.0,-33.96199463060943,151.0377128932373,18.93787628620642,0.0,0.0,nothing,0.0,0
88be08c84dfffff,0.0,1.0,14.0,2.0,0.0,0.0,0.0,9.0,0.0,2.0,0.0,155552.5721389364,3039826.803030303,75.0,23.0,0.0,4.0,5.0,4.0,0.0,-33.95585469324579,151.05521154939467,17.213516835638913,0.0,0.0,nothing,0.0,0
88be08c851fffff,0.0,0.0,0.0,0.0,1.0,0.0,0.0,4.0,0.0,1.0,0.0,11041.74652063858,0.0,80.0,17.0,0.0,0.0,6.0,0.0,0.0,-33.95974446006153,151.0159489208875,20.5299001041318,0.0,0.0,nothing,0.0,0
88be08c853fffff,0.0,0.0,3.0,1.0,0.0,0.0,0.0,6.0,0.0,0.0,0.0,24365.80731454897,0.0,66.0,13.0,0.0,0.0,0.0,1.0,0.0,-33.95861796325425,151.00506760632013,21.35355726476762,0.0,0.0,nothing,0.0,0
88be08c855fffff,0.0,0.0,1.0,0.0,0.0,0.0,0.0,2.0,0.0,0.0,0.0,28122.841125372455,0.0,108.0,12.0,0.0,0.0,4.0,0.0,0.0,-33.95248274412587,151.0225671923595,19.605799600774464,0.0,0.0,nothing,0.0,0
88be08c857fffff,6.0,0.0,5.0,1.0,0.0,4.0,0.0,22.0,0.0,0.0,0.0,1691295.324989644,2439329.1201298703,115.0,14.0,0.0,6.0,11.0,4.0,1.0,-33.951356879320095,151.01168663389578,20.44152596591656,0.0,0.0,nothing,0.0,0
88be08c859fffff,0.0,0.0,1.0,0.0,0.0,0.0,0.0,3.0,0.0,0.0,0.0,54166.43682392081,490212.0711354309,18.0,7.0,1539.3586005830905,0.0,0.0,0.0,0.0,-33.96813196122157,151.0202120826523,20.667347754021232,0.0,0.0,nothing,0.0,0
88be08c85bfffff,0.0,0.0,0.0,0.0,0.0,0.0,0.0,0.0,0.0,0.0,0.0,6544.102885168514,0.0,41.0,9.0,0.0,0.0,1.0,0.0,0.0,-33.96700577332036,151.0093295636338,21.461874289757993,0.0,0.0,nothing,0.0,0
88be08c85dfffff,0.0,0.0,3.0,0.0,2.0,0.0,0.0,6.0,0.0,0.0,0.0,0.0,3167455.698135198,56.0,10.0,0.0,0.0,19.0,0.0,0.0,-33.960870015901406,151.02683068344572,19.72391992853712,0.0,0.0,nothing,0.0,0
88be08c861fffff,0.0,0.0,1.0,0.0,0.0,0.0,0.0,7.0,0.0,0.0,0.0,111558.34084841296,1957717.3412698412,98.0,20.0,0.0,0.0,0.0,0.0,0.0,-33.93181821555548,151.05329422782415,16.03331240362498,0.0,0.0,nothing,0.0,0
88be08c863fffff,0.0,0.0,0.0,0.0,0.0,0.0,0.0,10.0,1.0,0.0,0.0,2097289.676086123,7599878.633373556,66.0,21.0,1924.198250728863,8.0,7.0,0.0,0.0,-33.93069518542226,151.04241549299138,16.893621446408712,0.0,0.0,nothing,0.0,0
88be08c865fffff,1.0,0.0,3.0,1.0,0.0,2.0,0.0,6.0,0.0,0.0,0.0,543511.4019311772,7073223.975958414,93.0,15.0,0.0,4.0,8.0,2.0,0.0,-33.924554263285245,151.05990739967433,15.139041248783156,0.0,0.0,nothing,0.0,0
88be08c867fffff,2.0,0.0,0.0,0.0,0.0,0.0,0.0,1.0,0.0,0.0,0.0,36630.23687435192,3831269.2356041423,72.0,10.0,2309.0379008746354,2.0,8.0,0.0,0.0,-33.923431863943776,151.04902942224302,16.01526436918831,0.0,0.0,nothing,0.0,0
88be08c869fffff,0.0,0.0,4.0,0.0,1.0,0.0,0.0,4.0,0.0,0.0,0.0,313884.59836722416,0.0,41.0,10.0,0.0,0.0,2.0,0.0,0.0,-33.94020448809863,151.05755990801217,16.114812766219828,0.0,0.0,nothing,0.0,0
88be08c86bfffff,0.0,0.0,0.0,0.0,0.0,0.0,0.0,0.0,0.0,0.0,0.0,112382.34902063724,5300394.13408886,31.0,19.0,0.0,0.0,3.0,0.0,0.0,-33.93908176746875,151.04667997036714,16.940768987136025,0.0,0.0,nothing,0.0,0
88be08c86dfffff,0.0,0.0,0.0,0.0,0.0,0.0,0.0,5.0,0.0,0.0,0.0,20020.16541093561,5718706.543321982,57.0,17.0,0.0,4.0,0.0,1.0,0.0,-33.93294030533406,151.06417340771102,15.191901114374728,2.0,2.0,22 kW,22.0,1
88be08c881fffff,1.0,0.0,10.0,0.0,0.0,0.0,0.0,7.0,0.0,0.0,0.0,628993.8117927024,320452.0,33.0,11.0,0.0,1.0,3.0,0.0,0.0,-33.928934976813096,150.94878067431253,25.002657096006775,0.0,0.0,nothing,0.0,0
88be08c883fffff,0.0,0.0,2.0,0.0,2.0,0.0,0.0,6.0,0.0,0.0,0.0,11109.317465665144,5447577.449735451,26.0,7.0,0.0,0.0,4.0,0.0,0.0,-33.92780285809778,150.93790522670062,25.941696289246178,1.0,1.0,kW,1.0,1
88be08c885fffff,0.0,0.0,1.0,0.0,0.0,0.0,0.0,3.0,0.0,0.0,0.0,43724.37770288994,0.0,15.0,6.0,0.0,0.0,1.0,0.0,0.0,-33.921677111291686,150.95540172707825,24.20638947604225,0.0,0.0,nothing,0.0,0
88be08c887fffff,0.0,0.0,0.0,0.0,0.0,0.0,0.0,1.0,0.0,0.0,0.0,26032.338301318923,249240.44444444447,3.0,0.0,0.0,0.0,0.0,0.0,0.0,-33.92054562536461,150.944527031775,25.154706335523247,0.0,0.0,nothing,0.0,0
88be08c889fffff,0.0,0.0,0.0,1.0,0.0,0.0,1.0,3.0,0.0,0.0,0.0,439216.6976002859,0.0,45.0,16.0,0.0,1.0,3.0,2.0,0.0,-33.93732425167739,150.9530351902312,24.890715001694808,0.0,0.0,nothing,0.0,0
88be08c88bfffff,0.0,0.0,0.0,0.0,0.0,0.0,0.0,0.0,0.0,0.0,0.0,0.0,1833697.5555555555,6.0,9.0,0.0,1.0,0.0,0.0,0.0,-33.936192439178775,150.94215853754923,25.81398887060107,0.0,0.0,nothing,0.0,0
88be08c88dfffff,1.0,0.0,0.0,0.0,0.0,0.0,0.0,6.0,0.0,0.0,0.0,57371.54564175097,0.0,34.0,9.0,0.0,3.0,4.0,2.0,0.0,-33.9300661564632,150.95965657433018,24.06963479260267,0.0,0.0,nothing,0.0,0
88be08c891fffff,0.0,0.0,6.0,0.0,0.0,0.0,0.0,11.0,0.0,0.0,0.0,531824.2758099609,9980905.135239812,39.0,7.0,0.0,1.0,0.0,0.0,0.0,-33.9339259965736,150.9204065917947,27.679415700510315,1.0,1.0,kW,1.0,1
88be08c893fffff,0.0,0.0,0.0,0.0,0.0,0.0,0.0,3.0,0.0,0.0,0.0,51512.59589224285,8661378.654750464,20.0,0.0,0.0,0.0,0.0,1.0,0.0,-33.93279136679964,150.90953130023289,28.620334801675085,0.0,0.0,nothing,0.0,0
88be08c895fffff,1.0,0.0,24.0,10.0,0.0,0.0,3.0,67.0,0.0,6.0,0.0,1675925.6615165437,5821616.296999244,82.0,19.0,0.0,5.0,11.0,4.0,3.0,-33.92666980048326,150.92703023224976,26.886120142037004,0.0,0.0,nothing,0.0,0
88be08c897fffff,0.0,0.0,8.0,3.0,0.0,0.0,0.0,40.0,0.0,2.0,0.0,2498093.8937486713,7070819.779391977,71.0,15.0,0.0,5.0,6.0,0.0,1.0,-33.92553580413582,150.91615569171518,27.83537883645286,0.0,0.0,nothing,0.0,0
88be08c899fffff,0.0,0.0,0.0,0.0,0.0,0.0,0.0,1.0,0.0,0.0,0.0,86236.60379492411,15691306.520858,18.0,3.0,0.0,0.0,0.0,0.0,0.0,-33.94231611282165,150.92465836503982,27.559624747933764,0.0,0.0,nothing,0.0,0
88be08c89bfffff,0.0,0.0,4.0,0.0,0.0,0.0,0.0,5.0,0.0,0.0,0.0,136958.54727725155,12844425.926532246,34.0,7.0,0.0,0.0,1.0,0.0,0.0,-33.941181788486176,150.9137818676333,28.486525146361735,0.0,0.0,nothing,0.0,0
88be08c89dfffff,0.0,0.0,0.0,0.0,0.0,0.0,0.0,4.0,0.0,0.0,0.0,856569.4714467544,7735545.407466514,16.0,13.0,0.0,0.0,0.0,0.0,0.0,-33.93505968742212,150.93128233781857,26.743775107073475,0.0,0.0,nothing,0.0,0
88be08c8a1fffff,0.0,0.0,0.0,0.0,0.0,0.0,0.0,2.0,0.0,0.0,0.0,360120.6969146481,824866.6666666667,3.0,1.0,0.0,0.0,0.0,0.0,1.0,-33.906029951736,150.95776739085764,23.63199777023276,0.0,0.0,nothing,0.0,0
88be08c8a3fffff,0.0,0.0,1.0,0.0,0.0,0.0,0.0,1.0,0.0,0.0,0.0,554431.2196563632,7073231.666666667,6.0,5.0,0.0,0.0,0.0,0.0,0.0,-33.90489879230536,150.94689465226625,24.602374149813546,0.0,0.0,nothing,0.0,0
88be08c8a5fffff,0.0,0.0,0.0,0.0,0.0,0.0,0.0,0.0,0.0,0.0,0.0,0.0,5533205.159940072,0.0,0.0,0.0,0.0,0.0,0.0,0.0,-33.89877151187269,150.96438594504446,22.89969023196296,0.0,0.0,nothing,0.0,0
88be08c8a7fffff,0.0,0.0,3.0,0.0,2.0,0.0,0.0,14.0,0.0,0.0,0.0,652173.541340381,2520863.0604890604,49.0,22.0,0.0,3.0,3.0,1.0,0.0,-33.89764098466378,150.95351395878578,23.878283761521494,0.0,0.0,nothing,0.0,0
88be08c8a9fffff,0.0,0.0,0.0,0.0,0.0,0.0,0.0,1.0,0.0,0.0,0.0,0.0,0.0,15.0,6.0,0.0,0.0,0.0,0.0,0.0,-33.91441884313063,150.9620216959357,23.426722904230843,0.0,0.0,nothing,0.0,0
88be08c8abfffff,0.0,0.0,0.0,0.0,0.0,0.0,0.0,0.0,0.0,0.0,0.0,170393.85165513435,1690976.6666666667,17.0,3.0,0.0,0.0,0.0,0.0,0.0,-33.91328798973867,150.95114775313093,24.38426698460797,3.0,3.0,22 kW,22.0,1
88be08c8adfffff,0.0,0.0,0.0,0.0,0.0,0.0,0.0,2.0,0.0,0.0,0.0,0.0,0.0,2.0,0.0,0.0,0.0,0.0,0.0,0.0,-33.907160172846055,150.96864058097427,22.665371405514268,0.0,0.0,nothing,0.0,0
88be08c8b1fffff,0.0,0.0,3.0,0.0,0.0,0.0,0.0,10.0,0.0,0.0,0.0,829114.3483673688,3842039.7753246753,47.0,13.0,0.0,3.0,0.0,0.0,0.0,-33.91102346758001,150.9294012244874,26.311864660453317,0.0,0.0,nothing,0.0,0
88be08c8b3fffff,0.0,0.0,5.0,0.0,0.0,0.0,0.0,34.0,0.0,0.0,0.0,2380019.093309029,7488251.843331272,23.0,11.0,0.0,2.0,0.0,0.0,0.0,-33.90988979914541,150.91852864015846,27.28103084851258,0.0,0.0,nothing,0.0,0
88be08c8b5fffff,0.0,0.0,0.0,0.0,0.0,0.0,0.0,14.0,0.0,0.0,0.0,1992412.7812689324,5918418.333333334,4.0,2.0,0.0,3.0,0.0,0.0,0.0,-33.9037666947199,150.93602236595507,25.57607183435201,0.0,0.0,nothing,0.0,0
88be08c8b7fffff,0.0,0.0,0.0,0.0,0.0,0.0,0.0,2.0,0.0,0.0,0.0,1111811.516431027,5310147.2727272725,7.0,5.0,0.0,0.0,0.0,0.0,0.0,-33.9026336591456,150.92515053267877,26.552723629567136,0.0,0.0,nothing,0.0,0
88be08c8b9fffff,0.0,0.0,1.0,3.0,0.0,0.0,2.0,2.0,0.0,0.0,0.0,1642353.4729269946,3490714.048148148,32.0,5.0,0.0,7.0,3.0,2.0,1.0,-33.91941320073113,150.93365278908735,26.10789841895132,0.0,0.0,nothing,0.0,0
88be08c8bbfffff,0.0,0.0,55.0,9.0,0.0,1.0,1.0,209.0,0.0,6.0,0.0,2545588.934163914,8094912.9825749565,127.0,16.0,0.0,14.0,69.0,6.0,4.0,-33.91827983755731,150.9227789997704,27.0654488615653,0.0,0.0,nothing,0.0,0
88be08c8bdfffff,2.0,0.0,2.0,0.0,0.0,1.0,0.0,19.0,0.0,0.0,0.0,2170313.1472266675,4371793.333333334,37.0,5.0,0.0,0.0,11.0,0.0,0.0,-33.91215619783315,150.9402742623965,25.346139753903312,1.0,2.0,kW,1.0,1
88be08c8c1fffff,0.0,0.0,0.0,0.0,0.0,0.0,0.0,0.0,0.0,0.0,0.0,102153.22742695131,0.0,0.0,0.0,0.0,0.0,0.0,0.0,0.0,-33.94684401565667,150.96816888963596,23.922107966259293,0.0,0.0,nothing,0.0,0
88be08c8c3fffff,0.0,0.0,2.0,2.0,0.0,1.0,0.0,8.0,0.0,1.0,0.0,1027797.2354897808,0.0,18.0,8.0,0.0,0.0,4.0,3.0,0.0,-33.945713449456214,150.95729057975296,24.819423935543224,0.0,0.0,nothing,0.0,0
88be08c8c5fffff,0.0,0.0,0.0,0.0,0.0,0.0,0.0,0.0,0.0,0.0,0.0,224140.17305094167,1698500.765097319,16.0,0.0,0.0,0.0,3.0,0.0,0.0,-33.93958505823677,150.97478985142607,23.066835354057492,0.0,0.0,nothing,0.0,0
88be08c8c7fffff,0.0,0.0,0.0,0.0,0.0,0.0,0.0,0.0,0.0,0.0,0.0,0.0,0.0,1.0,0.0,0.0,0.0,0.0,0.0,0.0,-33.938455124751954,150.96391229510874,23.974707895860387,0.0,0.0,nothing,0.0,0
88be08c8c9fffff,0.0,0.0,1.0,0.0,0.0,0.0,0.0,7.0,0.0,0.0,0.0,0.0,423371.0,4.0,0.0,0.0,2.0,7.0,0.0,0.0,-33.955232828676,150.972426358134,23.912115556097575,0.0,0.0,nothing,0.0,0
88be08c8cbfffff,0.0,0.0,1.0,0.0,1.0,0.0,0.0,3.0,0.0,0.0,0.0,2904815.380673925,3072153.6666666665,13.0,7.0,0.0,0.0,6.0,0.0,0.0,-33.954102569648285,150.96154684310005,24.78913581391868,0.0,0.0,nothing,0.0,0
88be08c8cdfffff,0.0,0.0,1.0,0.0,0.0,0.0,0.0,2.0,0.0,0.0,0.0,198112.33877964987,0.0,8.0,0.0,0.0,1.0,2.0,0.0,0.0,-33.94797364190861,150.9790476507482,23.034411109907467,0.0,0.0,nothing,0.0,0
88be08c8d1fffff,0.0,0.0,2.0,0.0,0.0,0.0,0.0,5.0,0.0,0.0,0.0,281368.30490547547,0.0,41.0,14.0,0.0,0.0,7.0,0.0,0.0,-33.9518392313337,150.93978916911328,26.572263667757596,0.0,0.0,nothing,0.0,0
88be08c8d3fffff,0.0,0.0,0.0,0.0,0.0,0.0,0.0,0.0,0.0,0.0,0.0,0.0,1022585.04,8.0,0.0,0.0,0.0,0.0,0.0,0.0,-33.95070615237875,150.92891101167277,27.47648017320422,0.0,0.0,nothing,0.0,0
88be08c8d5fffff,0.0,0.0,0.0,0.0,0.0,0.0,0.0,3.0,0.0,0.0,0.0,0.0,0.0,37.0,7.0,0.0,0.0,3.0,0.0,0.0,-33.94458194347291,150.94641272185532,25.725350620791,0.0,0.0,nothing,0.0,0
88be08c8d7fffff,0.0,0.0,0.0,0.0,0.0,0.0,0.0,4.0,0.0,0.0,0.0,0.0,1363446.72,26.0,12.0,0.0,0.0,1.0,0.0,0.0,-33.943449497872685,150.93553531669903,26.639007749979612,0.0,0.0,nothing,0.0,0
88be08c8d9fffff,0.0,0.0,0.0,0.0,0.0,0.0,0.0,1.0,0.0,2.0,0.0,344329.43523064407,434226.6666666666,36.0,12.0,0.0,0.0,1.0,0.0,0.0,-33.96022888730392,150.94404389528358,26.54383079934436,0.0,0.0,nothing,0.0,0
88be08c8dbfffff,0.0,0.0,0.0,0.0,0.0,0.0,0.0,0.0,0.0,0.0,0.0,0.0,343008.0,13.0,8.0,0.0,0.0,1.0,0.0,0.0,-33.959096114743694,150.93316453191576,27.430316295316477,0.0,0.0,nothing,0.0,0
88be08c8ddfffff,0.0,0.0,3.0,0.0,0.0,0.0,0.0,3.0,0.0,1.0,0.0,749455.3239262108,1465515.0,43.0,15.0,0.0,0.0,1.0,0.0,0.0,-33.9529713704789,150.95066777984107,25.67618731377273,0.0,0.0,nothing,0.0,0
88be08c8e1fffff,0.0,0.0,0.0,0.0,0.0,0.0,0.0,2.0,0.0,0.0,0.0,77777.09243830947,5128638.302615932,5.0,4.0,0.0,0.0,0.0,0.0,0.0,-33.92393726636337,150.9771524725102,22.326871826957618,0.0,0.0,nothing,0.0,0
88be08c8e3fffff,0.0,0.0,2.0,0.0,0.0,0.0,0.0,7.0,0.0,0.0,0.0,91102.78720548742,918035.388475958,11.0,1.0,0.0,0.0,0.0,0.0,0.0,-33.92280765834648,150.96627687424183,23.26354611474536,0.0,0.0,nothing,0.0,0
88be08c8e5fffff,0.0,0.0,0.0,0.0,0.0,0.0,0.0,3.0,0.0,0.0,0.0,55882.71709139546,438206.2233828639,10.0,3.0,0.0,0.0,0.0,0.0,0.0,-33.91667773371138,150.98377093473528,21.52693776311918,0.0,0.0,nothing,0.0,0
88be08c8e7fffff,0.0,0.0,1.0,0.0,0.0,0.0,0.0,1.0,0.0,0.0,0.0,0.0,0.0,4.0,0.0,0.0,1.0,0.0,0.0,0.0,-33.91554875784337,150.9728960900556,22.4740629447383,0.0,0.0,nothing,0.0,0
88be08c8e9fffff,0.0,0.0,2.0,0.0,0.0,0.0,0.0,4.0,0.0,0.0,0.0,566061.6115590809,5583759.3637022255,28.0,2.0,0.0,0.0,0.0,0.0,0.0,-33.932325697904794,150.98140972856007,22.224675959733847,0.0,0.0,nothing,0.0,0
88be08c8ebfffff,0.0,0.0,0.0,0.0,0.0,0.0,0.0,1.0,0.0,0.0,0.0,600788.5971949048,4248881.57071888,1.0,6.0,0.0,0.0,0.0,0.0,0.0,-33.931196396882285,150.97053292599796,23.14335917246851,0.0,0.0,nothing,0.0,0
88be08c8edfffff,0.0,0.0,0.0,0.0,0.0,0.0,0.0,2.0,0.0,0.0,0.0,205617.82886904932,3369619.898541542,7.0,0.0,0.0,0.0,0.0,0.0,0.0,-33.92506593517694,150.9880285211278,21.39717901822056,0.0,0.0,nothing,0.0,0
88be08c901fffff,0.0,0.0,3.0,0.0,1.0,1.0,0.0,6.0,0.0,0.0,0.0,308897.841130027,7450333.574524288,44.0,13.0,1154.5189504373177,3.0,2.0,0.0,0.0,-33.88598907724757,151.0712090453379,12.917286569840538,4.0,4.0,kW,1.0,1
88be08c903fffff,0.0,0.0,0.0,0.0,0.0,0.0,0.0,4.0,0.0,0.0,0.0,183072.37345453113,9284818.365810473,10.0,5.0,3078.717201166181,0.0,0.0,0.0,0.0,-33.88486795016941,151.06033574357795,13.89662258054243,0.0,0.0,nothing,0.0,0
88be08c905fffff,0.0,1.0,1.0,0.0,1.0,3.0,0.0,1.0,0.0,0.0,0.0,555816.8912037334,4597860.6545141665,42.0,22.0,1924.198250728863,1.0,4.0,1.0,0.0,-33.87872399241242,151.07781722196978,12.214647843910356,0.0,0.0,nothing,0.0,0
88be08c907fffff,0.0,0.0,3.0,0.0,0.0,3.0,0.0,5.0,0.0,0.0,0.0,180127.74167557427,9003778.2196453,26.0,15.0,8081.632653061224,0.0,10.0,0.0,0.0,-33.87760349499053,151.0669446776484,13.2071218299732,0.0,0.0,nothing,0.0,0
88be08c909fffff,1.0,0.0,0.0,0.0,1.0,0.0,0.0,3.0,0.0,0.0,0.0,8736.382516373498,3916409.401570614,6.0,0.0,1924.198250728863,0.0,4.0,0.0,0.0,-33.894374582250755,151.0754742868798,12.701418647198295,0.0,0.0,nothing,0.0,0
88be08c90bfffff,0.0,0.0,2.0,0.0,0.0,0.0,0.0,7.0,0.0,0.0,0.0,2031657.0080592025,7826950.073351828,57.0,25.0,0.0,2.0,0.0,2.0,0.0,-33.89325376431698,151.06459978402083,13.65873663640977,0.0,0.0,nothing,0.0,0
88be08c90dfffff,0.0,0.0,3.0,1.0,4.0,2.0,0.0,9.0,0.0,0.0,0.0,99400.08692051862,4080729.191293632,60.0,18.0,1539.3586005830905,0.0,6.0,1.0,0.0,-33.88710926546561,151.08208279040213,11.943643639089045,0.0,0.0,nothing,0.0,0
88be08c911fffff,0.0,0.0,0.0,0.0,0.0,0.0,0.0,4.0,1.0,0.0,0.0,382844.0615624784,7264309.678571429,25.0,9.0,8466.472303206998,0.0,0.0,0.0,0.0,-33.89100931144838,151.04285211060198,15.594660804128935,0.0,0.0,nothing,0.0,0
88be08c913fffff,0.0,0.0,2.0,0.0,1.0,0.0,0.0,6.0,0.0,0.0,0.0,256546.25641291752,5629117.523809524,14.0,1.0,5772.594752186589,0.0,12.0,0.0,0.0,-33.889885676840585,151.0319789415542,16.57077454804497,0.0,0.0,nothing,0.0,0
88be08c915fffff,0.0,0.0,0.0,0.0,0.0,0.0,0.0,0.0,0.0,0.0,0.0,2425756.4337613797,6038368.657088123,13.0,8.0,1154.5189504373177,1.0,0.0,0.0,0.0,-33.883745884394344,151.04946288587828,14.880524583764917,0.0,0.0,nothing,0.0,0
88be08c917fffff,0.0,0.0,0.0,0.0,0.0,0.0,0.0,2.0,0.0,0.0,0.0,664854.3604755483,8056312.162698413,33.0,13.0,1154.5189504373177,0.0,0.0,0.0,0.0,-33.88262288008587,151.03859047299477,15.86814035091531,0.0,0.0,nothing,0.0,0
88be08c919fffff,0.0,0.0,1.0,0.0,0.0,1.0,0.0,10.0,0.0,0.0,0.0,1708245.3618185222,4709260.363405353,34.0,22.0,769.6793002915452,0.0,1.0,0.0,1.0,-33.899395665950955,151.04711462185205,15.382796855783374,0.0,0.0,nothing,0.0,0
88be08c91bfffff,0.0,0.0,1.0,0.0,0.0,0.0,0.0,3.0,0.0,0.0,0.0,1152151.4739957266,4836220.892555976,29.0,12.0,10390.67055393586,3.0,0.0,0.0,0.0,-33.898272339712,151.0362402509243,16.340223016089965,0.0,0.0,nothing,0.0,0
88be08c91dfffff,0.0,0.0,2.0,0.0,0.0,0.0,0.0,6.0,0.0,0.0,0.0,1623922.264337497,7308440.81554461,28.0,7.0,1924.198250728863,1.0,0.0,0.0,0.0,-33.892132007328385,151.0537257250095,14.623619725234644,0.0,0.0,nothing,0.0,0
88be08c921fffff,1.0,0.0,3.0,0.0,0.0,2.0,0.0,14.0,0.0,1.0,0.0,313078.74350793805,7984063.503642468,77.0,5.0,769.6793002915452,1.0,12.0,0.0,2.0,-33.8630733926394,151.0801592926595,11.9662164837382,3.0,3.0,22 kW,22.0,1
88be08c923fffff,2.0,1.0,10.0,0.0,0.0,1.0,0.0,15.0,0.0,0.0,0.0,1458037.6162179045,6637666.191813112,47.0,5.0,2309.0379008746354,3.0,12.0,6.0,0.0,-33.86195321565478,151.0692887062071,12.977522304536944,3.0,6.0,"22 kW, kW",11.5,1
88be08c925fffff,4.0,0.0,4.0,0.0,0.0,1.0,0.0,14.0,0.0,2.0,0.0,527841.405291631,4339019.76048581,49.0,7.0,6542.274052478134,2.0,34.0,4.0,0.0,-33.8558077465003,151.08676497378252,11.42981719352535,2.0,2.0,7 kW,7.0,1
88be08c927fffff,6.0,0.0,15.0,0.0,5.0,1.0,0.0,27.0,0.0,0.0,0.0,2702453.1137204506,6642440.251630525,36.0,6.0,10005.830903790087,7.0,28.0,0.0,1.0,-33.85468819860419,151.07589514478653,12.443351878499174,3.0,3.0,22 kW,22.0,1
88be08c929fffff,0.0,1.0,6.0,1.0,0.0,4.0,1.0,8.0,0.0,2.0,0.0,21132.93401715646,1041796.1053270802,49.0,30.0,0.0,0.0,4.0,4.0,0.0,-33.87145851032811,151.08442431400766,11.557902354948476,0.0,0.0,nothing,0.0,0
88be08c92bfffff,1.0,1.0,1.0,0.0,2.0,2.0,0.0,10.0,0.0,1.0,0.0,292046.4363402511,4417107.775062859,27.0,24.0,0.0,0.0,10.0,1.0,0.0,-33.87033864230834,151.07355252731185,12.561294885707346,0.0,0.0,nothing,0.0,0
88be08c92dfffff,4.0,0.0,13.0,1.0,0.0,2.0,0.0,16.0,0.0,0.0,0.0,1185364.832589258,109048.0865800866,76.0,11.0,2693.877551020408,3.0,14.0,1.0,0.0,-33.864192631511294,151.0910303215429,10.955308214556116,1.0,1.0,22 kW,22.0,1
88be08c931fffff,0.0,0.0,0.0,0.0,0.0,0.0,0.0,1.0,0.0,1.0,0.0,0.0,5220587.037375275,18.0,4.0,0.0,0.0,1.0,0.0,0.0,-33.86809609150933,151.05181028359755,14.572251962575429,0.0,0.0,nothing,0.0,0
88be08c933fffff,0.0,0.0,5.0,0.0,0.0,1.0,1.0,12.0,0.0,9.0,0.0,241765.24849921593,5921298.364197531,81.0,4.0,0.0,3.0,4.0,1.0,0.0,-33.866973409056605,151.0409398280902,15.579272083672327,0.0,0.0,nothing,0.0,0
88be08c935fffff,0.0,0.0,1.0,0.0,0.0,0.0,0.0,4.0,0.0,0.0,0.0,244953.99328464613,7613784.041234476,7.0,2.0,769.6793002915452,0.0,0.0,0.0,0.0,-33.86083210072043,151.05841856294128,13.989136178668984,0.0,0.0,nothing,0.0,0
88be08c937fffff,3.0,0.0,3.0,0.0,0.0,1.0,0.0,11.0,0.0,5.0,0.0,460908.067885142,6875859.801479597,54.0,21.0,0.0,4.0,11.0,2.0,0.0,-33.859710047999535,151.04754886361744,15.000992712765123,0.0,0.0,nothing,0.0,0
88be08c939fffff,0.0,0.0,0.0,0.0,0.0,0.0,0.0,0.0,0.0,0.0,0.0,275797.78939552273,1822463.4460864807,15.0,11.0,384.8396501457726,0.0,2.0,0.0,0.0,-33.8764820590664,151.05607257684397,14.202556790631148,0.0,0.0,nothing,0.0,0
88be08c93bfffff,0.0,0.0,0.0,0.0,0.0,0.0,0.0,4.0,0.0,0.0,0.0,1752842.745372369,7142037.871693121,13.0,16.0,0.0,1.0,1.0,0.0,0.0,-33.87535968480331,151.04520092031228,15.200367984960964,0.0,0.0,nothing,0.0,0
88be08c93dfffff,0.0,0.0,3.0,0.0,0.0,3.0,0.0,3.0,0.0,0.0,0.0,175428.25833031733,5957713.246565558,26.0,6.0,1539.3586005830905,1.0,30.0,1.0,0.0,-33.86921783598104,151.06268118358992,13.56618221873219,10.0,10.0,7 kW,7.0,1
88be08c941fffff,0.0,1.0,2.0,1.0,0.0,0.0,0.0,3.0,0.0,2.0,0.0,20793.015987954488,2711394.6229200214,30.0,18.0,1539.3586005830905,0.0,22.0,0.0,0.0,-33.90387957841366,151.09061654947507,11.648235494744428,0.0,0.0,nothing,0.0,0
88be08c943fffff,0.0,0.0,4.0,0.0,0.0,0.0,0.0,12.0,0.0,0.0,0.0,47848.41769273052,2095454.692431562,27.0,16.0,0.0,1.0,2.0,1.0,0.0,-33.902760009498635,151.0797404024954,12.563333807849489,0.0,0.0,nothing,0.0,0
88be08c945fffff,0.0,0.0,0.0,0.0,6.0,0.0,0.0,8.0,0.0,0.0,0.0,379395.56904213387,2309089.067185543,27.0,15.0,1154.5189504373177,0.0,7.0,1.0,0.0,-33.89661340030133,151.09722462111526,10.817515890525176,0.0,0.0,nothing,0.0,0
88be08c947fffff,0.0,0.0,2.0,2.0,0.0,1.0,0.0,10.0,0.0,0.0,0.0,101568.59194723578,2453670.851418382,52.0,22.0,1539.3586005830905,0.0,2.0,3.0,0.0,-33.89549446096652,151.08634923283012,11.753518326638808,0.0,0.0,nothing,0.0,0
88be08c949fffff,0.0,0.0,0.0,0.0,0.0,1.0,0.0,5.0,0.0,1.0,0.0,210571.28464652365,769761.5209339774,47.0,5.0,0.0,0.0,0.0,0.0,1.0,-33.912264617305546,151.0948847405584,11.630102036796924,0.0,0.0,nothing,0.0,0
88be08c94bfffff,0.0,0.0,0.0,0.0,0.0,0.0,0.0,4.0,0.0,0.0,0.0,0.0,517242.6022544283,59.0,11.0,0.0,0.0,0.0,0.0,0.0,-33.91114535848977,151.08400739240608,12.505611277731935,0.0,0.0,nothing,0.0,0
88be08c94dfffff,2.0,0.0,6.0,1.0,1.0,0.0,0.0,24.0,0.0,1.0,0.0,480826.11101001466,2483445.567990696,47.0,13.0,1539.3586005830905,2.0,23.0,1.0,0.0,-33.904998207589905,151.10149313857622,10.750803387388649,2.0,2.0,7 kW,7.0,1
88be08c951fffff,0.0,1.0,7.0,3.0,0.0,0.0,0.0,14.0,0.0,0.0,0.0,279372.5691549051,10559751.0,74.0,15.0,0.0,6.0,4.0,1.0,0.0,-33.90890402121995,151.06225402485327,14.311367070290098,0.0,0.0,nothing,0.0,0
88be08c953fffff,1.0,0.0,5.0,2.0,0.0,0.0,0.0,21.0,0.0,0.0,0.0,204815.63289532773,6141446.460042173,65.0,24.0,2309.0379008746354,3.0,1.0,0.0,0.0,-33.90778194309223,151.05137800696644,15.235121210388009,0.0,0.0,nothing,0.0,0
88be08c955fffff,0.0,0.0,3.0,0.0,0.0,3.0,0.0,3.0,0.0,0.0,0.0,226903.82396593312,2425287.1740607517,45.0,7.0,0.0,2.0,0.0,0.0,3.0,-33.90163950100773,151.06886469839392,13.492500918270382,0.0,0.0,nothing,0.0,0
88be08c957fffff,0.0,0.0,0.0,0.0,0.0,0.0,0.0,3.0,0.0,0.0,0.0,40858.39516827109,2823491.262685176,55.0,29.0,1924.198250728863,0.0,2.0,0.0,0.0,-33.90051805310405,151.05798943792735,14.433016752968117,0.0,0.0,nothing,0.0,0
88be08c959fffff,2.0,0.0,2.0,0.0,0.0,0.0,0.0,9.0,0.0,0.0,0.0,35465.53232615281,10723744.19337232,95.0,2.0,0.0,2.0,19.0,1.0,0.0,-33.917289911174635,151.0665194860088,14.260437486608083,0.0,0.0,nothing,0.0,0
88be08c95bfffff,0.0,0.0,1.0,0.0,0.0,0.0,0.0,6.0,0.0,0.0,0.0,229892.5428488478,7478282.506822612,112.0,22.0,0.0,4.0,14.0,0.0,0.0,-33.91616814237083,151.0556422661667,15.153512540691638,0.0,0.0,nothing,0.0,0
88be08c95dfffff,0.0,0.0,1.0,0.0,0.0,0.0,0.0,6.0,0.0,0.0,0.0,64292.11423520282,5999353.395711501,88.0,13.0,0.0,2.0,0.0,0.0,0.0,-33.91002515974023,151.07313048691873,13.400584385941208,0.0,0.0,nothing,0.0,0
88be08c961fffff,4.0,0.0,6.0,0.0,0.0,4.0,1.0,20.0,0.0,2.0,0.0,290991.48197551235,2356077.2024691356,98.0,16.0,1154.5189504373177,5.0,21.0,2.0,2.0,-33.88096217109732,151.0995636381396,10.242041796866474,0.0,0.0,nothing,0.0,0
88be08c963fffff,0.0,1.0,0.0,0.0,0.0,8.0,0.0,2.0,0.0,1.0,0.0,0.0,1809811.0151234565,28.0,20.0,769.6793002915452,0.0,9.0,0.0,0.0,-33.87984355116896,151.08869020905223,11.22592427763333,0.0,0.0,nothing,0.0,0
88be08c965fffff,5.0,0.0,16.0,4.0,6.0,4.0,0.0,33.0,0.0,1.0,0.0,213773.3213970009,8646948.423831776,89.0,17.0,0.0,25.0,70.0,10.0,0.0,-33.873695430793646,151.1061692132975,9.557503498734787,11.0,11.0,7 kW,7.0,1
88be08c967fffff,3.0,0.0,23.0,2.0,1.0,15.0,0.0,22.0,0.0,3.0,0.0,111674.66151193064,1701626.4308584284,121.0,30.0,0.0,3.0,72.0,13.0,0.0,-33.87257743987743,151.09529654292157,10.556435214926465,1.0,1.0,7 kW,7.0,1
88be08c969fffff,0.0,0.0,0.0,0.0,0.0,0.0,0.0,5.0,0.0,0.0,0.0,65750.08705726688,3329904.945987655,38.0,9.0,1539.3586005830905,1.0,0.0,0.0,0.0,-33.889346824669495,151.1038316074182,10.020086068001357,0.0,0.0,nothing,0.0,0
88be08c96bfffff,2.0,0.0,3.0,0.0,2.0,0.0,0.0,11.0,0.0,1.0,0.0,157014.040505047,920238.1979066022,57.0,19.0,2309.0379008746354,0.0,2.0,1.0,0.0,-33.88822851466052,151.09295697801434,10.97721293548328,0.0,0.0,nothing,0.0,0
88be08c96dfffff,3.0,0.0,3.0,1.0,1.0,2.0,0.0,6.0,0.0,3.0,0.0,74733.39617488321,4918018.866562825,63.0,14.0,1539.3586005830905,1.0,14.0,3.0,0.0,-33.88207985203489,151.1104375084756,9.264547787769317,0.0,0.0,nothing,0.0,0
88be08c981fffff,0.0,0.0,0.0,0.0,0.0,0.0,0.0,0.0,0.0,0.0,0.0,115613.97216508989,1482810.9386574074,18.0,15.0,0.0,0.0,0.0,0.0,0.0,-33.87812148079538,150.9951052847322,19.844576527657892,0.0,0.0,nothing,0.0,0
88be08c983fffff,0.0,0.0,2.0,0.0,0.0,0.0,0.0,6.0,0.0,0.0,0.0,939336.2497382415,4196934.111111111,24.0,11.0,0.0,0.0,0.0,0.0,0.0,-33.87699378628002,150.98423510726042,20.84330952502392,0.0,0.0,nothing,0.0,0
88be08c985fffff,0.0,0.0,0.0,0.0,4.0,0.0,0.0,1.0,0.0,0.0,0.0,0.0,1179279.4756944445,15.0,8.0,0.0,0.0,6.0,0.0,0.0,-33.87086080763558,151.00171875202128,19.207908545676407,0.0,0.0,nothing,0.0,0
88be08c987fffff,0.0,0.0,1.0,0.0,0.0,0.0,0.0,3.0,0.0,0.0,0.0,456323.7444113879,0.0,30.0,22.0,0.0,2.0,1.0,0.0,0.0,-33.869733744135374,150.99084932818286,20.2126444873866,0.0,0.0,nothing,0.0,0
88be08c989fffff,1.0,0.0,16.0,11.0,0.0,2.0,1.0,54.0,0.0,3.0,0.0,371278.3162549639,2182391.3518518517,41.0,18.0,0.0,0.0,14.0,4.0,0.0,-33.88650914229042,150.99936211412597,19.52190048873352,0.0,0.0,nothing,0.0,0
88be08c98bfffff,0.0,0.0,1.0,0.0,0.0,0.0,0.0,0.0,0.0,0.0,0.0,206889.10167603855,2606044.4154809234,20.0,9.0,0.0,0.0,0.0,0.0,0.0,-33.88538175441255,150.98849073407283,20.511375272182654,0.0,0.0,nothing,0.0,0
88be08c98dfffff,0.0,0.0,0.0,0.0,0.0,0.0,0.0,2.0,0.0,2.0,0.0,11548.318295677062,2045465.767361111,23.0,11.0,0.0,0.0,0.0,0.0,0.0,-33.879248237598176,151.00597591079656,18.84739740075197,0.0,0.0,nothing,0.0,0
88be08c991fffff,0.0,0.0,0.0,0.0,0.0,0.0,0.0,5.0,0.0,0.0,0.0,32051.138867582787,5002290.998197371,36.0,16.0,0.0,0.0,1.0,0.0,0.0,-33.88312416510346,150.96674932213116,22.496680704039903,0.0,0.0,nothing,0.0,0
88be08c993fffff,1.0,0.0,0.0,0.0,0.0,2.0,0.0,0.0,0.0,0.0,0.0,65855.56360895732,2286180.1201902414,13.0,1.0,0.0,0.0,4.0,0.0,0.0,-33.88199396400254,150.9558792917521,23.491970170843523,0.0,0.0,nothing,0.0,0
88be08c995fffff,0.0,0.0,0.0,0.0,0.0,0.0,0.0,2.0,0.0,0.0,0.0,329022.6442891384,4049062.051465181,26.0,13.0,0.0,0.0,3.0,0.0,0.0,-33.875865154216896,150.9733653791358,21.84338108307116,0.0,0.0,nothing,0.0,0
88be08c997fffff,0.0,1.0,1.0,0.0,0.0,0.0,0.0,6.0,0.0,2.0,0.0,502648.4696044841,3034510.7605868583,41.0,16.0,0.0,6.0,2.0,0.0,0.0,-33.874735584771145,150.96249610111295,22.844613323060987,0.0,0.0,nothing,0.0,0
88be08c999fffff,0.0,0.0,1.0,0.0,0.0,0.0,0.0,6.0,0.0,0.0,0.0,119806.15262432065,6466778.349619389,8.0,6.0,0.0,1.0,2.0,0.0,0.0,-33.891512670664824,150.97100341578084,22.189321609130616,0.0,0.0,nothing,0.0,0
88be08c99bfffff,0.0,0.0,0.0,0.0,0.0,0.0,0.0,2.0,0.0,0.0,0.0,0.0,8199645.115724993,25.0,11.0,0.0,2.0,0.0,0.0,0.0,-33.890382775424456,150.9601321820443,23.175713584919233,0.0,0.0,nothing,0.0,0
88be08c99dfffff,1.0,0.0,1.0,0.0,0.0,0.0,0.0,4.0,0.0,0.0,0.0,482940.52833046846,5148204.893342542,55.0,25.0,0.0,0.0,0.0,1.0,0.0,-33.88425342862855,150.97761980315627,21.503067112285912,0.0,0.0,nothing,0.0,0
88be08c9a1fffff,0.0,0.0,0.0,2.0,0.0,1.0,0.0,1.0,0.0,0.0,0.0,9382.91442889961,0.0,45.0,19.0,0.0,0.0,1.0,3.0,0.0,-33.85521246252264,151.00407452084204,19.050023233350927,0.0,0.0,nothing,0.0,0
88be08c9a3fffff,0.0,0.0,1.0,3.0,0.0,0.0,0.0,1.0,0.0,1.0,0.0,100781.32832538911,2860293.333333333,41.0,23.0,0.0,2.0,0.0,1.0,0.0,-33.854085723325134,150.99320705255167,20.062548873913876,0.0,0.0,nothing,0.0,0
88be08c9a5fffff,0.0,0.0,0.0,0.0,0.0,0.0,0.0,2.0,0.0,0.0,0.0,85622.73747751683,0.0,59.0,18.0,0.0,0.0,0.0,0.0,0.0,-33.847951224087,151.01068549275854,18.524264978872775,0.0,0.0,nothing,0.0,0
88be08c9a7fffff,0.0,0.0,1.0,0.0,0.0,0.0,0.0,3.0,0.0,0.0,0.0,0.0,1949669.3333333333,41.0,17.0,0.0,0.0,0.0,0.0,0.0,-33.846825115337744,150.99981877812323,19.537699525046932,0.0,0.0,nothing,0.0,0
88be08c9a9fffff,0.0,0.0,0.0,0.0,0.0,0.0,0.0,3.0,0.0,0.0,0.0,97613.63022609484,199077.66666666663,46.0,21.0,0.0,0.0,0.0,0.0,0.0,-33.863599735449384,151.00833113602997,18.604465804935085,0.0,0.0,nothing,0.0,0
88be08c9abfffff,0.0,0.0,0.0,0.0,0.0,0.0,0.0,3.0,0.0,0.0,0.0,0.0,0.0,31.0,17.0,0.0,0.0,0.0,0.0,0.0,-33.86247330271085,150.99746246601345,19.613879371860747,0.0,0.0,nothing,0.0,0
88be08c9adfffff,0.0,0.0,1.0,0.0,0.0,0.0,1.0,5.0,0.0,0.0,0.0,191387.4771816557,0.0,22.0,6.0,0.0,0.0,1.0,0.0,0.0,-33.85633826475306,151.0149424368483,18.037584140717115,0.0,0.0,nothing,0.0,0
88be08c9b1fffff,0.0,0.0,0.0,0.0,0.0,0.0,0.0,1.0,0.0,0.0,0.0,0.0,10990.222222222224,5.0,8.0,0.0,0.0,0.0,0.0,0.0,-33.86021762591635,150.97572647151316,21.633790467516786,0.0,0.0,nothing,0.0,0
88be08c9b3fffff,0.0,0.0,0.0,0.0,0.0,0.0,0.0,0.0,0.0,0.0,0.0,220520.81364510837,2163623.7682299484,1.0,0.0,0.0,0.0,0.0,0.0,0.0,-33.859088382190116,150.96485914853778,22.644187108153808,0.0,0.0,nothing,0.0,0
88be08c9b5fffff,2.0,0.0,0.0,1.0,0.0,0.0,1.0,1.0,0.0,2.0,0.0,617304.0341999541,2615125.333333333,46.0,29.0,0.0,0.0,3.0,2.0,0.0,-33.85295804732515,150.98234003273143,21.075146343462375,0.0,0.0,nothing,0.0,0
88be08c9b7fffff,0.0,0.0,0.0,0.0,0.0,0.0,0.0,4.0,0.0,0.0,0.0,958097.1378781372,0.0,26.0,11.0,0.0,1.0,0.0,1.0,0.0,-33.85182943468749,150.97147346213535,22.087803612059464,0.0,0.0,nothing,0.0,0
88be08c9b9fffff,0.0,0.0,1.0,0.0,0.0,0.0,0.0,7.0,0.0,1.0,0.0,233719.6212414099,711110.152635394,13.0,9.0,0.0,1.0,0.0,0.0,0.0,-33.868605743280895,150.97998035314768,21.21819260062608,2.0,4.0,kW,1.0,1
88be08c9bbfffff,1.0,0.0,1.0,0.0,0.0,1.0,0.0,3.0,0.0,1.0,0.0,0.0,2460270.5445933957,15.0,9.0,0.0,0.0,3.0,1.0,0.0,-33.867476805237054,150.96911182767013,22.22444050729173,0.0,0.0,nothing,0.0,0
88be08c9bdfffff,0.0,0.0,0.0,0.0,0.0,0.0,0.0,0.0,0.0,0.0,0.0,0.0,81722.66666666666,16.0,13.0,0.0,0.0,2.0,0.0,0.0,-33.86134593281158,150.98659424425642,20.623672716638353,0.0,0.0,nothing,0.0,0
88be08c9c1fffff,0.0,0.0,0.0,0.0,0.0,0.0,0.0,0.0,0.0,1.0,0.0,69149.85166207497,568075.7777777778,39.0,14.0,0.0,0.0,0.0,0.0,0.0,-33.89602287063201,151.01449284753534,18.273186988800937,0.0,0.0,nothing,0.0,0
88be08c9c3fffff,0.0,0.0,0.0,0.0,0.0,0.0,0.0,0.0,0.0,0.0,0.0,0.0,655207.1805555556,20.0,13.0,0.0,0.0,0.0,0.0,0.0,-33.89489672811928,151.00361981658563,19.2469010845327,0.0,0.0,nothing,0.0,0
88be08c9c5fffff,0.0,0.0,0.0,0.0,0.0,0.0,0.0,0.0,0.0,0.0,0.0,80622.22570957236,1831587.259259259,31.0,9.0,12699.708454810496,0.0,4.0,2.0,2.0,-33.888761103668884,151.02110621862195,17.55111197253697,0.0,0.0,nothing,0.0,0
88be08c9c7fffff,1.0,0.0,1.0,0.0,0.0,1.0,0.0,2.0,0.0,0.0,0.0,12571.384698985736,2082606.7320601852,44.0,17.0,0.0,0.0,2.0,0.0,0.0,-33.887635592097396,151.01023394256077,18.53500038471649,0.0,0.0,nothing,0.0,0
88be08c9c9fffff,0.0,0.0,1.0,0.0,0.0,0.0,0.0,8.0,0.0,0.0,0.0,138020.91156818994,7055018.416666667,50.0,19.0,0.0,1.0,0.0,0.0,0.0,-33.904410072700735,151.01875262594186,18.064158418299275,0.0,0.0,nothing,0.0,0
88be08c9cbfffff,0.0,0.0,1.0,0.0,0.0,0.0,0.0,6.0,0.0,0.0,0.0,55625.25789923922,0.0,24.0,7.0,0.0,1.0,1.0,0.0,0.0,-33.903284237780696,151.0078783923328,19.021647824105987,0.0,0.0,nothing,0.0,0
88be08c9cdfffff,0.0,0.0,1.0,0.0,0.0,0.0,0.0,4.0,0.0,0.0,0.0,68614.49855898015,2675531.0,30.0,17.0,6542.274052478134,0.0,0.0,0.0,0.0,-33.89714807455101,151.0253663259001,17.30402343819575,0.0,0.0,nothing,0.0,0
88be08c9d1fffff,0.0,0.0,0.0,0.0,0.0,0.0,0.0,1.0,0.0,0.0,0.0,84902.9770939485,0.0,14.0,14.0,0.0,0.0,2.0,0.0,0.0,-33.90102975174258,150.98613126974817,20.952386648745115,0.0,0.0,nothing,0.0,0
88be08c9d3fffff,0.0,0.0,0.0,0.0,0.0,0.0,0.0,0.0,0.0,0.0,0.0,154013.91677339215,1956223.3116041452,0.0,0.0,0.0,0.0,3.0,0.0,0.0,-33.89990110095407,150.97525838228358,21.92424391398841,0.0,0.0,nothing,0.0,0
88be08c9d5fffff,0.0,0.0,0.0,0.0,0.0,0.0,0.0,1.0,0.0,1.0,0.0,16688.632833988995,268935.0,35.0,19.0,0.0,1.0,0.0,0.0,0.0,-33.89376964717731,150.99274723380648,20.224506150626127,0.0,0.0,nothing,0.0,0
88be08c9d7fffff,0.0,0.0,0.0,0.0,0.0,0.0,0.0,2.0,0.0,0.0,0.0,60941.22588932129,3970459.600470938,8.0,10.0,0.0,0.0,0.0,0.0,0.0,-33.89264162797084,150.9818750999532,21.205461828269662,0.0,0.0,nothing,0.0,0
88be08c9d9fffff,0.0,0.0,0.0,0.0,0.0,0.0,0.0,6.0,0.0,0.0,0.0,50824.11340548499,0.0,29.0,14.0,0.0,2.0,2.0,0.0,0.0,-33.90941779944254,150.99038831276292,20.745472768885175,0.0,0.0,nothing,0.0,0
88be08c9dbfffff,0.0,0.0,3.0,0.0,0.0,0.0,0.0,5.0,0.0,0.0,0.0,273599.5447704189,0.0,19.0,14.0,0.0,0.0,1.0,1.0,0.0,-33.908289455470005,150.97951422186117,21.70299832898629,0.0,0.0,nothing,0.0,0
88be08c9ddfffff,0.0,0.0,2.0,1.0,0.0,0.0,0.0,15.0,0.0,0.0,0.0,609529.4609402254,0.0,41.0,16.0,0.0,3.0,1.0,1.0,0.0,-33.902157464073085,150.99700460668305,19.98464442982207,0.0,0.0,nothing,0.0,0
88be08c9e1fffff,0.0,0.0,0.0,0.0,2.0,0.0,0.0,4.0,0.0,0.0,0.0,0.0,456102.8888888889,25.0,9.0,0.0,0.0,2.0,0.0,0.0,-33.87311212191464,151.0234589430892,17.2014533274669,0.0,0.0,nothing,0.0,0
88be08c9e3fffff,0.0,0.0,0.0,0.0,0.0,0.0,0.0,0.0,0.0,0.0,0.0,174038.5270049466,1631814.8333333333,9.0,12.0,0.0,0.0,0.0,0.0,0.0,-33.871986933616824,151.01258862390833,18.20412185279513,0.0,0.0,nothing,0.0,0
88be08c9e5fffff,0.0,1.0,2.0,0.0,1.0,0.0,0.0,3.0,0.0,2.0,0.0,0.0,1957899.351851852,53.0,22.0,0.0,0.0,9.0,0.0,0.0,-33.86584978878644,151.03006981782312,16.5870666910708,0.0,0.0,nothing,0.0,0
88be08c9e7fffff,0.0,0.0,0.0,0.0,2.0,1.0,0.0,4.0,0.0,0.0,0.0,246187.25522482305,0.0,37.0,15.0,0.0,1.0,5.0,0.0,0.0,-33.86472523086269,151.01920025355142,17.595500059778924,0.0,0.0,nothing,0.0,0
88be08c9e9fffff,3.0,0.0,0.0,0.0,1.0,0.0,1.0,3.0,0.0,2.0,0.0,244082.8246418106,2529037.595238095,39.0,21.0,0.0,1.0,1.0,3.0,0.0,-33.88149893740769,151.027718505683,16.858814469084244,1.0,1.0,kW,1.0,1
88be08c9ebfffff,0.0,0.0,2.0,0.0,0.0,0.0,0.0,4.0,0.0,0.0,0.0,0.0,1878919.9479166665,4.0,0.0,0.0,1.0,0.0,1.0,0.0,-33.880374056523735,151.01684698469853,17.852035178888627,0.0,0.0,nothing,0.0,0
88be08c9edfffff,0.0,0.0,1.0,0.0,0.0,0.0,0.0,3.0,0.0,3.0,0.0,136886.103726682,5062051.092592592,60.0,15.0,0.0,0.0,8.0,2.0,0.0,-33.87423637236479,151.0343297088089,16.200113485133265,0.0,0.0,nothing,0.0,0
88be08ca03fffff,1.0,1.0,2.0,0.0,0.0,0.0,0.0,4.0,0.0,0.0,0.0,208267.0922211301,0.0,6.0,3.0,384.8396501457726,2.0,3.0,1.0,0.0,-33.994418299187146,151.04389339918814,20.688961943617137,0.0,0.0,nothing,0.0,0
88be08ca05fffff,0.0,0.0,0.0,0.0,0.0,0.0,0.0,2.0,0.0,0.0,0.0,0.0,0.0,0.0,0.0,0.0,0.0,0.0,0.0,0.0,-33.988277777455615,151.0613984975459,19.043231264780424,0.0,0.0,nothing,0.0,0
88be08ca07fffff,0.0,0.0,0.0,0.0,0.0,0.0,0.0,2.0,0.0,1.0,0.0,0.0,0.0,11.0,7.0,0.0,0.0,2.0,1.0,0.0,-33.98715503488411,151.05051222940355,19.695314913114068,0.0,0.0,nothing,0.0,0
88be08ca09fffff,0.0,0.0,3.0,2.0,0.0,0.0,0.0,13.0,1.0,0.0,0.0,0.0,0.0,18.0,8.0,0.0,0.0,1.0,2.0,0.0,-34.0039282301519,151.05904949845285,20.435829130975772,0.0,0.0,nothing,0.0,0
88be08ca0bfffff,0.0,0.0,0.0,0.0,3.0,0.0,0.0,2.0,0.0,0.0,0.0,12250.522508745576,0.0,0.0,2.0,769.6793002915452,0.0,4.0,0.0,0.0,-34.00280516654648,151.04816126708397,21.044900875890335,0.0,0.0,nothing,0.0,0
88be08ca0dfffff,1.0,0.0,9.0,0.0,1.0,3.0,0.0,31.0,0.0,0.0,0.0,42478.60381218696,0.0,2.0,0.0,0.0,6.0,38.0,4.0,0.0,-33.99666410530449,151.06566789834193,19.429555664894803,0.0,0.0,nothing,0.0,0
88be08ca11fffff,0.0,0.0,1.0,0.0,0.0,0.0,0.0,1.0,0.0,0.0,0.0,62985.287264154875,0.0,26.0,20.0,0.0,0.0,0.0,0.0,0.0,-34.00055621072731,151.026386143615,22.35128074395091,0.0,0.0,nothing,0.0,0
88be08ca13fffff,0.0,0.0,0.0,0.0,0.0,0.0,0.0,0.0,0.0,0.0,0.0,0.0,349482.6666666667,13.0,1.0,0.0,0.0,1.0,0.0,0.0,-33.99943031884208,151.01549925303246,23.043583132280254,0.0,0.0,nothing,0.0,0
88be08ca15fffff,0.0,0.0,1.0,0.0,0.0,0.0,0.0,12.0,0.0,0.0,0.0,38916.05010753856,0.0,9.0,0.0,1924.198250728863,0.0,1.0,0.0,0.0,-33.99329398219797,151.0330068188064,21.36298503289188,0.0,0.0,nothing,0.0,0
88be08ca17fffff,0.0,1.0,0.0,1.0,0.0,1.0,0.0,0.0,0.0,0.0,0.0,19561.71259207747,0.0,26.0,7.0,0.0,0.0,1.0,2.0,0.0,-33.992168722807314,151.02212068556625,22.06298123236697,0.0,0.0,nothing,0.0,0
88be08ca19fffff,0.0,0.0,1.0,0.0,0.0,0.0,0.0,1.0,0.0,0.0,0.0,0.0,0.0,4.0,0.0,384.8396501457726,0.0,0.0,0.0,0.0,-34.00894361685682,151.0306524774033,22.6809665493081,0.0,0.0,nothing,0.0,0
88be08ca1bfffff,0.0,0.0,1.0,0.0,0.0,0.0,0.0,1.0,0.0,0.0,0.0,0.0,3254557.3333333335,10.0,2.0,0.0,1.0,0.0,0.0,0.0,-34.00781803501286,151.01976438143356,23.34155506521084,0.0,0.0,nothing,0.0,0
88be08ca1dfffff,0.0,0.0,1.0,0.0,0.0,0.0,0.0,3.0,0.0,0.0,0.0,0.0,0.0,9.0,12.0,1539.3586005830905,0.0,0.0,0.0,0.0,-34.0016811600169,151.03727348188508,21.684251500522432,0.0,0.0,nothing,0.0,0
88be08ca21fffff,0.0,0.0,3.0,0.0,0.0,0.0,0.0,3.0,0.0,0.0,0.0,0.0,390872.1111111111,6.0,7.0,0.0,1.0,1.0,0.0,0.0,-33.972627297924554,151.06374662893603,17.714057687176112,0.0,0.0,nothing,0.0,0
88be08ca23fffff,1.0,0.0,2.0,0.0,0.0,0.0,0.0,4.0,0.0,0.0,0.0,380208.283101208,1368106.0202020202,28.0,23.0,2309.0379008746354,0.0,6.0,2.0,0.0,-33.9715048763124,151.0528623233494,18.41316249520109,0.0,0.0,nothing,0.0,0
88be08ca25fffff,0.0,0.0,0.0,0.0,0.0,0.0,0.0,1.0,0.0,0.0,0.0,0.0,2276502.6666666665,22.0,15.0,5772.594752186589,0.0,0.0,0.0,0.0,-33.9653628263013,151.07036219843565,16.727164658503536,0.0,0.0,nothing,0.0,0
88be08ca27fffff,0.0,0.0,1.0,0.0,0.0,0.0,0.0,4.0,0.0,0.0,0.0,0.0,3600085.9444444445,31.0,11.0,3463.5568513119533,1.0,1.0,0.0,0.0,-33.96424103597325,151.05947865149017,17.43632920531453,3.0,3.0,"22 kW, kW",11.5,1
88be08ca29fffff,1.0,0.0,1.0,1.0,0.0,0.0,0.0,8.0,0.0,0.0,0.0,8360.638413126508,0.0,14.0,9.0,0.0,1.0,1.0,3.0,0.0,-33.98101347859806,151.0680154819543,18.044168279743193,0.0,0.0,nothing,0.0,0
88be08ca2bfffff,1.0,0.0,9.0,0.0,0.0,0.0,0.0,4.0,0.0,0.0,0.0,0.0,0.0,4.0,10.0,0.0,6.0,5.0,0.0,0.0,-33.97989136762437,151.05712997262245,18.703573156200054,0.0,0.0,nothing,0.0,0
88be08ca2dfffff,1.0,2.0,7.0,2.0,0.0,1.0,0.0,23.0,1.0,0.0,0.0,149890.15030600864,0.0,53.0,11.0,0.0,1.0,7.0,0.0,0.0,-33.97374877755462,151.07463137926948,17.04656489412948,0.0,0.0,nothing,0.0,0
88be08ca31fffff,0.0,0.0,0.0,0.0,0.0,0.0,0.0,5.0,0.0,1.0,0.0,0.0,5254460.6374829,2.0,0.0,1154.5189504373177,0.0,0.0,0.0,0.0,-33.977644319310706,151.03536029059316,20.110928728618813,0.0,0.0,nothing,0.0,0
88be08ca33fffff,0.0,0.0,0.0,0.0,0.0,0.0,0.0,5.0,0.0,0.0,0.0,65717.0251164416,4825525.075239398,0.0,0.0,769.6793002915452,0.0,6.0,0.0,0.0,-33.976519382298704,151.02447611941224,20.85289993323552,0.0,0.0,nothing,0.0,0
88be08ca35fffff,0.0,0.0,0.0,0.0,0.0,0.0,0.0,3.0,0.0,0.0,0.0,0.0,4296690.243651659,8.0,6.0,1154.5189504373177,0.0,0.0,0.0,0.0,-33.97038151288187,151.0419784632679,19.140413342782843,0.0,0.0,nothing,0.0,0
88be08ca37fffff,0.0,0.0,1.0,0.0,0.0,0.0,0.0,6.0,0.0,0.0,0.0,0.0,5124099.1495583,32.0,7.0,3463.5568513119533,0.0,0.0,0.0,0.0,-33.96925720779688,151.03109504944956,19.89272121052429,0.0,0.0,nothing,0.0,0
88be08ca39fffff,0.0,0.0,0.0,0.0,0.0,0.0,0.0,3.0,0.0,1.0,0.0,2569.129358496091,873190.2517099862,3.0,9.0,0.0,0.0,2.0,0.0,0.0,-33.98603134994134,151.03962640709864,20.37695672437566,0.0,0.0,nothing,0.0,0
88be08ca3bfffff,0.0,0.0,0.0,0.0,0.0,0.0,0.0,0.0,0.0,0.0,0.0,26876.61305318111,3201697.589603283,12.0,6.0,2309.0379008746354,0.0,0.0,0.0,0.0,-33.984906722791365,151.02874103138956,21.085288053642937,0.0,0.0,nothing,0.0,0
88be08ca3dfffff,0.0,0.0,5.0,1.0,0.0,0.0,0.0,4.0,0.0,1.0,0.0,73294.73569107025,199148.6538987688,19.0,8.0,384.8396501457726,0.0,16.0,3.0,0.0,-33.97876831447397,151.0462449085826,19.393542600581583,0.0,0.0,nothing,0.0,0
88be08ca41fffff,0.0,1.0,2.0,0.0,0.0,0.0,0.0,2.0,0.0,1.0,0.0,0.0,0.0,24.0,16.0,0.0,1.0,3.0,0.0,0.0,-34.01343651304819,151.07420932844045,20.33124961894258,0.0,0.0,nothing,0.0,0
88be08ca43fffff,0.0,0.0,5.0,0.0,0.0,1.0,0.0,7.0,1.0,3.0,0.0,451549.6946406961,0.0,12.0,9.0,384.8396501457726,1.0,5.0,1.0,0.0,-34.012314704006144,151.06331944712574,20.869714195980116,0.0,0.0,nothing,0.0,0
88be08ca45fffff,0.0,0.0,4.0,1.0,0.0,0.0,0.0,7.0,0.0,1.0,0.0,46720.77299733517,0.0,13.0,11.0,0.0,0.0,2.0,2.0,0.0,-34.006171527934896,151.08082729666424,19.31984747909403,0.0,0.0,nothing,0.0,0
88be08ca47fffff,0.0,0.0,3.0,0.0,0.0,1.0,0.0,5.0,0.0,1.0,0.0,77201.40175164063,0.0,11.0,4.0,0.0,0.0,17.0,1.0,0.0,-34.00505035066926,151.0699381752327,19.859824598185423,0.0,0.0,nothing,0.0,0
88be08ca49fffff,0.0,0.0,2.0,0.0,0.0,0.0,0.0,11.0,0.0,0.0,0.0,15428.933455258297,5879037.811827957,20.0,13.0,2886.2973760932946,4.0,11.0,0.0,0.0,-34.0218225919395,151.0784813581875,20.84103936405712,0.0,0.0,nothing,0.0,0
88be08ca4bfffff,0.0,0.0,4.0,1.0,0.0,0.0,0.0,1.0,0.0,1.0,0.0,265139.29343352397,425170.6666666666,17.0,9.0,3848.396501457726,1.0,8.0,2.0,0.0,-34.020701094671644,151.06759027219377,21.34265478566317,0.0,0.0,nothing,0.0,0
88be08ca4dfffff,0.0,0.0,1.0,0.0,0.0,0.0,0.0,3.0,0.0,0.0,0.0,0.0,4955694.0,8.0,11.0,0.0,0.0,2.0,0.0,0.0,-34.01455737848015,151.08509965419313,19.829998809869306,0.0,0.0,nothing,0.0,0
88be08ca51fffff,0.0,0.0,11.0,0.0,2.0,0.0,0.0,9.0,0.0,0.0,0.0,349135.2286910786,6766168.5,10.0,1.0,865.8892128279883,0.0,8.0,0.0,0.0,-34.01845526888508,151.04580943591722,22.44976349753448,0.0,0.0,nothing,0.0,0
88be08ca53fffff,0.0,0.0,3.0,1.0,0.0,0.0,0.0,5.0,0.0,0.0,0.0,176041.91878364858,828510.4285714285,47.0,1.0,1924.198250728863,0.0,0.0,1.0,0.0,-34.01733094069413,151.03491968715346,23.050264082526155,0.0,0.0,nothing,0.0,0
88be08ca55fffff,0.0,0.0,7.0,0.0,2.0,0.0,0.0,7.0,0.0,0.0,0.0,157618.72964561862,3353494.5918367347,4.0,28.0,769.6793002915452,0.0,6.0,1.0,0.0,-34.011191951517645,151.0524300110084,21.44258707173472,0.0,0.0,nothing,0.0,0
88be08ca57fffff,1.0,0.0,0.0,0.0,1.0,0.0,0.0,1.0,0.0,0.0,0.0,16273.879789477687,1223039.204081633,3.0,0.0,769.6793002915452,0.0,5.0,0.0,0.0,-34.0100682557465,151.0415410208479,22.04718414319285,0.0,0.0,nothing,0.0,0
88be08ca59fffff,0.0,0.0,5.0,0.0,0.0,0.0,0.0,3.0,0.0,1.0,0.0,66222.71658475255,4754071.744897959,13.0,8.0,0.0,0.0,7.0,2.0,0.0,-34.02684219893091,151.05007872731548,22.88989897628123,0.0,0.0,nothing,0.0,0
88be08ca5bfffff,0.0,0.0,5.0,0.0,2.0,0.0,0.0,5.0,0.0,1.0,0.0,39309.78667609605,1972643.8775510204,6.0,6.0,0.0,0.0,13.0,0.0,0.0,-34.025718181737595,151.03918777308803,23.457303718497847,0.0,0.0,nothing,0.0,0
88be08ca5dfffff,0.0,0.0,0.0,0.0,0.0,0.0,0.0,5.0,0.0,0.0,0.0,4313.676105786032,5523402.857142857,8.0,1.0,3463.5568513119533,1.0,5.0,0.0,0.0,-34.01957865359893,151.0566996311838,21.87974550858092,0.0,0.0,nothing,0.0,0
88be08ca61fffff,0.0,0.0,1.0,0.0,0.0,0.0,0.0,6.0,0.0,0.0,0.0,0.0,0.0,0.0,0.0,0.0,2.0,5.0,0.0,0.0,-33.99052043482995,151.083172368308,17.840570855048437,0.0,0.0,nothing,0.0,0
88be08ca63fffff,0.0,0.0,0.0,0.0,0.0,0.0,0.0,1.0,0.0,0.0,0.0,0.0,0.0,0.0,0.0,0.0,0.0,0.0,0.0,0.0,-33.98939957749209,151.072285210767,18.42384703386385,0.0,0.0,nothing,0.0,0
88be08ca65fffff,0.0,0.0,10.0,0.0,0.0,0.0,0.0,9.0,0.0,0.0,0.0,268515.7828735636,0.0,7.0,5.0,0.0,0.0,9.0,0.0,0.0,-33.983254873361005,151.08978783345964,16.831271863128364,0.0,0.0,nothing,0.0,0
88be08ca67fffff,3.0,0.0,8.0,0.0,0.0,0.0,1.0,10.0,0.0,1.0,0.0,220497.9361476319,0.0,31.0,10.0,0.0,2.0,6.0,4.0,0.0,-33.9821346472314,151.0789014358196,17.418802095373184,0.0,0.0,nothing,0.0,0
88be08ca69fffff,0.0,0.0,1.0,0.0,0.0,0.0,0.0,2.0,0.0,0.0,0.0,0.0,0.0,1.0,9.0,0.0,0.0,2.0,1.0,0.0,-33.998906139848536,151.08744417695678,18.308449850982388,0.0,0.0,nothing,0.0,0
88be08ca6bfffff,0.0,0.0,3.0,0.0,0.0,1.0,0.0,6.0,0.0,0.0,0.0,0.0,0.0,0.0,4.0,0.0,0.0,6.0,1.0,0.0,-33.99778559410495,151.0765558155963,18.850100452667277,0.0,0.0,nothing,0.0,0
88be08ca6dfffff,0.0,0.0,0.0,0.0,1.0,0.0,0.0,1.0,0.0,0.0,0.0,0.0,0.0,0.0,0.0,0.0,0.0,3.0,0.0,0.0,-33.99164034930587,151.09405996940987,17.29705855484583,0.0,0.0,nothing,0.0,0
88be08ca81fffff,0.0,0.0,0.0,0.0,0.0,0.0,0.0,0.0,0.0,0.0,0.0,0.0,0.0,0.0,0.0,962.0991253644316,0.0,0.0,0.0,0.0,-33.98765826452193,150.97858063918608,25.07799046669846,0.0,0.0,nothing,0.0,0
88be08ca89fffff,0.0,0.0,0.0,0.0,0.0,0.0,0.0,0.0,0.0,0.0,0.0,0.0,0.0,0.0,0.0,4810.495626822158,0.0,0.0,0.0,0.0,-33.996046989259575,150.9828412749936,25.2509528385202,0.0,0.0,nothing,0.0,0
88be08ca8bfffff,0.0,0.0,0.0,0.0,0.0,0.0,0.0,0.0,0.0,0.0,0.0,0.0,0.0,0.0,0.0,5772.594752186589,0.0,0.0,0.0,0.0,-33.99491732864003,150.9719561827439,26.02407726841825,0.0,0.0,nothing,0.0,0
88be08ca8dfffff,0.0,0.0,0.0,0.0,0.0,0.0,0.0,0.0,0.0,0.0,0.0,0.0,0.0,0.0,0.0,6734.693877551021,0.0,0.0,0.0,0.0,-33.98878729187191,150.98946497627807,24.29593410139051,0.0,0.0,nothing,0.0,0
88be08ca91fffff,0.0,0.0,0.0,0.0,0.0,0.0,0.0,9.0,0.0,0.0,0.0,283346.20741069183,0.0,2.0,0.0,962.0991253644316,0.0,0.0,0.0,0.0,-33.99265518225567,150.9501873534358,27.61696955040819,0.0,0.0,nothing,0.0,0
88be08ca95fffff,0.0,0.0,0.0,0.0,0.0,0.0,0.0,0.0,0.0,0.0,0.0,50062.78516306252,0.0,0.0,0.0,1924.198250728863,0.0,0.0,0.0,0.0,-33.98539738525654,150.95681331855408,26.6888099283702,0.0,0.0,nothing,0.0,0
88be08ca97fffff,0.0,0.0,0.0,0.0,0.0,0.0,0.0,0.0,0.0,0.0,0.0,0.0,0.0,0.0,0.0,5772.594752186589,0.0,0.0,0.0,0.0,-33.98426553367253,150.94593033652873,27.514835323358728,0.0,0.0,nothing,0.0,0
88be08ca9dfffff,0.0,0.0,0.0,0.0,0.0,0.0,0.0,0.0,0.0,0.0,0.0,133876.9825285546,0.0,0.0,0.0,3848.396501457726,0.0,0.0,0.0,0.0,-33.99378672625014,150.96107154197213,26.81320741694281,0.0,0.0,nothing,0.0,0
88be08caa1fffff,1.0,0.0,2.0,0.0,0.0,2.0,0.0,0.0,0.0,0.0,0.0,89699.16649365448,0.0,30.0,13.0,0.0,1.0,16.0,1.0,1.0,-33.96475057419891,150.98756587196291,23.10235659383019,0.0,0.0,nothing,0.0,0
88be08caa3fffff,0.0,0.0,0.0,0.0,0.0,0.0,0.0,9.0,0.0,0.0,0.0,28045.391003409197,0.0,41.0,9.0,0.0,0.0,2.0,0.0,0.0,-33.963621563308614,150.97668470082496,23.944785225294787,0.0,0.0,nothing,0.0,0
88be08caa5fffff,0.0,0.0,0.0,0.0,1.0,0.0,1.0,3.0,0.0,0.0,0.0,131435.09408368502,0.0,77.0,16.0,0.0,0.0,6.0,0.0,0.0,-33.95749052564425,150.99418674050074,22.19292122440222,0.0,0.0,nothing,0.0,0
88be08caa7fffff,0.0,0.0,0.0,0.0,0.0,0.0,0.0,11.0,0.0,0.0,0.0,744247.3657461343,0.0,18.0,7.0,0.0,0.0,5.0,0.0,0.0,-33.956362147396455,150.98330632418643,23.0462738444875,0.0,0.0,nothing,0.0,0
88be08caa9fffff,0.0,0.0,2.0,0.0,5.0,0.0,0.0,2.0,0.0,0.0,0.0,25245.8891839841,0.0,1.0,2.0,64.1399416909621,0.0,6.0,0.0,0.0,-33.97313892181455,150.9918262942998,23.202339949320265,0.0,0.0,nothing,0.0,0
88be08caabfffff,0.0,0.0,0.0,0.0,0.0,0.0,0.0,0.0,0.0,0.0,0.0,0.0,0.0,0.0,3.0,0.0,0.0,0.0,0.0,0.0,-33.9720102190531,150.9809439179311,24.01994410545176,0.0,0.0,nothing,0.0,0
88be08caadfffff,0.0,0.0,1.0,0.0,0.0,0.0,0.0,1.0,0.0,0.0,0.0,0.0,0.0,31.0,15.0,0.0,1.0,5.0,0.0,0.0,-33.965878644257856,150.99844749315156,22.274169306581857,0.0,0.0,nothing,0.0,0
88be08cab1fffff,0.0,0.0,0.0,0.0,0.0,0.0,0.0,25.0,0.0,0.0,0.0,2227231.8904980184,1259257.3333333333,29.0,0.0,0.0,0.0,0.0,0.0,0.0,-33.96974999062124,150.9591805177404,25.697014459654277,0.0,0.0,nothing,0.0,0
88be08cab3fffff,0.0,0.0,0.0,0.0,0.0,0.0,0.0,6.0,0.0,0.0,0.0,1223073.9999873422,303958.6666666666,0.0,0.0,0.0,0.0,0.0,0.0,0.0,-33.96861846528204,150.94829949543225,26.553833314050216,0.0,0.0,nothing,0.0,0
88be08cab5fffff,0.0,0.0,0.0,0.0,0.0,0.0,0.0,0.0,0.0,0.0,0.0,168818.34749141143,2963597.0,23.0,2.0,0.0,0.0,0.0,0.0,0.0,-33.962491611752284,150.96580398049463,24.800002047648764,0.0,0.0,nothing,0.0,0
88be08cab7fffff,2.0,0.0,0.0,0.0,0.0,1.0,0.0,2.0,0.0,0.0,0.0,1907328.5056914296,3723493.6666666665,45.0,6.0,0.0,7.0,10.0,1.0,0.0,-33.961360719695456,150.95492371172864,25.666726931682582,0.0,0.0,nothing,0.0,0
88be08cab9fffff,0.0,0.0,0.0,1.0,0.0,0.0,0.0,0.0,0.0,0.0,0.0,63486.39666830211,0.0,0.0,0.0,0.0,0.0,0.0,0.0,0.0,-33.97813918275487,150.9634381980986,25.76691085795651,0.0,0.0,nothing,0.0,0
88be08cabbfffff,0.0,0.0,0.0,0.0,0.0,0.0,0.0,0.0,0.0,0.0,0.0,108070.61896577531,0.0,4.0,0.0,0.0,0.0,0.0,0.0,0.0,-33.9770079647667,150.9525559697816,26.602228949077297,0.0,0.0,nothing,0.0,0
88be08cabdfffff,0.0,0.0,0.0,0.0,0.0,0.0,0.0,0.0,0.0,0.0,0.0,0.0,43422.666666666664,1.0,0.0,0.0,0.0,0.0,0.0,0.0,-33.970880575266825,150.97006199215895,24.851969823571626,0.0,0.0,nothing,0.0,0
88be08cac1fffff,0.0,0.0,0.0,0.0,0.0,0.0,0.0,0.0,0.0,0.0,0.0,0.0,1048448.0,0.0,0.0,0.0,0.0,0.0,0.0,0.0,-34.00556404312055,150.99798953495366,24.73446629082543,0.0,0.0,nothing,0.0,0
88be08cac5fffff,0.0,0.0,0.0,0.0,0.0,0.0,0.0,0.0,0.0,0.0,0.0,0.0,0.0,0.0,0.0,962.0991253644316,0.0,0.0,0.0,0.0,-33.99830348452578,151.00461281089588,23.758947539660927,0.0,0.0,nothing,0.0,0
88be08cac9fffff,0.0,0.0,0.0,0.0,0.0,0.0,0.0,0.0,0.0,0.0,0.0,382046.9767131939,5700936.0,9.0,0.0,962.0991253644316,0.0,0.0,0.0,0.0,-34.01395229690219,151.0022531274708,25.0121407271206,0.0,0.0,nothing,0.0,0
88be08cacdfffff,0.0,0.0,0.0,0.0,0.0,0.0,0.0,0.0,0.0,0.0,0.0,0.0,6574642.666666667,17.0,5.0,1924.198250728863,0.0,0.0,1.0,0.0,-34.00669151037918,151.00887673369752,24.026736849168316,0.0,0.0,nothing,0.0,0
88be08cae1fffff,0.0,0.0,2.0,0.0,0.0,0.0,0.0,3.0,0.0,0.0,0.0,0.0,0.0,0.0,0.0,3848.396501457726,1.0,2.0,0.0,0.0,-33.98265464252704,151.00697162279198,22.571868087003104,0.0,0.0,nothing,0.0,0
88be08cae3fffff,0.0,0.0,1.0,0.0,0.0,0.0,0.0,2.0,0.0,0.0,0.0,2206.2786470441292,0.0,0.0,5.0,2886.2973760932946,2.0,1.0,0.0,0.0,-33.98152718974192,150.99608759141944,23.34566110082821,0.0,0.0,nothing,0.0,0
88be08cae5fffff,0.0,0.0,1.0,0.0,0.0,0.0,0.0,4.0,0.0,1.0,0.0,136461.5994287381,0.0,0.0,0.0,11160.349854227405,0.0,8.0,0.0,0.0,-33.97539350360227,151.01359239579793,21.616922669927003,0.0,0.0,nothing,0.0,0
88be08cae7fffff,0.0,0.0,1.0,0.0,0.0,0.0,0.0,2.0,0.0,0.0,0.0,0.0,0.0,10.0,5.0,0.0,0.0,0.0,1.0,0.0,-33.97426668338595,151.00270912050792,22.400738635513783,0.0,0.0,nothing,0.0,0
88be08cae9fffff,0.0,0.0,0.0,0.0,0.0,0.0,0.0,0.0,0.0,0.0,0.0,0.0,0.0,0.0,0.0,2886.2973760932946,0.0,0.0,0.0,0.0,-33.9910425211796,151.01123500022604,22.786554973483803,0.0,0.0,nothing,0.0,0
88be08caebfffff,0.0,0.0,0.0,0.0,0.0,0.0,0.0,0.0,0.0,0.0,0.0,0.0,0.0,0.0,0.0,1924.198250728863,0.0,0.0,0.0,0.0,-33.989915377479505,151.00034976354402,23.53152941110817,0.0,0.0,nothing,0.0,0
88be08caedfffff,0.0,0.0,0.0,0.0,0.0,0.0,0.0,11.0,0.0,0.0,0.0,0.0,413616.4350205198,2.0,3.0,1154.5189504373177,0.0,1.0,0.0,0.0,-33.98378115359843,151.01785610303463,21.81770743752255,0.0,0.0,nothing,0.0,0
88be08cb01fffff,1.0,0.0,5.0,4.0,0.0,0.0,0.0,25.0,0.0,0.0,0.0,79943.88585600452,617852.6526610644,51.0,19.0,0.0,2.0,6.0,3.0,2.0,-33.94468596185626,151.1010840994295,13.077448906197066,0.0,0.0,nothing,0.0,0
88be08cb03fffff,0.0,0.0,1.0,0.0,0.0,0.0,0.0,0.0,0.0,0.0,0.0,0.0,4586333.594771242,9.0,9.0,0.0,0.0,1.0,0.0,0.0,-33.943567005057645,151.09020238696496,13.787857608592146,0.0,0.0,nothing,0.0,0
88be08cb05fffff,0.0,0.0,0.0,0.0,0.0,0.0,1.0,13.0,0.0,0.0,0.0,21964.98547146192,5141865.75,51.0,15.0,0.0,0.0,3.0,1.0,0.0,-33.937419257634254,151.10769456265288,12.093122898191286,0.0,0.0,nothing,0.0,0
88be08cb07fffff,0.0,0.0,2.0,0.0,0.0,2.0,0.0,7.0,0.0,0.0,0.0,38942.34513834159,719561.3877551021,37.0,15.0,0.0,1.0,5.0,1.0,0.0,-33.936300930907485,151.09681361012343,12.817940009774103,0.0,0.0,nothing,0.0,0
88be08cb09fffff,0.0,0.0,1.0,0.0,0.0,0.0,0.0,3.0,0.0,0.0,0.0,141385.10732330687,0.0,31.0,8.0,1154.5189504373177,0.0,1.0,1.0,0.0,-33.95307091204041,151.10535546413843,13.408269040758286,0.0,0.0,nothing,0.0,0
88be08cb0bfffff,0.0,0.0,0.0,0.0,0.0,0.0,0.0,2.0,0.0,0.0,0.0,0.0,4589918.411764706,58.0,33.0,2309.0379008746354,1.0,0.0,0.0,0.0,-33.95195226647606,151.0944725495713,14.065628424740344,0.0,0.0,nothing,0.0,0
88be08cb0dfffff,0.0,0.0,0.0,0.0,0.0,0.0,0.0,2.0,0.0,0.0,0.0,115634.02200549487,1841694.2695130685,45.0,25.0,0.0,0.0,1.0,1.0,0.0,-33.945803977289486,151.1119662537043,12.40922353006662,0.0,0.0,nothing,0.0,0
88be08cb11fffff,0.0,0.0,5.0,0.0,0.0,2.0,0.0,6.0,0.0,0.0,0.0,97332.97063880102,7598820.042483659,72.0,26.0,0.0,4.0,10.0,3.0,0.0,-33.94971215082863,151.07270804825845,15.495988372086646,1.0,1.0,22 kW,22.0,1
88be08cb13fffff,0.0,0.0,1.0,0.0,0.0,0.0,0.0,2.0,0.0,0.0,0.0,13743.451317166931,517656.2222222222,69.0,30.0,0.0,0.0,6.0,0.0,0.0,-33.94859068107169,151.06182646302886,16.258813059823588,0.0,0.0,nothing,0.0,0
88be08cb15fffff,0.0,0.0,5.0,0.0,0.0,0.0,0.0,20.0,0.0,1.0,0.0,8479.232864479593,12100196.303803448,51.0,9.0,0.0,0.0,0.0,0.0,0.0,-33.94244710705645,151.07932111706864,14.534262304326289,0.0,0.0,nothing,0.0,0
88be08cb17fffff,0.0,1.0,1.0,0.0,0.0,0.0,0.0,6.0,0.0,0.0,0.0,2489250.0872685146,9867098.818607764,57.0,14.0,0.0,0.0,14.0,0.0,0.0,-33.941326268015686,151.0684402904985,15.311396698555356,0.0,0.0,nothing,0.0,0
88be08cb19fffff,1.0,0.0,2.0,0.0,0.0,1.0,1.0,7.0,0.0,0.0,0.0,283986.5743218559,3415262.1830065357,38.0,15.0,1924.198250728863,1.0,6.0,0.0,0.0,-33.95809795327128,151.07697668121264,15.743388354539722,0.0,0.0,nothing,0.0,0
88be08cb1bfffff,0.0,0.0,1.0,0.0,0.0,0.0,0.0,11.0,0.0,0.0,0.0,4702.022959673244,3329221.833333333,51.0,22.0,0.0,2.0,0.0,2.0,0.0,-33.95697679397311,151.06609389309608,16.463675131016036,0.0,0.0,nothing,0.0,0
88be08cb1dfffff,1.0,0.0,26.0,2.0,0.0,2.0,1.0,15.0,1.0,0.0,0.0,201061.10138287893,5944360.888888889,61.0,17.0,384.8396501457726,4.0,7.0,4.0,0.0,-33.95083267935115,151.08359007735856,14.763353013728064,0.0,0.0,nothing,0.0,0
88be08cb21fffff,0.0,0.0,0.0,0.0,0.0,0.0,0.0,2.0,0.0,0.0,0.0,0.0,1845390.6285714284,44.0,15.0,1539.3586005830905,1.0,0.0,0.0,0.0,-33.92176758510425,151.11003279746384,10.90079289662742,0.0,0.0,nothing,0.0,0
88be08cb23fffff,2.0,1.0,8.0,4.0,0.0,0.0,0.0,12.0,0.0,0.0,0.0,155586.97966447045,0.0,69.0,21.0,0.0,4.0,1.0,2.0,0.0,-33.920649577140665,151.09915380630147,11.699525679735984,0.0,0.0,nothing,0.0,0
88be08cb25fffff,2.0,0.0,17.0,4.0,0.0,1.0,0.0,25.0,0.0,2.0,0.0,29048.962102131605,6593426.933333333,64.0,19.0,2309.0379008746354,3.0,15.0,4.0,0.0,-33.914500314484755,151.11664076182947,9.957935619340832,1.0,1.0,7 kW,7.0,1
88be08cb27fffff,1.0,0.0,7.0,6.0,0.0,16.0,1.0,25.0,0.0,1.0,0.0,591218.5223606605,2995614.835978836,92.0,27.0,0.0,5.0,24.0,2.0,2.0,-33.91338293602474,151.10576253061862,10.77880478872928,0.0,0.0,nothing,0.0,0
88be08cb29fffff,0.0,1.0,3.0,0.0,0.0,0.0,0.0,8.0,0.0,2.0,0.0,0.0,4392322.6377551025,88.0,25.0,0.0,0.0,0.0,1.0,0.0,-33.930152154326855,151.11430393933333,11.11367583229495,0.0,0.0,nothing,0.0,0
88be08cb2bfffff,0.0,0.0,3.0,0.0,0.0,0.0,0.0,8.0,0.0,0.0,0.0,0.0,2368556.234693878,49.0,13.0,0.0,0.0,0.0,0.0,0.0,-33.92903445741744,151.1034237469258,11.85497074248476,0.0,0.0,nothing,0.0,0
88be08cb2dfffff,0.0,0.0,1.0,0.0,0.0,1.0,0.0,7.0,0.0,2.0,0.0,242699.72109102207,1922281.9047619049,90.0,19.0,2693.877551020408,0.0,3.0,1.0,0.0,-33.922884652450904,151.1209122295628,10.140523143240802,0.0,0.0,nothing,0.0,0
88be08cb31fffff,0.0,0.0,5.0,1.0,0.0,0.0,0.0,7.0,0.0,0.0,0.0,155101.35013708455,5942569.672287043,80.0,13.0,0.0,3.0,1.0,0.0,1.0,-33.92679624132451,151.08166468730929,13.44458319058037,0.0,0.0,nothing,0.0,0
88be08cb33fffff,1.0,0.0,2.0,0.0,0.0,1.0,0.0,7.0,0.0,1.0,0.0,370419.65745567565,7041857.914202932,64.0,9.0,0.0,1.0,4.0,0.0,0.0,-33.92567572246663,151.07078582161546,14.280986688684417,0.0,0.0,nothing,0.0,0
88be08cb35fffff,0.0,0.0,6.0,0.0,0.0,2.0,0.0,5.0,0.0,2.0,0.0,173488.7771816212,248703.07368421057,74.0,19.0,0.0,4.0,5.0,2.0,0.0,-33.91953062872266,151.0882752568333,12.529364125245868,0.0,0.0,nothing,0.0,0
88be08cb37fffff,2.0,0.0,14.0,3.0,0.0,0.0,1.0,24.0,0.0,0.0,0.0,590238.8216427135,5367144.813820663,53.0,22.0,0.0,0.0,9.0,3.0,0.0,-33.918410740012995,151.07739714981668,13.38452045527775,0.0,0.0,nothing,0.0,0
88be08cb39fffff,0.0,0.0,0.0,0.0,0.0,0.0,0.0,5.0,0.0,0.0,0.0,56627.823783985164,5279820.6104372265,58.0,11.0,0.0,0.0,0.0,0.0,0.0,-33.93518166317325,151.08593309961816,13.579764646973771,0.0,0.0,nothing,0.0,0
88be08cb3bfffff,1.0,0.0,2.0,0.0,0.0,0.0,0.0,14.0,0.0,0.0,0.0,1547091.881109769,7725010.637194705,86.0,20.0,0.0,5.0,0.0,0.0,0.0,-33.93406145459441,151.07505303189487,14.372710114462398,1.0,2.0,22 kW,22.0,1
88be08cb3dfffff,0.0,0.0,1.0,1.0,0.0,0.0,0.0,5.0,0.0,0.0,0.0,0.0,479641.64210526313,43.0,12.0,0.0,1.0,0.0,2.0,0.0,-33.92791581969576,151.09254399599857,12.634135125228534,4.0,4.0,7 kW,7.0,1
88be08cb41fffff,0.0,0.0,1.0,0.0,0.0,0.0,0.0,2.0,0.0,1.0,0.0,0.0,163968.8888888889,70.0,28.0,3078.717201166181,1.0,0.0,1.0,0.0,-33.96257317290849,151.1205122626667,13.251611999425023,0.0,0.0,nothing,0.0,0
88be08cb43fffff,0.0,0.0,2.0,0.0,0.0,0.0,0.0,9.0,0.0,2.0,0.0,8506.38822268573,0.0,45.0,15.0,384.8396501457726,1.0,14.0,0.0,0.0,-33.96145578095828,151.10962770447193,13.80527685042351,0.0,0.0,nothing,0.0,0
88be08cb45fffff,0.0,0.0,2.0,0.0,0.0,0.0,0.0,5.0,0.0,0.0,0.0,0.0,3624337.290148155,51.0,30.0,0.0,1.0,1.0,1.0,0.0,-33.95530537783673,151.12712261730246,12.24030169505288,0.0,0.0,nothing,0.0,0
88be08cb47fffff,0.0,0.0,4.0,0.0,0.0,0.0,0.0,5.0,0.0,1.0,0.0,0.0,1649507.7187412975,37.0,25.0,769.6793002915452,1.0,5.0,0.0,0.0,-33.95418861588147,151.1162388203017,12.797500129810322,0.0,0.0,nothing,0.0,0
88be08cb49fffff,0.0,0.0,4.0,0.0,1.0,1.0,0.0,8.0,0.0,0.0,0.0,359257.4192059682,4078313.095238095,28.0,4.0,4618.075801749271,3.0,13.0,2.0,0.0,-33.970957647868794,151.1247865810211,13.76504694994708,0.0,0.0,nothing,0.0,0
88be08cb4bfffff,1.0,0.0,10.0,0.0,0.0,0.0,0.0,12.0,0.0,1.0,0.0,56056.27686345572,388066.6424963925,53.0,11.0,3463.5568513119533,1.0,12.0,1.0,0.0,-33.96984056810815,151.11390082065174,14.262948388186055,2.0,2.0,kW,1.0,1
88be08cb4dfffff,2.0,0.0,30.0,7.0,1.0,1.0,1.0,34.0,0.0,2.0,0.0,406204.07216782897,7521770.56404321,109.0,28.0,3078.717201166181,4.0,27.0,7.0,1.0,-33.96368962261505,151.13139726148444,12.754586073281644,0.0,0.0,nothing,0.0,0
88be08cb51fffff,1.0,0.0,12.0,4.0,0.0,2.0,1.0,48.0,0.0,3.0,0.0,211431.62736395624,5196707.666666666,58.0,10.0,0.0,1.0,55.0,7.0,0.0,-33.96760358143204,151.09213062417385,15.411227164622291,0.0,0.0,nothing,0.0,0
88be08cb53fffff,4.0,0.0,22.0,6.0,0.0,5.0,0.0,54.0,0.0,1.0,0.0,161425.05243660425,2956061.111111111,77.0,22.0,2309.0379008746354,4.0,51.0,9.0,2.0,-33.966483674841996,151.08124618958297,16.050694356444776,0.0,0.0,nothing,0.0,0
88be08cb55fffff,0.0,0.0,3.0,0.0,0.0,0.0,0.0,13.0,0.0,1.0,0.0,274301.3295333157,4310128.94117647,66.0,30.0,769.6793002915452,0.0,1.0,0.0,0.0,-33.96033744692687,151.09874358765893,14.409049976075083,0.0,0.0,nothing,0.0,0
88be08cb57fffff,1.0,1.0,1.0,1.0,1.0,1.0,0.0,15.0,0.0,2.0,0.0,236216.0938207662,5154536.9215686275,44.0,24.0,769.6793002915452,5.0,9.0,0.0,0.0,-33.9592181709769,151.08785991298635,15.056901652459958,0.0,0.0,nothing,0.0,0
88be08cb59fffff,0.0,0.0,4.0,0.0,0.0,0.0,0.0,10.0,0.0,0.0,0.0,59404.50358894522,307434.56565656565,26.0,13.0,1539.3586005830905,0.0,6.0,1.0,0.0,-33.97598891021488,151.0964022111429,15.822248713066806,0.0,0.0,nothing,0.0,0
88be08cb5bfffff,0.0,0.0,3.0,1.0,0.0,0.0,0.0,5.0,0.0,2.0,0.0,4893.901434128893,589043.0,30.0,7.0,1539.3586005830905,0.0,4.0,1.0,0.0,-33.97486931503914,151.08551657359132,16.41454383302098,0.0,0.0,nothing,0.0,0
88be08cb5dfffff,4.0,0.0,76.0,5.0,0.0,5.0,1.0,98.0,0.0,7.0,0.0,714728.89892714,1269389.6666666665,116.0,25.0,1154.5189504373177,12.0,28.0,12.0,1.0,-33.96872254590836,151.10301550144968,14.81355893826428,4.0,4.0,22 kW,22.0,1
88be08cb61fffff,0.0,0.0,2.0,0.0,1.0,0.0,0.0,3.0,0.0,1.0,0.0,69411.55283314323,2954365.0837768675,32.0,16.0,0.0,1.0,4.0,0.0,0.0,-33.93965308741511,151.12945779075224,10.784035619219502,0.0,0.0,nothing,0.0,0
88be08cb63fffff,0.0,0.0,0.0,0.0,0.0,0.0,0.0,6.0,0.0,0.0,0.0,169824.52274167613,4349842.47068813,46.0,24.0,0.0,0.0,5.0,1.0,0.0,-33.93853664319093,151.11857595644852,11.412370664365785,1.0,1.0,3 kW,3.0,1
88be08cb65fffff,0.0,0.0,6.0,0.0,2.0,0.0,0.0,21.0,0.0,0.0,0.0,0.0,821071.4096916299,38.0,12.0,1154.5189504373177,1.0,9.0,0.0,0.0,-33.93238472505935,151.13606564555755,9.778781297079163,0.0,0.0,nothing,0.0,0
88be08cb67fffff,0.0,0.0,8.0,2.0,0.0,1.0,0.0,22.0,0.0,0.0,0.0,546303.2009754352,509689.31632653065,58.0,18.0,0.0,0.0,8.0,5.0,0.0,-33.93126891026157,151.12518457246324,10.418341425605458,0.0,0.0,nothing,0.0,0
88be08cb69fffff,1.0,0.0,9.0,1.0,0.0,1.0,0.0,27.0,0.0,1.0,0.0,307215.2184889876,3980345.9329332705,72.0,36.0,0.0,2.0,2.0,2.0,0.0,-33.94803718340982,151.13373188465133,11.2290259973559,0.0,0.0,nothing,0.0,0
88be08cb6bfffff,0.0,0.0,1.0,0.0,0.0,0.0,0.0,12.0,0.0,2.0,0.0,91290.0564012265,3827002.140373254,43.0,21.0,0.0,2.0,8.0,1.0,0.0,-33.946921051194785,151.12284884903107,11.79035977858631,3.0,3.0,22 kW,22.0,1
88be08cb6dfffff,0.0,0.0,6.0,2.0,1.0,1.0,0.0,24.0,0.0,1.0,0.0,87643.05951612975,5274720.262747652,53.0,11.0,4618.075801749271,0.0,27.0,5.0,0.0,-33.94076859014466,151.14034006480566,10.2177967820139,0.0,0.0,nothing,0.0,0
88be08cc01fffff,0.0,0.0,0.0,0.0,0.0,0.0,0.0,1.0,0.0,0.0,0.0,0.0,0.0,3.0,0.0,769.6793002915452,0.0,0.0,0.0,0.0,-33.971753091694424,150.82624761206668,37.21653393210987,0.0,0.0,nothing,0.0,0
88be08cc03fffff,1.0,0.0,1.0,0.0,0.0,0.0,0.0,3.0,0.0,0.0,0.0,0.0,1809679.3650793647,58.0,7.0,2309.0379008746354,2.0,2.0,0.0,0.0,-33.97060995818123,150.8153701183876,38.137604113934984,0.0,0.0,nothing,0.0,0
88be08cc05fffff,0.0,0.0,0.0,0.0,0.0,0.0,0.0,0.0,0.0,0.0,0.0,0.0,0.0,0.0,0.0,769.6793002915452,0.0,0.0,0.0,0.0,-33.96450250503877,150.83288150002235,36.39189661385707,0.0,0.0,nothing,0.0,0
88be08cc07fffff,0.0,0.0,0.0,0.0,0.0,0.0,0.0,0.0,0.0,0.0,0.0,0.0,0.0,14.0,4.0,1539.3586005830905,1.0,0.0,1.0,0.0,-33.963360007425386,150.82200475348742,37.31954502183288,0.0,0.0,nothing,0.0,0
88be08cc0bfffff,0.0,0.0,0.0,0.0,0.0,0.0,0.0,2.0,0.0,0.0,0.0,74197.68513168853,1257727.1587301583,96.0,0.0,0.0,0.0,2.0,0.0,0.0,-33.97900326981545,150.81961264083372,38.05017293912011,0.0,0.0,nothing,0.0,0
88be08cc11fffff,0.0,0.0,0.0,0.0,0.0,0.0,0.0,0.0,0.0,0.0,0.0,0.0,1456791.8888888883,0.0,0.0,962.0991253644316,0.0,0.0,0.0,0.0,-33.97671479122566,150.7978566223928,39.88404204087979,0.0,0.0,nothing,0.0,0
88be08cc13fffff,0.0,0.0,0.0,0.0,0.0,0.0,0.0,0.0,0.0,0.0,0.0,0.0,0.0,0.0,0.0,962.0991253644316,0.0,0.0,0.0,0.0,-33.975569143210386,150.7869793081571,40.807785452268334,0.0,0.0,nothing,0.0,0
88be08cc15fffff,0.0,0.0,0.0,0.0,0.0,0.0,0.0,1.0,0.0,0.0,0.0,62175.24473479087,1882066.5396825392,0.0,0.0,0.0,0.0,2.0,0.0,0.0,-33.969465885599114,150.80449308698076,39.06322300709201,0.0,0.0,nothing,0.0,0
88be08cc17fffff,0.0,0.0,0.0,0.0,0.0,0.0,0.0,0.0,0.0,0.0,0.0,0.0,0.0,0.0,0.0,1924.198250728863,0.0,0.0,0.0,0.0,-33.96832087411711,150.7936165186007,39.993073517564206,0.0,0.0,nothing,0.0,0
88be08cc19fffff,0.0,0.0,3.0,0.0,0.0,0.0,0.0,3.0,0.0,0.0,0.0,0.0,995323.6507936504,35.0,4.0,769.6793002915452,0.0,1.0,0.0,0.0,-33.9851086328175,150.8020975988471,39.80035793525049,0.0,0.0,nothing,0.0,0
88be08cc1bfffff,0.0,0.0,0.0,0.0,0.0,0.0,0.0,0.0,0.0,0.0,0.0,0.0,0.0,3.0,0.0,2886.2973760932946,0.0,0.0,0.0,0.0,-33.983963287298224,150.79121907482627,40.71342648634993,0.0,0.0,nothing,0.0,0
88be08cc1dfffff,0.0,0.0,2.0,0.0,0.0,0.0,0.0,4.0,0.0,0.0,0.0,834654.6386323768,3103600.1111111105,54.0,7.0,1924.198250728863,2.0,2.0,0.0,0.0,-33.97785950015043,150.8087344002032,38.96473035339768,2.0,2.0,kW,1.0,1
88be08cc21fffff,0.0,0.0,0.0,0.0,0.0,0.0,0.0,5.0,0.0,0.0,0.0,0.0,3221913.3333333335,27.0,6.0,0.0,3.0,0.0,0.0,0.0,-33.94885888161575,150.83527077478263,35.713116062316395,0.0,0.0,nothing,0.0,0
88be08cc23fffff,0.0,0.0,0.0,0.0,0.0,0.0,0.0,0.0,0.0,0.0,0.0,0.0,488453.3333333334,4.0,0.0,0.0,0.0,0.0,0.0,0.0,-33.94771671654975,150.8243959837436,36.65788809072172,0.0,0.0,nothing,0.0,0
88be08cc25fffff,0.0,0.0,1.0,0.0,0.0,0.0,0.0,5.0,0.0,0.0,0.0,1404188.330329543,2075926.6666666667,26.0,10.0,0.0,1.0,1.0,0.0,0.0,-33.941607707593,150.8419021611528,34.92611291678632,0.0,0.0,nothing,0.0,0
88be08cc27fffff,0.0,0.0,0.0,0.0,0.0,0.0,0.0,0.0,0.0,0.0,0.0,0.0,958120.0,20.0,7.0,0.0,0.0,0.0,0.0,0.0,-33.94046617786161,150.83102811728813,35.87728003305459,0.0,0.0,nothing,0.0,0
88be08cc29fffff,0.0,0.0,0.0,0.0,0.0,0.0,0.0,0.0,0.0,0.0,0.0,0.0,1662620.0,0.0,0.0,3848.396501457726,0.0,2.0,0.0,0.0,-33.957251510364046,150.83951430478814,35.576887504789596,0.0,0.0,nothing,0.0,0
88be08cc2bfffff,0.0,0.0,0.0,0.0,0.0,0.0,0.0,0.0,0.0,0.0,0.0,861862.9448404028,657533.3333333334,14.0,1.0,384.8396501457726,0.0,0.0,0.0,0.0,-33.95610964839839,150.82863830558998,36.511163102604414,0.0,0.0,nothing,0.0,0
88be08cc2dfffff,0.0,0.0,0.0,0.0,0.0,0.0,1.0,0.0,0.0,0.0,0.0,206718.87351576707,2564380.0,15.0,9.0,2309.0379008746354,0.0,1.0,0.0,0.0,-33.95000010818581,150.84614602645163,34.77218419602575,0.0,0.0,nothing,0.0,0
88be08cc31fffff,4.0,0.0,0.0,0.0,0.0,2.0,0.0,4.0,0.0,0.0,0.0,7150446.051513441,0.0,34.0,5.0,0.0,5.0,15.0,1.0,0.0,-33.95382310857471,150.8068876914796,38.39168802438129,5.0,10.0,7 kW,7.0,1
88be08cc33fffff,0.0,0.0,0.0,0.0,0.0,0.0,0.0,0.0,0.0,0.0,0.0,0.0,0.0,6.0,5.0,1539.3586005830905,0.0,0.0,0.0,0.0,-33.95267843105434,150.7960130780758,39.33736238582403,0.0,0.0,nothing,0.0,0
88be08cc35fffff,0.0,0.0,0.0,0.0,0.0,0.0,0.0,0.0,0.0,0.0,0.0,13975.9278161677,0.0,0.0,3.0,0.0,0.0,0.0,0.0,0.0,-33.946573613156374,150.81352165408882,37.60620952134238,0.0,0.0,nothing,0.0,0
88be08cc37fffff,0.0,0.0,0.0,0.0,0.0,0.0,0.0,1.0,0.0,0.0,0.0,0.0,0.0,5.0,0.0,0.0,0.0,0.0,0.0,0.0,-33.94542957160439,150.80264778657224,38.55781715775567,0.0,0.0,nothing,0.0,0
88be08cc39fffff,0.0,0.0,2.0,0.0,0.0,0.0,0.0,1.0,0.0,0.0,0.0,0.0,0.0,0.0,9.0,0.0,0.0,0.0,0.0,0.0,-33.962216570933975,150.81112846867714,38.25152132611598,3.0,6.0,7 kW,7.0,1
88be08cc3bfffff,0.0,0.0,0.0,0.0,0.0,0.0,0.0,3.0,0.0,0.0,0.0,17588.340090242058,0.0,0.0,1.0,0.0,0.0,0.0,0.0,0.0,-33.961072195733415,150.8002526463459,39.187515457682046,0.0,0.0,nothing,0.0,0
88be08cc3dfffff,0.0,0.0,1.0,0.0,0.0,0.0,0.0,1.0,0.0,0.0,0.0,0.0,0.0,9.0,0.0,0.0,1.0,0.0,0.0,0.0,-33.9549668477457,150.81776276756904,37.449530387471334,0.0,0.0,nothing,0.0,0
88be08cc41fffff,0.0,0.0,0.0,0.0,0.0,0.0,0.0,0.0,0.0,0.0,0.0,0.0,5030827.551020408,0.0,0.0,0.0,0.0,0.0,0.0,0.0,-33.98968061869985,150.84561632106258,36.20125796493443,0.0,0.0,nothing,0.0,0
88be08cc45fffff,0.0,0.0,0.0,0.0,0.0,0.0,0.0,0.0,0.0,0.0,0.0,23076.284609912014,3970820.408163265,26.0,0.0,0.0,0.0,0.0,0.0,0.0,-33.98242894156343,150.8522501320974,35.33872234808358,0.0,0.0,nothing,0.0,0
88be08cc47fffff,0.0,0.0,0.0,0.0,0.0,0.0,0.0,0.0,0.0,0.0,0.0,0.0,504765.30612244894,0.0,0.0,0.0,0.0,0.0,0.0,0.0,-33.981287990690596,150.84137050753588,36.23676452675236,0.0,0.0,nothing,0.0,0
88be08cc49fffff,0.0,0.0,0.0,0.0,0.0,0.0,0.0,1.0,0.0,0.0,0.0,86446.81730482494,3045417.3469387754,7.0,0.0,0.0,0.0,0.0,0.0,0.0,-33.99807316949647,150.8498630080664,36.19392389281263,0.0,0.0,nothing,0.0,0
88be08cc4bfffff,0.0,0.0,0.0,0.0,0.0,0.0,0.0,0.0,0.0,0.0,0.0,0.0,67302.04081632652,0.0,0.0,0.0,0.0,0.0,0.0,0.0,-33.996931887027,150.83898142599776,37.07130861869247,0.0,0.0,nothing,0.0,0
88be08cc4dfffff,0.0,0.0,3.0,0.0,0.0,0.0,0.0,13.0,0.0,0.0,0.0,76498.15391624722,5771149.999999999,31.0,0.0,0.0,2.0,1.0,0.0,0.0,-33.99082126527769,150.85649715437373,35.31681579425584,0.0,0.0,nothing,0.0,0
88be08cc51fffff,0.0,0.0,0.0,0.0,0.0,0.0,0.0,0.0,0.0,0.0,0.0,0.0,0.0,1.0,0.0,0.0,0.0,0.0,0.0,0.0,-33.99464650130582,150.81721964530237,38.84588108600476,0.0,0.0,nothing,0.0,0
88be08cc53fffff,0.0,0.0,0.0,0.0,0.0,0.0,0.0,0.0,0.0,0.0,0.0,221108.28779712197,0.0,0.0,0.0,1154.5189504373177,0.0,0.0,0.0,0.0,-33.993502398391605,150.80633944818655,39.74218207026581,0.0,0.0,nothing,0.0,0
88be08cc55fffff,0.0,0.0,0.0,0.0,0.0,0.0,0.0,0.0,0.0,0.0,0.0,0.0,0.0,11.0,0.0,0.0,0.0,0.0,0.0,0.0,-33.987396505335596,150.82385603623842,37.989411455810696,0.0,0.0,nothing,0.0,0
88be08cc57fffff,1.0,0.0,1.0,0.0,0.0,0.0,0.0,2.0,0.0,0.0,0.0,6131.686392539201,904839.6825396824,96.0,0.0,1539.3586005830905,0.0,2.0,0.0,0.0,-33.986253038886346,150.81297658623612,38.89223427553851,0.0,0.0,nothing,0.0,0
88be08cc61fffff,1.0,0.0,3.0,0.0,0.0,0.0,0.0,2.0,0.0,0.0,0.0,681911.4319950241,0.0,21.0,1.0,0.0,0.0,8.0,0.0,0.0,-33.96678468295709,150.85463637524762,34.550982072933664,8.0,13.0,7 kW,7.0,1
88be08cc65fffff,0.0,0.0,1.0,0.0,0.0,0.0,0.0,1.0,0.0,0.0,0.0,71417.00814471162,0.0,11.0,3.0,962.0991253644316,0.0,0.0,0.0,0.0,-33.95953241756058,150.861267683698,33.72197617760481,0.0,0.0,nothing,0.0,0
88be08cc67fffff,0.0,0.0,0.0,0.0,0.0,0.0,0.0,0.0,0.0,0.0,0.0,101517.79931831502,112720.0,1.0,0.0,0.0,0.0,0.0,0.0,0.0,-33.958392433474195,150.85039076440907,34.647036044681315,0.0,0.0,nothing,0.0,0
88be08cc69fffff,2.0,0.0,2.0,0.0,0.0,0.0,0.0,1.0,0.0,0.0,0.0,2454.406462985665,0.0,142.0,1.0,0.0,0.0,8.0,0.0,0.0,-33.97517685613338,150.85888285918995,34.484266265813396,3.0,6.0,22 kW,22.0,1
88be08cc6bfffff,0.0,0.0,0.0,0.0,0.0,0.0,0.0,0.0,0.0,0.0,0.0,68722.14428981005,0.0,3.0,0.0,0.0,0.0,0.0,0.0,0.0,-33.97403654083897,150.84800398322287,35.3894643096624,0.0,0.0,nothing,0.0,0
88be08cc6dfffff,0.0,0.0,0.0,0.0,0.0,0.0,0.0,0.0,0.0,0.0,0.0,377078.19516713993,0.0,15.0,1.0,0.0,0.0,0.0,0.0,0.0,-33.96792436292541,150.86551450242817,33.63850600511809,5.0,9.0,7 kW,7.0,1
88be08cc81fffff,0.0,0.0,0.0,0.0,0.0,0.0,0.0,0.0,0.0,0.0,0.0,0.0,591023.3333333333,0.0,0.0,0.0,0.0,0.0,0.0,0.0,-33.96373144257932,150.75011489043078,43.74935406652129,0.0,0.0,nothing,0.0,0
88be08cc83fffff,0.0,0.0,0.0,0.0,0.0,0.0,0.0,0.0,0.0,0.0,0.0,0.0,1559392.3333333333,7.0,1.0,0.0,0.0,0.0,0.0,0.0,-33.96258173914169,150.73924064849484,44.69647589422732,0.0,0.0,nothing,0.0,0
88be08cc87fffff,0.0,0.0,0.0,0.0,0.0,0.0,0.0,0.0,0.0,0.0,0.0,0.0,527374.6666666666,0.0,0.0,0.0,0.0,0.0,0.0,0.0,-33.95533624502034,150.74588049826497,43.918684456454656,0.0,0.0,nothing,0.0,0
88be08cc8bfffff,0.0,0.0,0.0,0.0,0.0,0.0,0.0,0.0,0.0,0.0,0.0,0.0,754691.3333333333,0.0,0.0,0.0,0.0,0.0,0.0,0.0,-33.97097716363653,150.74347470204594,44.5415194082405,0.0,0.0,nothing,0.0,0
88be08cc95fffff,0.0,0.0,0.0,0.0,0.0,0.0,0.0,0.0,0.0,0.0,0.0,0.0,809247.3333333333,0.0,0.0,0.0,0.0,0.0,0.0,0.0,-33.961431097823315,150.7283668741084,45.64641620620454,0.0,0.0,nothing,0.0,0
88be08cc9dfffff,0.0,0.0,0.0,0.0,0.0,0.0,0.0,0.0,0.0,0.0,0.0,0.0,868349.6666666666,12.0,2.0,0.0,0.0,0.0,0.0,0.0,-33.969826822715,150.73259971699545,45.48344416249079,0.0,0.0,nothing,0.0,0
88be08cca1fffff,0.0,0.0,0.0,0.0,0.0,0.0,0.0,0.0,0.0,0.0,0.0,0.0,0.0,6.0,1.0,0.0,0.0,0.0,0.0,0.0,-33.94084402719389,150.75915695296138,42.392648569707205,0.0,0.0,nothing,0.0,0
88be08cca3fffff,0.0,0.0,0.0,0.0,0.0,0.0,0.0,0.0,0.0,0.0,0.0,0.0,0.0,3.0,2.0,0.0,0.0,0.0,0.0,0.0,-33.93969529738851,150.74828540743906,43.357508768953,0.0,0.0,nothing,0.0,0
88be08cca9fffff,0.0,0.0,0.0,0.0,0.0,0.0,0.0,0.0,0.0,0.0,0.0,0.0,0.0,1.0,0.0,0.0,0.0,0.0,0.0,0.0,-33.94923877008987,150.7633920215161,42.193104836337845,0.0,0.0,nothing,0.0,0
88be08ccadfffff,0.0,0.0,0.0,0.0,0.0,0.0,0.0,0.0,0.0,0.0,0.0,0.0,0.0,7.0,2.0,0.0,1.0,0.0,0.0,0.0,-33.94199181968799,150.77002896438896,41.430076791043085,0.0,0.0,nothing,0.0,0
88be08ccb1fffff,0.0,0.0,0.0,0.0,0.0,0.0,0.0,0.0,0.0,0.0,0.0,296247.37574748346,0.0,0.0,0.0,0.0,0.0,0.0,0.0,0.0,-33.94579067008499,150.73077515625548,45.072744757515885,0.0,0.0,nothing,0.0,0
88be08ccb5fffff,0.0,0.0,0.0,0.0,0.0,0.0,0.0,1.0,0.0,0.0,0.0,5781.552168523681,0.0,34.0,5.0,0.0,0.0,0.0,0.0,0.0,-33.93854563044197,150.73741432857483,44.32450678072814,0.0,0.0,nothing,0.0,0
88be08ccb7fffff,0.0,0.0,0.0,0.0,0.0,0.0,0.0,1.0,0.0,0.0,0.0,77416.50821998628,0.0,7.0,2.0,0.0,0.0,0.0,1.0,0.0,-33.93739502652468,150.72654371712133,45.29350453672064,0.0,0.0,nothing,0.0,0
88be08ccb9fffff,0.0,0.0,0.0,0.0,0.0,0.0,0.0,0.0,1.0,0.0,0.0,0.0,622847.6666666666,6.0,1.0,0.0,0.0,0.0,0.0,0.0,-33.95418624112425,150.73500746663902,44.87363852073227,0.0,0.0,nothing,0.0,0
88be08ccbdfffff,0.0,0.0,0.0,0.0,0.0,0.0,0.0,0.0,0.0,0.0,0.0,177748.42544849007,0.0,8.0,2.0,0.0,0.0,0.0,0.0,0.0,-33.946940974140965,150.74164697772062,44.11049956218056,0.0,0.0,nothing,0.0,0
88be08ccc1fffff,0.0,0.0,0.0,0.0,0.0,0.0,0.0,0.0,0.0,0.0,0.0,0.0,0.0,0.0,0.0,2309.0379008746354,0.0,0.0,0.0,0.0,-33.981669778586145,150.76946341990768,42.553118548219096,0.0,0.0,nothing,0.0,0
88be08ccc5fffff,0.0,0.0,0.0,0.0,0.0,0.0,0.0,0.0,0.0,0.0,0.0,0.0,0.0,0.0,0.0,384.8396501457726,0.0,0.0,0.0,0.0,-33.97442255627405,150.7761024582505,41.73566510678936,0.0,0.0,nothing,0.0,0
88be08ccc7fffff,0.0,0.0,0.0,0.0,0.0,0.0,0.0,0.0,0.0,0.0,0.0,0.0,0.0,0.0,0.0,1539.3586005830905,0.0,0.0,0.0,0.0,-33.973275030586315,150.76522607342713,42.66740995967359,0.0,0.0,nothing,0.0,0
88be08cccbfffff,0.0,0.0,0.0,0.0,0.0,0.0,0.0,0.0,0.0,0.0,0.0,20424.642915861972,0.0,0.0,2.0,1924.198250728863,0.0,0.0,0.0,0.0,-33.988916590325516,150.76282329888673,43.37873656793003,0.0,0.0,nothing,0.0,0
88be08ccd1fffff,0.0,0.0,0.0,0.0,0.0,0.0,0.0,0.0,0.0,0.0,0.0,0.0,0.0,0.0,0.0,1924.198250728863,0.0,0.0,0.0,0.0,-33.98661805082311,150.74106801829956,45.22346675063549,0.0,0.0,nothing,0.0,0
88be08ccd3fffff,0.0,0.0,1.0,0.0,0.0,0.0,0.0,1.0,0.0,0.0,0.0,11958.148404222213,0.0,12.0,2.0,2886.2973760932946,1.0,0.0,0.0,0.0,-33.985467372800215,150.7301910791614,46.15151932059399,0.0,0.0,nothing,0.0,0
88be08ccd7fffff,0.0,0.0,0.0,0.0,0.0,0.0,0.0,0.0,0.0,0.0,0.0,0.0,0.0,12.0,2.0,0.0,0.0,0.0,0.0,0.0,-33.97822247388187,150.73683343165146,45.34239241717899,0.0,0.0,nothing,0.0,0
88be08ccd9fffff,2.0,0.0,3.0,0.0,0.0,0.0,1.0,12.0,0.0,0.0,0.0,421978.20737638505,0.0,17.0,0.0,962.0991253644316,0.0,4.0,0.0,0.0,-33.99501355303782,150.74530347716285,45.12684276297524,3.0,4.0,"22 kW, kW",11.5,1
88be08ccdbfffff,0.0,0.0,0.0,0.0,0.0,0.0,0.0,0.0,0.0,0.0,0.0,274878.4630957922,0.0,17.0,0.0,962.0991253644316,0.0,1.0,0.0,0.0,-33.993863175947475,150.73442532670774,46.04572733594314,0.0,0.0,nothing,0.0,0
88be08ccddfffff,0.0,0.0,0.0,0.0,0.0,0.0,0.0,0.0,0.0,0.0,0.0,0.0,0.0,0.0,0.0,1924.198250728863,0.0,0.0,0.0,0.0,-33.98776779005503,150.751945425126,44.2991263353362,0.0,0.0,nothing,0.0,0
88be08cce1fffff,0.0,0.0,0.0,0.0,0.0,0.0,0.0,0.0,0.0,0.0,0.0,0.0,0.0,0.0,0.0,769.6793002915452,0.0,0.0,0.0,0.0,-33.95878062988154,150.77850239213709,41.07045231185961,0.0,0.0,nothing,0.0,0
88be08cce5fffff,0.0,0.0,0.0,0.0,0.0,0.0,0.0,1.0,0.0,0.0,0.0,67793.83646788078,0.0,8.0,3.0,2501.457725947522,0.0,0.0,0.0,0.0,-33.95153281535377,150.7851389281115,40.28630456097796,0.0,0.0,nothing,0.0,0
88be08cce7fffff,0.0,0.0,0.0,0.0,0.0,0.0,0.0,0.0,0.0,0.0,0.0,77670.91136365043,0.0,3.0,0.0,0.0,0.0,0.0,0.0,0.0,-33.9503862616424,150.77426524234045,41.2382877272022,0.0,0.0,nothing,0.0,0
88be08cce9fffff,0.0,0.0,0.0,0.0,0.0,0.0,0.0,0.0,0.0,0.0,0.0,0.0,0.0,0.0,0.0,769.6793002915452,0.0,0.0,0.0,0.0,-33.9671749239045,150.7827404140017,40.926865982986214,0.0,0.0,nothing,0.0,0
88be08ccebfffff,0.0,0.0,0.0,0.0,0.0,0.0,0.0,0.0,0.0,0.0,0.0,0.0,0.0,0.0,0.0,1539.3586005830905,0.0,0.0,0.0,0.0,-33.96602803513081,150.7718647739378,41.86433540994514,0.0,0.0,nothing,0.0,0
88be08ccedfffff,0.0,0.0,0.0,0.0,0.0,0.0,0.0,0.0,0.0,0.0,0.0,0.0,0.0,0.0,0.0,5002.915451895044,0.0,0.0,0.0,0.0,-33.95992688199282,150.78937728724787,40.12724500129413,0.0,0.0,nothing,0.0,0
88be08cd01fffff,0.0,0.0,1.0,0.0,0.0,0.0,0.0,12.0,0.0,0.0,0.0,346211.17130507337,0.0,23.0,13.0,1154.5189504373177,0.0,0.0,0.0,0.0,-33.92099043475005,150.87266208383647,31.672004818830512,0.0,0.0,nothing,0.0,0
88be08cd03fffff,0.0,0.0,0.0,0.0,1.0,0.0,0.0,0.0,0.0,0.0,0.0,0.0,2353808.3333333335,8.0,4.0,1924.198250728863,0.0,1.0,0.0,0.0,-33.91985174723994,150.86178982420424,32.63930647447166,0.0,0.0,nothing,0.0,0
88be08cd05fffff,0.0,0.0,0.0,0.0,0.0,0.0,0.0,0.0,0.0,0.0,0.0,0.0,0.0,40.0,21.0,0.0,0.0,0.0,0.0,0.0,-33.91373700278869,150.8792883913046,30.931080794854324,0.0,0.0,nothing,0.0,0
88be08cd07fffff,0.0,0.0,0.0,0.0,0.0,0.0,0.0,1.0,0.0,0.0,0.0,0.0,0.0,32.0,10.0,769.6793002915452,0.0,0.0,0.0,0.0,-33.9125989494127,150.86841688016074,31.90472889562236,0.0,0.0,nothing,0.0,0
88be08cd09fffff,0.0,0.0,1.0,0.0,0.0,0.0,0.0,5.0,0.0,0.0,0.0,7495420.563451612,0.0,23.0,7.0,6542.274052478134,1.0,0.0,0.0,0.0,-33.92938184559292,150.87690815986969,31.47000008979403,0.0,0.0,nothing,0.0,0
88be08cd0bfffff,0.0,0.0,1.0,0.0,0.0,0.0,0.0,2.0,0.0,0.0,0.0,1538223.1512287075,0.0,34.0,4.0,11737.609329446064,0.0,1.0,0.0,0.0,-33.92824346178613,150.86603469370502,32.42753915463292,0.0,0.0,nothing,0.0,0
88be08cd0dfffff,0.0,0.0,1.0,1.0,0.0,0.0,1.0,4.0,0.0,0.0,0.0,460147.24520781386,0.0,51.0,14.0,0.0,1.0,0.0,1.0,0.0,-33.922128184361995,150.883534801158,30.707653289656378,0.0,0.0,nothing,0.0,0
88be08cd11fffff,0.0,0.0,1.0,0.0,0.0,0.0,0.0,1.0,0.0,0.0,0.0,95302.59543418628,2716967.3333333335,39.0,22.0,1924.198250728863,1.0,5.0,0.0,0.0,-33.925963880070825,150.84428913683652,34.352167279359044,0.0,0.0,nothing,0.0,0
88be08cd13fffff,0.0,0.0,0.0,0.0,0.0,0.0,0.0,1.0,0.0,0.0,0.0,0.0,0.0,2.0,4.0,962.0991253644316,0.0,6.0,1.0,0.0,-33.92482268249817,150.8334170476407,35.31873311541339,0.0,0.0,nothing,0.0,0
88be08cd15fffff,0.0,0.0,5.0,0.0,4.0,0.0,0.0,3.0,0.0,0.0,0.0,1412615.2648656282,4613464.333333334,35.0,4.0,0.0,2.0,9.0,0.0,0.0,-33.91871212199929,150.8509180230153,33.60930206191694,0.0,0.0,nothing,0.0,0
88be08cd17fffff,0.0,0.0,0.0,0.0,0.0,0.0,0.0,0.0,0.0,0.0,0.0,388924.924388613,1600589.6666666667,11.0,4.0,1924.198250728863,0.0,0.0,0.0,0.0,-33.91757155919597,150.84004668102352,34.5817634535577,0.0,0.0,nothing,0.0,0
88be08cd19fffff,1.0,0.0,14.0,5.0,0.0,2.0,1.0,31.0,0.0,0.0,0.0,977943.461996999,26900.666666666668,41.0,3.0,1924.198250728863,0.0,18.0,4.0,2.0,-33.934356126845714,150.848532464788,34.15091776208708,0.0,0.0,nothing,0.0,0
88be08cd1bfffff,1.0,0.0,5.0,0.0,10.0,0.0,1.0,5.0,0.0,0.0,0.0,165361.226590311,0.0,44.0,5.0,0.0,2.0,18.0,0.0,0.0,-33.93321523219679,150.83765916828995,35.10844279435023,0.0,0.0,nothing,0.0,0
88be08cd1dfffff,0.0,0.0,1.0,0.0,0.0,0.0,0.0,1.0,0.0,0.0,0.0,200832.94751254944,3107027.0,33.0,13.0,0.0,4.0,0.0,1.0,0.0,-33.927104139889494,150.85516168577593,33.38835364494184,0.0,0.0,nothing,0.0,0
88be08cd21fffff,0.0,0.0,0.0,0.0,0.0,0.0,0.0,4.0,0.0,0.0,0.0,39192.29437242737,3163731.416380298,13.0,12.0,0.0,0.0,0.0,1.0,0.0,-33.898092140287844,150.88166774500982,30.483148871257953,0.0,0.0,nothing,0.0,0
88be08cd23fffff,0.0,0.0,0.0,0.0,0.0,0.0,0.0,1.0,0.0,0.0,0.0,53192.67865488912,235817.15463917528,19.0,23.0,1154.5189504373177,0.0,0.0,0.0,0.0,-33.89695441726722,150.87079818822178,31.47058643211005,0.0,0.0,nothing,0.0,0
88be08cd25fffff,0.0,0.0,2.0,1.0,1.0,1.0,0.0,19.0,0.0,1.0,0.0,2032700.7694009296,4670549.866552119,61.0,13.0,0.0,2.0,2.0,2.0,0.0,-33.890838130021635,150.88829155407848,29.79841739447576,0.0,0.0,nothing,0.0,0
88be08cd27fffff,0.0,0.0,2.0,0.0,2.0,0.0,0.0,3.0,0.0,0.0,0.0,350006.4930588946,5438672.315005727,27.0,15.0,769.6793002915452,1.0,4.0,0.0,0.0,-33.8897010405695,150.8774227458066,30.79111175491794,0.0,0.0,nothing,0.0,0
88be08cd29fffff,0.0,0.0,0.0,0.0,0.0,0.0,0.0,6.0,0.0,0.0,0.0,24565.619389331107,187009.99999999997,31.0,21.0,0.0,0.0,0.0,0.0,0.0,-33.906483166417765,150.88591361619754,30.205842854559847,0.0,0.0,nothing,0.0,0
88be08cd2bfffff,0.0,0.0,0.0,0.0,0.0,0.0,0.0,7.0,0.0,0.0,0.0,0.0,0.0,27.0,20.0,1539.3586005830905,0.0,2.0,0.0,0.0,-33.90534574692343,150.87504285373325,31.185644019005014,0.0,0.0,nothing,0.0,0
88be08cd2dfffff,0.0,0.0,10.0,0.0,2.0,0.0,0.0,10.0,0.0,0.0,0.0,171595.89125670027,3139909.187285223,22.0,14.0,0.0,2.0,2.0,0.0,0.0,-33.899228926153015,150.8925377586034,29.497448641024768,0.0,0.0,nothing,0.0,0
88be08cd31fffff,0.0,0.0,0.0,0.0,3.0,0.0,0.0,1.0,0.0,0.0,0.0,440624.620089395,0.0,26.0,7.0,1924.198250728863,0.0,3.0,0.0,0.0,-33.903068096060565,150.85330270161202,33.151240219144604,0.0,0.0,nothing,0.0,0
88be08cd33fffff,0.0,0.0,0.0,0.0,0.0,0.0,0.0,0.0,0.0,0.0,0.0,0.0,0.0,15.0,0.0,0.0,0.0,0.0,0.0,0.0,-33.90192786502734,150.84243331346218,34.136687218321285,0.0,0.0,nothing,0.0,0
88be08cd35fffff,0.0,0.0,0.0,1.0,0.0,0.0,0.0,0.0,0.0,0.0,0.0,0.0,550858.6666666666,21.0,6.0,0.0,0.0,0.0,0.0,0.0,-33.895815757258504,150.8599290889928,32.45960124860078,0.0,0.0,nothing,0.0,0
88be08cd37fffff,0.0,0.0,0.0,0.0,0.0,0.0,0.0,0.0,0.0,0.0,0.0,37322.27368783431,549859.6288659794,27.0,17.0,1924.198250728863,0.0,0.0,0.0,0.0,-33.89467616042931,150.8490604480762,33.450051932340955,0.0,0.0,nothing,0.0,0
88be08cd39fffff,0.0,0.0,0.0,0.0,0.0,0.0,0.0,0.0,0.0,0.0,0.0,0.0,1412285.0,19.0,10.0,2886.2973760932946,0.0,0.0,0.0,0.0,-33.911459958497765,150.857545826914,32.88075665820569,0.0,0.0,nothing,0.0,0
88be08cd3bfffff,0.0,0.0,0.0,0.0,0.0,0.0,0.0,0.0,0.0,0.0,0.0,2302013.8088383144,1129828.0,26.0,0.0,0.0,0.0,0.0,0.0,0.0,-33.910320030211594,150.84667523231815,33.858956825811,0.0,0.0,nothing,0.0,0
88be08cd3dfffff,0.0,0.0,2.0,0.0,0.0,0.0,1.0,2.0,0.0,1.0,0.0,1488593.6583441915,0.0,26.0,14.0,0.0,3.0,0.0,1.0,0.0,-33.90420739008186,150.86417254862022,32.16750463481022,0.0,0.0,nothing,0.0,0
88be08cd41fffff,0.0,0.0,0.0,0.0,0.0,0.0,0.0,0.0,0.0,0.0,0.0,0.0,0.0,15.0,0.0,0.0,0.0,0.0,0.0,0.0,-33.93891032262854,150.89203023859963,30.356863679466585,0.0,0.0,nothing,0.0,0
88be08cd43fffff,0.0,0.0,0.0,0.0,0.0,0.0,0.0,2.0,0.0,0.0,0.0,21437.394392192786,0.0,10.0,0.0,0.0,0.0,0.0,0.0,0.0,-33.937773181440264,150.88115510848263,31.2993104702939,0.0,0.0,nothing,0.0,0
88be08cd45fffff,0.0,0.0,1.0,0.0,0.0,0.0,0.0,3.0,0.0,0.0,0.0,83314.60434138954,0.0,7.0,4.0,384.8396501457726,0.0,2.0,0.0,0.0,-33.93165579826692,150.89865646388822,29.56602681455602,0.0,0.0,nothing,0.0,0
88be08cd47fffff,0.0,0.0,2.0,0.0,0.0,0.0,0.0,8.0,0.0,1.0,0.0,1795460.3522162563,0.0,24.0,7.0,3078.717201166181,1.0,0.0,0.0,0.0,-33.9305192911423,150.8877820835156,30.516046404056304,0.0,0.0,nothing,0.0,0
88be08cd49fffff,0.0,0.0,7.0,1.0,1.0,0.0,1.0,27.0,0.0,1.0,0.0,3659289.6203451054,1706995.5873015877,40.0,9.0,0.0,1.0,3.0,2.0,0.0,-33.9473012783196,150.8962792666324,30.230618314746888,0.0,0.0,nothing,0.0,0
88be08cd4bfffff,0.0,0.0,0.0,0.0,0.0,0.0,0.0,5.0,0.0,0.0,0.0,47196.42992846484,1030348.6878306878,28.0,7.0,0.0,0.0,2.0,0.0,0.0,-33.946164441791,150.88540292989765,31.160451543859946,0.0,0.0,nothing,0.0,0
88be08cd4dfffff,0.0,0.0,0.0,0.0,0.0,0.0,0.0,2.0,0.0,0.0,0.0,108915.1284464794,4200306.486486487,18.0,4.0,0.0,0.0,0.0,0.0,0.0,-33.94004652503287,150.90290582523485,29.419113392766135,0.0,0.0,nothing,0.0,0
88be08cd51fffff,0.0,0.0,0.0,0.0,0.0,0.0,0.0,1.0,0.0,0.0,0.0,421979.504559992,0.0,33.0,9.0,3848.396501457726,0.0,0.0,0.0,0.0,-33.94388795197345,150.86365162837686,33.034808768690624,0.0,0.0,nothing,0.0,0
88be08cd53fffff,0.0,0.0,0.0,0.0,1.0,0.0,0.0,4.0,0.0,0.0,0.0,0.0,103326.66666666669,15.0,8.0,5387.755102040816,0.0,3.0,0.0,0.0,-33.94274829901966,150.85277666510046,33.978519481601865,0.0,0.0,nothing,0.0,0
88be08cd55fffff,1.0,0.0,0.0,0.0,0.0,0.0,0.0,2.0,0.0,0.0,0.0,68023.97913391255,0.0,21.0,0.0,4233.236151603499,1.0,1.0,0.0,0.0,-33.93663510163532,150.87028043563865,32.246040452778466,0.0,0.0,nothing,0.0,0
88be08cd57fffff,0.0,0.0,0.0,0.0,0.0,0.0,0.0,5.0,0.0,0.0,0.0,112805.8359177779,0.0,6.0,2.0,2693.877551020408,0.0,14.0,0.0,0.0,-33.93549608338122,150.8594062208223,33.1966856873045,0.0,0.0,nothing,0.0,0
88be08cd59fffff,0.0,0.0,5.0,3.0,1.0,0.0,0.0,10.0,0.0,0.0,0.0,100340.56999812616,0.0,69.0,13.0,6734.693877551021,1.0,2.0,2.0,0.0,-33.952279745165136,150.867897908662,32.90316350727608,0.0,0.0,nothing,0.0,0
88be08cd5bfffff,2.0,1.0,6.0,2.0,0.0,0.0,0.0,4.0,0.0,0.0,0.0,571401.2706156851,0.0,48.0,18.0,962.0991253644316,2.0,0.0,0.0,0.0,-33.95114039609164,150.8570217379963,33.83541434473674,2.0,4.0,kW,1.0,1
88be08cd5dfffff,0.0,0.0,4.0,0.0,4.0,0.0,0.0,0.0,0.0,0.0,0.0,860697.1614874589,0.0,28.0,8.0,962.0991253644316,0.0,7.0,0.0,0.0,-33.945026666286466,150.8745270502275,32.09532482294222,0.0,0.0,nothing,0.0,0
88be08cd61fffff,0.0,0.0,0.0,0.0,0.0,0.0,0.0,0.0,0.0,0.0,0.0,12094.734242227289,5494165.714285714,19.0,13.0,0.0,0.0,0.0,0.0,0.0,-33.916010296254214,150.901032784268,28.991888834214173,0.0,0.0,nothing,0.0,0
88be08cd63fffff,0.0,0.0,1.0,0.0,0.0,0.0,0.0,2.0,0.0,0.0,0.0,0.0,0.0,29.0,20.0,0.0,0.0,0.0,0.0,0.0,-33.914874118458286,150.89016035959176,29.96004601221267,0.0,0.0,nothing,0.0,0
88be08cd65fffff,0.0,0.0,0.0,0.0,0.0,0.0,0.0,1.0,0.0,0.0,0.0,39826.26200414224,6331068.813090084,20.0,20.0,0.0,0.0,0.0,0.0,0.0,-33.908755192695715,150.9076565101643,28.253282465587716,0.0,0.0,nothing,0.0,0
88be08cd67fffff,0.0,0.0,1.0,0.0,0.0,0.0,0.0,3.0,0.0,0.0,0.0,0.0,1149488.5714285714,21.0,28.0,0.0,1.0,0.0,0.0,0.0,-33.90761964839755,150.8967848352592,29.228309943989064,0.0,0.0,nothing,0.0,0
88be08cd69fffff,0.0,0.0,3.0,0.0,0.0,0.0,0.0,3.0,0.0,0.0,0.0,472628.0270771915,3864514.039682539,44.0,24.0,0.0,3.0,0.0,0.0,0.0,-33.924400869221955,150.90528160585183,28.788992432977967,0.0,0.0,nothing,0.0,0
88be08cd6bfffff,0.0,0.0,3.0,0.0,0.0,0.0,0.0,7.0,0.0,0.0,0.0,28822.295484529903,0.0,38.0,12.0,2693.877551020408,0.0,0.0,0.0,0.0,-33.92326499590835,150.8944079754146,29.746540467847556,0.0,0.0,nothing,0.0,0
88be08cd6dfffff,0.0,0.0,3.0,0.0,0.0,0.0,0.0,5.0,0.0,0.0,0.0,96025.84551036324,7692093.127183398,37.0,14.0,0.0,1.0,0.0,0.0,0.0,-33.91714553600949,150.91190566457908,28.02690922338278,0.0,0.0,nothing,0.0,0
88be08cd81fffff,0.0,0.0,0.0,0.0,0.0,0.0,0.0,0.0,0.0,0.0,0.0,0.0,0.0,0.0,0.0,2886.2973760932946,0.0,0.0,0.0,0.0,-33.91299993572155,150.79656592009732,38.492496375445945,0.0,0.0,nothing,0.0,0
88be08cd83fffff,0.0,0.0,0.0,0.0,0.0,0.0,0.0,0.0,0.0,0.0,0.0,0.0,0.0,0.0,4.0,0.0,0.0,0.0,0.0,0.0,-33.91185468763102,150.7856968853917,39.47461906903706,0.0,0.0,nothing,0.0,0
88be08cd85fffff,0.0,0.0,0.0,0.0,0.0,0.0,0.0,0.0,0.0,0.0,0.0,0.0,0.0,0.0,0.0,6349.854227405248,0.0,0.0,0.0,0.0,-33.90575094671664,150.80319745551145,37.790075625527365,0.0,0.0,nothing,0.0,0
88be08cd89fffff,0.0,0.0,0.0,0.0,0.0,0.0,0.0,0.0,0.0,0.0,0.0,0.0,0.0,0.0,0.0,2309.0379008746354,0.0,0.0,0.0,0.0,-33.921393464940095,150.8008035460509,38.23284043786029,0.0,0.0,nothing,0.0,0
88be08cd8bfffff,0.0,0.0,0.0,0.0,0.0,0.0,0.0,0.0,0.0,0.0,0.0,0.0,0.0,0.0,0.0,1924.198250728863,0.0,0.0,0.0,0.0,-33.92024851803645,150.78993330336468,39.20841353523768,0.0,0.0,nothing,0.0,0
88be08cd8dfffff,0.0,0.0,0.0,0.0,0.0,0.0,0.0,0.0,0.0,0.0,0.0,0.0,0.0,0.0,1.0,1924.198250728863,0.0,0.0,0.0,0.0,-33.91414424709222,150.80743541776627,37.51200901569325,0.0,0.0,nothing,0.0,0
88be08cd93fffff,0.0,0.0,0.0,0.0,0.0,0.0,0.0,0.0,0.0,0.0,0.0,0.0,0.0,0.0,2.0,0.0,0.0,0.0,0.0,0.0,-33.916808056541306,150.75732535937806,42.14568437714581,0.0,0.0,nothing,0.0,0
88be08cd95fffff,0.0,0.0,0.0,0.0,0.0,0.0,0.0,0.0,0.0,0.0,0.0,0.0,0.0,0.0,6.0,0.0,0.0,0.0,0.0,0.0,-33.91070850298987,150.774828314402,40.4582567429572,0.0,0.0,nothing,0.0,0
88be08cd97fffff,0.0,0.0,0.0,0.0,0.0,0.0,0.0,0.0,0.0,0.0,0.0,0.0,0.0,0.0,1.0,0.0,0.0,0.0,0.0,0.0,-33.90956138196758,150.76396020788076,41.44330028959793,0.0,0.0,nothing,0.0,0
88be08cd99fffff,0.0,0.0,0.0,0.0,0.0,0.0,0.0,0.0,0.0,0.0,0.0,0.0,0.0,0.0,1.0,0.0,0.0,0.0,0.0,0.0,-33.92635017335691,150.7724290817735,40.90967425040912,0.0,0.0,nothing,0.0,0
88be08cd9bfffff,0.0,0.0,0.0,0.0,0.0,0.0,0.0,0.0,0.0,0.0,0.0,75532.24505001065,0.0,0.0,3.0,0.0,0.0,0.0,0.0,0.0,-33.92520271663665,150.76155902313045,41.88415563667255,0.0,0.0,nothing,0.0,0
88be08cda1fffff,0.0,0.0,0.0,0.0,0.0,0.0,0.0,0.0,0.0,0.0,0.0,0.0,0.0,0.0,0.0,3685.131195335277,0.0,0.0,0.0,0.0,-33.89010840826759,150.8055904825938,37.423904118899024,0.0,0.0,nothing,0.0,0
88be08cda3fffff,0.0,0.0,0.0,0.0,0.0,0.0,0.0,0.0,0.0,0.0,0.0,0.0,0.0,0.0,1.0,0.0,0.0,0.0,0.0,0.0,-33.88896412985792,150.7947241445325,38.41990561106298,0.0,0.0,nothing,0.0,0
88be08cda5fffff,0.0,0.0,0.0,0.0,0.0,0.0,0.0,0.0,0.0,0.0,0.0,36579.84171747148,0.0,0.0,0.0,5224.489795918367,0.0,0.0,0.0,0.0,-33.88285883700114,150.81221951981445,36.77054448629327,0.0,0.0,nothing,0.0,0
88be08cda7fffff,0.0,0.0,0.0,0.0,0.0,0.0,0.0,0.0,0.0,0.0,0.0,263433.8316205661,0.0,0.0,2.0,2915.451895043732,0.0,0.0,0.0,0.0,-33.881715193498486,150.8013539264481,37.77016348016167,0.0,0.0,nothing,0.0,0
88be08cda9fffff,0.0,0.0,0.0,0.0,0.0,0.0,0.0,1.0,0.0,0.0,0.0,0.0,0.0,0.0,0.0,18145.772594752187,0.0,0.0,0.0,0.0,-33.89850155153706,150.8098279096938,37.10191836481695,0.0,0.0,nothing,0.0,0
88be08cdadfffff,0.0,0.0,0.0,0.0,0.0,0.0,0.0,1.0,0.0,0.0,0.0,453683.96674333385,0.0,0.0,0.0,384.8396501457726,0.0,1.0,0.0,0.0,-33.891251750698196,150.8164572827313,36.428833459118245,0.0,0.0,nothing,0.0,0
88be08cdb1fffff,0.0,0.0,0.0,0.0,0.0,0.0,0.0,0.0,0.0,0.0,0.0,0.0,0.0,0.0,2.0,0.0,0.0,0.0,0.0,0.0,-33.89506681100081,150.77722666275525,40.07815450054443,0.0,0.0,nothing,0.0,0
88be08cdbdfffff,0.0,0.0,0.0,0.0,0.0,0.0,0.0,0.0,0.0,0.0,0.0,0.0,0.0,0.0,2.0,0.0,0.0,0.0,0.0,0.0,-33.896212660569816,150.78809328194404,39.08501017346239,0.0,0.0,nothing,0.0,0
88be08cdc1fffff,0.0,0.0,0.0,0.0,0.0,0.0,0.0,1.0,0.0,0.0,0.0,88115.99362665539,0.0,7.0,5.0,0.0,0.0,0.0,1.0,0.0,-33.93093062923171,150.81591395691837,37.03234373261449,0.0,0.0,nothing,0.0,0
88be08cdc3fffff,0.0,0.0,0.0,0.0,0.0,0.0,0.0,0.0,0.0,0.0,0.0,22055.943255381862,0.0,0.0,0.0,384.8396501457726,0.0,0.0,0.0,0.0,-33.929786921252656,150.80504204355233,37.99826886335009,0.0,0.0,nothing,0.0,0
88be08cdc5fffff,0.0,0.0,0.0,0.0,0.0,0.0,0.0,0.0,0.0,0.0,0.0,0.0,0.0,0.0,5.0,0.0,0.0,0.0,0.0,0.0,-33.92368054733979,150.82254541894213,36.287829849958,0.0,0.0,nothing,0.0,0
88be08cdc7fffff,0.0,0.0,0.0,0.0,0.0,0.0,0.0,0.0,0.0,0.0,0.0,0.0,0.0,1.0,6.0,0.0,0.0,0.0,0.0,0.0,-33.922537474764184,150.81167425149442,37.2592586512127,0.0,0.0,nothing,0.0,0
88be08cdcbfffff,0.0,0.0,0.0,0.0,0.0,0.0,0.0,0.0,0.0,0.0,0.0,161808.49818753207,0.0,4.0,3.0,0.0,0.0,0.0,0.0,0.0,-33.93818030415839,150.8092814128241,37.78924959584116,0.0,0.0,nothing,0.0,0
88be08cdcdfffff,0.0,0.0,0.0,0.0,0.0,0.0,0.0,0.0,0.0,0.0,0.0,0.0,0.0,1.0,0.0,0.0,1.0,0.0,0.0,0.0,-33.93207339960263,150.82678633208215,36.068997144554466,0.0,0.0,nothing,0.0,0
88be08cdd1fffff,0.0,0.0,0.0,0.0,0.0,0.0,0.0,0.0,0.0,0.0,0.0,0.0,0.0,0.0,0.0,2886.2973760932946,0.0,0.0,0.0,0.0,-33.93589067925975,150.78753655773892,39.71251021077275,0.0,0.0,nothing,0.0,0
88be08cdd3fffff,0.0,0.0,0.0,0.0,0.0,0.0,0.0,0.0,0.0,0.0,0.0,0.0,0.0,0.0,0.0,0.0,0.0,0.0,0.0,1.0,-33.93474446053496,150.77666482559704,40.677871435454584,0.0,0.0,nothing,0.0,0
88be08cdd5fffff,0.0,0.0,0.0,0.0,0.0,0.0,0.0,1.0,0.0,0.0,0.0,0.0,0.0,0.0,0.0,3078.717201166181,0.0,0.0,0.0,0.0,-33.928642275834385,150.7941705927374,38.96657948377315,0.0,0.0,nothing,0.0,0
88be08cdd9fffff,0.0,0.0,0.0,0.0,0.0,0.0,0.0,1.0,0.0,0.0,0.0,2368.253675660366,0.0,0.0,1.0,3078.717201166181,1.0,0.0,0.0,0.0,-33.944284592062814,150.7917743819477,39.51247228789901,0.0,0.0,nothing,0.0,0
88be08cddbfffff,0.0,0.0,0.0,0.0,0.0,0.0,0.0,0.0,0.0,0.0,0.0,0.0,0.0,7.0,3.0,0.0,0.0,0.0,0.0,0.0,-33.943138674700855,150.7809014409688,40.46995799297771,0.0,0.0,nothing,0.0,0
88be08cdddfffff,0.0,0.0,0.0,0.0,0.0,0.0,0.0,0.0,0.0,0.0,0.0,0.0,0.0,0.0,0.0,2693.877551020408,1.0,0.0,0.0,0.0,-33.93703596052399,150.7984087537324,38.74957402093583,0.0,0.0,nothing,0.0,0
88be08cde1fffff,0.0,0.0,0.0,0.0,0.0,0.0,0.0,0.0,0.0,0.0,0.0,0.0,0.0,0.0,0.0,2886.2973760932946,0.0,0.0,0.0,0.0,-33.908037362197504,150.82493542209306,35.82115652718249,0.0,0.0,nothing,0.0,0
88be08cde3fffff,0.0,0.0,0.0,0.0,0.0,0.0,0.0,0.0,0.0,0.0,0.0,0.0,0.0,0.0,0.0,6734.693877551021,0.0,0.0,0.0,0.0,-33.90689462280613,150.81406620797034,36.80484414994644,0.0,0.0,nothing,0.0,0
88be08cde5fffff,0.0,0.0,0.0,0.0,0.0,0.0,0.0,0.0,0.0,0.0,0.0,0.0,0.0,0.0,0.0,1924.198250728863,0.0,0.0,0.0,0.0,-33.90078669715016,150.83156438492384,35.12370016092349,0.0,0.0,nothing,0.0,0
88be08cde9fffff,0.0,0.0,0.0,0.0,0.0,0.0,0.0,1.0,0.0,0.0,0.0,0.0,0.0,1.0,1.0,0.0,0.0,0.0,0.0,0.0,-33.9164300589981,150.82917579898248,35.556486926863585,0.0,0.0,nothing,0.0,0
88be08cdebfffff,0.0,0.0,0.0,0.0,0.0,0.0,0.0,0.0,0.0,0.0,0.0,0.0,0.0,0.0,1.0,0.0,0.0,0.0,0.0,0.0,-33.915287621574,150.8183053776457,36.53329004874007,0.0,0.0,nothing,0.0,0
88be08cdedfffff,0.0,0.0,0.0,0.0,0.0,0.0,0.0,0.0,0.0,0.0,0.0,0.0,0.0,1.0,0.0,3848.396501457726,0.0,0.0,0.0,0.0,-33.90917916472212,150.83580509712672,34.83914497941425,0.0,0.0,nothing,0.0,0
88be08ce01fffff,0.0,0.0,0.0,0.0,0.0,0.0,0.0,1.0,0.0,0.0,0.0,551763.3257180259,0.0,52.0,0.0,0.0,0.0,0.0,0.0,1.0,-34.030502527987174,150.85597207534553,37.26221502352816,0.0,0.0,nothing,0.0,0
88be08ce03fffff,1.0,0.0,2.0,0.0,0.0,3.0,0.0,8.0,0.0,0.0,0.0,3979995.5492866384,872888.8888888889,68.0,11.0,0.0,1.0,6.0,1.0,0.0,-34.029361523685836,150.8450861154435,38.08818298055142,0.0,0.0,nothing,0.0,0
88be08ce05fffff,0.0,0.0,0.0,0.0,0.0,0.0,0.0,3.0,0.0,0.0,0.0,0.0,0.0,8.0,0.0,0.0,0.0,0.0,0.0,0.0,-34.02325035359858,150.8626083121694,36.34080757798982,0.0,0.0,nothing,0.0,0
88be08ce07fffff,0.0,0.0,0.0,0.0,0.0,0.0,0.0,2.0,0.0,0.0,0.0,42382.609511532566,0.0,16.0,0.0,0.0,0.0,0.0,0.0,1.0,-34.022109985623956,150.85172310189964,37.17342008020572,0.0,0.0,nothing,0.0,0
88be08ce0bfffff,0.0,0.0,0.0,0.0,0.0,0.0,0.0,1.0,0.0,0.0,0.0,3692.484521325232,0.0,18.0,0.0,0.0,0.0,0.0,0.0,0.0,-34.03775429199743,150.84933475328222,38.18816683423233,0.0,0.0,nothing,0.0,0
88be08ce0dfffff,0.0,0.0,0.0,0.0,0.0,0.0,0.0,0.0,0.0,0.0,0.0,0.0,0.0,1.0,0.0,0.0,0.0,0.0,0.0,0.0,-34.0316425905325,150.86685849531105,36.44568860273397,0.0,0.0,nothing,0.0,0
88be08ce11fffff,0.0,0.0,0.0,0.0,0.0,0.0,0.0,3.0,0.0,0.0,0.0,265542.06861410354,1038737.7777777778,6.0,0.0,1731.778425655977,0.0,0.0,0.0,0.0,-34.0354700684577,150.82756179596768,39.83614861454883,0.0,0.0,nothing,0.0,0
88be08ce13fffff,0.0,0.0,1.0,0.0,0.0,0.0,1.0,2.0,0.0,0.0,0.0,1086972.8759650174,0.0,15.0,0.0,1539.3586005830905,2.0,0.0,0.0,0.0,-34.034326544188254,150.81667601012032,40.67294662857976,0.0,0.0,nothing,0.0,0
88be08ce15fffff,0.0,0.0,0.0,0.0,0.0,0.0,0.0,1.0,0.0,0.0,0.0,193376.75451785428,2994008.888888889,22.0,4.0,0.0,1.0,0.0,0.0,0.0,-34.028219577796875,150.83420061636164,38.922990140533415,0.0,0.0,nothing,0.0,0
88be08ce17fffff,0.0,0.0,0.0,0.0,0.0,0.0,0.0,2.0,0.0,0.0,0.0,21153.894522453425,1710862.2222222222,21.0,7.0,0.0,0.0,0.0,0.0,0.0,-34.027076690488904,150.8233155788565,39.76607857283532,0.0,0.0,nothing,0.0,0
88be08ce19fffff,0.0,0.0,0.0,0.0,0.0,0.0,0.0,2.0,0.0,0.0,0.0,78330316.0310467,1907057.3745173744,9.0,0.0,0.0,0.0,0.0,0.0,1.0,-34.04386336740186,150.83180888730286,39.93166260322031,0.0,0.0,nothing,0.0,0
88be08ce1bfffff,0.0,0.0,0.0,0.0,0.0,0.0,0.0,7.0,0.0,0.0,0.0,48472.39618886964,1907057.3745173744,3.0,0.0,0.0,0.0,0.0,0.0,0.0,-34.04272014771999,150.82092189063198,40.75393501897394,0.0,0.0,nothing,0.0,0
88be08ce1dfffff,0.0,0.0,0.0,0.0,0.0,0.0,0.0,1.0,0.0,0.0,0.0,25159922.253774744,715768.8888888889,1.0,0.0,1346.938775510204,0.0,0.0,0.0,0.0,-34.036612651117025,150.83844804394053,39.00770696612047,0.0,0.0,nothing,0.0,0
88be08ce21fffff,0.0,0.0,0.0,0.0,0.0,0.0,0.0,4.0,0.0,0.0,0.0,1013900.0843268606,0.0,37.0,0.0,0.0,0.0,3.0,0.0,0.0,-34.007605679670895,150.86499382002316,35.359656045118605,0.0,0.0,nothing,0.0,0
88be08ce23fffff,0.0,0.0,0.0,0.0,0.0,0.0,0.0,1.0,0.0,0.0,0.0,22942.547118979048,0.0,6.0,0.0,0.0,0.0,0.0,0.0,0.0,-34.00646564257929,150.85411056877015,36.21478023191206,0.0,0.0,nothing,0.0,0
88be08ce25fffff,0.0,0.0,1.0,0.0,0.0,0.0,1.0,11.0,0.0,2.0,0.0,1020316.9471830244,0.0,62.0,2.0,0.0,0.0,0.0,0.0,0.0,-34.00035291281115,150.8716275518667,34.461485682049634,0.0,0.0,nothing,0.0,0
88be08ce27fffff,3.0,0.0,19.0,2.0,0.0,1.0,0.0,54.0,0.0,0.0,0.0,1326968.5026775757,942228.5714285714,98.0,1.0,0.0,2.0,26.0,6.0,0.0,-33.999213511480576,150.86074505027466,35.32379912486855,0.0,0.0,nothing,0.0,0
88be08ce29fffff,0.0,0.0,0.0,0.0,0.0,0.0,0.0,1.0,0.0,0.0,0.0,10160.31375929655,0.0,7.0,1.0,2886.2973760932946,0.0,1.0,0.0,0.0,-34.01599776934737,150.86924346384205,35.42429969118094,0.0,0.0,nothing,0.0,0
88be08ce2bfffff,0.0,0.0,0.0,0.0,0.0,0.0,0.0,4.0,0.0,0.0,0.0,0.0,0.0,14.0,3.0,2886.2973760932946,0.0,0.0,0.0,0.0,-34.01485803744708,150.8583590033968,36.26377914156673,0.0,0.0,nothing,0.0,0
88be08ce2dfffff,0.0,0.0,1.0,0.0,0.0,0.0,0.0,10.0,0.0,0.0,0.0,560128.2897323156,0.0,19.0,2.0,0.0,1.0,10.0,1.0,0.0,-34.008744775749335,150.87587753045156,34.513082290445425,0.0,0.0,nothing,0.0,0
88be08ce31fffff,0.0,0.0,0.0,0.0,0.0,0.0,0.0,0.0,0.0,0.0,0.0,0.0,17457.777777777777,3.0,0.0,3848.396501457726,0.0,0.0,0.0,0.0,-34.0125757502005,150.8365914624331,37.96815233721198,0.0,0.0,nothing,0.0,0
88be08ce33fffff,0.0,0.0,1.0,0.0,0.0,0.0,0.0,9.0,0.0,0.0,0.0,306555.72992561874,0.0,6.0,0.0,3848.396501457726,0.0,0.0,0.0,0.0,-34.01143319519103,150.82570838342704,38.83192808054059,0.0,0.0,nothing,0.0,0
88be08ce35fffff,0.0,0.0,0.0,0.0,0.0,0.0,0.0,0.0,0.0,0.0,0.0,0.0,0.0,0.0,0.0,0.0,1.0,0.0,0.0,0.0,-34.00532466464263,150.8432277774488,37.077861927233215,0.0,0.0,nothing,0.0,0
88be08ce39fffff,0.0,0.0,0.0,0.0,0.0,0.0,0.0,5.0,0.0,0.0,0.0,14095.406449409636,1588657.7777777778,15.0,0.0,0.0,0.0,0.0,0.0,0.0,-34.020968676253105,150.8408383519015,38.01479366039414,0.0,0.0,nothing,0.0,0
88be08ce3bfffff,0.0,0.0,0.0,0.0,0.0,0.0,0.0,4.0,0.0,0.0,0.0,0.0,2068746.6666666665,26.0,2.0,0.0,0.0,0.0,0.0,0.0,-34.01982642565446,150.82995406293156,38.86435803940992,0.0,0.0,nothing,0.0,0
88be08ce3dfffff,0.0,0.0,0.0,0.0,0.0,0.0,0.0,0.0,0.0,0.0,0.0,31052.548515372106,0.0,0.0,0.0,5772.594752186589,0.0,0.0,0.0,0.0,-34.01371736434202,150.84747500267508,37.111924028642086,0.0,0.0,nothing,0.0,0
88be08ce49fffff,0.0,0.0,0.0,0.0,0.0,0.0,0.0,0.0,0.0,0.0,0.0,21728.292507927632,0.0,0.0,0.0,0.0,0.0,0.0,0.0,0.0,-34.05681882101537,150.87961429318122,36.92476643999799,0.0,0.0,nothing,0.0,0
88be08ce51fffff,0.0,0.0,0.0,0.0,0.0,0.0,0.0,0.0,0.0,1.0,0.0,0.0,0.0,2.0,0.0,0.0,0.0,0.0,0.0,0.0,-34.05339855928541,150.84694552243775,39.2546701593889,0.0,0.0,nothing,0.0,0
88be08ce53fffff,0.0,0.0,6.0,0.0,0.0,0.0,0.0,25.0,0.0,1.0,0.0,2891677.781182404,1907057.3745173744,34.0,1.0,0.0,0.0,14.0,1.0,0.0,-34.05225658682011,150.8360568530853,40.05243921668984,0.0,0.0,nothing,0.0,0
88be08ce55fffff,0.0,0.0,0.0,0.0,0.0,0.0,0.0,3.0,0.0,0.0,0.0,0.0,0.0,0.0,0.0,0.0,0.0,1.0,0.0,0.0,-34.04614698068659,150.85358426564093,38.31453776224668,0.0,0.0,nothing,0.0,0
88be08ce57fffff,0.0,0.0,0.0,0.0,0.0,1.0,0.0,7.0,0.0,1.0,0.0,0.0,0.0,7.0,3.0,0.0,0.0,1.0,1.0,0.0,-34.04500564511364,150.84269634589148,39.118339772270375,0.0,0.0,nothing,0.0,0
88be08ce59fffff,0.0,0.0,0.0,0.0,0.0,0.0,0.0,1.0,0.0,0.0,0.0,0.0,0.0,1.0,0.0,0.0,0.0,0.0,0.0,0.0,-34.06179139313102,150.8511955738027,39.41643219757744,0.0,0.0,nothing,0.0,0
88be08ce5bfffff,0.0,0.0,2.0,0.0,0.0,0.0,0.0,1.0,0.0,0.0,0.0,0.0,0.0,4.0,0.0,0.0,0.0,0.0,0.0,0.0,-34.06064972621114,150.84030569353837,40.19825144920191,0.0,0.0,nothing,0.0,0
88be08ce61fffff,0.0,0.0,0.0,0.0,0.0,0.0,0.0,0.0,0.0,0.0,0.0,0.0,0.0,0.0,0.0,3848.396501457726,0.0,0.0,0.0,0.0,-34.02552826468644,150.8843801104975,34.70438726350056,0.0,0.0,nothing,0.0,0
88be08ce63fffff,0.0,0.0,0.0,0.0,0.0,0.0,0.0,0.0,0.0,0.0,0.0,0.0,0.0,0.0,0.0,2886.2973760932946,0.0,0.0,0.0,0.0,-34.02438978000873,150.8734939819543,35.5175736906136,0.0,0.0,nothing,0.0,0
88be08ce69fffff,0.0,0.0,0.0,0.0,0.0,0.0,0.0,1.0,0.0,0.0,0.0,0.0,0.0,0.0,0.0,0.0,0.0,0.0,0.0,0.0,-34.03391988968272,150.88863271240453,34.8436134967686,0.0,0.0,nothing,0.0,0
88be08ce6dfffff,0.0,0.0,0.0,0.0,0.0,0.0,0.0,0.0,0.0,0.0,0.0,0.0,0.0,0.0,0.0,2886.2973760932946,0.0,0.0,0.0,0.0,-34.02666580746397,150.8952666970419,33.901972758877776,0.0,0.0,nothing,0.0,0
88be08ce81fffff,3.0,0.0,1.0,1.0,0.0,0.0,0.0,5.0,0.0,0.0,0.0,2162859.7157216324,0.0,54.0,2.0,14046.6472303207,17.0,8.0,12.0,1.0,-34.02249573044739,150.7797800597263,43.21145707398039,0.0,0.0,nothing,0.0,0
88be08ce83fffff,0.0,0.0,3.0,1.0,0.0,0.0,0.0,6.0,0.0,0.0,0.0,1175770.7359052482,0.0,50.0,8.0,4425.655976676385,0.0,0.0,0.0,0.0,-34.021348138581736,150.7688973414455,44.088912241083705,0.0,0.0,nothing,0.0,0
88be08ce85fffff,0.0,0.0,0.0,0.0,0.0,0.0,0.0,0.0,0.0,0.0,0.0,0.0,0.0,14.0,3.0,3848.396501457726,0.0,2.0,0.0,0.0,-34.01524801435907,150.78642153245468,42.334567452490184,0.0,0.0,nothing,0.0,0
88be08ce87fffff,0.0,0.0,4.0,0.0,1.0,0.0,0.0,2.0,0.0,0.0,0.0,1341876.365860931,0.0,57.0,9.0,0.0,0.0,3.0,0.0,0.0,-34.01410106015629,150.77553955996487,43.21793547197279,0.0,0.0,nothing,0.0,0
88be08ce89fffff,0.0,0.0,0.0,0.0,0.0,0.0,0.0,2.0,0.0,0.0,0.0,32579.951264990028,0.0,80.0,4.0,2886.2973760932946,0.0,10.0,0.0,0.0,-34.0308903234105,150.78402143289418,43.22859054651496,0.0,0.0,nothing,0.0,0
88be08ce8bfffff,0.0,0.0,0.0,0.0,0.0,0.0,0.0,9.0,0.0,0.0,0.0,176637.91558956765,0.0,129.0,10.0,3848.396501457726,0.0,6.0,0.0,0.0,-34.02974303439303,150.7731375031109,44.094094333619005,0.0,0.0,nothing,0.0,0
88be08ce8dfffff,0.0,0.0,0.0,0.0,0.0,0.0,0.0,0.0,0.0,0.0,0.0,0.0,0.0,1.0,0.0,962.0991253644316,0.0,0.0,0.0,0.0,-34.0236423817406,150.7906632433634,42.34004869181811,0.0,0.0,nothing,0.0,0
88be08ce91fffff,0.0,0.0,0.0,0.0,0.0,0.0,0.0,5.0,0.0,0.0,0.0,317130.89193573914,0.0,25.0,4.0,4233.236151603499,0.0,0.0,0.0,0.0,-34.02744563424006,150.75137104201644,45.84321889721856,0.0,0.0,nothing,0.0,0
88be08ce93fffff,0.0,0.0,0.0,0.0,1.0,0.0,0.0,4.0,0.0,0.0,0.0,117833.9821167784,0.0,18.0,1.0,0.0,0.0,2.0,0.0,0.0,-34.02629552344515,150.74048851221596,46.72615930388172,0.0,0.0,nothing,0.0,0
88be08ce95fffff,0.0,0.0,0.0,0.0,0.0,0.0,0.0,7.0,0.0,0.0,0.0,1856927.171387295,0.0,35.0,6.0,7504.373177842565,0.0,0.0,0.0,0.0,-34.020199606313625,150.7580150892764,44.97205912166152,0.0,0.0,nothing,0.0,0
88be08ce97fffff,1.0,0.0,1.0,0.0,1.0,0.0,0.0,1.0,0.0,0.0,0.0,682320.0401811993,0.0,31.0,5.0,0.0,0.0,3.0,0.0,0.0,-34.01905013381327,150.7471333039741,45.860567780487834,0.0,0.0,nothing,0.0,0
88be08ce99fffff,0.0,0.0,0.0,0.0,0.0,0.0,1.0,3.0,0.0,0.0,0.0,0.0,0.0,0.0,0.0,0.0,0.0,0.0,1.0,1.0,-34.03584105773429,150.7556096532413,45.8481253790918,0.0,0.0,nothing,0.0,0
88be08ce9bfffff,0.0,0.0,0.0,0.0,0.0,0.0,0.0,2.0,0.0,0.0,0.0,157406.72469065845,0.0,26.0,0.0,3463.5568513119533,0.0,0.0,0.0,0.0,-34.034691249005384,150.7447259111714,46.72001612587739,0.0,0.0,nothing,0.0,0
88be08ce9dfffff,0.0,0.0,0.0,0.0,0.0,0.0,0.0,12.0,0.0,0.0,0.0,792674.7600381435,0.0,15.0,2.0,0.0,0.0,0.0,0.0,0.0,-34.02859480461282,150.76225403923314,44.96575454628871,0.0,0.0,nothing,0.0,0
88be08cea1fffff,0.0,0.0,0.0,1.0,0.0,0.0,0.0,2.0,0.0,0.0,0.0,1991792.576075693,0.0,32.0,4.0,6542.274052478134,0.0,1.0,1.0,0.0,-33.999605668183584,150.78882074627143,41.49505556264623,2.0,2.0,kW,1.0,1
88be08cea3fffff,0.0,0.0,0.0,0.0,0.0,0.0,0.0,0.0,0.0,0.0,0.0,0.0,0.0,8.0,3.0,0.0,0.0,0.0,0.0,0.0,-33.99845904871986,150.77794073041,42.39587374545699,0.0,0.0,nothing,0.0,0
88be08cea5fffff,1.0,0.0,5.0,0.0,1.0,0.0,0.0,0.0,0.0,0.0,0.0,338897.4536895418,0.0,39.0,3.0,4425.655976676385,0.0,24.0,0.0,0.0,-33.99235735566703,150.79545971423218,40.64396200145435,0.0,0.0,nothing,0.0,0
88be08cea7fffff,0.0,0.0,0.0,0.0,0.0,0.0,0.0,0.0,0.0,0.0,0.0,0.0,0.0,5.0,2.0,0.0,0.0,0.0,0.0,0.0,-33.99121137330141,150.7845804441943,41.550862933986174,0.0,0.0,nothing,0.0,0
88be08cea9fffff,0.0,0.0,0.0,0.0,0.0,0.0,0.0,0.0,0.0,0.0,0.0,302872.28791227646,0.0,13.0,2.0,2693.877551020408,0.0,0.0,0.0,0.0,-34.0079998866434,150.79306192138287,41.4637906481215,0.0,0.0,nothing,0.0,0
88be08ceabfffff,0.0,0.0,1.0,0.0,0.0,0.0,0.0,0.0,0.0,0.0,0.0,266317.0494673363,0.0,11.0,0.0,0.0,0.0,0.0,0.0,0.0,-34.0068535698518,150.78218069487795,42.3531866180824,0.0,0.0,nothing,0.0,0
88be08ceadfffff,0.0,0.0,1.0,0.0,0.0,0.0,0.0,0.0,0.0,0.0,0.0,0.0,0.0,0.0,0.0,1154.5189504373177,0.0,1.0,0.0,0.0,-34.000751347815765,150.79970122659782,40.59952050974265,0.0,0.0,nothing,0.0,0
88be08ceb1fffff,0.0,0.0,0.0,0.0,0.0,0.0,0.0,1.0,0.0,0.0,0.0,0.0,0.0,0.0,0.0,2886.2973760932946,0.0,0.0,0.0,0.0,-34.00455811637266,150.76041963766394,44.14794271226432,0.0,0.0,nothing,0.0,0
88be08ceb3fffff,1.0,0.0,1.0,0.0,0.0,0.0,0.0,3.0,0.0,0.0,0.0,198884.47639660013,0.0,26.0,0.0,0.0,0.0,5.0,0.0,0.0,-34.00340898002512,150.7495398084646,45.0526646104712,0.0,0.0,nothing,0.0,0
88be08ceb5fffff,0.0,0.0,0.0,0.0,0.0,0.0,0.0,0.0,0.0,0.0,0.0,10212.321457930986,0.0,0.0,1.0,0.0,0.0,0.0,0.0,0.0,-33.997311489594324,150.76706117976832,43.30164416381769,0.0,0.0,nothing,0.0,0
88be08ceb7fffff,0.0,0.0,0.0,0.0,0.0,0.0,0.0,0.0,0.0,0.0,0.0,0.0,0.0,4.0,0.0,6157.434402332362,0.0,0.0,0.0,0.0,-33.99616299097691,150.75618209510114,44.21206129408144,0.0,0.0,nothing,0.0,0
88be08ceb9fffff,0.0,0.0,0.0,0.0,0.0,0.0,0.0,7.0,0.0,0.0,0.0,6515.735008260503,0.0,28.0,4.0,0.0,0.0,2.0,0.0,0.0,-34.01295316574126,150.76465805303764,44.10687133528901,0.0,0.0,nothing,0.0,0
88be08cebbfffff,0.0,0.0,0.0,0.0,0.0,0.0,0.0,4.0,0.0,0.0,0.0,86867.17589480942,0.0,30.0,0.0,3848.396501457726,0.0,0.0,0.0,0.0,-34.01180433128405,150.753777012428,45.0010439517849,0.0,0.0,nothing,0.0,0
88be08cebdfffff,0.0,0.0,0.0,0.0,0.0,0.0,0.0,1.0,0.0,0.0,0.0,0.0,0.0,12.0,1.0,0.0,0.0,0.0,0.0,0.0,-34.00570631303825,150.77129993338664,43.24801445519744,0.0,0.0,nothing,0.0,0
88be08cec1fffff,0.0,0.0,0.0,0.0,0.0,0.0,0.0,0.0,0.0,0.0,0.0,0.0,0.0,0.0,0.0,384.8396501457726,0.0,0.0,0.0,0.0,-34.040430883121985,150.7991492860701,42.42323668050359,0.0,0.0,nothing,0.0,0
88be08cec3fffff,0.0,0.0,0.0,0.0,0.0,0.0,0.0,2.0,0.0,0.0,0.0,197626.0532732327,0.0,13.0,0.0,384.8396501457726,0.0,0.0,0.0,0.0,-34.03928483854446,150.78826367969194,43.26930850990155,0.0,0.0,nothing,0.0,0
88be08cec5fffff,0.0,0.0,0.0,0.0,0.0,0.0,0.0,0.0,0.0,0.0,0.0,0.0,0.0,13.0,0.0,1154.5189504373177,0.0,0.0,0.0,0.0,-34.03318207847771,150.80579068715485,41.51759453066816,0.0,0.0,nothing,0.0,0
88be08cec7fffff,0.0,0.0,0.0,0.0,0.0,0.0,0.0,0.0,0.0,0.0,0.0,0.0,0.0,0.0,0.0,384.8396501457726,0.0,0.0,0.0,0.0,-34.032036671495284,150.79490582782742,42.36962166860085,0.0,0.0,nothing,0.0,0
88be08cec9fffff,0.0,0.0,0.0,0.0,0.0,0.0,0.0,0.0,0.0,0.0,0.0,0.0,0.0,19.0,3.0,0.0,0.0,0.0,0.0,0.0,-34.048825016119494,150.8033936183148,42.50080341431746,0.0,0.0,nothing,0.0,0
88be08cecdfffff,0.0,0.0,0.0,0.0,0.0,0.0,0.0,2.0,0.0,0.0,0.0,52459.6080121571,0.0,2.0,0.0,384.8396501457726,1.0,0.0,2.0,0.0,-34.041575986236964,150.81003535663555,41.58462492783252,0.0,0.0,nothing,0.0,0
88be08ced1fffff,0.0,0.0,0.0,0.0,0.0,0.0,0.0,0.0,0.0,0.0,0.0,54313.951090303235,0.0,26.0,0.0,962.0991253644316,2.0,0.0,0.0,0.0,-34.045384969015906,150.77073455936548,45.02119258219362,0.0,0.0,nothing,0.0,0
88be08ced3fffff,0.0,0.0,1.0,0.0,0.0,0.0,0.0,1.0,0.0,0.0,0.0,1493004.9549235064,0.0,19.0,4.0,1924.198250728863,1.0,0.0,1.0,0.0,-34.04423640379486,150.7598491378721,45.87528071879727,0.0,0.0,nothing,0.0,0
88be08ced5fffff,0.0,0.0,0.0,0.0,2.0,0.0,0.0,1.0,0.0,0.0,0.0,0.0,0.0,22.0,0.0,1924.198250728863,0.0,2.0,0.0,0.0,-34.03813785267404,150.77737853825715,44.122410117911386,0.0,0.0,nothing,0.0,0
88be08ced7fffff,0.0,0.0,0.0,0.0,0.0,0.0,0.0,1.0,0.0,0.0,0.0,7570.337848437647,0.0,5.0,0.0,2693.877551020408,0.0,0.0,0.0,0.0,-34.03698992568062,150.76649386252168,44.98214041043306,0.0,0.0,nothing,0.0,0
88be08ced9fffff,0.0,0.0,0.0,0.0,0.0,0.0,0.0,1.0,0.0,0.0,0.0,0.0,0.0,20.0,2.0,2886.2973760932946,0.0,0.0,0.0,0.0,-34.05377993411755,150.77497612998806,45.082852796656574,1.0,2.0,5 kW,5.0,1
88be08cedbfffff,0.0,0.0,0.0,0.0,0.0,1.0,0.0,2.0,0.0,0.0,0.0,523474.9862278294,0.0,10.0,4.0,769.6793002915452,1.0,2.0,0.0,0.0,-34.052631671920714,150.76408949613244,45.92464607733303,0.0,0.0,nothing,0.0,0
88be08ceddfffff,0.0,0.0,0.0,0.0,0.0,0.0,0.0,1.0,0.0,0.0,0.0,0.0,0.0,0.0,0.0,962.0991253644316,0.0,0.0,0.0,0.0,-34.046532592923676,150.78162044710777,44.17381576059633,0.0,0.0,nothing,0.0,0
88be08cee1fffff,0.0,0.0,0.0,0.0,0.0,0.0,0.0,0.0,0.0,0.0,0.0,278218.46314622794,0.0,8.0,6.0,0.0,0.0,0.0,0.0,0.0,-34.01753910144876,150.80818687110073,40.585991924170074,0.0,0.0,nothing,0.0,0
88be08cee3fffff,0.0,0.0,0.0,0.0,0.0,0.0,0.0,0.0,0.0,0.0,0.0,66070.17807228012,0.0,0.0,0.0,3848.396501457726,0.0,0.0,0.0,0.0,-34.01639402817976,150.79730396975177,41.45712442501675,0.0,0.0,nothing,0.0,0
88be08cee5fffff,0.0,0.0,0.0,0.0,0.0,0.0,0.0,0.0,0.0,0.0,0.0,0.0,0.0,2.0,0.0,2886.2973760932946,0.0,0.0,0.0,0.0,-34.01028969948232,150.81482576641287,39.702757395311615,0.0,0.0,nothing,0.0,0
88be08cee7fffff,0.0,0.0,0.0,0.0,0.0,0.0,0.0,0.0,0.0,0.0,0.0,99105.26710842016,0.0,0.0,0.0,5772.594752186589,0.0,0.0,0.0,0.0,-34.009145263243376,150.8039436121463,40.58018494955507,0.0,0.0,nothing,0.0,0
88be08cee9fffff,0.0,0.0,0.0,0.0,0.0,0.0,0.0,2.0,0.0,0.0,0.0,0.0,0.0,9.0,1.0,0.0,0.0,0.0,0.0,0.0,-34.02593286193078,150.81243100368434,40.61693136529863,0.0,0.0,nothing,0.0,0
88be08ceebfffff,0.0,0.0,0.0,0.0,0.0,0.0,0.0,0.0,0.0,0.0,0.0,0.0,0.0,1.0,0.0,0.0,0.0,0.0,0.0,0.0,-34.02478809229158,150.80154689160133,41.47506945766455,0.0,0.0,nothing,0.0,0
88be08ceedfffff,0.0,0.0,0.0,0.0,0.0,0.0,0.0,1.0,0.0,0.0,0.0,76141.60181483102,0.0,11.0,0.0,0.0,1.0,0.0,0.0,0.0,-34.01868323399671,150.81907023574593,39.721586411115005,0.0,0.0,nothing,0.0,0
88be08cf01fffff,0.0,0.0,0.0,0.0,0.0,0.0,0.0,1.0,0.0,0.0,0.0,48613.70905124105,0.0,13.0,0.0,0.0,0.0,0.0,0.0,0.0,-33.97972871820494,150.90240294802652,30.93044283696497,0.0,0.0,nothing,0.0,0
88be08cf03fffff,0.0,0.0,0.0,0.0,0.0,0.0,0.0,2.0,0.0,0.0,0.0,364411.4462058672,0.0,9.0,0.0,0.0,0.0,0.0,0.0,0.0,-33.97859216288829,150.89152223958345,31.807723728881378,0.0,0.0,nothing,0.0,0
88be08cf05fffff,0.0,0.0,0.0,0.0,0.0,0.0,0.0,7.0,0.0,0.0,0.0,0.0,177856.0,0.0,0.0,4810.495626822158,1.0,0.0,0.0,0.0,-33.97247368561003,150.9090315906471,30.05312586982367,0.0,0.0,nothing,0.0,0
88be08cf07fffff,1.0,0.0,1.0,0.0,0.0,0.0,0.0,10.0,0.0,0.0,0.0,492273.1723360506,0.0,28.0,4.0,3848.396501457726,2.0,1.0,1.0,0.0,-33.971337764852166,150.898151633179,30.938663465245035,0.0,0.0,nothing,0.0,0
88be08cf09fffff,0.0,0.0,0.0,0.0,0.0,0.0,0.0,1.0,0.0,0.0,0.0,0.0,0.0,6.0,0.0,962.0991253644316,0.0,0.0,0.0,0.0,-33.98811959355514,150.9066551367885,30.955208950505455,0.0,0.0,nothing,0.0,0
88be08cf0bfffff,0.0,0.0,9.0,0.0,0.0,0.0,0.0,7.0,0.0,0.0,0.0,1432460.194167236,0.0,73.0,1.0,0.0,1.0,0.0,1.0,0.0,-33.98698334403219,150.8957732207853,31.81571216601731,0.0,0.0,nothing,0.0,0
88be08cf0dfffff,0.0,0.0,0.0,0.0,0.0,0.0,0.0,0.0,0.0,0.0,0.0,0.0,0.0,0.0,0.0,3848.396501457726,0.0,0.0,0.0,0.0,-33.980864333108535,150.91328411269893,30.06170632288098,0.0,0.0,nothing,0.0,0
88be08cf11fffff,1.0,0.0,0.0,0.0,0.0,1.0,0.0,0.0,0.0,0.0,0.0,158692.6170261872,0.0,5.0,2.0,0.0,1.0,3.0,1.0,0.0,-33.98470802333811,150.87401075986438,33.562287282201815,0.0,0.0,nothing,0.0,0
88be08cf13fffff,0.0,0.0,0.0,0.0,0.0,0.0,0.0,4.0,0.0,0.0,0.0,76049.18435476522,1413342.857142857,26.0,0.0,0.0,0.0,0.0,1.0,0.0,-33.98356895250195,150.86313021645873,34.447059945592606,0.0,0.0,nothing,0.0,0
88be08cf15fffff,0.0,0.0,0.0,0.0,0.0,0.0,0.0,0.0,0.0,0.0,0.0,17018.164552887683,0.0,0.0,0.0,0.0,0.0,0.0,0.0,0.0,-33.97745466732583,150.88064198812583,32.69285967151085,0.0,0.0,nothing,0.0,0
88be08cf17fffff,0.0,0.0,0.0,0.0,0.0,0.0,0.0,1.0,0.0,0.0,0.0,47851.55340782319,0.0,18.0,0.0,0.0,0.0,0.0,0.0,0.0,-33.976316231684976,150.8697621944094,33.58522815222846,0.0,0.0,nothing,0.0,0
88be08cf19fffff,0.0,0.0,6.0,1.0,0.0,0.0,0.0,11.0,1.0,0.0,0.0,536601.2942693399,0.0,35.0,5.0,0.0,0.0,0.0,0.0,0.0,-33.993099737383616,150.87826019901576,33.569746461995024,0.0,0.0,nothing,0.0,0
88be08cf1bfffff,1.0,1.0,6.0,0.0,0.0,0.0,0.0,34.0,0.0,0.0,0.0,490087.825409056,471114.2857142857,45.0,0.0,0.0,3.0,10.0,2.0,1.0,-33.99196097156161,150.8673784472767,34.439459606072305,0.0,0.0,nothing,0.0,0
88be08cf1dfffff,0.0,0.0,1.0,0.0,0.0,0.0,1.0,11.0,0.0,1.0,0.0,409747.37362929166,0.0,30.0,6.0,0.0,1.0,0.0,1.0,0.0,-33.985846153904056,150.88489176155852,32.6849653829333,0.0,0.0,nothing,0.0,0
88be08cf21fffff,0.0,0.0,0.0,0.0,0.0,0.0,0.0,0.0,0.0,0.0,0.0,0.0,355712.0,2.0,0.0,0.0,0.0,0.0,0.0,0.0,-33.956827749782306,150.91140716743624,29.228002206829395,0.0,0.0,nothing,0.0,0
88be08cf23fffff,0.0,0.0,1.0,0.0,1.0,0.0,0.0,4.0,0.0,0.0,0.0,231200.24218955872,3229451.111111111,15.0,2.0,0.0,0.0,1.0,0.0,0.0,-33.955692157714324,150.90052916783634,30.137725222983484,0.0,0.0,nothing,0.0,0
88be08cf25fffff,1.0,0.0,0.0,0.0,0.0,0.0,1.0,1.0,0.0,0.0,0.0,120840.4116133837,4490765.210673531,1.0,1.0,0.0,0.0,0.0,0.0,0.0,-33.94957213378036,150.91803330827534,28.388057301215873,0.0,0.0,nothing,0.0,0
88be08cf27fffff,0.0,0.0,0.0,0.0,1.0,0.0,0.0,3.0,0.0,0.0,0.0,226603.04701005627,1244535.2552552554,24.0,14.0,0.0,1.0,5.0,0.0,0.0,-33.94843717570506,150.90715605967674,29.306306547053985,0.0,0.0,nothing,0.0,0
88be08cf29fffff,0.0,0.0,0.0,0.0,0.0,0.0,0.0,0.0,0.0,0.0,0.0,0.0,2153328.0,0.0,0.0,0.0,0.0,0.0,0.0,0.0,-33.96521824676341,150.91565914873576,29.18447910598814,0.0,0.0,nothing,0.0,0
88be08cf2bfffff,0.0,0.0,0.0,0.0,0.0,0.0,0.0,1.0,0.0,0.0,0.0,0.0,56164.67724867725,5.0,0.0,1924.198250728863,0.0,0.0,0.0,0.0,-33.96408296031155,150.90477994243372,30.078494403560978,0.0,0.0,nothing,0.0,0
88be08cf2dfffff,0.0,0.0,0.0,0.0,0.0,0.0,0.0,4.0,0.0,0.0,0.0,0.0,1511776.0,0.0,0.0,0.0,0.0,0.0,0.0,0.0,-33.957962402181,150.92228562238134,28.32530089490947,0.0,0.0,nothing,0.0,0
88be08cf31fffff,0.0,0.0,1.0,1.0,0.0,0.0,0.0,13.0,0.0,0.0,0.0,6678882.881819576,2768100.9523809524,37.0,0.0,5772.594752186589,1.0,4.0,1.0,0.0,-33.96180956799022,150.88302289826035,31.88790336559753,0.0,0.0,nothing,0.0,0
88be08cf33fffff,0.0,0.0,0.0,0.0,0.0,0.0,0.0,0.0,0.0,0.0,0.0,251181.21047460573,0.0,8.0,1.0,5772.594752186589,1.0,0.0,0.0,0.0,-33.960671462455196,150.87214506190014,32.802114806835775,0.0,0.0,nothing,0.0,0
88be08cf35fffff,0.0,0.0,6.0,0.0,0.0,0.0,0.0,9.0,0.0,0.0,0.0,173618.20040784395,5274770.148148148,40.0,10.0,0.0,2.0,0.0,0.0,0.0,-33.95455562614399,150.8896516243371,31.053851276894935,0.0,0.0,nothing,0.0,0
88be08cf37fffff,0.0,0.0,1.0,0.0,0.0,0.0,0.0,3.0,0.0,0.0,0.0,463468.7432159314,1291780.4444444445,28.0,3.0,962.0991253644316,0.0,0.0,0.0,0.0,-33.95341815523847,150.87877453769391,31.97582849004873,0.0,0.0,nothing,0.0,0
88be08cf39fffff,0.0,0.0,0.0,0.0,0.0,0.0,0.0,0.0,0.0,0.0,0.0,47241.14668447796,107648.37037037038,0.0,0.0,962.0991253644316,0.0,0.0,0.0,0.0,-33.97020090404057,150.88727213214935,31.83181199890352,0.0,0.0,nothing,0.0,0
88be08cf3bfffff,0.0,0.0,0.0,0.0,0.0,0.0,0.0,0.0,0.0,0.0,0.0,0.0,0.0,10.0,0.0,962.0991253644316,0.0,0.0,0.0,3.0,-33.96906310334248,150.8763930883139,32.731946947715194,0.0,0.0,nothing,0.0,0
88be08cf3dfffff,0.0,0.0,0.0,0.0,0.0,0.0,0.0,0.0,0.0,0.0,0.0,0.0,3952233.0264550266,23.0,2.0,5772.594752186589,0.0,0.0,0.0,0.0,-33.962946733998116,150.89390119202338,30.979843634357973,0.0,0.0,nothing,0.0,0
88be08cf43fffff,0.0,0.0,0.0,0.0,0.0,0.0,0.0,0.0,0.0,0.0,0.0,0.0,0.0,0.0,0.0,2886.2973760932946,0.0,0.0,0.0,0.0,-33.9965103904015,150.91090819968755,31.01288371269999,0.0,0.0,nothing,0.0,0
88be08cf47fffff,0.0,0.0,0.0,0.0,0.0,0.0,0.0,0.0,0.0,0.0,0.0,0.0,0.0,0.0,0.0,962.0991253644316,0.0,0.0,0.0,0.0,-33.98925490230576,150.91753750881176,30.104207699303917,0.0,0.0,nothing,0.0,0
88be08cf4bfffff,0.0,0.0,0.0,0.0,0.0,0.0,0.0,0.0,0.0,0.0,0.0,0.0,0.0,0.0,0.0,1924.198250728863,0.0,0.0,0.0,0.0,-34.00490110824267,150.91516213694644,31.103284981342576,0.0,0.0,nothing,0.0,0
88be08cf51fffff,0.0,0.0,0.0,0.0,0.0,0.0,0.0,1.0,0.0,0.0,0.0,0.0,0.0,3.0,9.0,0.0,0.0,0.0,0.0,0.0,-34.002628892840136,150.8933939301772,32.762760420687854,0.0,0.0,nothing,0.0,0
88be08cf53fffff,0.0,0.0,0.0,0.0,0.0,0.0,0.0,14.0,0.0,0.0,0.0,488873.0979239416,0.0,19.0,5.0,0.0,0.0,7.0,0.0,0.0,-34.00149137332025,150.88251051208633,33.60758631463055,0.0,0.0,nothing,0.0,0
88be08cf55fffff,0.0,0.0,0.0,0.0,0.0,0.0,0.0,1.0,0.0,0.0,0.0,30163.902584326912,0.0,40.0,3.0,0.0,0.0,0.0,0.0,0.0,-33.99537444697098,150.9000250759775,31.8557540911767,0.0,0.0,nothing,0.0,0
88be08cf57fffff,0.0,0.0,0.0,0.0,0.0,0.0,0.0,1.0,0.0,0.0,0.0,18476.82685919443,0.0,35.0,4.0,0.0,0.0,0.0,0.0,0.0,-33.99423756257591,150.88914240883474,32.70828755941353,0.0,0.0,nothing,0.0,0
88be08cf59fffff,0.0,0.0,0.0,0.0,0.0,0.0,0.0,0.0,0.0,0.0,0.0,0.0,0.0,1.0,0.0,0.0,0.0,0.0,0.0,0.0,-34.01102014419542,150.89764632580872,32.84822986922718,0.0,0.0,nothing,0.0,0
88be08cf5bfffff,0.0,0.0,0.0,0.0,1.0,0.0,0.0,6.0,0.0,0.0,0.0,8370.408667690588,0.0,0.0,0.0,0.0,0.0,3.0,0.0,0.0,-34.009882930646725,150.88676169929897,33.67570528512724,0.0,0.0,nothing,0.0,0
88be08cf5dfffff,0.0,0.0,0.0,0.0,0.0,0.0,0.0,1.0,0.0,0.0,0.0,14506.387515622351,0.0,2.0,0.0,0.0,0.0,0.0,0.0,0.0,-34.003765471203366,150.90427780538283,31.927729809579414,0.0,0.0,nothing,0.0,0
88be08cf61fffff,0.0,0.0,0.0,0.0,0.0,0.0,0.0,2.0,0.0,0.0,0.0,73891.70220962071,203264.0,1.0,0.0,5772.594752186589,0.0,0.0,0.0,0.0,-33.9747427062966,150.9307928718745,28.30774145280549,0.0,0.0,nothing,0.0,0
88be08cf63fffff,0.0,0.0,0.0,0.0,0.0,0.0,0.0,5.0,0.0,0.0,0.0,192765.91529524984,1149712.0,0.0,0.0,6734.693877551021,0.0,0.0,0.0,0.0,-33.973608666147115,150.91991200379763,29.175893906292696,0.0,0.0,nothing,0.0,0
88be08cf65fffff,0.0,0.0,0.0,0.0,0.0,0.0,0.0,0.0,0.0,0.0,0.0,0.0,0.0,3.0,0.0,0.0,0.0,0.0,0.0,0.0,-33.967485999415175,150.93741892599115,27.421320957424637,0.0,0.0,nothing,0.0,0
88be08cf67fffff,0.0,0.0,0.0,0.0,0.0,0.0,0.0,0.0,0.0,0.0,0.0,0.0,2089808.0,0.0,0.0,0.0,0.0,0.0,0.0,0.0,-33.96635259318684,150.92653881017358,28.298494557384192,0.0,0.0,nothing,0.0,0
88be08cf69fffff,0.0,0.0,0.0,0.0,0.0,0.0,0.0,0.0,0.0,0.0,0.0,0.0,0.0,0.0,0.0,4810.495626822158,0.0,0.0,0.0,0.0,-33.983132741008966,150.93504780770655,28.353007331708195,0.0,0.0,nothing,0.0,0
88be08cf6bfffff,0.0,0.0,0.0,0.0,0.0,0.0,0.0,1.0,0.0,0.0,0.0,74991.20801832505,0.0,0.0,0.0,0.0,0.0,0.0,0.0,0.0,-33.98199900743212,150.9241657328444,29.20227842083281,0.0,0.0,nothing,0.0,0
88be08d083fffff,0.0,0.0,0.0,0.0,0.0,0.0,0.0,6.0,0.0,0.0,0.0,48987.02777962116,0.0,0.0,1.0,0.0,1.0,7.0,0.0,0.0,-34.213514030409385,151.010880812314,42.39982873928745,0.0,0.0,nothing,0.0,0
88be08d091fffff,0.0,0.0,0.0,0.0,0.0,0.0,0.0,0.0,0.0,0.0,0.0,40018.606823580405,0.0,0.0,2.0,0.0,0.0,0.0,0.0,0.0,-34.219644848563334,150.9933261286235,43.72886856844632,0.0,0.0,nothing,0.0,0
88be08d093fffff,0.0,0.0,0.0,0.0,0.0,0.0,0.0,1.0,0.0,0.0,0.0,0.0,0.0,0.0,3.0,384.8396501457726,0.0,1.0,0.0,0.0,-34.21851443115217,150.98241169632405,44.08726620339179,0.0,0.0,nothing,0.0,0
88be08d095fffff,0.0,0.0,1.0,0.0,0.0,1.0,0.0,0.0,0.0,0.0,0.0,3238.545372674166,0.0,0.0,1.0,0.0,0.0,5.0,0.0,0.0,-34.21238520003047,150.99996668788404,42.73331435973548,0.0,0.0,nothing,0.0,0
88be08d099fffff,0.0,0.0,0.0,0.0,0.0,0.0,0.0,0.0,0.0,0.0,0.0,45135.37646724689,0.0,0.0,0.0,0.0,0.0,0.0,0.0,0.0,-34.22803418596432,150.99760012191427,44.3834386411539,0.0,0.0,nothing,0.0,0
88be08d09bfffff,0.0,0.0,0.0,0.0,0.0,0.0,0.0,0.0,0.0,0.0,0.0,138733.76132986197,0.0,5.0,3.0,0.0,0.0,0.0,0.0,0.0,-34.226904081943836,150.98668447716955,44.72512749161185,0.0,0.0,nothing,0.0,0
88be08d09dfffff,0.0,0.0,0.0,0.0,0.0,0.0,0.0,1.0,0.0,0.0,0.0,0.0,0.0,0.0,0.0,0.0,0.0,0.0,0.0,0.0,-34.2207743156361,151.00424101330626,43.3911843813727,0.0,0.0,nothing,0.0,0
88be08d0a5fffff,0.0,0.0,0.0,0.0,0.0,0.0,0.0,4.0,0.0,0.0,0.0,575432.3038149552,0.0,0.0,0.0,0.0,0.0,1.0,0.0,0.0,-34.184468750849874,151.03742908632836,38.4447933996502,0.0,0.0,nothing,0.0,0
88be08d0abfffff,0.0,0.0,0.0,0.0,0.0,0.0,0.0,2.0,0.0,0.0,0.0,0.0,0.0,0.0,0.0,0.0,0.0,0.0,0.0,0.0,-34.19899221732688,151.02415713354176,40.42007995105145,0.0,0.0,nothing,0.0,0
88be08d0adfffff,0.0,0.0,0.0,0.0,0.0,0.0,0.0,1.0,0.0,0.0,0.0,0.0,0.0,0.0,0.0,0.0,0.0,0.0,0.0,0.0,-34.19285666259758,151.04170594789144,39.13590166323954,0.0,0.0,nothing,0.0,0
88be08d0b5fffff,0.0,0.0,0.0,0.0,0.0,0.0,0.0,2.0,0.0,0.0,0.0,0.0,0.0,0.0,0.0,0.0,0.0,0.0,0.0,0.0,-34.18947589729944,151.00897042106988,40.09407009402482,0.0,0.0,nothing,0.0,0
88be08d0bbfffff,0.0,0.0,0.0,0.0,0.0,0.0,0.0,1.0,0.0,0.0,0.0,0.0,0.0,0.0,0.0,0.0,0.0,0.0,0.0,0.0,-34.20399599297204,150.99569324233806,42.089429491485696,0.0,0.0,nothing,0.0,0
88be08d0bdfffff,0.0,0.0,0.0,0.0,0.0,0.0,0.0,1.0,0.0,0.0,0.0,0.0,0.0,0.0,0.0,0.0,0.0,0.0,0.0,0.0,-34.19786465957385,151.01324453018916,40.74452889496942,0.0,0.0,nothing,0.0,0
88be08d137fffff,0.0,0.0,0.0,0.0,0.0,0.0,0.0,7.0,0.0,0.0,0.0,0.0,0.0,0.0,0.0,0.0,0.0,0.0,0.0,0.0,-34.14536889675664,151.12084923528292,31.747195921478433,0.0,0.0,nothing,0.0,0
88be08d183fffff,0.0,0.0,0.0,0.0,0.0,0.0,0.0,1.0,0.0,0.0,0.0,0.0,0.0,0.0,0.0,0.0,1.0,0.0,0.0,0.0,-34.16268046006179,151.05732882628303,35.491870330807586,0.0,0.0,nothing,0.0,0
88be08d185fffff,0.0,0.0,0.0,0.0,0.0,0.0,0.0,1.0,0.0,0.0,0.0,0.0,0.0,0.0,0.0,0.0,0.0,0.0,0.0,0.0,-34.15653967146514,151.07486837174068,34.247340226428285,0.0,0.0,nothing,0.0,0
88be08d18bfffff,0.0,0.0,1.0,0.0,0.0,0.0,0.0,1.0,0.0,0.0,0.0,382835.2513220269,0.0,0.0,0.0,0.0,0.0,7.0,0.0,0.0,-34.171067701517245,151.06160667809235,36.197219239075075,0.0,0.0,nothing,0.0,0
88be08d18dfffff,0.0,0.0,0.0,0.0,0.0,0.0,0.0,4.0,0.0,0.0,0.0,0.0,0.0,0.0,0.0,0.0,0.0,0.0,0.0,0.0,-34.164926374317034,151.07914776184904,34.97792128060396,0.0,0.0,nothing,0.0,0
88be08d19dfffff,0.0,0.0,0.0,0.0,0.0,0.0,0.0,7.0,0.0,0.0,0.0,11652.584773254945,0.0,0.0,0.0,0.0,0.0,2.0,0.0,0.0,-34.169943635111856,151.05069667140594,36.474698832953685,0.0,0.0,nothing,0.0,0
88be08d1b3fffff,0.0,0.0,0.0,0.0,0.0,0.0,0.0,0.0,0.0,0.0,0.0,0.0,0.0,0.0,0.0,0.0,0.0,1.0,0.0,0.0,-34.144780698458206,151.03786938180355,34.466088641516485,0.0,0.0,nothing,0.0,0
88be08d1b5fffff,0.0,0.0,0.0,0.0,0.0,0.0,0.0,1.0,0.0,0.0,0.0,0.0,0.0,0.0,0.0,0.0,0.0,0.0,0.0,0.0,-34.138642569358,151.0554061648143,33.136354408259386,0.0,0.0,nothing,0.0,0
88be08d1bdfffff,0.0,0.0,0.0,0.0,0.0,0.0,0.0,2.0,0.0,0.0,0.0,0.0,0.0,0.0,0.0,0.0,0.0,0.0,0.0,0.0,-34.147029766616505,151.05968258757497,33.81540406876981,0.0,0.0,nothing,0.0,0
88be08d1d3fffff,0.0,0.0,0.0,0.0,0.0,0.0,0.0,5.0,0.0,0.0,0.0,0.0,0.0,0.0,0.0,0.0,0.0,0.0,0.0,0.0,-34.18559408745957,151.04834061671144,38.15468263997357,0.0,0.0,nothing,0.0,0
88be08d1d5fffff,0.0,0.0,0.0,0.0,0.0,0.0,0.0,0.0,0.0,0.0,0.0,0.0,0.0,0.0,0.0,0.0,0.0,1.0,0.0,0.0,-34.179454852137255,151.06588540959982,36.91676084554373,0.0,0.0,nothing,0.0,0
88be08d1d7fffff,0.0,0.0,0.0,0.0,0.0,0.0,0.0,2.0,0.0,0.0,0.0,0.0,0.0,0.0,0.0,0.0,0.0,1.0,0.0,0.0,-34.17833110026053,151.0549741934145,37.175077946218074,0.0,0.0,nothing,0.0,0
88be08d1e1fffff,0.0,0.0,0.0,0.0,0.0,0.0,0.0,7.0,0.0,0.0,0.0,0.0,0.0,0.0,0.0,0.0,0.0,0.0,0.0,0.0,-34.158782418980266,151.09668667316978,33.80575959305171,0.0,0.0,nothing,0.0,0
88be08d1e3fffff,0.0,0.0,0.0,0.0,0.0,0.0,0.0,2.0,0.0,0.0,0.0,0.0,0.0,0.0,0.0,0.0,0.0,0.0,0.0,0.0,-34.15766151976427,151.08577729988244,34.01216683117001,0.0,0.0,nothing,0.0,0
88be08d1e5fffff,0.0,0.0,0.0,0.0,0.0,0.0,0.0,3.0,0.0,0.0,0.0,0.0,0.0,0.0,0.0,0.0,0.0,0.0,0.0,0.0,-34.151516520866586,151.10331435565817,32.85234595838275,0.0,0.0,nothing,0.0,0
88be08d42dfffff,0.0,0.0,0.0,0.0,0.0,0.0,0.0,0.0,0.0,0.0,0.0,548.4870534412698,0.0,0.0,0.0,0.0,0.0,0.0,0.0,0.0,-34.23575014734379,150.91881890166795,48.744693015470105,0.0,0.0,nothing,0.0,0
88be08d465fffff,0.0,0.0,0.0,0.0,0.0,0.0,0.0,0.0,0.0,0.0,0.0,0.0,0.0,0.0,0.0,1994.5054945054944,0.0,0.0,0.0,0.0,-34.24527753083976,150.93400192797102,48.8865696947508,0.0,0.0,nothing,0.0,0
88be08d4a7fffff,0.0,0.0,0.0,0.0,0.0,0.0,0.0,0.0,0.0,0.0,0.0,110844.872528533,0.0,0.0,0.0,384.8396501457726,0.0,0.0,0.0,0.0,-34.21823277238855,150.8272600321665,52.40978472211882,0.0,0.0,nothing,0.0,0
88be08d4a9fffff,0.0,0.0,0.0,0.0,0.0,0.0,0.0,0.0,0.0,0.0,0.0,133367.97752075415,0.0,0.0,0.0,0.0,0.0,0.0,0.0,0.0,-34.23502095045397,150.83577355964252,53.28729707123095,0.0,0.0,nothing,0.0,0
88be08d4abfffff,0.0,0.0,0.0,0.0,0.0,0.0,0.0,0.0,0.0,0.0,0.0,466787.9213226396,0.0,0.0,0.0,0.0,0.0,0.0,0.0,0.0,-34.2338765826784,150.82486160506235,53.8494263049757,0.0,0.0,nothing,0.0,0
88be08d509fffff,0.0,0.0,0.0,0.0,0.0,0.0,0.0,0.0,0.0,0.0,0.0,0.0,0.0,0.0,0.0,1731.778425655977,0.0,0.0,0.0,0.0,-34.21511747855015,150.94967112136405,45.28166934671553,0.0,0.0,nothing,0.0,0
88be08d50dfffff,0.0,0.0,0.0,0.0,0.0,0.0,0.0,0.0,0.0,0.0,0.0,0.0,0.0,0.0,0.0,5131.195335276968,0.0,0.0,0.0,0.0,-34.207860378728654,150.95631471612896,44.27458312480819,0.0,0.0,nothing,0.0,0
88be08d52dfffff,0.0,0.0,0.0,0.0,0.0,0.0,0.0,0.0,0.0,0.0,0.0,0.0,0.0,0.0,0.0,2693.877551020408,0.0,0.0,0.0,0.0,-34.18495491944808,150.96532936877614,41.68348115163053,0.0,0.0,nothing,0.0,0
88be08d541fffff,0.0,0.0,0.0,0.0,0.0,0.0,0.0,0.0,0.0,0.0,0.0,0.0,0.0,0.0,0.0,769.6793002915452,0.0,0.0,0.0,0.0,-34.22464102247293,150.96485454724646,45.468601213970466,0.0,0.0,nothing,0.0,0
88be08d543fffff,0.0,0.0,0.0,0.0,0.0,0.0,0.0,0.0,0.0,0.0,0.0,0.0,0.0,0.0,0.0,1154.5189504373177,0.0,0.0,0.0,0.0,-34.2235080673552,150.953940263596,45.869409994291,0.0,0.0,nothing,0.0,0
88be08d545fffff,0.0,0.0,0.0,0.0,0.0,0.0,0.0,0.0,0.0,0.0,0.0,25608.175676541883,0.0,0.0,1.0,673.469387755102,0.0,0.0,0.0,0.0,-34.21738306356869,150.97149771717184,44.46587538841776,0.0,0.0,nothing,0.0,0
88be08d547fffff,0.0,0.0,0.0,0.0,0.0,0.0,0.0,0.0,0.0,0.0,0.0,0.0,0.0,0.0,0.0,897.9591836734694,0.0,0.0,0.0,0.0,-34.21625074597917,150.96058419193068,44.864183389167145,0.0,0.0,nothing,0.0,0
88be08d549fffff,0.0,0.0,0.0,0.0,0.0,0.0,0.0,0.0,0.0,0.0,0.0,0.0,0.0,0.0,0.0,128.2798833819242,0.0,0.0,0.0,0.0,-34.233031207707825,150.9691257823007,46.08725413474256,0.0,0.0,nothing,0.0,0
88be08d54bfffff,0.0,0.0,0.0,0.0,0.0,0.0,0.0,0.0,0.0,0.0,0.0,0.0,0.0,0.0,0.0,1122.4489795918366,0.0,0.0,0.0,0.0,-34.231898565200964,150.9582102854194,46.47169539425416,0.0,0.0,nothing,0.0,0
88be08d54dfffff,0.0,0.0,0.0,0.0,0.0,0.0,0.0,0.0,0.0,0.0,0.0,17989.70621365705,0.0,0.0,2.0,0.0,0.0,0.0,0.0,0.0,-34.2257730273913,150.97576928535892,45.087009405398625,2.0,2.0,22 kW,22.0,1
88be08d555fffff,0.0,0.0,0.0,0.0,0.0,0.0,0.0,0.0,0.0,0.0,0.0,0.0,0.0,0.0,0.0,192.4198250728863,0.0,0.0,0.0,0.0,-34.22237416220481,150.94302643517122,46.28893554301274,0.0,0.0,nothing,0.0,0
88be08d559fffff,0.0,0.0,0.0,0.0,0.0,0.0,0.0,0.0,0.0,0.0,0.0,0.0,0.0,0.0,0.0,2693.877551020408,0.0,0.0,0.0,0.0,-34.23802146030181,150.94064913170644,47.88061917737813,0.0,0.0,nothing,0.0,0
88be08d55dfffff,0.0,0.0,0.0,0.0,0.0,0.0,0.0,0.0,0.0,0.0,0.0,0.0,0.0,0.0,0.0,2918.3673469387754,0.0,0.0,0.0,0.0,-34.23076497230152,150.94729524355134,46.87489416170459,0.0,0.0,nothing,0.0,0
88be08d561fffff,0.0,0.0,0.0,0.0,0.0,0.0,0.0,3.0,0.0,0.0,0.0,119045.72783536918,0.0,1.0,1.0,3271.137026239067,0.0,0.0,0.0,0.0,-34.201734856003405,150.97386877383164,42.85457751574426,0.0,0.0,nothing,0.0,0
88be08d563fffff,0.0,0.0,0.0,0.0,0.0,0.0,0.0,0.0,0.0,0.0,0.0,0.0,0.0,0.0,0.0,3655.97667638484,0.0,0.0,0.0,0.0,-34.20060286325666,150.96295721955627,43.26768997700796,0.0,0.0,nothing,0.0,0
88be08d565fffff,0.0,0.0,2.0,1.0,0.0,0.0,1.0,3.0,0.0,0.0,0.0,151399.01544429423,0.0,10.0,14.0,0.0,1.0,1.0,1.0,0.0,-34.19447628843646,150.980509427579,41.85024002719737,0.0,0.0,nothing,0.0,0
88be08d567fffff,0.0,0.0,0.0,0.0,0.0,0.0,0.0,0.0,0.0,0.0,0.0,0.0,0.0,0.0,0.0,2693.877551020408,0.0,0.0,0.0,0.0,-34.193344932650525,150.96959863173635,42.26100424406967,0.0,0.0,nothing,0.0,0
88be08d569fffff,0.0,0.0,0.0,0.0,0.0,0.0,0.0,7.0,0.0,1.0,0.0,27574.16207886861,0.0,0.0,2.0,1443.1486880466473,0.0,2.0,0.0,0.0,-34.21012468900465,150.97813979528613,43.46354394221035,0.0,0.0,nothing,0.0,0
88be08d56bfffff,0.0,0.0,1.0,0.0,0.0,0.0,0.0,0.0,0.0,0.0,0.0,230981.27829500532,0.0,0.0,0.0,96.20991253644316,0.0,1.0,0.0,0.0,-34.208993008689774,150.96722702864574,43.85923258362797,0.0,0.0,nothing,0.0,0
88be08d56dfffff,0.0,0.0,0.0,0.0,0.0,0.0,0.0,0.0,0.0,0.0,0.0,0.0,0.0,0.0,6.0,481.04956268221576,0.0,0.0,0.0,0.0,-34.202865899297265,150.98478078168003,42.461635341892695,0.0,0.0,nothing,0.0,0
88be08d59dfffff,0.0,0.0,0.0,0.0,0.0,0.0,0.0,1.0,0.0,0.0,0.0,0.0,0.0,0.0,0.0,0.0,0.0,0.0,0.0,0.0,-34.204875356504445,150.8514740725085,49.81510130345775,0.0,0.0,nothing,0.0,0
88be08d5c3fffff,0.0,0.0,0.0,0.0,0.0,0.0,0.0,2.0,0.0,0.0,0.0,0.0,0.0,0.0,0.0,0.0,0.0,0.0,0.0,0.0,-34.21555078998123,150.87755306710082,49.17077074074726,0.0,0.0,nothing,0.0,0
88be08d5cdfffff,0.0,0.0,0.0,0.0,0.0,0.0,0.0,1.0,0.0,0.0,0.0,986.529105095233,0.0,0.0,0.0,0.0,0.0,0.0,0.0,0.0,-34.217829044618824,150.89937568899467,48.144073538246786,0.0,0.0,nothing,0.0,0
88be08d725fffff,0.0,0.0,0.0,0.0,0.0,0.0,0.0,0.0,0.0,0.0,0.0,6022.265029390404,0.0,0.0,0.0,0.0,0.0,0.0,0.0,0.0,-34.23529364087749,150.99095813804695,45.37653206706694,0.0,0.0,nothing,0.0,0
88be08d727fffff,0.0,0.0,0.0,0.0,0.0,0.0,0.0,0.0,0.0,0.0,0.0,0.0,0.0,0.0,2.0,0.0,0.0,0.0,0.0,0.0,-34.23416289965547,150.98004173343125,45.722044563681195,0.0,0.0,nothing,0.0,0
88be08d733fffff,0.0,0.0,0.0,0.0,0.0,0.0,0.0,0.0,0.0,0.0,0.0,0.0,0.0,0.0,0.0,1375.0,0.0,0.0,0.0,0.0,-34.24641240006297,150.9449184856985,48.47889542692358,0.0,0.0,nothing,0.0,0
88be08d737fffff,0.0,0.0,0.0,0.0,0.0,0.0,0.0,0.0,0.0,0.0,0.0,0.0,0.0,0.0,0.0,3727.574750830565,0.0,0.0,0.0,0.0,-34.23915569123644,150.95156493160025,47.47513409081207,0.0,0.0,nothing,0.0,0
88be08d801fffff,0.0,0.0,2.0,0.0,2.0,0.0,0.0,2.0,0.0,0.0,0.0,3103.1447031346815,0.0,0.0,0.0,0.0,0.0,16.0,0.0,0.0,-34.062067686543955,151.16096296796226,21.898130340569782,0.0,0.0,nothing,0.0,0
88be08d803fffff,0.0,0.0,5.0,3.0,2.0,0.0,0.0,12.0,0.0,1.0,0.0,187417.10323548535,0.0,31.0,12.0,0.0,0.0,23.0,3.0,0.0,-34.06095311421461,151.15006441303538,22.00584852707587,0.0,0.0,nothing,0.0,0
88be08d807fffff,10.0,0.0,65.0,5.0,6.0,6.0,4.0,136.0,1.0,0.0,0.0,626532.3518510453,0.0,40.0,4.0,0.0,4.0,55.0,7.0,0.0,-34.05368383196507,151.1566802028219,21.07643439643434,0.0,0.0,nothing,0.0,0
88be08d80bfffff,0.0,0.0,9.0,0.0,2.0,0.0,0.0,3.0,0.0,0.0,0.0,5159.44747519858,0.0,19.0,9.0,0.0,0.0,41.0,1.0,0.0,-34.06933719642055,151.15434685258165,22.81636005001903,0.0,0.0,nothing,0.0,0
88be08d811fffff,0.0,0.0,0.0,0.0,1.0,0.0,0.0,3.0,0.0,0.0,0.0,1707.3432379221777,0.0,2.0,3.0,0.0,0.0,3.0,1.0,0.0,-34.06710584304193,151.1325486533059,23.111869924902493,0.0,0.0,nothing,0.0,0
88be08d813fffff,0.0,0.0,1.0,0.0,0.0,1.0,0.0,0.0,0.0,0.0,0.0,4059.910142696608,0.0,20.0,11.0,0.0,0.0,4.0,1.0,0.0,-34.0659887468987,151.12165021458685,23.324389198704942,0.0,0.0,nothing,0.0,0
88be08d815fffff,0.0,0.0,3.0,0.0,0.0,0.0,0.0,1.0,0.0,1.0,0.0,0.0,0.0,20.0,12.0,0.0,1.0,0.0,2.0,0.0,-34.059837595670466,151.13916629766717,22.159460996507992,2.0,2.0,11 kW,11.0,1
88be08d817fffff,0.0,0.0,0.0,0.0,0.0,0.0,0.0,0.0,0.0,0.0,0.0,18984.282025899574,123274.7906976744,5.0,14.0,0.0,0.0,3.0,0.0,0.0,-34.05872113107363,151.12826862261946,22.358019839472327,0.0,0.0,nothing,0.0,0
88be08d819fffff,0.0,0.0,0.0,0.0,0.0,0.0,0.0,1.0,0.0,0.0,0.0,0.0,0.0,0.0,5.0,0.0,0.0,6.0,0.0,0.0,-34.07549046761404,151.13682956229712,23.88469390068483,0.0,0.0,nothing,0.0,0
88be08d81bfffff,0.0,0.0,0.0,0.0,0.0,0.0,0.0,3.0,0.0,0.0,0.0,3979.362172815884,0.0,0.0,0.0,0.0,0.0,2.0,0.0,0.0,-34.074373686113795,151.1259299186811,24.069098613596495,0.0,0.0,nothing,0.0,0
88be08d81dfffff,0.0,0.0,1.0,0.0,0.0,0.0,0.0,1.0,0.0,0.0,0.0,379.7025158139851,0.0,2.0,5.0,0.0,0.0,5.0,0.0,0.0,-34.06822199293664,151.14344753289149,22.94220754026712,0.0,0.0,nothing,0.0,0
88be08d821fffff,1.0,0.0,3.0,0.0,1.0,0.0,0.0,1.0,0.0,0.0,0.0,154923.5551601199,0.0,0.0,0.0,0.0,0.0,2.0,0.0,0.0,-34.03914405895204,151.1699085116952,19.24246268211199,0.0,0.0,nothing,0.0,0
88be08d823fffff,2.0,0.0,6.0,0.0,2.0,0.0,0.0,5.0,0.0,0.0,0.0,500097.2391761749,0.0,24.0,7.0,1539.3586005830905,1.0,11.0,0.0,0.0,-34.03803043292932,151.15901269009882,19.33826666755237,0.0,0.0,nothing,0.0,0
88be08d825fffff,0.0,0.0,0.0,0.0,0.0,0.0,0.0,4.0,0.0,0.0,0.0,43937.399031553214,0.0,0.0,0.0,1154.5189504373177,0.0,0.0,0.0,0.0,-34.03187356922292,151.17652103096856,18.340392759330317,0.0,0.0,nothing,0.0,0
88be08d827fffff,0.0,0.0,0.0,0.0,0.0,0.0,0.0,6.0,0.0,0.0,0.0,0.0,0.0,3.0,4.0,1539.3586005830905,1.0,0.0,0.0,0.0,-34.0307605735304,151.1656259743354,18.412949994038097,0.0,0.0,nothing,0.0,0
88be08d82bfffff,4.0,0.0,7.0,0.0,4.0,0.0,0.0,2.0,0.0,0.0,0.0,240358.38756227857,0.0,5.0,0.0,0.0,0.0,21.0,0.0,0.0,-34.04641414670516,151.16329490234412,20.154926822753207,0.0,0.0,nothing,0.0,0
88be08d831fffff,3.0,0.0,4.0,0.0,0.0,1.0,0.0,2.0,0.0,0.0,0.0,95240.33272453552,1779779.7906976745,31.0,19.0,5387.755102040816,2.0,7.0,2.0,0.0,-34.044184687828235,151.14150216882632,20.43838013401719,0.0,0.0,nothing,0.0,0
88be08d833fffff,1.0,0.0,2.0,1.0,0.0,0.0,0.0,7.0,0.0,0.0,0.0,206192.8277256605,2809467.1744186045,33.0,25.0,0.0,1.0,9.0,1.0,0.0,-34.04306854006071,151.13060646167267,20.653403310355618,0.0,0.0,nothing,0.0,0
88be08d835fffff,0.0,0.0,0.0,0.0,0.0,2.0,0.0,1.0,0.0,0.0,0.0,666682.3290717487,0.0,9.0,0.0,2693.877551020408,3.0,0.0,1.0,2.0,-34.036915861442004,151.14811730718617,19.486402095394713,0.0,0.0,nothing,0.0,0
88be08d837fffff,2.0,0.0,3.0,1.0,0.0,1.0,0.0,7.0,0.0,0.0,0.0,810195.4473727249,716534.7209302326,16.0,4.0,1924.198250728863,4.0,8.0,0.0,1.0,-34.03580034465195,151.1372223637187,19.685685382692977,0.0,0.0,nothing,0.0,0
88be08d839fffff,0.0,0.0,4.0,0.0,0.0,0.0,1.0,8.0,0.0,1.0,2.0,157064.47207858623,184912.18604651163,39.0,14.0,4233.236151603499,1.0,9.0,1.0,0.0,-34.05256894451647,151.14578285185777,21.212521900472748,0.0,0.0,nothing,0.0,0
88be08d83bfffff,1.0,0.0,1.0,0.0,0.0,0.0,0.0,2.0,0.0,0.0,0.0,0.0,2211241.5581395347,27.0,12.0,0.0,0.0,6.0,1.0,0.0,-34.05145311121113,151.13488594066837,21.39582021506078,0.0,0.0,nothing,0.0,0
88be08d83dfffff,0.0,0.0,3.0,0.0,0.0,1.0,0.0,4.0,0.0,1.0,0.0,394499.3325622376,0.0,36.0,32.0,0.0,0.0,3.0,0.0,0.0,-34.04529989009705,151.15239831597066,20.271820066216588,0.0,0.0,nothing,0.0,0
88be08d843fffff,0.0,0.0,0.0,0.0,0.0,0.0,0.0,15.0,0.0,0.0,0.0,0.0,0.0,0.0,0.0,0.0,0.0,1.0,0.0,0.0,-34.078835131825855,151.1695311339999,23.585594124283254,0.0,0.0,nothing,0.0,0
88be08d84bfffff,0.0,0.0,0.0,0.0,0.0,0.0,0.0,1.0,0.0,0.0,0.0,0.0,0.0,0.0,0.0,0.0,0.0,0.0,0.0,0.0,-34.08721872152451,151.17381653534207,24.44832230522769,0.0,0.0,nothing,0.0,0
88be08d851fffff,0.0,0.0,11.0,2.0,4.0,1.0,1.0,38.0,0.0,4.0,2.0,91022.8430599068,0.0,6.0,8.0,0.0,1.0,33.0,4.0,0.0,-34.08499052388108,151.15201263890674,24.557670898706228,0.0,0.0,nothing,0.0,0
88be08d853fffff,0.0,0.0,6.0,0.0,1.0,0.0,0.0,11.0,0.0,1.0,1.0,1058994.956388407,0.0,0.0,2.0,0.0,2.0,9.0,0.0,0.0,-34.08387500428784,151.14111134981576,24.67471004930273,0.0,0.0,nothing,0.0,0
88be08d855fffff,0.0,0.0,0.0,0.0,0.0,0.0,0.0,1.0,0.0,0.0,0.0,0.0,0.0,1.0,1.0,0.0,0.0,0.0,0.0,0.0,-34.07772119063216,151.15863017071894,23.642290201006467,0.0,0.0,nothing,0.0,0
88be08d857fffff,0.0,0.0,0.0,0.0,0.0,0.0,0.0,3.0,0.0,0.0,0.0,18275.923183512943,0.0,1.0,0.0,0.0,0.0,3.0,0.0,0.0,-34.07660630250756,151.14772964656382,23.742171327385435,0.0,0.0,nothing,0.0,0
88be08d859fffff,0.0,0.0,1.0,0.0,0.0,0.0,0.0,6.0,0.0,0.0,0.0,3747.892747111531,0.0,0.0,1.0,0.0,0.0,1.0,0.0,0.0,-34.09337465655506,151.15629651014285,25.387210147239436,0.0,0.0,nothing,0.0,0
88be08d881fffff,0.0,1.0,1.0,0.0,0.0,0.0,0.0,4.0,0.0,0.0,0.0,0.0,0.0,2.0,8.0,0.0,0.0,4.0,0.0,0.0,-34.05424581540992,151.0846823408661,23.57512684984736,0.0,0.0,nothing,0.0,0
88be08d883fffff,0.0,0.0,2.0,0.0,0.0,0.0,0.0,5.0,0.0,0.0,0.0,0.0,0.0,1.0,9.0,0.0,0.0,3.0,0.0,0.0,-34.05312462298955,151.07378687884346,23.97706396693746,0.0,0.0,nothing,0.0,0
88be08d885fffff,0.0,0.0,3.0,0.0,0.0,0.0,0.0,3.0,0.0,0.0,0.0,3942.7134194923897,13679.289198606271,5.0,5.0,0.0,0.0,4.0,0.0,0.0,-34.04698032266935,151.091302708888,22.573654743559175,0.0,0.0,nothing,0.0,0
88be08d887fffff,0.0,0.0,1.0,0.0,0.0,0.0,0.0,1.0,0.0,0.0,0.0,19616.55484015403,0.0,17.0,12.0,0.0,0.0,1.0,0.0,0.0,-34.04585976251762,151.08040800799304,22.970715872003773,0.0,0.0,nothing,0.0,0
88be08d889fffff,0.0,0.0,1.0,0.0,0.0,0.0,0.0,0.0,0.0,0.0,0.0,0.0,0.0,0.0,4.0,0.0,1.0,2.0,0.0,0.0,-34.0626317826042,151.08895755124675,24.206647346186234,0.0,0.0,nothing,0.0,0
88be08d88bfffff,0.0,0.0,4.0,0.0,0.0,0.0,0.0,7.0,0.0,0.0,0.0,382520.3773644653,0.0,5.0,9.0,0.0,0.0,1.0,1.0,0.0,-34.06151090309439,151.0780608836106,24.577414568576344,0.0,0.0,nothing,0.0,0
88be08d88dfffff,0.0,0.0,0.0,0.0,0.0,0.0,0.0,0.0,0.0,0.0,0.0,0.0,0.0,0.0,3.0,0.0,0.0,0.0,0.0,0.0,-34.05536606259169,151.0955782470161,23.21051844116801,0.0,0.0,nothing,0.0,0
88be08d891fffff,0.0,0.0,1.0,0.0,0.0,0.0,2.0,11.0,0.0,0.0,0.0,0.0,3288442.8571428573,0.0,1.0,0.0,1.0,20.0,0.0,0.0,-34.059266307937584,151.05626888312074,25.424157851419995,0.0,0.0,nothing,0.0,0
88be08d893fffff,0.0,0.0,0.0,0.0,0.0,0.0,0.0,2.0,0.0,0.0,0.0,0.0,8676430.0,1.0,2.0,0.0,0.0,0.0,0.0,0.0,-34.058142592618225,151.04537355178869,25.896690619408883,0.0,0.0,nothing,0.0,0
88be08d895fffff,0.0,0.0,0.0,0.0,0.0,0.0,0.0,3.0,0.0,0.0,0.0,0.0,2291080.9206349207,0.0,0.0,0.0,0.0,0.0,0.0,0.0,-34.052002485494086,151.06289186170895,24.414484374118665,0.0,0.0,nothing,0.0,0
88be08d897fffff,0.0,0.0,0.0,0.0,0.0,0.0,0.0,4.0,0.0,0.0,0.0,133004.7593204312,8076176.285714285,6.0,6.0,0.0,0.0,1.0,0.0,0.0,-34.05087940308727,151.05199729022317,24.88551521255646,0.0,0.0,nothing,0.0,0
88be08d899fffff,0.0,0.0,3.0,0.0,1.0,0.0,1.0,14.0,0.0,0.0,0.0,68866.25483733382,0.0,0.0,0.0,0.0,1.0,13.0,0.0,1.0,-34.067653127485045,151.06054135331573,25.99094069971443,0.0,0.0,nothing,0.0,0
88be08d89bfffff,0.0,0.0,0.0,0.0,0.0,0.0,0.0,1.0,0.0,0.0,0.0,0.0,354140.0,0.0,0.0,0.0,0.0,0.0,0.0,0.0,-34.06652972429952,151.04964481558363,26.43396333297445,0.0,0.0,nothing,0.0,0
88be08d89dfffff,0.0,0.0,0.0,0.0,0.0,0.0,0.0,7.0,0.0,0.0,0.0,0.0,0.0,0.0,1.0,0.0,0.0,2.0,0.0,0.0,-34.06038907815095,151.06716466064827,24.98382168566476,0.0,0.0,nothing,0.0,0
88be08d8a1fffff,0.0,2.0,2.0,0.0,0.0,0.0,0.0,5.0,0.0,0.0,0.0,521936.3373151311,3528054.2707841597,39.0,17.0,0.0,4.0,7.0,0.0,0.0,-34.03132882770932,151.0936469995228,20.959488105926308,0.0,0.0,nothing,0.0,0
88be08d8a3fffff,1.0,0.0,4.0,1.0,0.0,1.0,1.0,20.0,0.0,3.0,0.0,815007.201318106,8381905.747624042,83.0,11.0,769.6793002915452,14.0,5.0,3.0,1.0,-34.03020858684136,151.08275426469618,21.386451768072448,0.0,0.0,nothing,0.0,0
88be08d8a5fffff,0.0,0.0,2.0,1.0,0.0,0.0,0.0,3.0,0.0,1.0,0.0,574773.9809915223,3840754.6540968865,27.0,11.0,1539.3586005830905,2.0,0.0,1.0,0.0,-34.02406275440659,151.10026486208687,19.954758282326218,0.0,0.0,nothing,0.0,0
88be08d8a7fffff,0.0,0.0,2.0,0.0,0.0,0.0,0.0,11.0,0.0,1.0,0.0,274138.1183530563,8306963.428009441,25.0,5.0,1924.198250728863,4.0,4.0,0.0,0.0,-34.022943145238905,151.0893728884052,20.377521435904185,0.0,0.0,nothing,0.0,0
88be08d8a9fffff,1.0,0.0,1.0,1.0,0.0,0.0,1.0,9.0,0.0,1.0,0.0,295223.7205027064,1492347.1109958673,34.0,9.0,0.0,5.0,11.0,1.0,0.0,-34.03971442538952,151.09792198776825,21.573112700727822,0.0,0.0,nothing,0.0,0
88be08d8abfffff,0.0,0.0,2.0,2.0,0.0,0.0,1.0,6.0,0.0,0.0,0.0,133742.72618947737,3096510.1242740997,44.0,14.0,0.0,2.0,10.0,3.0,0.0,-34.03859449725194,151.08702804818887,21.964834555663604,0.0,0.0,nothing,0.0,0
88be08d8adfffff,2.0,0.0,6.0,3.0,0.0,0.0,0.0,35.0,0.0,1.0,0.0,694805.2403175726,1916934.818766713,89.0,22.0,0.0,8.0,12.0,2.0,0.0,-34.032448124087246,151.10454017759895,20.573637309960706,2.0,2.0,22 kW,22.0,1
88be08d8b1fffff,2.0,1.0,6.0,3.0,0.0,0.0,0.0,21.0,0.0,3.0,0.0,369868.5605491449,3065875.5555555555,59.0,7.0,0.0,4.0,15.0,2.0,0.0,-34.03635180708477,151.065241501177,22.863224499155763,1.0,1.0,22 kW,22.0,1
88be08d8b3fffff,2.0,0.0,15.0,0.0,0.0,3.0,0.0,13.0,0.0,0.0,0.0,1705106.270483833,2806757.777777778,72.0,9.0,0.0,11.0,12.0,1.0,0.0,-34.035229045382216,151.05434889526515,23.36546950167597,0.0,0.0,nothing,0.0,0
88be08d8b5fffff,5.0,1.0,12.0,2.0,0.0,2.0,0.0,37.0,0.0,0.0,0.0,1125284.6006766455,9991510.666666666,83.0,19.0,769.6793002915452,12.0,20.0,4.0,0.0,-34.02908740164662,151.07186197387938,21.85211647752644,0.0,0.0,nothing,0.0,0
88be08d8b7fffff,3.0,2.0,21.0,0.0,0.0,0.0,2.0,18.0,0.0,2.0,0.0,1008944.0952332082,453708.0918367347,92.0,11.0,0.0,2.0,6.0,1.0,0.0,-34.027965272288554,151.06097012783252,22.354061753908457,1.0,2.0,kW,1.0,1
88be08d8b9fffff,0.0,0.0,5.0,0.0,0.0,0.0,0.0,1.0,0.0,0.0,0.0,90921.5258198639,449366.6666666667,2.0,0.0,0.0,0.0,4.0,0.0,0.0,-34.04473825748572,151.0695137514398,23.40496079791091,0.0,0.0,nothing,0.0,0
88be08d8bbfffff,0.0,0.0,5.0,0.0,0.0,0.0,0.0,5.0,0.0,0.0,0.0,127191.47386098331,7405522.444444445,2.0,0.0,0.0,0.0,0.0,0.0,0.0,-34.04361580773722,151.0586199399888,23.87435872638003,0.0,0.0,nothing,0.0,0
88be08d8bdfffff,2.0,0.0,12.0,4.0,0.0,1.0,0.0,31.0,0.0,5.0,0.0,81360.74663123726,8998076.75609756,41.0,9.0,0.0,4.0,39.0,4.0,0.0,-34.03747362442922,151.07613455240497,22.39560823458743,2.0,4.0,22 kW,22.0,1
88be08d8c1fffff,0.0,0.0,0.0,0.0,2.0,0.0,0.0,0.0,0.0,0.0,0.0,5873.708248284371,0.0,0.0,0.0,0.0,0.0,0.0,0.0,0.0,-34.072137283943235,151.1041319564495,24.559559653063772,0.0,0.0,nothing,0.0,0
88be08d8c5fffff,0.0,0.0,0.0,0.0,0.0,0.0,0.0,0.0,0.0,0.0,0.0,0.0,0.0,0.0,0.0,0.0,0.0,3.0,0.0,0.0,-34.06487070466946,151.11075221749627,23.578604673627364,0.0,0.0,nothing,0.0,0
88be08d8cbfffff,0.0,0.0,0.0,0.0,0.0,0.0,0.0,3.0,0.0,0.0,0.0,0.0,0.0,0.0,0.0,0.0,0.0,0.0,0.0,0.0,-34.07940345789084,151.09751060542135,25.542892904795625,0.0,0.0,nothing,0.0,0
88be08d8cdfffff,0.0,0.0,0.0,0.0,1.0,0.0,0.0,0.0,0.0,0.0,0.0,3355.9791274277773,0.0,2.0,7.0,0.0,0.0,3.0,0.0,0.0,-34.07325595816931,151.11503071647792,24.29442995633009,0.0,0.0,nothing,0.0,0
88be08d8d3fffff,0.0,0.0,0.0,0.0,0.0,0.0,0.0,1.0,0.0,0.0,0.0,0.0,0.0,0.0,0.0,0.0,0.0,0.0,0.0,0.0,-34.07603986122773,151.0648147010309,26.58406492240867,0.0,0.0,nothing,0.0,0
88be08d8d9fffff,0.0,0.0,0.0,0.0,0.0,0.0,0.0,1.0,0.0,0.0,0.0,0.0,0.0,0.0,0.0,0.0,0.0,0.0,0.0,0.0,-34.08554834050238,151.07998832300837,26.848059575290353,0.0,0.0,nothing,0.0,0
88be08d8dbfffff,0.0,0.0,0.0,0.0,0.0,0.0,0.0,3.0,0.0,0.0,0.0,0.0,0.0,0.0,0.0,0.0,0.0,0.0,0.0,0.0,-34.0844265086637,151.0690889264891,27.201808441180024,0.0,0.0,nothing,0.0,0
88be08d8e1fffff,0.0,0.0,0.0,0.0,0.0,0.0,1.0,0.0,0.0,0.0,0.0,0.0,455186.6666666666,15.0,7.0,0.0,0.0,0.0,1.0,0.0,-34.04921860767915,151.11309344066012,21.898994502103474,0.0,0.0,nothing,0.0,0
88be08d8e3fffff,0.0,0.0,2.0,0.0,0.0,0.0,0.0,1.0,0.0,0.0,0.0,36608.86243107659,0.0,20.0,10.0,0.0,0.0,2.0,2.0,0.0,-34.04809993777757,151.102197853364,22.215773285922136,0.0,0.0,nothing,0.0,0
88be08d8e5fffff,6.0,1.0,22.0,6.0,1.0,3.0,0.0,43.0,0.0,1.0,0.0,1524957.5552229695,3946358.7093023257,71.0,27.0,0.0,8.0,96.0,9.0,0.0,-34.04195144695672,151.11971119527104,20.91539284190216,0.0,0.0,nothing,0.0,0
88be08d8e7fffff,0.0,0.0,14.0,0.0,0.0,2.0,0.0,17.0,0.0,0.0,0.0,139626.96552843304,2310519.091472869,29.0,9.0,0.0,2.0,21.0,1.0,0.0,-34.04083340867875,151.10881637038256,21.22260733097291,0.0,0.0,nothing,0.0,0
88be08d8e9fffff,0.0,0.0,0.0,0.0,0.0,0.0,0.0,1.0,0.0,0.0,0.0,0.0,0.0,16.0,23.0,0.0,1.0,0.0,1.0,0.0,-34.05760372058648,151.11737138865405,22.60033847968524,0.0,0.0,nothing,0.0,0
88be08d8ebfffff,0.0,0.0,1.0,0.0,0.0,0.0,0.0,1.0,0.0,0.0,0.0,0.0,0.0,2.0,8.0,0.0,0.0,5.0,1.0,0.0,-34.05648536437155,151.10647459653248,22.885024962755015,0.0,0.0,nothing,0.0,0
88be08d8edfffff,1.0,0.0,1.0,1.0,0.0,1.0,0.0,1.0,0.0,0.0,0.0,82277.91196321453,1340613.3488372092,25.0,11.0,0.0,2.0,14.0,3.0,0.0,-34.050336332211224,151.12398947001537,21.625126832121655,0.0,0.0,nothing,0.0,0
88be08d901fffff,0.0,0.0,0.0,1.0,1.0,0.0,0.0,7.0,0.0,0.0,0.0,24260.694428212893,0.0,11.0,10.0,2309.0379008746354,0.0,2.0,2.0,0.0,-34.01116985474503,151.20724524562715,15.792992236514817,0.0,0.0,nothing,0.0,0
88be08d903fffff,1.0,0.0,4.0,0.0,1.0,0.0,0.0,9.0,0.0,0.0,0.0,275952.8598863815,0.0,6.0,4.0,0.0,0.0,9.0,0.0,0.0,-34.01005969335172,151.19635204925592,15.71436640505503,0.0,0.0,nothing,0.0,0
88be08d905fffff,0.0,0.0,2.0,0.0,0.0,0.0,0.0,6.0,0.0,0.0,2.0,17806.95765211478,0.0,5.0,3.0,2309.0379008746354,0.0,0.0,0.0,0.0,-34.00389713317195,151.2138526392735,14.99105126609834,0.0,0.0,nothing,0.0,0
88be08d909fffff,0.0,0.0,0.0,0.0,0.0,0.0,0.0,0.0,0.0,0.0,0.0,22470.395922577532,0.0,0.0,0.0,0.0,0.0,0.0,0.0,0.0,-34.019552022229995,151.21153116005425,16.722894142377463,0.0,0.0,nothing,0.0,0
88be08d90bfffff,0.0,0.0,0.0,0.0,0.0,0.0,0.0,4.0,0.0,0.0,0.0,256841.04313119443,0.0,6.0,4.0,1539.3586005830905,0.0,0.0,0.0,0.0,-34.01844217666655,151.20063676209176,16.617824992320212,0.0,0.0,nothing,0.0,0
88be08d90dfffff,0.0,0.0,0.0,0.0,0.0,0.0,0.0,0.0,0.0,0.0,0.0,0.0,0.0,0.0,3.0,0.0,0.0,0.0,0.0,0.0,-34.012279071137584,151.2181388769801,15.935851174317976,0.0,0.0,nothing,0.0,0
88be08d915fffff,0.0,0.0,1.0,0.0,0.0,0.0,0.0,4.0,0.0,0.0,0.0,0.0,0.0,0.0,0.0,0.0,0.0,0.0,0.0,0.0,-34.00894858711838,151.18545928862787,15.700935948202286,0.0,0.0,nothing,0.0,0
88be08d919fffff,0.0,0.0,0.0,0.0,0.0,0.0,0.0,3.0,0.0,0.0,0.0,75944.57621996956,0.0,2.0,4.0,1154.5189504373177,1.0,3.0,0.0,0.0,-34.02460267803499,151.18313246025747,17.450330067762618,0.0,0.0,nothing,0.0,0
88be08d91bfffff,0.0,0.0,0.0,0.0,0.0,0.0,0.0,0.0,0.0,0.0,0.0,14645.799677184405,0.0,0.0,2.0,0.0,0.0,0.0,0.0,0.0,-34.023490312417486,151.17223816877356,17.497177860952362,0.0,0.0,nothing,0.0,0
88be08d921fffff,0.0,0.0,0.0,0.0,0.0,0.0,0.0,1.0,0.0,0.0,0.0,10079.276056428584,0.0,0.0,0.0,0.0,0.0,0.0,0.0,0.0,-33.98824221831749,151.21617326020976,13.263895279834578,0.0,0.0,nothing,0.0,0
88be08d925fffff,0.0,0.0,0.0,0.0,0.0,0.0,0.0,1.0,0.0,0.0,0.0,0.0,0.0,0.0,0.0,0.0,0.0,0.0,0.0,0.0,-33.980968929239545,151.22277815155778,12.504155160550608,0.0,0.0,nothing,0.0,0
88be08d927fffff,0.0,0.0,0.0,0.0,0.0,0.0,0.0,1.0,0.0,0.0,0.0,10079.276056428584,0.0,0.0,0.0,0.0,0.0,0.0,0.0,0.0,-33.97986033870975,151.2118884548655,12.32125097643354,0.0,0.0,nothing,0.0,0
88be08d92dfffff,0.0,0.0,7.0,0.0,0.0,0.0,0.0,20.0,0.0,0.0,0.0,89817.99999079152,0.0,12.0,0.0,1154.5189504373177,0.0,15.0,1.0,0.0,-33.98935049314056,151.22706415727475,13.472094556915687,1.0,2.0,22 kW,22.0,1
88be08d941fffff,0.0,0.0,0.0,0.0,0.0,0.0,0.0,14.0,0.0,0.0,0.0,0.0,0.0,0.0,0.0,0.0,0.0,0.0,0.0,0.0,-34.02904268656264,151.2267139868982,17.847098606816864,0.0,0.0,nothing,0.0,0
88be08d943fffff,0.0,0.0,0.0,0.0,0.0,0.0,0.0,1.0,0.0,0.0,0.0,0.0,0.0,0.0,0.0,0.0,0.0,0.0,0.0,0.0,-34.0279341028437,151.21581795265584,17.661666525063303,0.0,0.0,nothing,0.0,0
88be08d945fffff,0.0,0.0,0.0,0.0,0.0,0.0,0.0,6.0,0.0,0.0,0.0,35915.842280104654,0.0,0.0,0.0,0.0,0.0,3.0,0.0,0.0,-34.021768877121765,151.23332125951046,17.112216225112494,0.0,0.0,nothing,0.0,0
88be08d94bfffff,0.0,0.0,0.0,0.0,0.0,0.0,0.0,6.0,0.0,0.0,0.0,0.0,0.0,0.0,0.0,0.0,0.0,0.0,0.0,0.0,-34.036316096083986,151.2201056236538,18.60796827713741,0.0,0.0,nothing,0.0,0
88be08d953fffff,0.0,0.0,0.0,0.0,0.0,0.0,0.0,0.0,0.0,0.0,0.0,0.0,0.0,0.0,0.0,0.0,0.0,1.0,0.0,0.0,-34.03298561948562,151.18741652497877,18.32371510084108,0.0,0.0,nothing,0.0,0
88be08d955fffff,0.0,0.0,0.0,0.0,0.0,0.0,0.0,1.0,0.0,0.0,0.0,4334822.026356406,0.0,0.0,0.0,0.0,0.0,0.0,0.0,0.0,-34.02682457340902,151.20492235296027,17.532984593313003,0.0,0.0,nothing,0.0,0
88be08d957fffff,0.0,0.0,0.0,0.0,0.0,0.0,0.0,0.0,0.0,0.0,0.0,941129.451420077,0.0,11.0,4.0,1539.3586005830905,0.0,0.0,0.0,0.0,-34.02571409841918,151.19402718857356,17.46230499743246,0.0,0.0,nothing,0.0,0
88be08d95dfffff,0.0,0.0,0.0,0.0,0.0,0.0,0.0,1.0,0.0,0.0,0.0,10292.727603836363,0.0,0.0,0.0,0.0,0.0,0.0,0.0,0.0,-34.03520688307702,151.20920882208338,18.458106276745767,0.0,0.0,nothing,0.0,0
88be08d963fffff,0.0,0.0,1.0,0.0,1.0,0.0,0.0,23.0,0.0,0.0,0.0,157686.11917255018,0.0,6.0,0.0,0.0,1.0,3.0,0.0,1.0,-34.00500572064919,151.224745503832,15.175443134182188,0.0,0.0,nothing,0.0,0
88be08d965fffff,0.0,0.0,0.0,0.0,0.0,0.0,0.0,11.0,0.0,0.0,0.0,0.0,0.0,1.0,0.0,0.0,0.0,3.0,0.0,0.0,-33.99883898533282,151.24224357141546,14.742157587629388,0.0,0.0,nothing,0.0,0
88be08d96bfffff,0.0,0.0,0.0,0.0,0.0,0.0,0.0,16.0,0.0,0.0,0.0,116005.39398122649,0.0,0.0,0.0,0.0,1.0,1.0,0.0,0.0,-34.01338734236893,151.22903294255332,16.14124046943052,0.0,0.0,nothing,0.0,0
88be08d981fffff,4.0,0.0,5.0,0.0,0.0,0.0,0.0,16.0,0.0,0.0,0.0,528516.2616481036,3693776.3902439023,19.0,15.0,0.0,0.0,38.0,0.0,0.0,-34.003378888992124,151.13100204827123,16.5902770007441,0.0,0.0,nothing,0.0,0
88be08d983fffff,0.0,0.0,2.0,0.0,0.0,0.0,0.0,11.0,0.0,1.0,0.0,164222.49452158323,12382210.338763388,6.0,0.0,0.0,0.0,7.0,0.0,0.0,-34.00226211710645,151.12011191808116,16.94537572563655,0.0,0.0,nothing,0.0,0
88be08d985fffff,0.0,0.0,2.0,1.0,0.0,1.0,1.0,1.0,0.0,0.0,0.0,3957.753410428988,0.0,35.0,15.0,0.0,0.0,4.0,1.0,0.0,-33.99611057533154,151.13761479423866,15.59947039840009,0.0,0.0,nothing,0.0,0
88be08d987fffff,0.0,0.0,0.0,0.0,0.0,0.0,0.0,4.0,0.0,0.0,0.0,781.110674274792,6882585.498154982,18.0,8.0,0.0,0.0,3.0,0.0,0.0,-33.99499443393209,151.1267254264875,15.94435825720634,0.0,0.0,nothing,0.0,0
88be08d989fffff,0.0,0.0,0.0,0.0,0.0,0.0,0.0,0.0,0.0,0.0,0.0,0.0,5372765.658536585,0.0,0.0,0.0,0.0,0.0,0.0,0.0,-34.01176325977507,151.13527954701087,17.271199539698,0.0,0.0,nothing,0.0,0
88be08d98bfffff,0.0,0.0,1.0,0.0,0.0,0.0,0.0,1.0,0.0,0.0,0.0,0.0,8227047.414634146,0.0,1.0,0.0,1.0,3.0,0.0,0.0,-34.01064680121495,151.12438821371603,17.58343938489639,0.0,0.0,nothing,0.0,0
88be08d98dfffff,0.0,0.0,1.0,0.0,0.0,0.0,0.0,1.0,0.0,0.0,0.0,11873.260231286964,0.0,2.0,3.0,0.0,0.0,7.0,0.0,0.0,-34.00449471700691,151.14189261876894,16.29060060450996,0.0,0.0,nothing,0.0,0
88be08d991fffff,1.0,1.0,3.0,1.0,0.0,0.0,1.0,8.0,0.0,0.0,0.0,2985.378703178327,0.0,33.0,8.0,288.6297376093294,1.0,2.0,1.0,0.0,-34.00841105205748,151.10260687044453,18.36049223834095,1.0,1.0,kW,1.0,1
88be08d993fffff,0.0,0.0,1.0,0.0,0.0,0.0,0.0,3.0,0.0,0.0,0.0,0.0,0.0,6.0,2.0,0.0,0.0,1.0,0.0,0.0,-34.007291761785375,151.09171686198806,18.8190016693634,0.0,0.0,nothing,0.0,0
88be08d995fffff,0.0,0.0,1.0,0.0,0.0,0.0,0.0,1.0,0.0,0.0,0.0,6220.158097333384,9757077.088560889,2.0,2.0,0.0,0.0,9.0,0.0,0.0,-34.0011444015122,151.10922222895883,17.3524920846135,0.0,0.0,nothing,0.0,0
88be08d997fffff,0.0,0.0,0.0,0.0,0.0,0.0,0.0,1.0,0.0,0.0,0.0,0.0,0.0,0.0,0.0,0.0,0.0,1.0,0.0,0.0,-34.00002574237196,151.09833298166413,17.808056341628955,0.0,0.0,nothing,0.0,0
88be08d999fffff,1.0,0.0,3.0,0.0,0.0,0.0,0.0,4.0,0.0,0.0,0.0,18326.112952065196,0.0,27.0,20.0,0.0,0.0,10.0,0.0,0.0,-34.01679627786061,151.10688163597314,18.950744117209208,0.0,0.0,nothing,0.0,0
88be08d99bfffff,0.0,0.0,0.0,0.0,0.0,0.0,0.0,4.0,0.0,0.0,0.0,0.0,5222129.161290322,12.0,4.0,0.0,0.0,0.0,0.0,0.0,-34.01567730013868,151.095990423624,19.368853516377065,0.0,0.0,nothing,0.0,0
88be08d99dfffff,0.0,0.0,2.0,0.0,0.0,1.0,0.0,1.0,0.0,0.0,0.0,27109.968067986458,2945960.4540545405,8.0,12.0,0.0,0.0,6.0,0.0,0.0,-34.00952939858826,151.11349732127383,17.94756671326792,0.0,0.0,nothing,0.0,0
88be08d9a1fffff,0.0,0.0,0.0,0.0,0.0,0.0,1.0,2.0,0.0,0.0,0.0,158491.4133199705,855867.3333333334,37.0,10.0,0.0,0.0,6.0,1.0,0.0,-33.9804578645736,151.13994917846688,13.94685929323291,0.0,0.0,nothing,0.0,0
88be08d9a3fffff,0.0,0.0,2.0,0.0,0.0,0.0,0.0,4.0,0.0,0.0,0.0,671880.1453838701,2639566.0714285714,31.0,10.0,0.0,0.0,6.0,0.0,0.0,-33.979342040260626,151.12906177558668,14.331432444054624,0.0,0.0,nothing,0.0,0
88be08d9a5fffff,0.0,0.0,4.0,0.0,0.0,0.0,0.0,8.0,0.0,0.0,0.0,129838.87406113936,7264832.333333334,40.0,9.0,5387.755102040816,0.0,10.0,1.0,0.0,-33.973188979423426,151.1465594222251,12.951080039354528,0.0,0.0,nothing,0.0,0
88be08d9a7fffff,0.0,0.0,3.0,0.0,0.0,0.0,1.0,11.0,1.0,0.0,0.0,218249.81860603177,9737108.111111112,57.0,17.0,2693.877551020408,6.0,11.0,0.0,2.0,-33.97207378502793,151.13567278179866,13.325767532531332,0.0,0.0,nothing,0.0,0
88be08d9a9fffff,1.0,0.0,11.0,0.0,0.0,1.0,0.0,7.0,0.0,0.0,0.0,816524.4634779736,0.0,67.0,9.0,0.0,1.0,7.0,1.0,0.0,-33.9888418607502,151.14422645171095,14.611499998352915,0.0,0.0,nothing,0.0,0
88be08d9abfffff,0.0,0.0,3.0,0.0,1.0,0.0,0.0,18.0,0.0,0.0,0.0,121948.61463051748,0.0,47.0,8.0,0.0,0.0,11.0,1.0,0.0,-33.987726349582154,151.13333784658525,14.944751277267253,0.0,0.0,nothing,0.0,0
88be08d9adfffff,1.0,0.0,0.0,0.0,0.0,0.0,0.0,1.0,0.0,0.0,0.0,315832.2495183688,2933661.0,9.0,8.0,0.0,0.0,0.0,0.0,0.0,-33.981572745765135,151.15083702078078,13.626983942719564,0.0,0.0,nothing,0.0,0
88be08d9b1fffff,1.0,0.0,2.0,2.0,1.0,0.0,0.0,6.0,0.0,0.0,0.0,699478.8822847846,5625213.981272929,40.0,13.0,0.0,2.0,7.0,2.0,0.0,-33.985492497456555,151.11156195702787,15.78636541036356,0.0,0.0,nothing,0.0,0
88be08d9b3fffff,0.0,0.0,4.0,0.0,1.0,0.0,0.0,5.0,0.0,0.0,0.0,151976.78657050917,3798231.187590188,17.0,1.0,0.0,0.0,3.0,1.0,0.0,-33.9843741568237,151.10067467411542,16.285675850428284,0.0,0.0,nothing,0.0,0
88be08d9b5fffff,0.0,0.0,6.0,1.0,3.0,0.0,0.0,9.0,0.0,0.0,0.0,73947.71049576091,4893731.164502164,41.0,5.0,0.0,2.0,5.0,3.0,0.0,-33.978225272988276,151.1181748128997,14.775649487211432,0.0,0.0,nothing,0.0,0
88be08d9b7fffff,0.0,0.0,4.0,3.0,0.0,0.0,1.0,13.0,1.0,3.0,0.0,155689.75267802447,3844547.7932900432,52.0,20.0,769.6793002915452,2.0,7.0,2.0,0.0,-33.97710756291885,151.10728829116536,15.274304582490522,0.0,0.0,nothing,0.0,0
88be08d9b9fffff,0.0,0.0,3.0,0.0,1.0,0.0,0.0,13.0,0.0,0.0,0.0,174315.8574003942,12760456.928268809,16.0,12.0,0.0,0.0,12.0,0.0,0.0,-33.99387734901969,151.11583649925913,16.344920943620792,0.0,0.0,nothing,0.0,0
88be08d9bbfffff,0.0,0.0,0.0,0.0,0.0,0.0,0.0,0.0,0.0,0.0,0.0,48703.79507800456,5147480.9374184655,4.0,7.0,0.0,0.0,2.0,0.0,0.0,-33.99275932075673,151.10494801331342,16.797173235060868,0.0,0.0,nothing,0.0,0
88be08d9bdfffff,0.0,0.0,2.0,0.0,0.0,0.0,0.0,16.0,0.0,1.0,0.0,164171.81316727883,5305619.134258593,19.0,19.0,0.0,1.0,4.0,0.0,0.0,-33.986609895096855,151.12244968143764,15.337864496710676,0.0,0.0,nothing,0.0,0
88be08d9c3fffff,0.0,0.0,0.0,0.0,0.0,0.0,0.0,0.0,0.0,0.0,0.0,0.0,47971.12195121951,0.0,0.0,0.0,0.0,0.0,0.0,0.0,-34.02014754577901,151.1395579229285,17.983151603624144,0.0,0.0,nothing,0.0,0
88be08d9cdfffff,0.0,0.0,0.0,0.0,0.0,0.0,0.0,1.0,0.0,0.0,0.0,0.0,0.0,0.0,0.0,0.0,0.0,0.0,0.0,0.0,-34.022377001727946,151.1613443148833,17.602376250951973,0.0,0.0,nothing,0.0,0
88be08d9d1fffff,0.0,1.0,5.0,0.0,0.0,0.0,0.0,22.0,0.0,0.0,0.0,903538.8651260432,941710.2108527132,36.0,16.0,769.6793002915452,6.0,11.0,3.0,0.0,-34.026299139694686,151.12205013680105,19.241994569198138,4.0,4.0,kW,1.0,1
88be08d9d3fffff,0.0,0.0,4.0,0.0,0.0,0.0,0.0,6.0,0.0,0.0,0.0,768964.9987658778,511429.4325581395,16.0,7.0,1539.3586005830905,0.0,9.0,1.0,0.0,-34.02518141927946,151.1111572784723,19.57539288456643,0.0,0.0,nothing,0.0,0
88be08d9d5fffff,3.0,0.0,1.0,0.0,0.0,0.0,0.0,12.0,0.0,0.0,2.0,120683.49970421346,5324794.536585365,15.0,3.0,769.6793002915452,2.0,9.0,0.0,0.0,-34.01903140084334,151.1286653863858,18.255170249690337,0.0,0.0,nothing,0.0,0
88be08d9d7fffff,0.0,0.0,2.0,2.0,0.0,1.0,0.0,16.0,0.0,0.0,0.0,802142.1074199162,3357978.5365853654,16.0,5.0,769.6793002915452,0.0,17.0,3.0,0.0,-34.01791431148306,151.11777329048053,18.57857881725896,0.0,0.0,nothing,0.0,0
88be08d9d9fffff,0.0,1.0,3.0,0.0,0.0,1.0,0.0,2.0,0.0,1.0,0.0,348286.2630141067,3304295.495348837,33.0,8.0,0.0,2.0,8.0,2.0,0.0,-34.034683882721225,151.12632786045768,19.93458042051077,0.0,0.0,nothing,0.0,0
88be08d9dbfffff,0.0,0.0,1.0,4.0,0.0,1.0,0.0,6.0,0.0,0.0,0.0,614967.7696138636,3543146.3937984505,78.0,12.0,0.0,3.0,2.0,1.0,1.0,-34.033566475812144,151.11543379816413,20.23125405469625,0.0,0.0,nothing,0.0,0
88be08d9ddfffff,0.0,0.0,0.0,0.0,0.0,0.0,0.0,3.0,0.0,0.0,0.0,137942.87968211286,0.0,0.0,0.0,1539.3586005830905,0.0,3.0,0.0,0.0,-34.027415915489655,151.13294343631262,18.956991128213875,0.0,0.0,nothing,0.0,0
88be08d9e3fffff,0.0,0.0,4.0,0.0,1.0,0.0,0.0,1.0,0.0,0.0,0.0,300049.19601846446,0.0,9.0,4.0,0.0,0.0,3.0,0.0,0.0,-33.99722577305586,151.1485046017527,15.314022298194349,0.0,0.0,nothing,0.0,0
88be08da33fffff,0.0,0.0,0.0,0.0,0.0,0.0,0.0,2.0,0.0,0.0,0.0,0.0,0.0,0.0,0.0,0.0,0.0,0.0,0.0,0.0,-34.101758700027275,151.16058126049475,26.229457991922473,0.0,0.0,nothing,0.0,0
88be08da87fffff,0.0,0.0,0.0,0.0,0.0,0.0,0.0,2.0,0.0,0.0,0.0,24448.00901949207,0.0,0.0,2.0,0.0,0.0,0.0,0.0,0.0,-34.104560315535664,151.11034677355755,27.703333889272788,0.0,0.0,nothing,0.0,0
88be08da8dfffff,0.0,0.0,0.0,0.0,0.0,0.0,0.0,3.0,0.0,0.0,0.0,0.0,0.0,0.0,0.0,0.0,0.0,0.0,0.0,0.0,-34.114063806017406,151.12553160062487,28.284733694782428,0.0,0.0,nothing,0.0,0
88be08da95fffff,0.0,0.0,0.0,0.0,0.0,0.0,0.0,1.0,0.0,0.0,0.0,0.0,0.0,0.0,0.0,0.0,0.0,0.0,0.0,0.0,-34.110706818883436,151.09281988836088,28.910680275538112,0.0,0.0,nothing,0.0,0
88be08daa3fffff,0.0,0.0,0.0,0.0,0.0,0.0,0.0,1.0,0.0,0.0,0.0,0.0,0.0,0.0,2.0,0.0,0.0,0.0,0.0,0.0,-34.08890815729059,151.11268917827005,25.995880124751956,0.0,0.0,nothing,0.0,0
88be08daa5fffff,0.0,0.0,2.0,0.0,0.0,1.0,0.0,0.0,0.0,0.0,0.0,3979.362172815884,0.0,0.0,3.0,0.0,1.0,6.0,1.0,0.0,-34.082758537729696,151.13021050115938,24.832609212490112,0.0,0.0,nothing,0.0,0
88be08daa7fffff,0.0,0.0,0.0,0.0,0.0,0.0,0.0,1.0,0.0,0.0,0.0,0.0,0.0,0.0,4.0,0.0,0.0,0.0,0.0,0.0,-34.08164112436903,151.11931009370008,25.030593372171317,0.0,0.0,nothing,0.0,0
88be08daadfffff,0.0,0.0,0.0,0.0,0.0,0.0,0.0,1.0,0.0,0.0,0.0,0.0,0.0,0.0,0.0,0.0,1.0,0.0,0.0,0.0,-34.09114330124428,151.1344919622443,25.6132406957617,0.0,0.0,nothing,0.0,0
88be08dab9fffff,0.0,0.0,0.0,0.0,0.0,0.0,0.0,0.0,0.0,0.0,0.0,0.0,0.0,0.0,3.0,0.0,0.0,0.0,0.0,0.0,-34.10344100506476,151.0994440756929,27.93625308890754,0.0,0.0,nothing,0.0,0
88be08dac1fffff,0.0,0.0,0.0,0.0,0.0,0.0,0.0,1.0,0.0,0.0,0.0,0.0,0.0,0.0,0.0,0.0,0.0,0.0,0.0,0.0,-34.1308337917807,151.13409761121088,29.88422268224727,0.0,0.0,nothing,0.0,0
88be08dac3fffff,0.0,0.0,0.0,0.0,0.0,0.0,0.0,1.0,0.0,0.0,0.0,0.0,0.0,0.0,0.0,0.0,0.0,0.0,0.0,0.0,-34.12971637478795,151.1231908512914,30.01489568250473,0.0,0.0,nothing,0.0,0
88be08dac7fffff,0.0,0.0,0.0,0.0,0.0,0.0,0.0,2.0,0.0,0.0,0.0,0.0,0.0,0.0,0.0,0.0,0.0,0.0,0.0,0.0,-34.122448843905985,151.12981416620096,29.077913631129015,0.0,0.0,nothing,0.0,0
88be08dad9fffff,0.0,0.0,0.0,0.0,0.0,0.0,0.0,8.0,0.0,0.0,0.0,0.0,0.0,0.0,0.0,0.0,0.0,0.0,0.0,0.0,-34.1442502137853,151.1099409461128,31.902504438558847,0.0,0.0,nothing,0.0,0
88be08daddfffff,0.0,0.0,1.0,0.0,0.0,0.0,0.0,23.0,0.0,0.0,0.0,1373062.2372319864,0.0,0.0,0.0,0.0,0.0,0.0,0.0,0.0,-34.13698349825341,151.1165664446263,30.956564496658476,0.0,0.0,nothing,0.0,0
88be08dae9fffff,0.0,0.0,0.0,0.0,0.0,0.0,0.0,1.0,0.0,0.0,0.0,0.0,0.0,0.0,0.0,0.0,0.0,0.0,0.0,0.0,-34.11629705815853,151.1473416193665,28.043418742128623,0.0,0.0,nothing,0.0,0
88be08daebfffff,0.0,0.0,0.0,0.0,0.0,0.0,0.0,2.0,0.0,0.0,0.0,0.0,0.0,0.0,0.0,0.0,0.0,0.0,0.0,0.0,-34.11518090612459,151.13643638944788,28.146087107206903,0.0,0.0,nothing,0.0,0
88be08daedfffff,0.0,0.0,0.0,0.0,0.0,0.0,0.0,2.0,0.0,0.0,0.0,0.0,0.0,0.0,0.0,0.0,0.0,0.0,0.0,0.0,-34.10902808189794,151.1539619857624,27.132744263541476,0.0,0.0,nothing,0.0,0
88be08db37fffff,0.0,0.0,0.0,0.0,0.0,0.0,0.0,7.0,0.0,0.0,0.0,30878.18281150909,0.0,0.0,0.0,0.0,0.0,1.0,0.0,0.0,-34.04358910516835,151.2134961696831,19.39176564362937,0.0,0.0,nothing,0.0,0
88be0a9001fffff,0.0,0.0,0.0,0.0,0.0,0.0,0.0,0.0,0.0,0.0,0.0,0.0,0.0,0.0,0.0,650.2463054187192,0.0,0.0,0.0,0.0,-33.45554084896954,151.212244506646,45.83798987915921,0.0,0.0,nothing,0.0,0
88be0a9003fffff,0.0,0.0,0.0,0.0,0.0,0.0,0.0,0.0,0.0,0.0,0.0,0.0,0.0,0.0,0.0,769.6793002915452,0.0,0.0,0.0,0.0,-33.45443514185275,151.20142275495795,45.965619886109174,0.0,0.0,nothing,0.0,0
88be0a900bfffff,0.0,0.0,0.0,0.0,0.0,0.0,0.0,0.0,0.0,0.0,0.0,0.0,0.0,0.0,0.0,1154.5189504373177,0.0,0.0,0.0,0.0,-33.46281404538032,151.2056798400729,45.03173846259591,0.0,0.0,nothing,0.0,0
88be0a9011fffff,0.0,0.0,0.0,0.0,0.0,0.0,0.0,0.0,0.0,0.0,0.0,0.0,0.0,0.0,0.0,1924.198250728863,0.0,0.0,0.0,0.0,-33.460600467055194,151.18403525437031,45.336594676241106,0.0,0.0,nothing,0.0,0
88be0a9015fffff,0.0,0.0,0.0,0.0,0.0,0.0,0.0,0.0,0.0,0.0,0.0,32258.51219615486,0.0,0.0,0.0,1924.198250728863,0.0,0.0,0.0,0.0,-33.45332851037176,151.19060143295044,46.11517524371432,0.0,0.0,nothing,0.0,0
88be0a9019fffff,0.0,0.0,0.0,0.0,0.0,0.0,0.0,0.0,0.0,0.0,0.0,0.0,0.0,0.0,0.0,962.0991253644316,0.0,0.0,0.0,0.0,-33.4689799201915,151.18829083367706,44.38939475269157,0.0,0.0,nothing,0.0,0
88be0a901bfffff,0.0,0.0,0.0,0.0,0.0,0.0,0.0,0.0,0.0,0.0,0.0,0.0,0.0,0.0,0.0,1924.198250728863,0.0,0.0,0.0,0.0,-33.46787204853203,151.1774680003781,44.56737315958067,0.0,0.0,nothing,0.0,0
88be0a901dfffff,0.0,0.0,0.0,0.0,0.0,0.0,0.0,0.0,0.0,0.0,0.0,608.4579609242418,0.0,0.0,0.0,384.8396501457726,0.0,0.0,0.0,0.0,-33.461707718498054,151.19485733211448,45.173056345815176,0.0,0.0,nothing,0.0,0
88be0a9039fffff,0.0,0.0,0.0,0.0,0.0,0.0,0.0,0.0,0.0,0.0,0.0,0.0,0.0,0.0,0.0,1047.6190476190477,0.0,0.0,0.0,0.0,-33.446056178998276,151.19716653621026,46.902648930023894,0.0,0.0,nothing,0.0,0
88be0a9053fffff,0.0,0.0,0.0,0.0,0.0,0.0,0.0,0.0,0.0,0.0,0.0,0.0,0.0,0.0,0.0,1539.3586005830905,0.0,0.0,0.0,0.0,-33.47735931359426,151.19254727950775,43.44501674298934,0.0,0.0,nothing,0.0,0
88be0a9057fffff,0.0,0.0,0.0,0.0,0.0,0.0,0.0,0.0,0.0,0.0,0.0,0.0,0.0,0.0,0.0,1924.198250728863,0.0,0.0,0.0,0.0,-33.47008686709409,151.1991140977241,44.23392583403063,0.0,0.0,nothing,0.0,0
88be0a905bfffff,0.0,0.0,0.0,0.0,0.0,0.0,0.0,0.0,0.0,0.0,0.0,0.0,316562.5094339623,0.0,0.0,0.0,0.0,0.0,0.0,0.0,-33.485738646763124,151.19680459208004,42.50364962687066,0.0,0.0,nothing,0.0,0
88be0a9097fffff,0.0,0.0,0.0,0.0,0.0,0.0,0.0,0.0,0.0,0.0,0.0,0.0,0.0,0.0,0.0,1924.198250728863,0.0,0.0,0.0,0.0,-33.44444220054154,151.10404641491564,48.06997080066223,0.0,0.0,nothing,0.0,0
88be0a90b3fffff,0.0,0.0,0.0,0.0,0.0,0.0,0.0,0.0,0.0,0.0,0.0,0.0,0.0,0.0,0.0,4714.285714285715,0.0,0.0,0.0,0.0,-33.428793390113064,151.10637168501725,49.72900024717137,0.0,0.0,nothing,0.0,0
88be0a90c7fffff,0.0,0.0,0.0,0.0,0.0,0.0,0.0,0.0,0.0,0.0,0.0,0.0,0.0,0.0,1.0,0.0,0.0,0.0,0.0,0.0,-33.45727316695591,151.1515716098868,45.957989397708126,0.0,0.0,nothing,0.0,0
88be0a90d9fffff,0.0,0.0,0.0,0.0,0.0,0.0,0.0,0.0,0.0,0.0,0.0,0.0,0.0,0.0,0.0,962.0991253644316,0.0,0.0,0.0,0.0,-33.47908119593223,151.13185983257094,43.8187446566144,0.0,0.0,nothing,0.0,0
88be0a90dbfffff,0.0,0.0,0.0,0.0,0.0,0.0,0.0,0.0,0.0,0.0,0.0,0.0,0.0,0.0,0.0,962.0991253644316,0.0,0.0,0.0,0.0,-33.47796838407753,151.121037223441,44.11566047454575,0.0,0.0,nothing,0.0,0
88be0a9203fffff,0.0,0.0,0.0,0.0,0.0,0.0,0.0,0.0,0.0,0.0,0.0,0.0,0.0,0.0,0.0,1154.5189504373177,0.0,0.0,0.0,0.0,-33.513086192660516,151.23124055665932,39.50705224103273,0.0,0.0,nothing,0.0,0
88be0a9207fffff,0.0,0.0,0.0,0.0,0.0,0.0,0.0,1.0,0.0,0.0,0.0,0.0,0.0,0.0,0.0,1731.778425655977,0.0,0.0,0.0,0.0,-33.50581152853933,151.23780713697067,40.34817489418991,0.0,0.0,nothing,0.0,0
88be0a920bfffff,0.0,0.0,0.0,0.0,0.0,0.0,0.0,0.0,0.0,0.0,0.0,0.0,0.0,0.0,0.0,1154.5189504373177,0.0,0.0,0.0,0.0,-33.52146466688883,151.23550371243851,38.60188050024923,0.0,0.0,nothing,0.0,0
88be0a9213fffff,0.0,0.0,0.0,0.0,0.0,0.0,0.0,0.0,0.0,0.0,0.0,0.0,817145.0714285715,0.0,0.0,0.0,0.0,0.0,0.0,0.0,-33.51814932677906,151.20301255882168,38.897441098129754,0.0,0.0,nothing,0.0,0
88be0a9219fffff,0.0,0.0,0.0,0.0,0.0,0.0,0.0,0.0,0.0,0.0,0.0,0.0,24033.678571428572,0.0,0.0,0.0,0.0,0.0,0.0,0.0,-33.52763439158495,151.21810416368862,37.849850215665555,0.0,0.0,nothing,0.0,0
88be0a921bfffff,0.0,0.0,0.0,0.0,0.0,0.0,0.0,3.0,0.0,0.0,0.0,76993.56614248353,6176655.392857143,0.0,1.0,0.0,0.0,0.0,0.0,0.0,-33.526528657536595,151.20727302087818,37.96415450508994,0.0,0.0,nothing,0.0,0
88be0a9221fffff,0.0,0.0,0.0,0.0,0.0,0.0,0.0,0.0,0.0,0.0,0.0,0.0,0.0,0.0,0.0,2275.862068965517,0.0,0.0,0.0,0.0,-33.49126107356306,151.2509370657086,42.052959892844086,0.0,0.0,nothing,0.0,0
88be0a922bfffff,0.0,0.0,0.0,0.0,0.0,0.0,0.0,0.0,0.0,0.0,0.0,0.0,0.0,0.0,0.0,1731.778425655977,0.0,0.0,0.0,0.0,-33.49853648866791,151.2443726399562,41.1969654905893,0.0,0.0,nothing,0.0,0
88be0a9231fffff,0.0,0.0,0.0,0.0,0.0,0.0,0.0,1.0,0.0,0.0,0.0,0.0,0.0,0.0,0.0,0.0,0.0,0.0,0.0,0.0,-33.49632905621468,151.22271684855613,41.331963717086545,0.0,0.0,nothing,0.0,0
88be0a9239fffff,0.0,0.0,0.0,0.0,0.0,0.0,0.0,0.0,0.0,0.0,0.0,0.0,0.0,0.0,0.0,577.2594752186588,0.0,0.0,0.0,0.0,-33.504707655602274,151.22697826877112,40.41718961755192,0.0,0.0,nothing,0.0,0
88be0a9247fffff,0.0,0.0,0.0,0.0,0.0,0.0,0.0,1.0,0.0,0.0,0.0,0.0,0.0,0.0,0.0,0.0,0.0,0.0,0.0,0.0,-33.523670257857546,151.2571666226237,38.53710037201326,0.0,0.0,nothing,0.0,0
88be0a924bfffff,0.0,0.0,0.0,0.0,0.0,0.0,0.0,2.0,0.0,0.0,0.0,0.0,0.0,0.0,0.0,0.0,0.0,0.0,0.0,0.0,-33.53932406906166,151.25486624385923,36.78782313125648,0.0,0.0,nothing,0.0,0
88be0a9251fffff,0.0,0.0,0.0,0.0,0.0,0.0,0.0,1.0,0.0,0.0,0.0,0.0,0.0,0.0,0.0,1346.938775510204,0.0,0.0,0.0,0.0,-33.53711785272717,151.23319944076712,36.85585540354128,0.0,0.0,nothing,0.0,0
88be0a9257fffff,0.0,0.0,0.0,0.0,0.0,0.0,0.0,1.0,0.0,0.0,0.0,0.0,0.0,0.0,0.0,577.2594752186588,0.0,0.0,0.0,0.0,-33.52873919838786,151.22893573575436,37.76241368495167,0.0,0.0,nothing,0.0,0
88be0a9259fffff,0.0,0.0,0.0,0.0,0.0,0.0,0.0,3.0,0.0,0.0,0.0,0.0,0.0,0.0,0.0,0.0,0.0,2.0,0.0,0.0,-33.54549644303197,151.2374640141859,35.95481153058759,0.0,0.0,nothing,0.0,0
88be0a925bfffff,2.0,0.0,8.0,1.0,4.0,1.0,0.0,12.0,0.0,0.0,2.0,377710.31436889496,0.0,9.0,2.0,2886.2973760932946,0.0,10.0,2.0,0.0,-33.54439225036056,151.2266300671483,36.01821176421674,0.0,0.0,nothing,0.0,0
88be0a925dfffff,0.0,0.0,1.0,0.0,0.0,1.0,0.0,6.0,0.0,1.0,2.0,0.0,0.0,0.0,0.0,0.0,0.0,3.0,1.0,0.0,-33.53822142485339,151.24403262854162,36.807901242442185,0.0,0.0,nothing,0.0,0
88be0a9285fffff,0.0,0.0,0.0,0.0,0.0,0.0,0.0,0.0,0.0,0.0,0.0,0.0,779230.7924528302,0.0,0.0,0.0,0.0,0.0,0.0,0.0,-33.499174396647525,151.17284036873417,41.13680286289055,0.0,0.0,nothing,0.0,0
88be0a928dfffff,0.0,0.0,0.0,0.0,1.0,0.0,0.0,0.0,0.0,0.0,0.0,0.0,0.0,0.0,0.0,0.0,0.0,0.0,0.0,0.0,-33.50755446205581,151.17709672056142,40.1792894062331,0.0,0.0,nothing,0.0,0
88be0a92a1fffff,0.0,0.0,0.0,0.0,0.0,0.0,0.0,0.0,0.0,0.0,0.0,0.0,0.0,0.0,0.0,962.0991253644316,0.0,0.0,0.0,0.0,-33.48352319665674,151.17515460965316,42.85072486211911,0.0,0.0,nothing,0.0,0
88be0a92a3fffff,0.0,0.0,0.0,0.0,0.0,0.0,0.0,0.0,0.0,0.0,0.0,0.0,0.0,0.0,0.0,1924.198250728863,0.0,0.0,0.0,0.0,-33.48241408379999,151.16433026579108,43.059006890526824,0.0,0.0,nothing,0.0,0
88be0a92a5fffff,0.0,0.0,0.0,0.0,0.0,0.0,0.0,0.0,0.0,0.0,0.0,0.0,0.0,0.0,0.0,962.0991253644316,0.0,0.0,0.0,0.0,-33.47625174641658,151.18172325955385,43.61511479323685,0.0,0.0,nothing,0.0,0
88be0a92a7fffff,0.0,0.0,0.0,0.0,0.0,0.0,0.0,0.0,0.0,0.0,0.0,0.0,0.0,0.0,0.0,962.0991253644316,0.0,0.0,0.0,0.0,-33.4751432542858,151.1708996708822,43.80800354184931,0.0,0.0,nothing,0.0,0
88be0a92a9fffff,0.0,0.0,0.0,0.0,0.0,0.0,0.0,0.0,0.0,0.0,0.0,0.0,5089351.113207548,0.0,0.0,0.0,0.0,0.0,0.0,0.0,-33.49190307888754,151.1794104151045,41.89591474021351,0.0,0.0,nothing,0.0,0
88be0a92adfffff,0.0,0.0,0.0,0.0,0.0,0.0,0.0,0.0,0.0,0.0,0.0,0.0,1363653.886792453,0.0,0.0,1539.3586005830905,0.0,0.0,0.0,0.0,-33.484631384364256,151.18597938533182,42.665504922963926,0.0,0.0,nothing,0.0,0
88be0a92b7fffff,0.0,0.0,0.0,0.0,0.0,0.0,0.0,0.0,0.0,0.0,0.0,0.0,0.0,0.0,0.0,1924.198250728863,0.0,0.0,0.0,0.0,-33.48019308327774,151.14268287650344,43.54339268249138,0.0,0.0,nothing,0.0,0
88be0a92c5fffff,0.0,0.0,0.0,0.0,0.0,0.0,0.0,0.0,0.0,0.0,0.0,0.0,0.0,0.0,0.0,1539.3586005830905,0.0,0.0,0.0,0.0,-33.51704235973536,151.19218303371966,39.04811378127956,0.0,0.0,nothing,0.0,0
88be0a92c7fffff,0.0,0.0,0.0,0.0,3.0,1.0,0.0,0.0,0.0,0.0,2.0,0.0,0.0,0.0,0.0,0.0,0.0,1.0,0.0,0.0,-33.51593446611991,151.1813539395831,39.22440332736467,0.0,0.0,nothing,0.0,0
88be0a92c9fffff,0.0,0.0,0.0,0.0,0.0,0.0,0.0,0.0,0.0,0.0,0.0,0.0,3422069.885714286,0.0,0.0,0.0,0.0,0.0,0.0,0.0,-33.53269428821383,151.1898709800819,37.32332331971685,0.0,0.0,nothing,0.0,0
88be0a92cdfffff,0.0,0.0,0.0,0.0,0.0,0.0,0.0,0.0,0.0,0.0,0.0,46663.53937725023,7041867.821428572,0.0,2.0,1154.5189504373177,0.0,0.0,0.0,0.0,-33.52542199640171,151.1964423080716,38.10508360735968,0.0,0.0,nothing,0.0,0
88be0a92d7fffff,0.0,0.0,0.0,0.0,0.0,0.0,0.0,1.0,0.0,0.0,0.0,0.0,0.0,0.0,0.0,0.0,0.0,0.0,0.0,0.0,-33.520986084182674,151.15312377184858,38.9284231249131,0.0,0.0,nothing,0.0,0
88be0a92d9fffff,0.0,0.0,0.0,0.0,0.0,0.0,0.0,1.0,0.0,0.0,0.0,0.0,0.0,0.0,0.0,0.0,0.0,0.0,0.0,0.0,-33.53774761281048,151.16163541650772,36.98426414141853,0.0,0.0,nothing,0.0,0
88be0a92e1fffff,0.0,0.0,0.0,0.0,0.0,0.0,0.0,0.0,0.0,0.0,0.0,0.0,5089351.113207548,0.0,0.0,1539.3586005830905,0.0,0.0,0.0,0.0,-33.501390478447654,151.1944942375654,40.77497399122447,0.0,0.0,nothing,0.0,0
88be0a92e3fffff,0.0,0.0,0.0,0.0,0.0,0.0,0.0,0.0,0.0,0.0,0.0,0.0,7670553.113207548,0.0,0.0,0.0,0.0,0.0,0.0,0.0,-33.500282900477835,151.18366708745413,40.94374678684868,0.0,0.0,nothing,0.0,0
88be0a92e5fffff,0.0,0.0,0.0,0.0,0.0,0.0,0.0,0.0,0.0,0.0,0.0,0.0,1388004.849056604,0.0,0.0,0.0,0.0,0.0,0.0,0.0,-33.494117919197734,151.20106277161167,41.56549887128195,0.0,0.0,nothing,0.0,0
88be0a92e7fffff,0.0,0.0,0.0,0.0,0.0,0.0,0.0,1.0,0.0,0.0,0.0,0.0,8352380.056603774,0.0,0.0,769.6793002915452,0.0,0.0,0.0,0.0,-33.49301096187475,151.19023637792972,41.71872530116804,0.0,0.0,nothing,0.0,0
88be0a92e9fffff,0.0,0.0,0.0,0.0,0.0,0.0,0.0,0.0,0.0,0.0,0.0,0.0,0.0,0.0,1.0,0.0,0.0,0.0,0.0,0.0,-33.509769933582575,151.19875296445676,39.83446715977967,0.0,0.0,nothing,0.0,0
88be0a92ebfffff,0.0,0.0,0.0,0.0,0.0,0.0,0.0,0.0,0.0,0.0,0.0,0.0,657475.9811320755,0.0,0.0,384.8396501457726,0.0,0.0,0.0,0.0,-33.50866266092725,151.18792462691985,39.9944106391431,0.0,0.0,nothing,0.0,0
88be0a9411fffff,0.0,0.0,0.0,0.0,0.0,0.0,0.0,0.0,0.0,0.0,0.0,0.0,0.0,0.0,0.0,1924.198250728863,0.0,0.0,0.0,0.0,-33.49583412010346,150.98650479193853,46.23981849467502,0.0,0.0,nothing,0.0,0
88be0a9417fffff,0.0,0.0,0.0,0.0,0.0,0.0,0.0,0.0,0.0,0.0,0.0,0.0,0.0,0.0,0.0,1924.198250728863,0.0,0.0,0.0,0.0,-33.487448682318345,150.98226898902962,47.24786737420046,0.0,0.0,nothing,0.0,0
88be0a9423fffff,0.0,0.0,0.0,0.0,0.0,0.0,0.0,0.0,0.0,0.0,0.0,0.0,0.0,0.0,0.0,1924.198250728863,0.0,0.0,0.0,0.0,-33.46678945296319,151.0128352103199,48.16866277281685,0.0,0.0,nothing,0.0,0
88be0a9439fffff,0.0,0.0,0.0,0.0,0.0,0.0,0.0,0.0,0.0,0.0,0.0,0.0,0.0,0.0,0.0,1924.198250728863,0.0,0.0,0.0,0.0,-33.48131254921735,150.99967214770513,47.17073899473745,0.0,0.0,nothing,0.0,0
88be0a943bfffff,0.0,0.0,0.0,0.0,0.0,0.0,0.0,0.0,0.0,0.0,0.0,0.0,0.0,0.0,0.0,962.0991253644316,0.0,0.0,0.0,0.0,-33.480188330353776,150.98885287683098,47.70569113611893,0.0,0.0,nothing,0.0,0
88be0a943dfffff,0.0,0.0,0.0,0.0,0.0,0.0,0.0,0.0,0.0,0.0,0.0,0.0,0.0,0.0,0.0,3848.396501457726,0.0,0.0,0.0,0.0,-33.474051191503406,151.00625421561213,47.66158179676163,0.0,0.0,nothing,0.0,0
88be0a9481fffff,0.0,0.0,0.0,0.0,0.0,0.0,0.0,0.0,0.0,0.0,0.0,0.0,0.0,0.0,0.0,2915.451895043732,0.0,0.0,0.0,0.0,-33.48294007940099,150.9389933800652,49.59861021753041,0.0,0.0,nothing,0.0,0
88be0a9487fffff,0.0,0.0,0.0,0.0,0.0,0.0,0.0,0.0,0.0,0.0,0.0,0.0,0.0,0.0,0.0,4373.1778425655975,0.0,0.0,0.0,0.0,-33.474553395000754,150.93476320956614,50.6003096892722,0.0,0.0,nothing,0.0,0
88be0a9489fffff,0.0,0.0,0.0,0.0,0.0,0.0,0.0,0.0,0.0,0.0,0.0,0.0,0.0,0.0,0.0,1457.725947521866,0.0,0.0,0.0,0.0,-33.491326708992,150.943224414643,48.597237124658875,0.0,0.0,nothing,0.0,0
88be0a9493fffff,0.0,0.0,0.0,0.0,0.0,0.0,0.0,0.0,0.0,0.0,0.0,646.6316071903095,0.0,0.0,0.0,0.0,0.0,0.0,0.0,0.0,-33.48680453231957,150.89995120727178,51.16734588094997,0.0,0.0,nothing,0.0,0
88be0a949bfffff,0.0,0.0,0.0,0.0,0.0,0.0,0.0,0.0,0.0,0.0,0.0,753.3054900389536,0.0,0.0,0.0,0.0,0.0,0.0,0.0,0.0,-33.49519229388233,150.90417833393633,50.17684120832565,0.0,0.0,nothing,0.0,0
88be0a94bdfffff,0.0,0.0,0.0,0.0,0.0,0.0,0.0,0.0,0.0,0.0,0.0,0.0,0.0,0.0,0.0,1587.3015873015872,0.0,0.0,0.0,0.0,-33.466166656291,150.93053390292724,51.60231577375622,0.0,0.0,nothing,0.0,0
88be0a94c1fffff,0.0,0.0,0.0,0.0,0.0,0.0,0.0,2.0,0.0,0.0,0.0,26322.9470530758,0.0,0.0,0.0,0.0,0.0,0.0,0.0,0.0,-33.500841223021396,150.9582769300577,46.983516004338036,0.0,0.0,nothing,0.0,0
88be0a94d1fffff,0.0,0.0,0.0,0.0,0.0,0.0,0.0,1.0,0.0,0.0,0.0,0.0,0.0,0.0,0.0,0.0,0.0,0.0,0.0,0.0,-33.50584174775133,150.93004680233534,47.86600806691226,0.0,0.0,nothing,0.0,0
88be0a94d5fffff,0.0,0.0,0.0,0.0,0.0,0.0,0.0,0.0,0.0,0.0,0.0,0.0,0.0,0.0,0.0,1457.725947521866,0.0,0.0,0.0,0.0,-33.498584420321826,150.93663614489245,48.22240395652515,0.0,0.0,nothing,0.0,0
88be0a94d9fffff,0.0,0.0,0.0,0.0,0.0,0.0,0.0,0.0,0.0,0.0,0.0,0.0,0.0,0.0,0.0,2915.451895043732,0.0,0.0,0.0,0.0,-33.51422880545899,150.93427804419383,46.87104470818958,0.0,0.0,nothing,0.0,0
88be0a94ddfffff,0.0,0.0,0.0,0.0,0.0,0.0,0.0,0.0,0.0,0.0,0.0,0.0,0.0,0.0,0.0,2915.451895043732,0.0,0.0,0.0,0.0,-33.50697123644813,150.94086771539676,47.224191342404254,0.0,0.0,nothing,0.0,0
88be0a9545fffff,0.0,0.0,0.0,0.0,0.0,0.0,0.0,0.0,0.0,0.0,0.0,0.0,0.0,0.0,0.0,962.0991253644316,0.0,0.0,0.0,0.0,-33.45059362518121,151.0866560374201,47.76033042486744,0.0,0.0,nothing,0.0,0
88be0a954dfffff,0.0,0.0,0.0,0.0,0.0,0.0,0.0,0.0,0.0,0.0,0.0,0.0,0.0,0.0,0.0,2886.2973760932946,0.0,0.0,0.0,0.0,-33.45897580317609,151.09090093046902,46.76377430092813,0.0,0.0,nothing,0.0,0
88be0a9569fffff,0.0,0.0,0.0,0.0,0.0,0.0,0.0,0.0,0.0,0.0,0.0,0.0,0.0,0.0,0.0,1924.198250728863,0.0,0.0,0.0,0.0,-33.44332725696542,151.0932289935978,48.40431513498209,0.0,0.0,nothing,0.0,0
88be0a956dfffff,0.0,0.0,0.0,0.0,0.0,0.0,0.0,0.0,0.0,0.0,0.0,0.0,0.0,0.0,0.0,1047.6190476190477,0.0,0.0,0.0,0.0,-33.43606051177068,151.09980087610012,49.0607020582748,0.0,0.0,nothing,0.0,0
88be0a95c1fffff,0.0,0.0,0.0,0.0,0.0,0.0,0.0,0.0,0.0,0.0,0.0,0.0,0.0,0.0,0.0,1625.615763546798,0.0,0.0,0.0,0.0,-33.45002046575581,151.0043618579829,50.18831697740764,0.0,0.0,nothing,0.0,0
88be0a95c9fffff,0.0,0.0,0.0,0.0,0.0,0.0,0.0,0.0,0.0,0.0,0.0,0.0,0.0,0.0,0.0,3848.396501457726,0.0,0.0,0.0,0.0,-33.45840498695229,151.00859810197736,49.17849404672119,0.0,0.0,nothing,0.0,0
88be0a95cdfffff,0.0,0.0,0.0,0.0,0.0,0.0,0.0,0.0,0.0,0.0,0.0,0.0,0.0,0.0,0.0,1047.6190476190477,0.0,0.0,0.0,0.0,-33.451143111701576,151.01517769790252,49.70090424027182,0.0,0.0,nothing,0.0,0
88be0a9607fffff,0.0,0.0,0.0,0.0,0.0,0.0,0.0,0.0,0.0,0.0,0.0,0.0,0.0,0.0,0.0,962.0991253644316,0.0,0.0,0.0,0.0,-33.54112681231709,151.04017962024886,39.58185297124001,0.0,0.0,nothing,0.0,0
88be0a9611fffff,0.0,0.0,0.0,0.0,0.0,0.0,0.0,0.0,0.0,0.0,0.0,0.0,0.0,0.0,0.0,1924.198250728863,0.0,0.0,0.0,0.0,-33.55453057468727,151.0161796409004,39.1858573251713,0.0,0.0,nothing,0.0,0
88be0a9615fffff,0.0,0.0,0.0,0.0,0.0,0.0,0.0,0.0,0.0,0.0,0.0,0.0,0.0,0.0,0.0,1924.198250728863,0.0,0.0,0.0,0.0,-33.54726828800671,151.0227661407376,39.634259865516825,0.0,0.0,nothing,0.0,0
88be0a961bfffff,0.0,0.0,0.0,0.0,0.0,0.0,0.0,0.0,0.0,0.0,0.0,0.0,0.0,0.0,0.0,962.0991253644316,0.0,0.0,0.0,0.0,-33.56179247715602,151.00959206567296,38.75866713966453,0.0,0.0,nothing,0.0,0
88be0a9621fffff,0.0,0.0,0.0,0.0,0.0,0.0,0.0,0.0,0.0,0.0,0.0,0.0,0.0,0.0,0.0,1924.198250728863,0.0,0.0,0.0,0.0,-33.52659907403818,151.05334574401917,40.616492670763506,0.0,0.0,nothing,0.0,0
88be0a9625fffff,0.0,0.0,0.0,0.0,0.0,0.0,0.0,0.0,0.0,0.0,0.0,0.0,0.0,0.0,0.0,962.0991253644316,0.0,0.0,0.0,0.0,-33.51933463179913,151.05992719303265,41.161351392047855,0.0,0.0,nothing,0.0,0
88be0a962bfffff,0.0,0.0,0.0,0.0,0.0,0.0,0.0,0.0,0.0,0.0,0.0,0.0,0.0,0.0,0.0,962.0991253644316,0.0,0.0,0.0,0.0,-33.53386313438284,151.0467632197878,40.08975216588736,0.0,0.0,nothing,0.0,0
88be0a9639fffff,0.0,0.0,0.0,0.0,0.0,0.0,0.0,0.0,0.0,0.0,0.0,0.0,0.0,0.0,0.0,1924.198250728863,0.0,0.0,0.0,0.0,-33.540005617630264,151.02935156527374,40.10316348557641,0.0,0.0,nothing,0.0,0
88be0a963dfffff,0.0,0.0,0.0,0.0,0.0,0.0,0.0,0.0,0.0,0.0,0.0,0.0,0.0,0.0,0.0,962.0991253644316,0.0,0.0,0.0,0.0,-33.532742564073885,151.0359359145983,40.59185797740559,0.0,0.0,nothing,0.0,0
88be0a9641fffff,0.0,0.0,0.0,0.0,0.0,0.0,0.0,0.0,0.0,0.0,0.0,0.0,0.0,0.0,0.0,1924.198250728863,0.0,0.0,0.0,0.0,-33.567398558643234,151.06374800906144,36.0501693827837,0.0,0.0,nothing,0.0,0
88be0a9645fffff,0.0,0.0,0.0,0.0,0.0,0.0,0.0,0.0,0.0,0.0,0.0,0.0,0.0,0.0,0.0,3848.396501457726,0.0,0.0,0.0,0.0,-33.56013353242337,151.0703318327721,36.57952044074507,0.0,0.0,nothing,0.0,0
88be0a9649fffff,0.0,0.0,0.0,0.0,0.0,0.0,0.0,0.0,0.0,0.0,0.0,0.0,0.0,0.0,0.0,962.0991253644316,0.0,0.0,0.0,0.0,-33.57578226174284,151.06799637380482,35.04026693133224,0.0,0.0,nothing,0.0,0
88be0a965dfffff,0.0,0.0,0.0,0.0,0.0,0.0,0.0,0.0,0.0,0.0,0.0,8460.58380313456,0.0,0.0,0.0,0.0,0.0,0.0,0.0,0.0,-33.57354321385929,151.0463302851069,36.06468707135639,0.0,0.0,nothing,0.0,0
88be0a9669fffff,0.0,0.0,0.0,0.0,0.0,0.0,0.0,0.0,0.0,0.0,0.0,0.0,0.0,0.0,0.0,1924.198250728863,0.0,0.0,0.0,0.0,-33.55286812325964,151.0769145801651,37.128885186045274,0.0,0.0,nothing,0.0,0
88be0a966dfffff,0.0,0.0,0.0,0.0,0.0,0.0,0.0,0.0,0.0,0.0,0.0,3046.1618502107376,0.0,0.0,0.0,2886.2973760932946,0.0,0.0,0.0,0.0,-33.54560233166822,151.08349625133062,37.6973889111005,0.0,0.0,nothing,0.0,0
88be0a9683fffff,0.0,0.0,0.0,0.0,0.0,0.0,0.0,0.0,0.0,0.0,0.0,0.0,0.0,0.0,0.0,2886.2973760932946,0.0,0.0,0.0,0.0,-33.54051793584005,150.95780264551487,43.23665151084816,0.0,0.0,nothing,0.0,0
88be0a9687fffff,0.0,0.0,0.0,0.0,0.0,0.0,0.0,0.0,0.0,0.0,0.0,0.0,0.0,0.0,0.0,962.0991253644316,0.0,0.0,0.0,0.0,-33.533259017316844,150.96439255636656,43.59608537431528,0.0,0.0,nothing,0.0,0
88be0a9691fffff,0.0,0.0,0.0,0.0,0.0,0.0,0.0,0.0,0.0,0.0,0.0,0.0,0.0,0.0,0.0,2915.451895043732,0.0,0.0,0.0,0.0,-33.54664754636815,150.940385227959,43.56848062499239,0.0,0.0,nothing,0.0,0
88be0a9697fffff,0.0,0.0,0.0,0.0,0.0,0.0,0.0,0.0,0.0,0.0,0.0,0.0,0.0,0.0,0.0,1457.725947521866,0.0,0.0,0.0,0.0,-33.53826041809258,150.93615172014006,44.55715253827676,0.0,0.0,nothing,0.0,0
88be0a9699fffff,0.0,0.0,0.0,0.0,0.0,0.0,0.0,0.0,0.0,0.0,0.0,0.0,0.0,0.0,0.0,2915.451895043732,0.0,0.0,0.0,0.0,-33.55503461672711,150.9446196011765,42.580795329511695,0.0,0.0,nothing,0.0,0
88be0a969dfffff,0.0,0.0,0.0,0.0,0.0,0.0,0.0,0.0,0.0,0.0,0.0,0.0,0.0,0.0,0.0,1924.198250728863,0.0,0.0,0.0,0.0,-33.54777646914868,150.9512116604809,42.898055878843664,0.0,0.0,nothing,0.0,0
88be0a96a3fffff,0.0,0.0,0.0,0.0,0.0,0.0,0.0,0.0,0.0,0.0,0.0,0.0,0.0,0.0,0.0,1924.198250728863,0.0,0.0,0.0,0.0,-33.51761360734247,150.96674570707816,44.978084921089035,0.0,0.0,nothing,0.0,0
88be0a96a7fffff,0.0,0.0,0.0,0.0,0.0,0.0,0.0,0.0,0.0,0.0,0.0,0.0,0.0,0.0,0.0,2886.2973760932946,0.0,0.0,0.0,0.0,-33.510354161495734,150.973333142311,45.38002326618803,0.0,0.0,nothing,0.0,0
88be0a96abfffff,0.0,0.0,0.0,0.0,0.0,0.0,0.0,0.0,0.0,0.0,0.0,0.0,0.0,0.0,0.0,1924.198250728863,0.0,0.0,0.0,0.0,-33.52599971409473,150.97098139312422,43.9758467578141,0.0,0.0,nothing,0.0,0
88be0a96b3fffff,0.0,0.0,0.0,0.0,0.0,0.0,0.0,0.0,0.0,0.0,0.0,0.0,0.0,0.0,0.0,2915.451895043732,0.0,0.0,0.0,0.0,-33.522615806952416,150.9385101507187,45.87672235890726,0.0,0.0,nothing,0.0,0
88be0a96bbfffff,0.0,0.0,0.0,0.0,0.0,0.0,0.0,0.0,0.0,0.0,0.0,0.0,0.0,0.0,0.0,2915.451895043732,0.0,0.0,0.0,0.0,-33.531002751731755,150.94274312212892,44.88308447582013,0.0,0.0,nothing,0.0,0
88be0a96cdfffff,0.0,0.0,0.0,0.0,0.0,0.0,0.0,0.0,0.0,0.0,0.0,0.0,0.0,0.0,0.0,1924.198250728863,0.0,0.0,0.0,0.0,-33.560668481619075,150.99876220667835,39.35628835310491,0.0,0.0,nothing,0.0,0
88be0a96d3fffff,0.0,0.0,0.0,0.0,0.0,0.0,0.0,0.0,0.0,0.0,0.0,0.0,0.0,0.0,0.0,1924.198250728863,0.0,0.0,0.0,0.0,-33.56342162866946,150.94885484001165,41.59416784102607,0.0,0.0,nothing,0.0,0
88be0a96d7fffff,0.0,0.0,0.0,0.0,0.0,0.0,0.0,0.0,0.0,0.0,0.0,0.0,0.0,0.0,0.0,1924.198250728863,0.0,0.0,0.0,0.0,-33.55616324078639,150.95544722786076,41.90677341491781,0.0,0.0,nothing,0.0,0
88be0a970dfffff,0.0,0.0,0.0,0.0,0.0,0.0,0.0,0.0,0.0,0.0,0.0,0.0,0.0,0.0,0.0,962.0991253644316,0.0,0.0,0.0,0.0,-33.499771149329185,151.101313511827,42.13840525453036,0.0,0.0,nothing,0.0,0
88be0a9711fffff,0.0,0.0,0.0,0.0,0.0,0.0,0.0,0.0,0.0,0.0,0.0,0.0,0.0,0.0,0.0,1924.198250728863,0.0,0.0,0.0,0.0,-33.50368652836864,151.06226256157012,42.73055858822752,0.0,0.0,nothing,0.0,0
88be0a9715fffff,0.0,0.0,0.0,0.0,0.0,0.0,0.0,0.0,0.0,0.0,0.0,0.0,0.0,0.0,0.0,1924.198250728863,0.0,0.0,0.0,0.0,-33.496421566652465,151.06884153617972,43.307809583649025,0.0,0.0,nothing,0.0,0
88be0a971bfffff,0.0,0.0,0.0,0.0,0.0,0.0,0.0,0.0,0.0,0.0,0.0,0.0,0.0,0.0,0.0,962.0991253644316,0.0,0.0,0.0,0.0,-33.5109511094849,151.0556825121969,42.16966973123584,0.0,0.0,nothing,0.0,0
88be0a9727fffff,0.0,0.0,0.0,0.0,0.0,0.0,0.0,0.0,0.0,0.0,0.0,0.0,0.0,0.0,0.0,962.0991253644316,0.0,0.0,0.0,0.0,-33.46735792411006,151.09514668878057,45.767795157991955,0.0,0.0,nothing,0.0,0
88be0a9735fffff,0.0,0.0,0.0,0.0,0.0,0.0,0.0,0.0,0.0,0.0,0.0,0.0,0.0,0.0,0.0,1924.198250728863,0.0,0.0,0.0,0.0,-33.47350789478167,151.07775114986478,45.510041823406944,0.0,0.0,nothing,0.0,0
88be0a9739fffff,0.0,0.0,0.0,0.0,0.0,0.0,0.0,0.0,0.0,0.0,0.0,0.0,0.0,0.0,0.0,1924.198250728863,0.0,0.0,0.0,0.0,-33.489156224852444,151.0754194361156,43.90077748901654,0.0,0.0,nothing,0.0,0
88be0a973dfffff,0.0,0.0,0.0,0.0,0.0,0.0,0.0,0.0,0.0,0.0,0.0,0.0,0.0,0.0,0.0,962.0991253644316,0.0,0.0,0.0,0.0,-33.48189050348464,151.08199626146765,44.50883434053589,0.0,0.0,nothing,0.0,0
88be0a9743fffff,0.0,0.0,0.0,0.0,0.0,0.0,0.0,0.0,0.0,0.0,0.0,0.0,0.0,0.0,0.0,1924.198250728863,0.0,0.0,0.0,0.0,-33.51542035362399,151.0989853664072,40.50825334202917,0.0,0.0,nothing,0.0,0
88be0a9747fffff,0.0,0.0,0.0,0.0,0.0,0.0,0.0,0.0,0.0,0.0,0.0,0.0,0.0,0.0,0.0,1924.198250728863,0.0,0.0,0.0,0.0,-33.50815328022185,151.1055624104605,41.14193402360996,0.0,0.0,nothing,0.0,0
88be0a974bfffff,0.0,0.0,1.0,0.0,0.0,0.0,0.0,2.0,0.0,0.0,0.0,0.0,0.0,0.0,0.0,0.0,0.0,0.0,0.0,0.0,-33.52380266748988,151.10323480836524,39.50933642819281,0.0,0.0,nothing,0.0,0
88be0a9751fffff,0.0,0.0,2.0,0.0,0.0,0.0,0.0,1.0,0.0,0.0,0.0,0.0,0.0,0.0,0.0,0.0,0.0,0.0,0.0,0.0,-33.5215705006812,151.08158012317512,40.292869388625654,0.0,0.0,nothing,0.0,0
88be0a975dfffff,0.0,0.0,0.0,0.0,0.0,0.0,0.0,4.0,0.0,0.0,0.0,0.0,0.0,0.0,0.0,1924.198250728863,0.0,1.0,0.0,0.0,-33.522687046925526,151.09240724676255,39.89015811423141,0.0,0.0,nothing,0.0,0
88be0a9763fffff,0.0,0.0,0.0,0.0,0.0,0.0,0.0,0.0,0.0,0.0,0.0,0.0,0.0,0.0,0.0,962.0991253644316,0.0,0.0,0.0,0.0,-33.49250393954585,151.1078891574708,42.78373139713852,0.0,0.0,nothing,0.0,0
88be0a9767fffff,0.0,0.0,0.0,0.0,0.0,0.0,0.0,0.0,0.0,0.0,0.0,0.0,0.0,0.0,0.0,1924.198250728863,0.0,0.0,0.0,0.0,-33.48523635095656,151.1144637279786,43.443025148116135,0.0,0.0,nothing,0.0,0
88be0e2001fffff,0.0,0.0,1.0,0.0,0.0,0.0,0.0,4.0,0.0,1.0,0.0,287589.7332953757,2846591.770491803,27.0,12.0,0.0,0.0,6.0,0.0,0.0,-33.74106908292585,151.28576665961558,15.838515411890898,0.0,0.0,nothing,0.0,0
88be0e2003fffff,0.0,0.0,0.0,0.0,0.0,0.0,0.0,1.0,0.0,0.0,0.0,0.0,0.0,21.0,17.0,0.0,0.0,0.0,0.0,0.0,-33.739967671770536,151.27490629534395,15.52760065194996,0.0,0.0,nothing,0.0,0
88be0e2005fffff,0.0,0.0,5.0,0.0,0.0,0.0,0.0,5.0,0.0,0.0,0.0,60611.12543789421,2409217.024576365,20.0,14.0,0.0,0.0,0.0,0.0,0.0,-33.73379139974295,151.2923467346942,16.834118545233377,0.0,0.0,nothing,0.0,0
88be0e2007fffff,0.0,0.0,2.0,1.0,0.0,0.0,0.0,10.0,0.0,0.0,0.0,28984.856798151945,0.0,32.0,10.0,0.0,0.0,1.0,3.0,1.0,-33.732690611514386,151.28148713551892,16.510751237720974,1.0,1.0,kW,1.0,1
88be0e2009fffff,1.0,0.0,16.0,3.0,0.0,4.0,1.0,27.0,0.0,0.0,0.0,544152.2253885256,5132126.344262295,71.0,21.0,0.0,9.0,14.0,3.0,0.0,-33.74944747926406,151.29004705689158,15.203744942951964,5.0,6.0,"22 kW, 6.6 kW, kW",9.866666666666667,1
88be0e200bfffff,0.0,0.0,1.0,0.0,0.0,0.0,0.0,3.0,0.0,0.0,0.0,1004.9517031716616,4142083.326047359,29.0,17.0,0.0,1.0,0.0,1.0,0.0,-33.74834638098502,151.27918550050796,14.845084842902244,0.0,0.0,nothing,0.0,0
88be0e200dfffff,0.0,0.0,1.0,0.0,0.0,0.0,0.0,2.0,1.0,1.0,0.0,0.0,3379645.479549594,10.0,4.0,0.0,1.0,0.0,0.0,0.0,-33.742169558220176,151.29662745054657,16.206984273283787,0.0,0.0,nothing,0.0,0
88be0e2011fffff,0.0,0.0,0.0,0.0,0.0,0.0,0.0,0.0,0.0,0.0,0.0,31381.075333639805,4943952.713477894,6.0,0.0,0.0,1.0,1.0,0.0,0.0,-33.74614137640864,151.2574636700888,14.31741809015938,0.0,0.0,nothing,0.0,0
88be0e2013fffff,0.0,0.0,0.0,0.0,1.0,0.0,0.0,1.0,0.0,0.0,0.0,57270.59991363608,2490058.2914567445,3.0,8.0,192.4198250728863,0.0,0.0,0.0,0.0,-33.74503747042813,151.2466033975637,14.15547680485262,0.0,0.0,nothing,0.0,0
88be0e2015fffff,0.0,0.0,1.0,0.0,0.0,0.0,0.0,0.0,0.0,0.0,0.0,10512.643609275745,0.0,6.0,2.0,0.0,0.0,1.0,1.0,0.0,-33.738865324912354,151.26404635848695,15.277751443675582,0.0,0.0,nothing,0.0,0
88be0e2017fffff,0.0,0.0,0.0,0.0,0.0,0.0,0.0,0.0,0.0,0.0,0.0,0.0,1826595.4932614556,0.0,0.0,0.0,0.0,0.0,0.0,0.0,-33.7377620425097,151.25318684979956,15.091998105755264,0.0,0.0,nothing,0.0,0
88be0e2019fffff,0.0,0.0,1.0,0.0,0.0,0.0,0.0,19.0,1.0,0.0,0.0,275805.6529342709,6536193.9642447205,36.0,12.0,1731.778425655977,2.0,5.0,0.0,0.0,-33.75452063562681,151.2617413633588,13.57387401656701,0.0,0.0,nothing,0.0,0
88be0e201bfffff,0.0,1.0,3.0,0.0,0.0,0.0,0.0,7.0,0.0,0.0,0.0,597905.7701322169,5992874.195305326,26.0,14.0,2020.408163265306,3.0,0.0,0.0,0.0,-33.75341704175232,151.2508798979318,13.364658224173292,0.0,0.0,nothing,0.0,0
88be0e201dfffff,0.0,1.0,0.0,0.0,0.0,0.0,0.0,0.0,0.0,0.0,0.0,0.0,1600700.5626721764,25.0,13.0,0.0,0.0,0.0,0.0,0.0,-33.74724434664711,151.26832437132194,14.548359785959162,0.0,0.0,nothing,0.0,0
88be0e2021fffff,2.0,0.0,19.0,1.0,2.0,0.0,1.0,23.0,0.0,0.0,0.0,419352.0532936502,4143840.501403224,40.0,7.0,0.0,4.0,18.0,1.0,2.0,-33.71813533693268,151.294645564704,18.486286425386048,0.0,0.0,nothing,0.0,0
88be0e2023fffff,1.0,0.0,2.0,0.0,1.0,0.0,0.0,3.0,0.0,0.0,1.0,92930.09169447851,886123.2578238719,2.0,0.0,0.0,0.0,3.0,0.0,0.0,-33.71703485868073,151.28378792206715,18.192161409319425,0.0,0.0,nothing,0.0,0
88be0e2025fffff,2.0,0.0,19.0,2.0,1.0,1.0,0.0,25.0,0.0,1.0,0.0,237070.51012031583,6438793.741547724,52.0,11.0,0.0,4.0,14.0,2.0,0.0,-33.71085712364183,151.30122315390267,19.47773556247841,0.0,0.0,nothing,0.0,0
88be0e2027fffff,0.0,0.0,8.0,0.0,1.0,0.0,0.0,29.0,1.0,1.0,0.0,86556.28647321892,6523220.658593454,19.0,6.0,0.0,0.0,8.0,1.0,0.0,-33.70975726774689,151.29036627636916,19.17194855148749,0.0,0.0,nothing,0.0,0
88be0e2029fffff,0.0,0.0,1.0,0.0,0.0,0.0,0.0,3.0,1.0,0.0,0.0,147879.49166414986,3294550.5479797977,11.0,6.0,0.0,0.0,0.0,0.0,0.0,-33.7265133319537,151.2989257258382,17.83153093769714,0.0,0.0,nothing,0.0,0
88be0e202bfffff,0.0,1.0,1.0,0.0,0.0,1.0,0.0,2.0,0.0,2.0,0.0,108736.74920389548,1347292.3358585858,23.0,20.0,0.0,1.0,3.0,1.0,0.0,-33.72541316639599,151.28806689194084,17.49715312024655,0.0,0.0,nothing,0.0,0
88be0e202dfffff,0.0,0.0,0.0,0.0,0.0,0.0,0.0,0.0,0.0,0.0,0.0,6841.931162843798,2720989.63570016,0.0,0.0,0.0,0.0,1.0,0.0,0.0,-33.71923488007548,151.30550363314188,18.830465649132833,0.0,0.0,nothing,0.0,0
88be0e2031fffff,0.0,0.0,0.0,0.0,0.0,0.0,0.0,1.0,0.0,0.0,0.0,0.0,0.0,0.0,0.0,0.0,0.0,0.0,0.0,0.0,-33.72321002951714,151.2663505039169,16.99090126208704,0.0,0.0,nothing,0.0,0
88be0e2035fffff,2.0,0.0,5.0,0.0,0.0,0.0,0.0,11.0,0.0,0.0,0.0,32743.03294462854,0.0,1.0,0.0,0.0,0.0,12.0,0.0,0.0,-33.715933445477475,151.27293070598594,17.950548873918486,0.0,0.0,nothing,0.0,0
88be0e2037fffff,0.0,0.0,0.0,0.0,0.0,0.0,0.0,6.0,0.0,0.0,0.0,120092.31820488985,0.0,0.0,0.0,96.20991253644316,0.0,1.0,0.0,0.0,-33.71483109748103,151.26207391721502,17.763589312794142,0.0,0.0,nothing,0.0,0
88be0e2039fffff,0.0,0.0,0.0,0.0,0.0,0.0,0.0,1.0,0.0,0.0,0.0,54690.6637864023,0.0,24.0,15.0,0.0,0.0,2.0,1.0,0.0,-33.73158888778077,151.27062796322008,16.244315832223027,0.0,0.0,nothing,0.0,0
88be0e203bfffff,0.0,0.0,1.0,0.0,0.0,0.0,0.0,2.0,0.0,0.0,0.0,4980.545536409709,0.0,1.0,1.0,0.0,0.0,1.0,0.0,0.0,-33.73048622870029,151.25976921855272,16.037647381645485,0.0,0.0,nothing,0.0,0
88be0e203dfffff,0.0,0.0,0.0,0.0,0.0,0.0,0.0,1.0,0.0,0.0,0.0,43614.79642154434,0.0,10.0,4.0,0.0,0.0,2.0,0.0,0.0,-33.724312065531116,151.27720848438216,17.216062429947016,0.0,0.0,nothing,0.0,0
88be0e2041fffff,0.0,0.0,0.0,0.0,0.0,0.0,0.0,2.0,0.0,0.0,0.0,0.0,0.0,0.0,0.0,0.0,0.0,0.0,0.0,0.0,-33.75892564855944,151.30519150242586,15.078096999561971,0.0,0.0,nothing,0.0,0
88be0e2043fffff,1.0,0.0,18.0,0.0,2.0,2.0,0.0,11.0,0.0,1.0,0.0,22115.69354491923,3015137.7122040074,36.0,27.0,0.0,1.0,19.0,2.0,0.0,-33.75782580002754,151.29432832756643,14.61132568180248,0.0,0.0,nothing,0.0,0
88be0e2047fffff,2.0,0.0,3.0,0.0,3.0,0.0,0.0,0.0,0.0,0.0,0.0,452293.42909589293,2098869.5081967213,2.0,0.0,0.0,0.0,4.0,0.0,0.0,-33.75054764132617,151.3009090397173,15.620077012276663,0.0,0.0,nothing,0.0,0
88be0e204bfffff,0.0,0.0,4.0,0.0,1.0,0.0,0.0,13.0,0.0,0.0,0.0,998718.378348038,0.0,16.0,7.0,0.0,0.0,7.0,2.0,0.0,-33.76620404471475,151.29861047185963,14.066611743574288,0.0,0.0,nothing,0.0,0
88be0e2051fffff,0.0,1.0,6.0,0.0,0.0,0.0,0.0,39.0,0.0,1.0,0.0,555195.8837235142,7027602.888888889,63.0,14.0,577.2594752186588,6.0,0.0,0.0,0.0,-33.764002164678885,151.27688301657238,13.20112768460663,2.0,2.0,"22 kW, kW",11.5,1
88be0e2053fffff,2.0,1.0,13.0,4.0,0.0,1.0,0.0,86.0,0.0,1.0,0.0,1992264.780484004,6537551.298955463,56.0,2.0,1443.1486880466473,8.0,3.0,1.0,0.0,-33.76289981966278,151.26601992982918,12.866749955176296,9.0,12.0,"22 kW, kW",11.5,1
88be0e2055fffff,0.0,0.0,12.0,3.0,0.0,0.0,0.0,24.0,0.0,1.0,0.0,394745.51065625105,7781790.187613844,51.0,13.0,0.0,5.0,6.0,1.0,0.0,-33.756725014922765,151.28346557893164,14.201702195656823,0.0,0.0,nothing,0.0,0
88be0e2057fffff,0.0,1.0,4.0,0.0,0.0,0.0,0.0,9.0,2.0,0.0,0.0,17433.143009494735,5428886.586891644,29.0,10.0,1827.98833819242,1.0,0.0,1.0,0.0,-33.755623293403104,151.2726032572772,13.854293415435556,0.0,0.0,nothing,0.0,0
88be0e2059fffff,0.0,0.0,2.0,1.0,0.0,0.0,0.0,3.0,0.0,1.0,0.0,81799.69618717725,1349008.5958702064,39.0,33.0,0.0,1.0,1.0,2.0,0.0,-33.772380959972935,151.28116364942704,12.595229755665123,0.0,0.0,nothing,0.0,0
88be0e205bfffff,4.0,0.0,9.0,3.0,0.0,0.0,1.0,27.0,0.0,0.0,0.0,2072025.142612365,5395724.271386431,39.0,20.0,384.8396501457726,6.0,4.0,3.0,0.0,-33.771278928015064,151.27029936971962,12.202381676157758,0.0,0.0,nothing,0.0,0
88be0e205dfffff,1.0,0.0,6.0,0.0,0.0,0.0,0.0,39.0,0.0,0.0,0.0,319473.22808673023,3494201.777777778,12.0,13.0,0.0,2.0,3.0,0.0,0.0,-33.76510357308226,151.2877465308345,13.603008778134418,0.0,0.0,nothing,0.0,0
88be0e2061fffff,0.0,0.0,0.0,0.0,0.0,0.0,0.0,2.0,0.0,0.0,0.0,27685.07454801135,43644.65656565656,1.0,0.0,0.0,0.0,0.0,0.0,0.0,-33.735990169053295,151.31406721065375,17.638587242551967,0.0,0.0,nothing,0.0,0
88be0e2063fffff,1.0,0.0,28.0,2.0,4.0,0.0,0.0,37.0,0.0,0.0,0.0,413467.1772338713,3109681.78030303,40.0,8.0,0.0,1.0,37.0,4.0,0.0,-33.73489125230851,151.30320675999093,17.211211568456964,1.0,1.0,22 kW,22.0,1
88be0e2067fffff,0.0,0.0,0.0,0.0,0.0,0.0,0.0,0.0,0.0,0.0,0.0,0.0,2030946.5505050505,0.0,0.0,0.0,0.0,0.0,0.0,0.0,-33.72761256204646,151.30978498531917,18.216264016109296,0.0,0.0,nothing,0.0,0
88be0e2069fffff,0.0,0.0,1.0,0.0,0.0,0.0,0.0,5.0,0.0,0.0,0.0,0.0,0.0,0.0,0.0,0.0,0.0,1.0,0.0,0.0,-33.74436770059449,151.31835030936494,17.10113898623787,0.0,0.0,nothing,0.0,0
88be0e206bfffff,0.0,0.0,3.0,0.0,3.0,0.0,0.0,7.0,0.0,0.0,0.0,489971.3879160492,26235.868852459014,5.0,2.0,0.0,0.0,13.0,0.0,0.0,-33.74326909749562,151.3074886673815,16.6291843654557,0.0,0.0,nothing,0.0,0
88be0e206dfffff,0.0,0.0,0.0,0.0,0.0,0.0,0.0,1.0,0.0,0.0,0.0,0.0,0.0,0.0,0.0,0.0,0.0,0.0,0.0,0.0,-33.73708814981983,151.32492808592718,18.112688913045417,0.0,0.0,nothing,0.0,0
88be0e2081fffff,0.0,0.0,1.0,0.0,0.0,0.0,0.0,4.0,0.0,0.0,0.0,0.0,739116.5465465466,10.0,10.0,5387.755102040816,0.0,2.0,0.0,0.0,-33.733339560629496,151.20975311184048,15.025167724143904,0.0,0.0,nothing,0.0,0
88be0e2083fffff,0.0,0.0,0.0,0.0,0.0,0.0,0.0,11.0,0.0,0.0,0.0,0.0,0.0,0.0,0.0,1924.198250728863,0.0,0.0,0.0,0.0,-33.73223160288791,151.1988957553203,15.178608097140604,0.0,0.0,nothing,0.0,0
88be0e2085fffff,1.0,0.0,1.0,0.0,2.0,0.0,0.0,9.0,0.0,0.0,0.0,78608.3710664041,3621671.0780780786,28.0,21.0,384.8396501457726,0.0,4.0,0.0,1.0,-33.726066242081934,151.21633853128975,15.845258908772852,0.0,0.0,nothing,0.0,0
88be0e2087fffff,0.0,0.0,1.0,0.0,0.0,0.0,0.0,1.0,0.0,0.0,0.0,0.0,549058.006006006,0.0,0.0,13661.807580174927,0.0,0.0,0.0,0.0,-33.724958908648254,151.2054819360971,15.958587328891866,0.0,0.0,nothing,0.0,0
88be0e2089fffff,7.0,0.0,17.0,4.0,0.0,1.0,0.0,74.0,0.0,1.0,0.0,780026.8580624161,335602.2222222222,47.0,12.0,0.0,3.0,50.0,5.0,1.0,-33.74172013962315,151.21402515978517,14.102343755022003,2.0,2.0,"22 kW, kW",11.5,1
88be0e208bfffff,0.0,0.0,1.0,0.0,0.0,0.0,0.0,1.0,0.0,1.0,0.0,67226.50526876762,0.0,34.0,13.0,10775.510204081633,0.0,0.0,1.0,0.0,-33.7406124922644,151.20316660963985,14.229750473293954,0.0,0.0,nothing,0.0,0
88be0e208dfffff,0.0,0.0,1.0,0.0,0.0,0.0,0.0,10.0,0.0,1.0,0.0,480031.4062070123,1868908.9819819825,34.0,9.0,1731.778425655977,0.0,4.0,0.0,0.0,-33.73444658362187,151.22061090030272,14.939081803858992,0.0,0.0,nothing,0.0,0
88be0e2091fffff,0.0,0.0,0.0,0.0,0.0,0.0,0.0,4.0,0.0,0.0,0.0,0.0,69992.71428571428,0.0,0.0,0.0,0.0,0.0,0.0,0.0,-33.73839439286906,151.18145080754618,14.692512850236572,0.0,0.0,nothing,0.0,0
88be0e2093fffff,0.0,0.0,0.0,0.0,0.0,0.0,0.0,1.0,0.0,0.0,0.0,51131.19509651889,859564.9239766082,4.0,10.0,0.0,0.0,0.0,1.0,1.0,-33.73728394115252,151.17059355710566,15.02145778516044,0.0,0.0,nothing,0.0,0
88be0e2095fffff,0.0,0.0,0.0,0.0,0.0,0.0,0.0,3.0,0.0,0.0,0.0,0.0,0.0,0.0,0.0,0.0,0.0,0.0,0.0,0.0,-33.73112271055687,151.1880388314961,15.397386577600786,0.0,0.0,nothing,0.0,0
88be0e2097fffff,0.0,0.0,1.0,0.0,0.0,0.0,0.0,6.0,0.0,0.0,0.0,13999.581603968323,3038496.49122807,1.0,7.0,0.0,0.0,11.0,0.0,0.0,-33.730012883796334,151.1771823411216,15.678765451435869,0.0,0.0,nothing,0.0,0
88be0e2099fffff,0.0,0.0,0.0,0.0,0.0,0.0,0.0,1.0,0.0,0.0,0.0,0.0,645488.365079365,0.0,0.0,0.0,0.0,0.0,0.0,0.0,-33.74677582934678,151.18572014596998,13.709754654320554,0.0,0.0,nothing,0.0,0
88be0e209bfffff,0.0,0.0,0.0,0.0,0.0,0.0,0.0,1.0,0.0,0.0,0.0,0.0,2667500.1111111105,0.0,11.0,1154.5189504373177,0.0,0.0,1.0,0.0,-33.74566568724142,151.17486170111926,14.025225662710511,0.0,0.0,nothing,0.0,0
88be0e209dfffff,0.0,0.0,1.0,0.0,0.0,0.0,0.0,10.0,0.0,0.0,0.0,21698.48328160236,0.0,10.0,9.0,1924.198250728863,0.0,1.0,0.0,0.0,-33.73950390995974,151.19230849197552,14.42741970322708,0.0,0.0,nothing,0.0,0
88be0e20a1fffff,0.0,0.0,0.0,0.0,0.0,0.0,0.0,3.0,0.0,0.0,0.0,1663112.8659581596,1727269.9791666667,6.0,4.0,0.0,0.0,0.0,0.0,0.0,-33.71041236073341,151.218651050318,17.58946606958257,0.0,0.0,nothing,0.0,0
88be0e20a3fffff,0.0,0.0,0.0,0.0,0.0,0.0,0.0,1.0,0.0,0.0,0.0,317408.66709579737,3514851.670138889,7.0,2.0,2693.877551020408,0.0,0.0,0.0,1.0,-33.70930534115057,151.20779640940995,17.691469414606722,0.0,0.0,nothing,0.0,0
88be0e20a5fffff,0.0,0.0,0.0,0.0,0.0,0.0,0.0,0.0,0.0,0.0,0.0,0.0,1752455.75,0.0,0.0,0.0,0.0,0.0,0.0,0.0,-33.70313850809225,151.2252339839481,18.434093488016224,0.0,0.0,nothing,0.0,0
88be0e20a7fffff,0.0,0.0,7.0,1.0,0.0,0.0,0.0,30.0,1.0,0.0,0.0,1918421.7201276296,6398913.913194445,28.0,6.0,0.0,4.0,2.0,1.0,0.0,-33.7020321122484,151.2143801043784,18.50362948934264,0.0,0.0,nothing,0.0,0
88be0e20a9fffff,0.0,0.0,0.0,0.0,0.0,0.0,0.0,2.0,0.0,0.0,0.0,2041.0697914016648,2333496.5255255257,10.0,1.0,0.0,0.0,0.0,0.0,0.0,-33.718792537138754,151.22292286808064,16.686387134018556,0.0,0.0,nothing,0.0,0
88be0e20abfffff,1.0,0.0,1.0,0.0,0.0,0.0,0.0,21.0,0.0,0.0,0.0,169844.0040028309,1076998.3963963964,14.0,6.0,384.8396501457726,0.0,0.0,0.0,0.0,-33.71768582775775,151.21206703439867,16.76333975119218,0.0,0.0,nothing,0.0,0
88be0e20b1fffff,0.0,0.0,0.0,0.0,0.0,0.0,0.0,0.0,0.0,0.0,0.0,0.0,0.0,0.0,0.0,1924.198250728863,0.0,0.0,0.0,0.0,-33.71546960656716,151.19035666264404,17.0974400022881,0.0,0.0,nothing,0.0,0
88be0e20b3fffff,0.0,0.0,0.0,0.0,2.0,0.0,0.0,3.0,0.0,1.0,0.0,0.0,0.0,6.0,6.0,0.0,0.0,0.0,0.0,0.0,-33.7143600950771,151.17950212607826,17.35111322082282,0.0,0.0,nothing,0.0,0
88be0e20b7fffff,1.0,0.0,14.0,0.0,0.0,1.0,0.0,34.0,0.0,0.0,0.0,520137.26964691427,0.0,3.0,2.0,1924.198250728863,0.0,27.0,2.0,0.0,-33.707088500625304,151.18608842384805,18.065167901198432,0.0,0.0,nothing,0.0,0
88be0e20b9fffff,0.0,0.0,0.0,0.0,0.0,0.0,0.0,0.0,0.0,0.0,0.0,0.0,0.0,0.0,0.0,769.6793002915452,0.0,0.0,0.0,0.0,-33.72385064082175,151.19462577306157,16.134922287561814,0.0,0.0,nothing,0.0,0
88be0e20bbfffff,0.0,0.0,0.0,0.0,0.0,0.0,0.0,3.0,0.0,0.0,0.0,0.0,357470.1754385965,2.0,4.0,0.0,0.0,0.0,0.0,0.0,-33.722741438762256,151.1837700429369,16.37222541838147,0.0,0.0,nothing,0.0,0
88be0e20bdfffff,0.0,0.0,0.0,0.0,0.0,0.0,0.0,0.0,0.0,0.0,0.0,0.0,0.0,0.0,0.0,4618.075801749271,0.0,0.0,0.0,0.0,-33.716578184180676,151.20121163233532,16.900845200672897,0.0,0.0,nothing,0.0,0
88be0e20c1fffff,4.0,0.0,6.0,2.0,0.0,1.0,0.0,28.0,0.0,1.0,0.0,607590.5375687856,5755578.111111111,64.0,25.0,384.8396501457726,6.0,5.0,3.0,0.0,-33.75120704634385,151.2291582555728,13.17224679672912,0.0,0.0,nothing,0.0,0
88be0e20c3fffff,0.0,0.0,4.0,0.0,0.0,0.0,0.0,8.0,0.0,0.0,0.0,83031.70397125867,5458459.222222222,9.0,0.0,1539.3586005830905,2.0,3.0,1.0,0.0,-33.75010064512792,151.21829808015073,13.192341563818111,0.0,0.0,nothing,0.0,0
88be0e20c5fffff,0.0,0.0,2.0,0.0,0.0,0.0,0.0,4.0,0.0,1.0,0.0,0.0,2252028.8050314463,2.0,5.0,4040.816326530612,0.0,3.0,0.0,0.0,-33.74393262886434,151.23574355450157,14.064916463388814,0.0,0.0,nothing,0.0,0
88be0e20c7fffff,0.0,0.0,0.0,0.0,0.0,0.0,0.0,4.0,0.0,0.0,0.0,10133.164514926604,3674844.333333333,23.0,17.0,962.0991253644316,0.0,0.0,0.0,0.0,-33.74282685187628,151.22488414165718,14.047114623713204,0.0,0.0,nothing,0.0,0
88be0e20c9fffff,0.0,0.0,0.0,0.0,0.0,0.0,0.0,7.0,0.0,0.0,0.0,931138.823157932,1208168.0,3.0,9.0,2886.2973760932946,0.0,1.0,0.0,0.0,-33.75958716652323,151.23343324226929,12.318124754186163,0.0,0.0,nothing,0.0,0
88be0e20cbfffff,0.0,0.0,0.0,1.0,0.0,1.0,0.0,8.0,1.0,0.0,0.0,131408.78895148882,5864900.249999999,24.0,8.0,1346.938775510204,1.0,1.0,0.0,0.0,-33.75848107664252,151.222571873157,12.298010328856869,0.0,0.0,nothing,0.0,0
88be0e20cdfffff,0.0,1.0,7.0,1.0,0.0,0.0,0.0,18.0,0.0,0.0,0.0,1530171.884381653,704764.6666666666,67.0,29.0,4906.705539358601,2.0,2.0,2.0,0.0,-33.75231251193837,151.24001886175145,13.230021216444158,1.0,1.0,22 kW,22.0,1
88be0e20d1fffff,0.0,0.0,2.0,0.0,0.0,0.0,0.0,4.0,0.0,0.0,0.0,0.0,4006945.0,6.0,0.0,0.0,1.0,0.0,0.0,0.0,-33.75626608958535,151.20085042957405,12.506641424904863,0.0,0.0,nothing,0.0,0
88be0e20d3fffff,0.0,0.0,0.0,0.0,0.0,0.0,0.0,11.0,0.0,0.0,0.0,0.0,0.0,0.0,0.0,384.8396501457726,0.0,0.0,0.0,0.0,-33.75515719272824,151.1899903566128,12.731302621146746,0.0,0.0,nothing,0.0,0
88be0e20d5fffff,0.0,0.0,0.0,0.0,0.0,0.0,0.0,9.0,0.0,0.0,0.0,0.0,1626006.6666666665,9.0,3.0,384.8396501457726,0.0,0.0,0.0,0.0,-33.74899330844999,151.20743833623996,13.289949036436536,0.0,0.0,nothing,0.0,0
88be0e20d7fffff,0.0,0.0,0.0,0.0,0.0,0.0,0.0,3.0,0.0,0.0,0.0,0.0,0.0,1.0,3.0,1539.3586005830905,0.0,0.0,0.0,0.0,-33.747885036469654,151.1965790245949,13.463380216056889,0.0,0.0,nothing,0.0,0
88be0e20d9fffff,0.0,0.0,5.0,0.0,2.0,0.0,0.0,34.0,0.0,0.0,0.0,243514.2767478995,7520280.833333333,14.0,5.0,0.0,9.0,9.0,0.0,0.0,-33.76464706880553,151.20512270713277,11.559019042068323,0.0,0.0,nothing,0.0,0
88be0e20dbfffff,0.0,0.0,0.0,0.0,0.0,0.0,0.0,2.0,0.0,0.0,0.0,113128.38485118674,116143.33333333331,6.0,11.0,8466.472303206998,0.0,3.0,0.0,0.0,-33.7635384825122,151.19426143969454,11.758234500220508,0.0,0.0,nothing,0.0,0
88be0e20ddfffff,0.0,0.0,1.0,0.0,0.0,0.0,1.0,12.0,0.0,1.0,0.0,104959.97017244832,9934779.388888888,24.0,7.0,0.0,2.0,3.0,0.0,0.0,-33.75737405094337,151.21171093534034,12.361272094842564,0.0,0.0,nothing,0.0,0
88be0e20e1fffff,0.0,0.0,0.0,0.0,0.0,0.0,0.0,15.0,0.0,0.0,0.0,7353.054172889708,481428.269541779,0.0,0.0,96.20991253644316,0.0,0.0,0.0,0.0,-33.728278105132745,151.23805301513107,15.81229913412768,0.0,0.0,nothing,0.0,0
88be0e20e3fffff,0.0,0.0,0.0,0.0,0.0,0.0,0.0,11.0,0.0,0.0,0.0,5140.177500429298,2882554.531531532,2.0,1.0,384.8396501457726,0.0,0.0,0.0,0.0,-33.72717264096322,151.22719555788575,15.796295948146064,0.0,0.0,nothing,0.0,0
88be0e20e5fffff,0.0,0.0,0.0,0.0,0.0,0.0,0.0,0.0,0.0,0.0,0.0,0.0,0.0,0.0,0.0,673.469387755102,0.0,0.0,0.0,0.0,-33.7210031526751,151.24463582728518,16.71683793231918,0.0,0.0,nothing,0.0,0
88be0e20e7fffff,0.0,0.0,0.0,0.0,0.0,0.0,0.0,1.0,0.0,0.0,0.0,0.0,116146.8858858859,0.0,0.0,0.0,0.0,0.0,0.0,0.0,-33.71989831216427,151.23377913262743,16.670828521904205,0.0,0.0,nothing,0.0,0
88be0e20e9fffff,0.0,0.0,0.0,0.0,1.0,0.0,0.0,3.0,0.0,0.0,0.0,200341.18077682055,2428380.8301886795,6.0,0.0,2405.247813411079,0.0,1.0,0.0,0.0,-33.736657824721135,151.24232777003664,14.972723513412676,0.0,0.0,nothing,0.0,0
88be0e20ebfffff,0.0,0.0,0.0,0.0,1.0,0.0,0.0,3.0,0.0,0.0,0.0,0.0,523176.0333163352,0.0,0.0,1731.778425655977,0.0,1.0,0.0,0.0,-33.73555267170551,151.23146911995286,14.92151905711567,0.0,0.0,nothing,0.0,0
88be0e20edfffff,0.0,0.0,0.0,0.0,0.0,0.0,0.0,0.0,0.0,0.0,0.0,0.0,1118612.74393531,0.0,0.0,96.20991253644316,0.0,0.0,0.0,0.0,-33.7293826344314,151.24891090227152,15.893074942826903,0.0,0.0,nothing,0.0,0
88be0e2111fffff,2.0,0.0,1.0,0.0,0.0,0.0,0.0,26.0,1.0,1.0,0.0,1523435.3853817794,570714.4930555555,35.0,12.0,0.0,3.0,11.0,0.0,0.0,-33.69520093569823,151.30351973520098,21.14053623110105,1.0,1.0,7 kW,7.0,1
88be0e2113fffff,1.0,0.0,2.0,0.0,0.0,0.0,0.0,6.0,0.0,0.0,0.0,1980302.647108592,99254.69444444444,45.0,9.0,0.0,1.0,0.0,1.0,0.0,-33.6941013893922,151.29266481336177,20.85900702394776,2.0,2.0,22 kW,22.0,1
88be0e2115fffff,0.0,0.0,7.0,0.0,1.0,0.0,0.0,4.0,0.0,0.0,0.0,229150.76420353452,2959339.0,18.0,12.0,0.0,0.0,15.0,1.0,0.0,-33.68792219561813,151.31009483991943,22.128535838054898,0.0,0.0,nothing,0.0,0
88be0e2117fffff,0.0,0.0,0.0,0.0,2.0,0.0,0.0,1.0,0.0,1.0,0.0,54479.54855971027,4510821.925925925,31.0,15.0,0.0,0.0,0.0,1.0,0.0,-33.68682327109934,151.2992406831902,21.83614912762114,0.0,0.0,nothing,0.0,0
88be0e2119fffff,0.0,0.0,6.0,0.0,6.0,0.0,0.0,8.0,0.0,0.0,0.0,354366.82685312774,3163366.5690805432,12.0,4.0,0.0,0.0,24.0,1.0,0.0,-33.70357852704081,151.30779965963114,20.47116455323354,0.0,0.0,nothing,0.0,0
88be0e211bfffff,0.0,0.0,5.0,1.0,0.0,0.0,0.0,20.0,0.0,0.0,0.0,488247.3953321712,7819632.659782872,28.0,8.0,0.0,1.0,12.0,5.0,0.0,-33.702479293246945,151.29694354738234,20.15488649643726,0.0,0.0,nothing,0.0,0
88be0e211dfffff,0.0,0.0,0.0,0.0,1.0,0.0,0.0,5.0,0.0,0.0,0.0,966.563688645846,0.0,1.0,0.0,0.0,0.0,7.0,0.0,0.0,-33.69629954764703,151.31437508198388,21.466298989131868,0.0,0.0,nothing,0.0,0
88be0e2131fffff,0.0,0.0,0.0,0.0,0.0,0.0,0.0,2.0,0.0,0.0,0.0,1649776.1662822198,2770744.8333333335,10.0,6.0,0.0,2.0,1.0,0.0,0.0,-33.67226588822096,151.31238917446706,23.7990937486055,0.0,0.0,nothing,0.0,0
88be0e2133fffff,0.0,0.0,3.0,1.0,0.0,0.0,0.0,11.0,0.0,1.0,0.0,5252773.438158687,3312574.055555556,20.0,13.0,0.0,2.0,2.0,0.0,1.0,-33.671167272903425,151.30153697258822,23.527357036125423,0.0,0.0,nothing,0.0,0
88be0e2135fffff,0.0,0.0,0.0,0.0,0.0,0.0,0.0,2.0,0.0,0.0,0.0,0.0,0.0,6.0,5.0,0.0,0.0,0.0,0.0,0.0,-33.66498662467017,151.31896179610422,24.7842111204554,0.0,0.0,nothing,0.0,0
88be0e2137fffff,0.0,0.0,12.0,1.0,0.0,0.0,0.0,15.0,0.0,0.0,2.0,115492.31278111272,103349.5,8.0,2.0,0.0,1.0,13.0,2.0,0.0,-33.66388863057008,151.30811035934158,24.502369821486596,0.0,0.0,nothing,0.0,0
88be0e2139fffff,0.0,0.0,9.0,0.0,3.0,1.0,0.0,4.0,0.0,0.0,0.0,662327.1325013262,1589035.3333333333,6.0,0.0,0.0,0.0,16.0,0.0,0.0,-33.68064307352401,151.31666886163205,23.118584463084936,0.0,0.0,nothing,0.0,0
88be0e213bfffff,0.0,0.0,44.0,4.0,0.0,0.0,1.0,48.0,1.0,0.0,0.0,605198.8541426016,4999837.111111111,70.0,12.0,0.0,7.0,4.0,6.0,0.0,-33.67954477053648,151.30581547019383,22.816301893649644,2.0,2.0,7 kW,7.0,1
88be0e2153fffff,0.0,0.0,0.0,0.0,0.0,0.0,0.0,0.0,0.0,0.0,0.0,0.0,353029.62445414846,0.0,0.0,0.0,0.0,0.0,0.0,0.0,-33.71195604462571,151.31208045669973,19.830693146609885,0.0,0.0,nothing,0.0,0
88be0e2159fffff,0.0,0.0,0.0,0.0,0.0,0.0,0.0,1.0,0.0,0.0,0.0,0.0,0.0,0.0,0.0,0.0,0.0,0.0,0.0,0.0,-33.72143116040329,151.3272210444007,19.658099582165526,0.0,0.0,nothing,0.0,0
88be0e2181fffff,0.0,0.0,0.0,0.0,0.0,0.0,0.0,0.0,0.0,0.0,0.0,0.0,3180909.8691588785,0.0,1.0,0.0,1.0,0.0,0.0,0.0,-33.682418234586095,151.255828315421,21.1176117947251,0.0,0.0,nothing,0.0,0
88be0e2183fffff,0.0,0.0,0.0,0.0,0.0,0.0,0.0,1.0,0.0,0.0,0.0,0.0,656825.046728972,0.0,0.0,0.0,0.0,0.0,0.0,0.0,-33.68131464163834,151.244976292034,21.056491908312992,0.0,0.0,nothing,0.0,0
88be0e2185fffff,0.0,0.0,0.0,0.0,0.0,0.0,0.0,1.0,0.0,0.0,0.0,0.0,337795.73831775703,0.0,0.0,0.0,0.0,0.0,0.0,0.0,-33.67514222212796,151.26240615821973,22.036279070472073,0.0,0.0,nothing,0.0,0
88be0e2187fffff,0.0,0.0,0.0,0.0,0.0,0.0,0.0,1.0,0.0,0.0,0.0,0.0,37532.85981308411,0.0,0.0,0.0,0.0,0.0,0.0,0.0,-33.67403925170048,151.25155489743872,21.95425853295664,0.0,0.0,nothing,0.0,0
88be0e2189fffff,0.0,0.0,0.0,0.0,0.0,0.0,0.0,1.0,0.0,0.0,0.0,0.0,3087077.7196261683,0.0,0.0,0.0,0.0,0.0,0.0,0.0,-33.690797145907865,151.2601026050477,20.296767398406036,0.0,0.0,nothing,0.0,0
88be0e218bfffff,0.0,0.0,0.0,0.0,0.0,0.0,0.0,0.0,0.0,0.0,0.0,0.0,2298887.663551402,0.0,1.0,0.0,0.0,0.0,0.0,0.0,-33.68969386375121,151.24924939052377,20.207827931572492,0.0,0.0,nothing,0.0,0
88be0e218dfffff,0.0,0.0,1.0,0.0,0.0,0.0,0.0,1.0,0.0,0.0,0.0,789.3051134202105,1642062.61682243,0.0,4.0,0.0,0.0,0.0,0.0,0.0,-33.68352089416433,151.26668076698363,21.2270213716207,0.0,0.0,nothing,0.0,0
88be0e2191fffff,1.0,0.0,6.0,1.0,0.0,0.0,0.0,20.0,0.0,1.0,0.0,338933.83541886543,0.0,6.0,6.0,0.0,3.0,1.0,2.0,0.0,-33.68748449889591,151.2275442483683,20.18209350689221,2.0,2.0,22 kW,22.0,1
88be0e2193fffff,0.0,0.0,1.0,0.0,0.0,0.0,0.0,1.0,0.0,0.0,0.0,112691.99953812391,32169.777777777777,2.0,2.0,0.0,0.0,0.0,0.0,0.0,-33.686378416515005,151.21669232224326,20.24548766767088,0.0,0.0,nothing,0.0,0
88be0e2195fffff,1.0,0.0,3.0,0.0,0.0,0.0,0.0,0.0,0.0,0.0,0.0,153060.09710702504,0.0,0.0,0.0,0.0,1.0,0.0,0.0,0.0,-33.680210115479625,151.23412469757585,21.044080423492968,0.0,0.0,nothing,0.0,0
88be0e2197fffff,1.0,0.0,0.0,0.0,0.0,0.0,1.0,2.0,0.0,1.0,0.0,15109.22176109588,0.0,5.0,6.0,0.0,1.0,1.0,0.0,0.0,-33.67910465626879,151.22327353279957,21.080461320845913,0.0,0.0,nothing,0.0,0
88be0e219bfffff,0.0,0.0,1.0,0.0,0.0,0.0,0.0,3.0,0.0,0.0,0.0,378927.08484665817,3184533.4583333335,0.0,4.0,0.0,0.0,0.0,0.0,0.0,-33.694758497991174,151.22096271733352,19.33461231000173,0.0,0.0,nothing,0.0,0
88be0e219dfffff,0.0,0.0,0.0,0.0,0.0,0.0,0.0,2.0,0.0,0.0,0.0,31390.168995118664,0.0,0.0,2.0,0.0,0.0,0.0,0.0,0.0,-33.688589648027644,151.23839660471285,20.169507901752784,0.0,0.0,nothing,0.0,0
88be0e21a3fffff,0.0,0.0,0.0,0.0,0.0,0.0,0.0,0.0,0.0,0.0,0.0,395.5584518259408,0.0,0.0,0.0,0.0,0.0,1.0,0.0,0.0,-33.658384664475186,151.25385955516688,23.70112525590234,0.0,0.0,nothing,0.0,0
88be0e21a5fffff,0.0,0.0,0.0,0.0,0.0,0.0,0.0,0.0,0.0,0.0,0.0,0.0,0.0,0.0,1.0,0.0,0.0,0.0,0.0,0.0,-33.65221078576684,151.27128422308903,24.700433159714404,0.0,0.0,nothing,0.0,0
88be0e21a7fffff,0.0,0.0,0.0,0.0,0.0,0.0,0.0,1.0,0.0,0.0,0.0,0.0,0.0,0.0,0.0,0.0,0.0,0.0,0.0,0.0,-33.65110874894546,151.26043567799778,24.60623892320547,0.0,0.0,nothing,0.0,0
88be0e21abfffff,0.0,0.0,0.0,0.0,0.0,0.0,0.0,4.0,0.0,0.0,0.0,4036.032479787378,0.0,0.0,0.0,0.0,0.0,0.0,0.0,0.0,-33.666763478731184,151.2581324210205,22.86153795942204,0.0,0.0,nothing,0.0,0
88be0e21adfffff,0.0,0.0,0.0,0.0,0.0,0.0,0.0,1.0,0.0,0.0,0.0,0.0,0.0,0.0,2.0,0.0,1.0,1.0,0.0,0.0,-33.66058904940127,151.27555859789612,23.896157782050107,0.0,0.0,nothing,0.0,0
88be0e21b1fffff,0.0,0.0,0.0,0.0,0.0,0.0,0.0,1.0,0.0,0.0,0.0,0.0,0.0,0.0,0.0,0.0,0.0,0.0,0.0,0.0,-33.664555984115445,151.2364327093505,22.793381808696953,0.0,0.0,nothing,0.0,0
88be0e21b3fffff,0.0,0.0,0.0,0.0,0.0,0.0,0.0,1.0,0.0,0.0,0.0,0.0,0.0,0.0,0.0,0.0,0.0,0.0,0.0,0.0,-33.66345083797968,151.22558349717903,22.82684892408264,0.0,0.0,nothing,0.0,0
88be0e21b7fffff,0.0,0.0,0.0,0.0,0.0,0.0,0.0,1.0,0.0,0.0,0.0,0.0,0.0,0.0,0.0,0.0,0.0,0.0,0.0,0.0,-33.65617654970771,151.2321622247186,23.67870316269952,0.0,0.0,nothing,0.0,0
88be0e21bdfffff,0.0,0.0,0.0,0.0,0.0,0.0,0.0,0.0,0.0,0.0,0.0,395.5584518259408,0.0,0.0,0.0,0.0,0.0,0.0,0.0,0.0,-33.665660197752196,151.24728235088185,22.804967019858623,0.0,0.0,nothing,0.0,0
88be0e21c1fffff,0.0,0.0,0.0,0.0,0.0,0.0,0.0,2.0,0.0,1.0,0.0,0.0,0.0,0.0,4.0,791.4577259475219,0.0,2.0,0.0,0.0,-33.70027802215091,151.27523260008152,19.66438074542269,0.0,0.0,nothing,0.0,0
88be0e21c5fffff,2.0,1.0,6.0,4.0,0.0,1.0,0.0,8.0,1.0,0.0,0.0,43880.6664971965,0.0,12.0,6.0,577.2594752186588,0.0,2.0,3.0,0.0,-33.69300090888653,151.2818103172205,20.62352088387351,0.0,0.0,nothing,0.0,0
88be0e21c7fffff,0.0,0.0,0.0,0.0,0.0,0.0,0.0,0.0,0.0,0.0,0.0,0.0,131365.0093457944,2.0,0.0,0.0,0.0,0.0,0.0,0.0,-33.69189949433906,151.2709562475312,20.43566750292746,0.0,0.0,nothing,0.0,0
88be0e21c9fffff,0.0,0.0,0.0,0.0,0.0,0.0,0.0,7.0,0.0,1.0,0.0,27432.16010853979,49627.34722222222,0.0,0.0,384.8396501457726,0.0,2.0,0.0,0.0,-33.70865647709857,151.27950982485376,18.91561768029271,0.0,0.0,nothing,0.0,0
88be0e21cbfffff,0.0,0.0,0.0,0.0,0.0,0.0,0.0,5.0,0.0,0.0,0.0,0.0,0.0,0.0,0.0,481.04956268221576,0.0,0.0,0.0,0.0,-33.70755475185483,151.268653800111,18.710773389222833,0.0,0.0,nothing,0.0,0
88be0e21cdfffff,0.0,1.0,3.0,0.0,0.0,0.0,0.0,5.0,0.0,0.0,0.0,8528.21292162524,2318090.7537603104,9.0,9.0,1830.408163265306,0.0,2.0,0.0,0.0,-33.70137912489772,151.28608786061437,19.88531891872911,0.0,0.0,nothing,0.0,0
88be0e21d5fffff,0.0,0.0,0.0,0.0,0.0,0.0,0.0,0.0,0.0,0.0,0.0,0.0,459777.5327102804,0.0,0.0,0.0,0.0,0.0,0.0,0.0,-33.698073014096785,151.25352336073772,19.37467319877195,0.0,0.0,nothing,0.0,0
88be0e21d9fffff,0.0,0.0,0.0,0.0,0.0,0.0,0.0,0.0,0.0,0.0,0.0,0.0,0.0,0.0,0.0,673.469387755102,0.0,0.0,0.0,0.0,-33.71372781484974,151.25121755650866,17.633018817031903,0.0,0.0,nothing,0.0,0
88be0e21dbfffff,0.0,0.0,0.0,0.0,0.0,0.0,0.0,1.0,0.0,0.0,0.0,10358.735902945267,0.0,0.0,0.0,0.0,0.0,0.0,0.0,0.0,-33.71262359774213,151.24036162462107,17.560092855979207,0.0,0.0,nothing,0.0,0
88be0e21ddfffff,0.0,0.0,0.0,0.0,0.0,0.0,0.0,0.0,0.0,0.0,0.0,0.0,0.0,0.0,0.0,384.8396501457726,0.0,0.0,0.0,0.0,-33.70645209217382,151.25779820289503,18.559118295831414,0.0,0.0,nothing,0.0,0
88be0e21e1fffff,0.0,0.0,2.0,0.0,1.0,0.0,0.0,9.0,0.0,0.0,0.0,205754.07055479556,2383551.777777778,12.0,8.0,0.0,1.0,10.0,0.0,1.0,-33.677345363308554,151.2841099619436,22.337854370878244,0.0,0.0,nothing,0.0,0
88be0e21e5fffff,0.0,0.0,0.0,0.0,0.0,0.0,0.0,2.0,0.0,0.0,0.0,0.0,2275322.277777778,3.0,12.0,0.0,0.0,0.0,0.0,0.0,-33.670067724137986,151.2906851955507,23.296603877064666,0.0,0.0,nothing,0.0,0
88be0e21e7fffff,0.0,0.0,0.0,0.0,0.0,0.0,0.0,12.0,0.0,0.0,0.0,0.0,328475.3333333334,0.0,0.0,0.0,0.0,4.0,0.0,0.0,-33.66896724208224,151.279833844108,23.10806023981107,0.0,0.0,nothing,0.0,0
88be0e21e9fffff,0.0,0.0,3.0,0.0,2.0,0.0,0.0,8.0,0.0,0.0,0.0,320670.08682441857,1275927.888888889,84.0,8.0,481.04956268221576,0.0,7.0,0.0,0.0,-33.685723412578966,151.28838695162187,21.587456811532288,0.0,0.0,nothing,0.0,0
88be0e21edfffff,0.0,0.0,1.0,0.0,0.0,0.0,0.0,1.0,0.0,0.0,0.0,1229474.5077667434,4005979.861111111,10.0,11.0,0.0,1.0,0.0,2.0,0.0,-33.67844553374549,151.29496250337976,22.5555741146597,3.0,4.0,kW,1.0,1
88be0e2203fffff,0.0,0.0,0.0,0.0,0.0,0.0,0.0,3.0,0.0,0.0,0.0,50758.80392683206,0.0,0.0,0.0,0.0,0.0,0.0,0.0,0.0,-33.7986170379066,151.30487907763077,11.784485450678831,0.0,0.0,nothing,0.0,0
88be0e2211fffff,0.0,0.0,6.0,0.0,2.0,3.0,0.0,15.0,0.0,1.0,6.0,112372.8483383835,0.0,37.0,6.0,0.0,0.0,9.0,4.0,0.0,-33.804794594556604,151.28742586787678,10.133876708934096,1.0,1.0,22 kW,22.0,1
88be0e2213fffff,0.0,0.0,1.0,0.0,2.0,0.0,0.0,2.0,0.0,0.0,0.0,0.0,0.0,6.0,1.0,0.0,0.0,31.0,0.0,0.0,-33.803692879577575,151.27655724210635,9.534583890186983,0.0,0.0,nothing,0.0,0
88be0e2215fffff,7.0,0.0,22.0,0.0,7.0,1.0,0.0,30.0,0.0,0.0,0.0,50758.80392683206,0.0,9.0,0.0,0.0,1.0,66.0,0.0,1.0,-33.797516884949125,151.29401079154522,11.135566089827837,0.0,0.0,nothing,0.0,0
88be0e2217fffff,19.0,0.0,66.0,4.0,3.0,8.0,1.0,56.0,0.0,0.0,0.0,82982.56201542249,0.0,90.0,29.0,0.0,3.0,35.0,6.0,1.0,-33.79641579395454,151.28314293210852,10.544350080322454,5.0,5.0,"22 kW, kW",11.5,1
88be0e2219fffff,0.0,1.0,0.0,0.0,0.0,0.0,1.0,8.0,0.0,0.0,0.0,177717.7372313262,0.0,2.0,2.0,0.0,0.0,6.0,0.0,0.0,-33.81317331696706,151.29170967816415,9.810686278599473,0.0,0.0,nothing,0.0,0
88be0e221bfffff,0.0,0.0,0.0,0.0,0.0,0.0,0.0,1.0,0.0,0.0,0.0,0.0,0.0,0.0,0.0,0.0,0.0,3.0,0.0,0.0,-33.812071916180756,151.28083985851472,9.13438716455936,0.0,0.0,nothing,0.0,0
88be0e221dfffff,0.0,0.0,3.0,0.0,1.0,0.0,0.0,15.0,0.0,0.0,0.0,357275.84336517943,0.0,3.0,3.0,0.0,0.0,6.0,1.0,1.0,-33.80589537130048,151.29829492083527,10.79529249416308,0.0,0.0,nothing,0.0,0
88be0e2231fffff,0.0,0.0,5.0,0.0,1.0,0.0,0.0,6.0,0.0,0.0,0.0,300547.13223149406,0.0,8.0,3.0,0.0,1.0,6.0,0.0,0.0,-33.78186046006036,151.2963110559563,12.564800154397531,5.0,5.0,kW,1.0,1
88be0e2233fffff,2.0,1.0,10.0,0.0,3.0,1.0,1.0,17.0,1.0,0.0,0.0,415527.441320805,0.0,55.0,33.0,0.0,2.0,10.0,2.0,0.0,-33.780759678783724,151.28544515606092,12.043738157784285,0.0,0.0,nothing,0.0,0
88be0e2237fffff,0.0,0.0,2.0,0.0,3.0,0.0,0.0,1.0,0.0,0.0,0.0,576597.2580159334,0.0,27.0,23.0,0.0,0.0,5.0,0.0,0.0,-33.77348205496199,151.29202835643613,13.055156579043896,0.0,0.0,nothing,0.0,0
88be0e223bfffff,8.0,0.0,15.0,1.0,6.0,1.0,0.0,12.0,0.0,1.0,0.0,0.0,0.0,26.0,12.0,0.0,1.0,17.0,2.0,0.0,-33.78913832060966,151.2897275366937,11.554448571687873,0.0,0.0,nothing,0.0,0
88be0e2253fffff,4.0,0.0,2.0,0.0,1.0,0.0,0.0,22.0,0.0,0.0,0.0,225329.12140365507,0.0,5.0,2.0,0.0,0.0,27.0,1.0,0.0,-33.82155196068422,151.29599436319057,9.583616358325983,0.0,0.0,nothing,0.0,0
88be0e2257fffff,0.0,0.0,1.0,0.0,0.0,0.0,0.0,8.0,0.0,0.0,0.0,1909.7028926515893,0.0,0.0,0.0,0.0,0.0,1.0,0.0,0.0,-33.81427377916204,151.30257992478377,10.541245906105448,0.0,0.0,nothing,0.0,0
88be0e2281fffff,0.0,2.0,0.0,0.0,0.0,0.0,0.0,1.0,0.0,0.0,0.0,20214.246709362793,1386063.2917180457,14.0,12.0,0.0,0.0,0.0,1.0,0.0,-33.792002052771224,151.2396757759848,8.97045667088099,0.0,0.0,nothing,0.0,0
88be0e2283fffff,0.0,0.0,0.0,0.0,0.0,0.0,0.0,8.0,0.0,0.0,0.0,0.0,208659.2,0.0,0.0,0.0,1.0,2.0,0.0,0.0,-33.79089627396773,151.2288100611416,8.827744210510582,0.0,0.0,nothing,0.0,0
88be0e2285fffff,0.0,1.0,0.0,0.0,0.0,0.0,0.0,2.0,0.0,0.0,0.0,381754.8745198267,1972516.8787247087,8.0,12.0,865.8892128279883,0.0,0.0,0.0,0.0,-33.784727076318205,151.24626344124147,9.933271835928116,0.0,0.0,nothing,0.0,0
88be0e2287fffff,0.0,0.0,4.0,0.0,0.0,0.0,0.0,15.0,0.0,0.0,0.0,128507.19977737752,1704050.1333333333,0.0,5.0,0.0,0.0,2.0,1.0,0.0,-33.783621922231355,151.23539849021768,9.75190566824092,0.0,0.0,nothing,0.0,0
88be0e2289fffff,1.0,0.0,3.0,0.0,0.0,0.0,0.0,7.0,0.0,0.0,0.0,34357.777959863946,6956445.3172479905,9.0,18.0,0.0,0.0,3.0,0.0,0.0,-33.80038210681373,151.24395393549202,8.23894637098665,0.0,0.0,nothing,0.0,0
88be0e228bfffff,0.0,0.0,0.0,0.0,0.0,0.0,0.0,2.0,0.0,0.0,0.0,0.0,1198051.918781726,0.0,0.0,0.0,0.0,1.0,0.0,0.0,-33.79927664047943,151.23308702604152,8.01966867103474,0.0,0.0,nothing,0.0,0
88be0e228dfffff,0.0,1.0,4.0,0.0,0.0,0.0,0.0,8.0,0.0,0.0,0.0,29577.161412890455,4001595.382573365,37.0,16.0,0.0,4.0,0.0,0.0,0.0,-33.79310689433059,151.25054192125933,9.223038812049364,0.0,0.0,nothing,0.0,0
88be0e2291fffff,0.0,0.0,1.0,0.0,0.0,0.0,0.0,12.0,0.0,0.0,0.0,0.0,3008851.67211329,15.0,11.0,0.0,0.0,13.0,0.0,0.0,-33.79706289564626,151.21135450080956,7.9593068645218015,0.0,0.0,nothing,0.0,0
88be0e2293fffff,0.0,1.0,13.0,2.0,0.0,1.0,0.0,22.0,1.0,1.0,0.0,43220.762881596194,2601453.2568294783,71.0,16.0,1154.5189504373177,3.0,5.0,4.0,1.0,-33.79595461746656,151.20048888653997,8.121023610308411,0.0,0.0,nothing,0.0,0
88be0e2295fffff,1.0,0.0,0.0,0.0,0.0,0.0,0.0,9.0,0.0,0.0,0.0,0.0,421063.7908496732,2.0,6.0,0.0,0.0,4.0,0.0,0.0,-33.7897895580794,151.2179447774856,8.800243385551855,0.0,0.0,nothing,0.0,0
88be0e2297fffff,0.0,0.0,1.0,0.0,1.0,0.0,0.0,9.0,0.0,0.0,0.0,122105.29554611532,1248388.5224583512,16.0,15.0,769.6793002915452,0.0,5.0,1.0,0.0,-33.788681905265776,151.20707992577255,8.889018714022376,0.0,0.0,nothing,0.0,0
88be0e2299fffff,0.0,0.0,7.0,1.0,0.0,0.0,1.0,28.0,0.0,1.0,0.0,263416.234815927,2584479.7927285754,29.0,9.0,0.0,1.0,9.0,5.0,0.0,-33.80544380992233,151.21562994938552,7.051815891584547,0.0,0.0,nothing,0.0,0
88be0e229bfffff,0.0,0.0,0.0,0.0,0.0,0.0,0.0,5.0,0.0,0.0,0.0,46231.28929623013,3721658.292680635,61.0,17.0,0.0,0.0,1.0,1.0,0.0,-33.80433584344026,151.20476313972014,7.162648818009454,0.0,0.0,nothing,0.0,0
88be0e229dfffff,0.0,0.0,3.0,0.0,0.0,0.0,0.0,16.0,0.0,0.0,0.0,557.2433107080246,1000026.503267974,2.0,5.0,0.0,0.0,7.0,0.0,0.0,-33.79817023670378,151.22222054756202,7.924974692198654,0.0,0.0,nothing,0.0,0
88be0e22a1fffff,0.0,0.0,8.0,0.0,0.0,0.0,0.0,8.0,0.0,0.0,0.0,15040.747622780013,0.0,7.0,3.0,1827.98833819242,0.0,0.0,2.0,0.0,-33.76907205382644,151.24857209523353,11.64393452573986,0.0,0.0,nothing,0.0,0
88be0e22a3fffff,0.0,0.0,0.0,0.0,0.0,0.0,0.0,6.0,0.0,0.0,0.0,0.0,19872.30476190476,0.0,2.0,673.469387755102,0.0,0.0,0.0,0.0,-33.76796721191305,151.23770910196632,11.48937888879624,0.0,0.0,nothing,0.0,0
88be0e22a5fffff,0.0,0.0,0.0,0.0,0.0,0.0,0.0,2.0,1.0,0.0,0.0,2550.9012731005027,3580069.684171258,6.0,1.0,1539.3586005830905,0.0,0.0,0.0,0.0,-33.761796538192336,151.25515727136062,12.605245324050005,0.0,0.0,nothing,0.0,0
88be0e22a7fffff,0.0,0.0,0.0,0.0,0.0,0.0,0.0,3.0,0.0,0.0,0.0,173441.01607102645,76223.83631772269,24.0,8.0,6349.854227405248,0.0,0.0,0.0,0.0,-33.7606923204262,151.2442950419222,12.421213814054369,0.0,0.0,nothing,0.0,0
88be0e22a9fffff,0.0,0.0,0.0,0.0,3.0,0.0,0.0,17.0,0.0,0.0,0.0,24475.391641718543,532077.2996207332,0.0,0.0,962.0991253644316,1.0,5.0,0.0,0.0,-33.77745171163762,151.25285002190523,10.90493004522173,0.0,0.0,nothing,0.0,0
88be0e22abfffff,0.0,0.0,2.0,0.0,0.0,0.0,0.0,14.0,0.0,0.0,0.0,77967.22040702947,1415901.7142857143,0.0,2.0,673.469387755102,1.0,1.0,0.0,0.0,-33.776347182011854,151.2419858348838,10.69191457496299,0.0,0.0,nothing,0.0,0
88be0e22adfffff,0.0,0.0,2.0,0.0,0.0,0.0,1.0,19.0,0.0,0.0,0.0,171366.40925125577,3459845.8348082593,26.0,10.0,7793.002915451895,1.0,1.0,0.0,0.0,-33.77017595924671,151.25943551806986,11.88326329325604,0.0,0.0,nothing,0.0,0
88be0e22b1fffff,0.0,1.0,6.0,1.0,0.0,1.0,0.0,16.0,0.0,0.0,0.0,162190.51478806653,0.0,17.0,8.0,0.0,1.0,2.0,1.0,3.0,-33.77413531284816,151.2202587519212,10.549027020369882,0.0,0.0,nothing,0.0,0
88be0e22b3fffff,0.0,0.0,4.0,0.0,1.0,0.0,0.0,16.0,0.0,0.0,0.0,2272866.703207447,522645.0,7.0,3.0,0.0,1.0,9.0,0.0,0.0,-33.77302797362885,151.209395857491,10.622955998168068,0.0,0.0,nothing,0.0,0
88be0e22b5fffff,0.0,0.0,2.0,0.0,0.0,0.0,0.0,8.0,0.0,0.0,0.0,11051.27163288483,0.0,0.0,1.0,481.04956268221576,0.0,0.0,0.0,0.0,-33.76686143366555,151.22684653902363,11.423034122658434,0.0,0.0,nothing,0.0,0
88be0e22b7fffff,1.0,0.0,14.0,4.0,0.0,1.0,0.0,29.0,0.0,0.0,0.0,201312.68803370252,7229922.5,39.0,18.0,769.6793002915452,3.0,4.0,6.0,0.0,-33.76575471924322,151.21598440716076,11.446430396303745,0.0,0.0,nothing,0.0,0
88be0e22b9fffff,0.0,0.0,0.0,0.0,0.0,0.0,0.0,9.0,0.0,0.0,0.0,0.0,357701.4857142857,0.0,2.0,0.0,0.0,0.0,0.0,0.0,-33.78251583125682,151.22453396984147,9.673919413133078,0.0,0.0,nothing,0.0,0
88be0e22bbfffff,0.0,0.0,1.0,0.0,0.0,0.0,0.0,8.0,0.0,0.0,0.0,0.0,0.0,4.0,7.0,0.0,0.0,0.0,0.0,0.0,-33.78140880355394,151.21366988086857,9.70180194293586,0.0,0.0,nothing,0.0,0
88be0e22bdfffff,0.0,0.0,0.0,0.0,0.0,0.0,0.0,5.0,0.0,0.0,0.0,0.0,953870.6285714286,0.0,0.0,288.6297376093294,0.0,1.0,0.0,0.0,-33.77524171569564,151.23112207797058,10.572222563370971,0.0,0.0,nothing,0.0,0
88be0e22c1fffff,0.0,0.0,1.0,0.0,0.0,0.0,0.0,6.0,0.0,0.0,0.0,0.0,556238.3908629442,14.0,12.0,0.0,0.0,1.0,1.0,0.0,-33.809866299467316,151.25910150315534,7.9986817715655345,0.0,0.0,nothing,0.0,0
88be0e22c3fffff,0.0,0.0,4.0,0.0,1.0,0.0,0.0,9.0,0.0,0.0,0.0,641793.4815563436,6439529.063451776,19.0,7.0,0.0,1.0,7.0,0.0,0.0,-33.80876208385735,151.24823296895931,7.571866231080538,0.0,0.0,nothing,0.0,0
88be0e22c5fffff,2.0,0.0,6.0,0.0,1.0,0.0,0.0,12.0,0.0,0.0,0.0,31086.287184970664,125883.347639485,7.0,16.0,0.0,2.0,14.0,1.0,0.0,-33.802590226521694,151.26568904428092,9.009814323317144,0.0,0.0,nothing,0.0,0
88be0e22c7fffff,0.0,1.0,11.0,2.0,1.0,0.0,0.0,12.0,0.0,0.0,0.0,398619.417865249,4847124.253768981,34.0,17.0,0.0,1.0,7.0,7.0,0.0,-33.80148663554749,151.25482127515727,8.57325871352396,0.0,0.0,nothing,0.0,0
88be0e22c9fffff,0.0,0.0,0.0,0.0,0.0,0.0,0.0,2.0,0.0,0.0,0.0,0.0,0.0,0.0,0.0,0.0,0.0,0.0,0.0,0.0,-33.81824588558847,151.26338260547354,7.516577708999265,0.0,0.0,nothing,0.0,0
88be0e22cbfffff,0.0,0.0,2.0,0.0,0.0,0.0,0.0,1.0,0.0,0.0,0.0,0.0,1739232.4536187565,13.0,14.0,0.0,0.0,4.0,0.0,0.0,-33.8171419834005,151.25251287660674,6.987697476744422,0.0,0.0,nothing,0.0,0
88be0e22cdfffff,0.0,0.0,3.0,0.0,0.0,0.0,0.0,8.0,0.0,0.0,0.0,0.0,0.0,0.0,0.0,0.0,2.0,13.0,2.0,0.0,-33.81096957696135,151.26997046659275,8.525266681347173,0.0,0.0,nothing,0.0,0
88be0e22d1fffff,0.0,0.0,0.0,0.0,0.0,0.0,0.0,0.0,0.0,0.0,0.0,0.0,1977427.838985396,3.0,3.0,0.0,0.0,0.0,0.0,0.0,-33.81493136424331,151.23077470897363,6.296999390006559,0.0,0.0,nothing,0.0,0
88be0e22d3fffff,0.0,0.0,2.0,0.0,0.0,0.0,1.0,11.0,0.0,0.0,0.0,326152.51705930475,2679851.089112602,20.0,8.0,0.0,0.0,2.0,1.0,0.0,-33.81382464759251,151.21990627172067,6.176353253956525,0.0,0.0,nothing,0.0,0
88be0e22d5fffff,0.0,0.0,0.0,0.0,0.0,0.0,0.0,5.0,0.0,0.0,0.0,0.0,4107606.5786802033,5.0,6.0,0.0,0.0,2.0,0.0,0.0,-33.8076569302904,151.23736486476133,7.262425975994195,0.0,0.0,nothing,0.0,0
88be0e22d7fffff,0.0,0.0,2.0,0.0,1.0,0.0,0.0,12.0,0.0,0.0,0.0,43572.22646342187,0.0,3.0,8.0,0.0,1.0,11.0,1.0,0.0,-33.80655083892558,151.22649719131795,7.085749277938612,0.0,0.0,nothing,0.0,0
88be0e22d9fffff,0.0,0.0,3.0,1.0,1.0,0.0,0.0,13.0,0.0,0.0,0.0,6934.358923322452,5551430.339719271,80.0,22.0,3463.5568513119533,2.0,1.0,1.0,0.0,-33.82331181215538,151.2350531007491,5.580175599905385,0.0,0.0,nothing,0.0,0
88be0e22dbfffff,1.0,0.0,5.0,0.0,0.0,1.0,0.0,18.0,0.0,0.0,0.0,86085.12583387551,6508492.066769501,36.0,11.0,0.0,0.0,4.0,1.0,0.0,-33.82220540815525,151.22418346803516,5.3486748643712625,0.0,0.0,nothing,0.0,0
88be0e22ddfffff,0.0,0.0,2.0,0.0,0.0,0.0,0.0,5.0,0.0,1.0,0.0,76503.02640534527,4834884.3008416565,35.0,15.0,0.0,1.0,0.0,0.0,0.0,-33.81603714289908,151.24164357752116,6.573611247400384,0.0,0.0,nothing,0.0,0
88be0e22e1fffff,6.0,0.0,8.0,1.0,0.0,2.0,0.0,9.0,1.0,0.0,0.0,661756.1379626953,4767790.992545187,68.0,14.0,3463.5568513119533,2.0,13.0,6.0,0.0,-33.78693457319257,151.2679946322085,10.581895708025424,0.0,0.0,nothing,0.0,0
88be0e22e3fffff,0.0,0.0,6.0,0.0,4.0,0.0,0.0,24.0,0.0,0.0,0.0,35289.77432915558,3742411.341627947,16.0,14.0,769.6793002915452,4.0,5.0,0.0,0.0,-33.785831293358235,151.25712882215709,10.212515771703744,0.0,0.0,nothing,0.0,0
88be0e22e5fffff,1.0,1.0,11.0,0.0,0.0,0.0,1.0,31.0,0.0,0.0,0.0,82238.66873228682,2687024.553588987,18.0,10.0,2790.087463556851,2.0,24.0,0.0,0.0,-33.779657960182156,151.2745796832498,11.588127973105737,0.0,0.0,nothing,0.0,0
88be0e22e7fffff,0.0,0.0,2.0,0.0,0.0,1.0,0.0,6.0,0.0,1.0,0.0,251946.79064771076,3662457.909537856,34.0,19.0,8274.05247813411,1.0,1.0,0.0,0.0,-33.778555304413956,151.2637146382792,11.205952066834296,0.0,0.0,nothing,0.0,0
88be0e22e9fffff,0.0,0.0,5.0,2.0,0.0,0.0,0.0,16.0,0.0,0.0,0.0,141448.28526928768,2232035.5555555555,50.0,21.0,0.0,0.0,4.0,4.0,0.0,-33.79531376508097,151.2722755000776,10.02105147454211,0.0,0.0,nothing,0.0,0
88be0e22ebfffff,1.0,1.0,12.0,4.0,0.0,1.0,0.0,30.0,0.0,0.0,0.0,106692.9325123196,4022550.176919409,68.0,19.0,0.0,2.0,16.0,3.0,0.0,-33.79421079848679,151.261408496209,9.576805821210836,10.0,11.0,"22 kW, 7 kW",14.5,1
88be0e22edfffff,3.0,0.0,3.0,0.0,0.0,0.0,0.0,9.0,0.0,0.0,0.0,320125.36862136854,1484808.743362832,43.0,15.0,481.04956268221576,0.0,12.0,1.0,0.0,-33.78803691566251,151.2788608706395,11.03236555185107,0.0,0.0,nothing,0.0,0
88be0e2401fffff,1.0,0.0,1.0,1.0,0.0,0.0,1.0,5.0,0.0,0.0,0.0,80353.18791074282,5968680.623589623,32.0,5.0,0.0,0.0,0.0,1.0,0.0,-33.776435933100714,151.08759528112492,15.22838567446879,1.0,1.0,22 kW,22.0,1
88be0e2403fffff,3.0,1.0,11.0,4.0,0.0,3.0,0.0,30.0,0.0,1.0,0.0,390184.721859542,6878234.241912799,45.0,15.0,0.0,2.0,29.0,2.0,2.0,-33.7753170497103,151.07673567160867,16.06639499145785,0.0,0.0,nothing,0.0,0
88be0e2405fffff,0.0,0.0,1.0,0.0,0.0,0.0,0.0,4.0,0.0,0.0,0.0,81736.04749977464,5640790.462994218,5.0,4.0,0.0,1.0,5.0,0.0,0.0,-33.76916972055998,151.09419359071356,15.352041175126104,0.0,0.0,nothing,0.0,0
88be0e2407fffff,5.0,0.0,19.0,3.0,1.0,2.0,1.0,29.0,0.0,0.0,0.0,133043.98054097674,5929187.916148968,60.0,14.0,0.0,2.0,41.0,8.0,0.0,-33.76805146463105,151.08333473745324,16.15180556174598,0.0,0.0,nothing,0.0,0
88be0e2409fffff,0.0,0.0,9.0,1.0,2.0,2.0,0.0,6.0,0.0,0.0,0.0,13597.622471503768,2717975.28384287,25.0,14.0,0.0,1.0,6.0,4.0,0.0,-33.784820329246436,151.09185669655778,14.31669126746676,0.0,0.0,nothing,0.0,0
88be0e240bfffff,0.0,0.0,0.0,0.0,1.0,1.0,1.0,2.0,0.0,0.0,0.0,139764.42784069717,4376232.633522096,21.0,10.0,0.0,0.0,1.0,1.0,0.0,-33.78370175332827,151.08099588943315,15.171306692351957,0.0,0.0,nothing,0.0,0
88be0e240dfffff,0.0,1.0,1.0,0.0,1.0,0.0,0.0,4.0,0.0,1.0,0.0,220354.27869931984,4084443.982304527,23.0,9.0,0.0,2.0,1.0,0.0,0.0,-33.77755388149811,151.0984553316387,14.412928072529375,1.0,2.0,22 kW,22.0,1
88be0e2411fffff,0.0,0.0,0.0,0.0,1.0,0.0,0.0,2.0,0.0,0.0,0.0,27317.718254914827,1806051.6923076925,30.0,3.0,1539.3586005830905,0.0,0.0,0.0,0.0,-33.781461796090944,151.05927560055312,16.933173953057135,0.0,0.0,nothing,0.0,0
88be0e2413fffff,3.0,0.0,9.0,2.0,0.0,3.0,1.0,17.0,0.0,2.0,0.0,330440.49511939986,1561500.076190476,51.0,17.0,13854.227405247811,5.0,13.0,2.0,3.0,-33.78034041509736,151.04841612030444,17.835221638566022,0.0,0.0,nothing,0.0,0
88be0e2415fffff,1.0,0.0,7.0,1.0,5.0,0.0,0.0,7.0,0.0,1.0,0.0,280263.280246643,47278.05063291139,30.0,16.0,0.0,0.0,34.0,0.0,0.0,-33.774197231489396,151.0658765038433,16.92360354660991,0.0,0.0,nothing,0.0,0
88be0e2417fffff,0.0,0.0,5.0,1.0,0.0,0.0,0.0,16.0,0.0,0.0,0.0,414649.3389287353,6161594.895238095,37.0,13.0,0.0,3.0,0.0,3.0,0.0,-33.773076478600736,151.05501777858186,17.79723475286842,0.0,0.0,nothing,0.0,0
88be0e2419fffff,0.0,0.0,0.0,0.0,0.0,0.0,0.0,2.0,0.0,0.0,0.0,26992.88497187409,3151557.2449903036,12.0,13.0,5580.174927113702,0.0,0.0,1.0,0.0,-33.78984704165031,151.06353429407758,16.086146671922315,0.0,0.0,nothing,0.0,0
88be0e241bfffff,0.0,0.0,1.0,0.0,1.0,0.0,0.0,1.0,0.0,0.0,0.0,31606.752257299297,1713906.1978021977,15.0,15.0,2886.2973760932946,0.0,1.0,1.0,0.0,-33.78872596735466,151.0526736154416,17.00301591125049,0.0,0.0,nothing,0.0,0
88be0e241dfffff,0.0,0.0,1.0,0.0,1.0,0.0,0.0,3.0,0.0,0.0,0.0,15440.684536589944,1923554.66199955,26.0,19.0,0.0,0.0,0.0,0.0,0.0,-33.782582242222226,151.0701355238471,16.044422329661852,0.0,0.0,nothing,0.0,0
88be0e2421fffff,1.0,0.0,1.0,0.0,0.0,0.0,0.0,20.0,0.0,0.0,0.0,110206.38812756156,0.0,2.0,1.0,1154.5189504373177,0.0,7.0,0.0,0.0,-33.753519118836536,151.09652962375523,16.508274468877417,0.0,0.0,nothing,0.0,0
88be0e2423fffff,0.0,0.0,0.0,0.0,0.0,0.0,0.0,5.0,0.0,0.0,0.0,0.0,1392608.0872483223,0.0,0.0,1827.98833819242,1.0,0.0,0.0,0.0,-33.75240118282211,151.08567272369288,17.25437470062899,0.0,0.0,nothing,0.0,0
88be0e2425fffff,0.0,0.0,6.0,0.0,1.0,0.0,0.0,11.0,0.0,1.0,0.0,373654.4991310109,0.0,7.0,3.0,0.0,0.0,44.0,0.0,0.0,-33.746252359154326,151.10312544439483,16.775389937784933,0.0,0.0,nothing,0.0,0
88be0e2427fffff,0.0,0.0,0.0,0.0,0.0,0.0,0.0,16.0,0.0,0.0,0.0,24430.45402617885,0.0,0.0,0.0,0.0,0.0,1.0,0.0,0.0,-33.7451350500337,151.09226930060538,17.48068322845212,0.0,0.0,nothing,0.0,0
88be0e2429fffff,0.0,0.0,2.0,0.0,2.0,0.0,0.0,8.0,0.0,1.0,0.0,16411.243285125667,1847366.4067901236,0.0,12.0,0.0,0.0,6.0,0.0,0.0,-33.761903116222605,151.1007908182902,15.54068492309232,0.0,0.0,nothing,0.0,0
88be0e242bfffff,0.0,0.0,6.0,1.0,0.0,0.0,0.0,10.0,0.0,0.0,0.0,133349.84694422266,3116231.6619332302,5.0,9.0,1282.798833819242,0.0,6.0,0.0,0.0,-33.760785487500954,151.08993272147174,16.299657661937392,0.0,0.0,nothing,0.0,0
88be0e242dfffff,0.0,1.0,0.0,0.0,0.0,0.0,0.0,20.0,0.0,2.0,0.0,16978.63089462093,0.0,11.0,10.0,384.8396501457726,1.0,4.0,1.0,0.0,-33.75463612060518,151.10738696394603,15.791988978410416,0.0,0.0,nothing,0.0,0
88be0e2431fffff,0.0,0.0,1.0,0.0,0.0,0.0,0.0,7.0,0.0,0.0,0.0,32290.10086905051,1464027.3424087008,14.0,11.0,0.0,0.0,0.0,0.0,0.0,-33.75854742689773,151.06821785059492,17.893374876668403,0.0,0.0,nothing,0.0,0
88be0e2433fffff,0.0,0.0,0.0,0.0,0.0,0.0,0.0,1.0,0.0,0.0,0.0,253320.32603920976,4437107.866817838,4.0,5.0,0.0,0.0,0.0,0.0,0.0,-33.75742699534122,151.05736107804225,18.721665330929746,0.0,0.0,nothing,0.0,0
88be0e2435fffff,0.0,0.0,0.0,0.0,0.0,0.0,0.0,2.0,0.0,0.0,0.0,0.0,1353863.9532633706,6.0,0.0,769.6793002915452,0.0,0.0,0.0,0.0,-33.75128231272418,151.07481626451187,18.02658551356242,0.0,0.0,nothing,0.0,0
88be0e2437fffff,1.0,0.0,3.0,2.0,0.0,0.0,0.0,4.0,0.0,3.0,0.0,365810.29818022007,1765477.2236686177,43.0,10.0,0.0,1.0,2.0,1.0,0.0,-33.750162508705195,151.06396024696485,18.821690962995746,0.0,0.0,nothing,0.0,0
88be0e2439fffff,0.0,0.0,1.0,0.0,0.0,0.0,0.0,0.0,0.0,0.0,0.0,11539.997816800844,2800393.463659905,35.0,12.0,0.0,0.0,5.0,0.0,0.0,-33.76693227406644,151.07247632540276,16.97440746204348,0.0,0.0,nothing,0.0,0
88be0e243bfffff,0.0,0.0,1.0,0.0,3.0,0.0,0.0,14.0,0.0,0.0,0.0,50976.757597710195,2442770.507936508,27.0,13.0,0.0,1.0,5.0,1.0,0.0,-33.765812149028726,151.06161835531515,17.81668132545069,0.0,0.0,nothing,0.0,0
88be0e243dfffff,0.0,0.0,1.0,0.0,0.0,0.0,0.0,5.0,0.0,0.0,0.0,43187.30054335865,3679117.2637918703,14.0,5.0,1924.198250728863,0.0,7.0,0.0,0.0,-33.759666924338525,151.07907506532234,17.08504792911039,0.0,0.0,nothing,0.0,0
88be0e2441fffff,0.0,0.0,2.0,0.0,1.0,0.0,0.0,2.0,0.0,0.0,0.0,154647.8375085324,2959674.5266538216,33.0,21.0,0.0,0.0,7.0,0.0,0.0,-33.794321985007166,151.10698142942024,12.567832054322308,0.0,0.0,nothing,0.0,0
88be0e2443fffff,0.0,0.0,0.0,0.0,0.0,0.0,0.0,3.0,0.0,2.0,0.0,0.0,697754.4828216375,36.0,17.0,0.0,0.0,2.0,0.0,0.0,-33.79320465256706,151.09611898397222,13.419114812785898,0.0,0.0,nothing,0.0,0
88be0e2445fffff,0.0,0.0,3.0,0.0,0.0,0.0,0.0,8.0,0.0,0.0,0.0,297330.09072103887,6225394.880539499,24.0,14.0,0.0,0.0,6.0,0.0,0.0,-33.78705467486942,151.11357963240832,12.677868481935588,0.0,0.0,nothing,0.0,0
88be0e2447fffff,0.0,0.0,2.0,0.0,0.0,0.0,0.0,7.0,0.0,1.0,0.0,30856.46279107144,2718815.0699588475,57.0,18.0,0.0,0.0,6.0,0.0,0.0,-33.78593796981422,151.10271794446743,13.484097519147529,0.0,0.0,nothing,0.0,0
88be0e2449fffff,0.0,0.0,5.0,0.0,4.0,0.0,0.0,5.0,0.0,0.0,0.0,64256.65668886572,6704256.003004863,34.0,20.0,0.0,3.0,5.0,0.0,0.0,-33.802705926575754,151.1112457867175,11.667095122245946,0.0,0.0,nothing,0.0,0
88be0e244bfffff,0.0,0.0,0.0,0.0,0.0,0.0,0.0,3.0,0.0,0.0,0.0,38724.631863225746,5088585.811496467,16.0,12.0,0.0,1.0,0.0,0.0,0.0,-33.80158890256147,151.10038214358872,12.538691081403536,0.0,0.0,nothing,0.0,0
88be0e244dfffff,0.0,0.0,10.0,1.0,0.0,0.0,1.0,18.0,0.0,0.0,0.0,393869.9754378873,4843548.347677156,50.0,21.0,0.0,2.0,1.0,3.0,0.0,-33.79543838157739,151.1178443146865,11.742335390514397,0.0,0.0,nothing,0.0,0
88be0e2451fffff,0.0,0.0,3.0,0.0,3.0,0.0,0.0,3.0,0.0,1.0,0.0,0.0,4175648.198670697,15.0,13.0,0.0,0.0,8.0,1.0,0.0,-33.79935204650003,151.0786561791638,14.337947118075563,0.0,0.0,nothing,0.0,0
88be0e2453fffff,0.0,0.0,0.0,0.0,0.0,0.0,1.0,2.0,0.0,0.0,0.0,45529.14413830568,1977124.567973242,18.0,16.0,962.0991253644316,0.0,0.0,1.0,0.0,-33.79823221477777,151.06779385937585,15.258991860276977,0.0,0.0,nothing,0.0,0
88be0e2455fffff,8.0,0.0,32.0,7.0,2.0,10.0,1.0,54.0,0.0,3.0,0.0,240801.55973025045,4508739.603070175,85.0,26.0,0.0,8.0,83.0,16.0,1.0,-33.79208638441926,151.08525697909656,14.291573347567503,3.0,4.0,"22 kW, 7 kW",14.5,1
88be0e2457fffff,0.0,0.0,8.0,2.0,0.0,1.0,0.0,19.0,0.0,3.0,0.0,507490.5897021757,4285806.268384716,47.0,10.0,384.8396501457726,5.0,18.0,1.0,0.0,-33.790967180726135,151.0743954155471,15.181554274566876,0.0,0.0,nothing,0.0,0
88be0e2459fffff,2.0,1.0,6.0,3.0,0.0,1.0,2.0,14.0,1.0,4.0,0.0,144810.2588771228,6777645.976190477,68.0,17.0,0.0,8.0,4.0,2.0,0.0,-33.807736839042775,151.08291781491778,13.517209891538478,0.0,0.0,nothing,0.0,0
88be0e245bfffff,0.0,0.0,3.0,0.0,0.0,0.0,0.0,3.0,0.0,0.0,0.0,448525.0545038375,1310725.5882352942,42.0,18.0,0.0,2.0,0.0,0.0,0.0,-33.80661731497221,151.07205429666848,14.455123558965283,5.0,5.0,kW,1.0,1
88be0e245dfffff,1.0,0.0,5.0,0.0,2.0,1.0,0.0,3.0,0.0,0.0,0.0,60671.63657929053,6919382.496188388,13.0,5.0,0.0,0.0,24.0,2.0,0.0,-33.80047094248212,151.0895189408194,13.430215093757983,0.0,0.0,nothing,0.0,0
88be0e2461fffff,18.0,0.0,9.0,0.0,3.0,6.0,2.0,18.0,0.0,0.0,0.0,2166201.7626246302,2633414.324074074,42.0,5.0,0.0,4.0,4.0,0.0,11.0,-33.771403427861564,151.11591261785065,13.836774146596442,1.0,2.0,22 kW,22.0,1
88be0e2463fffff,0.0,0.0,1.0,0.0,0.0,0.0,0.0,10.0,0.0,0.0,0.0,6300138.11743091,3887173.662962963,50.0,18.0,0.0,1.0,10.0,1.0,0.0,-33.77028704169085,151.1050528844305,14.578876377499814,0.0,0.0,nothing,0.0,0
88be0e2465fffff,0.0,1.0,0.0,0.0,1.0,0.0,0.0,14.0,0.0,0.0,0.0,116642.48202587114,823703.3024330072,13.0,7.0,1154.5189504373177,0.0,1.0,1.0,0.0,-33.76413556969505,151.12250833092153,14.118907960465595,0.0,0.0,nothing,0.0,0
88be0e2467fffff,0.0,0.0,3.0,0.0,0.0,0.0,0.0,22.0,0.0,0.0,0.0,355384.3635734303,73384.72222222222,8.0,5.0,1924.198250728863,0.0,2.0,0.0,0.0,-33.763019810341284,151.11164935502455,14.81219424017912,0.0,0.0,nothing,0.0,0
88be0e2469fffff,6.0,0.0,37.0,4.0,1.0,3.0,1.0,73.0,0.0,0.0,0.0,3866900.9578543506,6883864.961279461,76.0,28.0,0.0,17.0,18.0,5.0,1.0,-33.77978697266487,151.12017675264445,12.866726137063598,12.0,13.0,"22 kW, 6.6 kW, kW",9.866666666666667,1
88be0e246bfffff,12.0,0.0,8.0,0.0,2.0,0.0,0.0,20.0,0.0,2.0,0.0,7000337.612066872,5847295.179012346,99.0,20.0,0.0,10.0,5.0,2.0,2.0,-33.77867089474017,151.10931582239644,13.624075589385582,3.0,6.0,22 kW,22.0,1
88be0e246dfffff,0.0,0.0,1.0,1.0,0.0,0.0,0.0,11.0,0.0,0.0,0.0,38325.233919257626,6704358.468977581,3.0,4.0,769.6793002915452,1.0,1.0,0.0,0.0,-33.772518878910226,151.12677279022034,13.131005529216116,0.0,0.0,nothing,0.0,0
88be0e2481fffff,0.0,0.0,0.0,0.0,0.0,0.0,0.0,0.0,0.0,0.0,0.0,37826.35611858626,2687749.9106858056,1.0,4.0,0.0,0.0,1.0,0.0,0.0,-33.76858412363158,151.01158731763215,21.415217103013113,0.0,0.0,nothing,0.0,0
88be0e2483fffff,0.0,0.0,1.0,0.0,0.0,0.0,0.0,5.0,0.0,1.0,0.0,571118.6550714752,5297233.711817423,29.0,8.0,0.0,0.0,1.0,0.0,0.0,-33.76745869985343,151.00073081618112,22.343071099551743,0.0,0.0,nothing,0.0,0
88be0e2485fffff,0.0,0.0,0.0,0.0,0.0,0.0,0.0,1.0,0.0,0.0,0.0,338797.6870983846,1369405.0476190476,6.0,2.0,769.6793002915452,0.0,0.0,0.0,0.0,-33.761322307406495,151.01819090964776,21.33509233999353,0.0,0.0,nothing,0.0,0
88be0e2487fffff,0.0,0.0,1.0,0.0,0.0,0.0,0.0,2.0,0.0,0.0,0.0,323178.80726705544,2834612.2775119618,14.0,9.0,0.0,0.0,0.0,2.0,0.0,-33.760197512450034,151.0073351606636,22.243158236870663,2.0,3.0,6 kW,6.0,1
88be0e2489fffff,0.0,0.0,1.0,0.0,0.0,0.0,0.0,1.0,0.0,0.0,0.0,0.0,87876.25974025973,12.0,8.0,1924.198250728863,0.0,0.0,0.0,0.0,-33.776970664575416,151.01584034535966,20.60353374462796,0.0,0.0,nothing,0.0,0
88be0e248bfffff,0.0,0.0,1.0,0.0,0.0,0.0,0.0,6.0,0.0,0.0,0.0,43522.58162505067,1304150.9954431532,10.0,6.0,1539.3586005830905,0.0,2.0,0.0,0.0,-33.77584554576637,151.0049826448208,21.542582341820275,0.0,0.0,nothing,0.0,0
88be0e248dfffff,1.0,0.0,4.0,1.0,0.0,0.0,0.0,9.0,0.0,0.0,0.0,508603.2956822838,307566.90909090906,17.0,12.0,0.0,0.0,0.0,2.0,0.0,-33.76970861355917,151.02244426535,20.49545442158317,0.0,0.0,nothing,0.0,0
88be0e2491fffff,0.0,0.0,0.0,0.0,0.0,0.0,0.0,1.0,0.0,0.0,0.0,86333.78711312659,5346386.366750209,24.0,16.0,481.04956268221576,0.0,0.0,1.0,0.0,-33.773592506179746,150.983268584921,23.4392284460996,0.0,0.0,nothing,0.0,0
88be0e2493fffff,0.0,0.0,2.0,0.0,0.0,0.0,0.0,7.0,0.0,0.0,0.0,612059.8592649688,762532.5555555555,40.0,30.0,1635.5685131195337,0.0,0.0,1.0,0.0,-33.77246458573098,150.97241222706418,24.395379986924404,0.0,0.0,nothing,0.0,0
88be0e2495fffff,0.0,0.0,1.0,0.0,0.0,0.0,0.0,2.0,0.0,1.0,0.0,267723.0024725596,6045558.454051796,28.0,16.0,0.0,0.0,0.0,0.0,0.0,-33.76633234238885,150.98987476174895,23.2780468447378,0.0,0.0,nothing,0.0,0
88be0e2497fffff,0.0,0.0,0.0,0.0,0.0,0.0,0.0,1.0,0.0,0.0,0.0,346402.70525323757,2941197.0,27.0,18.0,0.0,0.0,1.0,1.0,0.0,-33.76520505140219,150.97901915508749,24.21931759122504,0.0,0.0,nothing,0.0,0
88be0e2499fffff,0.0,0.0,0.0,0.0,0.0,0.0,0.0,7.0,0.0,0.0,0.0,9664.570088032253,5246121.034897683,10.0,9.0,1154.5189504373177,0.0,1.0,1.0,0.0,-33.781979891112755,150.98751888530217,22.67730285816768,0.0,0.0,nothing,0.0,0
88be0e249bfffff,0.0,0.0,2.0,0.0,0.0,0.0,0.0,1.0,0.0,0.0,0.0,8184.241652069444,2764804.43327126,18.0,9.0,2501.457725947522,0.0,0.0,1.0,0.0,-33.7808522748574,150.97666132758337,23.6426152395184,0.0,0.0,nothing,0.0,0
88be0e249dfffff,0.0,0.0,0.0,0.0,0.0,0.0,0.0,0.0,0.0,0.0,0.0,5742.629593900294,4750996.935254804,17.0,16.0,769.6793002915452,0.0,6.0,0.0,0.0,-33.77471949291305,150.9941253910905,22.488074500821675,0.0,0.0,nothing,0.0,0
88be0e24a1fffff,0.0,0.0,0.0,0.0,0.0,0.0,0.0,0.0,0.0,0.0,0.0,0.0,107684.47058823529,7.0,14.0,1731.778425655977,0.0,0.0,0.0,0.0,-33.74567395667649,151.0205406081631,22.18076914548135,0.0,0.0,nothing,0.0,0
88be0e24a3fffff,0.0,0.0,0.0,0.0,0.0,0.0,0.0,3.0,0.0,0.0,0.0,701.2242628004145,624899.5488721804,0.0,2.0,0.0,0.0,0.0,0.0,0.0,-33.744549485497544,151.0096868100692,23.055433658089207,0.0,0.0,nothing,0.0,0
88be0e24a5fffff,1.0,0.0,1.0,0.0,0.0,1.0,0.0,3.0,0.0,0.0,0.0,108899.6284504097,3214651.5966386553,17.0,12.0,1731.778425655977,0.0,4.0,0.0,0.0,-33.7384115893387,151.02714171135972,22.218680104726957,0.0,0.0,nothing,0.0,0
88be0e24a7fffff,0.0,0.0,0.0,0.0,0.0,0.0,0.0,0.0,0.0,0.0,0.0,7211.698764794762,5362187.142857143,9.0,11.0,3655.97667638484,0.0,0.0,0.0,0.0,-33.737287746414616,151.01628866575345,23.069607406662342,0.0,0.0,nothing,0.0,0
88be0e24a9fffff,0.0,0.0,0.0,0.0,0.0,0.0,0.0,1.0,0.0,0.0,0.0,0.0,0.0,8.0,9.0,0.0,0.0,0.0,1.0,0.0,-33.75406009760731,151.02479342095754,21.3027417791617,0.0,0.0,nothing,0.0,0
88be0e24abfffff,0.0,0.0,0.0,0.0,0.0,0.0,0.0,0.0,0.0,0.0,0.0,0.0,205044.60606060605,0.0,2.0,4233.236151603499,0.0,0.0,0.0,0.0,-33.752935931219,151.01393842462767,22.188945674119942,0.0,0.0,nothing,0.0,0
88be0e24adfffff,0.0,0.0,0.0,0.0,0.0,0.0,0.0,5.0,0.0,0.0,0.0,1816064.795466852,1346055.8823529412,6.0,8.0,1539.3586005830905,0.0,2.0,0.0,0.0,-33.74679749475025,151.03139485165138,21.31838357411791,0.0,0.0,nothing,0.0,0
88be0e24b1fffff,0.0,1.0,0.0,0.0,1.0,0.0,0.0,5.0,0.0,0.0,0.0,306408.2428611922,2400300.4600770217,29.0,17.0,0.0,0.0,1.0,0.0,0.0,-33.750684798709266,150.99222977052665,23.991550115467653,0.0,0.0,nothing,0.0,0
88be0e24b3fffff,0.0,0.0,0.0,0.0,0.0,0.0,0.0,2.0,1.0,0.0,0.0,16387.77141401415,1456803.99358885,17.0,19.0,0.0,0.0,0.0,2.0,0.0,-33.74955783291613,150.98137611425858,24.905761399831935,0.0,0.0,nothing,0.0,0
88be0e24b5fffff,0.0,1.0,0.0,0.0,0.0,0.0,0.0,3.0,0.0,0.0,0.0,189699.7017621468,3172617.479948652,28.0,14.0,1539.3586005830905,1.0,0.0,0.0,0.0,-33.74342408137724,150.99883345812134,23.941029373044465,0.0,0.0,nothing,0.0,0
88be0e24b7fffff,0.0,0.0,0.0,0.0,0.0,0.0,0.0,2.0,0.0,0.0,0.0,30490.69814057516,3477207.290841739,17.0,15.0,1154.5189504373177,2.0,0.0,0.0,0.0,-33.742297744479686,150.9879805530707,24.836385077257138,1.0,2.0,7 kW,7.0,1
88be0e24b9fffff,0.0,0.0,4.0,2.0,0.0,1.0,1.0,12.0,0.0,1.0,0.0,587904.8238329213,4490049.319207109,52.0,13.0,0.0,4.0,7.0,3.0,1.0,-33.75907178400078,150.99647985815662,23.159952268019367,0.0,0.0,nothing,0.0,0
88be0e24bbfffff,0.0,0.0,0.0,0.0,0.0,0.0,0.0,0.0,0.0,0.0,0.0,74303.31611961167,708241.2289055972,18.0,10.0,0.0,0.0,0.0,0.0,0.0,-33.757945122222935,150.9856250028785,24.08447575220538,1.0,3.0,6.6 - 22 kW,0.0,1
88be0e24bdfffff,0.0,0.0,0.0,0.0,0.0,0.0,0.0,0.0,0.0,1.0,0.0,326023.6546966087,1451972.4812030073,14.0,13.0,1154.5189504373177,0.0,3.0,0.0,0.0,-33.75181083153164,151.00308387423348,23.085606589612965,0.0,0.0,nothing,0.0,0
88be0e24c1fffff,0.0,0.0,0.0,0.0,0.0,0.0,0.0,3.0,0.0,0.0,0.0,125563.3035492078,206620.03703703705,25.0,18.0,0.0,1.0,0.0,1.0,0.0,-33.78648101375638,151.03095358968312,18.866392914227816,0.0,0.0,nothing,0.0,0
88be0e24c3fffff,0.0,0.0,2.0,0.0,0.0,0.0,1.0,0.0,0.0,0.0,0.0,411316.036858565,1481787.147683687,1.0,0.0,0.0,0.0,1.0,0.0,0.0,-33.785357134780604,151.02009424406685,19.810108304374857,0.0,0.0,nothing,0.0,0
88be0e24c5fffff,0.0,0.0,1.0,0.0,1.0,0.0,1.0,4.0,0.0,0.0,0.0,11475.552454991925,0.0,7.0,3.0,1924.198250728863,0.0,2.0,0.0,0.0,-33.77921809940463,151.03755708385407,18.74864387752008,0.0,0.0,nothing,0.0,0
88be0e24c7fffff,0.0,0.0,0.0,0.0,0.0,0.0,0.0,1.0,0.0,1.0,0.0,0.0,0.0,12.0,10.0,1154.5189504373177,0.0,0.0,0.0,0.0,-33.77809484917611,151.02669849195493,19.67185389834149,0.0,0.0,nothing,0.0,0
88be0e24c9fffff,1.0,0.0,1.0,0.0,0.0,1.0,0.0,5.0,0.0,0.0,0.0,0.0,3749530.6666666665,5.0,5.0,769.6793002915452,0.0,14.0,0.0,0.0,-33.794867106799,151.03520955875524,18.08149755450335,0.0,0.0,nothing,0.0,0
88be0e24cbfffff,0.0,0.0,1.0,2.0,0.0,1.0,0.0,6.0,0.0,0.0,0.0,205512.22276684665,3931239.7368797194,12.0,8.0,0.0,0.0,1.0,3.0,0.0,-33.793743533746245,151.02434901397424,19.03722545556589,0.0,0.0,nothing,0.0,0
88be0e24cdfffff,0.0,0.0,0.0,0.0,0.0,0.0,0.0,4.0,0.0,0.0,0.0,0.0,626238.5555555556,21.0,10.0,3848.396501457726,0.0,3.0,0.0,0.0,-33.787603958002244,151.04181338039237,17.93027616675412,0.0,0.0,nothing,0.0,0
88be0e24d1fffff,0.0,3.0,10.0,0.0,7.0,0.0,1.0,50.0,0.0,0.0,1.0,1338084.8710314287,7174140.94657155,52.0,15.0,0.0,3.0,17.0,2.0,0.0,-33.791493583032874,151.0026292620697,20.964909435566575,4.0,4.0,7 kW,7.0,1
88be0e24d3fffff,0.0,0.0,2.0,2.0,0.0,0.0,0.0,10.0,0.0,1.0,0.0,4906.503502402058,7960988.002934265,37.0,11.0,192.4198250728863,1.0,0.0,2.0,0.0,-33.79036720570038,150.99177005645168,21.935435126672893,0.0,0.0,nothing,0.0,0
88be0e24d5fffff,0.0,0.0,0.0,0.0,0.0,0.0,0.0,2.0,0.0,0.0,0.0,0.0,3292495.7328738873,4.0,12.0,0.0,0.0,1.0,1.0,0.0,-33.78423232123872,151.0092353442962,20.760383853269573,0.0,0.0,nothing,0.0,0
88be0e24d7fffff,0.0,0.0,0.0,1.0,0.0,0.0,0.0,2.0,0.0,0.0,0.0,0.0,6607783.037023647,17.0,12.0,0.0,3.0,0.0,1.0,0.0,-33.78310657329469,150.99837689112385,21.71635621606825,0.0,0.0,nothing,0.0,0
88be0e24d9fffff,0.0,2.0,6.0,1.0,0.0,1.0,1.0,44.0,1.0,4.0,0.0,0.0,5142901.750607185,97.0,30.0,0.0,0.0,27.0,2.0,1.0,-33.79988052162669,151.00688250414885,20.235994179936817,0.0,0.0,nothing,0.0,0
88be0e24dbfffff,0.0,0.0,0.0,0.0,0.0,0.0,0.0,12.0,0.0,0.0,0.0,365993.7980115039,7086302.880661475,28.0,4.0,0.0,1.0,9.0,0.0,0.0,-33.798754449441724,150.9960220985904,21.215731023455913,0.0,0.0,nothing,0.0,0
88be0e24ddfffff,1.0,0.0,0.0,0.0,0.0,0.0,0.0,6.0,0.0,0.0,0.0,501506.9912784259,4861591.229858531,25.0,7.0,0.0,0.0,0.0,0.0,0.0,-33.792619025769554,151.01348891482812,19.998623512336533,0.0,0.0,nothing,0.0,0
88be0e24e1fffff,0.0,0.0,0.0,0.0,0.0,1.0,0.0,1.0,0.0,0.0,0.0,16577.079973797183,3804634.3,21.0,10.0,3078.717201166181,1.0,1.0,1.0,0.0,-33.76356909618545,151.0399037440398,19.550008422400634,0.0,0.0,nothing,0.0,0
88be0e24e3fffff,0.0,0.0,0.0,0.0,0.0,0.0,0.0,0.0,0.0,0.0,0.0,0.0,0.0,0.0,0.0,1346.938775510204,0.0,0.0,0.0,0.0,-33.762446168706205,151.0290471043572,20.43692036681385,0.0,0.0,nothing,0.0,0
88be0e24e5fffff,0.0,0.0,0.0,0.0,0.0,0.0,0.0,3.0,0.0,0.0,0.0,0.0,8642938.804761903,29.0,18.0,769.6793002915452,0.0,0.0,1.0,0.0,-33.756305629831864,151.0465047484169,19.567381910816643,0.0,0.0,nothing,0.0,0
88be0e24e7fffff,0.0,0.0,0.0,0.0,0.0,0.0,0.0,1.0,0.0,0.0,0.0,0.0,2320433.1999999997,5.0,15.0,1154.5189504373177,1.0,0.0,0.0,0.0,-33.75518333053279,151.03564886247128,20.428358170730156,0.0,0.0,nothing,0.0,0
88be0e24e9fffff,0.0,0.0,0.0,0.0,0.0,0.0,0.0,3.0,0.0,0.0,0.0,12467.01026514582,6646925.999999999,25.0,10.0,4810.495626822158,1.0,1.0,0.0,0.0,-33.7719547912073,151.04415949657735,18.684982708101835,0.0,0.0,nothing,0.0,0
88be0e24ebfffff,1.0,2.0,5.0,0.0,0.0,0.0,0.0,10.0,0.0,0.0,0.0,390612.8212767047,274317.58095238096,31.0,21.0,2116.6180758017495,6.0,5.0,0.0,0.0,-33.77083216947229,151.03330165858253,19.58492547074673,0.0,0.0,nothing,0.0,0
88be0e24edfffff,0.0,0.0,2.0,0.0,1.0,0.0,1.0,10.0,0.0,0.0,0.0,111595.52940633796,7521001.729629629,26.0,13.0,0.0,1.0,7.0,0.0,0.0,-33.76469108968071,151.05076082794326,18.67596328571518,0.0,0.0,nothing,0.0,0
88be0e2501fffff,0.0,1.0,2.0,0.0,0.0,0.0,0.0,9.0,0.0,0.0,0.0,0.0,1820485.8566978192,12.0,11.0,0.0,0.0,7.0,0.0,0.0,-33.72556423566697,151.1337607291893,17.359338467455025,0.0,0.0,nothing,0.0,0
88be0e2503fffff,2.0,0.0,4.0,0.0,0.0,0.0,0.0,13.0,0.0,0.0,0.0,34743.70610572916,6367397.164443576,20.0,4.0,0.0,1.0,30.0,2.0,0.0,-33.72444973916673,151.12290641736314,17.898700652389905,0.0,0.0,nothing,0.0,0
88be0e2505fffff,0.0,0.0,0.0,0.0,0.0,0.0,0.0,8.0,0.0,0.0,0.0,31059.677776002332,0.0,13.0,18.0,0.0,0.0,1.0,1.0,0.0,-33.7182952913985,151.1403514666128,17.873236655395615,0.0,0.0,nothing,0.0,0
88be0e2507fffff,0.0,0.0,0.0,0.0,0.0,0.0,0.0,2.0,0.0,0.0,0.0,6907.653785210056,265403.6285781461,10.0,6.0,0.0,0.0,0.0,0.0,0.0,-33.717181420579195,151.12949791234038,18.36952656024936,0.0,0.0,nothing,0.0,0
88be0e2509fffff,0.0,0.0,0.0,0.0,0.0,0.0,0.0,11.0,0.0,0.0,0.0,30641.639785132425,5043262.079083002,10.0,11.0,0.0,1.0,1.0,2.0,0.0,-33.733946979852526,151.1380244172529,16.349149195937557,0.0,0.0,nothing,0.0,0
88be0e250bfffff,0.0,0.0,10.0,2.0,0.0,0.0,1.0,31.0,0.0,0.0,0.0,777646.2507229266,6143764.491746873,42.0,16.0,0.0,4.0,32.0,8.0,0.0,-33.73283279123853,151.12716891030252,16.89044438097291,0.0,0.0,nothing,0.0,0
88be0e250dfffff,0.0,1.0,1.0,0.0,0.0,0.0,0.0,2.0,1.0,0.0,0.0,24267.695690287168,0.0,9.0,12.0,0.0,0.0,2.0,1.0,0.0,-33.72667779854106,151.14461547823117,16.863692826675344,0.0,0.0,nothing,0.0,0
88be0e2511fffff,0.0,0.0,0.0,0.0,0.0,0.0,0.0,2.0,0.0,0.0,0.0,427870.9078025723,2964136.5995178022,16.0,8.0,0.0,2.0,0.0,0.0,0.0,-33.73060161270696,151.10545921042043,18.095160663256255,0.0,0.0,nothing,0.0,0
88be0e2513fffff,0.0,0.0,0.0,0.0,0.0,0.0,0.0,0.0,0.0,0.0,0.0,683801.0914578537,2177022.1069155093,3.0,12.0,0.0,1.0,0.0,1.0,0.0,-33.72948462311266,151.09460501899397,18.75073208475888,3.0,3.0,kW,1.0,1
88be0e2515fffff,0.0,0.0,1.0,0.0,0.0,0.0,0.0,2.0,0.0,0.0,0.0,0.0,7188756.809004529,12.0,0.0,0.0,1.0,1.0,1.0,0.0,-33.723334309201704,151.1120525435053,18.47794913708621,0.0,0.0,nothing,0.0,0
88be0e2517fffff,2.0,0.0,0.0,0.0,0.0,2.0,0.0,6.0,1.0,0.0,0.0,131824.97099288265,7529704.569897647,31.0,17.0,0.0,0.0,11.0,4.0,0.0,-33.72221794593348,151.10119910836823,19.09345172917922,0.0,0.0,nothing,0.0,0
88be0e2519fffff,0.0,0.0,1.0,0.0,0.0,0.0,0.0,9.0,0.0,0.0,0.0,107334.6876806022,0.0,0.0,0.0,0.0,0.0,9.0,0.0,0.0,-33.7389852089709,151.1097201834818,17.098263388103394,0.0,0.0,nothing,0.0,0
88be0e251bfffff,0.0,0.0,2.0,0.0,0.0,0.0,0.0,5.0,0.0,1.0,0.0,372166.6557632421,0.0,23.0,15.0,0.0,2.0,0.0,1.0,2.0,-33.73786852648982,151.09886479615085,17.76179632063869,0.0,0.0,nothing,0.0,0
88be0e251dfffff,0.0,0.0,0.0,0.0,0.0,0.0,0.0,1.0,0.0,0.0,0.0,0.0,5863279.199673639,19.0,14.0,0.0,0.0,0.0,1.0,1.0,-33.73171766880284,151.11631384110746,17.47380501258173,0.0,0.0,nothing,0.0,0
88be0e2521fffff,0.0,0.0,1.0,0.0,0.0,0.0,0.0,4.0,0.0,0.0,0.0,384952.48099280574,0.0,3.0,7.0,0.0,0.0,2.0,0.0,0.0,-33.70264361861648,151.14267765882585,19.435298769181824,0.0,0.0,nothing,0.0,0
88be0e2523fffff,0.0,0.0,1.0,0.0,0.0,0.0,0.0,15.0,0.0,0.0,0.0,119625.71551580682,1624800.1785365853,0.0,0.0,0.0,0.0,1.0,0.0,0.0,-33.70153006551729,151.13182605656527,19.892514967104567,0.0,0.0,nothing,0.0,0
88be0e2525fffff,0.0,0.0,1.0,0.0,0.0,0.0,0.0,3.0,0.0,0.0,0.0,93883.58001050825,0.0,9.0,12.0,1924.198250728863,0.0,2.0,0.0,0.0,-33.695374136274616,151.1492659105174,20.023640956166535,0.0,0.0,nothing,0.0,0
88be0e2527fffff,0.0,0.0,0.0,0.0,0.0,0.0,0.0,1.0,0.0,0.0,0.0,0.0,0.0,0.0,0.0,0.0,0.0,0.0,0.0,0.0,-33.69426120828832,151.13841506582526,20.442541410246587,0.0,0.0,nothing,0.0,0
88be0e2529fffff,0.0,0.0,3.0,0.0,0.0,1.0,0.0,5.0,0.0,0.0,0.0,24271.86224042777,0.0,9.0,10.0,0.0,0.0,2.0,0.0,0.0,-33.71102595894982,151.14694112266466,18.428375001175297,0.0,0.0,nothing,0.0,0
88be0e252bfffff,0.0,0.0,1.0,1.0,0.0,0.0,0.0,4.0,0.0,0.0,0.0,43993.12967006511,0.0,3.0,22.0,0.0,0.0,1.0,2.0,0.0,-33.7099127135569,151.13608832613073,18.88284801339714,0.0,0.0,nothing,0.0,0
88be0e252dfffff,0.0,0.0,1.0,0.0,0.0,0.0,0.0,1.0,0.0,0.0,0.0,36714.00592105046,0.0,0.0,0.0,0.0,1.0,1.0,0.0,0.0,-33.70375623883761,151.15352969743682,19.021143651439235,0.0,0.0,nothing,0.0,0
88be0e2531fffff,0.0,2.0,2.0,0.0,0.0,0.0,0.0,3.0,0.0,1.0,0.0,76138.94598277383,6576465.458377813,28.0,19.0,0.0,0.0,4.0,0.0,0.0,-33.707683423711174,151.11438404448367,19.915792110032218,0.0,0.0,nothing,0.0,0
88be0e2533fffff,1.0,0.0,33.0,13.0,2.0,2.0,2.0,69.0,0.0,0.0,0.0,994184.3606515134,4881531.50671815,95.0,12.0,384.8396501457726,19.0,24.0,11.0,1.0,-33.70656737958109,151.10353256087484,20.488008110738825,4.0,4.0,22 kW,22.0,1
88be0e2535fffff,0.0,0.0,0.0,0.0,0.0,0.0,0.0,1.0,0.0,0.0,0.0,0.0,8004175.84607455,1.0,8.0,0.0,0.0,1.0,1.0,0.0,-33.70041557970116,151.12097489140731,20.38989347535577,0.0,0.0,nothing,0.0,0
88be0e2537fffff,1.0,2.0,4.0,9.0,2.0,0.0,0.0,27.0,0.0,0.0,0.0,640454.364877117,4938643.868299938,61.0,11.0,2309.0379008746354,0.0,12.0,1.0,0.0,-33.69930016132938,151.1101241641039,20.924568340012204,0.0,0.0,nothing,0.0,0
88be0e2539fffff,0.0,0.0,14.0,3.0,1.0,1.0,0.0,19.0,0.0,2.0,0.0,449893.8399814548,6229736.353316357,42.0,6.0,0.0,2.0,40.0,2.0,0.0,-33.71606661649061,151.11864479549683,18.90716076712806,0.0,0.0,nothing,0.0,0
88be0e253bfffff,0.0,0.0,5.0,0.0,0.0,1.0,0.0,20.0,0.0,0.0,0.0,113863.86011806132,7050744.146888884,41.0,11.0,0.0,0.0,3.0,5.0,0.0,-33.71495087929413,151.10779211683442,19.48271450609106,2.0,2.0,kW,1.0,1
88be0e253dfffff,0.0,0.0,0.0,0.0,0.0,0.0,0.0,1.0,0.0,1.0,0.0,0.0,4873281.2830188675,8.0,24.0,0.0,0.0,0.0,0.0,0.0,-33.70879853509027,151.12523596648631,19.37971196865116,0.0,0.0,nothing,0.0,0
88be0e2541fffff,0.0,0.0,0.0,0.0,0.0,0.0,0.0,0.0,0.0,0.0,0.0,8020.107414435658,6433929.298020872,15.0,7.0,769.6793002915452,0.0,4.0,0.0,0.0,-33.743442598724776,151.1531461157561,14.844871648971353,0.0,0.0,nothing,0.0,0
88be0e2543fffff,1.0,0.0,1.0,0.0,0.0,1.0,0.0,14.0,0.0,2.0,0.0,174724.97207437232,7995522.045860897,34.0,10.0,0.0,0.0,14.0,4.0,0.0,-33.7423296526348,151.14228897675102,15.33896063467091,0.0,0.0,nothing,0.0,0
88be0e2545fffff,0.0,0.0,0.0,0.0,0.0,0.0,0.0,4.0,0.0,0.0,0.0,0.0,2618567.241322731,12.0,2.0,0.0,1.0,0.0,0.0,0.0,-33.73617255497046,151.15973674140767,15.410163239479315,0.0,0.0,nothing,0.0,0
88be0e2547fffff,0.0,0.0,0.0,0.0,0.0,0.0,0.0,3.0,0.0,0.0,0.0,38140.68883103368,4549925.640019327,10.0,9.0,0.0,0.0,4.0,2.0,0.0,-33.73506023448352,151.14888036120564,15.8542314867036,0.0,0.0,nothing,0.0,0
88be0e2549fffff,2.0,0.0,2.0,1.0,1.0,0.0,1.0,4.0,0.0,2.0,0.0,241802.0289791306,4515406.4297167845,20.0,5.0,0.0,4.0,25.0,3.0,0.0,-33.75182489076369,151.15741274210242,13.835637858621846,0.0,0.0,nothing,0.0,0
88be0e254bfffff,0.0,0.0,1.0,0.0,0.0,0.0,0.0,14.0,0.0,0.0,0.0,574153.9414960275,7055265.74703524,38.0,8.0,0.0,4.0,1.0,0.0,0.0,-33.75071225351269,151.14655440790358,14.328775191059844,2.0,3.0,"22 kW, 7 kW",14.5,1
88be0e254dfffff,0.0,0.0,0.0,0.0,0.0,0.0,0.0,2.0,0.0,0.0,0.0,10122.875422566853,2426176.008336188,4.0,13.0,1154.5189504373177,0.0,0.0,1.0,0.0,-33.744554610313905,151.16400369079673,14.40525130066577,0.0,0.0,nothing,0.0,0
88be0e2551fffff,0.0,0.0,1.0,0.0,0.0,0.0,0.0,12.0,0.0,0.0,0.0,316164.0621161404,76005.13432835821,0.0,2.0,0.0,0.0,13.0,0.0,0.0,-33.74848417508169,151.12483904998518,15.46787284612746,0.0,0.0,nothing,0.0,0
88be0e2553fffff,0.0,1.0,3.0,1.0,0.0,0.0,0.0,16.0,0.0,1.0,0.0,42768.71438379891,0.0,35.0,16.0,0.0,1.0,18.0,4.0,0.0,-33.747368734224274,151.1139820277724,16.103020791522084,0.0,0.0,nothing,0.0,0
88be0e2555fffff,0.0,0.0,0.0,0.0,0.0,0.0,0.0,8.0,0.0,1.0,0.0,12791.731605701243,6902949.906914028,8.0,3.0,0.0,0.0,3.0,0.0,0.0,-33.741215772204974,151.13143227453483,15.882432830053752,0.0,0.0,nothing,0.0,0
88be0e2557fffff,0.0,0.0,0.0,0.0,0.0,0.0,0.0,5.0,0.0,2.0,0.0,27095.298013943604,1578992.8348909656,10.0,13.0,0.0,0.0,1.0,0.0,0.0,-33.74010095759652,151.12057600986074,16.470397746974655,0.0,0.0,nothing,0.0,0
88be0e2559fffff,0.0,0.0,4.0,3.0,0.0,0.0,0.0,14.0,1.0,1.0,0.0,135975.09357054488,2705926.435525826,32.0,9.0,0.0,0.0,7.0,3.0,0.0,-33.75686732075728,151.12910296170077,14.46641599097354,0.0,0.0,nothing,0.0,0
88be0e255bfffff,0.0,0.0,1.0,0.0,2.0,0.0,0.0,8.0,0.0,0.0,0.0,0.0,0.0,8.0,8.0,0.0,0.0,3.0,0.0,0.0,-33.755752187966024,151.1182447435123,15.109761993088814,0.0,0.0,nothing,0.0,0
88be0e255dfffff,0.0,0.0,0.0,0.0,0.0,0.0,0.0,5.0,0.0,0.0,0.0,179988.9787209609,7857751.447417385,10.0,1.0,0.0,0.0,0.0,0.0,0.0,-33.74959868156497,151.13569651027998,14.874717932681456,0.0,0.0,nothing,0.0,0
88be0e2561fffff,0.0,0.0,1.0,0.0,0.0,0.0,0.0,1.0,0.0,1.0,0.0,0.0,4307515.614035088,23.0,9.0,0.0,0.0,0.0,0.0,0.0,-33.72052023258463,151.16205988443363,17.018872712202793,0.0,0.0,nothing,0.0,0
88be0e2563fffff,0.0,0.0,0.0,0.0,0.0,0.0,0.0,1.0,0.0,0.0,0.0,0.0,0.0,1.0,1.0,0.0,0.0,0.0,1.0,0.0,-33.7194082287873,151.15120545756145,17.421827287398184,0.0,0.0,nothing,0.0,0
88be0e2565fffff,0.0,0.0,2.0,0.0,2.0,0.0,0.0,4.0,0.0,0.0,0.0,9943.20796147891,661319.8245614035,3.0,0.0,0.0,0.0,4.0,0.0,0.0,-33.7132496498706,151.16864802339114,17.659402769598486,0.0,0.0,nothing,0.0,0
88be0e2567fffff,0.0,0.0,1.0,0.0,0.0,0.0,0.0,3.0,0.0,0.0,0.0,28313.46389665733,0.0,3.0,5.0,0.0,0.0,0.0,0.0,0.0,-33.712138271107975,151.15779435533568,18.019503165280486,0.0,0.0,nothing,0.0,0
88be0e2569fffff,0.0,1.0,11.0,0.0,0.0,0.0,0.0,11.0,0.0,0.0,0.0,240931.4805056326,6130613.50877193,61.0,19.0,0.0,0.0,13.0,0.0,0.0,-33.72890212276653,151.1663262849504,16.01944360207072,0.0,0.0,nothing,0.0,0
88be0e256bfffff,4.0,0.0,15.0,5.0,0.0,1.0,1.0,30.0,0.0,1.0,0.0,753980.3853690947,1501374.7368421052,40.0,10.0,0.0,4.0,15.0,5.0,0.0,-33.72779042762788,151.15547066373583,16.415726797641838,1.0,2.0,22 kW,22.0,1
88be0e256dfffff,0.0,0.0,2.0,0.0,0.0,0.0,0.0,5.0,1.0,0.0,0.0,107008.7257875014,5379926.140350877,25.0,17.0,0.0,0.0,0.0,2.0,0.0,-33.721631302629795,151.1729147464765,16.667890240961167,0.0,0.0,nothing,0.0,0
88be0e2581fffff,0.0,0.0,0.0,0.0,0.0,0.0,0.0,3.0,0.0,0.0,0.0,0.0,0.0,0.0,0.0,1924.198250728863,0.0,0.0,0.0,0.0,-33.717743163068285,151.05778977006997,21.854084253456623,0.0,0.0,nothing,0.0,0
88be0e2583fffff,0.0,0.0,0.0,1.0,0.0,1.0,0.0,2.0,0.0,0.0,0.0,699218.8952157618,728551.8128654971,23.0,18.0,1154.5189504373177,1.0,2.0,2.0,0.0,-33.71662213571587,151.0469385398169,22.605216036331083,0.0,0.0,nothing,0.0,0
88be0e2585fffff,0.0,0.0,0.0,0.0,0.0,0.0,0.0,7.0,0.0,0.0,0.0,0.0,0.0,0.0,0.0,1154.5189504373177,0.0,0.0,0.0,1.0,-33.71047860266583,151.0643857990367,22.101995871989654,0.0,0.0,nothing,0.0,0
88be0e2587fffff,0.0,0.0,0.0,0.0,0.0,0.0,0.0,2.0,0.0,0.0,0.0,33474.94369629295,0.0,8.0,11.0,769.6793002915452,0.0,0.0,0.0,0.0,-33.709358202359276,151.05353532255876,22.822430920234083,0.0,0.0,nothing,0.0,0
88be0e2589fffff,0.0,0.0,0.0,0.0,0.0,0.0,0.0,0.0,0.0,0.0,0.0,0.0,0.0,0.0,0.0,769.6793002915452,0.0,0.0,0.0,0.0,-33.726128054960164,151.0620450878008,20.889691193969625,0.0,0.0,nothing,0.0,0
88be0e258bfffff,0.0,0.0,0.0,0.0,0.0,0.0,0.0,1.0,0.0,0.0,0.0,0.0,242850.60428849905,12.0,11.0,1154.5189504373177,0.0,0.0,1.0,0.0,-33.725007332994274,151.05119266093843,21.650633687479676,0.0,0.0,nothing,0.0,0
88be0e258dfffff,0.0,0.0,5.0,0.0,6.0,0.0,0.0,7.0,0.0,0.0,0.0,648283.4332767752,522730.88888888893,9.0,23.0,0.0,0.0,38.0,2.0,0.0,-33.71886325792888,151.06864144280323,21.12486496404024,0.0,0.0,nothing,0.0,0
88be0e2591fffff,0.0,0.0,4.0,1.0,2.0,0.0,0.0,8.0,0.0,0.0,0.0,267644.460253798,2785737.292954609,19.0,19.0,0.0,0.0,4.0,1.0,0.0,-33.722763091166954,151.0294891370266,23.230418670177055,0.0,0.0,nothing,0.0,0
88be0e2593fffff,0.0,0.0,0.0,0.0,0.0,0.0,0.0,3.0,0.0,1.0,0.0,0.0,2879693.095238095,15.0,9.0,1539.3586005830905,1.0,0.0,0.0,0.0,-33.721639571632004,151.01863804147982,24.045453534192703,0.0,0.0,nothing,0.0,0
88be0e2595fffff,0.0,0.0,0.0,0.0,0.0,0.0,0.0,0.0,0.0,0.0,0.0,57490.13706504621,2046883.664717349,7.0,3.0,0.0,0.0,0.0,0.0,0.0,-33.715500176034595,151.03608775279534,23.376146107893582,0.0,0.0,nothing,0.0,0
88be0e2597fffff,0.0,0.0,0.0,0.0,0.0,0.0,0.0,3.0,0.0,0.0,0.0,17817.886338658573,260197.07602339183,10.0,11.0,769.6793002915452,0.0,0.0,0.0,0.0,-33.714377284187634,151.0252374097564,24.164977740605984,0.0,0.0,nothing,0.0,0
88be0e2599fffff,0.0,0.0,0.0,0.0,0.0,0.0,0.0,1.0,0.0,0.0,0.0,0.0,2820780.041304241,16.0,14.0,769.6793002915452,0.0,0.0,0.0,0.0,-33.73114882972185,151.03374173430754,22.30244414469652,0.0,0.0,nothing,0.0,0
88be0e259bfffff,0.0,0.0,1.0,1.0,0.0,0.0,0.0,3.0,0.0,1.0,0.0,308709.3152362083,6491469.223835734,55.0,38.0,384.8396501457726,3.0,0.0,2.0,0.0,-33.73002561479902,151.02288944137598,23.12804690386443,0.0,0.0,nothing,0.0,0
88be0e259dfffff,0.0,1.0,1.0,0.0,2.0,0.0,0.0,4.0,0.0,0.0,0.0,1083257.356535688,2974919.9025341133,30.0,19.0,5002.915451895044,0.0,4.0,2.0,0.0,-33.72388567834216,151.04034067709654,22.43154820184056,2.0,4.0,22 kW,22.0,1
88be0e25a1fffff,0.0,0.0,0.0,0.0,0.0,0.0,0.0,0.0,0.0,0.0,0.0,0.0,0.0,0.0,0.0,384.8396501457726,1.0,0.0,0.0,0.0,-33.694829165520304,151.06672564846835,23.382406841572525,0.0,0.0,nothing,0.0,0
88be0e25a3fffff,0.0,0.0,0.0,0.0,0.0,0.0,0.0,1.0,0.0,0.0,0.0,0.0,0.0,0.0,0.0,1154.5189504373177,0.0,0.0,0.0,0.0,-33.69370908679814,151.05587712171058,24.064421445667495,0.0,0.0,nothing,0.0,0
88be0e25a5fffff,0.0,0.0,0.0,0.0,0.0,0.0,0.0,1.0,0.0,0.0,0.0,0.0,0.0,0.0,0.0,0.0,0.0,0.0,0.0,0.0,-33.68756406307058,151.0733191918169,23.7222055432433,0.0,0.0,nothing,0.0,0
88be0e25a7fffff,0.0,0.0,0.0,0.0,0.0,0.0,0.0,0.0,0.0,0.0,0.0,0.0,0.0,0.0,0.0,769.6793002915452,0.0,0.0,0.0,0.0,-33.68644461082707,151.06247141885265,24.373607140809888,0.0,0.0,nothing,0.0,0
88be0e25a9fffff,0.0,0.0,1.0,0.0,0.0,0.0,0.0,3.0,0.0,0.0,0.0,0.0,0.0,0.0,6.0,0.0,0.0,2.0,0.0,0.0,-33.703213652303226,151.0709807479291,22.392892481397062,0.0,0.0,nothing,0.0,0
88be0e25abfffff,0.0,0.0,0.0,0.0,0.0,0.0,0.0,0.0,0.0,0.0,0.0,0.0,0.0,0.0,0.0,1924.198250728863,0.0,0.0,0.0,0.0,-33.702093878788645,151.06013102541246,23.081964037450497,0.0,0.0,nothing,0.0,0
88be0e25adfffff,0.0,0.0,0.0,0.0,0.0,0.0,0.0,3.0,0.0,0.0,0.0,0.0,0.0,0.0,1.0,0.0,0.0,0.0,0.0,0.0,-33.69594831249686,151.0775746168377,22.72512398926928,0.0,0.0,nothing,0.0,0
88be0e25b1fffff,0.0,0.0,0.0,0.0,0.0,0.0,0.0,0.0,0.0,0.0,0.0,46099.42233744395,0.0,1.0,0.0,0.0,0.0,0.0,0.0,0.0,-33.69985153610197,151.0384329075841,24.527717658746973,0.0,0.0,nothing,0.0,0
88be0e25b3fffff,0.0,0.0,0.0,0.0,0.0,0.0,0.0,2.0,0.0,0.0,0.0,1609863.901676875,576065.9206349207,1.0,9.0,2116.6180758017495,3.0,0.0,0.0,0.0,-33.69872896725582,151.0275845137741,25.280529780510264,1.0,2.0,7 kW,7.0,1
88be0e25b5fffff,0.0,0.0,0.0,0.0,0.0,0.0,0.0,0.0,0.0,0.0,0.0,0.0,0.0,0.0,0.0,1154.5189504373177,0.0,0.0,0.0,0.0,-33.69258807649307,151.04502903731515,24.769123048631528,0.0,0.0,nothing,0.0,0
88be0e25b7fffff,0.0,0.0,0.0,0.0,0.0,0.0,0.0,1.0,0.0,0.0,0.0,152460.10790246382,0.0,8.0,3.0,0.0,1.0,0.0,0.0,0.0,-33.69146613476799,151.03418139603284,25.494628598693915,0.0,0.0,nothing,0.0,0
88be0e25b9fffff,0.0,0.0,0.0,0.0,0.0,0.0,0.0,1.0,0.0,0.0,0.0,0.0,0.0,0.0,0.0,1154.5189504373177,0.0,0.0,0.0,0.0,-33.70823686991818,151.04268528877213,23.564425431577916,0.0,0.0,nothing,0.0,0
88be0e25bbfffff,0.0,0.0,0.0,0.0,0.0,0.0,0.0,0.0,0.0,0.0,0.0,92168.43811298547,0.0,5.0,5.0,0.0,0.0,0.0,0.0,0.0,-33.70711460550555,151.03183569842784,24.32600473543209,0.0,0.0,nothing,0.0,0
88be0e25bdfffff,0.0,0.0,0.0,0.0,0.0,0.0,0.0,4.0,0.0,0.0,0.0,110840.1198882116,0.0,0.0,0.0,769.6793002915452,0.0,0.0,0.0,0.0,-33.700973173333935,151.04928174504715,23.79424709677977,0.0,0.0,nothing,0.0,0
88be0e25c1fffff,0.0,1.0,4.0,0.0,0.0,3.0,1.0,27.0,0.0,3.0,0.0,250234.15394186473,4686872.66887539,32.0,11.0,0.0,2.0,13.0,2.0,0.0,-33.735632360609124,151.07715534164325,19.180855149622285,1.0,1.0,22 kW,22.0,1
88be0e25c3fffff,0.0,1.0,0.0,0.0,0.0,0.0,0.0,2.0,0.0,4.0,0.0,372727.82730037696,6052466.755954258,21.0,3.0,6927.113702623907,0.0,0.0,1.0,0.0,-33.734512877534044,151.0663012759713,19.9298273574748,2.0,2.0,18 kW,18.0,1
88be0e25c5fffff,0.0,0.0,4.0,1.0,0.0,0.0,0.0,9.0,0.0,2.0,0.0,748027.5693719499,2019162.6519097225,54.0,22.0,384.8396501457726,1.0,9.0,2.0,0.0,-33.72836670018191,151.08375126758045,19.4370551513318,2.0,3.0,kW,1.0,1
88be0e25c7fffff,0.0,0.0,0.0,0.0,0.0,0.0,0.0,7.0,0.0,0.0,0.0,32683.837904919503,2008463.1379656475,6.0,9.0,5772.594752186589,0.0,2.0,0.0,0.0,-33.727247844076935,151.07289795693208,20.150985713468646,0.0,0.0,nothing,0.0,0
88be0e25c9fffff,0.0,0.0,3.0,0.0,0.0,0.0,0.0,11.0,0.0,0.0,0.0,780276.4235404404,3740311.361683849,8.0,0.0,96.20991253644316,3.0,9.0,0.0,0.0,-33.7440168070245,151.08141359715677,18.215074054167513,0.0,0.0,nothing,0.0,0
88be0e25cbfffff,0.0,0.0,1.0,2.0,0.0,1.0,0.0,5.0,0.0,0.0,0.0,107354.13776260296,6469221.417108854,24.0,8.0,1924.198250728863,0.0,2.0,1.0,0.0,-33.74289763028902,151.0705583348016,18.975181833903648,0.0,0.0,nothing,0.0,0
88be0e25cdfffff,0.0,0.0,1.0,0.0,1.0,1.0,0.0,24.0,0.0,0.0,0.0,6617.823218070234,702326.2718266753,2.0,0.0,0.0,0.0,7.0,0.0,1.0,-33.736750910315166,151.0880098486205,18.45714776370767,0.0,0.0,nothing,0.0,0
88be0e25d1fffff,0.0,0.0,0.0,0.0,0.0,0.0,0.0,5.0,0.0,1.0,0.0,158111.21662558554,3409303.377667492,18.0,19.0,6542.274052478134,0.0,5.0,0.0,0.0,-33.74065647628966,151.04884913638082,20.561037425384104,0.0,0.0,nothing,0.0,0
88be0e25d3fffff,0.0,0.0,3.0,0.0,1.0,0.0,0.0,15.0,1.0,0.0,0.0,3086358.313262136,2607502.537815126,21.0,19.0,769.6793002915452,4.0,7.0,0.0,0.0,-33.73953449935155,151.03799520181937,21.381913049057164,0.0,0.0,nothing,0.0,0
88be0e25d5fffff,0.0,0.0,0.0,0.0,0.0,0.0,0.0,1.0,0.0,0.0,0.0,23979.15889726227,4049240.8711755225,15.0,8.0,0.0,0.0,0.0,0.0,0.0,-33.73339246125254,151.0554476523568,20.70132009578681,0.0,0.0,nothing,0.0,0
88be0e25d7fffff,0.0,0.0,1.0,0.0,1.0,0.0,0.0,3.0,0.0,1.0,0.0,165867.72712959943,1024123.5615181744,18.0,15.0,4233.236151603499,0.0,9.0,0.0,0.0,-33.73227111192746,151.04459447155165,21.492906200437005,0.0,0.0,nothing,0.0,0
88be0e25d9fffff,0.0,0.0,2.0,0.0,1.0,1.0,0.0,12.0,0.0,1.0,0.0,679983.341366185,6925389.622983557,30.0,10.0,0.0,9.0,5.0,1.0,0.0,-33.74904177092788,151.05310467180428,19.63690785350879,0.0,0.0,nothing,0.0,0
88be0e25dbfffff,0.0,0.0,3.0,0.0,2.0,0.0,0.0,16.0,0.0,0.0,0.0,6502.356631522134,4161106.324369748,3.0,12.0,1539.3586005830905,3.0,2.0,0.0,0.0,-33.747920099555174,151.04224953978243,20.469831224017213,0.0,0.0,nothing,0.0,0
88be0e25ddfffff,0.0,0.0,0.0,0.0,1.0,0.0,0.0,2.0,0.0,0.0,0.0,66974.65652582249,6148584.31105941,26.0,11.0,5772.594752186589,0.0,1.0,0.0,0.0,-33.74177751998981,151.0597035142922,19.758036397476463,0.0,0.0,nothing,0.0,0
88be0e25e1fffff,0.0,0.0,1.0,0.0,1.0,0.0,0.0,2.0,0.0,0.0,0.0,0.0,1243148.4733796297,0.0,12.0,3848.396501457726,0.0,4.0,0.0,0.0,-33.712716606224355,151.08608807706148,20.73473689912975,0.0,0.0,nothing,0.0,0
88be0e25e3fffff,0.0,0.0,0.0,0.0,0.0,0.0,0.0,6.0,0.0,1.0,0.0,0.0,393235.5555555555,3.0,9.0,2309.0379008746354,0.0,0.0,0.0,0.0,-33.71159807067504,151.07523671745474,21.40529944502892,0.0,0.0,nothing,0.0,0
88be0e25e5fffff,3.0,0.0,1.0,2.0,1.0,1.0,1.0,26.0,0.0,1.0,0.0,249958.85502508623,4323008.277777777,25.0,17.0,5772.594752186589,5.0,29.0,5.0,0.0,-33.70545040286174,151.0926815164117,21.093417162838325,0.0,0.0,nothing,0.0,0
88be0e25e7fffff,0.0,0.0,0.0,0.0,0.0,0.0,0.0,8.0,0.0,0.0,0.0,4331.632115542026,0.0,0.0,5.0,0.0,0.0,0.0,0.0,0.0,-33.704332493715064,151.08183091184594,21.729242909701153,0.0,0.0,nothing,0.0,0
88be0e25e9fffff,0.0,0.0,5.0,0.0,1.0,0.0,0.0,24.0,0.0,1.0,0.0,91613.00804949929,2974336.7621527775,27.0,24.0,0.0,3.0,20.0,3.0,0.0,-33.721100649523855,151.0903461127042,19.74181545851536,0.0,0.0,nothing,0.0,0
88be0e25ebfffff,0.0,0.0,2.0,0.0,1.0,0.0,0.0,3.0,0.0,1.0,0.0,225615.23654533175,2301984.471498843,6.0,14.0,6927.113702623907,0.0,8.0,1.0,0.0,-33.7199824201349,151.0794935572652,20.419908143301853,0.0,0.0,nothing,0.0,0
88be0e25edfffff,0.0,0.0,6.0,0.0,0.0,0.0,0.0,4.0,0.0,0.0,0.0,77195.18267043272,5379153.045165336,6.0,8.0,0.0,0.0,23.0,1.0,0.0,-33.713834209151415,151.0969398771053,20.092927205822328,0.0,0.0,nothing,0.0,0
88be0e2601fffff,0.0,0.0,1.0,0.0,0.0,0.0,0.0,1.0,0.0,0.0,0.0,0.0,0.0,1.0,0.0,0.0,0.0,0.0,0.0,0.0,-33.83512515925213,151.11744350848667,9.28525353041202,0.0,0.0,nothing,0.0,0
88be0e2603fffff,0.0,0.0,3.0,0.0,4.0,0.0,0.0,14.0,0.0,0.0,2.0,120318.36092136372,0.0,4.0,3.0,0.0,1.0,13.0,1.0,0.0,-33.83400843442837,151.10657551271754,10.260079646128029,1.0,1.0,kW,1.0,1
88be0e2605fffff,1.0,0.0,8.0,0.0,0.0,1.0,1.0,13.0,0.0,2.0,0.0,210621.7841142248,1900321.12718601,71.0,19.0,0.0,3.0,2.0,3.0,0.0,-33.82785730452288,151.12404409488144,9.10389957707321,0.0,0.0,nothing,0.0,0
88be0e2607fffff,0.0,0.0,9.0,1.0,0.0,0.0,0.0,13.0,0.0,0.0,0.0,166677.219470876,3387753.270320741,26.0,9.0,0.0,0.0,8.0,0.0,0.0,-33.826741207575054,151.11317685785613,10.045129389104329,0.0,0.0,nothing,0.0,0
88be0e2609fffff,0.0,0.0,1.0,0.0,0.0,0.0,0.0,2.0,0.0,0.0,4.0,169016.25845329266,0.0,6.0,3.0,0.0,1.0,3.0,0.0,0.0,-33.84350903509661,151.12171103242247,8.577219251891739,0.0,0.0,nothing,0.0,0
88be0e260bfffff,0.0,0.0,1.0,0.0,1.0,0.0,0.0,5.0,0.0,1.0,0.0,246434.68599353975,0.0,35.0,7.0,0.0,1.0,1.0,0.0,0.0,-33.84239261983232,151.11084183804715,9.57064335318104,0.0,0.0,nothing,0.0,0
88be0e260dfffff,0.0,0.0,4.0,1.0,0.0,0.0,0.0,10.0,0.0,1.0,0.0,149901.6884121604,1611216.53190319,28.0,5.0,0.0,0.0,2.0,1.0,0.0,-33.83624094658136,151.12831194376218,8.319679890354703,0.0,0.0,nothing,0.0,0
88be0e2611fffff,2.0,0.0,3.0,1.0,0.0,2.0,0.0,12.0,0.0,1.0,0.0,1274948.199098657,12124814.883116882,37.0,12.0,0.0,3.0,1.0,2.0,1.0,-33.840156976396266,151.08910477019674,11.56794608728922,0.0,0.0,nothing,0.0,0
88be0e2613fffff,1.0,0.0,2.0,0.0,0.0,0.0,0.0,46.0,0.0,0.0,0.0,144250.2466357512,9227735.22077922,16.0,0.0,5387.755102040816,0.0,9.0,1.0,0.0,-33.83903774854919,151.07823689823238,12.57015645246108,0.0,0.0,nothing,0.0,0
88be0e2615fffff,0.0,0.0,1.0,1.0,1.0,1.0,0.0,3.0,0.0,0.0,0.0,3687718.197636961,8615010.328548644,5.0,2.0,0.0,0.0,3.0,0.0,2.0,-33.83289077227214,151.09570795721007,11.241747490510724,0.0,0.0,nothing,0.0,0
88be0e2617fffff,16.0,2.0,40.0,1.0,1.0,10.0,2.0,46.0,0.0,1.0,0.0,781128.8716926655,11592616.212425,64.0,16.0,2693.877551020408,16.0,82.0,7.0,8.0,-33.83177217294574,151.08484084271947,12.228605770849994,15.0,20.0,"22 kW, kW",11.5,1
88be0e2619fffff,0.0,0.0,1.0,0.0,0.0,0.0,0.0,4.0,0.0,3.0,0.0,140360.30532018875,107299.24675324676,16.0,5.0,0.0,0.0,1.0,0.0,0.0,-33.84854170440766,151.09336957077224,10.960716768271118,0.0,0.0,nothing,0.0,0
88be0e261bfffff,6.0,0.0,15.0,0.0,0.0,10.0,0.0,32.0,0.0,0.0,0.0,283711.30272125517,5420308.883357383,24.0,2.0,0.0,2.0,74.0,4.0,1.0,-33.84742278534581,151.08250049941933,11.970968760470532,0.0,0.0,nothing,0.0,0
88be0e261dfffff,0.0,0.0,0.0,0.0,1.0,0.0,0.0,1.0,0.0,0.0,0.0,272071.6093780348,500729.8181818182,4.0,0.0,0.0,1.0,3.0,0.0,0.0,-33.84127526687813,151.0999730837201,10.56788247271546,0.0,0.0,nothing,0.0,0
88be0e2621fffff,0.0,0.0,1.0,0.0,39.0,0.0,0.0,4.0,0.0,0.0,0.0,11067.026565393657,1200202.8171701117,41.0,7.0,3463.5568513119533,0.0,4.0,1.0,0.0,-33.81220557272462,151.12637629692347,9.91536214866224,0.0,0.0,nothing,0.0,0
88be0e2623fffff,0.0,0.0,0.0,0.0,8.0,0.0,0.0,0.0,0.0,0.0,0.0,0.0,6805942.104506769,25.0,19.0,3848.396501457726,0.0,1.0,1.0,0.0,-33.81108979401875,151.11551101657977,10.785780763687896,0.0,0.0,nothing,0.0,0
88be0e2625fffff,1.0,0.0,2.0,1.0,0.0,0.0,0.0,4.0,0.0,1.0,0.0,353189.8436674987,4087403.410555555,24.0,8.0,769.6793002915452,0.0,0.0,3.0,0.0,-33.80493716576097,151.1329743910358,10.00444175785205,0.0,0.0,nothing,0.0,0
88be0e2627fffff,0.0,0.0,0.0,0.0,0.0,0.0,0.0,4.0,0.0,0.0,0.0,426087.72317972226,3607189.213918708,27.0,11.0,0.0,0.0,0.0,1.0,1.0,-33.80382201436288,151.12210986945138,10.820248243132276,0.0,0.0,nothing,0.0,0
88be0e2629fffff,0.0,0.0,0.0,0.0,0.0,0.0,0.0,6.0,0.0,0.0,0.0,0.0,1128762.173290938,41.0,14.0,0.0,1.0,1.0,1.0,0.0,-33.82058905616132,151.13064359732329,9.03285148428812,0.0,0.0,nothing,0.0,0
88be0e262bfffff,0.0,0.0,0.0,0.0,0.0,0.0,0.0,7.0,0.0,0.0,0.0,714747.9968830429,5217961.561830739,33.0,15.0,769.6793002915452,3.0,1.0,0.0,0.0,-33.819473586834896,151.1197771192275,9.929065366292589,0.0,0.0,nothing,0.0,0
88be0e262dfffff,0.0,0.0,1.0,0.0,2.0,0.0,0.0,11.0,0.0,0.0,0.0,56123.35070526519,215038.7137724551,5.0,1.0,5387.755102040816,1.0,4.0,0.0,0.0,-33.81332041468423,151.13724201590412,9.074702010650515,0.0,0.0,nothing,0.0,0
88be0e2631fffff,1.0,0.0,1.0,0.0,0.0,0.0,0.0,23.0,0.0,0.0,0.0,427154.3155102014,6766216.512565334,70.0,26.0,3463.5568513119533,1.0,6.0,1.0,0.0,-33.81723983751875,151.09804548132584,11.778684427294715,1.0,1.0,kW,1.0,1
88be0e2633fffff,5.0,0.0,13.0,0.0,0.0,4.0,0.0,21.0,0.0,0.0,0.0,1039071.3177397985,5009738.755485119,26.0,6.0,4618.075801749271,5.0,44.0,3.0,0.0,-33.81612155785319,151.08718032302968,12.723771457704029,0.0,0.0,nothing,0.0,0
88be0e2635fffff,6.0,2.0,11.0,5.0,0.0,1.0,2.0,40.0,0.0,2.0,0.0,559566.8112283695,8052393.629755664,56.0,18.0,0.0,9.0,8.0,4.0,2.0,-33.80997307872842,151.1046461756278,11.679302492864814,5.0,5.0,22 kW,22.0,1
88be0e2637fffff,0.0,0.0,3.0,2.0,0.0,2.0,0.0,32.0,0.0,1.0,0.0,372305.00075544295,7082973.242071704,79.0,27.0,0.0,0.0,16.0,3.0,0.0,-33.808855427015686,151.0937817748223,12.591006153124516,0.0,0.0,nothing,0.0,0
88be0e2639fffff,0.0,0.0,3.0,0.0,0.0,0.0,0.0,3.0,0.0,0.0,0.0,149833.21839073813,6703656.860662446,15.0,17.0,0.0,0.0,0.0,1.0,0.0,-33.82562417349006,151.1023100605507,10.99921144279167,0.0,0.0,nothing,0.0,0
88be0e263bfffff,8.0,0.0,8.0,0.0,0.0,0.0,0.0,42.0,0.0,0.0,2.0,50557.15483021058,7222761.919360794,25.0,10.0,2693.877551020408,1.0,67.0,2.0,0.0,-33.82450620243006,151.09144370372022,11.963067355927382,0.0,0.0,nothing,0.0,0
88be0e263dfffff,3.0,0.0,8.0,2.0,33.0,2.0,0.0,25.0,0.0,0.0,0.0,202189.89821521883,7175669.731916817,64.0,10.0,1154.5189504373177,2.0,2.0,2.0,0.0,-33.818357180566714,151.1089110803101,10.845953293637468,0.0,0.0,nothing,0.0,0
88be0e2641fffff,0.0,0.0,1.0,0.0,0.0,0.0,0.0,13.0,0.0,1.0,0.0,0.0,135948.8712871287,23.0,12.0,1924.198250728863,1.0,0.0,0.0,0.0,-33.85300800180429,151.13685026208694,6.9291991987997585,0.0,0.0,nothing,0.0,0
88be0e2643fffff,0.0,0.0,2.0,1.0,0.0,0.0,0.0,1.0,0.0,0.0,0.0,0.0,0.0,18.0,10.0,0.0,0.0,2.0,1.0,0.0,-33.8518928346071,151.12597942988427,7.934920047129136,0.0,0.0,nothing,0.0,0
88be0e2645fffff,0.0,0.0,2.0,0.0,0.0,0.0,0.0,2.0,0.0,0.0,4.0,45568.805738768744,7852906.359842435,3.0,2.0,0.0,0.0,7.0,0.0,0.0,-33.84573905190763,151.1434507382952,6.60872208980866,0.0,0.0,nothing,0.0,0
88be0e2647fffff,1.0,0.0,0.0,0.0,0.0,1.0,0.0,11.0,0.0,0.0,2.0,124489.96606332102,3341436.4672770076,7.0,3.0,0.0,1.0,4.0,0.0,0.0,-33.844624512508965,151.13258066609043,7.58911443819501,0.0,0.0,nothing,0.0,0
88be0e2649fffff,0.0,0.0,3.0,0.0,0.0,0.0,0.0,5.0,1.0,0.0,0.0,0.0,3192780.2104166667,49.0,16.0,5772.594752186589,0.0,0.0,1.0,0.0,-33.86139141396587,151.1411207319725,6.361962307622591,0.0,0.0,nothing,0.0,0
88be0e264bfffff,0.0,0.0,1.0,0.0,0.0,0.0,0.0,7.0,0.0,0.0,0.0,22092.040059383347,70731.03333333333,44.0,15.0,5772.594752186589,1.0,0.0,0.0,0.0,-33.86027655728217,151.13024870109294,7.375553653129059,0.0,0.0,nothing,0.0,0
88be0e264dfffff,0.0,0.0,4.0,0.0,0.0,0.0,0.0,14.0,0.0,0.0,0.0,111907.60178641105,1831945.6175115209,37.0,12.0,0.0,0.0,0.0,1.0,0.0,-33.85412223063046,151.14772153261222,5.926152102103193,0.0,0.0,nothing,0.0,0
88be0e2651fffff,0.0,0.0,1.0,0.0,0.0,1.0,0.0,6.0,0.0,1.0,0.0,48624.39031585604,905044.9158878505,44.0,23.0,0.0,0.0,6.0,2.0,0.0,-33.85804402837655,151.10850595668398,9.40270879710844,0.0,0.0,nothing,0.0,0
88be0e2653fffff,3.0,0.0,8.0,0.0,0.0,1.0,1.0,7.0,0.0,0.0,0.0,117692.478071807,0.0,69.0,11.0,2309.0379008746354,3.0,1.0,0.0,1.0,-33.8569263564786,151.09763524466686,10.416269307573542,0.0,0.0,nothing,0.0,0
88be0e2655fffff,0.0,0.0,2.0,0.0,0.0,0.0,0.0,2.0,0.0,0.0,0.0,0.0,0.0,14.0,8.0,0.0,0.0,2.0,1.0,0.0,-33.85077672920058,151.11510903676034,8.942407556796216,0.0,0.0,nothing,0.0,0
88be0e2657fffff,0.0,0.0,0.0,0.0,0.0,0.0,0.0,0.0,0.0,0.0,0.0,57180.50414750268,0.0,51.0,14.0,0.0,0.0,0.0,0.0,0.0,-33.84965968574672,151.1042390834711,9.951120626294164,0.0,0.0,nothing,0.0,0
88be0e2659fffff,1.0,0.0,2.0,1.0,0.0,0.0,0.0,3.0,0.0,0.0,0.0,1919348.3578334283,11086800.219626168,44.0,9.0,6157.434402332362,2.0,1.0,2.0,0.0,-33.86642829426622,151.1127737035797,8.935244448670572,0.0,0.0,nothing,0.0,0
88be0e265bfffff,0.0,0.0,2.0,0.0,0.0,0.0,0.0,17.0,1.0,1.0,0.0,26824.4056602321,3199980.238317757,97.0,11.0,3078.717201166181,0.0,2.0,0.0,0.0,-33.86531093210773,151.1019017921016,9.94492332356439,0.0,0.0,nothing,0.0,0
88be0e265dfffff,0.0,0.0,1.0,0.0,0.0,0.0,0.0,2.0,0.0,0.0,0.0,13522.16940284712,1551505.570093458,4.0,8.0,0.0,0.0,5.0,0.0,0.0,-33.85916076203177,151.11937710907802,8.389136492617252,0.0,0.0,nothing,0.0,0
88be0e2661fffff,2.0,0.0,5.0,1.0,4.0,2.0,0.0,20.0,1.0,0.0,0.0,0.0,5538915.384536882,24.0,9.0,0.0,2.0,14.0,2.0,0.0,-33.83008668635965,151.14577988507065,7.279920834602136,0.0,0.0,nothing,0.0,0
88be0e2663fffff,0.0,0.0,1.0,0.0,0.0,0.0,0.0,2.0,0.0,0.0,0.0,11029.057882786365,3081404.738265493,30.0,8.0,0.0,0.0,2.0,0.0,0.0,-33.82897246417164,151.13491177087144,8.179965272144756,0.0,0.0,nothing,0.0,0
88be0e2665fffff,2.0,1.0,8.0,0.0,0.0,0.0,0.0,26.0,0.0,1.0,0.0,67437.57579801594,4592476.5760193905,37.0,13.0,0.0,0.0,12.0,1.0,0.0,-33.822817183342146,151.15237786802902,7.332679709226175,0.0,0.0,nothing,0.0,0
88be0e2667fffff,0.0,0.0,0.0,0.0,0.0,0.0,0.0,3.0,0.0,0.0,0.0,22058.11576557273,3875503.375876818,27.0,18.0,0.0,0.0,1.0,0.0,0.0,-33.82170358838424,151.14151051384223,8.164128465554773,0.0,0.0,nothing,0.0,0
88be0e2669fffff,0.0,0.0,0.0,1.0,1.0,0.0,0.0,3.0,0.0,2.0,0.0,0.0,7262690.7227949,14.0,8.0,0.0,0.0,2.0,0.0,0.0,-33.83846970810907,151.15005012980996,6.432965012560843,0.0,0.0,nothing,0.0,0
88be0e266bfffff,0.0,0.0,1.0,0.0,0.0,0.0,0.0,7.0,0.0,1.0,0.0,105166.16796474588,6242183.593950176,24.0,8.0,0.0,0.0,1.0,0.0,0.0,-33.837355796254215,151.1391808177885,7.367003834344176,0.0,0.0,nothing,0.0,0
88be0e266dfffff,0.0,0.0,0.0,0.0,0.0,1.0,0.0,2.0,0.0,1.0,2.0,140504.6262178,2935782.535320833,10.0,4.0,0.0,0.0,4.0,2.0,0.0,-33.83119997092548,151.15664843672346,6.413838436804908,0.0,0.0,nothing,0.0,0
88be0e2681fffff,0.0,0.0,0.0,0.0,0.0,0.0,0.0,0.0,0.0,0.0,0.0,0.0,3868513.175510204,0.0,0.0,0.0,0.0,0.0,0.0,0.0,-33.82728840719274,151.041376810022,16.208862326767214,0.0,0.0,nothing,0.0,0
88be0e2683fffff,0.0,0.0,0.0,0.0,0.0,0.0,0.0,0.0,0.0,0.0,0.0,459037.380759744,5142046.201987381,0.0,0.0,0.0,0.0,0.0,0.0,1.0,-33.82616512445818,151.03051191193634,17.20927230089851,0.0,0.0,nothing,0.0,0
88be0e2685fffff,3.0,0.0,5.0,0.0,0.0,0.0,0.0,3.0,0.0,0.0,2.0,4233728.344002542,6971124.998801088,21.0,8.0,0.0,0.0,7.0,0.0,0.0,-33.82002495169063,151.04798269624226,15.880348473928835,0.0,0.0,nothing,0.0,0
88be0e2687fffff,0.0,0.0,2.0,0.0,0.0,1.0,0.0,10.0,0.0,0.0,0.0,2148014.725679076,4180760.8635244574,17.0,3.0,0.0,0.0,1.0,1.0,0.0,-33.81890229819564,151.0371185531057,16.8697339123736,0.0,0.0,nothing,0.0,0
88be0e2689fffff,0.0,0.0,2.0,0.0,0.0,3.0,0.0,14.0,0.0,0.0,0.0,36027.85719488165,4119386.169401973,19.0,17.0,0.0,3.0,0.0,2.0,3.0,-33.835674442444954,151.0456359392427,15.585493402734564,5.0,5.0,"22 kW, kW",11.5,1
88be0e268bfffff,1.0,0.0,3.0,0.0,0.0,0.0,0.0,8.0,0.0,0.0,0.0,71824.56512765391,3505936.51614833,12.0,5.0,0.0,0.0,0.0,1.0,0.0,-33.834551466766406,151.03476984106294,16.59261947722521,0.0,0.0,nothing,0.0,0
88be0e268dfffff,0.0,0.0,3.0,0.0,0.0,0.0,0.0,5.0,0.0,0.0,0.0,690240.4350535637,7687938.19850988,28.0,14.0,0.0,2.0,9.0,0.0,0.0,-33.82841075357211,151.05224215289746,15.210167065593067,0.0,0.0,nothing,0.0,0
88be0e2691fffff,0.0,0.0,4.0,0.0,0.0,0.0,1.0,20.0,0.0,2.0,0.0,868775.5720760219,5271738.11893066,95.0,20.0,0.0,2.0,17.0,6.0,0.0,-33.832302705924995,151.01303898145466,18.60889665679557,3.0,3.0,22 kW,22.0,1
88be0e2693fffff,0.0,0.0,1.0,0.0,0.0,0.0,0.0,6.0,0.0,0.0,0.0,99642.92505981751,4657413.622222222,69.0,15.0,0.0,1.0,0.0,0.0,0.0,-33.83117692109007,151.0021742215342,19.61783485398267,0.0,0.0,nothing,0.0,0
88be0e2695fffff,0.0,1.0,0.0,0.0,1.0,2.0,0.0,5.0,0.0,0.0,0.0,2561329.4318518164,6491520.848604845,39.0,14.0,0.0,2.0,2.0,1.0,2.0,-33.82504090553213,151.0196474593945,18.21111183807507,0.0,0.0,nothing,0.0,0
88be0e2697fffff,1.0,1.0,44.0,2.0,4.0,3.0,2.0,68.0,0.0,1.0,0.0,522495.97583948536,4170988.021592871,75.0,17.0,0.0,0.0,31.0,4.0,0.0,-33.82391575057849,151.00878345315027,19.214154883694604,10.0,10.0,"11 kW, 22 kW, kW",11.333333333333334,1
88be0e2699fffff,0.0,0.0,0.0,0.0,0.0,0.0,0.0,9.0,0.0,0.0,0.0,2136007.5388682852,5011746.430482883,16.0,0.0,0.0,1.0,4.0,0.0,0.0,-33.840689587920174,151.01729538185302,18.03993678903444,0.0,0.0,nothing,0.0,0
88be0e269bfffff,0.0,0.0,0.0,0.0,0.0,0.0,0.0,1.0,0.0,0.0,0.0,1873974.6191974047,1620421.598565859,51.0,20.0,0.0,0.0,0.0,0.0,0.0,-33.83956410936562,151.00642942106091,19.05212362593743,0.0,0.0,nothing,0.0,0
88be0e269dfffff,0.0,0.0,1.0,0.0,0.0,0.0,0.0,13.0,0.0,0.0,0.0,530964.7374598795,5604111.05791683,27.0,5.0,0.0,1.0,0.0,0.0,0.0,-33.83342755453847,151.02390418821554,17.600460099201467,0.0,0.0,nothing,0.0,0
88be0e26a1fffff,0.0,0.0,0.0,0.0,0.0,0.0,0.0,2.0,0.0,0.0,0.0,119114.95199713577,3737477.6869164337,18.0,3.0,2116.6180758017495,0.0,0.0,0.0,0.0,-33.80437545918923,151.05032858815176,16.357989372053773,0.0,0.0,nothing,0.0,0
88be0e26a3fffff,3.0,0.0,2.0,0.0,0.0,1.0,0.0,6.0,0.0,1.0,0.0,3133.051604320378,5058079.139285714,36.0,16.0,2886.2973760932946,0.0,13.0,1.0,0.0,-33.803253127802954,151.03946639939196,17.319965834980106,0.0,0.0,nothing,0.0,0
88be0e26a5fffff,0.0,0.0,4.0,1.0,2.0,0.0,0.0,6.0,0.0,0.0,0.0,87306.29180155447,2497440.48065925,36.0,20.0,1539.3586005830905,0.0,2.0,1.0,0.0,-33.79711144747813,151.05693198220936,16.191074714663245,0.0,0.0,nothing,0.0,0
88be0e26a7fffff,0.0,0.0,1.0,0.0,0.0,0.0,1.0,3.0,0.0,0.0,0.0,35756.63646390575,4959233.732638889,39.0,18.0,4425.655976676385,2.0,0.0,1.0,0.0,-33.79598974476413,151.04607054841804,17.132391499084708,0.0,0.0,nothing,0.0,0
88be0e26a9fffff,0.0,0.0,4.0,1.0,0.0,0.0,1.0,11.0,0.0,1.0,0.0,409082.0957251232,4452929.536049022,50.0,16.0,0.0,0.0,0.0,2.0,0.0,-33.81276110077647,151.05458749981418,15.610566944432415,0.0,0.0,nothing,0.0,0
88be0e26abfffff,0.0,0.0,2.0,0.0,0.0,0.0,0.0,2.0,0.0,0.0,0.0,98743.77897923492,4499196.880801884,41.0,15.0,1731.778425655977,0.0,0.0,0.0,0.0,-33.8116390762672,151.04372411181404,16.58501834149978,0.0,0.0,nothing,0.0,0
88be0e26adfffff,0.0,0.0,2.0,0.0,0.0,0.0,0.0,4.0,0.0,0.0,0.0,0.0,2202001.6513480395,22.0,23.0,1539.3586005830905,0.0,0.0,0.0,0.0,-33.80549685496671,151.06119122082848,15.402605155281694,0.0,0.0,nothing,0.0,0
88be0e26b1fffff,2.0,0.0,19.0,0.0,15.0,1.0,4.0,96.0,0.0,3.0,0.0,2916079.0880461717,6289480.1524218945,70.0,11.0,0.0,0.0,53.0,10.0,0.0,-33.809392220002856,151.02199866994445,18.546432859428553,0.0,0.0,nothing,0.0,0
88be0e26b3fffff,1.0,1.0,10.0,2.0,0.0,3.0,0.0,36.0,0.0,2.0,0.0,363608.4460933363,4071167.681980862,124.0,17.0,0.0,10.0,34.0,5.0,4.0,-33.80826738857518,151.0111366175821,19.532134804015516,0.0,0.0,nothing,0.0,0
88be0e26b5fffff,1.0,0.0,1.0,0.0,0.0,0.0,0.0,8.0,0.0,0.0,0.0,57662.91877610307,5464097.026546359,21.0,13.0,0.0,0.0,0.0,0.0,0.0,-33.80212986097131,151.02860465530267,18.28749171110729,0.0,0.0,nothing,0.0,0
88be0e26b7fffff,0.0,0.0,0.0,0.0,0.0,0.0,0.0,2.0,0.0,0.0,0.0,122416.23731538009,4988269.620742321,11.0,12.0,0.0,1.0,15.0,2.0,0.0,-33.80100565885793,151.01774335663723,19.259728253281263,0.0,0.0,nothing,0.0,0
88be0e26b9fffff,0.0,0.0,3.0,0.0,0.0,0.0,0.0,12.0,0.0,0.0,0.0,2415359.549439469,9181059.098304044,43.0,2.0,0.0,3.0,12.0,0.0,0.0,-33.817778708703294,151.0262548549705,17.861806300167146,1.0,1.0,kW,1.0,1
88be0e26bbfffff,2.0,0.0,6.0,2.0,4.0,1.0,0.0,15.0,0.0,1.0,0.0,1287741.805460567,5634465.295200302,111.0,16.0,0.0,8.0,48.0,0.0,0.0,-33.81665418337734,151.0153916025903,18.8561390576214,7.0,7.0,7 kW,7.0,1
88be0e26bdfffff,7.0,0.0,3.0,0.0,2.0,0.0,0.0,13.0,0.0,1.0,0.0,3674054.079264002,6306641.279213908,49.0,13.0,0.0,0.0,19.0,1.0,0.0,-33.8105161159548,151.03286116827292,17.56387357640995,0.0,0.0,nothing,0.0,0
88be0e26c1fffff,0.0,0.0,3.0,0.0,1.0,8.0,0.0,28.0,0.0,0.0,0.0,4410300.859866142,8812929.823950887,47.0,3.0,0.0,5.0,18.0,0.0,7.0,-33.845182134704565,151.06076368377254,13.99285893725156,2.0,2.0,22 kW,22.0,1
88be0e26c3fffff,0.0,0.0,7.0,0.0,0.0,0.0,0.0,5.0,0.0,0.0,0.0,2752984.7718061497,7214967.32254374,28.0,7.0,0.0,5.0,4.0,0.0,0.0,-33.844060403451124,151.0498959409888,15.004304200393122,0.0,0.0,nothing,0.0,0
88be0e26c5fffff,4.0,0.0,4.0,0.0,0.0,0.0,0.0,19.0,0.0,0.0,0.0,9175318.252903868,0.0,33.0,5.0,0.0,0.0,40.0,0.0,0.0,-33.837917583499625,151.06736946858203,13.574034702705712,0.0,0.0,nothing,0.0,0
88be0e26c7fffff,1.0,0.0,8.0,0.0,0.0,0.0,0.0,5.0,0.0,0.0,0.0,213601.942202328,251117.9581395349,34.0,11.0,0.0,0.0,20.0,1.0,0.0,-33.83679648141049,151.05650248200058,14.579233153706769,3.0,3.0,kW,1.0,1
88be0e26c9fffff,0.0,0.0,10.0,0.0,0.0,0.0,0.0,16.0,0.0,0.0,0.0,9523631.331289534,7733156.174868398,68.0,5.0,0.0,1.0,13.0,0.0,0.0,-33.85356771295309,151.06502575843436,13.456872944368016,0.0,0.0,nothing,0.0,0
88be0e26cbfffff,0.0,0.0,1.0,0.0,0.0,0.0,0.0,6.0,0.0,0.0,0.0,1481934.629344202,12379540.5164952,24.0,16.0,0.0,1.0,2.0,0.0,0.0,-33.852446289710024,151.0541568154813,14.47038007589678,0.0,0.0,nothing,0.0,0
88be0e26cdfffff,5.0,0.0,42.0,3.0,1.0,9.0,0.0,45.0,0.0,0.0,0.0,3189283.875940497,3264221.758213983,71.0,6.0,5772.594752186589,4.0,56.0,5.0,8.0,-33.84630292872383,151.0716318701677,12.981719969406855,3.0,4.0,kW,1.0,1
88be0e26d1fffff,17.0,0.0,22.0,8.0,0.0,3.0,1.0,51.0,0.0,6.0,0.0,61840.02945412421,5594439.103477665,121.0,24.0,0.0,2.0,10.0,4.0,2.0,-33.85020063110133,151.0324202627925,16.497351599822895,0.0,0.0,nothing,0.0,0
88be0e26d3fffff,0.0,0.0,0.0,0.0,0.0,0.0,0.0,2.0,0.0,0.0,0.0,355347.617659648,509995.07516719983,38.0,11.0,0.0,0.0,5.0,0.0,0.0,-33.84907639606292,151.0215526545664,17.510815630167,0.0,0.0,nothing,0.0,0
88be0e26d5fffff,0.0,0.0,3.0,0.0,0.0,3.0,0.0,10.0,0.0,0.0,0.0,497264.4355517225,6087633.997059118,67.0,19.0,0.0,1.0,4.0,0.0,0.0,-33.84293773512683,151.03902864257125,16.015994839710007,0.0,0.0,nothing,0.0,0
88be0e26d7fffff,0.0,0.0,1.0,0.0,0.0,0.0,0.0,9.0,0.0,0.0,0.0,348601.031816382,4808339.220018728,50.0,16.0,0.0,2.0,0.0,0.0,0.0,-33.84181412989525,151.02816178927452,17.027884389167255,0.0,0.0,nothing,0.0,0
88be0e26d9fffff,0.0,0.0,0.0,0.0,0.0,0.0,0.0,3.0,0.0,1.0,0.0,337959.9689593371,5709410.944444445,52.0,7.0,0.0,2.0,0.0,0.0,0.0,-33.85858705765553,151.03667960899068,16.01304301604655,0.0,0.0,nothing,0.0,0
88be0e26dbfffff,0.0,0.0,0.0,0.0,0.0,0.0,0.0,2.0,0.0,0.0,0.0,22715.46277090177,0.0,68.0,20.0,0.0,0.0,0.0,0.0,0.0,-33.857463129852064,151.02581079981604,17.025249802856084,0.0,0.0,nothing,0.0,0
88be0e26ddfffff,1.0,0.0,3.0,0.0,0.0,0.0,0.0,14.0,0.0,0.0,0.0,279765.37851681805,7252363.216526662,34.0,6.0,0.0,3.0,0.0,0.0,0.0,-33.85132392903828,151.04328831668238,15.48387302706909,0.0,0.0,nothing,0.0,0
88be0e26e1fffff,2.0,0.0,1.0,0.0,5.0,0.0,0.0,5.0,0.0,0.0,1.0,237674.36806277,0.0,0.0,0.0,769.6793002915452,0.0,10.0,0.0,0.0,-33.82226745003467,151.06971231450336,13.911943535048074,0.0,0.0,nothing,0.0,0
88be0e26e3fffff,0.0,0.0,8.0,0.0,0.0,0.0,0.0,3.0,0.0,0.0,0.0,131507.70149214595,6323286.139293812,25.0,4.0,0.0,0.0,34.0,0.0,0.0,-33.82114666902474,151.05884728362616,14.89418858533301,0.0,0.0,nothing,0.0,0
88be0e26e5fffff,1.0,0.0,2.0,0.0,0.0,0.0,0.0,7.0,0.0,0.0,0.0,848806.5175978536,363197.8571428571,16.0,15.0,769.6793002915452,0.0,0.0,0.0,0.0,-33.81500234173247,151.0763156061761,13.67865020155996,0.0,0.0,nothing,0.0,0
88be0e26e7fffff,0.0,0.0,0.0,0.0,0.0,0.0,0.0,2.0,0.0,2.0,0.0,1113515.1687175247,995641.9619026182,30.0,15.0,2309.0379008746354,0.0,0.0,0.0,0.0,-33.81388218931927,151.06545133151957,14.641401872460266,0.0,0.0,nothing,0.0,0
88be0e26e9fffff,1.0,0.0,8.0,2.0,6.0,2.0,0.0,30.0,0.0,0.0,0.0,117700.21853132005,2396349.844155844,17.0,5.0,8466.472303206998,2.0,32.0,2.0,0.0,-33.830652636611724,151.07397417000067,13.219488658686764,0.0,0.0,nothing,0.0,0
88be0e26ebfffff,2.0,0.0,8.0,0.0,13.0,0.0,1.0,15.0,0.0,0.0,0.0,771456.350557641,1653701.2437965665,5.0,1.0,0.0,0.0,27.0,0.0,0.0,-33.829532163432845,151.06310793980848,14.213551238187188,0.0,0.0,nothing,0.0,0
88be0e26edfffff,5.0,0.0,9.0,1.0,0.0,1.0,1.0,14.0,0.0,0.0,2.0,216925.9428710234,2476455.7339181285,26.0,7.0,2309.0379008746354,7.0,17.0,2.0,1.0,-33.823387294557385,151.08057778811954,12.934508801066798,2.0,3.0,22 kW,22.0,1
88be0e2701fffff,1.0,0.0,1.0,0.0,2.0,0.0,0.0,3.0,0.0,1.0,0.0,0.0,0.0,18.0,22.0,0.0,1.0,2.0,0.0,0.0,-33.784241927956785,151.16362485345874,10.288145138702854,0.0,0.0,nothing,0.0,0
88be0e2703fffff,0.0,0.0,1.0,0.0,2.0,0.0,0.0,6.0,0.0,0.0,0.0,580968.9936221977,0.0,1.0,6.0,0.0,1.0,5.0,0.0,0.0,-33.783129592917575,151.15276217279035,10.848537162678747,0.0,0.0,nothing,0.0,0
88be0e2705fffff,6.0,0.0,13.0,4.0,1.0,2.0,1.0,22.0,1.0,2.0,0.0,275157.61457702366,356064.8,48.0,14.0,0.0,2.0,24.0,7.0,0.0,-33.7769713286544,151.1702178541163,10.809075368079508,9.0,15.0,kW,1.0,1
88be0e2707fffff,0.0,0.0,0.0,0.0,0.0,0.0,0.0,2.0,0.0,0.0,0.0,23188.926520159388,0.0,6.0,9.0,0.0,0.0,0.0,0.0,0.0,-33.77585961970833,151.1593559334881,11.298274283489752,0.0,0.0,nothing,0.0,0
88be0e2709fffff,0.0,0.0,2.0,0.0,0.0,0.0,0.0,10.0,0.0,0.0,0.0,81833.97120046249,2314421.2,18.0,15.0,0.0,0.0,5.0,0.0,0.0,-33.79262416179474,151.1678946461843,9.278050845940266,0.0,0.0,nothing,0.0,0
88be0e270bfffff,2.0,0.0,14.0,0.0,10.0,2.0,1.0,63.0,0.0,0.0,1.0,108804.29518594797,24139.174603174604,12.0,10.0,0.0,13.0,40.0,1.0,0.0,-33.79151213672783,151.15703076940105,9.843895437369149,0.0,0.0,nothing,0.0,0
88be0e270dfffff,1.0,0.0,6.0,1.0,0.0,0.0,0.0,12.0,0.0,0.0,0.0,116533.1775601976,8029589.116883117,33.0,14.0,0.0,0.0,14.0,4.0,0.0,-33.78535332687178,151.17448796984607,9.80080697618419,0.0,0.0,nothing,0.0,0
88be0e2711fffff,4.0,1.0,10.0,1.0,0.0,0.0,0.0,24.0,0.0,0.0,0.0,92566.55708308796,8302615.912037037,39.0,8.0,0.0,4.0,7.0,1.0,0.0,-33.789285277794285,151.13530432536746,11.167198305067377,0.0,0.0,nothing,0.0,0
88be0e2713fffff,0.0,0.0,2.0,1.0,0.0,1.0,0.0,17.0,1.0,0.0,0.0,188388.56785133813,6295808.777777778,32.0,15.0,0.0,5.0,0.0,0.0,1.0,-33.78817044425003,151.12444175962634,11.90336632105486,0.0,0.0,nothing,0.0,0
88be0e2715fffff,0.0,0.0,1.0,0.0,0.0,0.0,0.0,10.0,0.0,0.0,0.0,0.0,5524397.039021164,1.0,8.0,1154.5189504373177,1.0,2.0,0.0,0.0,-33.782016321915066,151.1418999285956,11.471277734224463,0.0,0.0,nothing,0.0,0
88be0e2717fffff,0.0,1.0,13.0,0.0,1.0,2.0,0.0,28.0,0.0,0.0,0.0,679550.9947732446,8605700.388207471,47.0,18.0,384.8396501457726,2.0,23.0,1.0,0.0,-33.78090211511037,151.13103812162888,12.146777506268444,2.0,2.0,7 kW,7.0,1
88be0e2719fffff,6.0,0.0,5.0,0.0,1.0,4.0,0.0,14.0,1.0,0.0,0.0,366905.75501157326,6099948.176653439,48.0,12.0,769.6793002915452,5.0,7.0,2.0,3.0,-33.79766836646073,151.13957140165635,10.193611315244098,2.0,2.0,kW,1.0,1
88be0e271bfffff,0.0,1.0,2.0,0.0,0.0,0.0,0.0,9.0,0.0,2.0,0.0,66923.22606989679,7003665.70694605,37.0,31.0,0.0,1.0,0.0,0.0,0.0,-33.796553842115806,151.12870763901665,10.948463211493069,0.0,0.0,nothing,0.0,0
88be0e271dfffff,0.0,0.0,36.0,0.0,16.0,1.0,30.0,87.0,0.0,0.0,0.0,115502.38307332616,2490519.805238095,3.0,0.0,1539.3586005830905,7.0,54.0,0.0,0.0,-33.79039917534066,151.1461673288772,10.477452169471746,0.0,0.0,nothing,0.0,0
88be0e2721fffff,0.0,0.0,0.0,0.0,9.0,0.0,0.0,3.0,0.0,0.0,0.0,30283.795613851427,509349.4444444444,9.0,22.0,0.0,0.0,0.0,2.0,0.0,-33.761318502998684,151.172540205606,12.398026345187402,0.0,0.0,nothing,0.0,0
88be0e2723fffff,0.0,0.0,3.0,0.0,1.0,0.0,0.0,2.0,0.0,0.0,0.0,128249.84198416736,3963591.839575582,1.0,0.0,0.0,1.0,4.0,1.0,0.0,-33.76020711009909,151.16168024046456,12.826562366728096,0.0,0.0,nothing,0.0,0
88be0e2725fffff,0.0,1.0,3.0,2.0,0.0,1.0,0.0,25.0,1.0,0.0,0.0,90650.64176235476,2099781.428571428,14.0,9.0,0.0,0.0,8.0,2.0,0.0,-33.75404736053206,151.179130717211,13.031151909491342,0.0,0.0,nothing,0.0,0
88be0e2727fffff,0.0,0.0,3.0,0.0,1.0,0.0,0.0,19.0,1.0,0.0,0.0,32414.31450580676,2505059.539682539,1.0,0.0,1154.5189504373177,0.0,4.0,0.0,0.0,-33.75293659315706,151.16827151212286,13.401139969255516,0.0,0.0,nothing,0.0,0
88be0e2729fffff,0.0,0.0,3.0,0.0,1.0,0.0,0.0,43.0,0.0,0.0,0.0,20707.26205296755,0.0,10.0,11.0,384.8396501457726,1.0,2.0,0.0,0.0,-33.76970033933756,151.17680977146614,11.396176676202993,0.0,0.0,nothing,0.0,0
88be0e272bfffff,2.0,0.0,2.0,0.0,0.0,1.0,0.0,7.0,0.0,1.0,0.0,283305.7643003252,939717.9118644068,22.0,7.0,0.0,0.0,12.0,4.0,0.0,-33.76858925622974,151.16594861106248,11.81768841675631,0.0,0.0,nothing,0.0,0
88be0e272dfffff,0.0,0.0,0.0,0.0,0.0,0.0,0.0,22.0,0.0,0.0,0.0,12176.532554019666,0.0,1.0,0.0,0.0,0.0,1.0,0.0,0.0,-33.7624289605232,151.18340060560078,12.039773803925408,0.0,0.0,nothing,0.0,0
88be0e2731fffff,0.0,0.0,1.0,0.0,0.0,0.0,0.0,1.0,0.0,1.0,0.0,0.0,7419193.309964977,9.0,1.0,0.0,11.0,0.0,0.0,0.0,-33.766364283461115,151.1442275971891,12.860467033718278,0.0,0.0,nothing,0.0,0
88be0e2733fffff,0.0,0.0,1.0,0.0,0.0,0.0,0.0,18.0,0.0,4.0,0.0,301408.183620278,7729038.87096961,36.0,23.0,0.0,0.0,23.0,0.0,0.0,-33.765250394122155,151.1333677452276,13.466267854879453,0.0,0.0,nothing,0.0,0
88be0e2735fffff,2.0,1.0,17.0,2.0,0.0,3.0,0.0,19.0,0.0,0.0,0.0,1007907.3244111126,5245695.6336964,60.0,7.0,0.0,10.0,45.0,4.0,1.0,-33.759094781985034,151.1508207109306,13.318595987539911,0.0,0.0,nothing,0.0,0
88be0e2737fffff,0.0,1.0,0.0,0.0,0.0,0.0,0.0,5.0,0.0,1.0,0.0,0.0,7443064.471249983,25.0,15.0,0.0,0.0,1.0,1.0,0.0,-33.7579815188174,151.13996161775805,13.86736668565204,0.0,0.0,nothing,0.0,0
88be0e2739fffff,0.0,1.0,0.0,0.0,0.0,0.0,1.0,5.0,0.0,0.0,0.0,26937.48277870842,2681360.492500146,14.0,16.0,0.0,0.0,2.0,1.0,0.0,-33.77474697499491,151.14849444879312,11.854136739244796,0.0,0.0,nothing,0.0,0
88be0e273bfffff,0.0,0.0,0.0,0.0,0.0,0.0,0.0,10.0,0.0,0.0,0.0,951.5456725938516,9072718.74983826,0.0,12.0,769.6793002915452,0.0,1.0,0.0,0.0,-33.77363339467515,151.1376334007858,12.467745954954417,0.0,0.0,nothing,0.0,0
88be0e273dfffff,0.0,0.0,1.0,0.0,0.0,1.0,0.0,4.0,0.0,0.0,0.0,341041.1653810766,4635538.11487759,13.0,1.0,0.0,0.0,1.0,2.0,0.0,-33.76747723755066,151.15508788605206,12.308427154982626,0.0,0.0,nothing,0.0,0
88be0e2741fffff,6.0,3.0,21.0,5.0,0.0,2.0,0.0,52.0,0.0,0.0,0.0,1623492.0348399836,5560402.039682539,161.0,4.0,0.0,44.0,45.0,2.0,3.0,-33.80211709867932,151.18303082021416,7.785855745181455,6.0,12.0,"6.6 kW, 7 kW, kW",4.866666666666666,1
88be0e2743fffff,0.0,0.0,10.0,0.0,1.0,0.0,0.0,64.0,0.0,1.0,0.0,110897.67177634774,3890375.804100529,55.0,26.0,0.0,9.0,17.0,1.0,0.0,-33.801006320720845,151.1721653118849,8.268007942096157,0.0,0.0,nothing,0.0,0
88be0e2745fffff,15.0,1.0,95.0,19.0,2.0,10.0,0.0,181.0,0.0,5.0,0.0,2377566.695255041,3379383.8358521056,131.0,17.0,3848.396501457726,10.0,59.0,7.0,12.0,-33.794845402324604,151.18962370550892,8.402768163986735,4.0,4.0,"11 kW, 22 kW",16.5,1
88be0e2747fffff,13.0,1.0,62.0,7.0,1.0,6.0,2.0,144.0,0.0,7.0,0.0,338326.518237912,7801431.927779074,131.0,27.0,0.0,17.0,98.0,6.0,6.0,-33.79373525038054,151.17875895847197,8.793005354610543,7.0,9.0,"22 kW, 7 kW, kW",10.0,1
88be0e2749fffff,5.0,0.0,33.0,3.0,3.0,4.0,1.0,60.0,0.0,0.0,0.0,166956.44618845722,4783396.272129272,84.0,1.0,2693.877551020408,2.0,61.0,3.0,1.0,-33.81049887126673,151.1873035552929,6.779653277087734,0.0,0.0,nothing,0.0,0
88be0e274bfffff,0.0,1.0,12.0,0.0,0.0,0.0,0.0,36.0,0.0,1.0,0.0,203229.73844240303,6366547.558201058,64.0,14.0,0.0,1.0,9.0,2.0,0.0,-33.809388404233744,151.17643685078087,7.258042140203006,0.0,0.0,nothing,0.0,0
88be0e274dfffff,0.0,0.0,1.0,2.0,0.0,0.0,0.0,6.0,0.0,0.0,0.0,70640.1221379982,2688164.1063563563,41.0,14.0,4233.236151603499,2.0,0.0,1.0,0.0,-33.80322693963924,151.19389676307776,7.411750670256532,0.0,0.0,nothing,0.0,0
88be0e2751fffff,1.0,0.0,6.0,0.0,0.0,1.0,1.0,20.0,0.0,0.0,0.0,120900.58767301647,2933398.031689003,36.0,14.0,769.6793002915452,3.0,3.0,1.0,0.0,-33.80716465874375,151.154704747737,8.50144921044925,6.0,6.0,"22 kW, 5 kW, kW",9.333333333333334,1
88be0e2753fffff,0.0,1.0,5.0,0.0,2.0,0.0,0.0,19.0,0.0,0.0,0.0,444341.7387820431,3597505.884285714,15.0,8.0,1154.5189504373177,5.0,7.0,0.0,0.0,-33.8060513806084,151.14383935071595,9.227916731671533,1.0,1.0,22 kW,22.0,1
88be0e2755fffff,1.0,0.0,4.0,0.0,1.0,0.0,0.0,5.0,0.0,0.0,0.0,136327.65872526856,1163566.9523809524,3.0,8.0,0.0,0.0,5.0,0.0,0.0,-33.799894605924365,151.1613002388454,8.84054165216717,0.0,0.0,nothing,0.0,0
88be0e2757fffff,0.0,0.0,5.0,0.0,0.0,0.0,0.0,24.0,0.0,0.0,0.0,323643.50808812067,3304344.467380952,5.0,5.0,769.6793002915452,3.0,25.0,0.0,0.0,-33.79878195445066,151.15043560185086,9.487103096347417,0.0,0.0,nothing,0.0,0
88be0e2759fffff,0.0,0.0,1.0,1.0,0.0,0.0,0.0,14.0,0.0,0.0,0.0,0.0,3987389.4299306152,55.0,12.0,3078.717201166181,0.0,0.0,0.0,0.0,-33.81554728771858,151.15897476675593,7.522340482619449,0.0,0.0,nothing,0.0,0
88be0e275bfffff,1.0,0.0,9.0,0.0,0.0,0.0,0.0,41.0,0.0,1.0,0.0,1026882.0219141932,3138608.989059976,24.0,14.0,1924.198250728863,2.0,17.0,0.0,0.0,-33.814434319735994,151.1481081727667,8.272882610773452,8.0,8.0,"22 kW, 7 kW",14.5,1
88be0e275dfffff,2.0,0.0,4.0,0.0,0.0,0.0,0.0,23.0,0.0,0.0,0.0,3814.117877738667,4932195.125,52.0,20.0,0.0,2.0,9.0,0.0,0.0,-33.808277000005845,151.16557058134376,7.83897433098505,2.0,2.0,kW,1.0,1
88be0e2761fffff,0.0,0.0,2.0,0.0,0.0,0.0,0.0,23.0,0.0,0.0,0.0,21688.424851036267,4024839.058506364,32.0,15.0,2309.0379008746354,0.0,4.0,1.0,0.0,-33.7791919386018,151.1919430001543,10.06830055524996,0.0,0.0,nothing,0.0,0
88be0e2763fffff,0.0,0.0,2.0,0.0,0.0,0.0,0.0,8.0,0.0,0.0,0.0,21765.972155067877,3850358.3220779216,13.0,23.0,6542.274052478134,0.0,11.0,1.0,0.0,-33.77808210167239,151.1810802099233,10.395959420038691,0.0,0.0,nothing,0.0,0
88be0e2765fffff,0.0,0.0,0.0,0.0,2.0,0.0,0.0,12.0,0.0,0.0,0.0,44560.8123558777,0.0,1.0,2.0,0.0,0.0,3.0,0.0,0.0,-33.77191969819735,151.19853339543508,10.792009642535149,0.0,0.0,nothing,0.0,0
88be0e2767fffff,0.0,0.0,2.0,1.0,0.0,0.0,0.0,8.0,0.0,0.0,0.0,50139.90018618453,0.0,17.0,23.0,8466.472303206998,0.0,3.0,2.0,0.0,-33.77081048671355,151.18767136650854,11.051819652384122,0.0,0.0,nothing,0.0,0
88be0e2769fffff,2.0,0.0,12.0,1.0,0.0,0.0,0.0,24.0,0.0,1.0,0.0,67886.00378058615,3912242.584966863,48.0,19.0,5002.915451895044,10.0,17.0,1.0,0.0,-33.7875733156866,151.19621550675805,9.090659547688777,4.0,7.0,"7 kW, kW",4.0,1
88be0e276bfffff,0.0,0.0,4.0,0.0,0.0,1.0,0.0,10.0,0.0,0.0,0.0,12529.71736000696,6247493.728990504,58.0,19.0,3848.396501457726,0.0,15.0,1.0,0.0,-33.78646378950186,151.18535152119753,9.397899136513278,5.0,5.0,22 kW,22.0,1
88be0e276dfffff,0.0,0.0,1.0,0.0,0.0,0.0,1.0,2.0,0.0,0.0,0.0,0.0,672032.1513336963,23.0,13.0,0.0,1.0,1.0,1.0,0.0,-33.78030083928233,151.20280622405443,9.834648430899046,0.0,0.0,nothing,0.0,0
88be0e2803fffff,0.0,0.0,0.0,0.0,0.0,0.0,0.0,2.0,0.0,0.0,0.0,0.0,0.0,0.0,0.0,0.0,0.0,0.0,0.0,0.0,-33.579424514900566,151.33697835592605,34.20869958122195,0.0,0.0,nothing,0.0,0
88be0e2811fffff,0.0,0.0,0.0,0.0,0.0,0.0,0.0,0.0,0.0,0.0,2.0,27049.14191889031,0.0,0.0,0.0,0.0,0.0,0.0,0.0,0.0,-33.585608393135324,151.31957213349267,33.03166081107767,0.0,0.0,nothing,0.0,0
88be0e2813fffff,0.0,0.0,0.0,0.0,1.0,0.0,0.0,2.0,0.0,0.0,0.0,0.0,0.0,0.0,0.0,0.0,0.0,1.0,0.0,0.0,-33.58451101188278,151.30873088279435,32.8515675396154,0.0,0.0,nothing,0.0,0
88be0e2815fffff,0.0,0.0,1.0,0.0,0.0,0.0,0.0,5.0,0.0,0.0,0.0,0.0,0.0,0.0,0.0,0.0,0.0,3.0,0.0,0.0,-33.57832868352262,151.3261374469378,33.98946356070714,0.0,0.0,nothing,0.0,0
88be0e2819fffff,0.0,0.0,5.0,0.0,0.0,0.0,0.0,9.0,0.0,0.0,2.0,372427.4574934131,0.0,6.0,9.0,0.0,0.0,12.0,0.0,0.0,-33.59398479608664,151.32384817718497,32.27745988775459,0.0,0.0,nothing,0.0,0
88be0e281dfffff,0.0,0.0,3.0,0.0,2.0,0.0,0.0,12.0,0.0,0.0,0.0,199491.90377854396,0.0,2.0,0.0,0.0,0.0,11.0,0.0,0.0,-33.58670484390598,151.33041380690324,33.24170949715488,0.0,0.0,nothing,0.0,0
88be0e2853fffff,0.0,0.0,3.0,0.0,1.0,0.0,0.0,0.0,0.0,0.0,0.0,0.0,0.0,2.0,1.0,0.0,0.0,1.0,0.0,0.0,-33.60236113021405,151.3281250914221,31.53758315618381,0.0,0.0,nothing,0.0,0
88be0e285bfffff,0.0,0.0,1.0,0.0,0.0,0.0,0.0,0.0,0.0,0.0,0.0,614678.3190783446,0.0,0.0,2.0,0.0,3.0,0.0,0.0,0.0,-33.61073739501646,151.33240287642226,30.813063581490653,0.0,0.0,nothing,0.0,0
88be0e289bfffff,0.0,0.0,0.0,0.0,0.0,0.0,0.0,1.0,0.0,0.0,0.0,0.0,0.0,0.0,0.0,0.0,0.0,0.0,0.0,0.0,-33.58518218249891,151.23712056895755,31.563657779076852,0.0,0.0,nothing,0.0,0
88be0e28a1fffff,0.0,0.0,0.0,0.0,2.0,0.0,0.0,9.0,0.0,0.0,0.0,32415.993368217263,0.0,0.0,0.0,0.0,0.0,5.0,0.0,0.0,-33.54990393098517,151.2808040756199,35.98673057828068,0.0,0.0,nothing,0.0,0
88be0e28a3fffff,0.0,0.0,1.0,0.0,0.0,0.0,0.0,3.0,0.0,0.0,2.0,21934.522554177,0.0,0.0,1.0,160.34985422740525,0.0,2.0,0.0,0.0,-33.54880345172289,151.26996842076818,35.93589038965072,0.0,0.0,nothing,0.0,0
88be0e28a7fffff,0.0,0.0,0.0,0.0,0.0,0.0,0.0,1.0,0.0,0.0,0.0,0.0,0.0,0.0,0.0,256.5597667638484,0.0,0.0,0.0,0.0,-33.541526573092014,151.27653475412612,36.83141883572951,0.0,0.0,nothing,0.0,0
88be0e28adfffff,0.0,0.0,0.0,0.0,0.0,0.0,0.0,4.0,0.0,0.0,0.0,4388.940929227046,0.0,0.0,0.0,0.0,0.0,0.0,0.0,0.0,-33.55100348150052,151.2916401555505,36.066001576594616,0.0,0.0,nothing,0.0,0
88be0e28b1fffff,0.0,0.0,0.0,0.0,0.0,0.0,0.0,1.0,0.0,0.0,0.0,0.0,0.0,0.0,0.0,0.0,0.0,0.0,0.0,0.0,-33.55497792549073,151.25256501882413,35.038536477119834,0.0,0.0,nothing,0.0,0
88be0e28b5fffff,0.0,0.0,0.0,0.0,0.0,0.0,0.0,1.0,0.0,0.0,0.0,0.0,0.0,0.0,0.0,0.0,0.0,0.0,0.0,0.0,-33.54770204387132,151.25913319174543,35.91360055659364,0.0,0.0,nothing,0.0,0
88be0e28b7fffff,0.0,0.0,0.0,0.0,0.0,1.0,0.0,1.0,0.0,0.0,2.0,0.0,0.0,0.0,0.0,0.0,0.0,2.0,0.0,0.0,-33.546599707588314,151.24829838930145,35.91991302734944,0.0,0.0,nothing,0.0,0
88be0e28b9fffff,0.0,0.0,0.0,0.0,0.0,0.0,0.0,2.0,0.0,0.0,0.0,0.0,0.0,0.0,0.0,0.0,0.0,0.0,0.0,0.0,-33.563356078059904,151.2568325173278,34.16428433892468,0.0,0.0,nothing,0.0,0
88be0e28bdfffff,0.0,0.0,1.0,0.0,0.0,0.0,0.0,2.0,0.0,0.0,0.0,0.0,0.0,0.0,0.0,0.0,0.0,1.0,0.0,0.0,-33.55607995355118,151.26340100853318,35.04668115724506,0.0,0.0,nothing,0.0,0
88be0e28c3fffff,0.0,0.0,0.0,0.0,0.0,0.0,0.0,0.0,0.0,0.0,0.0,2223.1220090729284,0.0,0.0,0.0,0.0,0.0,0.0,0.0,0.0,-33.58959093095656,151.280480969062,31.663981068207764,0.0,0.0,nothing,0.0,0
88be0e28c5fffff,0.0,0.0,0.0,0.0,0.0,0.0,0.0,2.0,0.0,0.0,0.0,0.0,0.0,0.0,0.0,0.0,0.0,1.0,0.0,0.0,-33.58341270030527,151.2978900555597,32.70192330152542,0.0,0.0,nothing,0.0,0
88be0e28c7fffff,0.0,0.0,0.0,0.0,0.0,0.0,0.0,0.0,0.0,0.0,0.0,28225.148251944855,0.0,0.0,0.0,0.0,0.0,0.0,0.0,0.0,-33.582313458559895,151.28704965254013,32.58314632848636,0.0,0.0,nothing,0.0,0
88be0e28c9fffff,0.0,0.0,2.0,0.0,2.0,0.0,0.0,0.0,0.0,0.0,2.0,0.0,0.0,0.0,0.0,0.0,0.0,4.0,0.0,0.0,-33.599068059398604,151.29559548702872,30.96840364625669,0.0,0.0,nothing,0.0,0
88be0e28cdfffff,0.0,0.0,0.0,0.0,0.0,1.0,0.0,4.0,0.0,1.0,2.0,0.0,0.0,0.0,0.0,0.0,0.0,1.0,0.0,0.0,-33.59178972456767,151.30216372512623,31.907840357567967,0.0,0.0,nothing,0.0,0
88be0e28d1fffff,0.0,0.0,0.0,0.0,0.0,0.0,0.0,1.0,0.0,0.0,0.0,0.0,0.0,0.0,0.0,0.0,0.0,0.0,0.0,0.0,-33.59576661209454,151.26306970343882,30.69141745681587,0.0,0.0,nothing,0.0,0
88be0e28d5fffff,0.0,0.0,0.0,0.0,0.0,0.0,0.0,4.0,0.0,0.0,0.0,0.0,0.0,0.0,0.0,0.0,0.0,0.0,0.0,0.0,-33.58849013875985,151.26964022890633,31.590176961464408,0.0,0.0,nothing,0.0,0
88be0e28dbfffff,0.0,0.0,0.0,0.0,1.0,0.0,0.0,1.0,0.0,0.0,0.0,0.0,0.0,0.0,0.0,0.0,0.0,1.0,0.0,0.0,-33.60304270629107,151.25649809799083,29.799895542762147,0.0,0.0,nothing,0.0,0
88be0e28e9fffff,1.0,0.0,2.0,0.0,0.0,0.0,0.0,12.0,0.0,0.0,0.0,27970.697041165397,0.0,2.0,0.0,0.0,2.0,26.0,0.0,0.0,-33.57613423007292,151.30445689624543,33.638477748278355,0.0,0.0,nothing,0.0,0
88be0e2999fffff,0.0,0.0,0.0,0.0,0.0,0.0,0.0,0.0,0.0,0.0,0.0,0.0,0.0,0.0,0.0,419.04761904761904,0.0,0.0,0.0,0.0,-33.535348558181894,151.29393414056804,37.80851189571072,0.0,0.0,nothing,0.0,0
88be0e299bfffff,0.0,0.0,0.0,0.0,0.0,0.0,0.0,1.0,0.0,0.0,0.0,40583.317249438864,0.0,0.0,0.0,288.6297376093294,0.0,0.0,0.0,0.0,-33.5342493181756,151.28310000870033,37.73281676440887,0.0,0.0,nothing,0.0,0
88be0e29d1fffff,0.0,0.0,1.0,0.0,1.0,1.0,0.0,6.0,0.0,0.0,0.0,10868.747940825218,0.0,0.0,0.0,0.0,0.0,14.0,0.0,0.0,-33.544823365806735,151.30904070735946,37.10499901748216,0.0,0.0,nothing,0.0,0
88be0e29d3fffff,0.0,0.0,0.0,0.0,0.0,0.0,0.0,1.0,0.0,0.0,0.0,0.0,0.0,0.0,0.0,0.0,0.0,1.0,0.0,0.0,-33.543725363555815,151.2982049655706,36.98625712931805,0.0,0.0,nothing,0.0,0
88be0e29d7fffff,0.0,0.0,0.0,0.0,0.0,0.0,0.0,0.0,0.0,0.0,0.0,5706.9493288469175,0.0,0.0,0.0,628.5714285714286,0.0,0.0,0.0,0.0,-33.536446869836894,151.30476869644605,37.91117093619694,0.0,0.0,nothing,0.0,0
88be0e29dbfffff,0.0,0.0,0.0,0.0,0.0,0.0,0.0,1.0,0.0,0.0,0.0,0.0,0.0,0.0,0.0,0.0,0.0,0.0,0.0,0.0,-33.55210210311158,151.30247665980983,36.17351765651657,0.0,0.0,nothing,0.0,0
88be0e2a13fffff,0.0,0.0,0.0,0.0,0.0,0.0,0.0,1.0,0.0,0.0,0.0,0.0,1324035.5555555555,0.0,0.0,0.0,0.0,0.0,0.0,0.0,-33.64314655178004,151.33867316614493,27.751040215534395,0.0,0.0,nothing,0.0,0
88be0e2a17fffff,0.0,0.0,0.0,0.0,0.0,0.0,0.0,0.0,0.0,0.0,0.0,0.0,223431.0,0.0,0.0,0.0,0.0,0.0,0.0,0.0,-33.63586576846215,151.34524145818372,28.74315179364691,0.0,0.0,nothing,0.0,0
88be0e2a81fffff,0.0,0.0,0.0,0.0,0.0,0.0,0.0,0.0,0.0,0.0,2.0,0.0,0.0,0.0,0.0,0.0,0.0,0.0,0.0,0.0,-33.63147812718778,151.30185049619075,27.684777740708675,0.0,0.0,nothing,0.0,0
88be0e2a83fffff,0.0,0.0,0.0,0.0,0.0,0.0,0.0,0.0,0.0,0.0,2.0,0.0,0.0,0.0,0.0,0.0,0.0,0.0,0.0,0.0,-33.630378886513384,151.29100381485975,27.50736905988005,0.0,0.0,nothing,0.0,0
88be0e2a87fffff,0.0,0.0,0.0,0.0,0.0,0.0,0.0,1.0,0.0,0.0,0.0,0.0,0.0,0.0,0.0,0.0,0.0,0.0,0.0,0.0,-33.62310082621583,151.29757484947,28.453421687093652,0.0,0.0,nothing,0.0,0
88be0e2a89fffff,0.0,0.0,0.0,0.0,1.0,0.0,0.0,38.0,0.0,0.0,0.0,0.0,0.0,0.0,5.0,0.0,1.0,1.0,0.0,0.0,-33.639855358020384,151.30612701399596,26.93209424030005,0.0,0.0,nothing,0.0,0
88be0e2a8bfffff,0.0,0.0,1.0,0.0,0.0,1.0,0.0,1.0,0.0,1.0,4.0,0.0,0.0,0.0,0.0,0.0,0.0,1.0,0.0,0.0,-33.6387564285431,151.2952791440146,26.730532211402014,0.0,0.0,nothing,0.0,0
88be0e2a8dfffff,0.0,0.0,0.0,0.0,0.0,0.0,0.0,1.0,0.0,0.0,0.0,29951.094939128765,0.0,2.0,7.0,0.0,0.0,1.0,0.0,0.0,-33.63257643587695,151.31269760194144,27.897920346951327,0.0,0.0,nothing,0.0,0
88be0e2a91fffff,0.0,0.0,0.0,0.0,0.0,0.0,0.0,5.0,0.0,1.0,6.0,0.0,0.0,0.0,0.0,0.0,0.0,0.0,0.0,0.0,-33.63655577319633,151.2735846796712,26.439646268855533,0.0,0.0,nothing,0.0,0
88be0e2a95fffff,0.0,0.0,0.0,0.0,0.0,0.0,0.0,4.0,0.0,0.0,0.0,0.0,0.0,0.0,0.0,0.0,0.0,1.0,0.0,0.0,-33.62927871401119,151.2801575587009,27.366387724885712,0.0,0.0,nothing,0.0,0
88be0e2a99fffff,0.0,0.0,1.0,0.0,0.0,0.0,0.0,1.0,0.0,1.0,2.0,45783.566366542305,0.0,0.0,4.0,0.0,2.0,0.0,1.0,0.0,-33.6449338668061,151.27785850176318,25.630303680282807,0.0,0.0,nothing,0.0,0
88be0e2a9bfffff,0.0,0.0,0.0,0.0,0.0,0.0,0.0,2.0,0.0,0.0,0.0,7486.190004190155,0.0,0.0,0.0,0.0,0.0,0.0,0.0,0.0,-33.64383245168013,151.267010719468,25.51935552724138,0.0,0.0,nothing,0.0,0
88be0e2a9dfffff,0.0,0.0,0.0,0.0,0.0,0.0,0.0,0.0,0.0,0.0,6.0,0.0,0.0,0.0,0.0,0.0,0.0,0.0,0.0,0.0,-33.63765656688255,151.28443169898875,26.566152252336288,0.0,0.0,nothing,0.0,0
88be0e2aa3fffff,0.0,0.0,0.0,0.0,0.0,0.0,0.0,1.0,0.0,1.0,2.0,0.0,0.0,0.0,0.0,0.0,0.0,0.0,0.0,0.0,-33.60744525741965,151.2998697096874,30.179356594454195,0.0,0.0,nothing,0.0,0
88be0e2aa5fffff,0.0,0.0,0.0,0.0,0.0,0.0,0.0,4.0,0.0,0.0,0.0,73158.02637283385,0.0,4.0,6.0,0.0,1.0,0.0,0.0,0.0,-33.60126437092525,151.3172814666768,31.316203655594503,0.0,0.0,nothing,0.0,0
88be0e2aa9fffff,0.0,0.0,0.0,0.0,0.0,0.0,0.0,0.0,0.0,0.0,0.0,0.0,0.0,0.0,4.0,0.0,0.0,0.0,0.0,0.0,-33.616920385976826,151.31498995631262,29.604712596765168,0.0,0.0,nothing,0.0,0
88be0e2aadfffff,0.0,0.0,0.0,0.0,0.0,0.0,0.0,0.0,0.0,0.0,0.0,0.0,0.0,0.0,4.0,0.0,0.0,0.0,0.0,0.0,-33.609640947155754,151.32155806444675,30.569683752504854,0.0,0.0,nothing,0.0,0
88be0e2ab3fffff,0.0,0.0,0.0,0.0,0.0,0.0,0.0,1.0,0.0,0.0,0.0,268.49352209969703,0.0,0.0,0.0,0.0,0.0,0.0,0.0,0.0,-33.612522800137036,151.27161189032907,29.006197203808274,0.0,0.0,nothing,0.0,0
88be0e2ab5fffff,0.0,0.0,6.0,0.0,0.0,0.0,0.0,3.0,0.0,0.0,4.0,0.0,0.0,0.0,0.0,0.0,0.0,22.0,0.0,0.0,-33.606346015858364,151.28902616840784,30.0336597527855,0.0,0.0,nothing,0.0,0
88be0e2abdfffff,0.0,0.0,0.0,0.0,0.0,0.0,0.0,1.0,0.0,0.0,0.0,0.0,0.0,0.0,0.0,0.0,0.0,0.0,0.0,0.0,-33.61472345560567,151.29330007361517,29.236766146131902,0.0,0.0,nothing,0.0,0
88be0e2ac1fffff,0.0,0.0,0.0,0.0,0.0,0.0,0.0,2.0,0.0,0.0,0.0,713825.8002042307,24825.666666666668,4.0,3.0,0.0,0.0,3.0,0.0,0.0,-33.64933020349894,151.32125388586013,26.46065707397596,0.0,0.0,nothing,0.0,0
88be0e2ac3fffff,0.0,0.0,1.0,0.0,0.0,1.0,0.0,84.0,1.0,0.0,0.0,0.0,0.0,1.0,6.0,0.0,0.0,1.0,0.0,0.0,-33.64823251821245,151.3104044031042,26.196748215766963,0.0,0.0,nothing,0.0,0
88be0e2ac5fffff,0.0,0.0,10.0,0.0,7.0,1.0,0.0,21.0,0.0,0.0,0.0,545177.9397323979,2805300.3333333335,14.0,15.0,0.0,0.0,7.0,0.0,0.0,-33.64205041979587,151.32782402581418,27.443342665462698,0.0,0.0,nothing,0.0,0
88be0e2ac7fffff,0.0,0.0,1.0,1.0,4.0,0.0,0.0,239.0,0.0,0.0,0.0,6044.149229629341,529614.2222222222,2.0,14.0,0.0,0.0,0.0,0.0,1.0,-33.640953355157016,151.31697530818016,27.170012395802917,0.0,0.0,nothing,0.0,0
88be0e2ac9fffff,0.0,0.0,6.0,0.0,0.0,0.0,0.0,9.0,0.0,0.0,0.0,229232.80861437265,0.0,11.0,0.0,0.0,0.0,4.0,0.0,0.0,-33.65770698040148,151.32553333519988,25.771387684718277,0.0,0.0,nothing,0.0,0
88be0e2acbfffff,0.0,1.0,12.0,1.0,0.0,0.0,0.0,10.0,0.0,0.0,0.0,133616.96667732066,0.0,14.0,14.0,0.0,1.0,0.0,2.0,0.0,-33.656609607262794,151.31468266373406,25.48024205945125,1.0,1.0,22 kW,22.0,1
88be0e2acdfffff,0.0,0.0,0.0,0.0,0.0,0.0,0.0,0.0,0.0,0.0,0.0,0.0,115853.11111111112,0.0,0.0,0.0,0.0,0.0,0.0,0.0,-33.650426955932296,151.33210379184854,26.76039588848735,0.0,0.0,nothing,0.0,0
88be0e2ad1fffff,2.0,0.0,1.0,0.0,1.0,0.0,0.0,1.0,0.0,1.0,0.0,32876.413959611586,0.0,2.0,9.0,0.0,0.0,1.0,0.0,0.0,-33.654412061988246,151.29298259286148,25.011320493767226,2.0,2.0,kW,1.0,1
88be0e2ad3fffff,0.0,0.0,0.0,0.0,0.0,0.0,0.0,0.0,0.0,0.0,2.0,0.0,0.0,0.0,13.0,0.0,0.0,0.0,0.0,0.0,-33.65331189016708,151.28213319496123,24.83568177977808,0.0,0.0,nothing,0.0,0
88be0e2ad5fffff,0.0,0.0,0.0,0.0,0.0,0.0,0.0,0.0,0.0,0.0,2.0,0.0,0.0,0.0,0.0,0.0,1.0,0.0,0.0,0.0,-33.64713390022991,151.29955534433404,25.96976005096653,0.0,0.0,nothing,0.0,0
88be0e2ad7fffff,2.0,0.0,1.0,0.0,0.0,1.0,0.0,6.0,0.0,0.0,2.0,633567.5287605306,0.0,1.0,7.0,0.0,0.0,15.0,1.0,0.0,-33.646034349708614,151.28870671030273,25.780666177632607,0.0,0.0,nothing,0.0,0
88be0e2ad9fffff,1.0,0.0,4.0,0.0,1.0,0.0,0.0,16.0,0.0,0.0,2.0,103074.89848287648,33689.77777777778,7.0,10.0,0.0,2.0,13.0,0.0,0.0,-33.66278970322026,151.29725934688372,24.259652191499494,0.0,0.0,nothing,0.0,0
88be0e2addfffff,0.0,0.0,0.0,0.0,0.0,0.0,0.0,4.0,0.0,0.0,0.0,0.0,0.0,0.0,0.0,0.0,4.0,2.0,0.0,0.0,-33.65551130107264,151.3038324160368,25.226507354782328,0.0,0.0,nothing,0.0,0
88be0e2ae1fffff,0.0,0.0,0.0,0.0,0.0,0.0,0.0,13.0,0.0,0.0,0.0,118038.85648980131,554439.8888888889,8.0,11.0,0.0,1.0,1.0,1.0,0.0,-33.6263938905298,151.3301138727354,29.12439860691583,0.0,0.0,nothing,0.0,0
88be0e2ae3fffff,0.0,0.0,0.0,0.0,0.0,0.0,0.0,0.0,0.0,0.0,2.0,0.0,0.0,0.0,10.0,0.0,0.0,0.0,0.0,0.0,-33.62529713431693,151.3192671082647,28.86688817474155,0.0,0.0,nothing,0.0,0
88be0e2ae5fffff,0.0,0.0,1.0,0.0,0.0,0.0,0.0,15.0,0.0,0.0,0.0,512852.2669075894,0.0,2.0,5.0,0.0,0.0,2.0,0.0,0.0,-33.61911358999274,151.3366815324037,30.105011077626497,0.0,0.0,nothing,0.0,0
88be0e2ae7fffff,0.0,0.0,1.0,0.0,0.0,1.0,0.0,4.0,0.0,0.0,2.0,56000.40896433049,0.0,1.0,4.0,0.0,0.0,1.0,1.0,0.0,-33.618017453857654,151.32583553306017,29.838691938810054,0.0,0.0,nothing,0.0,0
88be0e2ae9fffff,0.0,0.0,18.0,3.0,2.0,0.0,1.0,51.0,0.0,0.0,0.0,419758.3790298895,2722548.1111111115,32.0,8.0,0.0,0.0,9.0,2.0,0.0,-33.634770256671,151.33439308369086,28.42806367391031,0.0,0.0,nothing,0.0,0
88be0e2aebfffff,0.0,0.0,2.0,1.0,0.0,0.0,0.0,16.0,0.0,2.0,0.0,115997.98571347684,2135007.3333333335,9.0,7.0,0.0,0.0,2.0,1.0,0.0,-33.63367381242367,151.32354513135908,28.14598657515769,0.0,0.0,nothing,0.0,0
88be0e2aedfffff,0.0,0.0,0.0,0.0,0.0,0.0,0.0,13.0,0.0,0.0,0.0,0.0,0.0,1.0,0.0,0.0,0.0,2.0,0.0,0.0,-33.627489714641705,151.34096105958474,29.414615965415084,0.0,0.0,nothing,0.0,0
88be0e2c01fffff,1.0,0.0,2.0,0.0,1.0,0.0,0.0,10.0,0.0,0.0,0.0,19678.042084633267,77799.20000000001,12.0,0.0,2693.877551020408,0.0,4.0,0.0,0.0,-33.616004019036744,151.1500359218864,28.572261575224527,0.0,0.0,nothing,0.0,0
88be0e2c03fffff,0.0,0.0,2.0,2.0,0.0,1.0,0.0,1.0,0.0,0.0,0.0,419040.4649778825,0.0,34.0,1.0,0.0,3.0,1.0,3.0,0.0,-33.61489174720426,151.13919526136056,28.902424399965096,0.0,0.0,nothing,0.0,0
88be0e2c05fffff,0.0,0.0,0.0,0.0,0.0,0.0,0.0,0.0,0.0,1.0,0.0,42932.377365850494,782910.5666666668,0.0,0.0,1731.778425655977,0.0,2.0,0.0,0.0,-33.60873404618839,151.1566168380838,29.256113122136643,0.0,0.0,nothing,0.0,0
88be0e2c07fffff,0.0,0.0,0.0,0.0,0.0,0.0,0.0,0.0,0.0,0.0,0.0,0.0,104197.64761904764,1.0,0.0,0.0,0.0,0.0,0.0,0.0,-33.60762239784279,151.14577693392297,29.56122397941355,0.0,0.0,nothing,0.0,0
88be0e2c09fffff,2.0,0.0,4.0,0.0,0.0,3.0,0.0,13.0,0.0,0.0,0.0,630781.6181095965,43981.66666666667,28.0,5.0,1539.3586005830905,1.0,27.0,2.0,0.0,-33.62438557425708,151.15429577898095,27.58482634159262,0.0,0.0,nothing,0.0,0
88be0e2c0bfffff,0.0,0.0,0.0,0.0,0.0,0.0,0.0,1.0,0.0,0.0,0.0,24135.73025403192,11728.444444444443,24.0,4.0,1154.5189504373177,0.0,1.0,0.0,0.0,-33.62327360863918,151.1434539267985,27.90832481367182,0.0,0.0,nothing,0.0,0
88be0e2c0dfffff,0.0,0.0,0.0,0.0,0.0,0.0,0.0,1.0,0.0,0.0,0.0,0.0,266758.4380952381,0.0,0.0,1346.938775510204,0.0,0.0,0.0,0.0,-33.61711536110897,151.16087701735032,28.274588920431928,0.0,0.0,nothing,0.0,0
88be0e2c11fffff,0.0,0.0,0.0,0.0,0.0,0.0,0.0,1.0,0.0,0.0,0.0,0.0,0.0,0.0,0.0,0.0,0.0,0.0,0.0,0.0,-33.621046887696195,151.12177152960996,28.65206880293704,0.0,0.0,nothing,0.0,0
88be0e2c15fffff,0.0,0.0,1.0,0.0,0.0,0.0,0.0,8.0,0.0,0.0,0.0,7062.809133156439,0.0,0.0,0.0,0.0,0.0,8.0,0.0,0.0,-33.61377854577216,151.12835503652278,29.263976185111435,0.0,0.0,nothing,0.0,0
88be0e2c19fffff,0.0,0.0,0.0,0.0,0.0,0.0,0.0,3.0,0.0,0.0,0.0,0.0,0.0,0.0,0.0,0.0,0.0,0.0,0.0,0.0,-33.62942929490929,151.1260286800243,27.64883015265243,0.0,0.0,nothing,0.0,0
88be0e2c1bfffff,0.0,0.0,4.0,0.0,3.0,0.0,0.0,21.0,0.0,0.0,0.0,70852.60487492185,0.0,0.0,0.0,0.0,0.0,12.0,0.0,0.0,-33.62831484534885,151.1151869440832,28.06328887421557,0.0,0.0,nothing,0.0,0
88be0e2c1dfffff,0.0,0.0,0.0,0.0,0.0,0.0,0.0,1.0,0.0,0.0,0.0,0.0,0.0,0.0,0.0,0.0,0.0,1.0,0.0,0.0,-33.62216071306528,151.13261251009146,28.264478736805305,0.0,0.0,nothing,0.0,0
88be0e2c21fffff,0.0,0.0,0.0,0.0,0.0,0.0,0.0,0.0,0.0,0.0,0.0,0.0,0.0,0.0,0.0,384.8396501457726,0.0,0.0,0.0,0.0,-33.5930825506847,151.15893704329366,30.936015327502677,0.0,0.0,nothing,0.0,0
88be0e2c23fffff,0.0,0.0,0.0,0.0,0.0,0.0,0.0,0.0,0.0,0.0,0.0,0.0,0.0,0.0,0.0,0.0,0.0,1.0,0.0,0.0,-33.59197121953673,151.1480990864906,31.224615633754254,0.0,0.0,nothing,0.0,0
88be0e2c25fffff,0.0,0.0,0.0,0.0,0.0,0.0,0.0,9.0,0.0,0.0,0.0,0.0,0.0,1.0,0.0,1154.5189504373177,0.0,0.0,0.0,0.0,-33.58581205392129,151.16551548028517,31.649523497283955,0.0,0.0,nothing,0.0,0
88be0e2c29fffff,0.0,0.0,0.0,0.0,0.0,0.0,0.0,1.0,0.0,0.0,0.0,0.0,660154.0952380954,1.0,0.0,1539.3586005830905,0.0,0.0,0.0,0.0,-33.60146369061071,151.16319667548234,29.958516056648936,0.0,0.0,nothing,0.0,0
88be0e2c2bfffff,0.0,0.0,0.0,0.0,0.0,0.0,0.0,1.0,0.0,0.0,0.0,0.0,320046.7571428572,0.0,0.0,769.6793002915452,0.0,2.0,0.0,0.0,-33.600352665497404,151.15235752787018,30.239514865499174,0.0,0.0,nothing,0.0,0
88be0e2c2dfffff,0.0,0.0,2.0,0.0,0.0,2.0,0.0,5.0,0.0,0.0,0.0,13529.97680619049,0.0,1.0,3.0,1819.2419825072889,0.0,7.0,3.0,0.0,-33.59419295282033,151.16977543417377,30.67819647482894,0.0,0.0,nothing,0.0,0
88be0e2c31fffff,0.0,0.0,0.0,0.0,0.0,0.0,0.0,2.0,0.0,1.0,0.0,73115.11346404896,0.0,0.0,0.0,0.0,0.0,1.0,0.0,0.0,-33.598127827806756,151.13068053723677,30.893721436319854,0.0,0.0,nothing,0.0,0
88be0e2c33fffff,0.0,0.0,6.0,0.0,5.0,1.0,0.0,9.0,0.0,0.0,2.0,341942.32762553496,0.0,1.0,1.0,0.0,2.0,16.0,0.0,0.0,-33.59701401555071,151.11984269571445,31.26499692513505,0.0,0.0,nothing,0.0,0
88be0e2c35fffff,0.0,0.0,0.0,0.0,0.0,0.0,0.0,3.0,0.0,0.0,0.0,0.0,0.0,0.0,0.0,0.0,0.0,2.0,0.0,0.0,-33.59085895953679,151.13726156451392,31.543151080370773,0.0,0.0,nothing,0.0,0
88be0e2c37fffff,0.0,0.0,0.0,0.0,0.0,0.0,0.0,1.0,0.0,0.0,0.0,0.0,0.0,0.0,0.0,0.0,0.0,2.0,0.0,0.0,-33.58974577084548,151.12642447811302,31.890723251075777,0.0,0.0,nothing,0.0,0
88be0e2c39fffff,0.0,0.0,0.0,0.0,0.0,0.0,0.0,0.0,0.0,1.0,0.0,0.0,0.0,7.0,1.0,0.0,0.0,0.0,0.0,0.0,-33.60650982009322,151.13493746491298,29.897591368236803,0.0,0.0,nothing,0.0,0
88be0e2c3bfffff,0.0,0.0,1.0,0.0,0.0,1.0,0.0,2.0,0.0,0.0,2.0,0.0,0.0,0.0,0.0,0.0,0.0,2.0,0.0,0.0,-33.60539631310042,151.12409843180345,30.264171617921587,0.0,0.0,nothing,0.0,0
88be0e2c3dfffff,0.0,0.0,0.0,0.0,0.0,1.0,0.0,1.0,0.0,0.0,0.0,0.0,0.0,0.0,0.0,0.0,0.0,0.0,0.0,1.0,-33.59924071117591,151.14151881487177,30.551564107495302,0.0,0.0,nothing,0.0,0
88be0e2c43fffff,0.0,0.0,0.0,0.0,0.0,0.0,0.0,0.0,0.0,0.0,0.0,0.0,325464.3333333334,0.0,0.0,0.0,0.0,0.0,0.0,0.0,-33.63276706300306,151.1585565054256,26.59908966236726,0.0,0.0,nothing,0.0,0
88be0e2c45fffff,0.0,0.0,0.0,0.0,0.0,0.0,0.0,1.0,0.0,0.0,0.0,0.0,0.0,0.0,0.0,0.0,0.0,0.0,0.0,0.0,-33.62660671498283,151.1759807867711,27.040372593394697,0.0,0.0,nothing,0.0,0
88be0e2c49fffff,0.0,0.0,0.0,0.0,0.0,0.0,0.0,2.0,0.0,0.0,0.0,0.0,0.0,0.0,0.0,0.0,0.0,0.0,0.0,0.0,-33.64225890624078,151.17366277165632,25.343474715240006,0.0,0.0,nothing,0.0,0
88be0e2c51fffff,0.0,0.0,0.0,0.0,0.0,0.0,0.0,3.0,0.0,0.0,0.0,766.2769237738165,1288016.2401709403,0.0,1.0,4425.655976676385,0.0,0.0,0.0,0.0,-33.63892484951288,151.14113006465294,26.267901747313935,0.0,0.0,nothing,0.0,0
88be0e2c53fffff,0.0,0.0,0.0,0.0,0.0,0.0,0.0,2.0,0.0,0.0,0.0,0.0,17592.666666666668,0.0,6.0,10005.830903790087,0.0,0.0,0.0,0.0,-33.63781163603992,151.13028669958493,26.646104677693273,0.0,0.0,nothing,0.0,0
88be0e2c55fffff,0.0,0.0,1.0,0.0,0.0,0.0,0.0,0.0,0.0,0.0,0.0,0.0,993985.6666666667,7.0,12.0,10005.830903790087,2.0,2.0,0.0,0.0,-33.63165540389726,151.14771346144568,26.915412171139643,0.0,0.0,nothing,0.0,0
88be0e2c57fffff,0.0,0.0,0.0,0.0,0.0,0.0,0.0,1.0,0.0,0.0,0.0,0.0,325464.3333333334,1.0,7.0,1924.198250728863,0.0,0.0,0.0,0.0,-33.63054281447909,151.1368708527285,27.265757312345976,0.0,0.0,nothing,0.0,0
88be0e2c59fffff,0.0,0.0,0.0,0.0,0.0,0.0,0.0,3.0,0.0,0.0,0.0,0.0,5438694.894017094,0.0,0.0,0.0,0.0,0.0,0.0,0.0,-33.647306817665886,151.14539014608388,25.27101597509791,0.0,0.0,nothing,0.0,0
88be0e2c5bfffff,0.0,0.0,0.0,0.0,0.0,1.0,0.0,2.0,0.0,0.0,0.0,0.0,7180500.461538462,0.0,2.0,3078.717201166181,0.0,0.0,0.0,1.0,-33.64619391058734,151.13454558851106,25.64395392530801,0.0,0.0,nothing,0.0,0
88be0e2c5dfffff,0.0,0.0,0.0,0.0,0.0,0.0,0.0,0.0,0.0,0.0,0.0,0.0,894293.888888889,0.0,0.0,0.0,0.0,0.0,0.0,0.0,-33.640037132477765,151.15197386552126,25.92382419106002,0.0,0.0,nothing,0.0,0
88be0e2c63fffff,0.0,0.0,0.0,0.0,0.0,0.0,0.0,0.0,0.0,0.0,0.0,0.0,641200.3,0.0,0.0,0.0,0.0,0.0,0.0,0.0,-33.609844764969544,151.1674571766456,28.983247496659217,0.0,0.0,nothing,0.0,0
88be0e2c67fffff,0.0,0.0,0.0,0.0,0.0,0.0,0.0,0.0,0.0,0.0,0.0,0.0,108376.9142857143,0.0,0.0,192.4198250728863,0.0,0.0,0.0,0.0,-33.60257378635549,151.17403625695857,29.70945025614934,0.0,0.0,nothing,0.0,0
88be0e2c6bfffff,0.0,0.0,0.0,0.0,0.0,0.0,0.0,0.0,0.0,0.0,0.0,0.0,10420.680952380952,0.0,0.0,0.0,0.0,0.0,0.0,0.0,-33.61822577326052,151.1717185470022,28.01044390129733,0.0,0.0,nothing,0.0,0
88be0e2c89fffff,0.0,0.0,0.0,0.0,0.0,0.0,0.0,0.0,0.0,0.0,0.0,0.0,0.0,0.0,4.0,0.0,0.0,0.0,0.0,0.0,-33.616582291492186,151.078411984933,30.491336688188163,0.0,0.0,nothing,0.0,0
88be0e2c8bfffff,0.0,0.0,0.0,0.0,0.0,0.0,0.0,0.0,0.0,0.0,0.0,0.0,0.0,0.0,5.0,0.0,0.0,0.0,0.0,0.0,-33.61546381956731,151.06757319682305,31.016949353122047,0.0,0.0,nothing,0.0,0
88be0e2c93fffff,0.0,0.0,0.0,0.0,0.0,0.0,0.0,0.0,0.0,0.0,0.0,0.0,0.0,0.0,0.0,1924.198250728863,0.0,0.0,0.0,0.0,-33.61210283148928,151.03505947981878,32.73164833909203,0.0,0.0,nothing,0.0,0
88be0e2c95fffff,0.0,0.0,0.0,0.0,0.0,0.0,0.0,0.0,0.0,0.0,0.0,16574.903729519094,0.0,0.0,0.0,0.0,0.0,0.0,0.0,0.0,-33.605960120500164,151.05248572487974,32.5745344390563,0.0,0.0,nothing,0.0,0
88be0e2c97fffff,0.0,0.0,0.0,0.0,0.0,0.0,0.0,0.0,0.0,0.0,0.0,0.0,0.0,0.0,0.0,1924.198250728863,0.0,0.0,0.0,0.0,-33.60483948808167,151.04164901252193,33.14453867225791,0.0,0.0,nothing,0.0,0
88be0e2c99fffff,0.0,0.0,0.0,0.0,0.0,0.0,0.0,0.0,0.0,0.0,0.0,0.0,0.0,0.0,5.0,0.0,0.0,0.0,0.0,0.0,-33.62160862722567,151.05014574244714,31.132316038681346,0.0,0.0,nothing,0.0,0
88be0e2c9bfffff,0.0,0.0,0.0,0.0,0.0,0.0,0.0,0.0,0.0,0.0,0.0,0.0,0.0,0.0,5.0,0.0,0.0,0.0,0.0,0.0,-33.62048767225706,151.03930708483634,31.7283391083381,0.0,0.0,nothing,0.0,0
88be0e2c9dfffff,0.0,0.0,0.0,0.0,0.0,0.0,0.0,1.0,0.0,0.0,0.0,0.0,0.0,0.0,2.0,0.0,0.0,0.0,0.0,0.0,-33.614344418816884,151.0567348494349,31.56634683736648,0.0,0.0,nothing,0.0,0
88be0e2cb1fffff,0.0,0.0,0.0,0.0,0.0,0.0,0.0,0.0,0.0,0.0,0.0,0.0,0.0,0.0,0.0,1924.198250728863,0.0,0.0,0.0,0.0,-33.59031164442168,151.05482484688946,34.04552939661966,0.0,0.0,nothing,0.0,0
88be0e2cb5fffff,0.0,0.0,0.0,0.0,0.0,0.0,0.0,0.0,0.0,0.0,0.0,0.0,0.0,0.0,0.0,1924.198250728863,0.0,0.0,0.0,0.0,-33.58304714520153,151.06141114873367,34.53166811476617,0.0,0.0,nothing,0.0,0
88be0e2cbbfffff,0.0,0.0,0.0,0.0,0.0,0.0,0.0,0.0,0.0,0.0,0.0,0.0,0.0,0.0,0.0,1924.198250728863,0.0,0.0,0.0,0.0,-33.5975757588871,151.04823746818218,33.58282586029527,0.0,0.0,nothing,0.0,0
88be0e2cc5fffff,0.0,0.0,0.0,0.0,0.0,0.0,0.0,0.0,0.0,0.0,0.0,0.0,0.0,0.0,1.0,0.0,0.0,0.0,0.0,0.0,-33.618816448216855,151.1000908803226,29.516497606537417,0.0,0.0,nothing,0.0,0
88be0e2cc7fffff,0.0,0.0,0.0,0.0,0.0,0.0,0.0,0.0,0.0,0.0,0.0,0.0,0.0,0.0,4.0,0.0,0.0,0.0,0.0,0.0,-33.61769983442935,151.08925121301593,29.990760967015277,0.0,0.0,nothing,0.0,0
88be0e2cc9fffff,0.0,0.0,0.0,0.0,0.0,0.0,0.0,0.0,0.0,0.0,0.0,0.0,0.0,0.0,0.0,1731.778425655977,0.0,0.0,0.0,0.0,-33.6344664141828,151.09775922668632,27.970986165871217,0.0,0.0,nothing,0.0,0
88be0e2ccbfffff,0.0,0.0,0.0,0.0,0.0,0.0,0.0,0.0,0.0,0.0,0.0,0.0,0.0,0.0,0.0,2693.877551020408,0.0,0.0,0.0,0.0,-33.6333494802889,151.0869176123221,28.471113633186818,0.0,0.0,nothing,0.0,0
88be0e2ccdfffff,0.0,0.0,0.0,0.0,0.0,0.0,0.0,1.0,0.0,0.0,0.0,21707.692558715007,0.0,0.0,0.0,0.0,0.0,0.0,0.0,0.0,-33.62719946595894,151.10434564565526,28.50776300235795,0.0,0.0,nothing,0.0,0
88be0e2cd1fffff,0.0,0.0,0.0,0.0,0.0,0.0,0.0,0.0,0.0,0.0,0.0,0.0,0.0,0.0,0.0,1154.5189504373177,0.0,0.0,0.0,0.0,-33.63111282355943,151.06523570299493,29.550330409973245,0.0,0.0,nothing,0.0,0
88be0e2cd3fffff,0.0,0.0,0.0,0.0,0.0,0.0,0.0,0.0,0.0,0.0,0.0,0.0,0.0,0.0,0.0,1154.5189504373177,0.0,0.0,0.0,0.0,-33.62999310104818,151.05439540953077,30.126588138216174,0.0,0.0,nothing,0.0,0
88be0e2cd7fffff,0.0,0.0,0.0,0.0,0.0,0.0,0.0,0.0,0.0,0.0,0.0,73575.93230088147,0.0,0.0,1.0,0.0,0.0,0.0,0.0,0.0,-33.622728653336814,151.06098484206686,30.558274496304673,0.0,0.0,nothing,0.0,0
88be0e2cd9fffff,0.0,0.0,0.0,0.0,0.0,0.0,0.0,0.0,0.0,0.0,0.0,0.0,0.0,0.0,0.0,962.0991253644316,0.0,0.0,0.0,0.0,-33.63949692898418,151.0694874324384,28.542529399191267,0.0,0.0,nothing,0.0,0
88be0e2cdbfffff,0.0,0.0,0.0,0.0,0.0,0.0,0.0,0.0,0.0,0.0,0.0,0.0,0.0,0.0,0.0,2886.2973760932946,0.0,0.0,0.0,0.0,-33.63837751037039,151.05864594498755,29.121152780781635,0.0,0.0,nothing,0.0,0
88be0e2cddfffff,0.0,0.0,0.0,0.0,0.0,0.0,0.0,0.0,0.0,0.0,0.0,0.0,0.0,0.0,0.0,2693.877551020408,0.0,0.0,0.0,0.0,-33.63223161669376,151.07607643750848,28.998040091983945,0.0,0.0,nothing,0.0,0
88be0e2d01fffff,0.0,0.0,0.0,0.0,0.0,0.0,0.0,1.0,0.0,0.0,0.0,0.0,7816895.111111112,0.0,0.0,1591.8367346938776,0.0,0.0,0.0,0.0,-33.56510618986508,151.196079683706,33.70717411427547,0.0,0.0,nothing,0.0,0
88be0e2d03fffff,0.0,0.0,0.0,0.0,0.0,0.0,0.0,0.0,0.0,0.0,0.0,0.0,6313646.051282052,0.0,0.0,384.8396501457726,0.0,0.0,0.0,0.0,-33.56399827709287,151.18524432158512,33.8812256814411,0.0,0.0,nothing,0.0,0
88be0e2d05fffff,0.0,0.0,0.0,0.0,0.0,0.0,0.0,2.0,0.0,0.0,0.0,0.0,4209097.367521368,0.0,0.0,411.07871720116617,0.0,0.0,0.0,0.0,-33.557833548761266,151.2026530502408,34.49703677761551,0.0,0.0,nothing,0.0,0
88be0e2d07fffff,0.0,0.0,0.0,0.0,0.0,0.0,0.0,3.0,0.0,0.0,0.0,0.0,8593573.792022793,0.0,0.0,2335.276967930029,0.0,0.0,0.0,0.0,-33.556726257692844,151.1918184457666,34.65225771466037,0.0,0.0,nothing,0.0,0
88be0e2d0bfffff,0.0,0.0,1.0,0.0,0.0,0.0,0.0,4.0,0.0,0.0,0.0,55659.15680829192,1052274.341880342,0.0,0.0,3288.62973760933,0.0,0.0,0.0,0.0,-33.5723784513396,151.18950523892397,32.92944341851062,0.0,0.0,nothing,0.0,0
88be0e2d0dfffff,0.0,0.0,0.0,0.0,0.0,0.0,0.0,0.0,0.0,0.0,0.0,0.0,100216.603988604,0.0,0.0,0.0,0.0,0.0,0.0,0.0,-33.5662131742498,151.20691547700946,33.56283994226809,0.0,0.0,nothing,0.0,0
88be0e2d19fffff,0.0,0.0,0.0,0.0,0.0,0.0,0.0,0.0,0.0,0.0,0.0,0.0,0.0,0.0,0.0,769.6793002915452,0.0,0.0,0.0,0.0,-33.57854117572375,151.17209283893635,32.37891533065215,0.0,0.0,nothing,0.0,0
88be0e2d21fffff,0.0,0.0,1.0,0.0,0.0,0.0,0.0,1.0,0.0,0.0,0.0,0.0,779133.5666666668,0.0,0.0,0.0,0.0,0.0,0.0,0.0,-33.54218108130703,151.20496346030396,36.2298468046262,0.0,0.0,nothing,0.0,0
88be0e2d23fffff,0.0,0.0,0.0,0.0,0.0,0.0,0.0,2.0,0.0,0.0,0.0,0.0,1045941.8380952382,0.0,3.0,769.6793002915452,0.0,0.0,0.0,0.0,-33.54107410524266,151.1941308019953,36.37758564542575,0.0,0.0,nothing,0.0,0
88be0e2d25fffff,0.0,0.0,0.0,0.0,0.0,0.0,0.0,0.0,0.0,0.0,0.0,0.0,2227759.032142857,0.0,0.0,0.0,0.0,0.0,0.0,0.0,-33.53490792535466,151.21153435084423,37.03489106871025,0.0,0.0,nothing,0.0,0
88be0e2d27fffff,0.0,0.0,0.0,0.0,5.0,0.0,0.0,7.0,0.0,0.0,0.0,564402.8992161468,5885714.020238096,0.0,0.0,1154.5189504373177,0.0,5.0,0.0,0.0,-33.53380157042578,151.20070245019366,37.16556976257584,0.0,0.0,nothing,0.0,0
88be0e2d29fffff,0.0,0.0,0.0,0.0,0.0,0.0,0.0,5.0,0.0,0.0,0.0,95877.45176480376,47060.41904761905,6.0,2.0,1005.8309037900876,1.0,2.0,0.0,0.0,-33.55056052854487,151.20922533862068,35.29821723397522,0.0,0.0,nothing,0.0,0
88be0e2d2bfffff,0.0,0.0,1.0,0.0,0.0,0.0,0.0,4.0,0.0,0.0,0.0,126953.2729970927,1359637.7037851035,4.0,7.0,1775.5102040816328,0.0,3.0,0.0,0.0,-33.54945385892533,151.1983914919755,35.4353929621198,1.0,1.0,kW,1.0,1
88be0e2d2dfffff,1.0,1.0,3.0,0.0,0.0,0.0,0.0,3.0,0.0,0.0,0.0,0.0,0.0,3.0,4.0,0.0,0.0,0.0,0.0,0.0,-33.54328712973266,151.21579654893796,36.10996238969665,0.0,0.0,nothing,0.0,0
88be0e2d31fffff,0.0,0.0,0.0,0.0,0.0,0.0,0.0,1.0,0.0,0.0,0.0,0.0,0.0,0.0,0.0,0.0,0.0,0.0,0.0,0.0,-33.54723773633988,151.17672509201586,35.794361503544316,0.0,0.0,nothing,0.0,0
88be0e2d35fffff,0.0,0.0,0.0,0.0,0.0,0.0,0.0,0.0,0.0,0.0,0.0,0.0,19118.295238095237,0.0,0.0,0.0,0.0,0.0,0.0,0.0,-33.53996620169877,151.18329857476067,36.55283995367233,0.0,0.0,nothing,0.0,0
88be0e2d39fffff,0.0,0.0,0.0,0.0,0.0,0.0,0.0,2.0,0.0,0.0,0.0,150284.74266808853,2104548.683760684,0.0,0.0,0.0,0.0,1.0,0.0,0.0,-33.555618038592755,151.18098427268856,34.836286178133726,0.0,0.0,nothing,0.0,0
88be0e2d3dfffff,0.0,0.0,0.0,0.0,0.0,0.0,0.0,3.0,0.0,0.0,0.0,150284.74266808853,433113.8472934473,0.0,0.0,384.8396501457726,0.0,0.0,0.0,0.0,-33.54834626147054,151.18755807619095,35.600905829829365,0.0,0.0,nothing,0.0,0
88be0e2d41fffff,0.0,0.0,0.0,0.0,0.0,0.0,0.0,2.0,0.0,0.0,0.0,0.0,0.0,0.0,0.0,0.0,0.0,0.0,0.0,0.0,-33.58297223018202,151.21544293693032,31.708397709034273,0.0,0.0,nothing,0.0,0
88be0e2d43fffff,0.0,0.0,0.0,0.0,0.0,0.0,0.0,1.0,0.0,0.0,0.0,0.0,0.0,0.0,0.0,0.0,0.0,0.0,0.0,0.0,-33.58186586005672,151.20460476554933,31.828973829607445,0.0,0.0,nothing,0.0,0
88be0e2d4dfffff,0.0,0.0,0.0,0.0,0.0,0.0,0.0,3.0,0.0,0.0,0.0,0.0,0.0,0.0,0.0,0.0,0.0,0.0,0.0,0.0,-33.58407767104905,151.22628153831644,31.619868676610466,0.0,0.0,nothing,0.0,0
88be0e2d53fffff,0.0,0.0,0.0,0.0,0.0,0.0,0.0,0.0,0.0,0.0,0.0,0.0,0.0,0.0,0.0,1827.98833819242,0.0,0.0,0.0,0.0,-33.58692183333392,151.1763531142499,31.41396724419521,0.0,0.0,nothing,0.0,0
88be0e2d55fffff,0.0,0.0,0.0,0.0,0.0,0.0,0.0,1.0,0.0,0.0,0.0,0.0,0.0,0.0,0.0,131.19533527696794,0.0,1.0,0.0,0.0,-33.58075856083231,151.19376702492352,31.981233188160346,0.0,0.0,nothing,0.0,0
88be0e2d57fffff,0.0,0.0,0.0,0.0,0.0,0.0,0.0,2.0,0.0,0.0,0.0,0.0,0.0,0.0,0.0,3000.0,0.0,0.0,0.0,0.0,-33.579650332668116,151.18292971580266,32.164724469928146,0.0,0.0,nothing,0.0,0
88be0e2d5dfffff,0.0,0.0,0.0,0.0,0.0,0.0,0.0,2.0,0.0,0.0,0.0,0.0,0.0,0.0,0.0,0.0,0.0,1.0,0.0,0.0,-33.58913860507028,151.19802967980223,31.03692351761731,0.0,0.0,nothing,0.0,0
88be0e2d65fffff,0.0,0.0,0.0,0.0,0.0,0.0,0.0,0.0,0.0,0.0,0.0,21106.81084256524,0.0,1.0,0.0,0.0,0.0,0.0,0.0,0.0,-33.55277108364179,151.23089432149658,35.110142211260644,0.0,0.0,nothing,0.0,0
88be0e2d67fffff,0.0,0.0,0.0,0.0,0.0,0.0,0.0,2.0,0.0,0.0,0.0,0.0,0.0,1.0,0.0,1154.5189504373177,0.0,1.0,1.0,0.0,-33.55166627017,151.22005961537744,35.18971129561004,0.0,0.0,nothing,0.0,0
88be0e2d8dfffff,0.0,0.0,0.0,0.0,0.0,0.0,0.0,1.0,0.0,0.0,0.0,0.0,0.0,0.0,0.0,0.0,0.0,0.0,0.0,0.0,-33.55844479300966,151.13107400493786,35.17913067113531,0.0,0.0,nothing,0.0,0
88be0e2dadfffff,0.0,0.0,0.0,0.0,0.0,0.0,0.0,0.0,0.0,0.0,0.0,0.0,0.0,0.0,0.0,0.0,0.0,2.0,0.0,0.0,-33.5355253159205,151.13997399153155,37.52036962671694,0.0,0.0,nothing,0.0,0
88be0e2db3fffff,0.0,0.0,0.0,0.0,0.0,0.0,0.0,0.0,0.0,0.0,0.0,3046.1618502107376,0.0,0.0,0.0,1924.198250728863,0.0,0.0,0.0,0.0,-33.53833615816531,151.0900768463589,38.28417926072981,0.0,0.0,nothing,0.0,0
88be0e2db7fffff,0.0,0.0,0.0,0.0,0.0,0.0,0.0,0.0,0.0,0.0,0.0,0.0,0.0,0.0,0.0,1924.198250728863,0.0,0.0,0.0,0.0,-33.53106960326713,151.09665636534032,38.88842870222852,0.0,0.0,nothing,0.0,0
88be0e2e01fffff,0.0,0.0,0.0,0.0,0.0,0.0,0.0,0.0,0.0,0.0,0.0,0.0,0.0,2.0,0.0,0.0,0.0,0.0,0.0,0.0,-33.674673492088594,151.1798731855674,21.704027521226788,0.0,0.0,nothing,0.0,0
88be0e2e05fffff,0.0,0.0,0.0,0.0,0.0,0.0,0.0,2.0,0.0,0.0,0.0,0.0,0.0,0.0,0.0,0.0,0.0,0.0,0.0,0.0,-33.66740184141016,151.18645635532118,22.43872711310545,0.0,0.0,nothing,0.0,0
88be0e2e07fffff,0.0,0.0,0.0,0.0,0.0,0.0,0.0,4.0,0.0,0.0,0.0,0.0,0.0,0.0,0.0,0.0,0.0,0.0,0.0,0.0,-33.666292343227006,151.17560810908608,22.67758339360024,0.0,0.0,nothing,0.0,0
88be0e2e09fffff,0.0,0.0,1.0,0.0,0.0,0.0,0.0,2.0,0.0,0.0,0.0,0.0,0.0,2.0,4.0,0.0,0.0,0.0,0.0,0.0,-33.68305457147052,151.18413913271368,20.733973431335833,0.0,0.0,nothing,0.0,0
88be0e2e0bfffff,0.0,0.0,0.0,0.0,0.0,0.0,0.0,0.0,0.0,0.0,0.0,0.0,0.0,1.0,0.0,0.0,0.0,0.0,0.0,0.0,-33.681944757687354,151.17328893499428,20.99237346900352,0.0,0.0,nothing,0.0,0
88be0e2e0dfffff,0.0,0.0,0.0,0.0,0.0,0.0,0.0,1.0,0.0,0.0,0.0,28559.574733020418,0.0,0.0,10.0,0.0,0.0,0.0,0.0,0.0,-33.67578268191515,151.19072262408952,21.478196362212906,0.0,0.0,nothing,0.0,0
88be0e2e11fffff,0.0,0.0,0.0,0.0,0.0,0.0,0.0,0.0,0.0,0.0,0.0,0.0,0.0,0.0,0.0,1731.778425655977,0.0,0.0,0.0,0.0,-33.67972233292896,151.15158984225485,21.642725877910433,0.0,0.0,nothing,0.0,0
88be0e2e13fffff,0.0,0.0,0.0,0.0,0.0,0.0,0.0,1.0,0.0,0.0,0.0,0.0,0.0,0.0,0.0,1924.198250728863,0.0,0.0,0.0,0.0,-33.67860972227471,151.14074094873868,22.030732045772027,0.0,0.0,nothing,0.0,0
88be0e2e17fffff,0.0,0.0,0.0,0.0,0.0,0.0,0.0,0.0,0.0,0.0,0.0,0.0,0.0,0.0,0.0,2693.877551020408,0.0,0.0,0.0,0.0,-33.67134032972247,151.14732747367438,22.641728078252715,0.0,0.0,nothing,0.0,0
88be0e2e19fffff,0.0,0.0,2.0,0.0,0.0,0.0,0.0,17.0,0.0,0.0,0.0,17126.561143982457,0.0,0.0,0.0,0.0,0.0,3.0,0.0,0.0,-33.68810426704802,151.15585308129727,20.6448068290705,0.0,0.0,nothing,0.0,0
88be0e2e1bfffff,0.0,0.0,0.0,0.0,0.0,0.0,0.0,0.0,0.0,0.0,0.0,0.0,0.0,1.0,0.0,3848.396501457726,0.0,0.0,0.0,0.0,-33.68699196391999,151.14500299435787,21.02687095610413,0.0,0.0,nothing,0.0,0
88be0e2e1dfffff,0.0,0.0,0.0,0.0,0.0,0.0,0.0,0.0,0.0,0.0,0.0,0.0,0.0,0.0,0.0,3078.717201166181,0.0,0.0,0.0,0.0,-33.680834011453385,151.16243917125735,21.295924884110445,0.0,0.0,nothing,0.0,0
88be0e2e29fffff,0.0,0.0,0.0,0.0,0.0,0.0,0.0,0.0,0.0,0.0,0.0,0.0,0.0,0.0,0.0,0.0,1.0,0.0,0.0,0.0,-33.660129806168875,151.19303844434793,23.194282844657742,0.0,0.0,nothing,0.0,0
88be0e2e2dfffff,0.0,0.0,0.0,0.0,0.0,0.0,0.0,1.0,0.0,0.0,0.0,0.0,0.0,0.0,0.0,0.0,0.0,0.0,0.0,0.0,-33.652857386881564,151.1996194527401,23.96872291690065,0.0,0.0,nothing,0.0,0
88be0e2e31fffff,0.0,0.0,6.0,0.0,15.0,1.0,0.0,34.0,0.0,0.0,0.0,1266292.669382464,0.0,2.0,0.0,0.0,0.0,58.0,0.0,0.0,-33.6568003876028,151.16049728283386,23.945286003711264,0.0,0.0,nothing,0.0,0
88be0e2e33fffff,0.0,0.0,1.0,0.0,0.0,0.0,0.0,4.0,0.0,0.0,0.0,109216.29455444327,2116358.030769231,0.0,0.0,0.0,0.0,2.0,0.0,0.0,-33.655688718437304,151.1496510972406,24.27522088482103,0.0,0.0,nothing,0.0,0
88be0e2e37fffff,0.0,0.0,1.0,0.0,0.0,0.0,0.0,3.0,0.0,0.0,0.0,1310595.5346533193,0.0,0.0,0.0,0.0,0.0,32.0,0.0,0.0,-33.648418793879884,151.15623513924427,24.933720294403955,0.0,0.0,nothing,0.0,0
88be0e2e39fffff,1.0,0.0,1.0,0.0,0.0,0.0,0.0,1.0,0.0,0.0,0.0,88189.92337049909,0.0,0.0,0.0,0.0,0.0,1.0,0.0,0.0,-33.66518191314563,151.1647602965092,22.95873844282115,0.0,0.0,nothing,0.0,0
88be0e2e3bfffff,0.0,0.0,1.0,0.0,0.0,0.0,0.0,24.0,0.0,0.0,0.0,861682.6337768895,0.0,0.0,0.0,0.0,1.0,25.0,0.0,0.0,-33.664070551326276,151.15391291834217,23.28065789764527,0.0,0.0,nothing,0.0,0
88be0e2e41fffff,0.0,0.0,0.0,0.0,0.0,0.0,0.0,0.0,0.0,0.0,0.0,0.0,297171.875,0.0,0.0,0.0,0.0,0.0,0.0,0.0,-33.69254415309192,151.19925777426167,19.57213564938968,0.0,0.0,nothing,0.0,0
88be0e2e43fffff,0.0,0.0,0.0,0.0,0.0,0.0,0.0,0.0,0.0,0.0,0.0,0.0,0.0,0.0,0.0,384.8396501457726,0.0,0.0,0.0,0.0,-33.69143558087177,151.1884059507442,19.767938332762263,0.0,0.0,nothing,0.0,0
88be0e2e49fffff,0.0,0.0,0.0,0.0,0.0,0.0,0.0,0.0,0.0,0.0,0.0,25177.790650436127,5142381.611111111,0.0,0.0,2309.0379008746354,0.0,0.0,2.0,0.0,-33.70092478276156,151.20352665610412,18.62814420443744,0.0,0.0,nothing,0.0,0
88be0e2e4bfffff,0.0,0.0,0.0,0.0,0.0,0.0,0.0,0.0,0.0,0.0,0.0,0.0,0.0,0.0,0.0,2693.877551020408,0.0,0.0,0.0,0.0,-33.699816519791284,151.19267363987834,18.806543323797957,0.0,0.0,nothing,0.0,0
88be0e2e4dfffff,0.0,0.0,0.0,0.0,0.0,0.0,0.0,0.0,0.0,0.0,0.0,0.0,4478693.902777778,0.0,2.0,0.0,0.0,0.0,0.0,0.0,-33.69365179218492,151.21011003004242,19.427311025779396,0.0,0.0,nothing,0.0,0
88be0e2e51fffff,0.0,0.0,0.0,0.0,0.0,0.0,0.0,5.0,0.0,0.0,0.0,0.0,0.0,0.0,0.0,0.0,0.0,1.0,0.0,0.0,-33.6975971940397,151.17096890658416,19.31856462308096,0.0,0.0,nothing,0.0,0
88be0e2e53fffff,0.0,0.0,0.0,0.0,0.0,0.0,0.0,0.0,0.0,0.0,0.0,0.0,0.0,0.0,0.0,1924.198250728863,0.0,0.0,0.0,0.0,-33.69648613157864,151.1601171910211,19.648137668742468,0.0,0.0,nothing,0.0,0
88be0e2e55fffff,0.0,0.0,0.0,0.0,0.0,0.0,0.0,0.0,0.0,0.0,0.0,0.0,0.0,0.0,0.0,1346.938775510204,0.0,0.0,0.0,0.0,-33.69032607568432,151.17755456024264,20.013220670909757,0.0,0.0,nothing,0.0,0
88be0e2e57fffff,0.0,0.0,0.0,0.0,0.0,0.0,0.0,0.0,0.0,0.0,0.0,0.0,0.0,0.0,0.0,2309.0379008746354,0.0,1.0,0.0,0.0,-33.68921563768963,151.16670360350955,20.306187538057095,0.0,0.0,nothing,0.0,0
88be0e2e59fffff,1.0,0.0,12.0,0.0,1.0,0.0,0.0,93.0,0.0,0.0,0.0,109247.78434302562,0.0,2.0,1.0,962.0991253644316,0.0,45.0,0.0,0.0,-33.705978680002545,151.17523508070053,18.333399659737736,0.0,0.0,nothing,0.0,0
88be0e2e5bfffff,0.0,0.0,0.0,0.0,0.0,0.0,0.0,3.0,0.0,0.0,0.0,77303.85258605356,0.0,7.0,14.0,1924.198250728863,2.0,0.0,0.0,0.0,-33.70486792601985,151.16438217164588,18.652920529201335,0.0,0.0,nothing,0.0,0
88be0e2e5dfffff,0.0,0.0,0.0,0.0,0.0,0.0,0.0,6.0,0.0,0.0,0.0,0.0,0.0,0.0,0.0,2309.0379008746354,0.0,1.0,0.0,0.0,-33.69870732349732,151.18182105645408,19.03730973983035,0.0,0.0,nothing,0.0,0
88be0e2e63fffff,0.0,0.0,0.0,0.0,0.0,0.0,0.0,0.0,0.0,0.0,0.0,615205.7352608598,0.0,0.0,2.0,0.0,0.0,0.0,0.0,0.0,-33.668510407535045,151.19730503446266,22.24353428231227,0.0,0.0,nothing,0.0,0
88be0e2e69fffff,0.0,0.0,0.0,0.0,0.0,0.0,0.0,0.0,0.0,0.0,0.0,43230.53122518283,0.0,0.0,5.0,0.0,1.0,0.0,0.0,0.0,-33.67799826416487,151.212422798458,21.16538094131883,0.0,0.0,nothing,0.0,0
88be0e2e6bfffff,0.0,0.0,0.0,0.0,0.0,0.0,0.0,0.0,0.0,0.0,0.0,462064.0885166414,0.0,0.0,6.0,0.0,0.0,0.0,0.0,0.0,-33.67689093932715,151.20157249530382,21.29825664581449,0.0,0.0,nothing,0.0,0
88be0e2e81fffff,0.0,0.0,1.0,0.0,0.0,0.0,0.0,9.0,0.0,0.0,0.0,581.6866060009994,78059.43322981366,0.0,7.0,769.6793002915452,1.0,4.0,0.0,0.0,-33.666883069161564,151.1039392944483,24.430562892982778,0.0,0.0,nothing,0.0,0
88be0e2e83fffff,0.0,0.0,3.0,0.0,1.0,0.0,0.0,8.0,0.0,0.0,0.0,87853.90658280028,509767.3651656314,2.0,12.0,0.0,0.0,14.0,1.0,0.0,-33.665766425796726,151.09309334452442,24.96074398869285,0.0,0.0,nothing,0.0,0
88be0e2e85fffff,0.0,0.0,0.0,0.0,1.0,0.0,0.0,6.0,0.0,0.0,0.0,0.0,0.0,0.0,1.0,384.8396501457726,0.0,1.0,0.0,0.0,-33.659615789882444,151.11052776479931,24.941400669568228,0.0,0.0,nothing,0.0,0
88be0e2e87fffff,0.0,0.0,0.0,0.0,0.0,0.0,0.0,1.0,0.0,0.0,0.0,0.0,119218.04347826086,0.0,5.0,0.0,0.0,0.0,1.0,0.0,-33.65849977178518,151.0996825699499,25.440712849155062,0.0,0.0,nothing,0.0,0
88be0e2e89fffff,0.0,0.0,2.0,1.0,0.0,0.0,0.0,7.0,0.0,1.0,0.0,75037.845809146,1200130.4224664224,11.0,0.0,2116.6180758017495,0.0,0.0,1.0,0.0,-33.67526629914217,151.10819688862375,23.420405431602763,0.0,0.0,nothing,0.0,0
88be0e2e8bfffff,0.0,0.0,4.0,1.0,0.0,1.0,0.0,5.0,0.0,3.0,0.0,4819.858739271139,127733.61801242236,4.0,9.0,0.0,1.0,4.0,2.0,0.0,-33.674149961579026,151.09734974456762,23.951569342309767,0.0,0.0,nothing,0.0,0
88be0e2e8dfffff,0.0,0.0,2.0,1.0,0.0,1.0,0.0,9.0,0.0,1.0,0.0,13158.015236275674,114258.66666666666,21.0,5.0,4618.075801749271,1.0,5.0,3.0,0.0,-33.667998781398005,151.1147856830762,23.931570244198515,0.0,0.0,nothing,0.0,0
88be0e2e91fffff,0.0,0.0,0.0,0.0,0.0,0.0,0.0,1.0,0.0,0.0,0.0,0.0,552788.8936335404,0.0,0.0,0.0,0.0,0.0,0.0,0.0,-33.671914492644326,151.0756567749344,25.103067502749465,0.0,0.0,nothing,0.0,0
88be0e2e93fffff,0.0,0.0,0.0,0.0,0.0,0.0,0.0,0.0,0.0,0.0,0.0,0.0,40048.0,0.0,0.0,0.0,0.0,0.0,0.0,0.0,-33.670795361596944,151.0648109508586,25.719406176836372,0.0,0.0,nothing,0.0,0
88be0e2e95fffff,0.0,0.0,0.0,0.0,0.0,1.0,0.0,0.0,0.0,0.0,0.0,2407.538499709649,654377.3159075223,0.0,0.0,0.0,0.0,2.0,0.0,1.0,-33.6646488514653,151.08224783405504,25.520167986023175,0.0,0.0,nothing,0.0,0
88be0e2e97fffff,0.0,0.0,0.0,0.0,0.0,0.0,0.0,1.0,0.0,0.0,0.0,0.0,646874.1610394226,0.0,0.0,0.0,0.0,0.0,0.0,0.0,-33.66353034632933,151.07140276379073,26.106953319606752,0.0,0.0,nothing,0.0,0
88be0e2e99fffff,0.0,0.0,0.0,0.0,0.0,0.0,0.0,1.0,0.0,0.0,0.0,0.0,0.0,0.0,0.0,0.0,0.0,0.0,0.0,0.0,-33.680298571955824,151.07991165554864,24.09969599182081,0.0,0.0,nothing,0.0,0
88be0e2e9dfffff,0.0,0.0,0.0,0.0,0.0,0.0,0.0,1.0,0.0,0.0,0.0,0.0,392491.7273982056,0.0,0.0,0.0,0.0,0.0,0.0,0.0,-33.6730326926924,151.08650303975423,24.513137440116157,0.0,0.0,nothing,0.0,0
88be0e2ea1fffff,0.0,0.0,0.0,0.0,0.0,0.0,0.0,1.0,0.0,0.0,0.0,0.0,0.0,0.0,4.0,3655.97667638484,0.0,0.0,0.0,0.0,-33.64396530448026,151.11285778313055,26.490585328815804,0.0,0.0,nothing,0.0,0
88be0e2ea3fffff,0.0,0.0,1.0,0.0,0.0,0.0,0.0,3.0,0.0,0.0,0.0,0.0,0.0,0.0,0.0,0.0,0.0,3.0,0.0,0.0,-33.642849605774096,151.10201453682373,26.96111167036403,0.0,0.0,nothing,0.0,0
88be0e2ea5fffff,0.0,0.0,0.0,0.0,0.0,0.0,0.0,10.0,0.0,0.0,0.0,0.0,0.0,0.0,0.0,0.0,0.0,0.0,0.0,0.0,-33.636697492219795,151.11944377106772,27.05700033022497,0.0,0.0,nothing,0.0,0
88be0e2ea7fffff,0.0,0.0,1.0,0.0,0.0,0.0,0.0,1.0,0.0,0.0,0.0,0.0,0.0,0.0,0.0,384.8396501457726,0.0,0.0,0.0,0.0,-33.63558241821363,151.1086012798515,27.499121590289366,0.0,0.0,nothing,0.0,0
88be0e2ea9fffff,0.0,0.0,0.0,0.0,0.0,0.0,0.0,0.0,0.0,0.0,0.0,0.0,0.0,0.0,0.0,5387.755102040816,0.0,0.0,0.0,0.0,-33.65234812425812,151.11711515571162,25.482168060379376,0.0,0.0,nothing,0.0,0
88be0e2eabfffff,0.0,0.0,1.0,0.0,0.0,0.0,0.0,7.0,0.0,0.0,0.0,0.0,0.0,0.0,11.0,0.0,0.0,2.0,0.0,0.0,-33.65123273117422,151.1062707161216,25.951248902490654,0.0,0.0,nothing,0.0,0
88be0e2eadfffff,0.0,0.0,0.0,0.0,0.0,0.0,0.0,5.0,0.0,0.0,0.0,0.0,100778.95384615385,0.0,0.0,3848.396501457726,0.0,0.0,0.0,0.0,-33.64508007280511,151.12370146727642,26.051001722965463,0.0,0.0,nothing,0.0,0
88be0e2eb1fffff,0.0,0.0,0.0,0.0,0.0,0.0,0.0,0.0,0.0,0.0,0.0,0.0,0.0,0.0,0.0,0.0,0.0,0.0,0.0,0.0,-33.6489991534386,151.08458315282394,26.979288501319093,0.0,0.0,nothing,0.0,0
88be0e2eb3fffff,0.0,0.0,0.0,0.0,0.0,0.0,0.0,0.0,0.0,0.0,0.0,0.0,80206.79872278734,0.0,0.0,0.0,0.0,0.0,0.0,0.0,-33.64788096911052,151.0737400306166,27.534888445093276,0.0,0.0,nothing,0.0,0
88be0e2eb5fffff,0.0,0.0,0.0,0.0,0.0,0.0,0.0,1.0,0.0,0.0,0.0,0.0,0.0,0.0,0.0,0.0,0.0,0.0,0.0,0.0,-33.64173297684815,151.09117172910618,27.460988572385855,0.0,0.0,nothing,0.0,0
88be0e2eb9fffff,0.0,0.0,0.0,0.0,0.0,0.0,0.0,2.0,0.0,0.0,0.0,1472.285487743454,313698.32815734984,1.0,0.0,0.0,0.0,2.0,0.0,0.0,-33.65738282291634,151.08883781401633,25.96998667727215,0.0,0.0,nothing,0.0,0
88be0e2ebbfffff,0.0,0.0,0.0,0.0,0.0,0.0,0.0,0.0,0.0,0.0,0.0,0.0,360939.5530321633,0.0,0.0,0.0,0.0,0.0,0.0,0.0,-33.65626494343777,151.07799349774902,26.52742709852065,0.0,0.0,nothing,0.0,0
88be0e2ebdfffff,0.0,0.0,0.0,0.0,0.0,0.0,0.0,1.0,0.0,0.0,0.0,0.0,0.0,0.0,0.0,0.0,0.0,0.0,0.0,0.0,-33.650116407513806,151.09542671490897,26.45085486770211,0.0,0.0,nothing,0.0,0
88be0e2ec1fffff,0.0,0.0,0.0,0.0,0.0,0.0,0.0,0.0,0.0,0.0,0.0,0.0,3217600.5857476396,0.0,0.0,0.0,0.0,0.0,0.0,0.0,-33.68476456084799,151.1233041293054,21.91197887610101,0.0,0.0,nothing,0.0,0
88be0e2ec3fffff,0.0,0.0,1.0,0.0,0.0,1.0,0.0,6.0,0.0,0.0,0.0,96718.43859597074,2317334.2270644912,18.0,7.0,2309.0379008746354,0.0,20.0,0.0,0.0,-33.6836494612262,151.11245535269566,22.41024096627675,0.0,0.0,nothing,0.0,0
88be0e2ec5fffff,0.0,0.0,0.0,0.0,0.0,0.0,0.0,0.0,0.0,0.0,0.0,0.0,462475.5555555555,0.0,0.0,0.0,0.0,0.0,0.0,0.0,-33.677496179651406,151.12989249146048,22.45780576408532,0.0,0.0,nothing,0.0,0
88be0e2ec7fffff,0.0,0.0,0.0,0.0,0.0,0.0,0.0,4.0,0.0,0.0,0.0,134431.83619757078,1204755.1477411475,3.0,0.0,769.6793002915452,0.0,11.0,0.0,0.0,-33.676381705220145,151.11904447117175,22.921761466738996,0.0,0.0,nothing,0.0,0
88be0e2ec9fffff,0.0,0.0,0.0,0.0,0.0,0.0,0.0,1.0,0.0,0.0,0.0,0.0,8175581.850731707,0.0,3.0,0.0,0.0,0.0,0.0,0.0,-33.693147347780666,151.12756465769672,20.902227878420515,0.0,0.0,nothing,0.0,0
88be0e2ecbfffff,0.0,1.0,0.0,0.0,0.0,0.0,0.0,9.0,0.0,0.0,0.0,104607.40803504908,7450992.448636151,16.0,1.0,0.0,0.0,19.0,0.0,0.0,-33.69203255491283,151.11671468688365,21.40007008335252,0.0,0.0,nothing,0.0,0
88be0e2ed1fffff,0.0,0.0,1.0,2.0,1.0,0.0,0.0,7.0,0.0,0.0,0.0,6033.87697117815,1773636.0773993807,11.0,16.0,5387.755102040816,8.0,3.0,1.0,0.0,-33.689800172742316,151.09501606021047,22.499890868982092,0.0,0.0,nothing,0.0,0
88be0e2ed3fffff,0.0,0.0,0.0,0.0,0.0,0.0,0.0,4.0,0.0,0.0,0.0,0.0,319513.04334365326,0.0,0.0,0.0,0.0,0.0,0.0,0.0,-33.68868258376309,151.08416740585315,23.096907289562452,0.0,0.0,nothing,0.0,0
88be0e2ed5fffff,0.0,0.0,5.0,0.0,1.0,0.0,0.0,7.0,0.0,0.0,0.0,202124.43128460215,1968224.4730062964,3.0,6.0,5387.755102040816,0.0,11.0,0.0,0.0,-33.68253342976244,151.10160701436553,22.942473202521057,0.0,0.0,nothing,0.0,0
88be0e2ed7fffff,0.0,0.0,1.0,0.0,0.0,0.0,0.0,5.0,0.0,0.0,0.0,0.0,529342.5046439628,0.0,1.0,0.0,0.0,2.0,0.0,0.0,-33.68141646661834,151.0907591150662,23.506366290861923,0.0,0.0,nothing,0.0,0
88be0e2ed9fffff,1.0,0.0,13.0,0.0,2.0,3.0,3.0,91.0,0.0,7.0,0.0,1577229.2446398714,2813062.5184038524,75.0,7.0,13276.967930029154,8.0,15.0,1.0,2.0,-33.69818381056352,151.09927387540677,21.49375428937729,0.0,0.0,nothing,0.0,0
88be0e2edbfffff,0.0,0.0,2.0,0.0,1.0,0.0,0.0,3.0,0.0,0.0,0.0,0.0,1035788.6981424148,2.0,0.0,0.0,0.0,2.0,0.0,0.0,-33.69706652756534,151.08842402606757,22.094782282956125,0.0,0.0,nothing,0.0,0
88be0e2eddfffff,0.0,0.0,4.0,1.0,0.0,2.0,0.0,10.0,0.0,0.0,0.0,311095.18963016244,2200387.723339962,41.0,6.0,2309.0379008746354,2.0,18.0,1.0,1.0,-33.690916829846174,151.10586515413777,21.933467949378993,1.0,1.0,22 kW,22.0,1
88be0e2ee1fffff,0.0,0.0,0.0,0.0,1.0,0.0,0.0,2.0,0.0,0.0,0.0,0.0,1814021.1692307692,3.0,0.0,8466.472303206998,0.0,2.0,0.0,0.0,-33.66184503311586,151.13221946824342,24.040025633838695,0.0,0.0,nothing,0.0,0
88be0e2ee3fffff,2.0,0.0,3.0,0.0,0.0,0.0,0.0,8.0,0.0,0.0,0.0,55423.45028279277,0.0,7.0,2.0,4425.655976676385,1.0,9.0,0.0,0.0,-33.66073087704647,151.12137339781407,24.473885898910456,0.0,0.0,nothing,0.0,0
88be0e2ee5fffff,0.0,0.0,1.0,1.0,0.0,2.0,0.0,7.0,0.0,1.0,0.0,0.0,8641795.292307692,10.0,3.0,1154.5189504373177,0.0,7.0,2.0,0.0,-33.654576118050784,151.13880534702182,24.642449408901033,0.0,0.0,nothing,0.0,0
88be0e2ee7fffff,0.0,0.0,0.0,0.0,1.0,0.0,0.0,0.0,0.0,0.0,0.0,0.0,4837389.784615384,0.0,0.0,6349.854227405248,0.0,0.0,0.0,0.0,-33.653462586604064,151.12796003292857,25.045329367279148,0.0,0.0,nothing,0.0,0
88be0e2ee9fffff,0.0,0.0,0.0,0.0,0.0,0.0,0.0,0.0,0.0,0.0,0.0,0.0,0.0,0.0,0.0,962.0991253644316,0.0,0.0,0.0,0.0,-33.67022741183969,151.13647977344036,23.03514026461846,0.0,0.0,nothing,0.0,0
88be0e2eebfffff,0.0,0.0,0.0,0.0,0.0,0.0,0.0,0.0,0.0,0.0,0.0,0.0,168667.55555555556,0.0,0.0,1154.5189504373177,0.0,0.0,0.0,0.0,-33.6691135623445,151.1256325096572,23.465757717028453,0.0,0.0,nothing,0.0,0
88be0e2eedfffff,0.0,0.0,0.0,0.0,1.0,0.0,0.0,0.0,0.0,0.0,0.0,0.0,1058179.0153846154,0.0,0.0,1346.938775510204,0.0,1.0,0.0,0.0,-33.662958257929446,151.1430659753365,23.641674701681993,0.0,0.0,nothing,0.0,0
88be0e2f0bfffff,0.0,0.0,0.0,0.0,0.0,0.0,0.0,0.0,0.0,0.0,0.0,3308.0697402516807,0.0,0.0,0.0,0.0,0.0,0.0,0.0,0.0,-33.63103782991223,151.21935599503448,26.38852937648381,0.0,0.0,nothing,0.0,0
88be0e2f39fffff,0.0,0.0,0.0,0.0,0.0,0.0,0.0,0.0,0.0,0.0,0.0,15918.578119949536,0.0,0.0,0.0,0.0,0.0,0.0,0.0,0.0,-33.614278341248315,151.21082285989925,28.23131654708831,0.0,0.0,nothing,0.0,0
88be0e2f49fffff,0.0,0.0,0.0,0.0,0.0,0.0,0.0,1.0,0.0,0.0,0.0,0.0,0.0,0.0,0.0,0.0,0.0,0.0,0.0,0.0,-33.650005779861104,151.24958756044,24.553569816424044,0.0,0.0,nothing,0.0,0
88be0e2f4bfffff,0.0,0.0,1.0,0.0,0.0,0.0,0.0,5.0,0.0,0.0,1.0,752981.3387607354,0.0,1.0,0.0,0.0,0.0,1.0,0.0,0.0,-33.648901878672156,151.23873987116815,24.542691426906224,0.0,0.0,nothing,0.0,0
88be0e2f53fffff,0.0,0.0,0.0,0.0,0.0,0.0,0.0,1.0,0.0,0.0,0.0,0.0,0.0,0.0,0.0,0.0,0.0,0.0,0.0,0.0,-33.6455845840651,151.20619938059016,24.76027584199334,0.0,0.0,nothing,0.0,0
88be0e2f55fffff,0.0,0.0,2.0,0.0,5.0,0.0,0.0,1.0,0.0,0.0,0.0,21200.989681536703,0.0,0.0,0.0,0.0,0.0,17.0,0.0,0.0,-33.63941747210507,151.22362386777948,25.477228357820188,0.0,0.0,nothing,0.0,0
88be0e2f61fffff,0.0,0.0,0.0,0.0,0.0,0.0,0.0,1.0,0.0,0.0,0.0,0.0,0.0,0.0,0.0,0.0,0.0,0.0,0.0,0.0,-33.618697031717346,151.25419543353334,28.05105281863721,0.0,0.0,nothing,0.0,0
88be0e2f69fffff,0.0,0.0,0.0,0.0,0.0,0.0,0.0,3.0,0.0,0.0,0.0,2017.327267015712,0.0,0.0,0.0,0.0,0.0,0.0,0.0,0.0,-33.62707557415431,151.25846632490885,27.195820573126756,0.0,0.0,nothing,0.0,0
88be0e2f6dfffff,0.0,0.0,0.0,0.0,0.0,0.0,0.0,1.0,0.0,0.0,0.0,1522.5808442438258,0.0,0.0,0.0,0.0,0.0,0.0,0.0,0.0,-33.61979937723483,151.2650396479307,28.097377743183213,0.0,0.0,nothing,0.0,0
88be0e3401fffff,0.0,1.0,3.0,0.0,0.0,0.0,0.0,32.0,0.0,0.0,0.0,47553.36998272529,5575776.3320607925,41.0,10.0,0.0,0.0,6.0,1.0,0.0,-33.90158620217433,151.2234814725833,3.866054752149455,0.0,0.0,nothing,0.0,0
88be0e3403fffff,38.0,1.0,81.0,6.0,0.0,3.0,1.0,74.0,2.0,4.0,0.0,723635.6557636,4676669.682739915,164.0,18.0,0.0,6.0,156.0,4.0,1.0,-33.9004782338877,151.212602033449,3.5270123643283684,2.0,2.0,"22 kW, kW",11.5,1
88be0e3405fffff,3.0,0.0,35.0,0.0,0.0,3.0,3.0,45.0,0.0,0.0,0.0,1269348.7638725722,6910811.959260198,59.0,10.0,7311.953352769679,1.0,48.0,4.0,0.0,-33.89431232268044,151.23007898808504,3.421005688290057,3.0,3.0,22 kW,22.0,1
88be0e3407fffff,9.0,0.0,13.0,2.0,0.0,1.0,0.0,24.0,0.0,0.0,0.0,421230.82610590075,4386955.014530098,78.0,13.0,769.6793002915452,1.0,19.0,1.0,0.0,-33.89320498130779,151.2192003139849,2.857757472399669,0.0,0.0,nothing,0.0,0
88be0e3409fffff,2.0,0.0,17.0,4.0,0.0,1.0,5.0,29.0,0.0,0.0,0.0,1631311.791626569,3701220.055555556,87.0,10.0,0.0,3.0,9.0,2.0,1.0,-33.90996734160834,151.2277635070245,4.875262392961532,0.0,0.0,nothing,0.0,0
88be0e340bfffff,4.0,1.0,10.0,2.0,0.0,0.0,0.0,64.0,0.0,1.0,0.0,45922.83492862088,5377904.075283375,64.0,9.0,0.0,5.0,12.0,3.0,0.0,-33.90885968747049,151.21688286979813,4.498461689298995,4.0,5.0,22 kW,22.0,1
88be0e340dfffff,4.0,0.0,10.0,0.0,1.0,1.0,0.0,64.0,0.0,0.0,0.0,154894.19565308766,2682259.9375006505,54.0,9.0,0.0,1.0,65.0,1.0,0.0,-33.90269322933975,151.23436134441764,4.416825144665031,0.0,0.0,nothing,0.0,0
88be0e3411fffff,8.0,0.0,23.0,0.0,1.0,1.0,0.0,52.0,1.0,0.0,0.0,3495253.416087212,3438745.840444915,92.0,20.0,1154.5189504373177,3.0,15.0,2.0,3.0,-33.90664155540023,151.19512289583017,4.397511772113753,3.0,4.0,kW,1.0,1
88be0e3413fffff,16.0,1.0,39.0,3.0,6.0,1.0,1.0,82.0,0.0,0.0,0.0,386986.3178214618,4131297.152797936,93.0,15.0,3848.396501457726,3.0,73.0,3.0,0.0,-33.905531077788375,151.18424356060592,4.687420894778705,0.0,0.0,nothing,0.0,0
88be0e3415fffff,13.0,1.0,39.0,2.0,1.0,5.0,1.0,84.0,0.0,4.0,0.0,493850.9928386125,3755367.208115961,154.0,27.0,0.0,3.0,55.0,4.0,1.0,-33.89936932463986,151.20172302777328,3.4624512693228016,10.0,10.0,kW,1.0,1
88be0e3417fffff,14.0,0.0,26.0,2.0,4.0,5.0,3.0,29.0,0.0,1.0,0.0,0.0,4170743.5104238535,103.0,13.0,0.0,6.0,38.0,2.0,4.0,-33.89825947459106,151.19084445631472,3.686807626767368,6.0,6.0,kW,1.0,1
88be0e3419fffff,4.0,2.0,25.0,2.0,0.0,1.0,0.0,42.0,0.0,1.0,0.0,1929347.109542022,3884318.963524796,94.0,13.0,0.0,2.0,6.0,0.0,0.0,-33.91502355517065,151.1994022109858,5.2082420644649075,2.0,3.0,"22 kW, kW",11.5,1
88be0e341bfffff,4.0,0.0,10.0,0.0,2.0,1.0,0.0,22.0,0.0,1.0,0.0,905742.2091535912,3956544.013497069,47.0,8.0,12699.708454810496,2.0,28.0,1.0,1.0,-33.9139133909348,151.18852167687888,5.360431266562569,3.0,3.0,22 kW,22.0,1
88be0e341dfffff,65.0,1.0,71.0,2.0,0.0,3.0,0.0,84.0,0.0,1.0,0.0,308873.4145346226,3775288.078575464,177.0,33.0,0.0,12.0,184.0,6.0,3.0,-33.9077510920144,151.20600266581377,4.331223286916404,2.0,3.0,kW,1.0,1
88be0e3421fffff,5.0,0.0,20.0,3.0,7.0,4.0,0.0,149.0,3.0,0.0,0.0,287080.49896157015,5172596.049430805,87.0,27.0,0.0,12.0,124.0,10.0,1.0,-33.878657294857405,151.23239361413357,2.4001535563747365,6.0,6.0,"22 kW, 7 kW",14.5,1
88be0e3423fffff,21.0,0.0,151.0,14.0,0.0,28.0,7.0,229.0,0.0,7.0,0.0,169510.75592497562,4072726.555417072,189.0,34.0,0.0,5.0,154.0,16.0,1.0,-33.87755026617605,151.22151690248734,1.4898568063991855,6.0,7.0,"22 kW, kW",11.5,1
88be0e3425fffff,4.0,1.0,10.0,1.0,1.0,3.0,1.0,186.0,0.0,2.0,5.0,49274.980831934394,4511031.388556953,58.0,9.0,0.0,4.0,150.0,3.0,0.0,-33.8713828620215,151.23898863393376,2.761845614392231,0.0,0.0,nothing,0.0,0
88be0e3427fffff,12.0,0.0,68.0,11.0,4.0,12.0,1.0,224.0,3.0,5.0,0.0,661141.23379936,4424997.964320574,67.0,11.0,0.0,7.0,297.0,13.0,1.0,-33.870276459684625,151.22811268733196,1.7483456668022106,3.0,3.0,7 kW,7.0,1
88be0e3429fffff,4.0,0.0,22.0,3.0,3.0,3.0,0.0,80.0,0.0,7.0,0.0,75315.95864033501,7767695.002843362,111.0,23.0,1539.3586005830905,4.0,49.0,7.0,0.0,-33.88703804950613,151.2366754163971,3.2414329958791894,2.0,2.0,22 kW,22.0,1
88be0e342bfffff,8.0,0.0,39.0,2.0,3.0,5.0,4.0,81.0,2.0,3.0,0.0,2362837.717812007,3987225.90799516,81.0,13.0,6157.434402332362,3.0,51.0,8.0,0.0,-33.885931334791934,151.2257975075152,2.4372953463666183,7.0,14.0,"22 kW, 7 kW",14.5,1
88be0e342dfffff,4.0,3.0,36.0,12.0,1.0,3.0,1.0,195.0,0.0,2.0,0.0,165127.72040035026,6364153.373995293,73.0,15.0,769.6793002915452,18.0,86.0,18.0,1.0,-33.879763383168736,151.24327075761343,3.370049162114151,3.0,5.0,"22 kW, kW",11.5,1
88be0e3431fffff,60.0,0.0,185.0,7.0,1.0,51.0,7.0,312.0,0.0,2.0,0.0,1081177.703853608,4937221.4018638525,226.0,53.0,3078.717201166181,22.0,271.0,23.0,18.0,-33.8837150838219,151.20404298763495,1.7243958846068634,17.0,17.0,"22 kW, 7 kW, kW",10.0,1
88be0e3433fffff,18.0,1.0,65.0,5.0,0.0,7.0,2.0,106.0,0.0,3.0,0.0,196268.840729879,5723586.313013559,243.0,17.0,0.0,13.0,46.0,4.0,2.0,-33.88260554788605,151.19316637815294,2.1384527628874657,6.0,8.0,"22 kW, kW",11.5,1
88be0e3435fffff,108.0,1.0,255.0,12.0,0.0,44.0,8.0,320.0,0.0,14.0,0.0,321633.9417051813,4229882.015946034,293.0,56.0,10005.830903790087,23.0,322.0,21.0,6.0,-33.87644229728438,151.21064062343288,0.8567111595598337,20.0,23.0,"11 kW, 20 kW, 22 kW, 4 kW, 7 kW, kW",10.833333333333334,1
88be0e3437fffff,45.0,1.0,159.0,3.0,5.0,52.0,8.0,187.0,0.0,4.0,0.0,283254.13885715354,5757638.471064121,158.0,15.0,5772.594752186589,25.0,107.0,10.0,41.0,-33.875333388342376,151.19976477772823,1.141706105640644,30.0,44.0,"22 kW, 4 - 22 kW, kW",11.5,1
88be0e3439fffff,23.0,1.0,76.0,8.0,1.0,4.0,2.0,72.0,1.0,4.0,0.0,126436.69923686808,4300585.398940392,137.0,28.0,0.0,2.0,27.0,7.0,0.0,-33.89209669917091,151.20832207280156,2.5856584824902544,1.0,1.0,kW,1.0,1
88be0e343bfffff,55.0,1.0,91.0,0.0,6.0,5.0,3.0,192.0,0.0,8.0,0.0,262585.97211395984,5480869.070063921,297.0,12.0,0.0,4.0,125.0,8.0,4.0,-33.890987476429835,151.1974442652933,2.6943922476857174,5.0,7.0,"22 kW, kW",11.5,1
88be0e343dfffff,32.0,1.0,129.0,4.0,1.0,14.0,3.0,135.0,0.0,3.0,0.0,31114.845280543675,3758884.59797312,224.0,23.0,8081.632653061224,10.0,47.0,7.0,0.0,-33.88482367951055,151.2149200310084,1.8518428025002844,0.0,0.0,nothing,0.0,0
88be0e3441fffff,5.0,1.0,30.0,8.0,0.0,0.0,1.0,55.0,0.0,3.0,0.0,24189.412277438925,0.0,122.0,21.0,4618.075801749271,7.0,33.0,5.0,2.0,-33.9194547969634,151.2429286852546,6.422248750831837,3.0,3.0,"22 kW, kW",11.5,1
88be0e3443fffff,38.0,0.0,47.0,3.0,2.0,3.0,3.0,52.0,0.0,0.0,0.0,930979.2350983848,95334.55555555558,134.0,12.0,0.0,11.0,42.0,2.0,1.0,-33.918348399108,151.23204641752935,5.884916858418193,13.0,13.0,7 kW,7.0,1
88be0e3445fffff,1.0,0.0,9.0,2.0,0.0,2.0,0.0,27.0,0.0,0.0,0.0,31436.22381381306,0.0,60.0,30.0,5002.915451895044,2.0,16.0,3.0,0.0,-33.91217982528981,151.24952607816712,6.08265310636659,1.0,1.0,22 kW,22.0,1
88be0e3447fffff,11.0,0.0,33.0,8.0,1.0,4.0,2.0,71.0,0.0,2.0,0.0,183313.38188142815,0.0,124.0,20.0,0.0,5.0,64.0,8.0,1.0,-33.91107405426801,151.23864457673383,5.418086251312778,1.0,2.0,22 kW,22.0,1
88be0e3449fffff,1.0,0.0,3.0,0.0,0.0,1.0,0.0,7.0,0.0,0.0,0.0,80608.69951133025,0.0,53.0,18.0,769.6793002915452,1.0,15.0,0.0,0.0,-33.92783545692398,151.24721367020092,7.428139835467839,2.0,3.0,"22 kW, 7 kW",14.5,1
88be0e344bfffff,0.0,0.0,1.0,0.0,0.0,0.0,0.0,4.0,0.0,0.0,0.0,211153.58258874065,0.0,45.0,15.0,2693.877551020408,1.0,1.0,0.0,0.0,-33.926729374171444,151.23633020431893,6.8948259242978445,0.0,0.0,nothing,0.0,0
88be0e344dfffff,10.0,0.0,57.0,0.0,4.0,2.0,0.0,80.0,0.0,0.0,0.0,417593.60326495307,0.0,86.0,23.0,0.0,0.0,40.0,6.0,0.0,-33.920560252824004,151.25381138448637,7.064976550992892,3.0,4.0,22 kW,22.0,1
88be0e3451fffff,1.0,0.0,3.0,1.0,1.0,0.0,0.0,12.0,0.0,0.0,0.0,165612.66054679244,12878240.609126983,36.0,15.0,3848.396501457726,1.0,8.0,3.0,0.0,-33.924514382249804,151.21456456946038,6.1990238427919975,5.0,5.0,22 kW,22.0,1
88be0e3453fffff,0.0,0.0,15.0,3.0,0.0,0.0,0.0,39.0,0.0,0.0,0.0,66368.95651205727,7509169.256039992,83.0,21.0,1154.5189504373177,1.0,2.0,3.0,1.0,-33.923405473400535,151.20368240200267,6.079114576038429,0.0,0.0,nothing,0.0,0
88be0e3455fffff,8.0,0.0,6.0,0.0,0.0,0.0,0.0,7.0,0.0,1.0,0.0,522254.717997216,7271621.692262764,35.0,11.0,769.6793002915452,0.0,4.0,0.0,0.0,-33.917241059417464,151.22116458207,5.484041442900619,8.0,11.0,"22 kW, 7 kW",14.5,1
88be0e3457fffff,3.0,1.0,14.0,2.0,1.0,0.0,0.0,22.0,1.0,2.0,0.0,623392.1374557101,7085368.185431637,63.0,12.0,0.0,1.0,17.0,1.0,0.0,-33.91613277805164,151.2102831796358,5.250960445349643,0.0,0.0,nothing,0.0,0
88be0e3459fffff,0.0,0.0,0.0,0.0,0.0,0.0,0.0,0.0,0.0,0.0,0.0,155470.17293536896,8580120.071628273,1.0,0.0,0.0,0.0,0.0,0.0,0.0,-33.932895904107006,151.21884683550866,7.164180641529437,0.0,0.0,nothing,0.0,0
88be0e345bfffff,0.0,0.0,1.0,0.0,0.0,0.0,0.0,2.0,0.0,0.0,0.0,362655.40411175526,10209064.84610089,26.0,14.0,0.0,0.0,2.0,0.0,0.0,-33.93178730958805,151.2079634691019,6.987682874823077,0.0,0.0,nothing,0.0,0
88be0e345dfffff,7.0,0.0,38.0,3.0,0.0,3.0,0.0,72.0,0.0,0.0,0.0,643843.0701138084,6823231.367346939,133.0,25.0,5387.755102040816,0.0,13.0,2.0,1.0,-33.92562234922678,151.22544717048558,6.4773089662217265,1.0,1.0,22 kW,22.0,1
88be0e3461fffff,10.0,0.0,32.0,3.0,0.0,4.0,1.0,71.0,0.0,0.0,0.0,109316.31596188773,5025736.161524183,122.0,24.0,3078.717201166181,9.0,55.0,7.0,0.0,-33.896524182493884,151.25183763200113,4.994265731272145,4.0,7.0,"22 kW, 6.6 kW",14.3,1
88be0e3463fffff,3.0,0.0,9.0,0.0,1.0,0.0,1.0,37.0,0.0,0.0,0.0,77459.03942394312,8293697.113809389,39.0,6.0,3848.396501457726,2.0,36.0,1.0,0.0,-33.895418723129,151.24095809434334,4.158752482009616,0.0,0.0,nothing,0.0,0
88be0e3465fffff,4.0,0.0,15.0,3.0,4.0,4.0,1.0,62.0,0.0,2.0,0.0,7339.517389473342,5083160.387511478,80.0,21.0,384.8396501457726,3.0,58.0,4.0,2.0,-33.88924865659453,151.25843252825217,5.079996683890953,1.0,2.0,22 kW,22.0,1
88be0e3467fffff,12.0,0.0,28.0,8.0,8.0,6.0,2.0,129.0,1.0,2.0,0.0,252306.429069605,6790639.953667893,103.0,43.0,6542.274052478134,8.0,130.0,13.0,0.0,-33.88814382349347,151.24755375689563,4.138700921324487,13.0,14.0,"22 kW, 7 kW, kW",10.0,1
88be0e3469fffff,0.0,0.0,6.0,1.0,0.0,0.0,0.0,8.0,1.0,1.0,0.0,10786.690476975167,0.0,67.0,30.0,0.0,0.0,25.0,2.0,0.0,-33.90490445966812,151.25612238315065,5.899052694614014,2.0,2.0,22 kW,22.0,1
88be0e346bfffff,7.0,0.0,12.0,2.0,0.0,0.0,0.0,22.0,0.0,2.0,0.0,219923.31807165864,239759.53719008263,68.0,18.0,1539.3586005830905,1.0,36.0,3.0,0.0,-33.90379931522419,151.24524164819306,5.111340041734287,2.0,2.0,"22 kW, kW",11.5,1
88be0e346dfffff,2.0,0.0,13.0,6.0,0.0,1.0,1.0,57.0,0.0,1.0,0.0,59663.98556700061,1752050.007346189,73.0,26.0,1539.3586005830905,1.0,25.0,5.0,0.0,-33.89762870061572,151.26271760029942,5.886065666664581,0.0,0.0,nothing,0.0,0
88be0e3481fffff,12.0,1.0,23.0,1.0,1.0,2.0,0.0,33.0,0.0,4.0,0.0,57675.500962872546,5704787.012713486,102.0,19.0,0.0,1.0,18.0,1.0,0.0,-33.89381066959873,151.1473345278147,6.368596551546011,0.0,0.0,nothing,0.0,0
88be0e3483fffff,4.0,0.0,13.0,1.0,0.0,5.0,0.0,15.0,1.0,3.0,0.0,217129.62068312216,4846934.83212213,122.0,12.0,1154.5189504373177,3.0,24.0,3.0,0.0,-33.89269611795659,151.13645813881237,7.241397376017681,0.0,0.0,nothing,0.0,0
88be0e3485fffff,9.0,0.0,22.0,1.0,0.0,4.0,1.0,25.0,0.0,2.0,0.0,529587.7496312713,6863186.712852733,82.0,19.0,384.8396501457726,4.0,7.0,4.0,0.0,-33.886541182633124,151.15393738717268,5.486999582567916,1.0,1.0,kW,1.0,1
88be0e3487fffff,3.0,0.0,10.0,1.0,0.0,0.0,0.0,26.0,0.0,1.0,0.0,116230.77570982302,5827142.51355839,81.0,16.0,0.0,6.0,5.0,0.0,0.0,-33.88542725928021,151.1430617594092,6.399711938766693,0.0,0.0,nothing,0.0,0
88be0e3489fffff,0.0,0.0,4.0,0.0,0.0,1.0,0.0,7.0,0.0,0.0,0.0,1287.3889344922547,1751152.1790123456,56.0,8.0,1924.198250728863,0.0,3.0,1.0,0.0,-33.9021940005742,151.151608171072,6.496429515551506,0.0,0.0,nothing,0.0,0
88be0e348bfffff,4.0,0.0,15.0,1.0,0.0,1.0,1.0,15.0,0.0,4.0,0.0,196012.5765943194,3155875.2265974768,111.0,14.0,3078.717201166181,16.0,21.0,4.0,0.0,-33.90107976058024,151.1407305824671,7.2840432460278945,0.0,0.0,nothing,0.0,0
88be0e348dfffff,2.0,1.0,33.0,4.0,0.0,2.0,0.0,57.0,2.0,2.0,0.0,291447.8673162094,5568937.021164021,109.0,21.0,0.0,0.0,21.0,5.0,0.0,-33.89492428124451,151.15821135482375,5.54391541069817,0.0,0.0,nothing,0.0,0
88be0e3491fffff,0.0,0.0,3.0,0.0,0.0,1.0,0.0,4.0,0.0,0.0,0.0,24059.212971704164,1604949.8888888888,63.0,17.0,1924.198250728863,0.0,9.0,1.0,0.0,-33.898848460177476,151.118976721663,8.996045021399325,0.0,0.0,nothing,0.0,0
88be0e3493fffff,0.0,0.0,5.0,0.0,1.0,1.0,0.0,24.0,0.0,4.0,0.0,133495.45388062028,2591025.7160493825,67.0,16.0,4233.236151603499,5.0,9.0,3.0,0.0,-33.897731400092475,151.10810045097853,9.896792284902114,0.0,0.0,nothing,0.0,0
88be0e3495fffff,13.0,0.0,44.0,10.0,3.0,10.0,2.0,80.0,0.0,6.0,0.0,444434.9825254582,3322644.333152444,172.0,42.0,2693.877551020408,17.0,44.0,7.0,3.0,-33.89158062647974,151.12558218857407,8.146861406674587,2.0,2.0,"22 kW, kW",11.5,1
88be0e3497fffff,1.0,0.0,0.0,0.0,0.0,0.0,0.0,9.0,0.0,0.0,0.0,244696.8454073467,3618331.030864198,83.0,21.0,2309.0379008746354,1.0,0.0,1.0,0.0,-33.89046419533001,151.114706677857,9.075212230383029,0.0,0.0,nothing,0.0,0
88be0e3499fffff,0.0,0.0,4.0,0.0,0.0,0.0,0.0,27.0,0.0,0.0,0.0,374772.765514607,4243048.823809523,84.0,13.0,3463.5568513119533,3.0,8.0,1.0,0.0,-33.907232646075734,151.12324764011473,9.029947467124948,0.0,0.0,nothing,0.0,0
88be0e349bfffff,1.0,0.0,3.0,0.0,0.0,0.0,0.0,39.0,0.0,0.0,0.0,354062.3126642692,3916660.3788359785,32.0,0.0,1924.198250728863,0.0,10.0,1.0,0.0,-33.90611589686475,151.11237016904184,9.875859308429986,0.0,0.0,nothing,0.0,0
88be0e349dfffff,1.0,0.0,3.0,0.0,1.0,1.0,0.0,8.0,0.0,0.0,0.0,9179.54362264015,971160.5091575092,90.0,18.0,1539.3586005830905,3.0,3.0,2.0,0.0,-33.89996458039406,151.1298534324116,8.121928688797636,0.0,0.0,nothing,0.0,0
88be0e34a1fffff,3.0,0.0,14.0,0.0,0.0,1.0,0.0,19.0,0.0,0.0,0.0,1207760.9144436847,5006838.513958351,73.0,13.0,4233.236151603499,0.0,5.0,1.0,0.0,-33.87088835527835,151.15626574356057,4.912482787174247,0.0,0.0,nothing,0.0,0
88be0e34a3fffff,1.0,0.0,2.0,0.0,0.0,0.0,0.0,2.0,0.0,0.0,0.0,67888.14166534692,6170203.107175926,30.0,14.0,1539.3586005830905,1.0,0.0,0.0,0.0,-33.86977474849222,151.14539207596806,5.9141361441226135,0.0,0.0,nothing,0.0,0
88be0e34a5fffff,1.0,0.0,11.0,0.0,0.0,0.0,0.0,14.0,0.0,0.0,0.0,323199.22721884906,6613411.082188961,37.0,7.0,11160.349854227405,7.0,5.0,0.0,0.0,-33.863618310986766,151.16286610730006,4.334771465360562,0.0,0.0,nothing,0.0,0
88be0e34a7fffff,0.0,0.0,0.0,0.0,0.0,0.0,0.0,7.0,0.0,0.0,0.0,0.0,5278894.960710581,16.0,0.0,3463.5568513119533,0.0,0.0,0.0,0.0,-33.862505331921206,151.15199320096042,5.348365984606002,0.0,0.0,nothing,0.0,0
88be0e34a9fffff,2.0,0.0,7.0,3.0,1.0,1.0,0.0,12.0,0.0,4.0,0.0,156587.11642917685,4274895.084216709,67.0,18.0,3463.5568513119533,2.0,4.0,2.0,1.0,-33.87927130020037,151.16053916063356,4.658512979983887,0.0,0.0,nothing,0.0,0
88be0e34abfffff,4.0,0.0,9.0,0.0,0.0,0.0,0.0,3.0,0.0,2.0,0.0,333217.1157505001,4896887.676120052,43.0,5.0,1539.3586005830905,0.0,3.0,0.0,0.0,-33.878158004881826,151.14966429429444,5.614373222769197,0.0,0.0,nothing,0.0,0
88be0e34adfffff,7.0,0.0,4.0,0.0,2.0,0.0,0.0,36.0,0.0,1.0,0.0,158396.57298532303,7256923.471612355,50.0,9.0,5387.755102040816,1.0,11.0,1.0,0.0,-33.87200102281745,151.16713984829,3.9169871007168062,0.0,0.0,nothing,0.0,0
88be0e34b1fffff,3.0,0.0,4.0,0.0,0.0,1.0,0.0,88.0,0.0,0.0,0.0,835152.4927654929,1791844.316872428,121.0,20.0,3463.5568513119533,7.0,13.0,0.0,0.0,-33.87592859607715,151.12791587541042,7.571282993086151,0.0,0.0,nothing,0.0,0
88be0e34b3fffff,0.0,0.0,8.0,0.0,0.0,0.0,0.0,72.0,0.0,0.0,0.0,203508.69207171604,9559093.79958463,45.0,11.0,3463.5568513119533,1.0,7.0,1.0,0.0,-33.87481248291429,151.11704232437924,8.561999976666943,0.0,0.0,nothing,0.0,0
88be0e34b5fffff,6.0,0.0,23.0,2.0,1.0,4.0,0.0,43.0,0.0,1.0,0.0,239791.3039220337,4300379.0375,107.0,22.0,1539.3586005830905,4.0,14.0,7.0,0.0,-33.86866020262038,151.13451884626934,6.919267062449298,0.0,0.0,nothing,0.0,0
88be0e34b7fffff,2.0,0.0,7.0,0.0,0.0,1.0,1.0,33.0,0.0,1.0,0.0,809411.9022261442,5107039.168224299,82.0,14.0,2693.877551020408,5.0,1.0,0.0,1.0,-33.867544717824444,151.12364605522106,7.926547099268097,0.0,0.0,nothing,0.0,0
88be0e34b9fffff,0.0,0.0,7.0,0.0,0.0,1.0,0.0,13.0,0.0,1.0,0.0,36051.93425885961,5621167.593959812,60.0,22.0,0.0,1.0,1.0,1.0,0.0,-33.88431239628837,151.13218656986717,7.338951027891617,2.0,2.0,22 kW,22.0,1
88be0e34bbfffff,3.0,2.0,4.0,2.0,1.0,2.0,1.0,77.0,0.0,0.0,0.0,342227.19149848353,2955497.678876679,123.0,14.0,0.0,2.0,14.0,1.0,0.0,-33.88319659381929,151.12131181930366,8.295706300322085,0.0,0.0,nothing,0.0,0
88be0e34bdfffff,8.0,0.0,12.0,7.0,0.0,1.0,1.0,33.0,0.0,1.0,0.0,56923.88825061531,5738234.585442716,69.0,17.0,1924.198250728863,1.0,1.0,6.0,0.0,-33.87704377012024,151.13878986563444,6.587519312896812,0.0,0.0,nothing,0.0,0
88be0e34c1fffff,5.0,0.0,21.0,0.0,0.0,3.0,3.0,35.0,1.0,0.0,0.0,564834.9947870851,3254238.292338225,98.0,11.0,5772.594752186589,3.0,29.0,1.0,3.0,-33.91169023904105,151.16676191532872,6.173853361030664,0.0,0.0,nothing,0.0,0
88be0e34c3fffff,5.0,0.0,27.0,3.0,2.0,2.0,1.0,75.0,0.0,1.0,0.0,279206.1925541733,2851940.583333333,113.0,15.0,5387.755102040816,2.0,10.0,5.0,2.0,-33.91057725170498,151.15588268940235,6.774222765254886,0.0,0.0,nothing,0.0,0
88be0e34c5fffff,9.0,1.0,25.0,0.0,0.0,7.0,0.0,19.0,0.0,1.0,0.0,222415.4904110241,3868771.171071226,112.0,13.0,6542.274052478134,3.0,27.0,2.0,6.0,-33.904419659339474,151.17336466089935,5.163411907483333,4.0,4.0,kW,1.0,1
88be0e34c7fffff,0.0,0.0,9.0,0.0,0.0,1.0,0.0,14.0,0.0,0.0,0.0,396816.4819269073,2572656.7927350425,57.0,10.0,3078.717201166181,0.0,4.0,1.0,0.0,-33.90330730021439,151.16248619746872,5.7796838846758565,3.0,3.0,"7 kW, kW",4.0,1
88be0e34c9fffff,2.0,0.0,5.0,0.0,2.0,5.0,0.0,36.0,0.0,0.0,0.0,4190199.5468791304,3390300.482732355,60.0,9.0,0.0,5.0,14.0,1.0,5.0,-33.92007309722284,151.17103850862495,6.698523266257778,0.0,0.0,nothing,0.0,0
88be0e34cbfffff,0.0,0.0,5.0,0.0,1.0,4.0,0.0,8.0,0.0,0.0,0.0,356593.887625015,3793044.8260621266,53.0,0.0,1924.198250728863,1.0,10.0,0.0,0.0,-33.91896042248939,151.16015808302683,7.184606629929128,0.0,0.0,nothing,0.0,0
88be0e34cdfffff,3.0,0.0,7.0,0.0,0.0,6.0,0.0,31.0,0.0,0.0,0.0,354943.59267632343,3991811.7058902862,89.0,10.0,3078.717201166181,2.0,19.0,2.0,6.0,-33.912802285504675,151.17764157807366,5.691907630733907,2.0,2.0,22 kW,22.0,1
88be0e34d1fffff,1.0,0.0,3.0,0.0,0.0,0.0,0.0,12.0,0.0,0.0,0.0,86235.8795424508,2469042.5,32.0,9.0,0.0,2.0,4.0,0.0,0.0,-33.916732249978054,151.13839854467295,8.442748932466626,0.0,0.0,nothing,0.0,0
88be0e34d3fffff,0.0,0.0,4.0,0.0,0.0,0.0,0.0,13.0,0.0,0.0,0.0,49995.07703656284,4048885.814285714,19.0,12.0,0.0,0.0,12.0,0.0,0.0,-33.91561675252323,151.12751943343346,9.175669504649608,0.0,0.0,nothing,0.0,0
88be0e34d5fffff,1.0,0.0,6.0,1.0,0.0,0.0,0.0,5.0,0.0,0.0,0.0,17024.002802823954,1499814.3333333335,81.0,15.0,4618.075801749271,0.0,1.0,1.0,0.0,-33.9094633236577,151.1450039010526,7.464489968102471,0.0,0.0,nothing,0.0,0
88be0e34d7fffff,3.0,0.0,8.0,0.0,0.0,2.0,0.0,7.0,1.0,0.0,0.0,35004.26677577036,2222432.3333333335,66.0,14.0,6157.434402332362,4.0,9.0,2.0,0.0,-33.90834845506071,151.1341255510375,8.22203903549169,0.0,0.0,nothing,0.0,0
88be0e34d9fffff,0.0,0.0,5.0,0.0,0.0,1.0,0.0,23.0,0.0,1.0,0.0,37090.130940291885,2558053.053763441,13.0,7.0,4233.236151603499,1.0,11.0,1.0,0.0,-33.92511596464444,151.14267241353934,8.774966327812775,0.0,0.0,nothing,0.0,0
88be0e34dbfffff,0.0,0.0,1.0,0.0,0.0,0.0,0.0,2.0,0.0,0.0,0.0,6138.01484412585,1140127.1666666667,37.0,10.0,3848.396501457726,1.0,0.0,0.0,0.0,-33.924000779018314,151.13179210184063,9.428030682591505,0.0,0.0,nothing,0.0,0
88be0e34ddfffff,3.0,0.0,22.0,3.0,0.0,1.0,0.0,24.0,0.0,0.0,0.0,157992.22388425595,1818614.7096774192,71.0,11.0,2693.877551020408,2.0,5.0,1.0,0.0,-33.91784680668732,151.1492780947901,7.773150397735108,0.0,0.0,nothing,0.0,0
88be0e34e1fffff,2.0,0.0,35.0,1.0,0.0,2.0,0.0,53.0,1.0,3.0,0.0,881359.8421877371,6112325.782734422,157.0,20.0,0.0,12.0,22.0,1.0,1.0,-33.88876620977656,151.17568995433484,3.8175181610905087,1.0,1.0,22 kW,22.0,1
88be0e34e3fffff,1.0,0.0,19.0,0.0,0.0,0.0,1.0,56.0,1.0,2.0,0.0,116672.1372129876,8439134.143441627,84.0,10.0,0.0,0.0,2.0,0.0,1.0,-33.88765416618565,151.16481345240038,4.6165837593835635,0.0,0.0,nothing,0.0,0
88be0e34e5fffff,5.0,0.0,31.0,1.0,2.0,3.0,1.0,38.0,1.0,1.0,0.0,75928.62013151986,5691366.604964181,150.0,23.0,0.0,7.0,43.0,4.0,0.0,-33.88149507186343,151.18229020332024,2.868370952038293,1.0,2.0,kW,1.0,1
88be0e34e7fffff,11.0,0.0,19.0,1.0,0.0,0.0,0.0,22.0,0.0,3.0,0.0,39037.60371857742,7120644.460917555,78.0,9.0,0.0,0.0,10.0,1.0,0.0,-33.880383655914585,151.17141446389462,3.733251779549717,0.0,0.0,nothing,0.0,0
88be0e34e9fffff,19.0,0.0,91.0,4.0,0.0,4.0,1.0,79.0,2.0,4.0,0.0,114842.15316727184,4191485.7825912703,109.0,18.0,0.0,1.0,34.0,9.0,1.0,-33.897148683901726,151.1799663198316,4.15351348454227,1.0,2.0,kW,1.0,1
88be0e34ebfffff,1.0,0.0,35.0,5.0,1.0,2.0,0.0,37.0,0.0,4.0,0.0,80472.16956418316,3965535.891474845,81.0,7.0,0.0,0.0,8.0,8.0,0.0,-33.89603695273257,151.16908861908195,4.792270103406018,0.0,0.0,nothing,0.0,0
88be0e34edfffff,36.0,0.0,60.0,4.0,4.0,2.0,2.0,99.0,0.0,1.0,0.0,595916.6008582775,5620604.207697663,134.0,11.0,0.0,6.0,181.0,15.0,3.0,-33.88987731324488,151.18656689221842,3.144686051396816,1.0,2.0,kW,1.0,1
88be0e3501fffff,1.0,0.0,1.0,0.0,3.0,1.0,0.0,23.0,0.0,0.0,0.0,109290.62196838469,0.0,9.0,12.0,0.0,0.0,38.0,0.0,0.0,-33.8506607965355,151.26964125340172,5.935192465070694,0.0,0.0,nothing,0.0,0
88be0e3505fffff,0.0,0.0,2.0,0.0,2.0,0.0,0.0,6.0,0.0,0.0,2.0,26702.913590131757,0.0,3.0,0.0,0.0,0.0,7.0,0.0,0.0,-33.84338417214327,151.27623116055048,6.805214092176589,0.0,0.0,nothing,0.0,0
88be0e3507fffff,0.0,0.0,0.0,0.0,0.0,0.0,0.0,1.0,0.0,0.0,0.0,0.0,0.0,0.0,0.0,0.0,0.0,0.0,0.0,0.0,-33.84228121201076,151.26535784683173,5.96353993267711,0.0,0.0,nothing,0.0,0
88be0e3509fffff,1.0,0.0,6.0,1.0,0.0,1.0,0.0,20.0,1.0,1.0,0.0,0.0,0.0,22.0,18.0,0.0,0.0,5.0,3.0,0.0,-33.85904030105133,151.27392553525306,6.0771163690240435,1.0,1.0,22 kW,22.0,1
88be0e350bfffff,0.0,0.0,0.0,0.0,4.0,0.0,0.0,15.0,0.0,0.0,2.0,0.0,0.0,0.0,0.0,0.0,0.0,13.0,0.0,0.0,-33.85793703035158,151.26305025962793,5.117514097377927,0.0,0.0,nothing,0.0,0
88be0e350dfffff,0.0,0.0,6.0,0.0,1.0,0.0,0.0,11.0,0.0,0.0,0.0,35197.87137445627,0.0,22.0,22.0,0.0,0.0,11.0,2.0,0.0,-33.85176344205292,151.28051576235086,6.855589246334611,0.0,0.0,nothing,0.0,0
88be0e3511fffff,0.0,0.0,0.0,0.0,0.0,0.0,0.0,2.0,0.0,0.0,0.0,0.0,0.0,0.0,0.0,0.0,0.0,0.0,0.0,0.0,-33.855727669300116,151.2413009974932,3.297114632118208,0.0,0.0,nothing,0.0,0
88be0e3513fffff,0.0,0.0,0.0,0.0,0.0,0.0,0.0,4.0,0.0,0.0,4.0,0.0,0.0,0.0,0.0,0.0,0.0,1.0,0.0,0.0,-33.85462157926662,151.23042701249952,2.509024071725628,0.0,0.0,nothing,0.0,0
88be0e3515fffff,0.0,0.0,5.0,0.0,2.0,0.0,0.0,10.0,0.0,0.0,0.0,5998.597607976883,0.0,0.0,1.0,0.0,1.0,19.0,0.0,0.0,-33.84845268644163,151.2478935229974,4.224716822328216,0.0,0.0,nothing,0.0,0
88be0e3517fffff,2.0,0.0,3.0,0.0,0.0,1.0,3.0,20.0,0.0,0.0,4.0,0.0,0.0,3.0,1.0,0.0,0.0,23.0,0.0,0.0,-33.84734722218309,151.23702030305793,3.498911159209819,0.0,0.0,nothing,0.0,0
88be0e3519fffff,0.0,0.0,1.0,0.0,0.0,0.0,0.0,3.0,0.0,0.0,0.0,0.0,0.0,0.0,0.0,0.0,0.0,30.0,1.0,0.0,-33.86410803680153,151.24558256700968,3.397292813989204,0.0,0.0,nothing,0.0,0
88be0e351bfffff,0.0,0.0,0.0,0.0,0.0,0.0,0.0,7.0,0.0,0.0,0.0,0.0,150306.79088050313,0.0,0.0,0.0,0.0,11.0,0.0,0.0,-33.86300226055354,151.234707385636,2.437307391596668,0.0,0.0,nothing,0.0,0
88be0e3523fffff,0.0,0.0,0.0,0.0,0.0,0.0,0.0,9.0,0.0,0.0,0.0,142169.0709453745,0.0,0.0,0.0,0.0,0.0,2.0,0.0,0.0,-33.82662539340931,151.26766458233203,7.145692119248506,0.0,0.0,nothing,0.0,0
88be0e3525fffff,0.0,0.0,1.0,0.0,0.0,0.0,0.0,1.0,0.0,0.0,0.0,0.0,0.0,1.0,0.0,0.0,0.0,2.0,0.0,0.0,-33.820450874388854,151.2851233495227,8.832199565838598,0.0,0.0,nothing,0.0,0
88be0e3529fffff,0.0,0.0,2.0,0.0,1.0,0.0,0.0,9.0,0.0,0.0,0.0,221317.17594260495,0.0,3.0,0.0,0.0,0.0,7.0,0.0,0.0,-33.83610715769233,151.28281998116853,7.709880930076273,0.0,0.0,nothing,0.0,0
88be0e3531fffff,1.0,0.0,4.0,0.0,0.0,0.0,0.0,8.0,0.0,0.0,0.0,155178.81954145865,1619667.8297655454,29.0,20.0,0.0,0.0,2.0,0.0,0.0,-33.83279733450324,151.25020362604155,5.502457419076295,0.0,0.0,nothing,0.0,0
88be0e3533fffff,0.0,0.0,12.0,2.0,0.0,0.0,0.0,15.0,0.0,3.0,0.0,194329.46307811775,4437581.960587941,63.0,30.0,1154.5189504373177,3.0,1.0,4.0,0.0,-33.83169218216022,151.2393323668647,4.9665257509152445,0.0,0.0,nothing,0.0,0
88be0e3535fffff,0.0,0.0,12.0,0.0,3.0,1.0,0.0,9.0,0.0,0.0,1.0,687795.5507855865,952219.3333333334,12.0,4.0,0.0,1.0,17.0,0.0,0.0,-33.82552180494155,151.2567936586545,6.508807164154609,0.0,0.0,nothing,0.0,0
88be0e3537fffff,1.0,0.0,16.0,1.0,2.0,2.0,1.0,32.0,0.0,0.0,0.0,85487.001002996,6171712.807358717,70.0,24.0,0.0,3.0,39.0,4.0,0.0,-33.8244172778039,151.24592316454118,5.976934590905305,0.0,0.0,nothing,0.0,0
88be0e3539fffff,2.0,0.0,11.0,0.0,5.0,0.0,1.0,22.0,0.0,0.0,3.0,263115.0862918566,0.0,3.0,8.0,0.0,2.0,26.0,0.0,0.0,-33.84117731249543,151.2544849622426,5.183849518728712,0.0,0.0,nothing,0.0,0
88be0e353bfffff,2.0,0.0,10.0,0.0,3.0,1.0,2.0,13.0,1.0,0.0,0.0,511569.5499846311,0.0,27.0,22.0,0.0,3.0,28.0,1.0,1.0,-33.840072473756194,151.24361250754066,4.498479278041935,4.0,4.0,22 kW,22.0,1
88be0e353dfffff,0.0,0.0,1.0,0.0,0.0,0.0,0.0,28.0,0.0,0.0,0.0,157066.82504399068,0.0,13.0,4.0,0.0,1.0,21.0,0.0,0.0,-33.83390154797887,151.26107531532276,6.159803715511352,0.0,0.0,nothing,0.0,0
88be0e3543fffff,0.0,1.0,3.0,0.0,0.0,0.0,0.0,11.0,0.0,1.0,0.0,0.0,0.0,53.0,25.0,0.0,2.0,5.0,1.0,0.0,-33.867419725056465,151.27821069260614,6.3779595292929345,0.0,0.0,nothing,0.0,0
88be0e3547fffff,0.0,0.0,5.0,0.0,0.0,0.0,0.0,13.0,0.0,0.0,0.0,14530.06387040818,0.0,14.0,11.0,0.0,0.0,11.0,2.0,0.0,-33.86014263165533,151.2848012395725,7.0519110199054715,1.0,2.0,22 kW,22.0,1
88be0e354bfffff,0.0,0.0,4.0,0.0,0.0,0.0,0.0,8.0,0.0,0.0,0.0,0.0,0.0,54.0,13.0,0.0,0.0,7.0,1.0,0.0,-33.875799068049055,151.28249672568143,6.816717707571823,0.0,0.0,nothing,0.0,0
88be0e3551fffff,2.0,0.0,12.0,1.0,1.0,1.0,0.0,18.0,0.0,0.0,2.0,1428299.8873771194,0.0,36.0,16.0,0.0,2.0,12.0,2.0,0.0,-33.87359284601759,151.26074182025627,4.789200219619279,0.0,0.0,nothing,0.0,0
88be0e3553fffff,2.0,1.0,6.0,0.0,6.0,1.0,1.0,60.0,0.0,3.0,1.0,83345.85785831127,2768198.222222222,34.0,16.0,0.0,1.0,60.0,4.0,0.0,-33.8724883241856,151.24986501182795,3.775491774280581,3.0,6.0,7 kW,7.0,1
88be0e3555fffff,0.0,0.0,12.0,2.0,1.0,1.0,0.0,35.0,1.0,2.0,1.0,109324.13768240076,0.0,26.0,10.0,0.0,1.0,17.0,4.0,0.0,-33.86631676921205,151.26733422125298,5.376845147660463,0.0,0.0,nothing,0.0,0
88be0e3557fffff,0.0,0.0,0.0,0.0,0.0,0.0,0.0,3.0,0.0,0.0,0.0,14106.493445639186,0.0,2.0,0.0,0.0,0.0,2.0,1.0,0.0,-33.865212873074086,151.25645817913474,4.381579116652764,0.0,0.0,nothing,0.0,0
88be0e3559fffff,0.0,0.0,2.0,0.0,0.0,0.0,1.0,11.0,1.0,1.0,0.0,145933.65596053764,1503569.1111111112,39.0,17.0,3078.717201166181,2.0,6.0,1.0,0.0,-33.88197273804354,151.26502633704044,5.358810793055865,0.0,0.0,nothing,0.0,0
88be0e355bfffff,2.0,0.0,4.0,0.0,3.0,0.0,0.0,24.0,0.0,2.0,0.0,0.0,3882479.670798898,21.0,20.0,0.0,2.0,23.0,5.0,0.0,-33.880868530950536,151.25414833216854,4.359958904200016,1.0,2.0,7 kW,7.0,1
88be0e355dfffff,1.0,0.0,4.0,3.0,0.0,1.0,0.0,16.0,0.0,4.0,0.0,206486.22345085873,0.0,61.0,16.0,1924.198250728863,7.0,2.0,0.0,0.0,-33.87469642735836,151.2716190584603,5.8029456275623215,1.0,2.0,22 kW,22.0,1
88be0e3561fffff,0.0,0.0,0.0,0.0,0.0,0.0,0.0,1.0,0.0,0.0,0.0,0.0,0.0,0.0,0.0,0.0,0.0,0.0,0.0,0.0,-33.845587273625384,151.29797907234513,8.600720318725191,0.0,0.0,nothing,0.0,0
88be0e3563fffff,1.0,0.0,9.0,1.0,1.0,1.0,1.0,15.0,0.0,0.0,0.0,43421.212348930174,0.0,20.0,10.0,0.0,0.0,46.0,1.0,0.0,-33.84448619273428,151.28710490264095,7.688548061463012,1.0,1.0,kW,1.0,1
88be0e356bfffff,0.0,0.0,0.0,0.0,0.0,0.0,0.0,7.0,0.0,0.0,0.0,0.0,0.0,1.0,1.0,0.0,0.0,11.0,0.0,0.0,-33.85286514767246,151.29139069945393,7.799195335687469,0.0,0.0,nothing,0.0,0
88be0e3581fffff,3.0,0.0,8.0,0.0,1.0,0.0,0.0,29.0,0.0,0.0,0.0,357170.69193744706,37876.13605442177,14.0,2.0,0.0,4.0,35.0,0.0,0.0,-33.84291597412443,151.19353174272592,3.220590755276863,0.0,0.0,nothing,0.0,0
88be0e3583fffff,0.0,0.0,2.0,0.0,0.0,0.0,0.0,9.0,0.0,0.0,2.0,52269.00127999627,0.0,8.0,9.0,0.0,1.0,6.0,0.0,0.0,-33.84180581515304,151.18266068628498,3.878471033836264,0.0,0.0,nothing,0.0,0
88be0e3585fffff,0.0,0.0,9.0,2.0,0.0,3.0,1.0,27.0,0.0,2.0,0.0,119442.3686017562,4465691.111111111,65.0,19.0,5002.915451895044,1.0,21.0,6.0,0.0,-33.83564372974611,151.20012700275203,3.7743886042422514,0.0,0.0,nothing,0.0,0
88be0e3587fffff,2.0,0.0,8.0,1.0,0.0,0.0,0.0,42.0,0.0,2.0,0.0,0.0,855433.7936507936,17.0,8.0,0.0,1.0,23.0,3.0,0.0,-33.83453419727886,151.18925670884465,4.229232106466678,0.0,0.0,nothing,0.0,0
88be0e3589fffff,1.0,0.0,1.0,0.0,0.0,1.0,0.0,21.0,0.0,0.0,0.0,73881.61476341276,2212042.297475715,0.0,0.0,0.0,0.0,9.0,0.0,1.0,-33.85129767304939,151.1978076509048,2.213549397061793,0.0,0.0,nothing,0.0,0
88be0e358bfffff,2.0,0.0,4.0,0.0,0.0,0.0,0.0,5.0,0.0,1.0,6.0,5199.900055260639,0.0,2.0,5.0,0.0,0.0,9.0,0.0,0.0,-33.850187826137805,151.1869353973597,2.9231845940130263,0.0,0.0,nothing,0.0,0
88be0e358dfffff,4.0,0.0,35.0,0.0,2.0,5.0,0.0,50.0,0.0,2.0,0.0,365049.6025328953,6462478.901824667,69.0,27.0,3078.717201166181,5.0,61.0,5.0,2.0,-33.84402519447325,151.20440323338067,2.7851275758149225,2.0,4.0,22 kW,22.0,1
88be0e3591fffff,0.0,0.0,2.0,0.0,0.0,0.0,0.0,10.0,0.0,0.0,0.0,0.0,494880.4979253112,2.0,0.0,0.0,0.0,5.0,1.0,0.0,-33.8479653160179,151.165192195291,4.690459473699274,0.0,0.0,nothing,0.0,0
88be0e3593fffff,0.0,0.0,4.0,1.0,0.0,1.0,0.0,8.0,0.0,2.0,2.0,215077.2563316104,7985103.607613699,24.0,13.0,0.0,1.0,3.0,3.0,0.0,-33.846852653131045,151.1543212482808,5.6400734640369565,0.0,0.0,nothing,0.0,0
88be0e3595fffff,1.0,0.0,1.0,0.0,0.0,0.0,0.0,12.0,0.0,0.0,4.0,397923.4188528618,0.0,10.0,9.0,0.0,0.0,8.0,0.0,0.0,-33.840694717719515,151.17179006481436,4.665602451758668,0.0,0.0,nothing,0.0,0
88be0e3597fffff,0.0,0.0,0.0,0.0,0.0,0.0,0.0,3.0,0.0,1.0,2.0,0.0,2606098.2053251406,12.0,10.0,0.0,0.0,3.0,1.0,0.0,-33.83958268198455,151.16091987907058,5.527028389280688,0.0,0.0,nothing,0.0,0
88be0e3599fffff,0.0,0.0,3.0,0.0,0.0,0.0,0.0,2.0,0.0,0.0,2.0,0.0,5685926.710388812,20.0,6.0,0.0,0.0,1.0,1.0,0.0,-33.85634787252402,151.16946538560546,3.936303500554685,0.0,0.0,nothing,0.0,0
88be0e359bfffff,1.0,0.0,8.0,4.0,0.0,1.0,0.0,45.0,1.0,1.0,0.0,1025710.762823147,4763224.792531121,71.0,7.0,0.0,11.0,11.0,2.0,0.0,-33.85523552092411,151.1585932407039,4.9274209301500616,2.0,4.0,22 kW,22.0,1
88be0e359dfffff,0.0,0.0,7.0,0.0,1.0,0.0,0.0,37.0,0.0,1.0,2.0,0.0,0.0,5.0,0.0,0.0,0.0,22.0,2.0,1.0,-33.8490770404071,151.17606357856954,3.7742867528258897,0.0,0.0,nothing,0.0,0
88be0e35a1fffff,1.0,0.0,17.0,3.0,0.0,0.0,2.0,29.0,0.0,0.0,0.0,22491.13871000639,3909174.206285528,101.0,7.0,3848.396501457726,4.0,5.0,3.0,1.0,-33.81998978573837,151.20244549886849,5.451050837179237,4.0,4.0,"22 kW, 7 kW, kW",10.0,1
88be0e35a3fffff,11.0,0.0,28.0,6.0,0.0,4.0,0.0,77.0,1.0,0.0,0.0,1570759.752929655,2631021.447651733,102.0,5.0,9236.151603498542,14.0,24.0,6.0,4.0,-33.81888056764131,151.19157716392857,5.774898353445522,5.0,6.0,"22 kW, 7 kW, 7.6 kW, kW",9.4,1
88be0e35a5fffff,1.0,0.0,9.0,0.0,0.0,1.0,1.0,26.0,0.0,0.0,0.0,1005042.1700883117,4194852.669087311,35.0,13.0,0.0,3.0,11.0,3.0,0.0,-33.81271699310624,151.20903826651875,6.22074698515285,0.0,0.0,nothing,0.0,0
88be0e35a7fffff,3.0,0.0,5.0,0.0,0.0,0.0,0.0,14.0,0.0,0.0,0.0,444613.3386853037,4031599.221122368,31.0,6.0,3848.396501457726,2.0,10.0,1.0,0.0,-33.811608400944316,151.19817069412417,6.426754634657945,2.0,2.0,22 kW,22.0,1
88be0e35a9fffff,2.0,2.0,26.0,0.0,3.0,5.0,0.0,32.0,0.0,0.0,0.0,239379.6367374579,5123776.219375547,123.0,21.0,3078.717201166181,4.0,40.0,5.0,0.0,-33.82837109351993,151.206721177531,4.490706946410426,4.0,4.0,kW,1.0,1
88be0e35abfffff,8.0,1.0,52.0,6.0,1.0,5.0,0.0,54.0,0.0,2.0,0.0,23106.341818284833,3160421.111111111,128.0,36.0,5387.755102040816,9.0,20.0,8.0,0.0,-33.827262187301606,151.19585164634148,4.772511685570143,22.0,22.0,"11 kW, 22 kW, kW",11.333333333333334,1
88be0e35adfffff,1.0,0.0,6.0,2.0,0.0,1.0,0.0,9.0,0.0,0.0,0.0,156000.8558195065,4993497.317675771,82.0,13.0,1924.198250728863,0.0,6.0,5.0,0.0,-33.82109806596301,151.21331426715614,5.304106915189728,2.0,2.0,"22 kW, 7 kW",14.5,1
88be0e35b1fffff,0.0,0.0,0.0,0.0,0.0,0.0,0.0,14.0,0.0,0.0,0.0,93267.14718171491,3441875.0430838997,27.0,20.0,0.0,0.0,1.0,0.0,0.0,-33.82504156081807,151.17411388638385,5.844893150966855,0.0,0.0,nothing,0.0,0
88be0e35b3fffff,0.0,0.0,2.0,0.0,1.0,0.0,0.0,14.0,0.0,0.0,0.0,15783.170051447178,1150259.2194916292,36.0,15.0,0.0,1.0,1.0,0.0,0.0,-33.82392984087378,151.1632456591281,6.5527161962706515,0.0,0.0,nothing,0.0,0
88be0e35b5fffff,0.0,0.0,2.0,0.0,0.0,4.0,0.0,31.0,0.0,0.0,0.0,8702.793696307286,4671770.738473167,32.0,23.0,9620.991253644315,9.0,1.0,0.0,4.0,-33.817770411832015,151.18070926309258,6.248195743388526,2.0,2.0,kW,1.0,1
88be0e35b7fffff,16.0,0.0,37.0,4.0,0.0,4.0,1.0,38.0,0.0,3.0,0.0,633105.7195528598,5699933.762944067,55.0,20.0,6157.434402332362,9.0,40.0,4.0,1.0,-33.81665931847089,151.16984179711642,6.839982790433649,17.0,17.0,"19 kW, 22 kW, 7 kW",16.0,1
88be0e35b9fffff,0.0,0.0,1.0,0.0,0.0,1.0,0.0,2.0,0.0,0.0,4.0,4244.0583896499875,1791205.5782312923,4.0,3.0,0.0,0.0,2.0,1.0,0.0,-33.83342372654596,151.17838684936655,4.8561109417686845,0.0,0.0,nothing,0.0,0
88be0e35bbfffff,0.0,0.0,0.0,0.0,0.0,0.0,0.0,2.0,0.0,0.0,2.0,0.0,402302.8571428571,32.0,9.0,0.0,0.0,1.0,0.0,0.0,-33.8323123177079,151.1675174250741,5.59751277962556,0.0,0.0,nothing,0.0,0
88be0e35bdfffff,1.0,0.0,3.0,0.0,1.0,0.0,1.0,15.0,0.0,0.0,0.0,170148.37484005222,2937006.571428571,44.0,28.0,2309.0379008746354,1.0,6.0,0.0,0.0,-33.826152343014215,151.18498254904034,5.238543628735245,2.0,2.0,kW,1.0,1
88be0e35c1fffff,35.0,0.0,134.0,2.0,0.0,39.0,5.0,253.0,0.0,2.0,20.0,2927.104100820703,9640790.421137808,91.0,14.0,6157.434402332362,20.0,295.0,15.0,19.0,-33.860787888769096,151.21295831817437,0.9509890822717348,13.0,17.0,"11 kW, 22 kW, kW",11.333333333333334,1
88be0e35c3fffff,40.0,1.0,74.0,2.0,1.0,8.0,1.0,120.0,0.0,1.0,4.0,99063.98266337808,8406164.401093556,78.0,14.0,0.0,12.0,135.0,4.0,5.0,-33.85967929355211,151.2020844336018,1.2121270300586129,16.0,19.0,"22 kW, kW",11.5,1
88be0e35c5fffff,0.0,0.0,0.0,0.0,0.0,2.0,0.0,8.0,0.0,0.0,4.0,5154.797292096932,7677106.419906051,10.0,1.0,0.0,0.0,9.0,1.0,0.0,-33.853514549773834,151.21955345923195,1.942887271489076,2.0,2.0,22 kW,22.0,1
88be0e35c7fffff,10.0,0.0,10.0,0.0,0.0,2.0,3.0,36.0,0.0,0.0,6.0,71740.24755309912,8855910.955735035,23.0,5.0,3463.5568513119533,3.0,37.0,1.0,3.0,-33.852406580981445,151.20868033844792,1.8192597925393768,4.0,4.0,"22 kW, 6 kW",14.0,1
88be0e35c9fffff,24.0,2.0,62.0,5.0,3.0,18.0,5.0,267.0,0.0,10.0,0.0,2713316.6588708167,5792298.8171662865,133.0,18.0,2309.0379008746354,10.0,273.0,8.0,8.0,-33.86916911733452,151.21723717278064,0.7355382320639856,6.0,7.0,"22 kW, kW",11.5,1
88be0e35cbfffff,209.0,2.0,321.0,18.0,0.0,95.0,6.0,592.0,0.0,5.0,13.0,111852.96350823028,7568852.252608804,321.0,85.0,5772.594752186589,28.0,333.0,37.0,33.0,-33.868060835131004,151.20636209103762,0.2839309433907206,27.0,30.0,"22 kW, 7 kW",14.5,1
88be0e35cdfffff,1.0,0.0,6.0,0.0,1.0,0.0,2.0,45.0,0.0,0.0,0.0,159048.644218428,6603761.403532656,10.0,4.0,0.0,0.0,85.0,1.0,0.0,-33.86189554448952,151.22383263577163,1.5475001028407478,0.0,0.0,nothing,0.0,0
88be0e35d1fffff,1.0,0.0,3.0,0.0,0.0,0.0,0.0,34.0,0.0,0.0,2.0,2039065.268925664,13858891.116038997,13.0,0.0,1924.198250728863,2.0,47.0,0.0,0.0,-33.865841451804044,151.1846132290072,2.307674088200564,2.0,2.0,22 kW,22.0,1
88be0e35d3fffff,5.0,0.0,15.0,1.0,0.0,0.0,0.0,46.0,0.0,1.0,0.0,10670.067389864813,8877431.661575256,82.0,21.0,2693.877551020408,3.0,5.0,2.0,1.0,-33.86473035100136,151.17373945023462,3.3211937474779893,0.0,0.0,nothing,0.0,0
88be0e35d5fffff,1.0,0.0,3.0,0.0,0.0,2.0,0.0,20.0,0.0,1.0,2.0,457107.6523815141,4195585.373513085,34.0,13.0,0.0,0.0,4.0,0.0,1.0,-33.858569758998684,151.19121098281136,2.022198031916872,0.0,0.0,nothing,0.0,0
88be0e35d7fffff,3.0,0.0,30.0,8.0,2.0,1.0,1.0,36.0,1.0,3.0,0.0,136362.42170936003,3360119.5592527576,76.0,20.0,0.0,0.0,30.0,5.0,0.0,-33.85745928526914,151.18033796656024,2.960471559937449,1.0,1.0,kW,1.0,1
88be0e35d9fffff,4.0,1.0,38.0,2.0,5.0,5.0,0.0,73.0,0.0,1.0,2.0,2234304.1477151555,7687372.71800182,72.0,7.0,0.0,2.0,45.0,2.0,4.0,-33.87422353951024,151.18888936613115,1.9819694672529744,0.0,0.0,nothing,0.0,0
88be0e35dbfffff,10.0,0.0,25.0,1.0,9.0,0.0,0.0,46.0,0.0,2.0,0.0,703248.8699259654,10272861.5175586,52.0,11.0,3463.5568513119533,3.0,53.0,3.0,0.0,-33.873112750948366,151.17801438939927,2.9339388566475075,1.0,2.0,22 kW,22.0,1
88be0e35ddfffff,21.0,3.0,90.0,5.0,1.0,13.0,3.0,135.0,0.0,2.0,16.0,608445.1412475528,8359803.948021454,123.0,29.0,3463.5568513119533,8.0,112.0,5.0,10.0,-33.866951613234086,151.19548744286064,1.294382806637297,4.0,5.0,kW,1.0,1
88be0e35e1fffff,0.0,0.0,4.0,0.0,0.0,0.0,0.0,7.0,0.0,1.0,2.0,8915.94576544615,6886900.375234151,52.0,26.0,0.0,0.0,8.0,2.0,0.0,-33.837859979242694,151.22186889082823,3.623618633388168,0.0,0.0,nothing,0.0,0
88be0e35e3fffff,19.0,0.0,63.0,2.0,3.0,18.0,4.0,71.0,0.0,1.0,0.0,383323.35172541713,6370283.791982977,124.0,26.0,1154.5189504373177,9.0,65.0,16.0,9.0,-33.8367523237874,151.21099773033214,3.558190026705623,9.0,9.0,22 kW,22.0,1
88be0e35e5fffff,6.0,1.0,35.0,4.0,0.0,1.0,1.0,35.0,0.0,0.0,0.0,103951.08903799015,7598969.780614759,99.0,27.0,769.6793002915452,5.0,13.0,3.0,0.0,-33.830586091109005,151.22846153854934,4.594683603391592,0.0,0.0,nothing,0.0,0
88be0e35e7fffff,2.0,0.0,26.0,4.0,0.0,1.0,0.0,24.0,0.0,3.0,0.0,91744.69457772454,8290273.612870678,124.0,10.0,1154.5189504373177,2.0,12.0,2.0,0.0,-33.82947906150902,151.21759114185252,4.428450047510111,0.0,0.0,nothing,0.0,0
88be0e35e9fffff,0.0,0.0,2.0,0.0,0.0,0.0,0.0,7.0,0.0,0.0,2.0,0.0,13391.703703703704,7.0,10.0,0.0,0.0,14.0,2.0,0.0,-33.846240818662444,151.22614751430376,2.948208993523662,0.0,0.0,nothing,0.0,0
88be0e35ebfffff,10.0,0.0,46.0,3.0,3.0,9.0,1.0,82.0,0.0,2.0,2.0,441284.2887589112,7230794.110169604,79.0,17.0,1154.5189504373177,11.0,104.0,9.0,4.0,-33.845133476039244,151.21527515749227,2.6826884216869997,4.0,4.0,kW,1.0,1
88be0e35edfffff,0.0,0.0,7.0,0.0,0.0,1.0,0.0,6.0,0.0,0.0,0.0,37608.20247169759,52453.18556701031,10.0,14.0,0.0,0.0,5.0,3.0,0.0,-33.83896669595216,151.23274048348347,3.956738950822396,0.0,0.0,nothing,0.0,0
88be0e3601fffff,0.0,0.0,3.0,0.0,5.0,0.0,0.0,21.0,0.0,0.0,0.0,248085.47256638756,0.0,16.0,0.0,0.0,1.0,11.0,0.0,0.0,-33.96025244002417,151.2534741187463,10.93564790035043,0.0,0.0,nothing,0.0,0
88be0e3603fffff,0.0,1.0,1.0,0.0,0.0,0.0,0.0,6.0,0.0,1.0,0.0,70858.8091223148,0.0,29.0,9.0,0.0,0.0,5.0,1.0,0.0,-33.95914667704928,151.24258629000775,10.4834443649209,0.0,0.0,nothing,0.0,0
88be0e3605fffff,1.0,0.0,0.0,0.0,2.0,0.0,0.0,0.0,0.0,0.0,0.0,75595.72614139163,0.0,0.0,0.0,0.0,0.0,4.0,0.0,0.0,-33.95297693537735,151.26007388580345,10.451216835493852,0.0,0.0,nothing,0.0,0
88be0e3607fffff,0.0,0.0,1.0,1.0,0.0,0.0,0.0,6.0,0.0,0.0,0.0,568788.8215437122,0.0,56.0,19.0,0.0,1.0,5.0,2.0,0.0,-33.9518717997251,151.24918682460682,9.925331427691996,0.0,0.0,nothing,0.0,0
88be0e3609fffff,0.0,0.0,1.0,0.0,0.0,0.0,0.0,2.0,0.0,0.0,0.0,295708.62510810257,0.0,3.0,4.0,0.0,2.0,2.0,0.0,0.0,-33.96863299537712,151.25776229027633,11.9460108577658,0.0,0.0,nothing,0.0,0
88be0e360bfffff,0.0,0.0,0.0,0.0,0.0,0.0,0.0,4.0,0.0,0.0,0.0,983970.6499457656,0.0,37.0,12.0,0.0,0.0,3.0,0.0,0.0,-33.96752754864138,151.24687326245927,11.48893364533999,0.0,0.0,nothing,0.0,0
88be0e360dfffff,0.0,0.0,0.0,0.0,0.0,0.0,0.0,1.0,0.0,0.0,0.0,0.0,0.0,0.0,0.0,0.0,0.0,0.0,0.0,0.0,-33.96135725937899,151.26436237866258,11.459926457497843,0.0,0.0,nothing,0.0,0
88be0e3611fffff,0.0,0.0,0.0,0.0,0.0,1.0,0.0,11.0,0.0,0.0,0.0,873041.9550897015,5190922.111111111,23.0,3.0,4618.075801749271,0.0,1.0,0.0,0.0,-33.965313823876805,151.22509650274733,10.80460217915005,0.0,0.0,nothing,0.0,0
88be0e3613fffff,0.0,0.0,0.0,0.0,0.0,0.0,0.0,8.0,0.0,0.0,0.0,715548.7801564723,5278595.761396011,15.0,3.0,0.0,1.0,0.0,0.0,0.0,-33.96420554616761,151.21420877237384,10.59219849647662,0.0,0.0,nothing,0.0,0
88be0e3615fffff,0.0,0.0,1.0,1.0,0.0,1.0,0.0,6.0,0.0,0.0,0.0,259835.4211512754,1395221.6666666667,48.0,14.0,4618.075801749271,1.0,5.0,1.0,0.0,-33.95803997061386,151.23169889320752,10.112984817792563,1.0,2.0,22 kW,22.0,1
88be0e3617fffff,0.0,0.0,0.0,0.0,0.0,0.0,0.0,6.0,0.0,0.0,0.0,181234.36740999587,4877849.985754985,13.0,8.0,2309.0379008746354,2.0,0.0,0.0,0.0,-33.95693232087767,151.22081192910613,9.833507937828823,0.0,0.0,nothing,0.0,0
88be0e3619fffff,0.0,0.0,1.0,0.0,0.0,0.0,0.0,4.0,0.0,0.0,0.0,245144.89581834624,452984.72222222225,19.0,6.0,2309.0379008746354,0.0,2.0,0.0,0.0,-33.973695242323934,151.22938195357742,11.782337746002204,0.0,0.0,nothing,0.0,0
88be0e361bfffff,0.0,0.0,0.0,0.0,0.0,0.0,0.0,7.0,0.0,0.0,0.0,0.0,2313465.5,1.0,3.0,0.0,0.0,0.0,0.0,0.0,-33.972587280081214,151.21849302333132,11.543527475098887,0.0,0.0,nothing,0.0,0
88be0e361dfffff,0.0,0.0,0.0,0.0,0.0,0.0,0.0,1.0,0.0,0.0,0.0,11371.51238813358,174850.6666666667,49.0,16.0,5387.755102040816,0.0,0.0,0.0,0.0,-33.96642115808804,151.23598466636267,11.10584120640935,0.0,0.0,nothing,0.0,0
88be0e3621fffff,0.0,0.0,0.0,0.0,0.0,0.0,0.0,4.0,0.0,0.0,0.0,1285.3710440525178,0.0,18.0,10.0,0.0,0.0,10.0,1.0,0.0,-33.93732085829029,151.26238462704433,9.048294030979916,1.0,1.0,22 kW,22.0,1
88be0e3623fffff,0.0,0.0,1.0,0.0,0.0,0.0,1.0,4.0,0.0,0.0,0.0,0.0,0.0,34.0,11.0,0.0,0.0,3.0,0.0,0.0,-33.93621603364781,151.25149953179377,8.435144414533754,0.0,0.0,nothing,0.0,0
88be0e3627fffff,0.0,0.0,3.0,1.0,1.0,1.0,0.0,27.0,0.0,1.0,0.0,74376.95918782137,0.0,40.0,13.0,0.0,0.0,27.0,0.0,0.0,-33.928940597324825,151.25809756737178,8.054286266486912,0.0,0.0,nothing,0.0,0
88be0e3629fffff,0.0,0.0,2.0,0.0,0.0,0.0,0.0,0.0,0.0,0.0,0.0,98068.14163869586,0.0,5.0,1.0,0.0,1.0,14.0,0.0,0.0,-33.94570103521841,151.2666725637251,10.04560806279206,0.0,0.0,nothing,0.0,0
88be0e362bfffff,2.0,0.0,19.0,1.0,2.0,3.0,0.0,24.0,0.0,2.0,0.0,538106.4476324733,0.0,56.0,14.0,0.0,1.0,19.0,2.0,0.0,-33.94459652663294,151.25578627025425,9.442909176640654,0.0,0.0,nothing,0.0,0
88be0e3631fffff,2.0,0.0,4.0,0.0,0.0,1.0,0.0,23.0,0.0,2.0,0.0,400230.6793247912,0.0,59.0,19.0,1924.198250728863,3.0,7.0,1.0,1.0,-33.942384680424865,151.23401497663238,8.476095806447487,0.0,0.0,nothing,0.0,0
88be0e3633fffff,2.0,0.0,2.0,0.0,0.0,1.0,2.0,19.0,0.0,0.0,0.0,104877.36342721892,847358.8125,47.0,17.0,0.0,8.0,1.0,0.0,1.0,-33.94127734312137,151.2231299780018,8.140356519254002,7.0,7.0,"22 kW, kW",11.5,1
88be0e3635fffff,0.0,0.0,2.0,1.0,0.0,0.0,1.0,8.0,0.0,0.0,0.0,467871.2717509829,0.0,81.0,16.0,384.8396501457726,0.0,0.0,1.0,0.0,-33.93511026629673,151.2406148676143,7.904895531691169,0.0,0.0,nothing,0.0,0
88be0e3637fffff,0.0,0.0,0.0,0.0,0.0,0.0,0.0,4.0,0.0,0.0,0.0,197753.10701607523,0.0,35.0,9.0,1924.198250728863,0.0,0.0,0.0,0.0,-33.934003556396554,151.229730635266,7.475204087071718,0.0,0.0,nothing,0.0,0
88be0e3639fffff,0.0,0.0,1.0,0.0,0.0,0.0,0.0,3.0,0.0,0.0,0.0,613294.5190225121,0.0,54.0,16.0,1539.3586005830905,0.0,1.0,0.0,0.0,-33.95076572080977,151.23830019480587,9.479037843486154,1.0,2.0,7 kW,7.0,1
88be0e363bfffff,0.0,0.0,2.0,1.0,0.0,1.0,0.0,13.0,0.0,1.0,0.0,1205548.367892702,24978.666666666668,63.0,7.0,0.0,2.0,1.0,2.0,1.0,-33.94965869879098,151.227413997161,9.12401840533632,1.0,1.0,22 kW,22.0,1
88be0e363dfffff,0.0,1.0,8.0,1.0,0.0,0.0,0.0,10.0,0.0,1.0,0.0,177895.79304470465,0.0,69.0,25.0,0.0,1.0,0.0,1.0,1.0,-33.94349107498195,151.24490040763655,8.915074212901281,0.0,0.0,nothing,0.0,0
88be0e3647fffff,0.0,0.0,0.0,0.0,0.0,0.0,0.0,2.0,0.0,0.0,0.0,0.0,0.0,0.0,0.0,0.0,0.0,0.0,0.0,0.0,-33.9697374981358,151.26865174905288,12.468942648003944,0.0,0.0,nothing,0.0,0
88be0e3651fffff,0.0,0.0,1.0,0.0,0.0,0.0,0.0,5.0,0.0,0.0,0.0,543876.2224005006,0.0,28.0,6.0,0.0,13.0,2.0,0.0,0.0,-33.983183277982135,151.24455884488447,13.09969119267853,0.0,0.0,nothing,0.0,0
88be0e3653fffff,0.0,0.0,3.0,0.0,1.0,0.0,0.0,2.0,0.0,0.0,0.0,61509.38856841062,0.0,17.0,4.0,3078.717201166181,2.0,13.0,0.0,0.0,-33.98207657571703,151.23366828181778,12.765190783195305,0.0,0.0,nothing,0.0,0
88be0e3655fffff,1.0,0.0,1.0,0.0,1.0,0.0,0.0,10.0,0.0,0.0,0.0,21772.0137790176,0.0,9.0,12.0,0.0,8.0,14.0,0.0,0.0,-33.975908335084014,151.2511611123818,12.495246453620783,0.0,0.0,nothing,0.0,0
88be0e3657fffff,0.0,0.0,0.0,0.0,0.0,0.0,0.0,9.0,0.0,0.0,0.0,188073.2064743745,0.0,31.0,22.0,1924.198250728863,2.0,4.0,0.0,0.0,-33.974802260711485,151.24027131684787,12.101632403591925,0.0,0.0,nothing,0.0,0
88be0e3659fffff,0.0,0.0,0.0,0.0,0.0,1.0,0.0,2.0,0.0,0.0,0.0,12458.75335867202,0.0,0.0,0.0,0.0,1.0,0.0,1.0,0.0,-33.9915642093979,151.24884725069398,14.099537923534545,0.0,0.0,nothing,0.0,0
88be0e365bfffff,0.0,0.0,2.0,0.0,0.0,0.0,0.0,19.0,0.0,0.0,0.0,46002.75281028798,0.0,5.0,1.0,769.6793002915452,1.0,16.0,0.0,0.0,-33.99045782355402,151.23795548768996,13.752066047896342,0.0,0.0,nothing,0.0,0
88be0e365dfffff,0.0,0.0,0.0,0.0,0.0,0.0,0.0,0.0,0.0,0.0,0.0,122161.5700877568,0.0,0.0,0.0,0.0,0.0,0.0,0.0,0.0,-33.984289035875086,151.25544983999671,13.502200637899003,0.0,0.0,nothing,0.0,0
88be0e3681fffff,0.0,0.0,0.0,0.0,0.0,0.0,0.0,0.0,0.0,0.0,0.0,0.0,10244888.857142858,0.0,0.0,0.0,0.0,0.0,0.0,0.0,-33.95249229212881,151.1772684148924,9.744405023083402,0.0,0.0,nothing,0.0,0
88be0e3683fffff,0.0,0.0,8.0,0.0,1.0,0.0,0.0,13.0,0.0,0.0,0.0,218115.76498214353,13007888.32922603,16.0,7.0,2309.0379008746354,1.0,2.0,1.0,0.0,-33.95137992829349,151.16638362568617,9.982752890526951,0.0,0.0,nothing,0.0,0
88be0e3685fffff,0.0,0.0,0.0,0.0,0.0,0.0,0.0,7.0,0.0,0.0,0.0,28427639.258478865,8304318.240145503,4.0,0.0,1924.198250728863,0.0,7.0,0.0,0.0,-33.945221182881234,151.18387354334337,8.79682905959774,0.0,0.0,nothing,0.0,0
88be0e3687fffff,0.0,0.0,0.0,0.0,0.0,0.0,0.0,2.0,0.0,0.0,0.0,227730.24609602132,16193534.0,3.0,0.0,1924.198250728863,1.0,0.0,0.0,0.0,-33.94410944774725,151.17298951787816,9.003136172957444,0.0,0.0,nothing,0.0,0
88be0e3689fffff,0.0,0.0,0.0,0.0,0.0,0.0,0.0,2.0,0.0,0.0,0.0,0.0,0.0,0.0,0.0,0.0,0.0,0.0,0.0,0.0,-33.96087505365512,151.1815481883076,10.530558378143418,0.0,0.0,nothing,0.0,0
88be0e368bfffff,0.0,0.0,0.0,0.0,0.0,0.0,0.0,0.0,0.0,0.0,0.0,0.0,2087797.9702220513,0.0,0.0,0.0,0.0,0.0,0.0,0.0,-33.959763003558116,151.17066219850375,10.703696753948712,0.0,0.0,nothing,0.0,0
88be0e368dfffff,1.0,0.0,0.0,0.0,0.0,2.0,0.0,6.0,0.0,0.0,0.0,0.0,21741.75,0.0,0.0,0.0,0.0,3.0,0.0,0.0,-33.953603713465704,151.1881536405972,9.607634024232167,0.0,0.0,nothing,0.0,0
88be0e3691fffff,0.0,1.0,3.0,1.0,0.0,0.0,0.0,5.0,0.0,0.0,0.0,844646.8644184734,5016386.0516538555,31.0,8.0,4618.075801749271,1.0,2.0,1.0,0.0,-33.95753607544108,151.14889153078158,11.317562920466775,0.0,0.0,nothing,0.0,0
88be0e3693fffff,1.0,0.0,12.0,4.0,0.0,1.0,0.0,40.0,0.0,2.0,0.0,7743892.09878068,4024099.882439307,98.0,17.0,0.0,6.0,8.0,4.0,0.0,-33.95642119774395,151.13800685438207,11.744304840700426,2.0,2.0,22 kW,22.0,1
88be0e3695fffff,2.0,0.0,4.0,0.0,0.0,0.0,0.0,3.0,0.0,0.0,0.0,469901.32665392646,7580145.606679882,26.0,10.0,1154.5189504373177,0.0,6.0,0.0,0.0,-33.950266622120914,151.15549927373775,10.315634831369728,1.0,1.0,kW,1.0,1
88be0e3697fffff,0.0,1.0,2.0,0.0,1.0,0.0,1.0,15.0,0.0,1.0,0.0,300011.82665126666,4428685.917649916,57.0,10.0,2309.0379008746354,3.0,12.0,1.0,0.0,-33.949152373772485,151.1446153598065,10.734255508265182,1.0,1.0,22 kW,22.0,1
88be0e3699fffff,2.0,0.0,15.0,0.0,2.0,0.0,0.0,12.0,0.0,1.0,0.0,180323.54723450827,5545256.707197764,47.0,9.0,1539.3586005830905,1.0,7.0,0.0,0.0,-33.965919694648655,151.1531685779525,11.957942723685267,0.0,0.0,nothing,0.0,0
88be0e369bfffff,0.0,0.0,1.0,0.0,1.0,0.0,0.0,7.0,0.0,0.0,0.0,632778.3921616809,7058889.097685185,41.0,0.0,3848.396501457726,0.0,5.0,0.0,0.0,-33.96480512991575,151.1422827001661,12.321058970140136,0.0,0.0,nothing,0.0,0
88be0e369dfffff,1.0,0.0,21.0,1.0,1.0,0.0,1.0,10.0,0.0,0.0,0.0,22404.48753080046,7938215.767295598,39.0,13.0,384.8396501457726,1.0,5.0,4.0,0.0,-33.95865001076631,151.1597766457419,10.968166530752542,1.0,1.0,22 kW,22.0,1
88be0e36a1fffff,1.0,0.0,10.0,0.0,0.0,0.0,0.0,29.0,0.0,0.0,0.0,4344611.994282023,4820295.569554617,92.0,9.0,6542.274052478134,25.0,8.0,0.0,0.0,-33.92956729450299,151.18619803937773,7.07093211135427,12.0,14.0,"22 kW, kW",11.5,1
88be0e36a3fffff,1.0,0.0,17.0,1.0,0.0,0.0,0.0,34.0,0.0,0.0,0.0,2234435.3552158144,2576984.2192997904,15.0,1.0,0.0,5.0,9.0,3.0,0.0,-33.92845587425797,151.17531597757863,7.325711473287285,0.0,0.0,nothing,0.0,0
88be0e36a5fffff,5.0,0.0,25.0,1.0,0.0,1.0,1.0,34.0,0.0,4.0,0.0,896523.2122769821,4336753.716911251,72.0,25.0,1924.198250728863,4.0,31.0,2.0,1.0,-33.92229562283924,151.19280066887154,6.126879901749618,3.0,3.0,22 kW,22.0,1
88be0e36a7fffff,9.0,0.0,11.0,1.0,0.0,0.0,0.0,26.0,1.0,1.0,0.0,2260945.1230899515,3807432.676683937,68.0,9.0,8081.632653061224,6.0,22.0,1.0,0.0,-33.92118483072643,151.18191937082608,6.3385234643498904,4.0,4.0,"11 kW, 7 kW",9.0,1
88be0e36a9fffff,0.0,0.0,0.0,0.0,0.0,0.0,0.0,7.0,0.0,0.0,0.0,19214581.52745527,6512440.058300265,15.0,2.0,8466.472303206998,1.0,0.0,0.0,0.0,-33.937949676332536,151.19047758394987,7.8652064445867955,2.0,2.0,kW,1.0,1
88be0e36abfffff,2.0,0.0,31.0,0.0,0.0,4.0,0.0,38.0,0.0,1.0,0.0,671399.2395409757,5918472.028292706,24.0,8.0,0.0,14.0,30.0,15.0,0.0,-33.936838569644706,151.179594322411,8.031439830156929,0.0,0.0,nothing,0.0,0
88be0e36adfffff,2.0,0.0,7.0,1.0,1.0,1.0,1.0,21.0,0.0,0.0,0.0,335087.75545723544,6461525.697108056,83.0,16.0,0.0,3.0,9.0,2.0,0.0,-33.930677772999914,151.19708053680515,6.955952346294475,1.0,1.0,kW,1.0,1
88be0e36b1fffff,0.0,0.0,5.0,0.0,1.0,0.0,0.0,32.0,0.0,0.0,0.0,1388718.225372027,7015445.874519087,47.0,4.0,0.0,3.0,11.0,0.0,0.0,-33.93461353059636,151.15782910860614,8.715182479613066,0.0,0.0,nothing,0.0,0
88be0e36b3fffff,5.0,1.0,12.0,4.0,0.0,1.0,1.0,45.0,0.0,4.0,0.0,196180.9435718431,6282636.439702507,50.0,9.0,3078.717201166181,2.0,25.0,3.0,0.0,-33.93349959855821,151.14694715785797,9.20663111926616,2.0,2.0,22 kW,22.0,1
88be0e36b5fffff,1.0,0.0,3.0,0.0,0.0,15.0,0.0,26.0,0.0,0.0,0.0,2251708.147063562,6156419.049788892,35.0,6.0,0.0,3.0,1.0,0.0,15.0,-33.92734351242574,151.16443435216675,7.706431640106269,4.0,4.0,22 kW,22.0,1
88be0e36b7fffff,6.0,0.0,24.0,1.0,1.0,3.0,0.0,48.0,0.0,2.0,0.0,706275.7770575933,7516776.762553023,30.0,7.0,3078.717201166181,3.0,43.0,4.0,0.0,-33.92623020916746,151.15355316390082,8.195554477458932,1.0,1.0,22 kW,22.0,1
88be0e36b9fffff,0.0,0.0,3.0,0.0,0.0,0.0,0.0,0.0,0.0,0.0,0.0,725459.225815817,9147794.833230298,3.0,0.0,384.8396501457726,0.0,1.0,0.0,0.0,-33.9429967704723,151.16210592912745,9.315782360255154,0.0,0.0,nothing,0.0,0
88be0e36bbfffff,0.0,0.0,1.0,0.0,0.0,0.0,0.0,9.0,0.0,1.0,0.0,0.0,5484912.74641291,59.0,6.0,0.0,0.0,1.0,0.0,0.0,-33.9418831512176,151.1512227778503,9.724512007046757,0.0,0.0,nothing,0.0,0
88be0e36bdfffff,5.0,0.0,45.0,2.0,1.0,3.0,0.0,64.0,0.0,9.0,0.0,2810996.934740366,6320763.255934513,22.0,13.0,0.0,23.0,37.0,11.0,2.0,-33.93572652101229,151.16871149704343,8.31875587852877,0.0,0.0,nothing,0.0,0
88be0e36c1fffff,0.0,0.0,0.0,0.0,0.0,0.0,0.0,0.0,0.0,0.0,0.0,0.0,256459.73076923075,0.0,0.0,0.0,0.0,0.0,0.0,0.0,-33.97036852467096,151.19671646495485,11.326008790979284,0.0,0.0,nothing,0.0,0
88be0e36c3fffff,0.0,0.0,0.0,0.0,0.0,0.0,0.0,1.0,0.0,0.0,0.0,0.0,0.0,0.0,0.0,0.0,0.0,0.0,0.0,0.0,-33.96925773182431,151.1858288383453,11.352277635680467,0.0,0.0,nothing,0.0,0
88be0e36c5fffff,0.0,0.0,0.0,0.0,0.0,0.0,0.0,19.0,0.0,0.0,0.0,728950.5430839637,3883702.2115384615,7.0,0.0,0.0,0.0,0.0,0.0,0.0,-33.963096325120624,151.2033214760026,10.474031952664294,0.0,0.0,nothing,0.0,0
88be0e36c7fffff,0.0,0.0,0.0,0.0,0.0,0.0,0.0,0.0,0.0,0.0,0.0,0.0,1471855.846153846,0.0,0.0,0.0,0.0,0.0,0.0,0.0,-33.96198616089625,151.19243461439385,10.453294750159634,0.0,0.0,nothing,0.0,0
88be0e36cdfffff,0.0,0.0,0.0,0.0,0.0,0.0,0.0,5.0,0.0,0.0,0.0,0.0,308257.47008547006,0.0,0.0,0.0,0.0,0.0,0.0,0.0,-33.971478374143445,151.20760452687028,11.3902613089449,0.0,0.0,nothing,0.0,0
88be0e36d3fffff,0.0,0.0,0.0,0.0,0.0,0.0,0.0,0.0,0.0,0.0,0.0,0.0,5926389.0,0.0,0.0,0.0,0.0,0.0,0.0,0.0,-33.974303230893376,151.15744650154093,12.64673031885346,0.0,0.0,nothing,0.0,0
88be0e36d7fffff,0.0,0.0,0.0,0.0,0.0,0.0,0.0,0.0,0.0,0.0,0.0,0.0,1343747.0062893082,0.0,0.0,0.0,0.0,0.0,0.0,0.0,-33.96703331665201,151.16405489408427,11.671814531825678,0.0,0.0,nothing,0.0,0
88be0e36dbfffff,0.0,0.0,0.0,0.0,0.0,0.0,0.0,0.0,0.0,0.0,0.0,0.0,315024.0,0.0,0.0,0.0,0.0,0.0,0.0,0.0,-33.982686683673386,151.1617253017685,13.376451922772253,0.0,0.0,nothing,0.0,0
88be0e36e1fffff,0.0,0.0,1.0,0.0,0.0,0.0,0.0,3.0,0.0,0.0,0.0,98591.74460020704,2941877.999166921,26.0,8.0,1924.198250728863,3.0,5.0,0.0,0.0,-33.947441826082525,151.20564290138003,8.729563199560294,1.0,1.0,22 kW,22.0,1
88be0e36e3fffff,3.0,0.0,3.0,2.0,0.0,1.0,0.0,12.0,0.0,0.0,0.0,54401.237873548045,4679501.974305556,27.0,8.0,1924.198250728863,1.0,2.0,2.0,0.0,-33.94633197571324,151.19475800476383,8.704430485077296,0.0,0.0,nothing,0.0,0
88be0e36e5fffff,0.0,0.0,0.0,0.0,0.0,0.0,0.0,4.0,0.0,0.0,0.0,0.0,7499207.229166667,27.0,11.0,0.0,1.0,3.0,0.0,0.0,-33.94016906323136,151.21224541250473,7.920989526399669,0.0,0.0,nothing,0.0,0
88be0e36e7fffff,0.0,0.0,2.0,0.0,0.0,0.0,0.0,9.0,0.0,0.0,0.0,470261.14859631186,7721269.527852773,17.0,8.0,1924.198250728863,1.0,1.0,0.0,0.0,-33.93905984091496,151.20136128090093,7.827779160944188,0.0,0.0,nothing,0.0,0
88be0e36e9fffff,0.0,0.0,1.0,0.0,0.0,0.0,0.0,1.0,0.0,0.0,0.0,173829.6421934664,3866108.681623931,6.0,6.0,2693.877551020408,1.0,1.0,0.0,0.0,-33.95582372800072,151.2099253984639,9.652915077881678,0.0,0.0,nothing,0.0,0
88be0e36ebfffff,2.0,0.0,3.0,0.0,0.0,1.0,0.0,8.0,0.0,0.0,1.0,2296010.6061214986,3534684.115384615,14.0,6.0,0.0,3.0,9.0,0.0,0.0,-33.95471419214324,151.19903930204094,9.576797447895224,0.0,0.0,nothing,0.0,0
88be0e36edfffff,0.0,0.0,1.0,0.0,0.0,0.0,0.0,0.0,0.0,0.0,0.0,0.0,242102.51785714287,1.0,0.0,0.0,0.0,0.0,0.0,0.0,-33.94855073382853,151.21652823243235,8.871233220772485,0.0,0.0,nothing,0.0,0
88be0e3711fffff,3.0,0.0,8.0,0.0,5.0,1.0,0.0,6.0,0.0,0.0,0.0,581592.7786994855,0.0,10.0,6.0,0.0,0.0,35.0,1.0,0.0,-33.91438854178216,151.27129037316791,7.645366848739294,0.0,0.0,nothing,0.0,0
88be0e3713fffff,0.0,0.0,7.0,0.0,0.0,0.0,0.0,8.0,0.0,1.0,1.0,101608.69191240011,0.0,39.0,19.0,0.0,0.0,6.0,0.0,0.0,-33.91328465451428,151.260408010565,6.833542207964787,0.0,0.0,nothing,0.0,0
88be0e3717fffff,2.0,0.0,15.0,2.0,2.0,1.0,0.0,15.0,0.0,0.0,0.0,0.0,0.0,13.0,15.0,0.0,1.0,37.0,4.0,0.0,-33.90600866251224,151.26700354853108,6.747407377436018,1.0,2.0,22 kW,22.0,1
88be0e371bfffff,0.0,0.0,1.0,0.0,1.0,1.0,0.0,2.0,0.0,0.0,0.0,0.0,0.0,0.0,0.0,0.0,0.0,9.0,0.0,0.0,-33.92166476653044,151.26469451446502,7.787051773375956,0.0,0.0,nothing,0.0,0
88be0e3731fffff,15.0,0.0,35.0,2.0,6.0,3.0,0.0,30.0,0.0,3.0,0.0,2647813.468905271,0.0,61.0,8.0,0.0,12.0,88.0,5.0,0.0,-33.89145549950121,151.2801913605037,7.0234206963392785,3.0,4.0,22 kW,22.0,1
88be0e3733fffff,7.0,1.0,103.0,11.0,1.0,5.0,1.0,91.0,0.0,3.0,0.0,149020.5141116887,1261469.0,93.0,15.0,1539.3586005830905,12.0,146.0,7.0,0.0,-33.8903525486501,151.26931172970785,6.044794106133836,5.0,6.0,"22 kW, 7 kW",14.5,1
88be0e3735fffff,0.0,0.0,1.0,0.0,0.0,0.0,0.0,8.0,0.0,0.0,0.0,21528.573922416737,0.0,17.0,14.0,0.0,0.0,4.0,0.0,0.0,-33.884178329527245,151.28678363469933,7.368800317449376,1.0,1.0,22 kW,22.0,1
88be0e3737fffff,6.0,2.0,21.0,3.0,0.0,3.0,0.0,35.0,0.0,1.0,0.0,2235.7694983960473,0.0,154.0,10.0,784.198250728863,4.0,34.0,4.0,0.0,-33.88307600428871,151.27590477147032,6.362401315447556,3.0,3.0,"22 kW, 7 kW",14.5,1
88be0e373bfffff,2.0,0.0,11.0,0.0,1.0,2.0,0.0,40.0,0.0,0.0,0.0,3262.5663813842502,0.0,21.0,12.0,0.0,0.0,48.0,2.0,1.0,-33.89873227733539,151.27359799847915,6.812088039414226,0.0,0.0,nothing,0.0,0
88be0eacb3fffff,0.0,0.0,0.0,0.0,0.0,0.0,0.0,1.0,0.0,0.0,0.0,0.0,0.0,0.0,0.0,0.0,0.0,0.0,0.0,0.0,-33.99994505445666,151.2531365344979,15.100819202351763,0.0,0.0,nothing,0.0,0
