h3_index,latitude,longitude,bike_amenities,car_amenities,children_amenity,food_amenities,health_amenity,home_amenities,infrastructure_amenities,leisure_amenities,needs_amenities,other_amenities,pet_amenity,public_transport,shops_amenities,social_amenities,study_amenity,water_amenities,work_amenity,parking_area,traffic_count,number_stations,number_plugs,charger_rating,highway,voltage,has_charging_station,distance_to_center
88be080349fffff,-34.075204323964456,150.52823755951883,0.0,0.0,0.0,0.0,0.0,0.0,0.0,0.0,0.0,0.0,0.0,1.0,0.0,0.0,0.0,0.0,0.0,0.0,0.0,0.0,0.0,nothing,0.0,0.0,0,67.73667926898887
88be080967fffff,-33.81664922298,150.56309127448566,0.0,0.0,0.0,0.0,0.0,0.0,0.0,0.0,0.0,1.0,0.0,0.0,0.0,0.0,0.0,0.0,0.0,0.0,0.0,0.0,0.0,nothing,0.0,0.0,0,60.70801362645321
88be080969fffff,-33.833448121422286,150.5715082240769,0.0,0.0,0.0,0.0,0.0,0.0,0.0,0.0,0.0,1.0,0.0,0.0,0.0,0.0,0.0,0.0,0.0,0.0,0.0,0.0,0.0,nothing,0.0,0.0,0,59.78808700795438
88be08096bfffff,-33.83228398698166,150.56065612850355,0.0,0.0,0.0,0.0,0.0,0.0,0.0,0.0,0.0,1.0,0.0,0.0,0.0,0.0,0.0,0.0,0.0,0.0,0.0,0.0,0.0,nothing,0.0,0.0,0,60.798713505261475
88be080a01fffff,-33.939390865019114,150.5218550107709,0.0,0.0,0.0,0.0,0.0,0.0,0.0,0.0,0.0,0.0,0.0,0.0,0.0,0.0,0.0,0.0,0.0,0.0,0.0,0.0,0.0,nothing,0.0,330000.0,0,64.76759197445753
88be080a09fffff,-33.94779222886754,150.52606481248625,0.0,0.0,0.0,0.0,0.0,0.0,0.0,0.0,0.0,0.0,0.0,0.0,0.0,0.0,0.0,0.0,0.0,0.0,0.0,2.0,0.0,nothing,0.0,330000.0,1,64.50426813190631
88be080a41fffff,-33.95736136563724,150.54114266030058,0.0,0.0,0.0,0.0,0.0,0.0,0.0,0.0,0.0,0.0,0.0,0.0,0.0,0.0,0.0,0.0,0.0,0.0,0.0,3.0,0.0,nothing,0.0,330000.0,1,63.28384742225082
88be080a43fffff,-33.95619352466339,150.53027548310138,0.0,0.0,0.0,0.0,0.0,0.0,0.0,0.0,0.0,0.0,0.0,0.0,0.0,0.0,0.0,0.0,0.0,0.0,0.0,1.0,0.0,nothing,0.0,330000.0,1,64.2557362713112
88be080a4dfffff,-33.9585282712892,150.5520103189247,0.0,0.0,0.0,0.0,0.0,0.0,0.0,0.0,0.0,1.0,0.0,0.0,0.0,0.0,0.0,0.0,0.0,0.0,0.0,2.0,0.0,nothing,0.0,330000.0,1,62.31324480171155
88be080b11fffff,-33.89365641889501,150.5400471869282,0.0,0.0,0.0,0.0,0.0,0.0,0.0,0.0,0.0,1.0,0.0,0.0,0.0,0.0,0.0,0.0,0.0,0.0,0.0,0.0,0.0,nothing,0.0,0.0,0,62.65514923124415
88be080b49fffff,-33.91511539730316,150.59191709237498,0.0,0.0,0.0,0.0,0.0,0.0,0.0,0.0,0.0,1.0,0.0,0.0,0.0,0.0,0.0,0.0,0.0,0.0,0.0,0.0,0.0,nothing,0.0,0.0,0,58.03502462686124
88be080b61fffff,-33.88384327593529,150.59677988975793,0.0,0.0,0.0,2.0,0.0,0.0,0.0,0.0,0.0,14.0,0.0,0.0,0.0,0.0,0.0,0.0,0.0,5075.083502955786,0.0,3.0,0.0,nothing,5.0,132000.0,1,57.367329922255244
88be080b65fffff,-33.876605982401095,150.60342440262073,0.0,0.0,0.0,0.0,0.0,0.0,0.0,0.0,0.0,1.0,0.0,0.0,0.0,0.0,0.0,0.0,0.0,0.0,0.0,0.0,0.0,nothing,0.0,0.0,0,56.73158940841493
88be080b69fffff,-33.89224223840147,150.60099487217462,0.0,0.0,0.0,3.0,0.0,0.0,1.0,0.0,1.0,24.0,0.0,1.0,0.0,1.0,0.0,0.0,0.0,21044.085245937844,0.0,0.0,0.0,nothing,14.0,0.0,0,57.01649379532351
88be080b6dfffff,-33.88500471693487,150.60763972776354,0.0,0.0,0.0,0.0,0.0,0.0,0.0,0.0,0.0,1.0,0.0,8.0,0.0,1.0,0.0,0.0,0.0,4598.407954947155,0.0,2.0,0.0,nothing,3.0,132000.0,1,56.367778491216946
88be081003fffff,-34.16528693013519,150.552885376249,0.0,0.0,0.0,0.0,0.0,0.0,0.0,0.0,0.0,0.0,0.0,0.0,0.0,0.0,0.0,0.0,0.0,0.0,0.0,3.0,0.0,nothing,0.0,330000.0,1,69.75244408457705
88be081007fffff,-34.1580531260233,150.55955554658476,0.0,0.0,0.0,0.0,0.0,0.0,0.0,0.0,0.0,0.0,0.0,0.0,0.0,0.0,0.0,0.0,0.0,0.0,0.0,2.0,0.0,nothing,0.0,330000.0,1,68.83149661431177
88be08100dfffff,-34.16762128236468,150.57467580847754,0.0,0.0,0.0,0.0,0.0,0.0,0.0,0.0,0.0,1.0,0.0,0.0,0.0,0.0,0.0,0.0,0.0,0.0,0.0,0.0,0.0,nothing,0.0,0.0,0,68.11719850122925
88be081013fffff,-34.1701808948915,150.5244241479958,0.0,0.0,0.0,0.0,0.0,0.0,0.0,0.0,0.0,0.0,0.0,1.0,0.0,0.0,0.0,0.0,0.0,0.0,0.0,0.0,0.0,nothing,0.0,0.0,0,72.32411838245555
88be081019fffff,-34.179753262964624,150.53954178319236,0.0,0.0,0.0,0.0,0.0,0.0,0.0,0.0,0.0,0.0,0.0,0.0,0.0,0.0,0.0,0.0,0.0,0.0,0.0,2.0,0.0,nothing,0.0,330000.0,1,71.60160810652643
88be08101dfffff,-34.17252030928706,150.54621412181265,0.0,0.0,0.0,0.0,0.0,0.0,0.0,0.0,0.0,0.0,0.0,0.0,0.0,0.0,0.0,0.0,0.0,0.0,0.0,2.0,0.0,nothing,0.0,330000.0,1,70.67584636532038
88be081023fffff,-34.14241758660507,150.56200035561295,0.0,0.0,0.0,0.0,0.0,0.0,0.0,0.0,0.0,0.0,0.0,0.0,0.0,0.0,0.0,0.0,0.0,0.0,0.0,2.0,0.0,nothing,0.0,330000.0,1,67.8333922138005
88be081027fffff,-34.13518315438578,150.56866801199183,0.0,0.0,0.0,0.0,0.0,0.0,0.0,0.0,0.0,0.0,0.0,0.0,0.0,0.0,0.0,0.0,0.0,0.0,0.0,2.0,0.0,nothing,0.0,330000.0,1,66.92416782015178
88be08102bfffff,-34.150818897465705,150.5662246329034,0.0,0.0,0.0,0.0,0.0,0.0,0.0,0.0,0.0,0.0,0.0,0.0,0.0,0.0,0.0,0.0,0.0,0.0,0.0,2.0,0.0,nothing,0.0,330000.0,1,67.91310421410545
88be08102dfffff,-34.144749960757366,150.58378539628956,0.0,0.0,0.0,0.0,0.0,0.0,0.0,0.0,0.0,1.0,0.0,0.0,0.0,0.0,0.0,0.0,0.0,0.0,0.0,0.0,0.0,nothing,0.0,0.0,0,66.1662813124032
88be081039fffff,-34.15688517952886,150.54866179181946,0.0,0.0,0.0,0.0,0.0,0.0,0.0,0.0,0.0,1.0,0.0,0.0,0.0,0.0,0.0,0.0,0.0,0.0,0.0,0.0,0.0,nothing,0.0,0.0,0,69.66023905719427
88be081049fffff,-34.19282426014274,150.5873591276982,0.0,0.0,0.0,0.0,0.0,0.0,0.0,0.0,0.0,0.0,0.0,0.0,0.0,0.0,0.0,0.0,0.0,1714.1492295765038,0.0,0.0,0.0,nothing,0.0,0.0,0,68.53395119960295
88be08104bfffff,-34.19165845472174,150.57646000945485,0.0,0.0,0.0,0.0,0.0,0.0,0.0,0.0,0.0,0.0,0.0,2.0,0.0,0.0,0.0,0.0,0.0,0.0,0.0,0.0,0.0,nothing,0.0,0.0,0,69.32194104630676
88be081053fffff,-34.188155372677805,150.54376554750584,0.0,0.0,0.0,0.0,0.0,0.0,0.0,0.0,0.0,0.0,0.0,0.0,0.0,0.0,0.0,0.0,0.0,0.0,0.0,1.0,0.0,nothing,0.0,330000.0,1,71.71972763777435
88be081059fffff,-34.19772574125699,150.55888907826738,0.0,0.0,0.0,0.0,0.0,0.0,0.0,0.0,0.0,0.0,0.0,1.0,0.0,0.0,0.0,0.0,0.0,0.0,0.0,0.0,0.0,nothing,0.0,0.0,0,71.05584732985851
88be081063fffff,-34.16038618994162,150.58134450265922,0.0,0.0,0.0,0.0,0.0,0.0,0.0,0.0,0.0,0.0,0.0,0.0,0.0,1.0,0.0,0.0,0.0,0.0,0.0,0.0,0.0,nothing,0.0,0.0,0,67.18911358858881
88be08106dfffff,-34.16271548060026,150.60313538241954,0.0,0.0,0.0,0.0,0.0,0.0,0.0,0.0,0.0,0.0,0.0,0.0,0.0,0.0,0.0,0.0,0.0,0.0,644.074074074074,0.0,0.0,nothing,0.0,0.0,0,65.56813091374528
88be081111fffff,-34.1207130210042,150.58200007413154,0.0,0.0,0.0,0.0,0.0,0.0,0.0,0.0,0.0,0.0,0.0,0.0,0.0,0.0,0.0,0.0,0.0,0.0,0.0,1.0,0.0,nothing,0.0,330000.0,1,65.11470542910162
88be081117fffff,-34.11231229407837,150.57777563281857,0.0,0.0,0.0,0.0,0.0,0.0,0.0,0.0,0.0,0.0,0.0,0.0,0.0,0.0,0.0,0.0,0.0,0.0,0.0,2.0,0.0,nothing,0.0,330000.0,1,65.07069711929589
88be08111bfffff,-34.12794829901403,150.57533458480347,0.0,0.0,0.0,0.0,0.0,0.0,0.0,0.0,0.0,0.0,0.0,0.0,0.0,0.0,0.0,0.0,0.0,0.0,0.0,2.0,0.0,nothing,0.0,330000.0,1,66.01789764203838
88be081121fffff,-34.09292985068812,150.61953830888456,0.0,0.0,0.0,0.0,0.0,0.0,0.0,0.0,0.0,0.0,0.0,1.0,0.0,0.0,0.0,0.0,0.0,0.0,0.0,0.0,0.0,nothing,0.0,0.0,0,60.671856425074864
88be081131fffff,-34.097840914996354,150.59110267118,0.0,0.0,0.0,0.0,0.0,0.0,0.0,0.0,0.0,0.0,0.0,0.0,0.0,0.0,0.0,0.0,0.0,0.0,0.0,2.0,0.0,nothing,0.0,330000.0,1,63.28889549768542
88be081135fffff,-34.09060459395263,150.597764565894,0.0,0.0,0.0,0.0,0.0,0.0,0.0,0.0,0.0,0.0,0.0,0.0,0.0,0.0,0.0,0.0,0.0,0.0,0.0,2.0,0.0,nothing,0.0,330000.0,1,62.40347790187034
88be08113bfffff,-34.10507681520975,150.58443969351615,0.0,0.0,0.0,0.0,0.0,0.0,0.0,0.0,0.0,0.0,0.0,0.0,0.0,0.0,0.0,0.0,0.0,0.0,0.0,2.0,0.0,nothing,0.0,330000.0,1,64.17801934145851
88be08113dfffff,-34.09900465629052,150.60199004205234,0.0,0.0,0.0,0.0,0.0,0.0,0.0,0.0,0.0,0.0,0.0,1.0,0.0,0.0,0.0,0.0,0.0,0.0,0.0,0.0,0.0,nothing,0.0,0.0,0,62.42493443051671
88be081149fffff,-34.142165102951246,150.63402445944874,0.0,0.0,0.0,0.0,0.0,0.0,0.0,0.0,0.0,0.0,0.0,1.0,0.0,0.0,0.0,0.0,0.0,0.0,0.0,0.0,0.0,nothing,0.0,0.0,0,61.96313435764399
88be081167fffff,-34.102490231722726,150.63465502422136,0.0,0.0,0.0,0.0,0.0,0.0,0.0,0.0,0.0,1.0,0.0,0.0,0.0,0.0,0.0,0.0,0.0,0.0,0.0,0.0,0.0,nothing,0.0,0.0,0,59.860997651944814
88be0811a1fffff,-34.08477498887456,150.5433386034852,0.0,0.0,0.0,1.0,0.0,0.0,0.0,0.0,2.0,3.0,0.0,1.0,0.0,0.0,0.0,0.0,0.0,444.42147084026004,0.0,0.0,0.0,nothing,0.0,0.0,0,66.80472266751319
88be0811a7fffff,-34.07637336230237,150.53912008851563,0.0,1.0,0.0,0.0,0.0,0.0,0.0,0.0,1.0,1.0,0.0,2.0,0.0,0.0,0.0,0.0,0.0,0.0,0.0,0.0,0.0,nothing,0.0,0.0,0,66.83823511612431
88be0811cdfffff,-34.12678198572363,150.56444426198757,0.0,0.0,0.0,0.0,0.0,0.0,0.0,0.0,0.0,0.0,0.0,0.0,0.0,0.0,0.0,0.0,0.0,0.0,0.0,1.0,0.0,nothing,0.0,330000.0,1,66.86614303786132
88be081205fffff,-34.21802650641109,150.60005031935586,0.0,0.0,0.0,0.0,0.0,0.0,0.0,0.0,0.0,0.0,0.0,0.0,0.0,0.0,0.0,0.0,0.0,0.0,0.0,0.0,0.0,nothing,1.0,0.0,0,69.08125487175099
88be081207fffff,-34.21686160271438,150.5891475387218,0.0,0.0,0.0,0.0,0.0,0.0,0.0,0.0,0.0,0.0,0.0,0.0,0.0,0.0,0.0,0.0,0.0,0.0,0.0,0.0,0.0,nothing,0.0,66000.0,0,69.84108408502614
88be081225fffff,-34.19515303704531,150.60915880603423,0.0,0.0,0.0,0.0,0.0,0.0,0.0,0.0,0.0,0.0,0.0,0.0,0.0,0.0,0.0,0.0,0.0,9953.108326926991,0.0,0.0,0.0,nothing,6.0,0.0,0,66.9760806268927
88be081227fffff,-34.193989120975445,150.59825872681037,0.0,0.0,0.0,0.0,0.0,0.0,0.0,0.0,0.0,1.0,0.0,0.0,0.0,1.0,0.0,0.0,0.0,0.0,0.0,0.0,0.0,nothing,0.0,0.0,0,67.7519277929377
88be081229fffff,-34.21079009902749,150.6067210871935,0.0,0.0,0.0,0.0,0.0,0.0,0.0,0.0,0.0,0.0,0.0,1.0,0.0,0.0,0.0,0.0,0.0,0.0,0.0,0.0,0.0,nothing,4.0,66000.0,0,68.12152554513162
88be08122bfffff,-34.20962583976902,150.5958190470459,0.0,0.0,0.0,0.0,0.0,0.0,0.0,0.0,0.0,0.0,0.0,0.0,0.0,0.0,0.0,0.0,0.0,0.0,0.0,0.0,0.0,nothing,1.0,66000.0,0,68.88449081434659
88be08122dfffff,-34.20355326611159,150.61339076891753,0.0,0.0,0.0,0.0,0.0,0.0,0.0,0.0,0.0,1.0,0.0,0.0,0.0,0.0,0.0,0.0,0.0,0.0,0.0,0.0,0.0,nothing,1.0,66000.0,0,67.16329464631855
88be081231fffff,-34.207294485489506,150.57401640889853,0.0,1.0,0.0,5.0,0.0,0.0,1.0,0.0,5.0,10.0,1.0,4.0,0.0,1.0,0.0,0.0,0.0,2553.7813347941747,0.0,0.0,0.0,nothing,21.0,0.0,0,70.42929675907165
88be081233fffff,-34.20612739081801,150.5631158124136,0.0,0.0,0.0,1.0,0.0,0.0,0.0,0.0,0.0,0.0,0.0,0.0,0.0,0.0,0.0,0.0,0.0,3899.1419289900196,0.0,0.0,0.0,nothing,0.0,0.0,0,71.210726446179
88be081235fffff,-34.20005958570022,150.58068831101457,0.0,0.0,0.0,0.0,0.0,0.0,0.0,0.0,0.0,0.0,0.0,0.0,0.0,0.0,0.0,0.0,0.0,0.0,0.0,0.0,0.0,nothing,1.0,0.0,0,69.48073466582929
88be081237fffff,-34.19889313577895,150.56978845355076,0.0,0.0,0.0,0.0,2.0,0.0,0.0,0.0,1.0,6.0,0.0,1.0,0.0,0.0,0.0,0.0,0.0,2777.8893531515528,0.0,0.0,0.0,nothing,5.0,0.0,0,70.26541039524636
88be081239fffff,-34.2156957535178,150.578245239106,0.0,0.0,0.0,0.0,0.0,0.0,0.0,0.0,0.0,0.0,0.0,0.0,0.0,0.0,0.0,0.0,0.0,0.0,0.0,0.0,0.0,nothing,2.0,0.0,0,70.60725619309316
88be08123bfffff,-34.214528958996155,150.56734342126617,0.0,0.0,0.0,0.0,0.0,0.0,0.0,0.0,0.0,0.0,0.0,0.0,0.0,0.0,0.0,0.0,0.0,0.0,0.0,0.0,0.0,nothing,1.0,0.0,0,71.37956618993626
88be081267fffff,-34.21195341279914,150.6176236070469,0.0,0.0,0.0,0.0,0.0,0.0,0.0,0.0,0.0,0.0,0.0,1.0,0.0,0.0,0.0,0.0,0.0,0.0,0.0,0.0,0.0,nothing,0.0,0.0,0,67.36513876948909
88be08128dfffff,-34.218255015631804,150.5279645785428,0.0,0.0,0.0,0.0,0.0,0.0,0.0,0.0,0.0,0.0,0.0,0.0,0.0,0.0,0.0,0.0,0.0,0.0,0.0,1.0,0.0,nothing,0.0,330000.0,1,74.67392213043352
88be0812adfffff,-34.195388119111904,150.53709177726893,0.0,0.0,0.0,0.0,0.0,0.0,0.0,0.0,0.0,0.0,0.0,0.0,0.0,0.0,0.0,0.0,0.0,0.0,0.0,3.0,0.0,nothing,0.0,330000.0,1,72.65324829497068
88be0812e1fffff,-34.21219253467816,150.54554123394357,0.0,0.0,0.0,0.0,0.0,0.0,0.0,0.0,0.0,0.0,0.0,0.0,0.0,0.0,0.0,0.0,0.0,213.77468493273847,0.0,0.0,0.0,nothing,0.0,0.0,0,72.94181547101485
88be0812e3fffff,-34.21102290523259,150.53464086597498,0.0,0.0,0.0,0.0,0.0,0.0,0.0,0.0,0.0,0.0,0.0,0.0,0.0,0.0,0.0,0.0,0.0,0.0,0.0,3.0,0.0,nothing,0.0,330000.0,1,73.73137974096178
88be0812e7fffff,-34.20379036728708,150.54131606840667,0.0,0.0,0.0,0.0,0.0,0.0,0.0,0.0,0.0,0.0,0.0,0.0,0.0,0.0,0.0,0.0,0.0,0.0,0.0,1.0,0.0,nothing,0.0,330000.0,1,72.79066648016139
88be081301fffff,-34.174601689417855,150.64005863636908,0.0,0.0,0.0,0.0,0.0,0.0,0.0,0.0,0.0,0.0,0.0,0.0,0.0,0.0,0.0,0.0,0.0,0.0,0.0,0.0,0.0,nothing,0.0,11000.0,0,63.34672217056344
88be081303fffff,-34.17344064859618,150.6291603016333,0.0,0.0,0.0,0.0,0.0,0.0,0.0,0.0,0.0,0.0,0.0,0.0,0.0,0.0,0.0,0.0,0.0,0.0,0.0,0.0,0.0,nothing,0.0,11000.0,0,64.12647770063631
88be081309fffff,-34.183000958589496,150.64429285195706,0.0,0.0,0.0,0.0,0.0,0.0,0.0,0.0,0.0,0.0,0.0,0.0,0.0,0.0,0.0,0.0,0.0,0.0,0.0,0.0,0.0,nothing,0.0,11000.0,0,63.528679571095076
88be08130bfffff,-34.181840219316456,150.63339329825348,0.0,0.0,0.0,0.0,0.0,0.0,0.0,0.0,0.0,0.0,0.0,0.0,0.0,0.0,0.0,0.0,0.0,0.0,0.0,0.0,0.0,nothing,0.0,11000.0,0,64.29826608970167
88be081311fffff,-34.17951590673843,150.61159562407005,0.0,0.0,0.0,1.0,0.0,0.0,0.0,0.0,2.0,2.0,0.0,2.0,0.0,0.0,0.0,0.0,0.0,2950.606840936204,0.0,0.0,0.0,nothing,9.0,0.0,0,65.8571702846874
88be081315fffff,-34.172278663400995,150.61826244458987,0.0,0.0,0.0,0.0,0.0,0.0,0.0,0.0,0.0,1.0,0.0,0.0,0.0,0.0,0.0,0.0,0.0,12431.394243238246,0.0,0.0,0.0,nothing,8.0,11000.0,0,64.91266244792799
88be081317fffff,-34.171115734006115,150.60736506599585,0.0,10.0,0.0,3.0,0.0,0.0,1.0,1.0,13.0,9.0,0.0,0.0,0.0,0.0,0.0,0.0,0.0,33418.866551380015,0.0,0.0,0.0,nothing,20.0,0.0,0,65.70504481637268
88be08131bfffff,-34.186752726101446,150.60492771817167,0.0,1.0,0.0,0.0,0.0,0.0,0.0,0.0,1.0,0.0,0.0,2.0,0.0,0.0,0.0,0.0,0.0,3907.872696086589,0.0,0.0,0.0,nothing,6.0,0.0,0,66.80361931375451
88be081333fffff,-34.15547867716925,150.60980151341818,0.0,0.0,0.0,0.0,0.0,0.0,0.0,0.0,1.0,5.0,0.0,0.0,0.0,0.0,0.0,0.0,0.0,3221.585747544861,0.0,0.0,0.0,nothing,1.0,0.0,0,64.63513429577151
88be081339fffff,-34.16504099660377,150.62492817981573,0.0,0.0,0.0,0.0,0.0,0.0,0.0,0.0,0.0,1.0,0.0,0.0,0.0,0.0,0.0,0.0,0.0,1996.0293048152898,0.0,0.0,0.0,nothing,0.0,11000.0,0,63.9701821982153
88be08133bfffff,-34.16387871052098,150.61403154179138,1.0,1.0,0.0,3.0,0.0,2.0,0.0,0.0,11.0,13.0,0.0,4.0,1.0,2.0,0.0,0.0,0.0,25916.03379974444,0.0,0.0,0.0,nothing,16.0,0.0,0,64.76616976253534
88be081341fffff,-34.192559637843175,150.65942919207535,0.0,0.0,0.0,0.0,0.0,0.0,0.0,0.0,0.0,0.0,0.0,0.0,0.0,0.0,0.0,0.0,0.0,0.0,0.0,0.0,0.0,nothing,0.0,66000.0,0,62.97397226414432
88be081343fffff,-34.191400145688505,150.64852794272468,0.0,0.0,0.0,0.0,0.0,0.0,0.0,0.0,0.0,0.0,0.0,0.0,0.0,0.0,0.0,0.0,0.0,0.0,843.2592592592592,0.0,0.0,nothing,0.0,66000.0,0,63.72613358188471
88be081345fffff,-34.18531960223612,150.66609338880016,0.0,0.0,0.0,0.0,0.0,0.0,0.0,0.0,0.0,0.0,0.0,0.0,0.0,0.0,0.0,0.0,0.0,0.0,0.0,0.0,0.0,nothing,0.0,66000.0,0,62.010466361396986
88be08134dfffff,-34.19371818455423,150.6703309171952,0.0,0.0,0.0,0.0,0.0,0.0,0.0,0.0,0.0,0.0,0.0,0.0,0.0,0.0,0.0,0.0,0.0,0.0,0.0,0.0,0.0,nothing,0.0,66000.0,0,62.229199365695735
88be081351fffff,-34.197478034199506,150.63096040178752,0.0,0.0,0.0,0.0,0.0,0.0,0.0,0.0,0.0,0.0,0.0,1.0,0.0,0.0,0.0,0.0,0.0,6205.825658686694,0.0,0.0,0.0,nothing,0.0,66000.0,0,65.44379519783455
88be081353fffff,-34.19631600817802,150.62005936461244,0.0,0.0,0.0,0.0,0.0,0.0,0.0,0.0,0.0,0.0,0.0,0.0,0.0,0.0,0.0,0.0,0.0,0.0,0.0,0.0,0.0,nothing,0.0,66000.0,0,66.20662764319086
88be081355fffff,-34.190239708263434,150.63762716990126,0.0,0.0,0.0,1.0,0.0,0.0,0.0,0.0,1.0,0.0,0.0,0.0,0.0,0.0,0.0,0.0,0.0,2185.048452069097,0.0,0.0,0.0,nothing,0.0,66000.0,0,64.48542396415029
88be081357fffff,-34.18907832574141,150.62672687436284,0.0,0.0,0.0,0.0,0.0,0.0,0.0,0.0,0.0,0.0,0.0,0.0,0.0,0.0,0.0,0.0,0.0,0.0,0.0,0.0,0.0,nothing,0.0,11000.0,0,65.25159373046472
88be081359fffff,-34.205877660181265,150.63519480453786,0.0,0.0,0.0,0.0,0.0,0.0,0.0,0.0,0.0,0.0,0.0,0.0,0.0,0.0,0.0,0.0,0.0,0.0,0.0,0.0,0.0,nothing,0.0,66000.0,0,65.65098042485451
88be08135bfffff,-34.20471593588298,150.624292547531,0.0,0.0,0.0,0.0,0.0,0.0,0.0,0.0,0.0,0.0,0.0,0.0,0.0,0.0,0.0,0.0,0.0,0.0,0.0,0.0,0.0,nothing,0.0,66000.0,0,66.40372243692386
88be08135dfffff,-34.19863911493592,150.64186191680173,0.0,0.0,0.0,0.0,0.0,0.0,0.0,0.0,0.0,0.0,0.0,0.0,0.0,0.0,0.0,0.0,0.0,1192.6574159049567,0.0,0.0,0.0,nothing,0.0,66000.0,0,64.68781833367781
88be081369fffff,-34.17807914390736,150.6727564991568,0.0,0.0,0.0,0.0,0.0,0.0,0.0,0.0,0.0,0.0,0.0,0.0,0.0,0.0,0.0,0.0,0.0,0.0,0.0,0.0,0.0,nothing,0.0,66000.0,0,61.04849303232566
88be081801fffff,-34.006343850622464,150.62746470940715,0.0,0.0,0.0,0.0,0.0,0.0,0.0,0.0,0.0,0.0,0.0,0.0,0.0,0.0,0.0,0.0,0.0,0.0,0.0,2.0,0.0,nothing,0.0,330000.0,1,56.66173826973302
88be081805fffff,-33.999105079111835,150.63411657317593,0.0,0.0,0.0,0.0,0.0,0.0,0.0,0.0,0.0,0.0,0.0,0.0,0.0,0.0,0.0,0.0,0.0,0.0,0.0,3.0,0.0,nothing,0.0,330000.0,1,55.854103078388654
88be08180bfffff,-34.01358220647639,150.6208117644874,0.0,0.0,0.0,0.0,0.0,0.0,0.0,0.0,0.0,0.0,0.0,0.0,0.0,0.0,0.0,0.0,0.0,0.0,0.0,2.0,0.0,nothing,0.0,330000.0,1,57.475806575756486
88be08180dfffff,-34.00750365436402,150.6383413093487,0.0,0.0,0.0,0.0,0.0,0.0,0.0,0.0,0.0,1.0,0.0,0.0,0.0,0.0,0.0,0.0,0.0,0.0,0.0,0.0,0.0,nothing,0.0,0.0,0,55.73205930634311
88be081821fffff,-33.98346746944586,150.63654314844388,0.0,0.0,0.0,0.0,0.0,0.0,0.0,0.0,0.0,0.0,0.0,0.0,0.0,0.0,0.0,0.0,0.0,0.0,0.0,2.0,0.0,nothing,0.0,330000.0,1,55.204425473775736
88be081825fffff,-33.976228093612065,150.64319250795043,0.0,0.0,0.0,0.0,0.0,0.0,0.0,0.0,0.0,0.0,0.0,0.0,0.0,0.0,0.0,0.0,0.0,0.0,0.0,3.0,0.0,nothing,0.0,330000.0,1,54.42207156941594
88be081829fffff,-33.991865892459096,150.64076735587795,0.0,0.0,0.0,0.0,0.0,0.0,0.0,0.0,0.0,0.0,0.0,0.0,0.0,0.0,0.0,0.0,0.0,0.0,0.0,1.0,0.0,nothing,0.0,330000.0,1,55.05318454303916
88be08182bfffff,-33.990706430916404,150.62989270823584,0.0,0.0,0.0,0.0,0.0,0.0,0.0,0.0,0.0,0.0,0.0,0.0,0.0,0.0,0.0,0.0,0.0,0.0,0.0,1.0,0.0,nothing,0.0,330000.0,1,55.994101480020035
88be081849fffff,-34.032698937454214,150.65102074749996,0.0,0.0,0.0,1.0,0.0,0.0,0.0,1.0,0.0,3.0,0.0,0.0,0.0,0.0,1.0,0.0,0.0,5644.283844819218,0.0,0.0,0.0,nothing,0.0,0.0,0,55.474759087958766
88be08184bfffff,-34.03154002908862,150.6401405046282,0.0,0.0,0.0,0.0,0.0,0.0,0.0,0.0,0.0,1.0,0.0,0.0,0.0,0.0,0.0,0.0,0.0,0.0,0.0,0.0,0.0,nothing,0.0,0.0,0,56.38145870906653
88be08184dfffff,-34.025458852092434,150.65767289945225,0.0,0.0,0.0,0.0,0.0,0.0,0.0,0.0,0.0,0.0,0.0,0.0,0.0,0.0,0.0,0.0,0.0,795.3891357926307,0.0,0.0,0.0,nothing,0.0,0.0,0,54.631067797752486
88be081851fffff,-34.029219394766294,150.61838144555406,0.0,0.0,0.0,0.0,0.0,0.0,0.0,0.0,0.0,0.0,0.0,0.0,0.0,0.0,0.0,0.0,0.0,0.0,0.0,2.0,0.0,nothing,0.0,330000.0,1,58.2053295525661
88be081855fffff,-34.02198123089625,150.62503581497393,0.0,0.0,0.0,0.0,0.0,0.0,0.0,0.0,0.0,0.0,0.0,0.0,0.0,0.0,0.0,0.0,0.0,0.0,0.0,2.0,0.0,nothing,0.0,330000.0,1,57.37494016059196
88be081859fffff,-34.03761856932381,150.6226060244493,0.0,0.0,0.0,0.0,0.0,0.0,0.0,0.0,0.0,0.0,0.0,0.0,0.0,0.0,0.0,0.0,0.0,0.0,0.0,1.0,0.0,nothing,0.0,330000.0,1,58.13203047724958
88be08185bfffff,-34.036457141686185,150.61172599453366,0.0,0.0,0.0,0.0,0.0,0.0,0.0,0.0,0.0,0.0,0.0,0.0,0.0,0.0,0.0,0.0,0.0,0.0,0.0,1.0,0.0,nothing,0.0,330000.0,1,59.04134936059278
88be08186bfffff,-34.00866251976107,150.64921838445034,0.0,0.0,0.0,0.0,0.0,0.0,0.0,0.0,0.0,0.0,0.0,0.0,0.0,1.0,0.0,0.0,0.0,0.0,0.0,0.0,0.0,nothing,0.0,0.0,0,54.80531696709533
88be0818c7fffff,-34.00776591398497,150.56643223453548,0.0,0.0,0.0,0.0,0.0,0.0,0.0,0.0,0.0,1.0,0.0,0.0,0.0,0.0,0.0,0.0,0.0,0.0,0.0,0.0,0.0,nothing,0.0,0.0,0,62.14344116398961
88be081901fffff,-33.95566375007656,150.67400505634205,0.0,0.0,0.0,0.0,0.0,0.0,0.0,0.0,0.0,0.0,0.0,0.0,0.0,0.0,0.0,0.0,0.0,0.0,0.0,2.0,0.0,nothing,0.0,330000.0,1,51.16030645868181
88be081903fffff,-33.95450748507761,150.6631341031048,0.0,0.0,0.0,0.0,0.0,0.0,0.0,0.0,0.0,0.0,0.0,0.0,0.0,0.0,0.0,0.0,0.0,0.0,0.0,3.0,0.0,nothing,0.0,330000.0,1,52.12222857257354
88be081909fffff,-33.96406097148461,150.67823184283137,0.0,0.0,0.0,0.0,0.0,0.0,0.0,0.0,0.0,0.0,0.0,0.0,0.0,0.0,0.0,0.0,0.0,0.0,0.0,4.0,0.0,nothing,0.0,330000.0,1,50.967217423586156
88be08190bfffff,-33.962905004719936,150.66735967770686,0.0,0.0,0.0,0.0,0.0,0.0,0.0,0.0,0.0,0.0,0.0,0.0,0.0,0.0,0.0,0.0,0.0,0.0,0.0,1.0,0.0,nothing,0.0,330000.0,1,51.92286327568849
88be081911fffff,-33.96059026023684,150.64561676605203,0.0,0.0,0.0,0.0,0.0,0.0,0.0,0.0,0.0,0.0,0.0,0.0,0.0,0.0,0.0,0.0,0.0,0.0,0.0,1.0,0.0,nothing,0.0,330000.0,1,53.840399525506335
88be081915fffff,-33.95335028339732,150.65226362268444,0.0,0.0,0.0,0.0,0.0,0.0,0.0,0.0,0.0,0.0,0.0,0.0,0.0,0.0,0.0,0.0,0.0,0.0,0.0,8.0,0.0,nothing,0.0,330000.0,1,53.08603478510047
88be081917fffff,-33.952192145207945,150.64139361583267,0.0,0.0,0.0,0.0,0.0,0.0,0.0,0.0,0.0,0.0,0.0,0.0,0.0,0.0,0.0,0.0,0.0,0.0,0.0,3.0,0.0,nothing,0.0,330000.0,1,54.05162332124476
88be081919fffff,-33.968988303929656,150.6498407868398,0.0,0.0,0.0,0.0,0.0,0.0,0.0,0.0,0.0,0.0,0.0,0.0,0.0,0.0,0.0,0.0,0.0,0.0,0.0,2.0,0.0,nothing,0.0,330000.0,1,53.64736052727807
88be08191dfffff,-33.961748100913276,150.65648798519643,0.0,0.0,0.0,0.0,0.0,0.0,0.0,0.0,0.0,0.0,0.0,0.0,0.0,0.0,0.0,0.0,0.0,0.0,0.0,1.0,0.0,nothing,0.0,330000.0,1,52.88062867749312
88be081935fffff,-33.93047165746791,150.66132992076226,0.0,0.0,0.0,0.0,0.0,0.0,0.0,0.0,0.0,0.0,0.0,0.0,0.0,0.0,0.0,0.0,0.0,0.0,0.0,3.0,0.0,nothing,0.0,330000.0,1,51.8534151005448
88be081939fffff,-33.946109894002696,150.6589093991491,0.0,0.0,0.0,0.0,0.0,0.0,0.0,0.0,0.0,0.0,0.0,0.0,0.0,0.0,0.0,0.0,0.0,0.0,0.0,3.0,0.0,nothing,0.0,330000.0,1,52.340326472207956
88be08193dfffff,-33.938869092567636,150.6655540955306,0.0,0.0,0.0,0.0,0.0,0.0,0.0,0.0,0.0,0.0,0.0,0.0,0.0,0.0,0.0,0.0,0.0,0.0,0.0,1.0,0.0,nothing,0.0,330000.0,1,51.60365028368692
88be081941fffff,-33.97361285131813,150.69333334916118,0.0,0.0,0.0,0.0,0.0,0.0,0.0,0.0,0.0,0.0,0.0,0.0,0.0,0.0,0.0,0.0,0.0,0.0,0.0,3.0,0.0,nothing,0.0,330000.0,1,49.84702040236168
88be081947fffff,-33.96521600103532,150.68910447981776,0.0,0.0,0.0,0.0,0.0,0.0,0.0,0.0,0.0,0.0,0.0,0.0,0.0,0.0,0.0,0.0,0.0,0.0,0.0,4.0,0.0,nothing,0.0,330000.0,1,50.01381368152938
88be081949fffff,-33.982009628569855,150.69756308989784,0.0,0.0,0.0,0.0,0.0,0.0,0.0,0.0,0.0,0.0,0.0,0.0,0.0,0.0,0.0,0.0,0.0,0.0,0.0,3.0,0.0,nothing,0.0,330000.0,1,49.70019764506701
88be081985fffff,-33.940313037968316,150.60456780196583,0.0,0.0,0.0,0.0,0.0,0.0,0.0,0.0,0.0,1.0,0.0,0.0,0.0,0.0,0.0,0.0,0.0,0.0,0.0,0.0,0.0,nothing,0.0,0.0,0,57.20254366365219
88be081989fffff,-33.955949532285224,150.60213663816745,0.0,0.0,0.0,0.0,0.0,0.0,0.0,0.0,0.0,0.0,0.0,0.0,0.0,0.0,0.0,0.0,0.0,0.0,0.0,2.0,0.0,nothing,0.0,330000.0,1,57.69751410305295
88be08198bfffff,-33.95478700985083,150.5912677971259,0.0,0.0,0.0,0.0,0.0,0.0,0.0,0.0,0.0,0.0,0.0,0.0,0.0,0.0,0.0,0.0,0.0,0.0,0.0,2.0,0.0,nothing,0.0,330000.0,1,58.66585138030425
88be081999fffff,-33.960859275929046,150.57374707744734,0.0,0.0,0.0,0.0,0.0,0.0,0.0,0.0,0.0,0.0,0.0,0.0,0.0,0.0,0.0,0.0,0.0,0.0,0.0,4.0,0.0,nothing,0.0,330000.0,1,60.376149961660964
88be08199bfffff,-33.9596942414446,150.5628784582237,0.0,0.0,0.0,0.0,0.0,0.0,0.0,0.0,0.0,0.0,0.0,0.0,0.0,0.0,0.0,0.0,0.0,0.0,0.0,2.0,0.0,nothing,0.0,330000.0,1,61.34399036667242
88be0819adfffff,-33.925837412918405,150.61786349040062,0.0,0.0,0.0,0.0,0.0,0.0,0.0,0.0,0.0,1.0,0.0,0.0,0.0,0.0,0.0,0.0,0.0,0.0,0.0,0.0,0.0,nothing,0.0,0.0,0,55.77415100246099
88be0819c1fffff,-33.96551005367673,150.61722633857636,0.0,0.0,0.0,0.0,0.0,0.0,0.0,0.0,0.0,0.0,0.0,0.0,0.0,0.0,0.0,0.0,0.0,0.0,0.0,1.0,0.0,nothing,0.0,330000.0,1,56.52039929533803
88be0819c3fffff,-33.964348763615796,150.60635580716064,0.0,0.0,0.0,0.0,0.0,0.0,0.0,0.0,0.0,0.0,0.0,0.0,0.0,0.0,0.0,0.0,0.0,0.0,0.0,1.0,0.0,nothing,0.0,330000.0,1,57.48183621940221
88be0819c5fffff,-33.95827176896456,150.6238757508683,0.0,0.0,0.0,0.0,0.0,0.0,0.0,0.0,0.0,1.0,0.0,0.0,0.0,0.0,0.0,0.0,0.0,0.0,0.0,2.0,0.0,nothing,0.0,330000.0,1,55.76553931999392
88be0819c7fffff,-33.957111118714245,150.6130059563319,0.0,0.0,0.0,0.0,0.0,0.0,0.0,0.0,0.0,0.0,0.0,0.0,0.0,0.0,0.0,0.0,0.0,0.0,0.0,2.0,0.0,nothing,0.0,330000.0,1,56.73071640027308
88be0819d7fffff,-33.96202337456833,150.58461617584518,0.0,0.0,0.0,0.0,0.0,0.0,0.0,0.0,0.0,0.0,0.0,0.0,0.0,0.0,0.0,0.0,0.0,0.0,0.0,3.0,0.0,nothing,0.0,330000.0,1,59.409793620520475
88be0819e1fffff,-33.94263458796385,150.62630301577082,0.0,0.0,0.0,0.0,0.0,0.0,0.0,0.0,0.0,1.0,0.0,0.0,0.0,0.0,0.0,0.0,0.0,0.0,0.0,0.0,0.0,nothing,0.0,0.0,0,55.25334080036843
88be0819e5fffff,-33.935395703144025,150.63294992620627,0.0,1.0,0.0,1.0,0.0,0.0,0.0,0.0,1.0,16.0,0.0,0.0,0.0,0.0,0.0,0.0,0.0,0.0,0.0,0.0,0.0,nothing,0.0,0.0,0,54.527759503055336
88be0819e9fffff,-33.951033070681966,150.630524083301,0.0,0.0,0.0,0.0,0.0,0.0,0.0,0.0,0.0,0.0,0.0,0.0,0.0,0.0,0.0,0.0,0.0,0.0,0.0,2.0,0.0,nothing,0.0,330000.0,1,55.018899366927705
88be081a05fffff,-34.057893546028914,150.6637080347996,0.0,0.0,0.0,0.0,0.0,0.0,0.0,0.0,0.0,1.0,0.0,0.0,0.0,0.0,0.0,0.0,0.0,0.0,0.0,0.0,0.0,nothing,1.0,0.0,0,55.382299436424816
88be081a0bfffff,-34.07237380908506,150.6503984293562,0.0,0.0,0.0,0.0,0.0,0.0,0.0,0.0,0.0,0.0,0.0,1.0,0.0,0.0,0.0,0.0,0.0,0.0,0.0,0.0,0.0,nothing,0.0,0.0,0,57.14213398078159
88be081a1dfffff,-34.07121451704163,150.63951306124565,0.0,0.0,0.0,0.0,0.0,0.0,1.0,0.0,1.0,3.0,0.0,1.0,0.0,0.0,0.0,0.0,0.0,0.0,0.0,0.0,0.0,nothing,0.0,0.0,0,58.01402382958246
88be081a21fffff,-34.042254885447164,150.66613090267333,0.0,0.0,0.0,0.0,0.0,0.0,0.0,0.0,0.0,1.0,0.0,1.0,0.0,0.0,0.0,0.0,0.0,0.0,0.0,0.0,0.0,nothing,0.0,0.0,0,54.53114717411967
88be081a23fffff,-34.04109721592635,150.65524897084046,0.0,0.0,0.0,0.0,0.0,0.0,0.0,0.0,0.0,0.0,0.0,0.0,0.0,0.0,0.0,0.0,0.0,2991.8780345387927,0.0,0.0,0.0,nothing,0.0,0.0,0,55.425551870057596
88be081a27fffff,-34.03385690639229,150.66190146492352,0.0,0.0,0.0,0.0,0.0,0.0,0.0,0.0,0.0,1.0,0.0,0.0,0.0,0.0,0.0,0.0,0.0,9603.397071873624,0.0,0.0,0.0,nothing,3.0,0.0,0,54.57178350837879
88be081a29fffff,-34.050652788756246,150.67036121292549,0.0,0.0,0.0,0.0,0.0,2.0,0.0,0.0,0.0,0.0,0.0,1.0,0.0,0.0,0.0,0.0,0.0,5705.403661641669,0.0,0.0,0.0,nothing,4.0,0.0,0,54.50920104325246
88be081a2bfffff,-34.049495418951544,150.6594780665324,0.0,0.0,0.0,0.0,0.0,0.0,0.0,0.0,2.0,0.0,0.0,0.0,0.0,0.0,0.0,0.0,0.0,0.0,0.0,0.0,0.0,nothing,0.0,0.0,0,55.39472157878955
88be081a45fffff,-34.075846039199625,150.68305738093508,0.0,0.0,0.0,0.0,0.0,0.0,0.0,0.0,4.0,0.0,0.0,0.0,0.0,0.0,0.0,0.0,0.0,662.8769603349929,0.0,0.0,0.0,nothing,0.0,0.0,0,54.55563874371941
88be081a4dfffff,-34.08424363451629,150.68729118343597,0.0,0.0,0.0,0.0,0.0,0.0,0.0,0.0,11.0,4.0,0.0,2.0,0.0,0.0,0.0,0.0,0.0,745.9548153036769,0.0,0.0,0.0,nothing,2.0,0.0,0,54.60849206614949
88be081a61fffff,-34.06020674492531,150.68547723019537,0.0,0.0,0.0,1.0,0.0,0.0,0.0,0.0,2.0,7.0,0.0,0.0,0.0,0.0,0.0,0.0,0.0,0.0,0.0,0.0,0.0,nothing,1.0,0.0,0,53.63443833430077
88be081a63fffff,-34.05905061581863,150.67459239590383,0.0,0.0,0.0,0.0,0.0,0.0,0.0,0.0,0.0,2.0,0.0,0.0,0.0,0.0,0.0,0.0,0.0,757.0699452728891,0.0,0.0,0.0,nothing,5.0,0.0,0,54.505968230568016
88be081a65fffff,-34.05296470722729,150.69212892513008,1.0,0.0,0.0,17.0,5.0,0.0,1.0,1.0,20.0,20.0,0.0,3.0,0.0,5.0,0.0,0.0,0.0,55955.38016566258,0.0,1.0,2.0,22 kW,23.0,0.0,1,52.75188471901596
88be081a67fffff,-34.0518092182389,150.68124483270955,0.0,0.0,0.0,0.0,0.0,0.0,0.0,0.0,0.0,0.0,0.0,0.0,0.0,0.0,0.0,0.0,0.0,38.13167450532847,0.0,0.0,0.0,nothing,1.0,0.0,0,53.62817994355418
88be081a69fffff,-34.06860419456519,150.68971050078207,0.0,0.0,0.0,0.0,0.0,0.0,1.0,0.0,1.0,0.0,0.0,3.0,0.0,0.0,0.0,0.0,0.0,0.0,0.0,0.0,0.0,nothing,2.0,0.0,0,53.65971456869051
88be081a6bfffff,-34.06744836613341,150.6788244518324,0.0,0.0,0.0,0.0,0.0,0.0,0.0,0.0,1.0,0.0,0.0,0.0,0.0,0.0,0.0,0.0,0.0,358.81481411541586,0.0,0.0,0.0,nothing,0.0,0.0,0,54.52145259960214
88be081a6dfffff,-34.0613619331768,150.69636253691928,0.0,0.0,0.0,1.0,0.0,4.0,1.0,0.0,33.0,6.0,0.0,4.0,0.0,0.0,0.0,0.0,0.0,9624.399404189715,0.0,0.0,0.0,nothing,10.0,0.0,0,52.76794864573957
88be081ac1fffff,-34.07496793595374,150.6002004298348,0.0,0.0,0.0,0.0,0.0,0.0,0.0,0.0,0.0,0.0,0.0,0.0,0.0,0.0,0.0,0.0,0.0,0.0,0.0,2.0,0.0,nothing,0.0,330000.0,1,61.52500712501174
88be081ac5fffff,-34.06773099731716,150.6068598147265,0.0,0.0,0.0,0.0,0.0,0.0,0.0,0.0,0.0,0.0,0.0,0.0,0.0,0.0,0.0,0.0,0.0,0.0,0.0,1.0,0.0,nothing,0.0,330000.0,1,60.655919922518365
88be081acbfffff,-34.08220445505335,150.59353996244315,0.0,0.0,0.0,0.0,0.0,0.0,0.0,0.0,0.0,0.0,0.0,0.0,0.0,0.0,0.0,0.0,0.0,0.0,0.0,2.0,0.0,nothing,0.0,330000.0,1,62.39836626597599
88be081ad1fffff,-34.0798748384401,150.57177057009724,0.0,2.0,0.0,5.0,1.0,0.0,1.0,0.0,13.0,6.0,0.0,0.0,0.0,2.0,0.0,0.0,0.0,6786.534445773585,0.0,0.0,0.0,nothing,8.0,0.0,0,64.16325868552511
88be081ad3fffff,-34.07870861971522,150.56088659455816,0.0,0.0,0.0,1.0,0.0,3.0,0.0,0.0,5.0,1.0,0.0,0.0,0.0,0.0,0.0,0.0,0.0,0.0,0.0,0.0,0.0,nothing,0.0,0.0,0,65.05138420319602
88be081ad5fffff,-34.07263960402546,150.57843251248354,0.0,0.0,0.0,0.0,0.0,0.0,0.0,0.0,3.0,0.0,0.0,0.0,0.0,0.0,0.0,0.0,0.0,1381.6878651695918,0.0,0.0,0.0,nothing,0.0,0.0,0,63.29803103079539
88be081ad9fffff,-34.08827557349365,150.57599273875942,0.0,0.0,0.0,0.0,0.0,0.0,0.0,0.0,0.0,0.0,0.0,0.0,0.0,0.0,0.0,0.0,0.0,0.0,0.0,0.0,0.0,nothing,1.0,0.0,0,64.15227884519197
88be081adbfffff,-34.087109652303404,150.56510754552374,0.0,0.0,0.0,0.0,0.0,0.0,0.0,0.0,0.0,0.0,0.0,0.0,0.0,0.0,0.0,0.0,0.0,0.0,0.0,0.0,0.0,nothing,5.0,0.0,0,65.03268696252609
88be081ae1fffff,-34.05209409287688,150.6092933534943,0.0,0.0,0.0,0.0,0.0,0.0,0.0,0.0,0.0,0.0,0.0,0.0,0.0,0.0,0.0,0.0,0.0,0.0,0.0,3.0,0.0,nothing,0.0,330000.0,1,59.82851976417606
88be081ae5fffff,-34.04485653996486,150.6159502299549,0.0,0.0,0.0,0.0,0.0,0.0,0.0,0.0,0.0,0.0,0.0,0.0,0.0,0.0,0.0,0.0,0.0,0.0,0.0,2.0,0.0,nothing,0.0,330000.0,1,58.97771134822596
88be081aebfffff,-34.05933122754533,150.6026353949835,0.0,0.0,0.0,0.0,0.0,0.0,0.0,0.0,0.0,0.0,0.0,0.0,0.0,0.0,0.0,0.0,0.0,0.0,0.0,2.0,0.0,nothing,0.0,330000.0,1,60.68423966138517
88be081b03fffff,-34.01328859445253,150.69273142139556,0.0,0.0,0.0,0.0,0.0,0.0,0.0,0.0,0.0,1.0,0.0,0.0,0.0,1.0,0.0,0.0,0.0,0.0,0.0,0.0,0.0,nothing,0.0,0.0,0,51.13092078728994
88be081b05fffff,-34.00719951713089,150.71025754270008,0.0,0.0,0.0,0.0,0.0,0.0,0.0,0.0,0.0,1.0,0.0,0.0,0.0,0.0,0.0,0.0,0.0,0.0,0.0,0.0,0.0,nothing,0.0,0.0,0,49.38121888167668
88be081b09fffff,-34.022839470810325,150.70784374931745,0.0,0.0,0.0,0.0,0.0,0.0,0.0,0.0,0.0,2.0,0.0,0.0,0.0,0.0,0.0,0.0,0.0,431.4559039765434,0.0,0.0,0.0,nothing,0.0,0.0,0,50.16720435505505
88be081b0bfffff,-34.02168560004755,150.69696309677457,0.0,0.0,0.0,0.0,0.0,1.0,0.0,0.0,0.0,3.0,0.0,0.0,0.0,0.0,0.0,0.0,0.0,1611.2515574261256,0.0,0.0,0.0,nothing,4.0,0.0,0,51.067703951315224
88be081b11fffff,-34.01937503999369,150.67520320601088,0.0,0.0,0.0,0.0,0.0,0.0,0.0,0.0,0.0,0.0,0.0,0.0,0.0,0.0,0.0,0.0,0.0,0.0,0.0,0.0,0.0,nothing,0.0,11000.0,0,52.880880049751156
88be081b15fffff,-34.012133484158774,150.6818524531851,0.0,0.0,0.0,1.0,0.0,0.0,0.0,0.0,0.0,0.0,0.0,0.0,0.0,0.0,0.0,0.0,0.0,637.8645799914673,0.0,0.0,0.0,nothing,1.0,11000.0,0,52.044286248653
88be081b17fffff,-34.010977434830856,150.67097395712173,0.0,0.0,0.0,0.0,0.0,0.0,0.0,0.0,0.0,0.0,0.0,0.0,0.0,0.0,0.0,0.0,0.0,0.0,0.0,0.0,0.0,nothing,0.0,11000.0,0,52.96126235077084
88be081b25fffff,-33.984315677008645,150.71931462286113,0.0,0.0,0.0,0.0,0.0,0.0,0.0,0.0,0.0,0.0,0.0,0.0,0.0,0.0,0.0,0.0,0.0,0.0,0.0,3.0,0.0,nothing,0.0,330000.0,1,47.83100495259376
88be081b27fffff,-33.98316312192832,150.708438621405,0.0,0.0,0.0,0.0,0.0,0.0,0.0,0.0,0.0,0.0,0.0,0.0,0.0,0.0,0.0,0.0,0.0,0.0,0.0,3.0,0.0,nothing,0.0,330000.0,1,48.76404194117976
88be081b29fffff,-33.999955855334306,150.71690314196212,0.0,0.0,0.0,0.0,0.0,0.0,0.0,0.0,1.0,2.0,0.0,0.0,0.0,0.0,0.0,0.0,0.0,0.0,0.0,0.0,0.0,nothing,4.0,0.0,0,48.547590628712406
88be081b2dfffff,-33.99271178066555,150.72354765887113,0.0,1.0,0.0,1.0,0.0,0.0,0.0,0.0,0.0,3.0,0.0,1.0,0.0,0.0,0.0,0.0,0.0,1793.6377702803363,0.0,0.0,0.0,nothing,21.0,132000.0,0,47.720821245770864
88be081b31fffff,-33.99649435895045,150.6842706870435,0.0,0.0,0.0,0.0,0.0,0.0,0.0,0.0,0.0,0.0,0.0,0.0,0.0,0.0,0.0,0.0,0.0,0.0,0.0,0.0,0.0,nothing,0.0,11000.0,0,51.31679922176991
88be081b3bfffff,-34.0037361039606,150.6776228630086,0.0,0.0,0.0,0.0,0.0,0.0,0.0,0.0,0.0,0.0,0.0,0.0,0.0,0.0,0.0,0.0,0.0,0.0,0.0,0.0,0.0,nothing,0.0,11000.0,0,52.1357120361391
88be081b41fffff,-34.032388730383154,150.7229598460817,0.0,0.0,0.0,0.0,0.0,0.0,0.0,0.0,0.0,0.0,0.0,0.0,0.0,0.0,0.0,0.0,0.0,18097.542360310323,0.0,0.0,0.0,nothing,5.0,132000.0,0,49.24697918517933
88be081b45fffff,-34.025144392949834,150.72960646495417,0.0,0.0,0.0,1.0,2.0,0.0,0.0,0.0,2.0,4.0,0.0,1.0,0.0,0.0,0.0,0.0,0.0,11634.280528868518,0.0,0.0,0.0,nothing,10.0,132000.0,0,48.37952075275986
88be081b47fffff,-34.02399240183486,150.71872487229544,0.0,0.0,0.0,0.0,0.0,0.0,0.0,0.0,0.0,0.0,0.0,0.0,0.0,0.0,0.0,0.0,0.0,0.0,0.0,0.0,0.0,nothing,6.0,0.0,0,49.27106221532536
88be081b49fffff,-34.040784982394385,150.72719569282503,0.0,0.0,0.0,1.0,0.0,0.0,0.0,0.0,2.0,1.0,0.0,4.0,0.0,0.0,0.0,0.0,0.0,8448.127526040471,0.0,0.0,0.0,nothing,14.0,132000.0,0,49.24360958036725
88be081b4dfffff,-34.03354042015311,150.73384265142025,0.0,0.0,0.0,1.0,0.0,2.0,0.0,0.0,1.0,3.0,0.0,2.0,0.0,0.0,0.0,0.0,0.0,29446.073765302604,0.0,0.0,0.0,nothing,27.0,0.0,0,48.365579100342735
88be081b51fffff,-34.03732517491671,150.6945464569658,0.0,0.0,0.0,0.0,0.0,0.0,0.0,0.0,0.0,2.0,0.0,0.0,0.0,0.0,0.0,0.0,0.0,0.0,0.0,0.0,0.0,nothing,0.0,0.0,0,51.88715152705471
88be081b59fffff,-34.04572225355427,150.69877953672196,0.0,0.0,0.0,0.0,0.0,0.0,0.0,0.0,0.0,0.0,0.0,0.0,0.0,0.0,0.0,0.0,0.0,226.01433517888432,0.0,0.0,0.0,nothing,0.0,0.0,0,51.87401987574175
88be081b5bfffff,-34.044567404433295,150.68789618636845,0.0,0.0,0.0,0.0,0.0,0.0,0.0,0.0,0.0,1.0,0.0,0.0,0.0,0.0,0.0,0.0,0.0,2012.5034882080458,0.0,0.0,0.0,nothing,1.0,0.0,0,52.755160653212045
88be081b61fffff,-34.00950376358847,150.73201634753278,0.0,0.0,0.0,0.0,0.0,0.0,0.0,0.0,5.0,11.0,0.0,0.0,0.0,0.0,0.0,0.0,0.0,11509.458315497974,0.0,0.0,0.0,nothing,45.0,0.0,0,47.564082912003464
88be081b63fffff,-34.008352110039496,150.72113671044858,1.0,0.0,0.0,1.0,0.0,0.0,0.0,0.0,17.0,24.0,0.0,0.0,0.0,0.0,0.0,0.0,0.0,9620.034037363883,0.0,0.0,0.0,nothing,33.0,132000.0,0,48.470586384643134
88be081b65fffff,-34.002258824880435,150.73866046086542,0.0,0.0,0.0,3.0,0.0,0.0,0.0,0.0,15.0,15.0,0.0,9.0,0.0,2.0,0.0,0.0,0.0,22268.045122086838,0.0,9.0,9.0,kW,67.0,0.0,1,46.72002696094048
88be081b67fffff,-34.00110780969245,150.72778156702057,0.0,0.0,0.0,2.0,0.0,0.0,0.0,0.0,25.0,4.0,0.0,3.0,0.0,0.0,0.0,0.0,0.0,304.055603613831,0.0,0.0,0.0,nothing,62.0,132000.0,0,47.63180740375521
88be081b69fffff,-34.017899641852686,150.73625200063108,0.0,0.0,0.0,0.0,0.0,0.0,0.0,0.0,0.0,1.0,0.0,0.0,0.0,0.0,0.0,0.0,0.0,0.0,0.0,0.0,0.0,nothing,6.0,0.0,0,47.517739424855726
88be081b6bfffff,-34.016748289411645,150.72537115137143,0.0,0.0,0.0,0.0,0.0,0.0,0.0,0.0,0.0,0.0,0.0,0.0,0.0,0.0,0.0,0.0,0.0,398.96642156371246,0.0,0.0,0.0,nothing,5.0,132000.0,0,48.414538610108934
88be081b6dfffff,-34.01065447760684,150.74289645319848,0.0,0.0,0.0,0.0,0.0,0.0,0.0,0.0,0.0,2.0,0.0,4.0,0.0,0.0,0.0,0.0,0.0,0.0,0.0,0.0,0.0,nothing,20.0,0.0,0,46.66195022210097
88be084005fffff,-33.67875550902442,150.7607422656027,0.0,0.0,0.0,0.0,0.0,0.0,0.0,0.0,0.0,1.0,0.0,0.0,0.0,0.0,0.0,0.0,0.0,0.0,0.0,0.0,0.0,nothing,0.0,0.0,0,46.997030049811265
88be084009fffff,-33.694395746551855,150.7583470693056,0.0,0.0,0.0,0.0,0.0,0.0,0.0,0.0,0.0,0.0,0.0,0.0,0.0,0.0,0.0,0.0,0.0,0.0,1477.3333333333333,0.0,0.0,nothing,0.0,0.0,0,46.45950457429179
88be08400dfffff,-33.68714858145541,150.7649643353393,0.0,0.0,0.0,0.0,0.0,0.0,0.0,0.0,0.0,0.0,0.0,1.0,0.0,0.0,0.0,0.0,0.0,0.0,0.0,0.0,0.0,nothing,0.0,0.0,0,46.239365455756904
88be084011fffff,-33.69095263835015,150.725829245521,0.0,0.0,0.0,0.0,0.0,0.0,0.0,0.0,0.0,0.0,0.0,3.0,0.0,0.0,0.0,0.0,0.0,1990.3844471230138,3658.6111111111113,0.0,0.0,nothing,0.0,0.0,0,49.37428083146108
88be084013fffff,-33.68980308000361,150.71499090089122,0.0,0.0,0.0,0.0,0.0,0.0,0.0,0.0,0.0,0.0,0.0,2.0,0.0,0.0,0.0,0.0,0.0,0.0,0.0,0.0,0.0,nothing,0.0,0.0,0,50.34910560228788
88be084015fffff,-33.68370737127894,150.73244872681815,0.0,0.0,0.0,0.0,0.0,0.0,0.0,0.0,0.0,1.0,0.0,1.0,0.0,0.0,0.0,0.0,0.0,2903.4653127271795,0.0,0.0,0.0,nothing,1.0,0.0,0,49.135809160259896
88be084019fffff,-33.69934677062606,150.73004823745148,0.0,0.0,0.0,0.0,0.0,0.0,0.0,0.0,0.0,0.0,0.0,2.0,0.0,0.0,0.0,0.0,0.0,0.0,0.0,0.0,0.0,nothing,0.0,0.0,0,48.65352857352287
88be084027fffff,-33.654722327646994,150.75891590803332,0.0,0.0,0.0,0.0,0.0,0.0,0.0,0.0,0.0,0.0,0.0,2.0,0.0,0.0,0.0,0.0,0.0,0.0,0.0,0.0,0.0,nothing,0.0,0.0,0,48.381911206235586
88be084031fffff,-33.668067983565685,150.73484833400332,0.0,0.0,0.0,0.0,0.0,0.0,0.0,0.0,0.0,0.0,0.0,2.0,0.0,0.0,0.0,0.0,0.0,0.0,0.0,0.0,0.0,nothing,0.0,0.0,0,49.675007904282126
88be084039fffff,-33.676461706158214,150.73906713363291,0.0,0.0,0.0,0.0,0.0,0.0,0.0,0.0,0.0,1.0,0.0,0.0,0.0,0.0,0.0,0.0,0.0,0.0,0.0,0.0,0.0,nothing,0.0,0.0,0,48.917080346222924
88be08403bfffff,-33.67531341366893,150.7282302638658,0.0,0.0,0.0,0.0,0.0,0.0,0.0,0.0,0.0,0.0,0.0,2.0,0.0,0.0,0.0,0.0,0.0,0.0,0.0,0.0,0.0,nothing,0.0,0.0,0,49.88022556881296
88be084041fffff,-33.70393454348257,150.77341107394201,0.0,0.0,0.0,0.0,0.0,0.0,0.0,0.0,0.0,0.0,0.0,2.0,0.0,0.0,0.0,0.0,0.0,0.0,0.0,3.0,0.0,nothing,0.0,500000.0,1,44.75390817162741
88be084043fffff,-33.70278899294024,150.76256966951547,0.0,0.0,0.0,0.0,0.0,0.0,0.0,0.0,0.0,1.0,0.0,2.0,0.0,0.0,0.0,0.0,0.0,0.0,0.0,1.0,0.0,nothing,0.0,500000.0,1,45.72635150604534
88be084045fffff,-33.69668651129364,150.7800279359474,0.0,0.0,0.0,0.0,0.0,0.0,0.0,0.0,0.0,0.0,0.0,0.0,0.0,0.0,0.0,0.0,0.0,0.0,0.0,3.0,0.0,nothing,0.0,500000.0,1,44.52547158962827
88be08404bfffff,-33.711182177847995,150.7667931363224,0.0,0.0,0.0,0.0,0.0,0.0,0.0,0.0,0.0,0.0,0.0,0.0,0.0,0.0,0.0,0.0,0.0,0.0,0.0,3.0,0.0,nothing,0.0,500000.0,1,45.003911053979
88be08404dfffff,-33.70507916529519,150.78425294066017,0.0,0.0,0.0,0.0,0.0,0.0,0.0,0.0,0.0,0.0,0.0,1.0,0.0,0.0,0.0,0.0,0.0,0.0,0.0,0.0,0.0,nothing,0.0,0.0,0,43.783290409796486
88be084051fffff,-33.70888888279653,150.74510931171883,0.0,0.0,0.0,0.0,0.0,0.0,0.0,0.0,0.0,2.0,0.0,2.0,0.0,0.0,0.0,0.0,0.0,574.0842062876999,0.0,0.0,0.0,nothing,0.0,0.0,0,46.96204598943052
88be084053fffff,-33.7077408423143,150.7342680955359,0.0,0.0,0.0,0.0,0.0,0.0,0.0,0.0,0.0,0.0,0.0,0.0,0.0,0.0,0.0,0.0,0.0,1628.1991516275407,0.0,0.0,0.0,nothing,0.0,0.0,0,47.94320632356545
88be084059fffff,-33.717282597865115,150.74933123943657,0.0,0.0,0.0,0.0,0.0,0.0,0.0,0.0,0.0,2.0,0.0,0.0,0.0,0.0,0.0,0.0,0.0,0.0,0.0,0.0,0.0,nothing,0.0,0.0,0,46.25884253815102
88be08405bfffff,-33.71613485291495,150.73848881999513,0.0,0.0,0.0,0.0,0.0,0.0,0.0,0.0,8.0,17.0,0.0,0.0,0.0,0.0,0.0,0.0,0.0,2022.6802706835633,0.0,0.0,0.0,nothing,29.0,0.0,0,47.243785299446735
88be08405dfffff,-33.710035994697556,150.75595099222986,0.0,0.0,0.0,1.0,0.0,0.0,1.0,0.0,3.0,4.0,0.0,2.0,0.0,1.0,0.0,0.0,0.0,3315.3635055815166,0.0,0.0,0.0,nothing,8.0,0.0,0,45.98225079092397
88be084061fffff,-33.68104560127936,150.7824192491813,0.0,0.0,0.0,0.0,0.0,0.0,0.0,0.0,0.0,2.0,0.0,0.0,0.0,0.0,0.0,0.0,0.0,975.2050855816501,0.0,0.0,0.0,nothing,0.0,0.0,0,45.086193044111376
88be084063fffff,-33.67990101906279,150.77158052631387,0.0,0.0,0.0,0.0,0.0,0.0,0.0,0.0,0.0,0.0,0.0,1.0,0.0,0.0,0.0,0.0,0.0,0.0,0.0,0.0,0.0,nothing,0.0,0.0,0,46.04038749218509
88be084065fffff,-33.673797010312704,150.78903362529175,0.0,0.0,0.0,0.0,0.0,0.0,0.0,0.0,0.0,0.0,0.0,2.0,0.0,0.0,0.0,0.0,0.0,0.0,0.0,0.0,0.0,nothing,0.0,0.0,0,44.91633104948794
88be084069fffff,-33.68943808179623,150.78664372242434,0.0,0.0,0.0,0.0,0.0,0.0,0.0,0.0,0.0,0.0,0.0,2.0,0.0,0.0,0.0,0.0,0.0,0.0,0.0,2.0,0.0,nothing,0.0,500000.0,1,44.31893515032399
88be08406dfffff,-33.68218925550539,150.79325843345865,0.0,0.0,0.0,0.0,0.0,0.0,0.0,0.0,0.0,0.0,0.0,0.0,0.0,0.0,0.0,0.0,0.0,0.0,0.0,1.0,0.0,nothing,0.0,500000.0,1,44.13460666794805
88be084085fffff,-33.67071097396433,150.6848874436408,0.0,0.0,0.0,0.0,0.0,0.0,0.0,0.0,0.0,0.0,0.0,2.0,0.0,0.0,0.0,0.0,0.0,0.0,0.0,0.0,0.0,nothing,0.0,0.0,0,53.75097223460651
88be084087fffff,-33.66955804745221,150.67405290702015,0.0,0.0,0.0,0.0,0.0,0.0,0.0,0.0,0.0,0.0,0.0,2.0,0.0,0.0,0.0,0.0,0.0,0.0,0.0,0.0,0.0,nothing,0.0,0.0,0,54.72271362884141
88be084089fffff,-33.686348840505346,150.68247866733614,0.0,1.0,0.0,0.0,0.0,0.0,0.0,0.0,0.0,0.0,0.0,1.0,0.0,0.0,0.0,0.0,0.0,0.0,0.0,0.0,0.0,nothing,0.0,0.0,0,53.28202204717478
88be08408dfffff,-33.67910610678522,150.68910109471355,0.0,0.0,0.0,0.0,0.0,0.0,0.0,0.0,0.0,0.0,0.0,2.0,0.0,0.0,0.0,0.0,0.0,0.0,0.0,0.0,0.0,nothing,0.0,0.0,0,53.022344631296306
88be084091fffff,-33.68288625789997,150.64997064993014,0.0,0.0,0.0,0.0,0.0,0.0,0.0,0.0,0.0,5.0,0.0,0.0,0.0,0.0,0.0,0.0,0.0,523.6610746451587,0.0,0.0,0.0,nothing,0.0,0.0,0,56.22603934567279
88be084095fffff,-33.67564542617537,150.65659528116123,0.0,0.0,0.0,0.0,0.0,1.0,0.0,0.0,0.0,1.0,0.0,0.0,0.0,0.0,0.0,0.0,0.0,0.0,0.0,3.0,0.0,nothing,0.0,330000.0,1,55.95246568780007
88be084099fffff,-33.691282444672424,150.6541812154658,0.0,0.0,0.0,0.0,0.0,0.0,0.0,0.0,0.0,0.0,0.0,0.0,0.0,0.0,0.0,0.0,0.0,0.0,0.0,4.0,0.0,nothing,0.0,330000.0,1,55.529798363873354
88be08409dfffff,-33.68404137882891,150.66080618602973,0.0,0.0,0.0,0.0,0.0,0.0,0.0,0.0,0.0,0.0,0.0,0.0,0.0,0.0,0.0,0.0,0.0,0.0,0.0,3.0,0.0,nothing,0.0,330000.0,1,55.24357785535551
88be0840a3fffff,-33.65392053423583,150.67646273641347,0.0,0.0,0.0,0.0,0.0,0.0,0.0,0.0,0.0,0.0,0.0,2.0,0.0,0.0,0.0,0.0,0.0,0.0,2695.222222222222,0.0,0.0,nothing,0.0,0.0,0,55.234758828557304
88be0840a7fffff,-33.64667810638225,150.68308307562995,0.0,0.0,0.0,0.0,0.0,0.0,0.0,0.0,0.0,0.0,0.0,1.0,0.0,0.0,0.0,0.0,0.0,0.0,0.0,0.0,0.0,nothing,0.0,0.0,0,55.030608643849185
88be0840b1fffff,-33.660008418775895,150.65900846008824,0.0,0.0,0.0,0.0,0.0,1.0,0.0,0.0,0.0,10.0,0.0,0.0,0.0,0.0,0.0,0.0,0.0,8664.129114636165,0.0,2.0,0.0,nothing,0.0,330000.0,1,56.42618498666958
88be0840b5fffff,-33.65276702280719,150.6656306062949,0.0,0.0,0.0,0.0,0.0,0.0,0.0,0.0,1.0,1.0,0.0,0.0,0.0,0.0,0.0,0.0,0.0,93.80735278828851,0.0,0.0,0.0,nothing,0.0,0.0,0,56.19902920462049
88be0840b7fffff,-33.65161258580409,150.65479894544148,0.0,0.0,0.0,0.0,0.0,0.0,0.0,0.0,0.0,1.0,0.0,0.0,0.0,0.0,0.0,0.0,0.0,3178.9380471257145,0.0,3.0,0.0,nothing,0.0,330000.0,1,57.16496466216905
88be0840bbfffff,-33.66724941571923,150.65238524111354,0.0,5.0,0.0,0.0,0.0,2.0,0.0,0.0,4.0,7.0,0.0,0.0,0.0,0.0,0.0,0.0,0.0,876.0377441159881,0.0,2.0,0.0,nothing,0.0,330000.0,1,56.67047192041581
88be0840c1fffff,-33.69589619584164,150.69753099288155,0.0,0.0,0.0,0.0,0.0,0.0,0.0,0.0,0.0,0.0,0.0,3.0,0.0,0.0,0.0,0.0,0.0,0.0,0.0,0.0,0.0,nothing,0.0,0.0,0,51.59349786768152
88be0840c3fffff,-33.694744148935705,150.68669284539297,0.0,0.0,0.0,0.0,0.0,0.0,0.0,0.0,0.0,1.0,0.0,0.0,0.0,0.0,0.0,0.0,0.0,0.0,0.0,0.0,0.0,nothing,0.0,0.0,0,52.57595501027951
88be0840c9fffff,-33.704291151077605,150.70174724041877,0.0,0.0,0.0,0.0,0.0,0.0,0.0,0.0,0.0,0.0,0.0,1.0,0.0,0.0,0.0,0.0,0.0,0.0,0.0,0.0,0.0,nothing,4.0,0.0,0,50.894077717036026
88be0840cdfffff,-33.69704731520554,150.70836960788458,0.0,0.0,0.0,0.0,0.0,0.0,0.0,0.0,0.0,5.0,0.0,0.0,0.0,0.0,0.0,0.0,0.0,0.0,0.0,0.0,0.0,nothing,0.0,0.0,0,50.6122258927307
88be0840d3fffff,-33.69967857294049,150.6583926461152,0.0,0.0,0.0,0.0,0.0,0.0,0.0,0.0,0.0,0.0,0.0,0.0,0.0,0.0,0.0,0.0,0.0,0.0,0.0,4.0,0.0,nothing,0.0,330000.0,1,54.84330449794347
88be0840d5fffff,-33.69359117465829,150.67585516616407,0.0,0.0,0.0,0.0,0.0,0.0,0.0,0.0,0.0,0.0,0.0,0.0,0.0,0.0,0.0,0.0,0.0,30487.86271676871,0.0,0.0,0.0,nothing,2.0,0.0,0,53.55953110247617
88be0840e1fffff,-33.67301404742611,150.70655792049442,0.0,1.0,0.0,0.0,0.0,0.0,0.0,0.0,0.0,0.0,0.0,0.0,0.0,0.0,0.0,0.0,0.0,0.0,0.0,0.0,0.0,nothing,0.0,0.0,0,51.812171078332234
88be0840e9fffff,-33.68140859336001,150.71077397791083,0.0,0.0,0.0,0.0,0.0,0.0,0.0,0.0,0.0,0.0,0.0,1.0,0.0,0.0,0.0,0.0,0.0,0.0,0.0,0.0,0.0,nothing,0.0,0.0,0,51.075898214156325
88be084101fffff,-33.63526560841509,150.800421278965,0.0,0.0,0.0,0.0,0.0,0.0,0.0,0.0,0.0,0.0,0.0,19.0,0.0,0.0,0.0,0.0,0.0,2028.04088251739,0.0,0.0,0.0,nothing,23.0,0.0,0,46.20958804606902
88be084103fffff,-33.634122959991515,150.78958791686367,0.0,0.0,0.0,1.0,0.0,0.0,0.0,0.0,2.0,0.0,0.0,11.0,0.0,0.0,0.0,0.0,0.0,9188.827711510046,0.0,0.0,0.0,nothing,9.0,33000.0,0,47.119092698184794
88be084105fffff,-33.62801590984359,150.80703068742136,0.0,0.0,0.0,0.0,0.0,0.0,0.0,0.0,0.0,0.0,0.0,11.0,0.0,0.0,0.0,0.0,0.0,10185.449210835342,0.0,0.0,0.0,nothing,8.0,33000.0,0,46.154647737099886
88be084107fffff,-33.62687389208474,150.79619806527418,0.0,0.0,0.0,0.0,0.0,0.0,0.0,0.0,0.0,1.0,0.0,12.0,0.0,0.0,0.0,0.0,0.0,8419.00760670305,0.0,0.0,0.0,nothing,9.0,33000.0,0,47.05428367580152
88be084109fffff,-33.64365726568152,150.80464535829697,0.0,0.0,0.0,0.0,0.0,0.0,0.0,0.0,0.0,0.0,0.0,3.0,0.0,0.0,0.0,0.0,0.0,0.0,0.0,0.0,0.0,nothing,3.0,0.0,0,45.37163574627623
88be08410bfffff,-33.64251491304401,150.79381079624093,0.0,0.0,0.0,0.0,0.0,0.0,0.0,0.0,0.0,0.0,0.0,2.0,0.0,0.0,0.0,0.0,0.0,0.0,0.0,0.0,0.0,nothing,2.0,0.0,0,46.286560946226444
88be08410dfffff,-33.636407330326804,150.8112551007164,0.0,0.0,0.0,0.0,0.0,0.0,0.0,0.0,0.0,0.0,0.0,3.0,0.0,0.0,0.0,0.0,0.0,0.0,0.0,0.0,0.0,nothing,3.0,33000.0,0,45.304463338991326
88be084119fffff,-33.64861991270791,150.776364397727,0.0,0.0,0.0,0.0,0.0,0.0,0.0,0.0,0.0,0.0,0.0,1.0,0.0,0.0,0.0,0.0,0.0,7439.701689433176,0.0,0.0,0.0,nothing,0.0,0.0,0,47.31332619412818
88be08411dfffff,-33.64137163370423,150.78297669437652,0.0,0.0,0.0,0.0,0.0,0.0,0.0,0.0,0.0,0.0,0.0,2.0,0.0,0.0,0.0,0.0,0.0,6817.895000361928,0.0,0.0,0.0,nothing,1.0,33000.0,0,47.20547970561555
88be084121fffff,-33.612374575749065,150.80941514020853,2.0,4.0,0.0,4.0,0.0,0.0,5.0,0.0,2.0,8.0,1.0,5.0,1.0,0.0,0.0,0.0,0.0,19065.030233508824,0.0,2.0,2.0,6 kW,39.0,0.0,1,46.98972821497935
88be084123fffff,-33.61123289279262,150.79858445731364,0.0,0.0,0.0,0.0,0.0,0.0,0.0,0.0,0.0,0.0,0.0,2.0,0.0,0.0,0.0,0.0,0.0,0.0,0.0,0.0,0.0,nothing,1.0,0.0,0,47.873607240710555
88be084125fffff,-33.60512432835026,150.81602206690422,0.0,5.0,0.0,14.0,6.0,0.0,1.0,1.0,5.0,48.0,0.0,6.0,0.0,6.0,0.0,0.0,0.0,26026.85196110789,0.0,0.0,0.0,nothing,23.0,0.0,0,46.99007176196352
88be084127fffff,-33.603983275494414,150.80519212399454,0.0,0.0,0.0,0.0,0.0,0.0,0.0,0.0,0.0,0.0,0.0,0.0,0.0,0.0,0.0,0.0,0.0,1653.3800184149068,0.0,0.0,0.0,nothing,0.0,0.0,0,47.86319780884748
88be084129fffff,-33.62076581784458,150.81363902169613,0.0,0.0,0.0,0.0,0.0,0.0,12.0,0.0,0.0,4.0,0.0,4.0,0.0,0.0,0.0,0.0,0.0,0.0,0.0,0.0,0.0,nothing,8.0,33000.0,0,46.12181906600057
88be08412bfffff,-33.6196244304989,150.80280713969384,0.0,0.0,0.0,1.0,0.0,0.0,0.0,0.0,0.0,3.0,0.0,11.0,0.0,2.0,0.0,0.0,0.0,5890.527607180955,0.0,0.0,0.0,nothing,24.0,0.0,0,47.011142187313936
88be08412dfffff,-33.61351533293314,150.82024628187534,0.0,0.0,0.0,1.0,0.0,0.0,0.0,0.0,0.0,4.0,0.0,4.0,0.0,0.0,0.0,0.0,0.0,31921.10930291693,0.0,0.0,0.0,nothing,24.0,33000.0,0,46.11114956626904
88be084135fffff,-33.61009028423172,150.78775423393552,0.0,1.0,0.0,1.0,0.0,0.0,1.0,0.0,5.0,1.0,0.0,2.0,0.0,0.0,0.0,0.0,0.0,8639.92918606016,0.0,0.0,0.0,nothing,5.0,0.0,0,48.762497358289394
88be084137fffff,-33.60894675023445,150.77692447081878,0.0,0.0,0.0,1.0,0.0,0.0,0.0,0.0,1.0,4.0,0.0,0.0,0.0,0.0,0.0,0.0,0.0,6001.102587770241,0.0,0.0,0.0,nothing,0.0,0.0,0,49.6561284151287
88be084141fffff,-33.653189992709194,150.81970652488957,0.0,0.0,0.0,0.0,0.0,0.0,0.0,0.0,0.0,0.0,0.0,0.0,0.0,0.0,0.0,0.0,0.0,0.0,0.0,2.0,0.0,nothing,0.0,500000.0,1,43.624501062770385
88be084145fffff,-33.645939190177536,150.82631586000142,0.0,0.0,0.0,0.0,0.0,0.0,0.0,0.0,0.0,0.0,0.0,0.0,0.0,0.0,0.0,0.0,0.0,0.0,0.0,3.0,0.0,nothing,0.0,500000.0,1,43.5547763547467
88be084147fffff,-33.644798691448656,150.81548037979906,0.0,0.0,0.0,0.0,0.0,0.0,0.0,0.0,0.0,0.0,0.0,2.0,0.0,0.0,0.0,0.0,0.0,0.0,0.0,0.0,0.0,nothing,1.0,0.0,0,44.460951808302845
88be084149fffff,-33.66158123360844,150.82393353620822,0.0,0.0,0.0,0.0,0.0,0.0,0.0,0.0,0.0,0.0,0.0,0.0,0.0,0.0,0.0,0.0,0.0,0.0,0.0,2.0,0.0,nothing,0.0,500000.0,1,42.795525972862244
88be084151fffff,-33.658155953257626,150.79142264973862,0.0,0.0,0.0,0.0,0.0,0.0,0.0,0.0,0.0,0.0,0.0,2.0,0.0,0.0,0.0,0.0,0.0,0.0,0.0,0.0,0.0,nothing,0.0,0.0,0,45.57304840932879
88be084157fffff,-33.64976382321532,150.78719923916336,0.0,0.0,0.0,0.0,0.0,0.0,0.0,0.0,0.0,0.0,0.0,0.0,0.0,0.0,0.0,0.0,0.0,12192.40375546286,0.0,0.0,0.0,nothing,0.0,0.0,0,46.38545644017456
88be084159fffff,-33.66654802333124,150.7956469263228,0.0,2.0,0.0,0.0,0.0,0.0,0.0,0.0,0.0,0.0,0.0,0.0,0.0,0.0,0.0,0.0,0.0,0.0,0.0,0.0,0.0,nothing,0.0,0.0,0,44.7686710093075
88be08415bfffff,-33.66540470444891,150.78480968342785,0.0,0.0,0.0,0.0,0.0,0.0,0.0,0.0,0.0,0.0,0.0,1.0,0.0,0.0,0.0,0.0,0.0,0.0,0.0,0.0,0.0,nothing,0.0,0.0,0,45.706992478957666
88be084161fffff,-33.6302971662295,150.82869730829694,0.0,0.0,0.0,0.0,0.0,0.0,0.0,0.0,2.0,0.0,0.0,3.0,0.0,0.0,0.0,0.0,0.0,8086.872350001349,0.0,1.0,1.0,kW,3.0,0.0,1,44.37000399930377
88be084163fffff,-33.6291570012811,150.81786376867743,0.0,0.0,0.0,0.0,0.0,0.0,0.0,0.0,0.0,0.0,0.0,0.0,0.0,0.0,0.0,0.0,0.0,0.0,0.0,0.0,0.0,nothing,0.0,132000.0,0,45.259791069643676
88be084165fffff,-33.62304581397612,150.83530416065878,0.0,1.0,0.0,1.0,0.0,0.0,0.0,0.0,1.0,12.0,0.0,4.0,0.0,0.0,0.0,0.0,0.0,15880.727536300808,0.0,0.0,0.0,nothing,8.0,0.0,0,44.359054204902336
88be084167fffff,-33.621906279059516,150.82447136226622,0.0,0.0,0.0,0.0,0.0,0.0,0.0,0.0,1.0,0.0,0.0,3.0,0.0,0.0,0.0,0.0,0.0,0.0,0.0,0.0,0.0,nothing,0.0,0.0,0,45.23768590977625
88be084169fffff,-33.63868799394316,150.83292412018753,0.0,0.0,0.0,0.0,0.0,0.0,0.0,0.0,0.0,0.0,0.0,0.0,0.0,0.0,0.0,0.0,0.0,0.0,0.0,7.0,0.0,nothing,0.0,500000.0,1,43.508450598167364
88be08416bfffff,-33.63754812555873,150.82208938137248,0.0,0.0,0.0,0.0,0.0,0.0,0.0,0.0,0.0,0.0,0.0,0.0,0.0,0.0,0.0,0.0,0.0,0.0,0.0,0.0,0.0,nothing,0.0,132000.0,0,44.403987578867515
88be08416dfffff,-33.63143640452124,150.8395313055343,0.0,0.0,0.0,1.0,1.0,0.0,0.0,0.0,0.0,7.0,0.0,4.0,0.0,0.0,0.0,0.0,0.0,16069.419397744137,0.0,3.0,2.0,kW,0.0,500000.0,1,43.485598902125076
88be084191fffff,-33.632192057951436,150.69632053576544,0.0,1.0,0.0,0.0,0.0,0.0,0.0,0.0,0.0,0.0,0.0,0.0,0.0,0.0,0.0,0.0,0.0,0.0,0.0,0.0,0.0,nothing,0.0,0.0,0,54.67614256078683
88be084193fffff,-33.631040445893206,150.68549060914464,0.0,0.0,0.0,0.0,0.0,0.0,0.0,0.0,0.0,0.0,0.0,2.0,0.0,0.0,0.0,0.0,0.0,0.0,0.0,0.0,0.0,nothing,0.0,0.0,0,55.62237144587148
88be084195fffff,-33.62494843840328,150.70293765685273,0.0,7.0,0.0,0.0,0.0,0.0,0.0,0.0,0.0,0.0,0.0,2.0,0.0,0.0,0.0,0.0,0.0,0.0,0.0,0.0,0.0,nothing,0.0,0.0,0,54.526177210758654
88be084197fffff,-33.62379745896749,150.69210846511746,0.0,0.0,0.0,0.0,0.0,0.0,0.0,0.0,0.0,1.0,0.0,0.0,0.0,0.0,0.0,0.0,0.0,0.0,0.0,0.0,0.0,nothing,0.0,0.0,0,55.465695058230594
88be0841a1fffff,-33.6043633632521,150.73361003585134,0.0,0.0,0.0,0.0,0.0,0.0,0.0,0.0,0.0,0.0,0.0,3.0,0.0,1.0,0.0,0.0,0.0,0.0,0.0,0.0,0.0,nothing,0.0,0.0,0,53.27325206346533
88be0841a3fffff,-33.6032152046027,150.7227825852041,0.0,0.0,0.0,0.0,0.0,0.0,0.0,0.0,0.0,0.0,0.0,2.0,0.0,0.0,0.0,0.0,0.0,0.0,0.0,0.0,0.0,nothing,0.0,0.0,0,54.18711163580504
88be0841a5fffff,-33.59711753055151,150.74022213108245,0.0,0.0,0.0,0.0,0.0,0.0,0.0,0.0,0.0,0.0,0.0,1.0,0.0,0.0,0.0,0.0,0.0,2027.3296975055348,0.0,0.0,0.0,nothing,2.0,0.0,0,53.20592668942815
88be0841a9fffff,-33.61275666709385,150.73782551931586,0.0,0.0,0.0,0.0,0.0,0.0,0.0,0.0,0.0,0.0,0.0,3.0,0.0,0.0,0.0,0.0,0.0,0.0,0.0,0.0,0.0,nothing,0.0,0.0,0,52.44112278512614
88be0841adfffff,-33.6055105973091,150.7444379504802,0.0,0.0,0.0,0.0,0.0,0.0,0.0,0.0,0.0,0.0,0.0,8.0,0.0,0.0,0.0,0.0,0.0,288.96988356438,0.0,0.0,0.0,nothing,14.0,0.0,0,52.36302360509373
88be0841b3fffff,-33.608159656886464,150.69451370472623,0.0,1.0,0.0,0.0,0.0,0.0,0.0,0.0,1.0,1.0,0.0,0.0,0.0,0.0,0.0,0.0,0.0,3643.0010496073987,0.0,0.0,0.0,nothing,0.0,0.0,0,56.134665123680385
88be0841b9fffff,-33.617704422652714,150.7095537053987,0.0,0.0,0.0,0.0,0.0,0.0,0.0,0.0,0.0,0.0,0.0,2.0,0.0,0.0,0.0,0.0,0.0,0.0,0.0,0.0,0.0,nothing,0.0,0.0,0,54.39459724925057
88be0841bbfffff,-33.616554075588745,150.69872524874182,0.0,0.0,0.0,0.0,0.0,0.0,0.0,0.0,0.0,0.0,0.0,0.0,0.0,0.0,0.0,0.0,0.0,1257.0512390948008,2166.8888888888887,0.0,0.0,nothing,0.0,0.0,0,55.32705647473776
88be0841bdfffff,-33.610460011214315,150.71616868148766,0.0,0.0,0.0,0.0,0.0,0.0,0.0,0.0,0.0,0.0,0.0,1.0,0.0,0.0,0.0,0.0,0.0,0.0,0.0,0.0,0.0,nothing,1.0,0.0,0,54.28153665783483
88be0841c3fffff,-33.64403500512572,150.7330296542216,0.0,1.0,0.0,1.0,0.0,0.0,0.0,0.0,1.0,3.0,0.0,3.0,1.0,2.0,0.0,0.0,0.0,268.37733295924966,0.0,0.0,0.0,nothing,3.0,0.0,0,51.05703999498694
88be0841c7fffff,-33.63678925269244,150.7396449037401,0.0,0.0,0.0,0.0,0.0,0.0,0.0,0.0,0.0,0.0,0.0,2.0,0.0,0.0,0.0,0.0,0.0,0.0,0.0,0.0,0.0,nothing,0.0,0.0,0,50.916731584522616
88be0841c9fffff,-33.65357593206117,150.74808125200337,0.0,0.0,0.0,0.0,0.0,0.0,0.0,0.0,0.0,0.0,0.0,1.0,0.0,0.0,0.0,0.0,0.0,0.0,0.0,0.0,0.0,nothing,0.0,0.0,0,49.32423472589218
88be0841cbfffff,-33.65242860989921,150.73724705948482,0.0,0.0,0.0,0.0,0.0,0.0,0.0,0.0,0.0,0.0,0.0,2.0,0.0,0.0,0.0,0.0,0.0,0.0,0.0,0.0,0.0,nothing,1.0,0.0,0,50.26929205788359
88be0841cdfffff,-33.646329311689534,150.75469610003606,0.0,0.0,0.0,0.0,0.0,0.0,0.0,0.0,0.0,0.0,0.0,2.0,0.0,0.0,0.0,0.0,0.0,0.0,0.0,0.0,0.0,nothing,0.0,0.0,0,49.17910539158704
88be0841ddfffff,-33.651280361330464,150.72641333122257,0.0,0.0,0.0,0.0,0.0,0.0,0.0,0.0,0.0,0.0,0.0,1.0,0.0,0.0,0.0,0.0,0.0,0.0,0.0,0.0,0.0,nothing,0.0,0.0,0,51.21693084094794
88be0841e1fffff,-33.622296561199235,150.75287218267508,0.0,0.0,0.0,0.0,0.0,0.0,0.0,0.0,0.0,0.0,0.0,0.0,0.0,0.0,0.0,0.0,0.0,255.57734403499194,0.0,0.0,0.0,nothing,0.0,0.0,0,50.69549095482253
88be0841e3fffff,-33.621149914358156,150.7420418672463,0.0,0.0,0.0,0.0,0.0,0.0,0.0,0.0,0.0,0.0,0.0,2.0,0.0,0.0,0.0,0.0,0.0,0.0,0.0,0.0,0.0,nothing,0.0,0.0,0,51.61532497850159
88be0841e7fffff,-33.61390360769156,150.748654634271,0.0,0.0,0.0,0.0,0.0,0.0,0.0,1.0,0.0,2.0,0.0,0.0,0.0,0.0,0.0,0.0,0.0,65229.09759063874,0.0,0.0,0.0,nothing,31.0,0.0,0,51.5261125249225
88be084201fffff,-33.74475429267114,150.78369567393955,0.0,0.0,0.0,0.0,0.0,0.0,0.0,0.0,0.0,3.0,0.0,5.0,0.0,0.0,0.0,0.0,0.0,60039.06165119628,0.0,4.0,0.0,nothing,21.0,330000.0,1,42.232166623660206
88be084203fffff,-33.74360929630844,150.77284871755458,0.0,0.0,0.0,0.0,0.0,0.0,0.0,0.0,0.0,2.0,0.0,4.0,0.0,0.0,0.0,0.0,0.0,1578.4552666490727,0.0,0.0,0.0,nothing,6.0,0.0,0,43.22592193437672
88be084205fffff,-33.737505722196225,150.79031495384837,0.0,0.0,0.0,0.0,0.0,0.0,0.0,0.0,0.0,1.0,0.0,16.0,0.0,0.0,0.0,0.0,0.0,774.0371387142136,0.0,4.0,0.0,nothing,12.0,330000.0,1,41.91717903147778
88be084207fffff,-33.736361358686786,150.77946873853486,0.0,3.0,0.0,1.0,0.0,0.0,0.0,0.0,2.0,3.0,0.0,7.0,0.0,0.0,0.0,0.0,0.0,17673.072510610873,0.0,1.0,1.0,22 kW,61.0,0.0,1,42.90624516775297
88be084209fffff,-33.75314716267424,150.78792347704626,0.0,0.0,0.0,0.0,0.0,0.0,0.0,0.0,0.0,1.0,0.0,12.0,0.0,0.0,0.0,0.0,0.0,900.2131600282052,0.0,3.0,0.0,nothing,9.0,330000.0,1,41.571689950071054
88be08420bfffff,-33.75200246375297,150.77707531721953,0.0,0.0,0.0,2.0,0.0,0.0,0.0,0.0,0.0,2.0,0.0,17.0,0.0,0.0,0.0,0.0,0.0,29669.83463688516,0.0,0.0,0.0,nothing,22.0,0.0,0,42.56884956271493
88be08420dfffff,-33.74589835867793,150.7945430923431,0.0,0.0,0.0,0.0,0.0,0.0,0.0,0.0,1.0,4.0,0.0,16.0,0.0,1.0,0.0,0.0,0.0,8759.27853028162,0.0,0.0,0.0,nothing,53.0,0.0,0,41.2393356277753
88be084211fffff,-33.74971027444115,150.7553803860013,0.0,0.0,0.0,0.0,0.0,0.0,0.0,0.0,0.0,1.0,0.0,0.0,0.0,0.0,0.0,0.0,0.0,0.0,0.0,6.0,0.0,nothing,0.0,500000.0,1,44.56527585141155
88be084213fffff,-33.74856278438898,150.7445336161057,0.0,2.0,0.0,8.0,1.0,0.0,1.0,0.0,3.0,18.0,0.0,17.0,0.0,1.0,0.0,0.0,0.0,18217.088967292195,0.0,3.0,0.0,nothing,34.0,132000.0,1,45.564447925391626
88be084215fffff,-33.742463369758745,150.7620022239362,0.0,0.0,0.0,0.0,0.0,1.0,0.0,0.0,0.0,1.0,0.0,0.0,0.0,0.0,0.0,0.0,0.0,8941.908678267362,0.0,0.0,0.0,nothing,0.0,0.0,0,44.22053807424912
88be084217fffff,-33.74131651319119,150.75115619383212,0.0,0.0,0.0,0.0,0.0,0.0,0.0,0.0,5.0,0.0,0.0,11.0,0.0,0.0,0.0,0.0,0.0,1227.5724434375786,0.0,2.0,0.0,nothing,29.0,500000.0,1,45.21595708739672
88be084219fffff,-33.758103972103164,150.75960544565092,1.0,4.0,0.0,3.0,1.0,0.0,1.0,0.0,4.0,16.0,0.0,3.0,1.0,1.0,0.0,0.0,0.0,34269.98644929532,7687.888888888889,3.0,0.0,nothing,15.0,500000.0,1,43.92817124491033
88be08421bfffff,-33.756956778712706,150.748757471554,0.0,0.0,1.0,1.0,0.0,0.0,0.0,0.0,1.0,4.0,0.0,9.0,0.0,0.0,0.0,0.0,0.0,8337.20860943122,0.0,0.0,0.0,nothing,19.0,66000.0,0,44.93012982721871
88be08421dfffff,-33.750856834285585,150.7662276199552,0.0,0.0,0.0,0.0,0.0,0.0,0.0,0.0,0.0,0.0,0.0,2.0,0.0,0.0,0.0,0.0,0.0,7835.886709702645,0.0,3.0,0.0,nothing,2.0,500000.0,1,43.56672801339907
88be084221fffff,-33.721864286570174,150.79270555098162,0.0,0.0,0.0,0.0,0.0,0.0,0.0,0.0,0.0,0.0,0.0,10.0,0.0,0.0,0.0,0.0,0.0,2244.1535017165106,0.0,0.0,0.0,nothing,6.0,0.0,0,42.332164267541
88be084223fffff,-33.72072025839643,150.78186127952264,0.0,0.0,0.0,1.0,0.0,0.0,0.0,0.0,0.0,0.0,0.0,6.0,0.0,0.0,0.0,0.0,0.0,0.0,0.0,0.0,0.0,nothing,12.0,0.0,0,43.31168934666794
88be084227fffff,-33.71347175722074,150.78847881226463,0.0,0.0,0.0,0.0,0.0,0.0,0.0,0.0,0.0,2.0,0.0,0.0,0.0,0.0,0.0,0.0,0.0,0.0,0.0,0.0,0.0,nothing,0.0,0.0,0,43.05199955724121
88be084229fffff,-33.730256752843346,150.79693315703207,0.0,0.0,0.0,0.0,0.0,0.0,0.0,0.0,0.0,1.0,0.0,10.0,0.0,0.0,0.0,0.0,0.0,7122.093345384201,0.0,4.0,0.0,nothing,22.0,330000.0,1,41.624379716501906
88be08422bfffff,-33.72911302193567,150.7860876829819,0.0,0.0,0.0,1.0,0.0,0.0,0.0,0.0,4.0,2.0,0.0,12.0,0.0,0.0,0.0,0.0,0.0,6405.327395715771,0.0,0.0,0.0,nothing,66.0,0.0,0,42.60817368722827
88be08422dfffff,-33.72300738512763,150.8035502835768,0.0,0.0,0.0,0.0,0.0,0.0,0.0,0.0,0.0,0.0,0.0,2.0,0.0,0.0,0.0,0.0,0.0,8836.158523782897,0.0,4.0,0.0,nothing,5.0,330000.0,1,41.35424037268713
88be084233fffff,-33.72567625104839,150.75355403389798,0.0,0.0,0.0,0.0,0.0,0.0,0.0,0.0,0.0,0.0,0.0,0.0,0.0,0.0,0.0,0.0,0.0,0.0,0.0,3.0,0.0,nothing,5.0,500000.0,1,45.5671638303395
88be084235fffff,-33.71957530077506,150.7710174699473,0.0,0.0,0.0,0.0,0.0,0.0,0.0,0.0,0.0,0.0,0.0,2.0,0.0,0.0,0.0,0.0,0.0,0.0,0.0,0.0,0.0,nothing,0.0,0.0,0,44.292708214627005
88be084237fffff,-33.71842941387492,150.76017412300294,0.0,0.0,0.0,0.0,0.0,0.0,0.0,0.0,0.0,0.0,0.0,0.0,0.0,0.0,0.0,0.0,0.0,0.0,0.0,2.0,0.0,nothing,0.0,500000.0,1,45.27512262440475
88be08423bfffff,-33.7340698418463,150.75777769532417,0.0,0.0,0.0,0.0,0.0,0.0,0.0,0.0,0.0,1.0,0.0,3.0,0.0,0.0,0.0,0.0,0.0,0.0,0.0,0.0,0.0,nothing,58.0,0.0,0,44.88754341926376
88be08423dfffff,-33.72796836122137,150.77524267061114,0.0,0.0,0.0,2.0,0.0,0.0,0.0,0.0,4.0,5.0,0.0,0.0,0.0,0.0,0.0,0.0,0.0,8358.534857077495,0.0,0.0,0.0,nothing,65.0,0.0,0,43.593293813831174
88be084241fffff,-33.76268343830373,150.8030019731017,0.0,0.0,0.0,0.0,0.0,0.0,0.0,0.0,0.0,2.0,0.0,7.0,0.0,0.0,0.0,0.0,0.0,0.0,0.0,20.0,0.0,nothing,44.0,330000.0,1,39.92577246829768
88be084243fffff,-33.76153996819583,150.7921521480762,0.0,0.0,0.0,0.0,0.0,0.0,0.0,0.0,0.0,7.0,0.0,4.0,0.0,0.0,0.0,0.0,0.0,0.0,0.0,28.0,0.0,nothing,2.0,330000.0,1,40.92547454192023
88be084245fffff,-33.7554337682032,150.80962118139377,0.0,0.0,0.0,0.0,0.0,0.0,0.0,0.0,0.0,3.0,0.0,14.0,0.0,0.0,0.0,0.0,0.0,1960.1370384766835,0.0,2.0,0.0,nothing,60.0,132000.0,1,39.57974973637067
88be084247fffff,-33.75429093088052,150.79877209868715,0.0,0.0,0.0,0.0,0.0,0.0,0.0,0.0,0.0,8.0,0.0,14.0,0.0,0.0,0.0,0.0,0.0,6169.9350695781595,0.0,6.0,0.0,nothing,29.0,330000.0,1,40.575303445734555
88be084249fffff,-33.771075880447256,150.80723271580783,0.0,0.0,0.0,0.0,0.0,0.0,0.0,0.0,1.0,3.0,0.0,8.0,0.0,2.0,0.0,0.0,0.0,13532.459201815464,0.0,5.0,0.0,nothing,41.0,330000.0,1,39.29146273934188
88be08424bfffff,-33.76993270873563,150.79638168725057,0.0,0.0,0.0,0.0,0.0,0.0,0.0,0.0,0.0,0.0,0.0,16.0,0.0,0.0,0.0,0.0,0.0,0.0,0.0,11.0,0.0,nothing,16.0,330000.0,1,40.2942074026524
88be08424dfffff,-33.76382597716901,150.81385225898796,0.0,1.0,0.0,0.0,0.0,0.0,1.0,0.0,2.0,8.0,0.0,19.0,0.0,1.0,0.0,0.0,0.0,56701.75184284127,0.0,0.0,0.0,nothing,124.0,66000.0,0,38.92674787495188
88be084251fffff,-33.76764357118169,150.77468101509908,0.0,0.0,0.0,36.0,22.0,0.0,6.0,5.0,7.0,127.0,0.0,15.0,0.0,6.0,1.0,0.0,0.0,102873.77607394282,0.0,0.0,0.0,nothing,147.0,0.0,0,42.30113212965043
88be084253fffff,-33.76649760567706,150.7638313730023,0.0,3.0,0.0,2.0,0.0,0.0,0.0,0.0,2.0,21.0,0.0,9.0,0.0,0.0,0.0,0.0,0.0,67585.68379959627,8961.268973214286,2.0,0.0,nothing,24.0,500000.0,1,43.30524329129629
88be084255fffff,-33.760395567013866,150.78130278466028,0.0,3.0,0.0,0.0,0.0,0.0,0.0,0.0,16.0,11.0,0.0,12.0,0.0,0.0,0.0,0.0,0.0,11002.023261212202,12961.666666666666,3.0,0.0,nothing,37.0,132000.0,1,41.92580440876942
88be084257fffff,-33.75925023492663,150.7704538836024,2.0,5.0,0.0,0.0,0.0,0.0,2.0,0.0,2.0,13.0,0.0,2.0,1.0,0.0,0.0,0.0,0.0,31546.808394551565,0.0,2.0,0.0,nothing,16.0,132000.0,1,42.92671697943569
88be084259fffff,-33.77603684255047,150.77890901466648,0.0,0.0,1.0,0.0,0.0,0.0,0.0,0.0,1.0,1.0,0.0,18.0,0.0,2.0,0.0,0.0,0.0,798.4526826107192,0.0,0.0,0.0,nothing,29.0,0.0,0,41.6906237083901
88be08425bfffff,-33.7748911746626,150.76805816827667,0.0,1.0,0.0,1.0,0.0,0.0,1.0,0.0,0.0,1.0,0.0,9.0,0.0,0.0,0.0,0.0,0.0,5020.590117824402,0.0,0.0,0.0,nothing,23.0,0.0,0,42.69711329415127
88be08425dfffff,-33.76878860559086,150.78553112009806,0.0,0.0,0.0,0.0,0.0,0.0,0.0,0.0,3.0,1.0,0.0,15.0,0.0,0.0,0.0,0.0,0.0,726.603190119864,0.0,0.0,0.0,nothing,37.0,0.0,0,41.29744257115438
88be084261fffff,-33.739791658549784,150.81200876815242,0.0,0.0,0.0,9.0,1.0,0.0,1.0,0.0,1.0,25.0,0.0,14.0,0.0,1.0,0.0,0.0,0.0,37625.98445241314,0.0,1.0,0.0,nothing,61.0,330000.0,1,39.942611187023076
88be084263fffff,-33.73864915554007,150.80116163063693,0.0,2.0,0.0,0.0,0.0,0.0,0.0,0.0,0.0,2.0,0.0,18.0,0.0,0.0,0.0,0.0,0.0,6460.987215485499,0.0,4.0,0.0,nothing,53.0,330000.0,1,40.929271941728004
88be084265fffff,-33.732541424564765,150.8186254871795,0.0,0.0,0.0,0.0,0.0,0.0,0.0,0.0,1.0,0.0,0.0,27.0,0.0,0.0,0.0,0.0,0.0,12968.457267704574,0.0,2.0,0.0,nothing,68.0,330000.0,1,39.661170047385234
88be084267fffff,-33.73139955377583,150.80777909201393,0.0,0.0,0.0,0.0,0.0,0.0,0.0,0.0,2.0,5.0,0.0,9.0,0.0,0.0,0.0,0.0,0.0,5168.486528712695,0.0,4.0,0.0,nothing,27.0,330000.0,1,40.64200947398252
88be084269fffff,-33.74818369894923,150.81623931221327,0.0,0.0,0.0,1.0,0.0,0.0,0.0,0.0,0.0,0.0,0.0,13.0,0.0,0.0,0.0,0.0,0.0,7696.527798354378,0.0,0.0,0.0,nothing,56.0,0.0,0,39.25673228159094
88be08426bfffff,-33.74704149416011,150.80539097201714,0.0,2.0,1.0,1.0,0.0,0.0,0.0,0.0,1.0,10.0,0.0,15.0,0.0,1.0,0.0,0.0,0.0,21218.270071730436,0.0,4.0,0.0,nothing,87.0,330000.0,1,40.247498630727904
88be08426dfffff,-33.74093323105708,150.8228563656467,0.0,0.0,0.0,0.0,0.0,0.0,0.0,0.0,3.0,3.0,0.0,21.0,0.0,0.0,0.0,0.0,0.0,1715.9095532877416,0.0,0.0,0.0,nothing,42.0,0.0,0,38.957292779312475
88be084281fffff,-33.736719790133186,150.707776723507,0.0,0.0,0.0,0.0,0.0,0.0,0.0,0.0,0.0,15.0,0.0,9.0,0.0,0.0,0.0,0.0,0.0,10818.266712039673,0.0,0.0,0.0,nothing,5.0,22000.0,0,49.20466549620246
88be084283fffff,-33.735568286021426,150.69693302218386,0.0,0.0,0.0,4.0,0.0,0.0,0.0,0.0,1.0,73.0,0.0,5.0,0.0,0.0,0.0,0.0,0.0,46894.61268561082,0.0,1.0,1.0,kW,35.0,33000.0,1,50.20338591987227
88be084285fffff,-33.7294756536182,150.71440117949572,0.0,0.0,0.0,0.0,0.0,0.0,0.0,0.0,1.0,3.0,0.0,14.0,0.0,0.0,0.0,0.0,0.0,129.88970040316866,0.0,0.0,0.0,nothing,26.0,0.0,0,48.86097526580225
88be084287fffff,-33.72832478368718,150.7035582154364,0.0,5.0,0.0,3.0,3.0,0.0,1.0,0.0,20.0,40.0,0.0,14.0,0.0,0.0,0.0,0.0,0.0,14857.87866480014,0.0,0.0,0.0,nothing,72.0,0.0,0,49.856269682475684
88be084289fffff,-33.745114734682566,150.711996098244,0.0,0.0,0.0,1.0,0.0,0.0,1.0,0.0,7.0,36.0,0.0,24.0,0.0,0.0,0.0,0.0,0.0,10752.855393239388,0.0,4.0,0.0,nothing,45.0,132000.0,1,48.5653133765327
88be08428bfffff,-33.743963525497094,150.70115119205596,0.0,1.0,0.0,0.0,1.0,0.0,0.0,0.0,2.0,27.0,0.0,7.0,0.0,0.0,0.0,0.0,0.0,6966.3817038649895,0.0,3.0,0.0,nothing,98.0,132000.0,1,49.566602078744914
88be08428dfffff,-33.73787036507621,150.71862089208028,0.0,0.0,0.0,2.0,0.0,0.0,2.0,0.0,5.0,4.0,0.0,23.0,0.0,0.0,0.0,0.0,0.0,19413.925382583187,0.0,0.0,0.0,nothing,49.0,0.0,0,48.206522971390406
88be084291fffff,-33.74165831922348,150.67946278381018,0.0,0.0,0.0,1.0,0.0,0.0,0.0,0.0,0.0,0.0,0.0,0.0,0.0,0.0,0.0,0.0,0.0,2722.308914935937,0.0,3.0,0.0,nothing,2.0,132000.0,1,51.57049888251476
88be084293fffff,-33.7405043224769,150.66861928324553,0.0,0.0,0.0,0.0,0.0,0.0,0.0,0.0,0.0,0.0,0.0,0.0,0.0,0.0,0.0,0.0,0.0,52712.22402823489,0.0,3.0,0.0,nothing,0.0,132000.0,1,52.57305466255602
88be084295fffff,-33.734415852911425,150.68608978885737,0.0,0.0,0.0,1.0,0.0,0.0,0.0,0.0,0.0,0.0,0.0,0.0,0.0,0.0,0.0,0.0,0.0,0.0,0.0,2.0,4.0,22 kW,0.0,0.0,1,51.202649387677205
88be084299fffff,-33.750054085969765,150.6836794097878,0.0,0.0,0.0,3.0,0.0,0.0,0.0,0.0,2.0,11.0,0.0,1.0,0.0,0.0,0.0,0.0,0.0,45389.59195141907,6454.004761904762,4.0,0.0,nothing,36.0,132000.0,1,50.950747209563076
88be08429bfffff,-33.748900383368444,150.6728347036036,1.0,2.0,1.0,7.0,2.0,0.0,0.0,0.0,12.0,20.0,1.0,6.0,0.0,0.0,0.0,0.0,0.0,92747.7800382546,0.0,0.0,0.0,nothing,38.0,33000.0,0,51.95542328347123
88be08429dfffff,-33.74281138695384,150.6903067536625,0.0,14.0,0.0,6.0,0.0,0.0,1.0,0.0,3.0,129.0,0.0,2.0,0.0,0.0,0.0,0.0,0.0,58759.15451920302,0.0,9.0,0.0,nothing,46.0,132000.0,1,50.568339644110715
88be0842a1fffff,-33.71383657687198,150.7168053764735,1.0,0.0,0.0,0.0,0.0,0.0,2.0,0.0,0.0,7.0,0.0,9.0,0.0,0.0,0.0,0.0,0.0,6555.924206653751,0.0,0.0,0.0,nothing,75.0,0.0,0,49.21704134391547
88be0842a3fffff,-33.712686046118954,150.70596435388612,0.0,2.0,0.0,0.0,0.0,0.0,1.0,0.0,10.0,46.0,0.0,8.0,0.0,0.0,0.0,0.0,0.0,3262.8286007480287,0.0,0.0,0.0,nothing,36.0,0.0,0,50.20522005092354
88be0842a5fffff,-33.70659187342048,150.72342734442748,0.0,0.0,0.0,0.0,0.0,0.0,0.0,0.0,31.0,15.0,0.0,5.0,0.0,0.0,0.0,0.0,0.0,1994.58036905906,0.0,0.0,0.0,nothing,3.0,0.0,0,48.925648589353216
88be0842a7fffff,-33.705441976284895,150.71258705913976,0.0,0.0,0.0,0.0,0.0,0.0,0.0,0.0,1.0,18.0,0.0,5.0,0.0,0.0,0.0,0.0,0.0,957.3555120338629,0.0,0.0,0.0,nothing,9.0,0.0,0,49.90929602686158
88be0842a9fffff,-33.72223111646687,150.72102456010686,0.0,0.0,0.0,0.0,0.0,0.0,1.0,0.0,2.0,14.0,0.0,16.0,0.0,0.0,0.0,0.0,0.0,3925.677019769716,0.0,0.0,0.0,nothing,82.0,0.0,0,48.5359193595652
88be0842abfffff,-33.72108088046579,150.71018233350472,0.0,8.0,0.0,3.0,1.0,0.0,0.0,0.0,22.0,39.0,0.0,17.0,0.0,1.0,0.0,0.0,0.0,19134.54870888553,0.0,0.0,0.0,nothing,64.0,0.0,0,49.527366329269285
88be0842adfffff,-33.71498617919398,150.72764686542527,0.0,0.0,0.0,0.0,0.0,0.0,0.0,0.0,8.0,0.0,0.0,12.0,0.0,0.0,0.0,0.0,0.0,5882.980533698834,0.0,0.0,0.0,nothing,67.0,0.0,0,48.229874902276514
88be0842b1fffff,-33.71877762277342,150.68849928177153,0.0,0.0,0.0,1.0,0.0,0.0,0.0,0.0,0.0,0.0,0.0,0.0,0.0,0.0,0.0,0.0,0.0,7726.49081360505,0.0,0.0,0.0,nothing,1.0,0.0,0,51.512724372018326
88be0842b5fffff,-33.71153458710512,150.69512379840924,0.0,0.0,0.0,0.0,0.0,0.0,1.0,0.0,2.0,19.0,0.0,6.0,0.0,0.0,0.0,0.0,0.0,566.8189230402149,0.0,0.0,0.0,nothing,0.0,0.0,0,51.19435136889766
88be0842b9fffff,-33.72717298494689,150.69271571882948,0.0,1.0,0.0,3.0,0.0,0.0,4.0,0.0,11.0,54.0,0.0,4.0,0.0,0.0,0.0,0.0,0.0,3132.1091128989615,0.0,0.0,0.0,nothing,43.0,33000.0,0,50.85224569097745
88be0842bbfffff,-33.72602025756789,150.68187369042118,0.0,0.0,0.0,0.0,0.0,0.0,0.0,0.0,0.0,3.0,0.0,0.0,0.0,0.0,0.0,0.0,0.0,5900.998666502555,0.0,0.0,0.0,nothing,2.0,33000.0,0,51.84886298522072
88be0842bdfffff,-33.71992971584451,150.6993405738109,0.0,0.0,0.0,2.0,0.0,0.0,4.0,0.0,22.0,42.0,0.0,0.0,2.0,0.0,0.0,0.0,0.0,1658.7860010466886,0.0,0.0,0.0,nothing,25.0,0.0,0,50.51965115029003
88be0842c1fffff,-33.75465960090896,150.72706291791522,0.0,0.0,0.0,0.0,0.0,1.0,0.0,0.0,6.0,0.0,0.0,13.0,0.0,0.0,0.0,0.0,0.0,1559.8714393093564,0.0,0.0,0.0,nothing,14.0,66000.0,0,46.935426285705894
88be0842c3fffff,-33.753509616835295,150.71621633986865,0.0,3.0,1.0,2.0,0.0,0.0,1.0,0.0,7.0,19.0,0.0,19.0,0.0,0.0,0.0,0.0,0.0,40382.678732303895,17320.69957081545,0.0,0.0,nothing,48.0,66000.0,0,47.93870427677773
88be0842c5fffff,-33.74741436429861,150.73368731101598,1.0,0.0,0.0,0.0,0.0,0.0,0.0,0.0,0.0,1.0,0.0,10.0,0.0,0.0,0.0,0.0,0.0,1002.4599581066003,0.0,3.0,0.0,nothing,34.0,132000.0,1,46.56420292866275
88be0842c7fffff,-33.74626501433981,150.72284147147968,0.0,1.0,0.0,5.0,1.0,0.0,0.0,0.0,2.0,11.0,0.0,11.0,0.0,0.0,0.0,0.0,0.0,5447.938323501474,0.0,3.0,0.0,nothing,48.0,132000.0,1,47.56450300062983
88be0842c9fffff,-33.76305412428355,150.7312852316082,0.0,0.0,0.0,5.0,0.0,0.0,0.0,0.0,12.0,14.0,0.0,12.0,1.0,0.0,0.0,0.0,0.0,58232.62826713264,0.0,0.0,0.0,nothing,57.0,0.0,0,46.31982094021721
88be0842cbfffff,-33.76190443609132,150.72043744860238,2.0,13.0,0.0,12.0,0.0,0.0,1.0,1.0,9.0,17.0,0.0,18.0,1.0,1.0,0.0,0.0,0.0,41003.48177383957,0.0,1.0,1.0,kW,92.0,0.0,1,47.32534511330509
88be0842cdfffff,-33.755808654924735,150.7379099620595,0.0,1.0,0.0,2.0,0.0,0.0,3.0,0.0,17.0,10.0,0.0,12.0,0.0,0.0,0.0,0.0,0.0,21555.124232017675,0.0,0.0,0.0,nothing,33.0,66000.0,0,45.93255858789144
88be0842d1fffff,-33.75960226913551,150.69874328326503,0.0,2.0,0.0,1.0,4.0,0.0,0.0,0.0,1.0,7.0,0.0,20.0,0.0,0.0,0.0,0.0,0.0,34049.031294217864,0.0,0.0,0.0,nothing,127.0,0.0,0,49.337262536137764
88be0842d3fffff,-33.75844979071282,150.6878969024282,0.0,8.0,0.0,21.0,2.0,1.0,0.0,0.0,5.0,86.0,0.0,17.0,0.0,1.0,0.0,0.0,0.0,107706.57663029633,0.0,4.0,4.0,22 kW,97.0,0.0,1,50.34361894989423
88be0842d5fffff,-33.75235870287391,150.7053702286672,0.0,9.0,0.0,14.0,7.0,1.0,0.0,1.0,7.0,46.0,0.0,24.0,0.0,3.0,0.0,0.0,0.0,86102.84091844808,5631.666666666667,0.0,0.0,nothing,148.0,66000.0,0,48.94236625091598
88be0842d7fffff,-33.7512068591952,150.6945245850579,6.0,24.0,1.0,60.0,20.0,2.0,8.0,6.0,16.0,161.0,0.0,15.0,1.0,13.0,1.0,0.0,1.0,198947.96428339108,5923.888888888889,1.0,1.0,22 kW,157.0,66000.0,1,49.94638799936279
88be0842d9fffff,-33.767997616274734,150.7029628485054,0.0,2.0,0.0,0.0,0.0,0.0,0.0,0.0,3.0,3.0,0.0,17.0,0.0,0.0,0.0,0.0,0.0,4003.8313904551383,0.0,0.0,0.0,nothing,31.0,33000.0,0,48.74144484794158
88be0842dbfffff,-33.76684543295263,150.69211526195292,0.0,0.0,0.0,3.0,0.0,4.0,0.0,0.0,13.0,59.0,0.0,10.0,0.0,0.0,0.0,0.0,0.0,46880.20010112328,0.0,0.0,0.0,nothing,16.0,0.0,0,49.74957697151792
88be0842ddfffff,-33.76075381765186,150.70959013223884,1.0,4.0,1.0,8.0,5.0,0.0,0.0,0.0,6.0,18.0,0.0,25.0,1.0,0.0,0.0,0.0,0.0,38418.671834367065,12240.444444444445,0.0,0.0,nothing,125.0,0.0,0,48.33116537200665
88be0842e1fffff,-33.731774606371324,150.73608850698534,0.0,0.0,0.0,0.0,0.0,0.0,1.0,0.0,8.0,1.0,0.0,7.0,0.0,0.0,0.0,0.0,0.0,0.0,0.0,0.0,0.0,nothing,41.0,0.0,0,46.87260937869717
88be0842e3fffff,-33.73062559456962,150.72524461026094,0.0,0.0,0.0,8.0,0.0,0.0,0.0,0.0,5.0,4.0,0.0,11.0,1.0,0.0,0.0,0.0,0.0,12776.951927205473,0.0,0.0,0.0,nothing,68.0,0.0,0,47.86640606714055
88be0842e5fffff,-33.724528801927995,150.74271041105018,0.0,0.0,0.0,0.0,0.0,0.0,0.0,0.0,0.0,1.0,0.0,0.0,0.0,0.0,0.0,0.0,0.0,0.0,0.0,0.0,0.0,nothing,21.0,0.0,0,46.55575758983276
88be0842e7fffff,-33.72338042367759,150.73186725287087,4.0,1.0,0.0,2.0,0.0,0.0,0.0,0.0,28.0,10.0,0.0,14.0,0.0,0.0,0.0,0.0,0.0,8023.102450702261,0.0,0.0,0.0,nothing,163.0,0.0,0,47.545363769602325
88be0842e9fffff,-33.740168726775146,150.74031062798989,0.0,0.0,0.0,1.0,0.0,0.0,0.0,0.0,5.0,0.0,0.0,14.0,0.0,0.0,0.0,0.0,0.0,4067.866069933962,0.0,0.0,0.0,nothing,15.0,0.0,0,46.212125963094856
88be0842ebfffff,-33.739020010680214,150.72946552715692,0.0,0.0,0.0,0.0,0.0,0.0,0.0,0.0,2.0,3.0,0.0,10.0,0.0,0.0,0.0,0.0,0.0,0.0,0.0,0.0,0.0,nothing,10.0,0.0,0,47.208996123174906
88be0842edfffff,-33.732922688853435,150.74693286892213,0.0,0.0,0.0,0.0,0.0,0.0,0.0,0.0,0.0,1.0,0.0,3.0,0.0,0.0,0.0,0.0,0.0,0.0,0.0,2.0,0.0,nothing,25.0,500000.0,1,45.879636548309676
88be084301fffff,-33.69400594093998,150.83000802509162,0.0,1.0,0.0,0.0,0.0,0.0,0.0,0.0,0.0,1.0,0.0,7.0,0.0,0.0,0.0,0.0,0.0,4529.138604843956,0.0,6.0,0.0,nothing,23.0,330000.0,1,40.50878776582106
88be084303fffff,-33.692865369266926,150.8191662602298,1.0,0.0,0.0,2.0,1.0,0.0,0.0,0.0,3.0,6.0,0.0,4.0,0.0,0.0,0.0,0.0,0.0,34522.62017476551,0.0,0.0,0.0,nothing,59.0,0.0,0,41.45704041637636
88be084307fffff,-33.68561464855661,150.8257787472854,0.0,0.0,0.0,0.0,0.0,0.0,0.0,0.0,0.0,0.0,0.0,0.0,0.0,0.0,0.0,0.0,0.0,0.0,0.0,4.0,0.0,nothing,0.0,330000.0,1,41.297308925894875
88be084309fffff,-33.702397170759205,150.83423817008182,0.0,0.0,0.0,0.0,0.0,0.0,0.0,0.0,0.0,0.0,0.0,3.0,0.0,0.0,0.0,0.0,0.0,0.0,0.0,0.0,0.0,nothing,7.0,132000.0,0,39.73028369772779
88be08430bfffff,-33.70125689695521,150.82339520423974,0.0,0.0,0.0,0.0,0.0,0.0,0.0,0.0,0.0,3.0,0.0,4.0,0.0,0.0,0.0,0.0,0.0,13941.335053243278,0.0,6.0,0.0,nothing,29.0,330000.0,1,40.684110826823115
88be08430dfffff,-33.69514558359135,150.8408502481714,0.0,0.0,0.0,0.0,0.0,0.0,0.0,0.0,0.0,1.0,0.0,0.0,0.0,0.0,0.0,0.0,0.0,0.0,0.0,0.0,0.0,nothing,0.0,0.0,0,39.563736191076764
88be084311fffff,-33.698973561877374,150.80171064958387,0.0,0.0,0.0,0.0,0.0,0.0,0.0,0.0,0.0,1.0,0.0,10.0,0.0,0.0,0.0,0.0,0.0,0.0,0.0,0.0,0.0,nothing,13.0,0.0,0,42.59993483208733
88be084315fffff,-33.69172386873993,150.80832495433324,0.0,0.0,0.0,0.0,0.0,0.0,0.0,0.0,1.0,0.0,0.0,3.0,0.0,0.0,0.0,0.0,0.0,0.0,0.0,0.0,0.0,nothing,21.0,0.0,0,42.40827821116
88be084317fffff,-33.690581439526966,150.79748410814915,0.0,0.0,0.0,0.0,0.0,0.0,0.0,0.0,0.0,0.0,0.0,0.0,0.0,0.0,0.0,0.0,0.0,0.0,0.0,1.0,0.0,nothing,0.0,500000.0,1,43.362303514096865
88be08431bfffff,-33.706222858209344,150.79509526892303,0.0,0.0,0.0,0.0,0.0,0.0,0.0,0.0,0.0,0.0,0.0,2.0,0.0,0.0,0.0,0.0,0.0,0.0,0.0,0.0,0.0,nothing,2.0,0.0,0,42.81462359013503
88be08431dfffff,-33.70011569393862,150.81255269715794,0.0,0.0,0.0,0.0,0.0,0.0,0.0,0.0,0.0,1.0,0.0,4.0,0.0,0.0,0.0,0.0,0.0,8227.321757217209,0.0,0.0,0.0,nothing,72.0,0.0,0,41.64072417140901
88be084321fffff,-33.67111202108105,150.83900049369393,0.0,0.0,0.0,0.0,0.0,0.0,0.0,0.0,0.0,0.0,0.0,0.0,0.0,0.0,0.0,0.0,0.0,0.0,0.0,2.0,0.0,nothing,0.0,330000.0,1,41.050780697876625
88be084323fffff,-33.66997241364637,150.82816141397532,0.0,0.0,0.0,0.0,0.0,0.0,0.0,0.0,0.0,0.0,0.0,0.0,0.0,0.0,0.0,0.0,0.0,0.0,0.0,4.0,0.0,nothing,0.0,330000.0,1,41.97447032758098
88be084325fffff,-33.6638601153463,150.84560975322003,0.0,0.0,0.0,0.0,0.0,0.0,0.0,0.0,0.0,1.0,0.0,0.0,0.0,0.0,0.0,0.0,0.0,0.0,0.0,3.0,0.0,nothing,0.0,330000.0,1,40.964423617036076
88be084327fffff,-33.662721138438734,150.83477141594187,0.0,0.0,0.0,0.0,0.0,0.0,0.0,0.0,0.0,0.0,0.0,0.0,0.0,0.0,0.0,0.0,0.0,0.0,0.0,4.0,0.0,nothing,0.0,330000.0,1,41.87773528004879
88be08432bfffff,-33.678363532322905,150.83239015841124,0.0,0.0,0.0,0.0,0.0,0.0,0.0,0.0,0.0,0.0,0.0,0.0,0.0,0.0,0.0,0.0,0.0,0.0,0.0,7.0,0.0,nothing,0.0,330000.0,1,41.16180891500281
88be084331fffff,-33.676082127591044,150.8107109731021,0.0,0.0,0.0,0.0,0.0,0.0,0.0,0.0,0.0,0.0,0.0,0.0,0.0,0.0,0.0,0.0,0.0,0.0,0.0,3.0,0.0,nothing,0.0,500000.0,1,43.03234588866818
88be084335fffff,-33.668831878098004,150.81732279234288,0.0,0.0,0.0,0.0,0.0,0.0,0.0,0.0,0.0,0.0,0.0,0.0,0.0,0.0,0.0,0.0,0.0,0.0,0.0,3.0,0.0,nothing,0.0,500000.0,1,42.90218292791321
88be084337fffff,-33.66769041460365,150.8064846295432,0.0,0.0,0.0,0.0,0.0,0.0,0.0,0.0,0.0,0.0,0.0,2.0,0.0,0.0,0.0,0.0,0.0,0.0,0.0,0.0,0.0,nothing,0.0,0.0,0,43.833661902161495
88be084339fffff,-33.684473779312164,150.81493818325745,0.0,0.0,0.0,0.0,0.0,0.0,0.0,0.0,0.0,0.0,0.0,0.0,0.0,0.0,0.0,0.0,0.0,0.0,0.0,0.0,0.0,nothing,15.0,0.0,0,42.239967607977235
88be08433bfffff,-33.683331981572415,150.80409807839956,0.0,0.0,0.0,0.0,0.0,0.0,0.0,0.0,0.0,0.0,0.0,0.0,0.0,0.0,0.0,0.0,0.0,0.0,0.0,2.0,0.0,nothing,1.0,500000.0,1,43.18580196640498
88be084341fffff,-33.71192738341245,150.8493138072527,0.0,0.0,0.0,0.0,0.0,0.0,0.0,0.0,0.0,2.0,0.0,0.0,0.0,0.0,0.0,0.0,0.0,1631.891278424176,0.0,4.0,1.0,kW,1.0,330000.0,1,38.00581189246385
88be084343fffff,-33.71078833751408,150.83846918247667,0.0,0.0,0.0,0.0,0.0,0.0,0.0,0.0,0.0,5.0,0.0,5.0,0.0,0.0,0.0,0.0,0.0,19867.625702161524,0.0,2.0,0.0,nothing,38.0,330000.0,1,38.962398086451465
88be084345fffff,-33.70467493005893,150.85592547505635,0.0,0.0,0.0,0.0,0.0,0.0,0.0,0.0,0.0,0.0,0.0,4.0,0.0,0.0,0.0,0.0,0.0,0.0,0.0,3.0,0.0,nothing,9.0,330000.0,1,37.831835820924795
88be084347fffff,-33.703536515182925,150.8450815939366,0.0,0.0,0.0,0.0,0.0,0.0,0.0,0.0,0.0,0.0,0.0,2.0,0.0,0.0,0.0,0.0,0.0,0.0,0.0,0.0,0.0,nothing,6.0,132000.0,0,38.77944968873844
88be084349fffff,-33.72031818777966,150.8535468883403,0.0,0.0,0.0,0.0,0.0,0.0,0.0,0.0,29.0,24.0,0.0,2.0,0.0,0.0,0.0,0.0,0.0,459.75795180986347,0.0,0.0,0.0,nothing,19.0,0.0,0,37.24348734889503
88be08434bfffff,-33.71917944070438,150.84270106249684,0.0,0.0,0.0,6.0,3.0,0.0,0.0,0.0,2.0,20.0,0.0,7.0,0.0,0.0,0.0,0.0,0.0,165694.99023752313,0.0,7.0,7.0,"22 kW, kW",41.0,0.0,1,38.20577210937205
88be08434dfffff,-33.713065499404564,150.86015888908796,0.0,0.0,0.0,0.0,0.0,0.0,0.0,0.0,0.0,0.0,0.0,2.0,0.0,0.0,0.0,0.0,0.0,0.0,0.0,0.0,0.0,nothing,0.0,0.0,0,37.05221822879104
88be084351fffff,-33.716899156428994,150.82101078436298,0.0,0.0,0.0,0.0,0.0,0.0,0.0,0.0,0.0,2.0,0.0,4.0,0.0,0.0,0.0,0.0,0.0,11974.197950730888,0.0,3.0,0.0,nothing,11.0,330000.0,1,40.13780922344951
88be084353fffff,-33.71575761956425,150.8101663335688,0.0,0.0,0.0,0.0,0.0,0.0,0.0,0.0,0.0,0.0,0.0,0.0,0.0,0.0,0.0,0.0,0.0,0.0,0.0,4.0,0.0,nothing,0.0,330000.0,1,41.10720812940585
88be084355fffff,-33.709648361876845,150.8276250155079,0.0,0.0,0.0,0.0,0.0,0.0,0.0,0.0,0.0,0.0,0.0,0.0,0.0,0.0,0.0,0.0,0.0,0.0,0.0,2.0,0.0,nothing,0.0,330000.0,1,39.92176042672788
88be084357fffff,-33.70850745666837,150.8167813070943,0.0,0.0,0.0,0.0,0.0,0.0,0.0,0.0,0.0,1.0,0.0,4.0,0.0,0.0,0.0,0.0,0.0,0.0,0.0,3.0,0.0,nothing,4.0,330000.0,1,40.8837022385542
88be084359fffff,-33.725290792720294,150.82524112918483,0.0,0.0,0.0,0.0,0.0,0.0,0.0,0.0,0.0,1.0,0.0,5.0,0.0,0.0,0.0,0.0,0.0,2839.508125498607,0.0,2.0,0.0,nothing,16.0,330000.0,1,39.40367801971868
88be08435bfffff,-33.724149553900396,150.8143954765605,0.0,0.0,0.0,0.0,0.0,0.0,0.0,0.0,0.0,3.0,0.0,11.0,0.0,0.0,0.0,0.0,0.0,0.0,0.0,3.0,0.0,nothing,15.0,330000.0,1,40.378035274358815
88be08435dfffff,-33.718039763531635,150.83185569425498,0.0,0.0,0.0,0.0,0.0,0.0,0.0,0.0,0.0,9.0,0.0,6.0,0.0,0.0,0.0,0.0,0.0,21950.834076528598,0.0,4.0,0.0,nothing,9.0,330000.0,1,39.17060780826772
88be084361fffff,-33.6890316836412,150.85830318691882,0.0,0.0,0.0,0.0,0.0,0.0,0.0,0.0,0.0,0.0,0.0,2.0,0.0,0.0,0.0,0.0,0.0,0.0,0.0,0.0,0.0,nothing,0.0,0.0,0,38.490729555569395
88be084363fffff,-33.68789360088859,150.84746124986341,0.0,0.0,0.0,0.0,0.0,0.0,0.0,0.0,0.0,0.0,0.0,6.0,0.0,0.0,0.0,0.0,0.0,2527.417169760765,0.0,0.0,0.0,nothing,3.0,0.0,0,39.42243424729137
88be084365fffff,-33.681778675461345,150.864912368615,2.0,3.0,0.0,5.0,1.0,0.0,2.0,1.0,5.0,6.0,0.0,11.0,1.0,2.0,0.0,0.0,0.0,16759.999284503105,0.0,0.0,0.0,nothing,27.0,0.0,0,38.385539094765996
88be084367fffff,-33.680641223166255,150.85407117524463,0.0,0.0,0.0,0.0,0.0,0.0,0.0,0.0,0.0,0.0,0.0,2.0,0.0,0.0,0.0,0.0,0.0,0.0,0.0,0.0,0.0,nothing,0.0,0.0,0,39.30665051073736
88be084369fffff,-33.69742208115918,150.86253606599482,0.0,0.0,0.0,0.0,0.0,0.0,0.0,0.0,0.0,0.0,0.0,0.0,0.0,0.0,0.0,0.0,0.0,0.0,0.0,4.0,0.0,nothing,0.0,330000.0,1,37.684204180647434
88be08436bfffff,-33.696284297053516,150.8516929287217,0.0,0.0,0.0,0.0,0.0,0.0,0.0,0.0,0.0,0.0,0.0,4.0,0.0,0.0,0.0,0.0,0.0,0.0,0.0,0.0,0.0,nothing,0.0,0.0,0,38.62212199174329
88be08436dfffff,-33.69016883722863,150.8691455801551,0.0,0.0,0.0,1.0,0.0,0.0,0.0,0.0,0.0,0.0,0.0,7.0,0.0,0.0,0.0,0.0,0.0,0.0,0.0,3.0,0.0,nothing,6.0,330000.0,1,37.563227989119774
88be084401fffff,-33.7205142560998,150.55600776415804,0.0,0.0,0.0,0.0,0.0,0.0,0.0,0.0,1.0,2.0,0.0,0.0,0.0,0.0,0.0,0.0,0.0,0.0,0.0,0.0,0.0,nothing,0.0,0.0,0,63.22647248398285
88be084405fffff,-33.713279015250585,150.56264249227658,0.0,0.0,0.0,0.0,0.0,0.0,0.0,0.0,0.0,0.0,0.0,0.0,0.0,0.0,0.0,0.0,0.0,0.0,0.0,1.0,0.0,nothing,0.0,132000.0,1,62.84499334062018
88be084407fffff,-33.712115157593,150.5518061403891,0.0,0.0,0.0,0.0,0.0,0.0,0.0,0.0,0.0,0.0,0.0,0.0,0.0,0.0,0.0,0.0,0.0,0.0,0.0,3.0,0.0,nothing,0.0,132000.0,1,63.847033285557124
88be08440dfffff,-33.72167782380729,150.56684532336487,0.0,0.0,0.0,0.0,0.0,0.0,0.0,0.0,0.0,0.0,0.0,0.0,0.0,0.0,0.0,0.0,0.0,0.0,0.0,1.0,0.0,nothing,0.0,132000.0,1,62.2226484278831
88be084421fffff,-33.697644736866835,150.5650738386127,4.0,6.0,0.0,20.0,7.0,0.0,4.0,3.0,17.0,64.0,0.0,5.0,1.0,7.0,0.0,0.0,0.0,35762.53461834313,14576.333333333334,2.0,2.0,22 kW,30.0,66000.0,1,63.1215783872325
88be084423fffff,-33.6964812260558,150.55423942337646,0.0,0.0,0.0,0.0,0.0,0.0,0.0,0.0,4.0,7.0,0.0,3.0,0.0,1.0,0.0,0.0,0.0,8684.509602505537,0.0,0.0,0.0,nothing,40.0,0.0,0,64.11924979773006
88be084425fffff,-33.69040892120673,150.5717060792466,0.0,0.0,0.0,0.0,0.0,0.0,0.0,0.0,0.0,1.0,0.0,0.0,0.0,0.0,0.0,0.0,0.0,1450.2660836329317,0.0,0.0,0.0,nothing,2.0,0.0,0,62.78013073369956
88be084427fffff,-33.689246046645316,150.5608723936892,0.0,0.0,0.0,0.0,0.0,0.0,0.0,0.0,0.0,1.0,0.0,0.0,0.0,0.0,0.0,0.0,0.0,3094.5625041518997,0.0,0.0,0.0,nothing,0.0,0.0,0,63.775087636328024
88be084429fffff,-33.70604337026282,150.5692761477433,0.0,0.0,0.0,0.0,0.0,0.0,0.0,0.0,1.0,3.0,0.0,0.0,0.0,0.0,0.0,0.0,0.0,2899.6369690312126,0.0,0.0,0.0,nothing,2.0,66000.0,0,62.477545136209315
88be08442bfffff,-33.70488014916692,150.5584405256876,0.0,0.0,0.0,0.0,0.0,0.0,0.0,0.0,1.0,7.0,0.0,0.0,0.0,0.0,0.0,0.0,0.0,3236.5545814805027,0.0,2.0,2.0,kW,18.0,66000.0,1,63.47729214826763
88be08442dfffff,-33.69880732165053,150.57590873064055,0.0,0.0,0.0,1.0,0.0,1.0,0.0,0.0,2.0,10.0,0.0,0.0,0.0,0.0,0.0,0.0,0.0,11593.323797921117,15294.333333333334,0.0,0.0,nothing,15.0,0.0,0,62.12437713556582
88be084431fffff,-33.702550928506184,150.53677071432983,0.0,0.0,0.0,0.0,0.0,0.0,0.0,0.0,0.0,1.0,0.0,0.0,0.0,0.0,0.0,0.0,0.0,274.24923567629514,0.0,0.0,0.0,nothing,1.0,66000.0,0,65.47793247132897
88be084433fffff,-33.701384929288665,150.52593652651433,0.0,0.0,0.0,0.0,0.0,0.0,0.0,0.0,2.0,5.0,0.0,1.0,0.0,0.0,0.0,0.0,0.0,274.24923567629514,0.0,0.0,0.0,nothing,2.0,66000.0,0,66.47878959626226
88be084435fffff,-33.695316789390816,150.54340548567518,0.0,1.0,0.0,4.0,2.0,0.0,0.0,0.0,1.0,11.0,1.0,5.0,0.0,1.0,0.0,0.0,0.0,6914.685796417975,0.0,0.0,0.0,nothing,21.0,0.0,0,65.11736889801018
88be084437fffff,-33.694151427045476,150.53257202625187,1.0,0.0,1.0,2.0,0.0,0.0,2.0,0.0,20.0,8.0,0.0,4.0,0.0,1.0,0.0,0.0,0.0,4220.4112171257475,0.0,0.0,0.0,nothing,10.0,0.0,0,66.11591456336728
88be084439fffff,-33.71095037353454,150.5409702663837,0.0,0.0,0.0,0.0,0.0,0.0,0.0,0.0,0.0,1.0,0.0,0.0,0.0,0.0,0.0,0.0,0.0,0.0,0.0,1.0,0.0,nothing,0.0,132000.0,1,64.84938815595774
88be08443bfffff,-33.709784663248904,150.53013487100387,0.0,1.0,0.0,0.0,0.0,0.0,0.0,0.0,0.0,1.0,0.0,1.0,0.0,0.0,0.0,0.0,0.0,0.0,13046.63492063492,3.0,1.0,kW,0.0,132000.0,1,65.85204271860052
88be08443dfffff,-33.703716001856854,150.54760538096866,0.0,0.0,0.0,0.0,0.0,0.0,0.0,0.0,0.0,0.0,0.0,0.0,0.0,0.0,0.0,0.0,0.0,0.0,0.0,0.0,0.0,nothing,0.0,66000.0,0,64.47742747652748
88be084441fffff,-33.73847526634167,150.5752535799259,0.0,0.0,0.0,0.0,0.0,0.0,0.0,0.0,0.0,4.0,0.0,0.0,0.0,0.0,0.0,0.0,0.0,0.0,0.0,0.0,0.0,nothing,0.0,0.0,0,61.00903630412721
88be084445fffff,-33.73123892450247,150.58188826259237,0.0,0.0,0.0,0.0,0.0,0.0,0.0,0.0,0.0,1.0,0.0,0.0,0.0,0.0,0.0,0.0,0.0,0.0,0.0,0.0,0.0,nothing,0.0,0.0,0,60.60530629858652
88be084447fffff,-33.73007657433752,150.57104901917413,0.0,0.0,0.0,0.0,0.0,0.0,0.0,0.0,0.0,2.0,0.0,0.0,0.0,0.0,0.0,0.0,0.0,0.0,0.0,0.0,0.0,nothing,0.0,0.0,0,61.610559650903745
88be08444dfffff,-33.739637325601,150.58609403076633,0.0,0.0,0.0,0.0,0.0,0.0,0.0,0.0,0.0,1.0,0.0,0.0,0.0,0.0,0.0,0.0,0.0,0.0,0.0,0.0,0.0,nothing,0.0,0.0,0,60.002220061836276
88be084461fffff,-33.71560395066934,150.58431662672285,0.0,0.0,0.0,1.0,0.0,0.0,0.0,0.0,0.0,1.0,0.0,0.0,0.0,0.0,0.0,0.0,0.0,0.0,0.0,0.0,0.0,nothing,0.0,66000.0,0,60.84192413649378
88be084463fffff,-33.714441946333785,150.57347932130244,0.0,0.0,0.0,0.0,0.0,0.0,0.0,0.0,0.0,0.0,0.0,0.0,0.0,0.0,0.0,0.0,0.0,0.0,0.0,0.0,0.0,nothing,0.0,66000.0,0,61.84328453371084
88be084467fffff,-33.707205664971234,150.58011224639216,0.0,0.0,0.0,1.0,0.0,0.0,1.0,0.0,11.0,1.0,0.0,3.0,0.0,0.0,0.0,0.0,0.0,3788.7933289231337,0.0,0.0,0.0,nothing,5.0,0.0,0,61.47820629268468
88be084469fffff,-33.72400217824528,150.58852187185406,0.0,0.0,0.0,0.0,0.0,0.0,0.0,0.0,0.0,0.0,0.0,0.0,0.0,0.0,0.0,0.0,0.0,814.4176934939014,0.0,1.0,0.0,nothing,0.0,132000.0,1,60.21584475293023
88be08446bfffff,-33.722840464580194,150.5776833595116,0.0,0.0,0.0,0.0,0.0,0.0,0.0,0.0,0.0,1.0,0.0,0.0,0.0,0.0,0.0,0.0,0.0,0.0,0.0,2.0,0.0,nothing,0.0,132000.0,1,61.21910093378861
88be0844edfffff,-33.708618026910045,150.51929995499285,0.0,0.0,0.0,0.0,0.0,0.0,0.0,0.0,0.0,2.0,0.0,0.0,0.0,0.0,0.0,0.0,0.0,600.6433143341981,0.0,2.0,0.0,nothing,1.0,132000.0,1,66.8549826468727
88be084501fffff,-33.66985910123718,150.60242833818384,0.0,0.0,0.0,0.0,0.0,0.0,0.0,0.0,0.0,3.0,0.0,0.0,0.0,0.0,0.0,0.0,0.0,0.0,0.0,0.0,0.0,nothing,0.0,0.0,0,60.859334626339155
88be084509fffff,-33.678256510912455,150.60663321992368,0.0,0.0,0.0,3.0,0.0,0.0,0.0,0.0,3.0,10.0,0.0,0.0,0.0,0.0,0.0,0.0,0.0,4688.3535312581,0.0,0.0,0.0,nothing,2.0,0.0,0,60.16580449398374
88be08450bfffff,-33.67709675920696,150.59580004473975,0.0,0.0,0.0,0.0,0.0,0.0,0.0,0.0,1.0,0.0,0.0,0.0,0.0,0.0,0.0,0.0,0.0,0.0,0.0,0.0,0.0,nothing,2.0,0.0,0,61.152981464975085
88be08450dfffff,-33.67101821781626,150.61326078201327,0.0,0.0,0.0,6.0,1.0,0.0,0.0,0.0,3.0,12.0,1.0,0.0,0.0,2.0,0.0,0.0,0.0,19324.385703154487,0.0,0.0,0.0,nothing,6.0,0.0,0,59.87589909568149
88be08451dfffff,-33.67593608186255,150.58496734397008,0.0,0.0,0.0,0.0,0.0,0.0,0.0,0.0,0.0,1.0,0.0,0.0,0.0,0.0,0.0,0.0,0.0,7323.010191620196,0.0,0.0,0.0,nothing,0.0,0.0,0,62.14096575621555
88be084545fffff,-33.680573236717166,150.62830099056035,0.0,0.0,0.0,0.0,0.0,0.0,0.0,0.0,0.0,1.0,0.0,0.0,0.0,0.0,0.0,0.0,0.0,0.0,0.0,0.0,0.0,nothing,0.0,0.0,0,58.194040611381865
88be084547fffff,-33.67941533680659,150.61746686877842,0.0,0.0,0.0,0.0,0.0,0.0,0.0,0.0,0.0,1.0,0.0,0.0,0.0,0.0,0.0,0.0,0.0,1555.4697192510107,0.0,0.0,0.0,nothing,0.0,0.0,0,59.17947617719752
88be084549fffff,-33.69620940295122,150.6258816358629,0.0,0.0,0.0,0.0,0.0,0.0,0.0,0.0,0.0,1.0,0.0,0.0,0.0,0.0,0.0,0.0,0.0,1112.7343169257497,0.0,0.0,0.0,nothing,0.0,0.0,0,57.81435400088829
88be08454dfffff,-33.688970007253126,150.6325091467453,0.0,0.0,0.0,0.0,0.0,0.0,0.0,0.0,0.0,0.0,0.0,0.0,0.0,0.0,0.0,0.0,0.0,4402.873139911214,0.0,0.0,0.0,nothing,0.0,0.0,0,57.503856928012596
88be084551fffff,-33.692731892635344,150.5933748783581,0.0,0.0,0.0,0.0,0.0,0.0,0.0,0.0,1.0,1.0,0.0,0.0,0.0,0.0,0.0,0.0,0.0,0.0,0.0,0.0,0.0,nothing,0.0,0.0,0,60.791927400321875
88be084553fffff,-33.69157086992774,150.5825402410507,0.0,0.0,0.0,0.0,0.0,0.0,1.0,0.0,0.0,0.0,0.0,0.0,0.0,0.0,0.0,0.0,0.0,9204.415431159736,0.0,0.0,0.0,nothing,9.0,0.0,0,61.78573451208559
88be084555fffff,-33.6854944026902,150.60000458539957,0.0,1.0,0.0,2.0,0.0,0.0,1.0,0.0,1.0,5.0,0.0,0.0,0.0,0.0,0.0,0.0,0.0,1095.3078371007487,0.0,0.0,0.0,nothing,3.0,0.0,0,60.471225308197745
88be084557fffff,-33.68433401560852,150.58917067905625,0.0,0.0,0.0,0.0,0.0,0.0,0.0,0.0,0.0,3.0,0.0,0.0,0.0,0.0,1.0,0.0,0.0,3764.9326465680087,0.0,0.0,0.0,nothing,6.0,0.0,0,61.46185765573045
88be08455bfffff,-33.69996898023373,150.58674409871654,0.0,1.0,0.0,0.0,0.0,0.0,0.0,0.0,0.0,6.0,0.0,1.0,0.0,0.0,0.0,0.0,0.0,3829.6339179455335,18441.555555555555,0.0,0.0,nothing,5.0,0.0,0,61.12766996410491
88be08456bfffff,-33.67217640877154,150.62409369896935,0.0,0.0,0.0,0.0,0.0,0.0,0.0,0.0,0.0,0.0,0.0,0.0,0.0,0.0,0.0,0.0,0.0,491.698224361693,0.0,0.0,0.0,nothing,0.0,0.0,0,58.8934419448916
88be0845c7fffff,-33.6712841195521,150.54164129989567,0.0,0.0,0.0,0.0,0.0,0.0,0.0,0.0,0.0,1.0,0.0,0.0,0.0,0.0,0.0,0.0,0.0,0.0,0.0,0.0,0.0,nothing,0.0,0.0,0,66.10023485967147
88be0845c9fffff,-33.68808224641669,150.5500391851217,0.0,0.0,0.0,0.0,0.0,0.0,0.0,0.0,0.0,3.0,0.0,0.0,0.0,0.0,0.0,0.0,0.0,1349.2490807815825,0.0,0.0,0.0,nothing,10.0,0.0,0,64.770578519723
88be0845cdfffff,-33.6808473000977,150.55667181275138,0.0,0.0,0.0,1.0,0.0,0.0,1.0,0.0,1.0,2.0,0.0,0.0,0.0,0.0,0.0,0.0,0.0,607.3634064355313,0.0,0.0,0.0,nothing,2.0,0.0,0,64.43778399491843
88be0845ddfffff,-33.68575186965182,150.5283742019283,0.0,0.0,0.0,0.0,0.0,0.0,0.0,0.0,0.0,2.0,0.0,0.0,0.0,0.0,0.0,0.0,0.0,0.0,0.0,0.0,0.0,nothing,0.0,0.0,0,66.76306331081233
88be084609fffff,-33.7877049239481,150.58965189745854,0.0,0.0,0.0,0.0,0.0,0.0,0.0,0.0,1.0,0.0,0.0,0.0,0.0,0.0,0.0,0.0,0.0,481.05985295808705,0.0,0.0,0.0,nothing,0.0,0.0,0,58.6524902900667
88be08460bfffff,-33.78654275691486,150.5788051503608,0.0,0.0,0.0,0.0,0.0,0.0,0.0,0.0,0.0,0.0,0.0,0.0,0.0,0.0,0.0,0.0,0.0,164.15073161657705,0.0,0.0,0.0,nothing,0.0,0.0,0,59.66504685541201
88be08460dfffff,-33.78046783098323,150.59628936558394,0.0,0.0,0.0,0.0,0.0,0.0,0.0,0.0,0.0,1.0,0.0,0.0,0.0,0.0,0.0,0.0,0.0,0.0,0.0,0.0,0.0,nothing,0.0,0.0,0,58.17119399205229
88be08461dfffff,-33.785379660410996,150.5679588801012,0.0,0.0,0.0,0.0,0.0,0.0,0.0,0.0,0.0,1.0,0.0,0.0,0.0,0.0,0.0,0.0,0.0,0.0,0.0,0.0,0.0,nothing,0.0,0.0,0,60.67759445853219
88be084625fffff,-33.74919650724377,150.60114279826664,0.0,0.0,0.0,0.0,0.0,0.0,0.0,0.0,0.0,2.0,0.0,0.0,0.0,0.0,0.0,0.0,0.0,574.823323613689,0.0,0.0,0.0,nothing,0.0,0.0,0,58.402084120514516
88be08462dfffff,-33.75759449733453,150.6053515048159,0.0,0.0,0.0,0.0,0.0,0.0,0.0,0.0,0.0,0.0,0.0,0.0,0.0,0.0,0.0,0.0,0.0,3285.21620747682,0.0,0.0,0.0,nothing,2.0,0.0,0,57.820115517973626
88be084641fffff,-33.797264429667514,150.6047097422081,0.0,0.0,0.0,0.0,0.0,0.0,0.0,0.0,0.0,1.0,0.0,0.0,0.0,0.0,0.0,0.0,0.0,462.11765225585657,0.0,0.0,0.0,nothing,0.0,0.0,0,57.121563568208515
88be084645fffff,-33.7900264689101,150.61134681918378,0.0,0.0,0.0,0.0,0.0,0.0,0.0,0.0,0.0,0.0,0.0,0.0,0.0,0.0,0.0,0.0,0.0,231.9803326081198,0.0,0.0,0.0,nothing,0.0,0.0,0,56.62735224690555
88be084647fffff,-33.7888661613375,150.60049912064827,0.0,0.0,0.0,0.0,0.0,0.0,0.0,0.0,0.0,2.0,0.0,0.0,0.0,0.0,0.0,0.0,0.0,0.0,0.0,0.0,0.0,nothing,0.0,0.0,0,57.63992524826631
88be08464dfffff,-33.79842444424983,150.61555864921957,0.0,1.0,0.0,0.0,0.0,0.0,0.0,0.0,6.0,7.0,0.0,0.0,0.0,0.0,0.0,0.0,0.0,2719.4206373975194,0.0,0.0,0.0,nothing,0.0,0.0,0,56.1087452898442
88be08465bfffff,-33.8094137601745,150.56973304296514,0.0,0.0,0.0,0.0,0.0,0.0,0.0,0.0,0.0,3.0,0.0,0.0,0.0,0.0,0.0,0.0,0.0,427.05469800637087,0.0,0.0,0.0,nothing,1.0,0.0,0,60.175242098641846
88be084661fffff,-33.774390295154404,150.61377151586242,0.0,0.0,0.0,0.0,0.0,0.0,0.0,0.0,0.0,0.0,0.0,0.0,0.0,0.0,0.0,0.0,0.0,316.2203677489129,0.0,0.0,0.0,nothing,0.0,0.0,0,56.69220939292894
88be084665fffff,-33.76715175357044,150.620406100937,1.0,7.0,0.0,11.0,2.0,0.0,3.0,3.0,13.0,36.0,0.0,7.0,1.0,4.0,0.0,0.0,0.0,21596.024870503803,0.0,0.0,0.0,nothing,47.0,0.0,0,56.23962845721663
88be084667fffff,-33.76599242680468,150.60956107727392,0.0,0.0,0.0,0.0,0.0,0.0,0.0,0.0,0.0,1.0,0.0,0.0,0.0,0.0,0.0,0.0,0.0,0.0,0.0,0.0,0.0,nothing,0.0,0.0,0,57.25003749745734
88be084669fffff,-33.78278810188385,150.61798282080335,0.0,0.0,0.0,0.0,0.0,0.0,0.0,0.0,1.0,3.0,0.0,0.0,0.0,0.0,0.0,0.0,0.0,2892.463027781207,0.0,0.0,0.0,nothing,3.0,0.0,0,56.1469969514236
88be08466dfffff,-33.77554932910311,150.6246177471501,2.0,0.0,0.0,1.0,0.0,0.0,0.0,0.0,2.0,8.0,0.0,0.0,2.0,0.0,0.0,0.0,0.0,2459.5693659405874,0.0,0.0,0.0,nothing,6.0,0.0,0,55.68085663445406
88be084701fffff,-33.728639758371195,150.6318806682909,0.0,0.0,0.0,0.0,0.0,0.0,0.0,0.0,1.0,1.0,0.0,0.0,0.0,2.0,0.0,0.0,0.0,3790.7646563190765,0.0,2.0,0.0,nothing,6.0,132000.0,1,56.20606475180218
88be084705fffff,-33.72140006508393,150.63851027369304,0.0,0.0,0.0,0.0,0.0,0.0,0.0,0.0,0.0,1.0,0.0,0.0,0.0,0.0,0.0,0.0,0.0,0.0,0.0,0.0,0.0,nothing,0.0,0.0,0,55.841038765385704
88be084709fffff,-33.73703675985219,150.636091604739,0.0,0.0,0.0,0.0,0.0,0.0,0.0,0.0,0.0,0.0,0.0,0.0,0.0,0.0,0.0,0.0,0.0,0.0,0.0,2.0,0.0,nothing,2.0,132000.0,1,55.582876958771664
88be08470bfffff,-33.73587904875422,150.62524998878547,0.0,0.0,0.0,0.0,0.0,0.0,0.0,0.0,0.0,1.0,0.0,0.0,0.0,0.0,0.0,0.0,0.0,0.0,0.0,2.0,0.0,nothing,6.0,132000.0,1,56.58680251125028
88be08470dfffff,-33.72979683390695,150.64272155044247,0.0,0.0,0.0,0.0,0.0,0.0,0.0,0.0,0.0,0.0,0.0,0.0,0.0,0.0,0.0,0.0,0.0,0.0,0.0,2.0,0.0,nothing,0.0,330000.0,1,55.204524285986594
88be084711fffff,-33.73356084225547,150.60356817667451,0.0,0.0,0.0,0.0,0.0,0.0,0.0,0.0,0.0,3.0,0.0,3.0,0.0,0.0,0.0,0.0,0.0,1214.2689202570061,0.0,4.0,0.0,nothing,7.0,132000.0,1,58.595524776010485
88be084713fffff,-33.73240034719944,150.5927279820074,0.0,0.0,0.0,0.0,0.0,0.0,0.0,0.0,0.0,0.0,0.0,0.0,0.0,0.0,0.0,0.0,0.0,0.0,0.0,1.0,0.0,nothing,0.0,132000.0,1,59.600290288076096
88be084715fffff,-33.7263228235603,150.61020032214853,0.0,0.0,0.0,0.0,0.0,0.0,0.0,0.0,0.0,2.0,0.0,0.0,0.0,0.0,0.0,0.0,0.0,0.0,0.0,0.0,0.0,nothing,2.0,0.0,0,58.210270381157265
88be084717fffff,-33.72516296462957,150.5993608596479,1.0,0.0,0.0,2.0,0.0,0.0,1.0,0.0,9.0,4.0,0.0,1.0,0.0,1.0,0.0,0.0,0.0,2550.6890594149845,0.0,0.0,0.0,nothing,1.0,66000.0,0,59.21289562866217
88be084719fffff,-33.74195866046225,150.60777635909508,1.0,3.0,0.0,10.0,4.0,0.0,2.0,0.0,12.0,13.0,1.0,5.0,1.0,2.0,0.0,0.0,0.0,17725.945334692016,0.0,0.0,0.0,nothing,19.0,66000.0,0,57.989159237950616
88be08471dfffff,-33.73472040949789,150.61440884584889,0.0,0.0,0.0,0.0,0.0,0.0,0.0,0.0,0.0,1.0,0.0,0.0,0.0,0.0,0.0,0.0,0.0,5385.637417068417,0.0,1.0,0.0,nothing,0.0,132000.0,1,57.59102383046638
88be084729fffff,-33.714159969406786,150.6451388050754,0.0,0.0,0.0,0.0,0.0,0.0,0.0,0.0,0.0,2.0,0.0,0.0,0.0,0.0,0.0,0.0,0.0,0.0,0.0,0.0,0.0,nothing,0.0,0.0,0,55.49203493186204
88be08472bfffff,-33.71300323665048,150.6342998624942,0.0,0.0,0.0,0.0,0.0,0.0,0.0,0.0,0.0,2.0,0.0,0.0,0.0,0.0,0.0,0.0,0.0,0.0,0.0,0.0,0.0,nothing,0.0,0.0,0,56.4884268360417
88be08472dfffff,-33.70691947185417,150.65176626252156,0.0,0.0,0.0,0.0,0.0,0.0,0.0,0.0,0.0,0.0,0.0,0.0,0.0,0.0,0.0,0.0,0.0,0.0,0.0,2.0,0.0,nothing,0.0,330000.0,1,55.159357699381964
88be084739fffff,-33.71908440146088,150.61683139390945,0.0,5.0,0.0,0.0,0.0,0.0,0.0,0.0,2.0,11.0,0.0,0.0,0.0,0.0,0.0,0.0,0.0,3855.369391445771,0.0,0.0,0.0,nothing,6.0,0.0,0,57.84012390995851
88be08473bfffff,-33.7179251784056,150.6059926637707,0.0,0.0,0.0,1.0,0.0,0.0,1.0,0.0,12.0,0.0,0.0,4.0,0.0,0.0,0.0,0.0,0.0,2368.2643414288336,0.0,0.0,0.0,nothing,3.0,0.0,0,58.84032348817391
88be084741fffff,-33.74659019072262,150.6511467014789,0.0,0.0,0.0,3.0,0.0,0.0,0.0,0.0,3.0,5.0,0.0,0.0,0.0,0.0,0.0,0.0,0.0,827.1233031414724,0.0,0.0,0.0,nothing,15.0,66000.0,0,53.965651252744586
88be084743fffff,-33.74543370102092,150.64030340703093,0.0,0.0,0.0,0.0,0.0,0.0,0.0,0.0,0.0,0.0,0.0,0.0,0.0,0.0,0.0,0.0,0.0,0.0,0.0,3.0,0.0,nothing,0.0,330000.0,1,54.971169159623905
88be084745fffff,-33.73934939688522,150.65777625271474,0.0,1.0,0.0,0.0,0.0,0.0,0.0,0.0,0.0,0.0,0.0,1.0,0.0,0.0,0.0,0.0,0.0,1885.1493773292475,0.0,3.0,0.0,nothing,4.0,132000.0,1,53.57598372095594
88be084747fffff,-33.73819354261979,150.64693369296396,0.0,0.0,0.0,1.0,0.0,0.0,0.0,0.0,0.0,0.0,0.0,0.0,0.0,0.0,0.0,0.0,0.0,963.1424359870854,0.0,11.0,0.0,nothing,8.0,330000.0,1,54.57926449260153
88be084749fffff,-33.75498677771558,150.65536057620884,0.0,0.0,0.0,3.0,0.0,0.0,2.0,0.0,3.0,8.0,0.0,0.0,0.0,1.0,0.0,0.0,0.0,21124.60704622987,4481.666666666667,0.0,0.0,nothing,62.0,0.0,0,53.36408699653154
88be08474bfffff,-33.75383058137755,150.64451607538822,0.0,14.0,0.0,0.0,0.0,0.0,0.0,0.0,1.0,1.0,0.0,0.0,0.0,0.0,0.0,0.0,0.0,0.0,0.0,4.0,0.0,nothing,2.0,330000.0,1,54.37132948500375
88be08474dfffff,-33.7477457515623,150.66199046725183,0.0,0.0,0.0,0.0,0.0,0.0,0.0,0.0,0.0,2.0,0.0,1.0,0.0,0.0,0.0,0.0,0.0,38093.38068237484,0.0,0.0,0.0,nothing,11.0,66000.0,0,52.96039717624445
88be084751fffff,-33.751515401722834,150.6228284901035,0.0,0.0,0.0,0.0,0.0,0.0,0.0,0.0,0.0,0.0,0.0,0.0,0.0,0.0,0.0,0.0,0.0,0.0,0.0,0.0,0.0,nothing,0.0,66000.0,0,56.38637093198738
88be084753fffff,-33.750356418750194,150.61198540713124,0.0,4.0,0.0,1.0,0.0,0.0,0.0,1.0,3.0,6.0,0.0,2.0,0.0,0.0,0.0,0.0,0.0,11006.62217473251,0.0,0.0,0.0,nothing,38.0,66000.0,0,57.39414845767134
88be084755fffff,-33.74427628262894,150.6294605846538,0.0,0.0,0.0,0.0,0.0,0.0,0.0,0.0,2.0,1.0,0.0,0.0,0.0,0.0,0.0,0.0,0.0,575.8227126818047,0.0,0.0,0.0,nothing,8.0,0.0,0,55.97693571102535
88be084757fffff,-33.74311793571866,150.61861823509335,0.0,1.0,1.0,5.0,2.0,0.0,1.0,0.0,5.0,11.0,0.0,0.0,0.0,2.0,0.0,0.0,0.0,8354.816863842721,0.0,0.0,0.0,nothing,25.0,66000.0,0,56.982936786239556
88be084759fffff,-33.759912807010636,150.62703961110097,0.0,3.0,0.0,1.0,0.0,0.0,0.0,0.0,0.0,6.0,0.0,0.0,0.0,0.0,0.0,0.0,0.0,3656.188026069312,0.0,0.0,0.0,nothing,2.0,0.0,0,55.80169642512716
88be08475bfffff,-33.75875411661952,150.61619532100465,0.0,3.0,0.0,7.0,0.0,0.0,0.0,0.0,1.0,10.0,1.0,1.0,0.0,2.0,0.0,0.0,0.0,13074.32209612297,0.0,0.0,0.0,nothing,31.0,0.0,0,56.81084984353543
88be08475dfffff,-33.75267345598933,150.6336720464378,0.0,0.0,0.0,0.0,0.0,0.0,0.0,0.0,0.0,4.0,0.0,0.0,0.0,0.0,0.0,0.0,0.0,444.25082479577793,0.0,0.0,0.0,nothing,0.0,66000.0,0,55.378761164699824
88be084763fffff,-33.72255650530763,150.64935042184797,0.0,0.0,0.0,0.0,0.0,0.0,0.0,0.0,0.0,0.0,0.0,0.0,0.0,0.0,0.0,0.0,0.0,0.0,0.0,4.0,0.0,nothing,0.0,330000.0,1,54.84220308828119
88be084767fffff,-33.715315774568644,150.65597821903904,0.0,0.0,0.0,0.0,0.0,0.0,0.0,0.0,0.0,0.0,0.0,0.0,0.0,0.0,0.0,0.0,0.0,0.0,0.0,3.0,0.0,nothing,0.0,330000.0,1,54.496233452441835
88be084769fffff,-33.73210820037983,150.66440472917967,0.0,0.0,0.0,0.0,0.0,0.0,0.0,0.0,0.0,0.0,0.0,0.0,0.0,0.0,0.0,0.0,0.0,0.0,0.0,0.0,0.0,nothing,0.0,33000.0,0,53.20267902717805
88be08476bfffff,-33.730952981300376,150.6535629043206,0.0,0.0,0.0,0.0,0.0,0.0,0.0,0.0,0.0,0.0,0.0,0.0,0.0,0.0,0.0,0.0,0.0,0.0,0.0,0.0,0.0,nothing,0.0,33000.0,0,54.20338777023977
88be08476dfffff,-33.72486660172097,150.6710321309576,0.0,0.0,0.0,4.0,0.0,0.0,0.0,0.0,67.0,4.0,0.0,0.0,0.0,0.0,1.0,0.0,0.0,21665.470016540312,0.0,0.0,0.0,nothing,6.0,33000.0,0,52.8460842714003
88be084813fffff,-33.52960273902246,150.7780430397796,0.0,0.0,0.0,0.0,0.0,0.0,0.0,0.0,0.0,0.0,0.0,8.0,0.0,0.0,0.0,0.0,0.0,0.0,0.0,0.0,0.0,nothing,0.0,0.0,0,55.102276265346745
88be084819fffff,-33.53913673203882,150.79308029384137,0.0,0.0,0.0,0.0,0.0,0.0,0.0,0.0,0.0,0.0,0.0,4.0,0.0,0.0,0.0,0.0,0.0,0.0,0.0,0.0,0.0,nothing,0.0,0.0,0,53.35860507554558
88be08481bfffff,-33.53799424722579,150.78225947586432,0.0,0.0,0.0,0.0,0.0,0.0,0.0,0.0,0.0,0.0,0.0,2.0,0.0,0.0,0.0,0.0,0.0,0.0,0.0,0.0,0.0,nothing,0.0,0.0,0,54.1856618527975
88be084825fffff,-33.49563474820997,150.83267890155062,0.0,0.0,0.0,0.0,0.0,0.0,0.0,0.0,0.0,0.0,0.0,0.0,0.0,0.0,0.0,0.0,0.0,0.0,0.0,0.0,0.0,nothing,0.0,11000.0,0,54.27005663529611
88be084827fffff,-33.49449603464714,150.82186251393316,0.0,0.0,0.0,0.0,0.0,0.0,0.0,0.0,0.0,0.0,0.0,0.0,0.0,0.0,0.0,0.0,0.0,0.0,0.0,0.0,0.0,nothing,0.0,11000.0,0,55.02735677572003
88be084831fffff,-33.50785610048391,150.79784837873535,0.0,0.0,0.0,0.0,0.0,0.0,0.0,0.0,0.0,1.0,0.0,0.0,0.0,0.0,0.0,0.0,0.0,0.0,0.0,0.0,0.0,nothing,0.0,0.0,0,55.46231220061385
88be084835fffff,-33.500606443849016,150.80444801629073,0.0,0.0,0.0,0.0,0.0,0.0,0.0,0.0,0.0,1.0,0.0,1.0,0.0,0.0,0.0,0.0,0.0,0.0,0.0,0.0,0.0,nothing,0.0,0.0,0,55.61858911818152
88be084847fffff,-33.535307402931714,150.83214572924564,0.0,0.0,0.0,0.0,0.0,0.0,0.0,0.0,0.0,0.0,0.0,0.0,0.0,0.0,0.0,0.0,0.0,2318.5053810256113,0.0,0.0,0.0,nothing,0.0,0.0,0,51.05815194402641
88be084849fffff,-33.55208742318006,150.84059143389769,0.0,0.0,0.0,0.0,0.0,0.0,0.0,0.0,0.0,0.0,0.0,6.0,0.0,0.0,0.0,0.0,0.0,1562.0575769111356,787.1111111111111,0.0,0.0,nothing,0.0,0.0,0,49.18174587451273
88be084853fffff,-33.54752789263054,150.7972987907521,0.0,1.0,0.0,0.0,0.0,1.0,0.0,0.0,1.0,0.0,0.0,2.0,0.0,1.0,0.0,0.0,0.0,0.0,0.0,0.0,0.0,nothing,0.0,0.0,0,52.440690213805084
88be08485bfffff,-33.55591899846625,150.80151815147067,0.0,0.0,0.0,0.0,0.0,0.0,0.0,0.0,1.0,0.0,0.0,5.0,0.0,0.0,0.0,0.0,0.0,0.0,0.0,0.0,0.0,nothing,1.0,0.0,0,51.526202444074954
88be08485dfffff,-33.549809505059066,150.8189441974711,0.0,0.0,0.0,0.0,0.0,0.0,0.0,0.0,0.0,0.0,0.0,2.0,0.0,0.0,0.0,0.0,0.0,0.0,0.0,0.0,0.0,nothing,0.0,0.0,0,50.796974824681115
88be084893fffff,-33.52157747527491,150.70231861788704,0.0,0.0,0.0,0.0,0.0,0.0,0.0,0.0,0.0,0.0,0.0,0.0,0.0,0.0,0.0,0.0,0.0,0.0,0.0,2.0,0.0,nothing,0.0,330000.0,1,61.02005080956254
88be0848b3fffff,-33.498695797522224,150.7113256853262,0.0,0.0,0.0,0.0,0.0,0.0,0.0,0.0,0.0,0.0,0.0,0.0,0.0,0.0,0.0,0.0,0.0,0.0,0.0,2.0,0.0,nothing,0.0,330000.0,1,62.00752677266976
88be0848c1fffff,-33.53570650962099,150.76061922023038,0.0,0.0,0.0,0.0,0.0,0.0,0.0,0.0,0.0,1.0,0.0,2.0,0.0,0.0,0.0,0.0,0.0,0.0,0.0,0.0,0.0,nothing,0.0,0.0,0,55.85811285069588
88be0848c5fffff,-33.52845903849684,150.7672238791023,0.0,0.0,0.0,0.0,0.0,0.0,0.0,0.0,0.0,0.0,0.0,2.0,0.0,0.0,0.0,0.0,0.0,0.0,0.0,0.0,0.0,nothing,0.0,0.0,0,55.931017987077816
88be0848cbfffff,-33.54295359021689,150.75401349021672,0.0,0.0,0.0,0.0,0.0,0.0,0.0,0.0,0.0,1.0,0.0,0.0,0.0,0.0,0.0,0.0,0.0,0.0,0.0,0.0,0.0,nothing,0.0,0.0,0,55.803438911472064
88be0848cdfffff,-33.53685083969712,150.77143911774655,0.0,0.0,0.0,0.0,0.0,0.0,0.0,0.0,0.0,0.0,0.0,8.0,0.0,0.0,0.0,0.0,0.0,0.0,0.0,0.0,0.0,nothing,0.0,0.0,0,55.0189239916544
88be0848e1fffff,-33.512819562735466,150.7696127570584,0.0,0.0,0.0,0.0,0.0,0.0,0.0,0.0,0.0,1.0,0.0,0.0,0.0,0.0,0.0,0.0,0.0,0.0,0.0,0.0,0.0,nothing,0.0,0.0,0,56.94492778432064
88be0848e3fffff,-33.51167527710704,150.75879599082282,0.0,0.0,0.0,0.0,0.0,0.0,0.0,0.0,0.0,0.0,0.0,1.0,0.0,0.0,0.0,0.0,0.0,0.0,0.0,0.0,0.0,nothing,0.0,0.0,0,57.76492269393077
88be08494bfffff,-33.50018038339416,150.87594900342262,0.0,0.0,0.0,0.0,0.0,0.0,0.0,0.0,0.0,0.0,0.0,1.0,0.0,0.0,0.0,0.0,0.0,0.0,0.0,0.0,0.0,nothing,0.0,0.0,0,51.329019202181435
88be084951fffff,-33.49790940994867,150.85431304369104,0.0,0.0,0.0,0.0,0.0,0.0,0.0,0.0,0.0,0.0,0.0,0.0,0.0,0.0,0.0,0.0,0.0,0.0,0.0,0.0,0.0,nothing,0.0,11000.0,0,52.78115984745141
88be084953fffff,-33.49677254003274,150.84349574505066,0.0,0.0,0.0,0.0,0.0,0.0,0.0,0.0,0.0,1.0,0.0,0.0,0.0,0.0,0.0,0.0,0.0,0.0,0.0,0.0,0.0,nothing,0.0,11000.0,0,53.521204147141674
88be084959fffff,-33.506298540738605,150.85853592711047,0.0,0.0,0.0,0.0,0.0,0.0,0.0,0.0,0.0,0.0,0.0,0.0,0.0,0.0,0.0,0.0,0.0,0.0,0.0,0.0,0.0,nothing,0.0,11000.0,0,51.813928960090394
88be08495dfffff,-33.499045357791246,150.86513079672923,0.0,0.0,0.0,0.0,0.0,0.0,0.0,0.0,0.0,0.0,0.0,0.0,0.0,0.0,0.0,0.0,0.0,360.67787619757553,0.0,0.0,0.0,nothing,0.0,11000.0,0,52.05030042055227
88be0849c9fffff,-33.49335639951121,150.8110465829404,0.0,0.0,0.0,0.0,0.0,0.0,0.0,0.0,0.0,1.0,0.0,0.0,0.0,0.0,0.0,0.0,0.0,0.0,0.0,0.0,0.0,nothing,0.0,0.0,0,55.792759654706416
88be084a03fffff,-33.58337123541091,150.83583640493856,0.0,0.0,0.0,0.0,0.0,0.0,0.0,0.0,0.0,0.0,0.0,2.0,0.0,0.0,0.0,0.0,0.0,0.0,0.0,0.0,0.0,nothing,0.0,0.0,0,47.121494980535765
88be084a05fffff,-33.57725703271894,150.85326647435627,0.0,0.0,0.0,0.0,0.0,0.0,0.0,0.0,0.0,0.0,0.0,3.0,0.0,0.0,0.0,0.0,0.0,0.0,0.0,0.0,0.0,nothing,0.0,0.0,0,46.38962372136132
88be084a0dfffff,-33.585646788343915,150.85749321764862,0.0,3.0,0.0,2.0,1.0,0.0,1.0,0.0,3.0,6.0,0.0,3.0,0.0,5.0,0.0,0.0,0.0,0.0,0.0,0.0,0.0,nothing,5.0,0.0,0,45.465653321086734
88be084a15fffff,-33.58223207134706,150.82500868312647,0.0,0.0,0.0,0.0,0.0,1.0,0.0,0.0,1.0,0.0,0.0,0.0,0.0,0.0,0.0,0.0,0.0,848.027189869584,0.0,0.0,0.0,nothing,0.0,0.0,0,47.960059765472906
88be084a19fffff,-33.597873688817565,150.82262791986702,0.0,0.0,0.0,0.0,0.0,0.0,0.0,0.0,0.0,0.0,0.0,0.0,0.0,0.0,0.0,0.0,0.0,1346.148172576115,0.0,0.0,0.0,nothing,5.0,0.0,0,47.01217264540093
88be084a23fffff,-33.560477349637225,150.84481558270036,0.0,0.0,0.0,3.0,0.0,0.0,0.0,0.0,0.0,7.0,0.0,9.0,0.0,1.0,0.0,0.0,0.0,3311.0402605601867,0.0,0.0,0.0,nothing,0.0,0.0,0,48.24786536808151
88be084a25fffff,-33.55436164565652,150.86224049408307,0.0,0.0,0.0,0.0,0.0,0.0,0.0,0.0,0.0,0.0,0.0,1.0,0.0,0.0,0.0,0.0,0.0,0.0,0.0,0.0,0.0,nothing,0.0,0.0,0,47.59791212880606
88be084a27fffff,-33.55322499645728,150.85141573639245,0.0,0.0,0.0,0.0,0.0,0.0,0.0,0.0,0.0,0.0,0.0,9.0,0.0,0.0,0.0,0.0,0.0,0.0,0.0,0.0,0.0,nothing,0.0,0.0,0,48.38570995241176
88be084a29fffff,-33.57000420115087,150.85986729177438,0.0,0.0,0.0,0.0,0.0,0.0,0.0,0.0,0.0,0.0,0.0,0.0,0.0,0.0,0.0,0.0,0.0,0.0,0.0,0.0,0.0,nothing,1.0,0.0,0,46.51112861332844
88be084a2dfffff,-33.56275098027655,150.86646703570185,0.0,0.0,0.0,0.0,0.0,0.0,0.0,0.0,0.0,1.0,0.0,0.0,0.0,0.0,0.0,0.0,0.0,0.0,0.0,0.0,0.0,nothing,1.0,0.0,0,46.6542431218696
88be084a35fffff,-33.55933914783051,150.83399053943037,0.0,0.0,0.0,0.0,1.0,0.0,1.0,0.0,0.0,1.0,0.0,2.0,0.0,2.0,0.0,0.0,0.0,0.0,0.0,0.0,0.0,nothing,0.0,0.0,0,49.0566287276654
88be084a3dfffff,-33.56772931352227,150.8382143559829,0.0,0.0,0.0,0.0,0.0,0.0,0.0,0.0,0.0,2.0,0.0,5.0,0.0,1.0,0.0,0.0,0.0,428.42225588023814,0.0,0.0,0.0,nothing,0.0,0.0,0,48.13087843317034
88be084a43fffff,-33.601289404823085,150.85511827123344,0.0,0.0,0.0,0.0,0.0,0.0,0.0,0.0,0.0,0.0,0.0,2.0,0.0,0.0,0.0,0.0,0.0,12337.51057931238,0.0,0.0,0.0,nothing,0.0,0.0,0,44.464401829048676
88be084a45fffff,-33.59517257763198,150.87255111271014,0.0,0.0,0.0,0.0,0.0,0.0,0.0,0.0,0.0,1.0,0.0,0.0,0.0,0.0,0.0,0.0,0.0,2582.3861470743104,0.0,0.0,0.0,nothing,0.0,0.0,0,43.72342731366815
88be084a47fffff,-33.594036486025196,150.86172082621005,0.0,0.0,0.0,0.0,0.0,0.0,0.0,0.0,0.0,0.0,0.0,2.0,0.0,0.0,0.0,0.0,0.0,0.0,0.0,0.0,0.0,nothing,0.0,0.0,0,44.54540281313334
88be084a49fffff,-33.610815705557066,150.8701786400189,0.0,0.0,0.0,0.0,0.0,0.0,0.0,0.0,0.0,0.0,0.0,0.0,0.0,0.0,0.0,0.0,0.0,0.0,0.0,4.0,0.0,nothing,0.0,500000.0,1,42.717025663199664
88be084a4bfffff,-33.60967928228256,150.85934641340452,0.0,0.0,0.0,0.0,0.0,0.0,0.0,0.0,0.0,0.0,0.0,2.0,0.0,0.0,0.0,0.0,0.0,0.0,0.0,0.0,0.0,nothing,0.0,0.0,0,43.55807107093521
88be084a4dfffff,-33.60356191964373,150.8767807839972,0.0,0.0,0.0,0.0,0.0,0.0,0.0,0.0,0.0,0.0,0.0,2.0,0.0,0.0,0.0,0.0,0.0,0.0,0.0,1.0,0.0,nothing,0.0,500000.0,1,42.80148292470854
88be084a53fffff,-33.60626445562438,150.8268524680451,0.0,4.0,0.0,24.0,0.0,0.0,1.0,0.0,3.0,33.0,0.0,1.0,0.0,1.0,0.0,0.0,0.0,9224.589775445513,8805.03738317757,0.0,0.0,nothing,21.0,0.0,0,46.12265491810087
88be084a57fffff,-33.59901318643342,150.8334575802917,0.0,0.0,0.0,0.0,0.0,0.0,0.0,0.0,0.0,3.0,0.0,2.0,0.0,0.0,0.0,0.0,0.0,9712.564199685568,0.0,0.0,0.0,nothing,0.0,0.0,0,46.15631883630416
88be084a59fffff,-33.615794069313786,150.84190993854443,0.0,0.0,0.0,0.0,0.0,0.0,0.0,0.0,0.0,2.0,0.0,23.0,0.0,0.0,0.0,0.0,0.0,487.08063867689225,0.0,0.0,0.0,nothing,0.0,0.0,0,44.371155562242855
88be084a5bfffff,-33.614655164177194,150.83107788156903,0.0,3.0,0.0,1.0,0.0,0.0,0.0,0.0,0.0,2.0,0.0,7.0,0.0,0.0,0.0,0.0,0.0,2856.305201883023,0.0,0.0,0.0,nothing,5.0,0.0,0,45.238181251140354
88be084a5dfffff,-33.608541932757696,150.84851464204044,0.0,0.0,0.0,0.0,0.0,0.0,0.0,0.0,0.0,0.0,0.0,0.0,0.0,0.0,0.0,0.0,0.0,2270.1278737807047,0.0,0.0,0.0,nothing,0.0,0.0,0,44.40628953505319
88be084a63fffff,-33.57839371788565,150.86409436681836,0.0,0.0,0.0,0.0,0.0,0.0,0.0,0.0,0.0,0.0,0.0,2.0,0.0,0.0,0.0,0.0,0.0,339.82727547832087,0.0,0.0,0.0,nothing,10.0,0.0,0,45.57847346162795
88be084a67fffff,-33.57114025785789,150.8706944422215,0.0,0.0,0.0,0.0,0.0,0.0,0.0,0.0,0.0,0.0,0.0,0.0,0.0,0.0,0.0,0.0,0.0,0.0,0.0,0.0,0.0,nothing,2.0,0.0,0,45.713392913316525
88be084a6bfffff,-33.586783176879315,150.8683223070571,0.0,0.0,0.0,0.0,0.0,1.0,0.0,0.0,1.0,0.0,0.0,0.0,0.0,0.0,0.0,0.0,0.0,0.0,0.0,0.0,0.0,nothing,0.0,0.0,0,44.649168209376676
88be084a6dfffff,-33.580664312597754,150.88575151474052,0.0,0.0,0.0,0.0,0.0,0.0,0.0,0.0,0.0,2.0,0.0,0.0,0.0,0.0,0.0,0.0,0.0,0.0,0.0,0.0,0.0,nothing,0.0,0.0,0,43.9812746316751
88be084a85fffff,-33.56927434632953,150.7774840179228,0.0,0.0,0.0,0.0,0.0,0.0,0.0,0.0,0.0,0.0,0.0,0.0,0.0,0.0,0.0,0.0,0.0,574.3872749048105,0.0,0.0,0.0,nothing,0.0,0.0,0,52.26505067492861
88be084a87fffff,-33.56813026596654,150.76665978890307,0.0,0.0,0.0,0.0,0.0,0.0,0.0,0.0,0.0,0.0,0.0,1.0,0.0,0.0,0.0,0.0,0.0,0.0,0.0,0.0,0.0,nothing,0.0,0.0,0,53.12857321406135
88be084a99fffff,-33.58987130395792,150.74683315391823,0.0,0.0,0.0,1.0,0.0,0.0,0.0,0.0,0.0,0.0,0.0,0.0,0.0,0.0,0.0,0.0,0.0,2132.8238052536526,0.0,0.0,0.0,nothing,2.0,0.0,0,53.15775410761278
88be084aa1fffff,-33.55363428061125,150.77987218514158,0.0,0.0,0.0,0.0,0.0,0.0,0.0,0.0,0.0,0.0,0.0,2.0,0.0,0.0,0.0,0.0,0.0,0.0,0.0,0.0,0.0,nothing,0.0,0.0,0,53.20528927798632
88be084aabfffff,-33.560882468948456,150.77326652300732,0.0,0.0,0.0,0.0,0.0,0.0,0.0,0.0,1.0,1.0,0.0,2.0,0.0,0.0,0.0,0.0,0.0,574.3872749048105,0.0,0.0,0.0,nothing,0.0,0.0,0,53.157327915236905
88be084aadfffff,-33.55477710125481,150.79069493857952,0.0,0.0,0.0,0.0,0.0,0.0,0.0,0.0,0.0,0.0,0.0,1.0,0.0,0.0,0.0,0.0,0.0,0.0,0.0,0.0,0.0,nothing,0.0,0.0,0,52.36268419435048
88be084ab9fffff,-33.56698526195949,150.75583602116004,0.0,0.0,0.0,0.0,0.0,0.0,0.0,0.0,0.0,0.0,0.0,2.0,0.0,0.0,0.0,0.0,0.0,0.0,0.0,0.0,0.0,nothing,0.0,0.0,0,53.99727606669218
88be084abbfffff,-33.565839334477026,150.74501271543676,0.0,0.0,0.0,0.0,0.0,0.0,0.0,0.0,0.0,0.0,0.0,3.0,0.0,0.0,0.0,0.0,0.0,0.0,0.0,0.0,0.0,nothing,0.0,0.0,0,54.8709122352762
88be084ac1fffff,-33.594449644294514,150.79014168771516,0.0,0.0,0.0,0.0,0.0,0.0,0.0,0.0,0.0,0.0,0.0,2.0,0.0,0.0,0.0,0.0,0.0,13999.983324089817,0.0,0.0,0.0,nothing,4.0,0.0,0,49.61519855367999
88be084ac3fffff,-33.59330644612095,150.77931386252007,0.0,0.0,0.0,0.0,0.0,0.0,0.0,0.0,0.0,0.0,0.0,2.0,0.0,0.0,0.0,0.0,0.0,7089.399858013075,0.0,0.0,0.0,nothing,2.0,0.0,0,50.493676258568385
88be084ac9fffff,-33.602841297224565,150.79436264006077,0.0,0.0,0.0,0.0,0.0,0.0,0.0,0.0,0.0,0.0,0.0,2.0,0.0,0.0,0.0,0.0,0.0,29316.72759057475,0.0,0.0,0.0,nothing,5.0,0.0,0,48.74172519019926
88be084acbfffff,-33.60169839370867,150.78353361584743,0.0,0.0,0.0,0.0,0.0,0.0,0.0,0.0,0.0,0.0,0.0,0.0,0.0,0.0,0.0,0.0,0.0,10534.681851509307,0.0,0.0,0.0,nothing,6.0,0.0,0,49.62536600175806
88be084ad1fffff,-33.59940981161167,150.76187694955925,0.0,1.0,0.0,1.0,0.0,0.0,0.0,0.0,2.0,2.0,0.0,3.0,0.0,1.0,0.0,0.0,0.0,6325.451658163265,0.0,0.0,0.0,nothing,23.0,0.0,0,51.40692760956782
88be084ad3fffff,-33.598264133367586,150.7510493089725,1.0,11.0,0.0,29.0,6.0,0.0,1.0,2.0,5.0,67.0,0.0,11.0,0.0,3.0,3.0,0.0,0.0,55994.139683373214,0.0,0.0,0.0,nothing,71.0,0.0,0,52.30436001351432
88be084ad5fffff,-33.59216232322799,150.76848649799302,0.0,0.0,0.0,0.0,0.0,0.0,0.0,0.0,0.0,0.0,0.0,2.0,0.0,0.0,0.0,0.0,0.0,0.0,0.0,0.0,0.0,nothing,0.0,0.0,0,51.37709313565952
88be084ad9fffff,-33.60780229096918,150.76609516870784,0.0,0.0,0.0,0.0,0.0,0.0,0.0,0.0,0.0,1.0,0.0,0.0,0.0,0.0,0.0,0.0,0.0,0.0,0.0,0.0,0.0,nothing,0.0,0.0,0,50.55424797028018
88be084adbfffff,-33.606656906604464,150.75526632834698,0.0,0.0,0.0,0.0,0.0,0.0,0.0,0.0,0.0,1.0,0.0,2.0,0.0,0.0,0.0,0.0,0.0,0.0,0.0,0.0,0.0,nothing,14.0,0.0,0,51.456619983286515
88be084addfffff,-33.60055456511491,150.77270505209887,0.0,0.0,0.0,0.0,0.0,0.0,0.0,0.0,1.0,8.0,0.0,0.0,0.0,0.0,0.0,0.0,0.0,0.0,0.0,0.0,0.0,nothing,0.0,0.0,0,50.51385086770066
88be084ae7fffff,-33.563168446081406,150.7949139656491,0.0,0.0,0.0,0.0,0.0,0.0,0.0,0.0,0.0,0.0,0.0,2.0,0.0,0.0,0.0,0.0,0.0,0.0,0.0,0.0,0.0,nothing,0.0,0.0,0,51.45668563256377
88be084b01fffff,-33.53373421402201,150.8928552782418,0.0,0.0,0.0,0.0,0.0,0.0,0.0,0.0,0.0,3.0,0.0,0.0,0.0,0.0,0.0,0.0,0.0,1851.6453068154115,0.0,0.0,0.0,nothing,0.0,0.0,0,47.43844817539454
88be084b03fffff,-33.5326003719959,150.88203229279432,0.0,0.0,0.0,0.0,0.0,0.0,0.0,0.0,0.0,0.0,0.0,2.0,0.0,0.0,0.0,0.0,0.0,0.0,0.0,0.0,0.0,nothing,1.0,0.0,0,48.17553951269569
88be084b07fffff,-33.52534583945798,150.88862741318047,0.0,0.0,0.0,0.0,0.0,0.0,0.0,0.0,0.0,0.0,0.0,1.0,0.0,0.0,0.0,0.0,0.0,0.0,0.0,0.0,0.0,nothing,0.0,0.0,0,48.40882184101011
88be084b0bfffff,-33.54098898696865,150.88625982740845,0.0,1.0,0.0,0.0,0.0,0.0,0.0,0.0,1.0,6.0,0.0,0.0,0.0,0.0,0.0,0.0,0.0,0.0,0.0,0.0,0.0,nothing,0.0,0.0,0,47.21113344555234
88be084b11fffff,-33.538719124273356,150.8646128250467,0.0,0.0,0.0,0.0,0.0,0.0,0.0,0.0,0.0,0.0,0.0,2.0,0.0,0.0,0.0,0.0,0.0,0.0,0.0,0.0,0.0,nothing,0.0,0.0,0,48.7232382002863
88be084b1bfffff,-33.54597225449759,150.8580148171457,0.0,0.0,0.0,0.0,0.0,0.0,0.0,0.0,5.0,0.0,0.0,0.0,0.0,0.0,0.0,0.0,0.0,3475.5547195720633,0.0,0.0,0.0,nothing,0.0,0.0,0,48.54423476369369
88be084b2bfffff,-33.51809092045335,150.89522146078608,0.0,0.0,0.0,0.0,0.0,0.0,0.0,0.0,0.0,0.0,0.0,1.0,0.0,0.0,0.0,0.0,0.0,0.0,0.0,0.0,0.0,nothing,0.0,0.0,0,48.66200756138928
88be084b35fffff,-33.50856892364437,150.8801742759899,0.0,1.0,0.0,0.0,0.0,0.0,0.0,0.0,0.0,0.0,0.0,2.0,0.0,0.0,0.0,0.0,0.0,0.0,0.0,0.0,0.0,nothing,0.0,0.0,0,50.354195783898625
88be084b37fffff,-33.5074341934901,150.86935487482495,0.0,0.0,0.0,0.0,0.0,0.0,0.0,0.0,0.0,1.0,0.0,0.0,0.0,0.0,0.0,0.0,0.0,0.0,0.0,0.0,0.0,nothing,0.0,0.0,0,51.0792360356002
88be084b49fffff,-33.56003102466125,150.91637108442416,0.0,0.0,0.0,0.0,0.0,0.0,0.0,0.0,0.0,3.0,0.0,0.0,0.0,0.0,0.0,0.0,0.0,0.0,0.0,0.0,0.0,nothing,0.0,0.0,0,43.7979337957975
88be084b59fffff,-33.56502091250665,150.8881203056899,0.0,0.0,0.0,0.0,0.0,0.0,0.0,0.0,0.0,1.0,0.0,0.0,0.0,0.0,0.0,0.0,0.0,0.0,0.0,0.0,0.0,nothing,0.0,0.0,0,45.095309924050966
88be084b5bfffff,-33.563886408775915,150.8772934439448,0.0,0.0,0.0,0.0,0.0,0.0,0.0,0.0,0.0,1.0,0.0,0.0,0.0,0.0,0.0,0.0,0.0,0.0,0.0,0.0,0.0,nothing,0.0,0.0,0,45.87021694694493
88be084b5dfffff,-33.55776604712187,150.89471749088818,0.0,0.0,0.0,0.0,0.0,1.0,0.0,0.0,1.0,0.0,0.0,0.0,0.0,0.0,0.0,0.0,0.0,0.0,0.0,0.0,0.0,nothing,0.0,0.0,0,45.288235270995905
88be084b63fffff,-33.52761134558917,150.91027235041068,0.0,0.0,0.0,0.0,0.0,0.0,0.0,0.0,0.0,1.0,0.0,0.0,0.0,0.0,0.0,0.0,0.0,0.0,0.0,0.0,0.0,nothing,0.0,0.0,0,46.97416469906041
88be084c03fffff,-33.55925479730717,150.6085512800589,0.0,0.0,0.0,0.0,0.0,0.0,0.0,0.0,1.0,1.0,0.0,0.0,0.0,0.0,0.0,0.0,0.0,0.0,0.0,0.0,0.0,nothing,0.0,0.0,0,65.76815631439057
88be084c21fffff,-33.53753792576265,150.62840229533285,0.0,0.0,0.0,0.0,0.0,0.0,0.0,0.0,1.0,1.0,0.0,0.0,0.0,0.0,0.0,0.0,0.0,1236.343440043312,0.0,0.0,0.0,nothing,0.0,132000.0,0,65.50895607429993
88be084c23fffff,-33.53638127393258,150.61758652274577,0.0,0.0,0.0,0.0,0.0,0.0,0.0,0.0,0.0,0.0,0.0,0.0,0.0,0.0,0.0,0.0,0.0,0.0,0.0,0.0,0.0,nothing,0.0,132000.0,0,66.41631572856944
88be084c25fffff,-33.53029817927057,150.6350171619255,0.0,0.0,0.0,1.0,0.0,0.0,1.0,0.0,1.0,3.0,0.0,0.0,0.0,2.0,0.0,0.0,0.0,549.5815193082431,0.0,0.0,0.0,nothing,0.0,0.0,0,65.45357040955525
88be084c27fffff,-33.52914215975814,150.62420211930691,0.0,0.0,0.0,0.0,0.0,0.0,0.0,0.0,0.0,1.0,0.0,0.0,0.0,0.0,0.0,0.0,0.0,0.0,0.0,0.0,0.0,nothing,0.0,0.0,0,66.35393982548077
88be084c29fffff,-33.54593364126465,150.63260333302716,0.0,0.0,0.0,0.0,0.0,0.0,0.0,0.0,0.0,0.0,0.0,0.0,0.0,0.0,0.0,0.0,0.0,0.0,0.0,0.0,0.0,nothing,0.0,132000.0,0,64.66868410989538
88be084c2bfffff,-33.54477727794218,150.621786359546,0.0,0.0,0.0,0.0,0.0,0.0,0.0,0.0,0.0,0.0,0.0,0.0,0.0,0.0,0.0,0.0,0.0,0.0,0.0,0.0,0.0,nothing,0.0,132000.0,0,65.57988445775611
88be084c39fffff,-33.55085831808017,150.60435212253955,0.0,0.0,0.0,0.0,0.0,0.0,0.0,0.0,0.0,5.0,0.0,0.0,0.0,0.0,0.0,0.0,0.0,0.0,0.0,0.0,0.0,nothing,0.0,0.0,0,66.58696248961012
88be084c4bfffff,-33.58560068823905,150.63197596398336,0.0,0.0,0.0,0.0,0.0,0.0,0.0,0.0,0.0,0.0,0.0,0.0,0.0,0.0,0.0,0.0,0.0,0.0,0.0,1.0,1.0,11 kW,0.0,0.0,1,62.40897899573567
88be084c5dfffff,-33.584443926339496,150.62115392478813,0.0,0.0,0.0,0.0,0.0,0.0,0.0,0.0,0.0,0.0,0.0,0.0,0.0,1.0,0.0,0.0,0.0,0.0,0.0,0.0,0.0,nothing,0.0,0.0,0,63.34473723106328
88be084c61fffff,-33.555484458677306,150.6476238773138,0.0,0.0,0.0,0.0,0.0,0.0,0.0,0.0,0.0,0.0,0.0,0.0,0.0,0.0,0.0,0.0,0.0,0.0,0.0,0.0,0.0,nothing,0.0,132000.0,0,62.92121795897912
88be084c63fffff,-33.55432930576505,150.63680523260993,0.0,0.0,0.0,0.0,0.0,0.0,0.0,0.0,0.0,0.0,0.0,0.0,0.0,0.0,0.0,0.0,0.0,0.0,0.0,0.0,0.0,nothing,0.0,132000.0,0,63.833310631654165
88be084c65fffff,-33.548243603998976,150.65423869038577,0.0,0.0,0.0,0.0,0.0,0.0,0.0,0.0,0.0,2.0,0.0,0.0,0.0,0.0,0.0,0.0,0.0,1684.745389314584,0.0,0.0,0.0,nothing,0.0,0.0,0,62.85556428312975
88be084c67fffff,-33.54708908334064,150.64342077688727,0.0,0.0,0.0,0.0,0.0,0.0,0.0,1.0,0.0,0.0,0.0,0.0,0.0,0.0,0.0,0.0,0.0,0.0,0.0,0.0,0.0,nothing,0.0,0.0,0,63.76053303722097
88be084c69fffff,-33.56387978221618,150.65182783999748,0.0,0.0,0.0,0.0,0.0,0.0,0.0,0.0,0.0,0.0,0.0,0.0,0.0,0.0,0.0,0.0,0.0,0.0,0.0,0.0,0.0,nothing,0.0,132000.0,0,62.08696619614711
88be084c6dfffff,-33.556638689812836,150.65844299145667,0.0,0.0,0.0,0.0,0.0,0.0,0.0,0.0,0.0,3.0,0.0,0.0,0.0,0.0,0.0,0.0,0.0,2080.1592053954655,0.0,0.0,0.0,nothing,2.0,0.0,0,62.012235689522385
88be084d1bfffff,-33.52190265153536,150.63081664695036,0.0,0.0,0.0,2.0,0.0,0.0,0.0,0.0,0.0,2.0,0.0,0.0,0.0,0.0,0.0,0.0,0.0,2220.156537728348,0.0,0.0,0.0,nothing,0.0,0.0,0,66.30692363148394
88be084d41fffff,-33.52767038193489,150.68489289678857,0.0,0.0,0.0,0.0,0.0,0.0,0.0,0.0,0.0,1.0,0.0,0.0,0.0,0.0,0.0,0.0,0.0,0.0,0.0,0.0,0.0,nothing,0.0,0.0,0,61.87784476883182
88be084d45fffff,-33.52042732297091,150.69150269841307,0.0,0.0,0.0,0.0,0.0,0.0,0.0,0.0,0.0,0.0,0.0,0.0,0.0,1.0,0.0,0.0,0.0,0.0,0.0,0.0,0.0,nothing,0.0,0.0,0,61.88551495225181
88be084d4dfffff,-33.52882116511488,150.69570954932092,0.0,0.0,0.0,0.0,0.0,0.0,0.0,0.0,0.0,0.0,0.0,0.0,0.0,0.0,0.0,0.0,0.0,0.0,0.0,3.0,0.0,nothing,0.0,330000.0,1,61.00384228863396
88be084d51fffff,-33.53260745602574,150.65664865653267,0.0,0.0,0.0,0.0,0.0,0.0,0.0,0.0,0.0,0.0,0.0,0.0,0.0,0.0,0.0,0.0,0.0,3845.1548415837483,0.0,0.0,0.0,nothing,0.0,0.0,0,63.662919077206546
88be084d69fffff,-33.51318387223787,150.6981114303216,0.0,0.0,0.0,0.0,0.0,0.0,0.0,0.0,0.0,1.0,0.0,0.0,0.0,0.0,0.0,0.0,0.0,0.0,0.0,3.0,0.0,nothing,0.0,330000.0,1,61.90970028494804
88be084d6dfffff,-33.505940030250166,150.704719092598,0.0,0.0,0.0,0.0,0.0,0.0,0.0,0.0,0.0,0.0,0.0,0.0,0.0,0.0,0.0,0.0,0.0,0.0,0.0,4.0,0.0,nothing,0.0,330000.0,1,61.95038164273288
88be084d91fffff,-33.50655370571631,150.56174822390935,0.0,2.0,0.0,0.0,0.0,0.0,0.0,0.0,1.0,2.0,0.0,0.0,0.0,0.0,0.0,0.0,0.0,1792.4193931402756,0.0,0.0,0.0,nothing,0.0,0.0,0,72.56806351333927
88be084d93fffff,-33.50539159367319,150.5509384200644,0.0,0.0,0.0,0.0,0.0,0.0,0.0,0.0,0.0,1.0,0.0,0.0,0.0,0.0,0.0,0.0,0.0,0.0,0.0,0.0,0.0,nothing,0.0,132000.0,0,73.47880383528585
88be084d99fffff,-33.514951005720754,150.56594067304215,0.0,0.0,0.0,0.0,0.0,0.0,0.0,0.0,0.0,0.0,0.0,0.0,0.0,0.0,0.0,0.0,0.0,0.0,0.0,0.0,0.0,nothing,0.0,132000.0,0,71.73230286030639
88be084d9bfffff,-33.51378917949818,150.55512966776175,0.0,0.0,0.0,0.0,0.0,0.0,0.0,0.0,0.0,0.0,0.0,0.0,0.0,0.0,0.0,0.0,0.0,0.0,0.0,0.0,0.0,nothing,0.0,132000.0,0,72.64649634384962
88be084d9dfffff,-33.50771489880959,150.57255850262212,0.0,0.0,0.0,0.0,0.0,0.0,0.0,0.0,0.0,0.0,0.0,0.0,0.0,0.0,0.0,0.0,0.0,1035.4861533968788,0.0,0.0,0.0,nothing,0.0,0.0,0,71.66004232844224
88be084dc1fffff,-33.519589115795775,150.60918943348395,0.0,0.0,0.0,0.0,0.0,0.0,0.0,0.0,0.0,0.0,0.0,0.0,0.0,0.0,0.0,0.0,0.0,696.7895741982611,0.0,0.0,0.0,nothing,0.0,0.0,0,68.10323319505281
88be084dc3fffff,-33.51843096784375,150.59837653395326,0.0,0.0,0.0,0.0,0.0,0.0,0.0,0.0,0.0,1.0,0.0,0.0,0.0,0.0,0.0,0.0,0.0,752.8392253317858,0.0,0.0,0.0,nothing,0.0,0.0,0,69.00612446663372
88be084dc9fffff,-33.527985219717436,150.61338754746504,0.0,0.0,0.0,0.0,0.0,0.0,0.0,0.0,0.0,0.0,0.0,0.0,0.0,0.0,0.0,0.0,0.0,0.0,0.0,0.0,0.0,nothing,0.0,132000.0,0,67.25749076437653
88be084dcbfffff,-33.52682735931995,150.60257344713966,0.0,0.0,0.0,0.0,0.0,0.0,0.0,0.0,0.0,0.0,0.0,0.0,0.0,0.0,0.0,0.0,0.0,0.0,0.0,0.0,0.0,nothing,0.0,132000.0,0,68.16409589668038
88be084dd1fffff,-33.52450887814176,150.58094666399654,0.0,0.0,0.0,0.0,0.0,0.0,0.0,0.0,0.0,0.0,0.0,0.0,0.0,0.0,0.0,0.0,0.0,0.0,0.0,0.0,0.0,nothing,0.0,132000.0,0,69.98599039587288
88be084dd3fffff,-33.523348257705145,150.57013398265732,0.0,0.0,0.0,0.0,0.0,0.0,0.0,0.0,0.0,0.0,0.0,0.0,0.0,0.0,0.0,0.0,0.0,0.0,0.0,0.0,0.0,nothing,0.0,132000.0,0,70.9010550359106
88be084dd5fffff,-33.51727190006587,150.58756410687667,0.0,0.0,0.0,0.0,0.0,0.0,0.0,0.0,0.0,1.0,0.0,0.0,0.0,0.0,0.0,0.0,0.0,0.0,0.0,0.0,0.0,nothing,0.0,0.0,0,69.91200936054342
88be084dd7fffff,-33.51611191263413,150.57675215299335,0.0,0.0,0.0,2.0,0.0,0.0,0.0,0.0,0.0,3.0,0.0,0.0,0.0,0.0,0.0,0.0,0.0,1035.4861533968788,0.0,0.0,0.0,nothing,0.0,0.0,0,70.82077221236759
88be084dddfffff,-33.52566857873742,150.59175981907038,0.0,0.0,0.0,0.0,0.0,0.0,0.0,0.0,0.0,0.0,0.0,0.0,0.0,0.0,0.0,0.0,0.0,0.0,0.0,0.0,0.0,nothing,0.0,132000.0,0,69.07363415814409
88be084e11fffff,-33.624111354337096,150.62052089580246,0.0,0.0,0.0,0.0,0.0,0.0,0.0,0.0,0.0,1.0,0.0,0.0,0.0,0.0,0.0,0.0,0.0,0.0,0.0,0.0,0.0,nothing,0.0,0.0,0,61.3441375888875
88be084e13fffff,-33.622953270807315,150.60969425824317,0.0,0.0,0.0,0.0,0.0,0.0,0.0,0.0,0.0,1.0,0.0,0.0,0.0,0.0,0.0,0.0,0.0,0.0,0.0,0.0,0.0,nothing,0.0,0.0,0,62.304249974960925
88be084e15fffff,-33.61687216710386,150.6271431496951,0.0,0.0,0.0,0.0,0.0,0.0,0.0,0.0,0.0,1.0,0.0,0.0,0.0,0.0,0.0,0.0,0.0,0.0,0.0,0.0,0.0,nothing,0.0,0.0,0,61.15169206795436
88be084e27fffff,-33.58791144376743,150.65362145422714,0.0,0.0,0.0,0.0,0.0,0.0,0.0,0.0,0.0,0.0,0.0,0.0,0.0,1.0,0.0,0.0,0.0,0.0,0.0,0.0,0.0,nothing,0.0,0.0,0,60.54485224265975
88be084e2dfffff,-33.597460548409096,150.66865231770592,0.0,0.0,0.0,0.0,0.0,0.0,0.0,0.0,0.0,0.0,0.0,0.0,0.0,0.0,0.0,0.0,0.0,0.0,0.0,2.0,0.0,nothing,0.0,330000.0,1,58.804896169881836
88be084e3bfffff,-33.60847576601668,150.62293915720957,0.0,0.0,0.0,0.0,0.0,0.0,0.0,0.0,0.0,1.0,0.0,0.0,0.0,0.0,0.0,0.0,0.0,0.0,0.0,0.0,0.0,nothing,0.0,0.0,0,61.9246352310467
88be084e3dfffff,-33.60239259928787,150.64038444400254,0.0,0.0,0.0,0.0,0.0,0.0,0.0,0.0,0.0,0.0,0.0,0.0,0.0,0.0,0.0,0.0,0.0,275.5247305799621,0.0,0.0,0.0,nothing,0.0,0.0,0,60.81541965254577
88be084e43fffff,-33.63597577056732,150.6572117633939,0.0,0.0,0.0,0.0,0.0,0.0,0.0,0.0,0.0,0.0,0.0,0.0,0.0,0.0,0.0,0.0,0.0,807.8402609109428,0.0,2.0,0.0,nothing,0.0,330000.0,1,57.70822962205657
88be084e47fffff,-33.628734446920895,150.6638321595564,0.0,0.0,0.0,0.0,0.0,0.0,0.0,0.0,0.0,0.0,0.0,0.0,0.0,0.0,0.0,0.0,0.0,0.0,0.0,4.0,0.0,nothing,0.0,330000.0,1,57.521594205361644
88be084e4bfffff,-33.64437142488682,150.66142075272674,0.0,0.0,0.0,0.0,0.0,0.0,0.0,0.0,0.0,0.0,0.0,0.0,0.0,0.0,0.0,0.0,0.0,0.0,0.0,3.0,0.0,nothing,0.0,330000.0,1,56.949681203385744
88be084e4dfffff,-33.638283035851394,150.67887168073923,0.0,0.0,0.0,0.0,0.0,0.0,0.0,0.0,0.0,1.0,0.0,1.0,0.0,0.0,0.0,0.0,0.0,0.0,0.0,0.0,0.0,nothing,0.0,0.0,0,55.79693340955187
88be084e61fffff,-33.614250607737425,150.6770697358276,0.0,0.0,0.0,0.0,0.0,0.0,0.0,0.0,0.0,1.0,0.0,0.0,0.0,0.0,0.0,0.0,0.0,0.0,0.0,0.0,0.0,nothing,0.0,0.0,0,57.20013730144235
88be084e63fffff,-33.61309748729079,150.66624268105647,0.0,0.0,0.0,0.0,0.0,0.0,0.0,0.0,0.0,0.0,0.0,0.0,0.0,0.0,0.0,0.0,0.0,0.0,0.0,2.0,0.0,nothing,0.0,330000.0,1,58.14049409034307
88be084e67fffff,-33.60585560547009,150.67286059497755,0.0,0.0,0.0,0.0,0.0,0.0,0.0,0.0,0.0,0.0,0.0,0.0,0.0,0.0,0.0,0.0,0.0,0.0,0.0,4.0,0.0,nothing,0.0,330000.0,1,57.99928209208677
88be084e6bfffff,-33.62149272580613,150.67045148367308,0.0,0.0,0.0,0.0,0.0,0.0,0.0,0.0,0.0,0.0,0.0,0.0,0.0,0.0,0.0,0.0,0.0,0.0,0.0,2.0,0.0,nothing,0.0,330000.0,1,57.35217900364663
88be084e8bfffff,-33.61831170031081,150.56639244378957,0.0,0.0,0.0,0.0,0.0,0.0,0.0,0.0,0.0,1.0,0.0,0.0,0.0,0.0,0.0,0.0,0.0,0.0,0.0,0.0,0.0,nothing,0.0,0.0,0,66.16024205678626
88be084ec3fffff,-33.62787121812199,150.58141688616584,0.0,0.0,0.0,0.0,0.0,0.0,0.0,0.0,0.0,1.0,0.0,0.0,0.0,0.0,0.0,0.0,0.0,0.0,0.0,0.0,0.0,nothing,0.0,0.0,0,64.45232453792845
88be084f03fffff,-33.56733883907275,150.68429018955726,0.0,0.0,0.0,0.0,0.0,0.0,0.0,0.0,0.0,0.0,0.0,0.0,0.0,0.0,0.0,0.0,0.0,0.0,0.0,4.0,0.0,nothing,0.0,330000.0,1,59.35754376046077
88be084f05fffff,-33.56124639317362,150.70172412759416,0.0,0.0,0.0,0.0,0.0,0.0,0.0,0.0,0.0,0.0,1.0,0.0,0.0,0.0,0.0,0.0,0.0,0.0,0.0,0.0,0.0,nothing,0.0,0.0,0,58.41032615278776
88be084f09fffff,-33.57688412157705,150.6993215354871,0.0,0.0,0.0,0.0,0.0,1.0,0.0,0.0,17.0,29.0,0.0,0.0,0.0,0.0,0.0,0.0,0.0,459.35521264142653,0.0,0.0,0.0,nothing,40.0,132000.0,0,57.6086990607809
88be084f0bfffff,-33.57573323888669,150.68849861694162,0.0,0.0,0.0,0.0,0.0,0.0,0.0,0.0,0.0,0.0,0.0,0.0,0.0,0.0,0.0,0.0,0.0,0.0,0.0,0.0,0.0,nothing,0.0,132000.0,0,58.51608243491059
88be084f0dfffff,-33.569640264023526,150.70593409224045,0.0,0.0,0.0,0.0,0.0,0.0,0.0,0.0,0.0,0.0,0.0,0.0,0.0,0.0,0.0,0.0,0.0,6943.472143267227,0.0,0.0,0.0,nothing,1.0,0.0,0,57.55506432201771
88be084f15fffff,-33.5661867425409,150.67346893836694,0.0,0.0,0.0,0.0,0.0,0.0,0.0,0.0,0.0,0.0,0.0,0.0,0.0,0.0,0.0,0.0,0.0,0.0,0.0,0.0,0.0,nothing,0.0,132000.0,0,60.26407966535379
88be084f17fffff,-33.56503372353185,150.66264815493318,0.0,0.0,0.0,0.0,0.0,0.0,0.0,0.0,0.0,0.0,0.0,0.0,0.0,0.0,0.0,0.0,0.0,0.0,0.0,0.0,0.0,nothing,0.0,132000.0,0,61.17393609613589
88be084f1bfffff,-33.58067027190373,150.66023835301658,0.0,1.0,0.0,0.0,0.0,0.0,1.0,0.0,0.0,2.0,0.0,0.0,0.0,1.0,0.0,0.0,0.0,0.0,0.0,0.0,0.0,nothing,0.0,0.0,0,60.43449270761675
88be084f1dfffff,-33.57458143318982,150.67767616521039,0.0,0.0,0.0,0.0,0.0,0.0,0.0,0.0,0.0,0.0,0.0,0.0,0.0,0.0,0.0,0.0,0.0,0.0,0.0,3.0,0.0,nothing,0.0,330000.0,1,59.42685952274021
88be084f23fffff,-33.54445849212347,150.69330678707522,0.0,0.0,0.0,0.0,0.0,0.0,0.0,0.0,0.0,0.0,0.0,0.0,0.0,0.0,0.0,0.0,0.0,0.0,0.0,2.0,0.0,nothing,0.0,330000.0,1,60.13519284298451
88be084f27fffff,-33.53721495567572,150.69991726249506,0.0,0.0,0.0,0.0,0.0,0.0,0.0,0.0,0.0,0.0,0.0,0.0,0.0,0.0,0.0,0.0,0.0,0.0,0.0,1.0,0.0,nothing,0.0,330000.0,1,60.12618605911534
88be084f2bfffff,-33.552852469040495,150.6975150259457,0.0,0.0,0.0,2.0,0.0,0.0,0.0,0.0,0.0,0.0,0.0,0.0,0.0,0.0,0.0,0.0,0.0,2439.699642568467,0.0,0.0,0.0,nothing,3.0,0.0,0,59.27043858874356
88be084f31fffff,-33.55054988037919,150.67587592333476,0.0,4.0,0.0,0.0,0.0,0.0,0.0,0.0,0.0,1.0,1.0,0.0,0.0,1.0,0.0,0.0,0.0,1230.8093950627533,0.0,0.0,0.0,nothing,0.0,0.0,0,61.05574283607886
88be084f33fffff,-33.54939720306873,150.6650570727819,0.0,1.0,0.0,0.0,2.0,0.0,1.0,0.0,2.0,10.0,0.0,0.0,0.0,2.0,0.0,0.0,0.0,1314.4735836114214,0.0,0.0,0.0,nothing,2.0,0.0,0,61.953918184248614
88be084f39fffff,-33.55894438607047,150.68008262509497,0.0,0.0,0.0,0.0,0.0,0.0,0.0,0.0,0.0,0.0,0.0,0.0,0.0,0.0,0.0,0.0,0.0,0.0,0.0,2.0,0.0,nothing,0.0,330000.0,1,60.2041690474704
88be084f3bfffff,-33.55779199900078,150.66926257429748,0.0,0.0,0.0,5.0,1.0,0.0,0.0,0.0,0.0,7.0,0.0,0.0,0.0,0.0,0.0,0.0,0.0,238.71138314841377,0.0,0.0,0.0,nothing,0.0,0.0,0,61.10650352216011
88be084f3dfffff,-33.55170163575986,150.68669524130314,0.0,2.0,0.0,3.0,0.0,0.0,1.0,0.0,1.0,8.0,0.0,0.0,0.0,1.0,0.0,0.0,0.0,1589.0205648252263,0.0,5.0,0.0,nothing,1.0,330000.0,1,60.16119459072531
88be084f41fffff,-33.5864278438761,150.71435661140646,0.0,0.0,0.0,0.0,0.0,0.0,0.0,0.0,0.0,2.0,0.0,10.0,0.0,0.0,0.0,0.0,0.0,0.0,0.0,0.0,0.0,nothing,2.0,0.0,0,55.859985213545116
88be084f43fffff,-33.58527817621226,150.70353202650182,0.0,1.0,0.0,0.0,0.0,0.0,1.0,0.0,2.0,0.0,0.0,3.0,0.0,0.0,0.0,0.0,0.0,169.28035402148447,0.0,0.0,0.0,nothing,30.0,0.0,0,56.76826358668428
88be084f45fffff,-33.57918311725815,150.72096877005163,0.0,7.0,0.0,11.0,3.0,0.0,0.0,1.0,1.0,20.0,2.0,6.0,0.0,3.0,0.0,0.0,0.0,30110.73849924117,0.0,0.0,0.0,nothing,19.0,0.0,0,55.80477886932822
88be084f47fffff,-33.57803408109083,150.71014492010454,0.0,0.0,1.0,0.0,0.0,0.0,0.0,0.0,0.0,0.0,0.0,8.0,0.0,0.0,0.0,0.0,0.0,6085.558033669471,0.0,0.0,0.0,nothing,0.0,132000.0,0,56.704873266185054
88be084f4dfffff,-33.58757658783468,150.72518166143936,0.0,0.0,0.0,1.0,0.0,0.0,0.0,0.0,0.0,5.0,0.0,2.0,0.0,0.0,0.0,0.0,0.0,0.0,0.0,0.0,0.0,nothing,0.0,0.0,0,54.955349646386196
88be084f53fffff,-33.59021850712716,150.6752688219972,0.0,0.0,0.0,0.0,0.0,0.0,0.0,0.0,0.0,0.0,0.0,0.0,0.0,0.0,0.0,0.0,0.0,0.0,0.0,2.0,0.0,nothing,0.0,330000.0,1,58.69136650434306
88be084f55fffff,-33.58412758501296,150.69270790746813,0.0,0.0,0.0,0.0,0.0,0.0,0.0,0.0,0.0,0.0,0.0,0.0,0.0,0.0,0.0,0.0,0.0,0.0,0.0,0.0,0.0,nothing,2.0,0.0,0,57.680011750860565
88be084f57fffff,-33.58297607044822,150.68188425504786,0.0,0.0,0.0,0.0,0.0,0.0,0.0,0.0,0.0,0.0,0.0,0.0,0.0,0.0,0.0,0.0,0.0,0.0,0.0,2.0,0.0,nothing,0.0,330000.0,1,58.59506681878599
88be084f5bfffff,-33.598613327473934,150.67947743729727,0.0,0.0,0.0,0.0,0.0,0.0,0.0,0.0,0.0,1.0,0.0,0.0,0.0,0.0,0.0,0.0,0.0,0.0,0.0,0.0,0.0,nothing,0.0,0.0,0,57.875392381957745
88be084f5dfffff,-33.592521876952155,150.69691806135685,0.0,1.0,0.0,0.0,0.0,0.0,0.0,0.0,0.0,0.0,0.0,0.0,0.0,0.0,0.0,0.0,0.0,5365.736817906418,0.0,0.0,0.0,nothing,4.0,0.0,0,56.84957022827752
88be084f69fffff,-33.571937997023916,150.72757985704666,0.0,0.0,0.0,0.0,0.0,0.0,0.0,0.0,0.0,0.0,0.0,1.0,0.0,0.0,0.0,0.0,0.0,0.0,0.0,0.0,0.0,nothing,0.0,0.0,0,55.767854553196294
88be084f6bfffff,-33.57078959210239,150.71675674224932,0.0,0.0,0.0,0.0,0.0,0.0,0.0,0.0,0.0,0.0,0.0,0.0,0.0,0.0,0.0,0.0,0.0,0.0,0.0,0.0,0.0,nothing,1.0,0.0,0,56.65945965768412
88be085003fffff,-33.81034086302556,150.87845047725165,0.0,0.0,0.0,0.0,0.0,0.0,0.0,0.0,0.0,0.0,0.0,0.0,0.0,0.0,0.0,0.0,0.0,0.0,0.0,5.0,0.0,nothing,0.0,132000.0,1,31.86608000035978
88be085005fffff,-33.80422260893739,150.8959254752275,0.0,0.0,0.0,0.0,0.0,0.0,0.0,0.0,0.0,7.0,0.0,0.0,0.0,0.0,0.0,0.0,0.0,0.0,0.0,9.0,0.0,nothing,0.0,132000.0,1,30.424106025141672
88be085007fffff,-33.80308686647599,150.8850676306736,0.0,2.0,0.0,0.0,0.0,0.0,0.0,0.0,0.0,22.0,0.0,8.0,0.0,0.0,0.0,0.0,0.0,8860.637438760734,0.0,6.0,0.0,nothing,4.0,132000.0,1,31.43240789880986
88be085011fffff,-33.816456519183895,150.86097336149405,0.0,1.0,0.0,0.0,0.0,0.0,0.0,0.0,4.0,0.0,0.0,0.0,0.0,0.0,0.0,0.0,0.0,19118.673183129908,0.0,4.0,0.0,nothing,0.0,132000.0,1,33.33801242286835
88be085013fffff,-33.81531764461786,150.85011493643896,0.0,0.0,0.0,0.0,0.0,0.0,0.0,0.0,0.0,2.0,0.0,2.0,0.0,0.0,0.0,0.0,0.0,19039.89978684509,0.0,8.0,0.0,nothing,9.0,132000.0,1,34.35047436578144
88be085015fffff,-33.80920355474611,150.8675923414323,0.0,1.0,0.0,0.0,0.0,0.0,0.0,0.0,0.0,0.0,0.0,0.0,0.0,0.0,0.0,0.0,0.0,108077.3477724781,0.0,1.0,0.0,nothing,33.0,132000.0,1,32.87701627144503
88be085017fffff,-33.80806531275804,150.85673466244404,1.0,0.0,0.0,1.0,0.0,0.0,0.0,0.0,0.0,0.0,0.0,1.0,0.0,0.0,0.0,0.0,0.0,763.2498126344074,0.0,3.0,0.0,nothing,7.0,132000.0,1,33.88807431305201
88be085019fffff,-33.82484765643301,150.8652129306041,0.0,1.0,0.0,0.0,0.0,0.0,0.0,0.0,0.0,0.0,0.0,0.0,0.0,0.0,0.0,0.0,0.0,3506.9477218626803,0.0,1.0,0.0,nothing,0.0,330000.0,1,32.80982800087653
88be08501bfffff,-33.82370908312842,150.85435330175355,0.0,3.0,0.0,0.0,0.0,0.0,0.0,0.0,0.0,0.0,0.0,2.0,0.0,0.0,0.0,0.0,0.0,1723.013169563154,7798.285714285715,2.0,0.0,nothing,0.0,330000.0,1,33.82296960443045
88be08501dfffff,-33.81759445984977,150.8718322439244,0.0,0.0,0.0,0.0,0.0,0.0,0.0,0.0,0.0,0.0,0.0,0.0,0.0,0.0,0.0,0.0,0.0,68589.52299713116,0.0,2.0,0.0,nothing,6.0,132000.0,1,32.32558194637897
88be085021fffff,-33.78857767626329,150.89829869815296,0.0,8.0,0.0,4.0,0.0,0.0,1.0,0.0,3.0,6.0,0.0,9.0,0.0,1.0,2.0,0.0,0.0,13673.165087992047,0.0,2.0,0.0,nothing,22.0,132000.0,1,30.646876482250725
88be085023fffff,-33.787442263628826,150.88744280330945,0.0,0.0,0.0,4.0,0.0,0.0,1.0,0.0,0.0,2.0,0.0,7.0,0.0,0.0,0.0,0.0,0.0,22959.742052619735,0.0,0.0,0.0,nothing,22.0,0.0,0,31.647999587327273
88be085025fffff,-33.7813224836315,150.90491261238625,0.0,1.0,0.0,0.0,0.0,0.0,0.0,0.0,2.0,3.0,0.0,10.0,0.0,0.0,0.0,0.0,0.0,0.0,0.0,0.0,0.0,nothing,44.0,0.0,0,30.297139524527662
88be085027fffff,-33.78018770237376,150.89405746491502,0.0,1.0,0.0,1.0,2.0,0.0,1.0,0.0,5.0,7.0,0.0,9.0,0.0,0.0,0.0,0.0,0.0,1294.7329461915356,0.0,3.0,0.0,nothing,38.0,132000.0,1,31.293012754520927
88be085029fffff,-33.796967581488296,150.90254080129634,0.0,0.0,0.0,0.0,0.0,0.0,0.0,0.0,0.0,4.0,0.0,8.0,0.0,0.0,0.0,0.0,0.0,11336.53662664884,4232.551971326165,3.0,0.0,nothing,46.0,132000.0,1,30.020820941659927
88be08502bfffff,-33.795832470716675,150.89168370427808,0.0,0.0,0.0,0.0,0.0,0.0,0.0,0.0,1.0,3.0,0.0,4.0,0.0,0.0,0.0,0.0,0.0,5303.260207243632,0.0,0.0,0.0,nothing,7.0,0.0,0,31.02564933344574
88be08502dfffff,-33.78971215559768,150.90915504744558,0.0,0.0,0.0,0.0,0.0,0.0,0.0,0.0,0.0,1.0,0.0,8.0,0.0,0.0,0.0,0.0,0.0,228.8578608766719,0.0,0.0,0.0,nothing,23.0,0.0,0,29.646562492327842
88be085031fffff,-33.793559448864016,150.86997087597004,0.0,1.0,0.0,0.0,0.0,0.0,0.0,0.0,1.0,3.0,0.0,16.0,0.0,0.0,0.0,0.0,0.0,58490.47660136411,12435.142857142857,0.0,0.0,nothing,47.0,132000.0,0,33.03680593841507
88be085033fffff,-33.7924215381168,150.85911514618195,0.0,0.0,0.0,0.0,0.0,0.0,0.0,0.0,0.0,5.0,0.0,2.0,0.0,0.0,0.0,0.0,0.0,17233.795709702776,0.0,0.0,0.0,nothing,15.0,0.0,0,34.043042627296366
88be085035fffff,-33.78630591786091,150.8765873636659,0.0,0.0,0.0,1.0,0.0,1.0,0.0,0.0,3.0,0.0,0.0,8.0,0.0,0.0,0.0,0.0,3.0,2926.229547933677,0.0,0.0,0.0,nothing,10.0,132000.0,0,32.64985586356928
88be085037fffff,-33.785168639126404,150.86573237997294,0.0,0.0,0.0,15.0,0.0,4.0,0.0,0.0,23.0,3.0,0.0,0.0,0.0,0.0,0.0,0.0,0.0,75375.07452019567,0.0,0.0,0.0,nothing,14.0,0.0,0,33.65237835313061
88be085039fffff,-33.801950190330615,150.87421024165585,0.0,3.0,0.0,0.0,0.0,0.0,0.0,0.0,0.0,6.0,0.0,6.0,0.0,0.0,0.0,0.0,0.0,46300.481187770565,0.0,4.0,2.0,22 kW,6.0,132000.0,1,32.44100316734194
88be08503bfffff,-33.80081258066824,150.86335330892527,0.0,0.0,0.0,0.0,0.0,0.0,0.0,0.0,0.0,3.0,0.0,0.0,0.0,0.0,0.0,0.0,0.0,25594.117564397475,0.0,3.0,2.0,22 kW,2.0,132000.0,1,33.44986380530072
88be08503dfffff,-33.79469642645298,150.88082706225234,0.0,0.0,0.0,0.0,0.0,0.0,0.0,0.0,0.0,0.0,0.0,6.0,0.0,0.0,0.0,0.0,0.0,1632.6279142873907,0.0,0.0,0.0,nothing,4.0,0.0,0,32.030993872998245
88be085041fffff,-33.82939260538955,150.90865601017302,0.0,0.0,0.0,5.0,0.0,0.0,0.0,0.0,4.0,66.0,0.0,0.0,0.0,0.0,0.0,0.0,0.0,7722.732491789115,0.0,0.0,0.0,nothing,1.0,0.0,0,28.757163419866846
88be085045fffff,-33.82213688016913,150.9152723323708,2.0,0.0,0.0,0.0,0.0,0.0,4.0,0.0,0.0,45.0,0.0,4.0,0.0,0.0,0.0,0.0,0.0,34525.81839604758,0.0,0.0,0.0,nothing,17.0,0.0,0,28.276277490692568
88be085049fffff,-33.83778246313438,150.91290126325836,0.0,0.0,0.0,0.0,0.0,0.0,0.0,0.0,0.0,1.0,0.0,4.0,0.0,0.0,0.0,0.0,0.0,0.0,0.0,4.0,0.0,nothing,14.0,330000.0,1,28.251929143654863
88be08504bfffff,-33.83664793086337,150.90203860713282,0.0,1.0,0.0,0.0,0.0,0.0,0.0,0.0,0.0,0.0,0.0,9.0,0.0,0.0,0.0,0.0,0.0,1180.9452334346374,0.0,5.0,0.0,nothing,0.0,330000.0,1,29.265107922891
88be08504dfffff,-33.83052650572879,150.9195179173479,0.0,0.0,0.0,0.0,0.0,0.0,0.0,0.0,0.0,1.0,0.0,2.0,0.0,0.0,0.0,0.0,0.0,7059.392606772993,0.0,0.0,0.0,nothing,8.0,330000.0,0,27.743976275271972
88be085051fffff,-33.834376061131685,150.8803146597494,0.0,0.0,0.0,0.0,0.0,0.0,0.0,0.0,0.0,0.0,0.0,2.0,0.0,0.0,0.0,0.0,0.0,525.915269949423,0.0,3.0,0.0,nothing,3.0,330000.0,1,31.29144172171239
88be085053fffff,-33.833238724004666,150.86945336999568,0.0,0.0,0.0,0.0,0.0,0.0,0.0,0.0,0.0,0.0,0.0,0.0,0.0,0.0,0.0,0.0,0.0,0.0,0.0,4.0,0.0,nothing,0.0,330000.0,1,32.30459517378463
88be085057fffff,-33.82598529547853,150.8760730166229,0.0,0.0,0.0,0.0,0.0,0.0,0.0,0.0,0.0,0.0,0.0,0.0,0.0,0.0,0.0,0.0,0.0,0.0,4939.444444444444,0.0,0.0,nothing,0.0,33000.0,0,31.79667595601239
88be085059fffff,-33.842766756308485,150.88455717352528,0.0,0.0,0.0,0.0,0.0,0.0,0.0,0.0,0.0,1.0,0.0,4.0,0.0,0.0,0.0,0.0,0.0,0.0,0.0,17.0,3.0,kW,0.0,132000.0,1,30.811044811084518
88be08505bfffff,-33.841629721398164,150.87369467989035,0.0,0.0,0.0,0.0,0.0,0.0,0.0,0.0,0.0,1.0,0.0,3.0,0.0,0.0,0.0,0.0,0.0,10599.68301366678,0.0,3.0,0.0,nothing,4.0,132000.0,1,31.82340812765948
88be08505dfffff,-33.83551246347357,150.89117640571243,0.0,0.0,0.0,0.0,0.0,0.0,0.0,0.0,0.0,1.0,0.0,3.0,0.0,0.0,0.0,0.0,0.0,0.0,0.0,4.0,0.0,nothing,1.0,330000.0,1,30.27827905984968
88be085061fffff,-33.80649129214162,150.91764252793857,0.0,0.0,0.0,0.0,0.0,0.0,0.0,0.0,0.0,17.0,0.0,0.0,0.0,0.0,0.0,0.0,0.0,40376.41244552971,41055.166666666664,6.0,0.0,nothing,6.0,132000.0,1,28.40851437644424
88be085063fffff,-33.8053574175481,150.9067837745663,0.0,0.0,0.0,3.0,0.0,6.0,0.0,0.0,2.0,5.0,0.0,0.0,0.0,0.0,0.0,0.0,0.0,76488.73804504574,0.0,7.0,1.0,22 kW,1.0,132000.0,1,29.416129399092387
88be085065fffff,-33.79923500188932,150.92425635730564,0.0,0.0,0.0,1.0,0.0,0.0,0.0,0.0,0.0,7.0,1.0,12.0,0.0,0.0,0.0,0.0,0.0,40799.68211650492,0.0,15.0,0.0,nothing,17.0,132000.0,1,28.012941790400134
88be085067fffff,-33.79810175860129,150.913398352556,0.0,0.0,0.0,0.0,0.0,0.0,0.0,0.0,0.0,3.0,0.0,5.0,0.0,0.0,0.0,0.0,0.0,5959.073209743508,0.0,2.0,0.0,nothing,14.0,132000.0,1,29.01656402158015
88be085069fffff,-33.8148807557179,150.92188757381453,0.0,0.0,0.0,1.0,0.0,0.0,0.0,0.0,0.0,0.0,0.0,2.0,0.0,0.0,0.0,0.0,0.0,39954.14029107326,0.0,0.0,0.0,nothing,38.0,0.0,0,27.823853745739708
88be08506bfffff,-33.81374718394196,150.91102761818402,0.0,0.0,0.0,0.0,0.0,0.0,0.0,0.0,1.0,22.0,0.0,0.0,0.0,0.0,0.0,0.0,0.0,4688.892896071156,0.0,0.0,0.0,nothing,0.0,0.0,0,28.834147118294332
88be08506dfffff,-33.80762423255167,150.9285017345927,0.0,0.0,0.0,0.0,0.0,0.0,0.0,0.0,1.0,7.0,0.0,9.0,0.0,0.0,0.0,0.0,0.0,17492.420715306638,16827.296296296296,0.0,0.0,nothing,29.0,0.0,0,27.401302639669545
88be085081fffff,-33.80350301106989,150.81330852981822,0.0,0.0,0.0,0.0,0.0,0.0,0.0,0.0,0.0,1.0,0.0,0.0,0.0,0.0,0.0,0.0,0.0,0.0,0.0,0.0,0.0,nothing,1.0,0.0,0,37.93330298451714
88be085083fffff,-33.80236010305353,150.80245314624582,0.0,0.0,1.0,1.0,0.0,0.0,1.0,0.0,0.0,21.0,0.0,13.0,0.0,2.0,0.0,0.0,0.0,25477.20700933494,0.0,0.0,0.0,nothing,47.0,0.0,0,38.94481397740691
88be085085fffff,-33.79625281019589,150.81993015588887,0.0,0.0,0.0,0.0,0.0,0.0,0.0,0.0,0.0,0.0,0.0,0.0,0.0,0.0,0.0,0.0,0.0,0.0,0.0,14.0,0.0,nothing,0.0,330000.0,1,37.487504767999056
88be085087fffff,-33.79511053546087,150.80907551585304,0.0,0.0,0.0,0.0,0.0,0.0,0.0,0.0,0.0,6.0,0.0,2.0,0.0,0.0,0.0,0.0,0.0,255.63064253247177,0.0,2.0,0.0,nothing,11.0,330000.0,1,38.49737159935378
88be085089fffff,-33.811895419195125,150.81754241303466,0.0,0.0,0.0,0.0,0.0,0.0,0.0,0.0,0.0,0.0,0.0,2.0,0.0,0.0,0.0,0.0,0.0,84005.86491145907,0.0,13.0,0.0,nothing,11.0,330000.0,1,37.38800999979931
88be08508bfffff,-33.81075281070592,150.80668582498905,0.0,0.0,0.0,0.0,0.0,0.0,0.0,0.0,2.0,26.0,0.0,11.0,0.0,0.0,0.0,0.0,0.0,88940.45832573358,0.0,21.0,0.0,nothing,17.0,330000.0,1,38.40056084445792
88be08508dfffff,-33.80464498621669,150.82416437397453,0.0,0.0,0.0,0.0,0.0,0.0,0.0,0.0,0.0,0.0,0.0,0.0,0.0,0.0,0.0,0.0,0.0,0.0,0.0,17.0,0.0,nothing,0.0,330000.0,1,36.921865447865315
88be085091fffff,-33.80846479471537,150.7849740330334,0.0,0.0,0.0,0.0,0.0,0.0,0.0,0.0,0.0,16.0,0.0,5.0,0.0,0.0,0.0,0.0,0.0,8088.923350987194,0.0,7.0,0.0,nothing,16.0,330000.0,1,40.425704648545825
88be085093fffff,-33.80731938755156,150.77411883062325,0.0,0.0,0.0,0.0,0.0,0.0,0.0,0.0,0.0,0.0,0.0,4.0,0.0,0.0,0.0,0.0,0.0,1378.5589029470825,0.0,1.0,0.0,nothing,6.0,330000.0,1,41.43829307690772
88be085095fffff,-33.80121626233608,150.7915982240073,0.0,0.0,0.0,0.0,0.0,0.0,0.0,0.0,1.0,31.0,0.0,12.0,0.0,0.0,0.0,0.0,0.0,1045.2873222356627,0.0,0.0,0.0,nothing,57.0,0.0,0,39.9563915706716
88be085097fffff,-33.80007148908627,150.78074376385237,0.0,0.0,0.0,0.0,1.0,0.0,0.0,0.0,0.0,23.0,0.0,16.0,0.0,0.0,0.0,0.0,0.0,1090.6366008290174,0.0,0.0,0.0,nothing,26.0,0.0,0,40.96802958022977
88be085099fffff,-33.81685803325439,150.78920517124496,0.0,0.0,0.0,0.0,0.0,0.0,0.0,0.0,0.0,3.0,0.0,3.0,0.0,0.0,0.0,0.0,0.0,15146.09736978124,0.0,0.0,0.0,nothing,7.0,0.0,0,39.9015739558131
88be08509bfffff,-33.81571292483807,150.77834876359864,0.0,0.0,0.0,0.0,0.0,0.0,0.0,0.0,0.0,0.0,0.0,5.0,0.0,0.0,0.0,0.0,0.0,3106.3584638745115,0.0,5.0,0.0,nothing,8.0,330000.0,1,40.91463032935818
88be08509dfffff,-33.80960926915645,150.79582969807197,0.0,0.0,0.0,0.0,0.0,0.0,0.0,0.0,0.0,19.0,0.0,8.0,0.0,0.0,0.0,0.0,0.0,4517.117348987754,0.0,15.0,0.0,nothing,13.0,330000.0,1,39.41312652048385
88be0850a1fffff,-33.78061019786744,150.82231701971367,0.0,1.0,0.0,0.0,0.0,0.0,0.0,0.0,0.0,5.0,0.0,9.0,0.0,1.0,0.0,0.0,0.0,25065.455136188626,0.0,0.0,0.0,nothing,50.0,0.0,0,37.66803949004484
88be0850a3fffff,-33.77946825681072,150.8114643270269,0.0,1.0,0.0,5.0,0.0,0.0,0.0,0.0,1.0,8.0,0.0,9.0,0.0,0.0,0.0,0.0,0.0,35103.50619118616,6690.962962962963,8.0,0.0,nothing,53.0,330000.0,1,38.67312411832005
88be0850a5fffff,-33.77335942889726,150.8289361541404,0.0,2.0,0.0,0.0,0.0,0.0,0.0,0.0,0.0,1.0,0.0,12.0,0.0,0.0,0.0,0.0,0.0,24513.401842625713,0.0,0.0,0.0,nothing,54.0,66000.0,0,37.28760868881872
88be0850a7fffff,-33.77221812055723,150.81808420502085,4.0,3.0,0.0,1.0,1.0,0.0,0.0,0.0,19.0,20.0,0.0,27.0,1.0,2.0,0.0,0.0,0.0,88901.95693866163,19591.16129032258,0.0,0.0,nothing,106.0,66000.0,0,38.289248456349696
88be0850a9fffff,-33.78900220859923,150.82655070328767,0.0,0.0,1.0,0.0,0.0,0.0,0.0,0.0,0.0,2.0,0.0,12.0,0.0,0.0,0.0,0.0,0.0,20405.674441287618,0.0,0.0,0.0,nothing,16.0,0.0,0,37.063941005516114
88be0850abfffff,-33.78786056689375,150.81569680698013,0.0,0.0,0.0,0.0,0.0,0.0,0.0,0.0,0.0,2.0,0.0,6.0,0.0,0.0,0.0,0.0,0.0,63085.39223033959,0.0,15.0,0.0,nothing,8.0,330000.0,1,38.071535689303325
88be0850adfffff,-33.78175120679524,150.83317017210143,0.0,1.0,0.0,0.0,0.0,0.0,0.0,0.0,1.0,15.0,0.0,10.0,0.0,0.0,0.0,0.0,0.0,6153.112547301434,0.0,0.0,0.0,nothing,61.0,0.0,0,36.663382778141155
88be0850b1fffff,-33.785574486691985,150.79399039584982,0.0,0.0,0.0,1.0,0.0,0.0,0.0,0.0,1.0,8.0,0.0,16.0,0.0,0.0,0.0,0.0,0.0,2807.305059645353,0.0,0.0,0.0,nothing,31.0,0.0,0,40.087518116972106
88be0850b3fffff,-33.7844300485327,150.78313788252606,0.0,0.0,0.0,0.0,0.0,0.0,0.0,0.0,1.0,24.0,0.0,8.0,0.0,0.0,0.0,0.0,0.0,0.0,36074.555555555555,0.0,0.0,nothing,16.0,0.0,0,41.095864468407214
88be0850b5fffff,-33.77832538379332,150.8006120947906,0.0,0.0,0.0,1.0,0.0,0.0,0.0,0.0,0.0,4.0,0.0,11.0,0.0,0.0,0.0,0.0,0.0,22064.72250184398,14382.458333333334,12.0,0.0,nothing,22.0,330000.0,1,39.678602861311234
88be0850b7fffff,-33.77718157898368,150.7897603237541,0.0,0.0,0.0,2.0,1.0,0.0,0.0,0.0,3.0,6.0,0.0,26.0,0.0,2.0,0.0,0.0,0.0,6852.056237051149,0.0,0.0,0.0,nothing,39.0,0.0,0,40.68444524169364
88be0850b9fffff,-33.7939673282154,150.7982213366066,0.0,0.0,0.0,0.0,0.0,0.0,0.0,0.0,0.0,9.0,0.0,6.0,0.0,0.0,0.0,0.0,0.0,2173.663126452002,0.0,0.0,0.0,nothing,21.0,0.0,0,39.50739048973724
88be0850bbfffff,-33.79282318862803,150.78736761889917,0.0,0.0,1.0,12.0,7.0,0.0,2.0,1.0,22.0,69.0,1.0,13.0,8.0,3.0,0.0,0.0,0.0,37414.52599048059,0.0,0.0,0.0,nothing,85.0,0.0,0,40.51754880562127
88be0850bdfffff,-33.78671799286854,150.80484337091764,0.0,0.0,0.0,0.0,0.0,0.0,0.0,0.0,2.0,6.0,0.0,6.0,0.0,0.0,0.0,0.0,0.0,2760.692088115587,0.0,7.0,0.0,nothing,11.0,330000.0,1,39.079401979401894
88be0850c1fffff,-33.82142913441213,150.8326354185624,0.0,0.0,0.0,0.0,0.0,0.0,0.0,0.0,0.0,1.0,0.0,0.0,0.0,0.0,0.0,0.0,0.0,34185.05338584684,0.0,30.0,0.0,nothing,1.0,330000.0,1,35.849219443253745
88be0850c3fffff,-33.82028775933603,150.82177716572392,0.0,0.0,0.0,0.0,0.0,0.0,0.0,0.0,0.0,0.0,0.0,0.0,0.0,0.0,0.0,0.0,0.0,19648.55878205587,0.0,14.0,0.0,nothing,14.0,330000.0,1,36.862326782880764
88be0850c5fffff,-33.81417783631918,150.83925696951016,0.0,0.0,0.0,0.0,0.0,0.0,0.0,0.0,0.0,0.0,0.0,7.0,0.0,0.0,0.0,0.0,0.0,46140.5262431998,0.0,3.0,4.0,22 kW,28.0,132000.0,1,35.362963655438634
88be0850c7fffff,-33.81303709445561,150.82839946145853,0.0,0.0,0.0,0.0,0.0,0.0,0.0,0.0,0.0,0.0,0.0,2.0,0.0,0.0,0.0,0.0,0.0,19645.86555191525,0.0,30.0,0.0,nothing,13.0,330000.0,1,36.37547662512444
88be0850c9fffff,-33.829821105585644,150.8368722455077,0.0,0.0,0.0,0.0,0.0,0.0,0.0,0.0,0.0,0.0,0.0,0.0,0.0,0.0,0.0,0.0,0.0,0.0,0.0,5.0,0.0,nothing,0.0,132000.0,1,35.343994100759524
88be0850cbfffff,-33.82868003099208,150.8260127881075,0.0,0.0,0.0,0.0,0.0,0.0,0.0,0.0,0.0,0.0,0.0,0.0,0.0,0.0,0.0,0.0,0.0,0.0,0.0,3.0,0.0,nothing,3.0,132000.0,1,36.35710485882091
88be0850cdfffff,-33.82256957573223,150.8434941308226,0.0,0.0,0.0,0.0,0.0,0.0,0.0,0.0,0.0,0.0,0.0,0.0,0.0,0.0,0.0,0.0,0.0,0.0,0.0,12.0,0.0,nothing,0.0,330000.0,1,34.83610024219724
88be0850d1fffff,-33.82639508013227,150.80429525395726,0.0,0.0,0.0,0.0,0.0,0.0,0.0,0.0,0.0,0.0,0.0,2.0,0.0,0.0,0.0,0.0,0.0,41363.0550282321,0.0,6.0,0.0,nothing,9.0,330000.0,1,38.383290437320824
88be0850d3fffff,-33.825251204202885,150.79343717870867,0.0,0.0,0.0,0.0,0.0,0.0,0.0,0.0,0.0,0.0,0.0,4.0,0.0,0.0,0.0,0.0,0.0,79732.55079549162,0.0,0.0,0.0,nothing,19.0,0.0,0,39.39636452578568
88be0850d5fffff,-33.81914545067209,150.81091937305783,0.0,0.0,0.0,0.0,0.0,0.0,0.0,0.0,0.0,0.0,0.0,1.0,0.0,0.0,0.0,0.0,0.0,81066.78267002999,0.0,4.0,0.0,nothing,12.0,330000.0,1,37.87542187638307
88be0850d7fffff,-33.81800220858867,150.80006204131473,0.0,1.0,0.0,0.0,0.0,0.0,0.0,0.0,0.0,0.0,0.0,4.0,0.0,0.0,0.0,0.0,0.0,4676.982667986011,0.0,0.0,0.0,nothing,6.0,0.0,0,38.888504373861906
88be0850d9fffff,-33.8347878832867,150.80852933622123,0.0,0.0,0.0,0.0,0.0,0.0,0.0,0.0,0.0,0.0,0.0,0.0,0.0,0.0,0.0,0.0,0.0,18660.388246701274,0.0,4.0,0.0,nothing,14.0,330000.0,1,37.8982617713472
88be0850dbfffff,-33.83364430706036,150.7976700556463,0.0,0.0,0.0,0.0,0.0,0.0,0.0,0.0,0.0,0.0,0.0,0.0,0.0,0.0,0.0,0.0,0.0,57605.327616599825,0.0,0.0,0.0,nothing,24.0,0.0,0,38.91081422582838
88be0850ddfffff,-33.82753802245151,150.81515379067375,0.0,0.0,0.0,0.0,0.0,0.0,0.0,0.0,0.0,0.0,0.0,0.0,0.0,0.0,0.0,0.0,0.0,23894.873648931047,0.0,0.0,0.0,nothing,29.0,0.0,0,37.37020376536953
88be0850e1fffff,-33.79853456146147,150.84164081532887,0.0,0.0,0.0,0.0,0.0,0.0,0.0,0.0,0.0,4.0,0.0,0.0,0.0,0.0,0.0,0.0,0.0,2908.0778752364927,0.0,0.0,0.0,nothing,0.0,0.0,0,35.468284971954304
88be0850e3fffff,-33.79739415225212,150.83078525596417,0.0,0.0,0.0,0.0,0.0,0.0,0.0,0.0,0.0,0.0,0.0,0.0,0.0,0.0,0.0,0.0,0.0,31103.664155949693,0.0,0.0,0.0,nothing,3.0,0.0,0,36.47780402080205
88be0850e5fffff,-33.79128269437857,150.84825987363865,0.0,9.0,1.0,0.0,0.0,0.0,5.0,0.0,1.0,1.0,0.0,2.0,0.0,0.0,0.0,0.0,0.0,5514.940595625041,0.0,0.0,0.0,nothing,7.0,0.0,0,35.04966594158957
88be0850e7fffff,-33.79014291781681,150.83740505909051,0.0,0.0,0.0,0.0,1.0,0.0,0.0,0.0,0.0,18.0,0.0,8.0,0.0,0.0,0.0,0.0,0.0,9130.296068973817,0.0,0.0,0.0,nothing,33.0,0.0,0,36.05664210755391
88be0850e9fffff,-33.80692613722868,150.84587744103786,0.0,2.0,0.0,0.0,0.0,0.0,0.0,0.0,0.0,2.0,0.0,6.0,0.0,0.0,0.0,0.0,0.0,16804.604546681247,0.0,0.0,0.0,nothing,24.0,0.0,0,34.89924210896688
88be0850ebfffff,-33.80578602832562,150.83502067796454,0.0,0.0,0.0,0.0,0.0,0.0,0.0,0.0,0.0,0.0,0.0,4.0,0.0,0.0,0.0,0.0,0.0,33823.20838457001,0.0,0.0,0.0,nothing,3.0,0.0,0,35.91050898959312
88be0850edfffff,-33.799674037656054,150.85249683323272,0.0,2.0,0.0,0.0,0.0,0.0,0.0,0.0,0.0,4.0,0.0,1.0,0.0,0.0,0.0,0.0,0.0,14368.23526560958,0.0,4.0,8.0,kW,2.0,0.0,1,34.45896505673187
88be085101fffff,-33.76068647793482,150.93560123461108,0.0,0.0,0.0,0.0,0.0,0.0,0.0,1.0,1.0,4.0,0.0,16.0,0.0,3.0,0.0,0.0,0.0,9182.301583153821,0.0,0.0,0.0,nothing,38.0,0.0,0,28.461383760042118
88be085103fffff,-33.75955452182282,150.92474787811764,0.0,4.0,0.0,0.0,0.0,0.0,0.0,0.0,1.0,3.0,0.0,16.0,0.0,1.0,0.0,0.0,0.0,2495.5559798716854,0.0,0.0,0.0,nothing,27.0,0.0,0,29.432072283974225
88be085105fffff,-33.75342906757293,150.94221008248653,0.0,2.0,1.0,0.0,0.0,0.0,0.0,0.0,2.0,3.0,0.0,16.0,0.0,0.0,0.0,0.0,0.0,671.212137024682,0.0,0.0,0.0,nothing,24.0,0.0,0,28.247962627921996
88be085107fffff,-33.75229774163465,150.93135747466613,0.0,0.0,0.0,0.0,0.0,0.0,0.0,0.0,0.0,1.0,0.0,9.0,0.0,0.0,0.0,0.0,0.0,0.0,0.0,0.0,0.0,nothing,18.0,0.0,0,29.208129596747654
88be085109fffff,-33.76907514608315,150.9398458643044,0.0,1.0,1.0,1.0,1.0,0.0,0.0,0.0,1.0,8.0,0.0,11.0,0.0,1.0,0.0,0.0,0.0,47370.3652963498,0.0,0.0,0.0,nothing,61.0,0.0,0,27.731321021933883
88be08510bfffff,-33.76794349243404,150.92899130725772,0.0,0.0,0.0,0.0,0.0,0.0,0.0,0.0,0.0,0.0,0.0,14.0,0.0,0.0,0.0,0.0,0.0,535.0561072715973,0.0,0.0,0.0,nothing,12.0,0.0,0,28.708866404347344
88be08510dfffff,-33.76181750134996,150.94645504263136,0.0,0.0,0.0,1.0,0.0,0.0,0.0,0.0,0.0,1.0,0.0,15.0,0.0,0.0,0.0,0.0,0.0,3579.971419748211,0.0,0.0,0.0,nothing,19.0,0.0,0,27.493755519872554
88be085111fffff,-33.76567738663351,150.90728355012317,4.0,5.0,0.0,23.0,3.0,0.0,9.0,1.0,51.0,53.0,0.0,29.0,2.0,7.0,0.0,0.0,0.0,49542.86630312164,12544.981684981685,0.0,0.0,nothing,76.0,0.0,0,30.670876972525203
88be085113fffff,-33.764542934814116,150.89643035153665,0.0,0.0,0.0,1.0,1.0,0.0,0.0,0.0,0.0,2.0,0.0,13.0,0.0,0.0,0.0,0.0,0.0,9778.358164457688,7032.970370370371,0.0,0.0,nothing,36.0,0.0,0,31.654910162315783
88be085115fffff,-33.75842163317971,150.9138949739018,0.0,0.0,0.0,0.0,0.0,0.0,0.0,0.0,10.0,8.0,0.0,6.0,0.0,0.0,2.0,0.0,0.0,9148.010952622875,0.0,0.0,0.0,nothing,20.0,0.0,0,30.405526389387088
88be085117fffff,-33.75728781217143,150.90304252271395,0.0,0.0,0.0,2.0,0.0,0.0,0.0,0.0,0.0,1.0,0.0,0.0,0.0,0.0,0.0,0.0,0.0,416.91800238440817,0.0,0.0,0.0,nothing,79.0,0.0,0,31.38148714828174
88be085119fffff,-33.774066893337,150.911525447066,0.0,3.0,0.0,5.0,2.0,0.0,3.0,1.0,4.0,26.0,0.0,16.0,0.0,3.0,0.0,0.0,1.0,69983.30225868097,15373.153153153153,5.0,7.0,7 kW,96.0,0.0,1,29.977455266977667
88be08511bfffff,-33.77293274320343,150.90067104715695,0.0,0.0,0.0,0.0,0.0,0.0,4.0,0.0,0.0,16.0,0.0,18.0,0.0,2.0,0.0,0.0,0.0,439.750410939427,0.0,6.0,10.0,"22 kW, 7 kW",53.0,0.0,1,30.96699709035966
88be08511dfffff,-33.76681090589553,150.91813720228038,0.0,0.0,0.0,1.0,0.0,0.0,0.0,0.0,2.0,4.0,0.0,27.0,0.0,0.0,0.0,0.0,0.0,23991.28463004402,0.0,0.0,0.0,nothing,44.0,0.0,0,29.688795065169042
88be085121fffff,-33.73778299497506,150.94457343025047,0.0,6.0,1.0,7.0,0.0,0.0,0.0,0.0,1.0,12.0,1.0,12.0,0.0,1.0,0.0,0.0,0.0,33709.896184182224,0.0,1.0,1.0,22 kW,48.0,132000.0,1,28.861527228342812
88be085123fffff,-33.73665199667219,150.93372277099385,0.0,0.0,0.0,0.0,0.0,0.0,0.0,0.0,0.0,1.0,0.0,12.0,0.0,0.0,0.0,0.0,0.0,13099.623264500879,0.0,0.0,0.0,nothing,21.0,0.0,0,29.80184048538273
88be085125fffff,-33.73052502953531,150.95117978946342,0.0,0.0,0.0,5.0,0.0,0.0,0.0,0.0,8.0,13.0,0.0,4.0,0.0,0.0,0.0,0.0,0.0,17884.962079478577,0.0,0.0,0.0,nothing,14.0,132000.0,0,28.740090068775896
88be085127fffff,-33.72939466084018,150.94032987890435,1.0,4.0,0.0,2.0,0.0,0.0,0.0,0.0,0.0,4.0,0.0,15.0,0.0,0.0,0.0,0.0,0.0,19320.248968059517,23454.719576719577,0.0,0.0,nothing,64.0,132000.0,0,29.666910245038732
88be085129fffff,-33.74617126186423,150.94881785097266,0.0,9.0,0.0,5.0,3.0,0.0,3.0,0.0,2.0,12.0,0.0,8.0,0.0,0.0,0.0,0.0,0.0,18732.727640322195,0.0,0.0,0.0,nothing,30.0,132000.0,0,28.069380499304582
88be08512bfffff,-33.74504056584679,150.93796599201423,0.0,0.0,0.0,0.0,0.0,0.0,0.0,0.0,0.0,1.0,0.0,4.0,0.0,0.0,0.0,0.0,0.0,0.0,0.0,0.0,0.0,nothing,7.0,0.0,0,29.017726471557584
88be08512dfffff,-33.73891306132456,150.9554245401582,1.0,2.0,0.0,1.0,0.0,1.0,0.0,0.0,1.0,2.0,0.0,14.0,0.0,0.0,0.0,0.0,0.0,30645.765440862175,0.0,3.0,6.0,6.6 kW,29.0,132000.0,1,27.926306275603068
88be085131fffff,-33.742776377539364,150.91626362842678,0.0,0.0,0.0,2.0,0.0,0.0,0.0,0.0,11.0,6.0,0.0,11.0,0.0,0.0,0.0,0.0,0.0,4825.3784714595,0.0,1.0,1.0,kW,45.0,0.0,1,30.926739115064056
88be085133fffff,-33.74164288558084,150.90541312529814,0.0,0.0,0.0,0.0,0.0,0.0,0.0,0.0,0.0,5.0,0.0,10.0,0.0,0.0,0.0,0.0,1.0,1152.1921054391744,0.0,0.0,0.0,nothing,14.0,0.0,0,31.886665099021123
88be085135fffff,-33.73552006658137,150.9228725631385,0.0,0.0,0.0,0.0,0.0,1.0,0.0,0.0,0.0,8.0,0.0,15.0,0.0,0.0,0.0,0.0,0.0,27547.38907670985,0.0,0.0,0.0,nothing,51.0,0.0,0,30.746777257948775
88be085137fffff,-33.73438720486832,150.91202280743448,0.0,0.0,0.0,0.0,0.0,0.0,0.0,0.0,0.0,2.0,0.0,13.0,0.0,0.0,0.0,0.0,0.0,0.0,0.0,0.0,0.0,nothing,29.0,0.0,0,31.6959224870036
88be085139fffff,-33.751165483357724,150.92050531858092,0.0,3.0,0.0,0.0,0.0,0.0,0.0,0.0,0.0,1.0,0.0,14.0,0.0,0.0,0.0,0.0,0.0,11466.287903331238,0.0,0.0,0.0,nothing,33.0,0.0,0,30.17175768813065
88be08513bfffff,-33.750032292907946,150.9096536149813,0.0,0.0,0.0,0.0,0.0,0.0,0.0,1.0,0.0,1.0,0.0,5.0,0.0,0.0,0.0,0.0,0.0,0.0,0.0,0.0,0.0,nothing,1.0,0.0,0,31.13852400208352
88be08513dfffff,-33.743908937683294,150.92711458424884,0.0,0.0,0.0,0.0,0.0,0.0,0.0,0.0,0.0,2.0,0.0,8.0,0.0,1.0,0.0,0.0,0.0,15730.05154818625,0.0,0.0,0.0,nothing,20.0,0.0,0,29.97031040411717
88be085141fffff,-33.7785941630539,150.95494757282168,0.0,1.0,0.0,0.0,0.0,0.0,0.0,0.0,0.0,2.0,0.0,6.0,0.0,0.0,0.0,0.0,0.0,2670.859503497518,0.0,3.0,0.0,nothing,7.0,132000.0,1,26.037396752721754
88be085143fffff,-33.777463745578956,150.94409136396695,0.0,1.0,0.0,0.0,0.0,0.0,0.0,0.0,0.0,8.0,0.0,10.0,0.0,0.0,0.0,0.0,0.0,31188.776029140718,0.0,1.0,0.0,nothing,17.0,132000.0,1,27.019294981581297
88be085145fffff,-33.77133565405072,150.96155633160183,0.0,0.0,0.0,0.0,0.0,0.0,0.0,0.0,0.0,3.0,0.0,12.0,0.0,0.0,0.0,0.0,0.0,0.0,0.0,15.0,0.0,nothing,21.0,132000.0,1,25.784471275928794
88be085147fffff,-33.770205866677195,150.9507008726695,0.0,1.0,0.0,2.0,0.0,0.0,0.0,0.0,0.0,5.0,0.0,7.0,0.0,0.0,0.0,0.0,0.0,2188.3446652000744,0.0,0.0,0.0,nothing,18.0,0.0,0,26.756421961138276
88be085149fffff,-33.786982389979336,150.95919514330876,0.0,0.0,1.0,0.0,0.0,0.0,0.0,0.0,0.0,0.0,0.0,9.0,0.0,1.0,0.0,0.0,0.0,2345.066929482024,0.0,0.0,0.0,nothing,22.0,0.0,0,25.3382398553654
88be08514bfffff,-33.785852275921506,150.94833773381956,4.0,3.0,0.0,2.0,3.0,0.0,1.0,0.0,11.0,7.0,0.0,13.0,1.0,2.0,0.0,0.0,0.0,14528.28974956226,0.0,1.0,0.0,nothing,42.0,132000.0,1,26.326770380621696
88be08514dfffff,-33.77972364695018,150.9658042320347,0.0,0.0,0.0,1.0,0.0,0.0,0.0,0.0,0.0,1.0,0.0,2.0,0.0,0.0,0.0,0.0,0.0,0.0,0.0,17.0,0.0,nothing,9.0,132000.0,1,25.05798684215989
88be085151fffff,-33.78358924665681,150.9266242682954,0.0,0.0,0.0,0.0,0.0,0.0,0.0,0.0,0.0,1.0,0.0,11.0,0.0,0.0,0.0,0.0,0.0,4156.123264313344,0.0,0.0,0.0,nothing,26.0,0.0,0,28.30905036792626
88be085153fffff,-33.782456331781255,150.91576821376336,0.0,1.0,0.0,3.0,1.0,0.0,0.0,0.0,0.0,16.0,0.0,14.0,0.0,1.0,0.0,0.0,0.0,29642.206965171932,0.0,0.0,0.0,nothing,43.0,0.0,0,29.30244345453423
88be085155fffff,-33.77633239469072,150.93323560622196,1.0,14.0,0.0,0.0,1.0,0.0,3.0,0.0,7.0,19.0,0.0,12.0,1.0,3.0,0.0,0.0,0.0,104750.4194037102,17822.71485943775,2.0,2.0,"7 kW, kW",71.0,0.0,1,28.003418051763298
88be085157fffff,-33.775200110554785,150.92238030033795,0.0,0.0,0.0,1.0,0.0,0.0,0.0,0.0,1.0,4.0,0.0,12.0,0.0,0.0,0.0,0.0,0.0,51118.434497887625,0.0,0.0,0.0,nothing,25.0,0.0,0,28.98953770171747
88be085159fffff,-33.79197831370089,150.93086910637368,0.0,0.0,0.0,2.0,1.0,0.0,0.0,0.0,0.0,2.0,0.0,14.0,0.0,0.0,0.0,0.0,0.0,6079.644576216422,0.0,3.0,0.0,nothing,22.0,132000.0,1,27.64872019174979
88be08515bfffff,-33.7908457014656,150.92001185043623,0.0,0.0,1.0,0.0,0.0,0.0,0.0,0.0,0.0,2.0,0.0,7.0,0.0,0.0,0.0,0.0,0.0,3195.1618931282446,14219.94470046083,0.0,0.0,nothing,23.0,0.0,0,28.64714409730594
88be08515dfffff,-33.784721228092145,150.93748077523125,0.0,0.0,0.0,0.0,0.0,0.0,0.0,0.0,1.0,1.0,0.0,12.0,0.0,0.0,0.0,0.0,0.0,6267.08377791831,0.0,4.0,0.0,nothing,23.0,132000.0,1,27.317104207945263
88be085161fffff,-33.75568892177156,150.9639166503304,0.0,1.0,0.0,0.0,0.0,0.0,0.0,0.0,3.0,3.0,0.0,16.0,0.0,0.0,0.0,0.0,0.0,0.0,0.0,0.0,0.0,nothing,17.0,0.0,0,26.339532174671326
88be085163fffff,-33.75455946100701,150.95306314129152,0.0,0.0,0.0,0.0,0.0,0.0,0.0,0.0,0.0,1.0,0.0,15.0,0.0,0.0,0.0,0.0,0.0,1780.8738429139287,0.0,0.0,0.0,nothing,22.0,132000.0,0,27.291623876163086
88be085165fffff,-33.748429856799554,150.97052291946656,0.0,0.0,0.0,0.0,0.0,0.0,0.0,0.0,0.0,0.0,0.0,15.0,0.0,0.0,0.0,0.0,0.0,5887.027034607985,0.0,0.0,0.0,nothing,14.0,0.0,0,26.187249553079674
88be085167fffff,-33.7473010255702,150.95967016037366,0.0,0.0,0.0,0.0,0.0,0.0,0.0,0.0,3.0,4.0,0.0,10.0,0.0,0.0,0.0,0.0,0.0,10430.73381702962,0.0,0.0,0.0,nothing,10.0,0.0,0,27.125718776931844
88be085169fffff,-33.76407674942792,150.96816401024896,0.0,0.0,0.0,0.0,0.0,0.0,0.0,0.0,1.0,2.0,0.0,7.0,0.0,0.0,0.0,0.0,0.0,1834.6794455205204,0.0,0.0,0.0,nothing,3.0,0.0,0,25.5690761850354
88be08516bfffff,-33.76294759190275,150.95730930142767,0.0,1.0,0.0,2.0,0.0,0.0,0.0,0.0,0.0,8.0,1.0,11.0,0.0,0.0,0.0,0.0,0.0,2748.217691944718,0.0,3.0,0.0,nothing,20.0,132000.0,1,26.52952425915874
88be08516dfffff,-33.756817449701465,150.97477060885214,0.0,1.0,0.0,0.0,0.0,0.0,0.0,0.0,0.0,0.0,0.0,13.0,0.0,0.0,0.0,0.0,0.0,0.0,0.0,0.0,0.0,nothing,10.0,0.0,0,25.39216716819793
88be085181fffff,-33.752743207813744,150.85963726324553,0.0,0.0,0.0,0.0,0.0,0.0,0.0,0.0,0.0,0.0,0.0,2.0,0.0,0.0,0.0,0.0,0.0,0.0,9771.792207792209,1.0,2.0,kW,8.0,132000.0,1,35.30620350504149
88be085183fffff,-33.751604727476966,150.84878708844818,0.0,0.0,0.0,0.0,0.0,0.0,0.0,0.0,0.0,0.0,0.0,6.0,0.0,0.0,0.0,0.0,0.0,1781.7846503631306,0.0,0.0,0.0,nothing,12.0,0.0,0,36.29174758115058
88be085185fffff,-33.7454902127041,150.86625134043933,0.0,0.0,0.0,0.0,1.0,0.0,0.0,0.0,0.0,2.0,0.0,0.0,0.0,0.0,0.0,0.0,0.0,1282.701754867623,14501.039682539682,0.0,0.0,nothing,28.0,132000.0,0,35.03173475036187
88be085187fffff,-33.744352363884886,150.8554019105165,0.0,0.0,0.0,0.0,0.0,0.0,0.0,0.0,4.0,4.0,0.0,11.0,0.0,0.0,0.0,0.0,0.0,2130.110385697315,0.0,0.0,0.0,nothing,17.0,0.0,0,36.010506924151834
88be085189fffff,-33.761133985676274,150.863873484704,0.0,1.0,0.0,2.0,0.0,0.0,0.0,0.0,4.0,7.0,0.0,5.0,0.0,0.0,0.0,0.0,0.0,15929.239485265945,10319.39603960396,0.0,0.0,nothing,29.0,0.0,0,34.61703749039419
88be08518bfffff,-33.75999580529314,150.85302210790204,0.0,0.0,0.0,1.0,0.0,0.0,1.0,0.0,1.0,2.0,0.0,4.0,0.0,0.0,0.0,0.0,0.0,2229.7964841626253,0.0,3.0,0.0,nothing,14.0,132000.0,1,35.607287751103605
88be08518dfffff,-33.75388075661857,150.8704878948204,0.0,0.0,0.0,0.0,0.0,0.0,0.0,0.0,2.0,0.0,0.0,14.0,0.0,1.0,0.0,0.0,0.0,0.0,0.0,0.0,0.0,nothing,66.0,0.0,0,34.32225396111701
88be085191fffff,-33.75771664952432,150.83132072700948,0.0,0.0,0.0,1.0,0.0,0.0,0.0,0.0,0.0,1.0,0.0,11.0,0.0,1.0,0.0,0.0,0.0,18651.015984341306,0.0,3.0,0.0,nothing,82.0,132000.0,1,37.59141075858309
88be085193fffff,-33.756575674473844,150.82047072441748,0.0,1.0,0.0,0.0,0.0,0.0,0.0,0.0,1.0,2.0,0.0,19.0,0.0,0.0,0.0,0.0,0.0,9058.780358362288,0.0,2.0,0.0,nothing,104.0,132000.0,1,38.58509461192294
88be085195fffff,-33.75046531577555,150.83793737117762,0.0,0.0,0.0,0.0,0.0,8.0,0.0,0.0,8.0,13.0,0.0,9.0,0.0,0.0,0.0,0.0,0.0,14467.508004792579,0.0,0.0,0.0,nothing,54.0,0.0,0,37.27875837545304
88be085197fffff,-33.74932497287704,150.82708811218302,0.0,0.0,0.0,1.0,0.0,0.0,0.0,0.0,0.0,15.0,0.0,8.0,0.0,0.0,0.0,0.0,0.0,12214.820866600261,0.0,0.0,0.0,nothing,45.0,0.0,0,38.26712107636844
88be085199fffff,-33.76610826049855,150.83555421034714,0.0,4.0,0.0,0.0,0.0,0.0,0.0,0.0,0.0,1.0,0.0,7.0,0.0,0.0,0.0,0.0,0.0,43632.014964403315,0.0,0.0,0.0,nothing,86.0,0.0,0,36.93095654430607
88be08519bfffff,-33.76496758462332,150.82470300498616,0.0,2.0,0.0,20.0,6.0,0.0,0.0,2.0,4.0,20.0,0.0,8.0,0.0,6.0,0.0,0.0,0.0,158553.823987521,0.0,1.0,1.0,7 kW,182.0,66000.0,1,37.92845564390825
88be08519dfffff,-33.75885669318665,150.84217118842074,0.0,0.0,0.0,0.0,0.0,0.0,0.0,0.0,0.0,2.0,0.0,4.0,0.0,0.0,0.0,0.0,0.0,0.0,7855.444444444444,3.0,0.0,nothing,60.0,132000.0,1,36.5987786772755
88be0851a1fffff,-33.729846445115285,150.86862832112448,0.0,0.0,0.0,0.0,0.0,0.0,0.0,0.0,0.0,1.0,0.0,4.0,0.0,0.0,0.0,0.0,0.0,0.0,0.0,0.0,0.0,nothing,4.0,0.0,0,35.52779253368954
88be0851a3fffff,-33.72870892778423,150.8577808374201,0.0,0.0,0.0,0.0,0.0,0.0,0.0,0.0,0.0,2.0,0.0,4.0,0.0,0.0,0.0,0.0,0.0,0.0,0.0,0.0,0.0,nothing,7.0,0.0,0,36.493186005570436
88be0851a5fffff,-33.722592890968684,150.87523990983865,0.0,0.0,0.0,0.0,0.0,0.0,0.0,1.0,0.0,0.0,0.0,0.0,0.0,0.0,1.0,0.0,0.0,58101.312582478866,0.0,0.0,0.0,nothing,16.0,0.0,0,35.32740963555853
88be0851a7fffff,-33.72145600459013,150.8643931710371,0.0,0.0,0.0,0.0,0.0,0.0,0.0,0.0,4.0,3.0,0.0,4.0,0.0,0.0,0.0,0.0,0.0,10619.85994008054,0.0,0.0,0.0,nothing,21.0,0.0,0,36.2839578794391
88be0851a9fffff,-33.738236820479656,150.87286433957075,0.0,0.0,0.0,1.0,0.0,0.0,0.0,0.0,0.0,1.0,0.0,8.0,0.0,0.0,0.0,0.0,0.0,0.0,0.0,0.0,0.0,nothing,25.0,132000.0,0,34.784511978641575
88be0851abfffff,-33.737099602925845,150.86201565471285,0.0,0.0,0.0,0.0,0.0,0.0,0.0,0.0,0.0,6.0,0.0,18.0,0.0,0.0,0.0,0.0,0.0,0.0,0.0,0.0,0.0,nothing,22.0,132000.0,0,35.75566572945839
88be0851adfffff,-33.73098303165593,150.87947626072722,0.0,0.0,0.0,0.0,0.0,0.0,0.0,0.0,0.0,3.0,0.0,9.0,0.0,0.0,0.0,0.0,0.0,16742.038726923616,0.0,0.0,0.0,nothing,29.0,0.0,0,34.565120266044836
88be0851b1fffff,-33.7348223750397,150.84031965506895,0.0,0.0,0.0,0.0,0.0,0.0,0.0,0.0,0.0,3.0,0.0,17.0,0.0,0.0,0.0,0.0,0.0,6750.832172555988,0.0,0.0,0.0,nothing,60.0,0.0,0,37.704566745566176
88be0851b3fffff,-33.73368236504202,150.82947234178062,0.0,0.0,0.0,0.0,0.0,0.0,0.0,0.0,3.0,2.0,0.0,17.0,0.0,0.0,1.0,0.0,0.0,4932.173317597988,0.0,0.0,0.0,nothing,37.0,0.0,0,38.68197920704501
88be0851b5fffff,-33.72757047982983,150.846933810363,0.0,0.0,0.0,3.0,2.0,0.0,0.0,0.0,17.0,20.0,0.0,3.0,0.0,0.0,0.0,0.0,0.0,14238.311701450988,12261.746031746032,0.0,0.0,nothing,26.0,0.0,0,37.46108896113996
88be0851b7fffff,-33.72643110141935,150.83608724070174,0.0,0.0,0.0,0.0,0.0,0.0,0.0,0.0,0.0,0.0,0.0,7.0,0.0,0.0,0.0,0.0,0.0,39641.0251180992,0.0,0.0,0.0,nothing,12.0,0.0,0,38.43131048307758
88be0851b9fffff,-33.743213583892356,150.84455293757745,0.0,0.0,0.0,1.0,0.0,4.0,0.0,0.0,4.0,4.0,0.0,10.0,0.0,0.0,0.0,0.0,0.0,1517.9161783558534,0.0,0.0,0.0,nothing,36.0,0.0,0,36.99111744057625
88be0851bbfffff,-33.74207387289388,150.83370442237126,0.0,0.0,0.0,4.0,1.0,0.0,0.0,0.0,1.0,22.0,0.0,28.0,0.0,2.0,0.0,0.0,0.0,40392.40524038545,0.0,0.0,0.0,nothing,63.0,0.0,0,37.97342255446506
88be0851bdfffff,-33.735961454390115,150.85116742629592,0.0,1.0,0.0,3.0,0.0,0.0,0.0,0.0,0.0,5.0,0.0,11.0,0.0,0.0,0.0,0.0,0.0,6575.582848412448,0.0,0.0,0.0,nothing,42.0,0.0,0,36.729076019631435
88be0851c1fffff,-33.77066164485428,150.87896361042996,0.0,1.0,0.0,1.0,0.0,0.0,0.0,0.0,1.0,1.0,0.0,17.0,0.0,0.0,0.0,0.0,0.0,17289.361384613247,0.0,3.0,0.0,nothing,53.0,132000.0,1,32.95036194460608
88be0851c3fffff,-33.769524696971985,150.86811057511284,0.0,0.0,0.0,1.0,0.0,0.0,0.0,0.0,1.0,7.0,0.0,7.0,0.0,0.0,0.0,0.0,0.0,7057.773711229879,0.0,5.0,0.0,nothing,56.0,132000.0,1,33.943931900752034
88be0851c5fffff,-33.76340755060368,150.8855776072712,0.0,0.0,0.0,1.0,0.0,0.0,0.0,0.0,4.0,3.0,0.0,23.0,0.0,0.0,0.0,0.0,0.0,15492.136558723449,0.0,0.0,0.0,nothing,37.0,0.0,0,32.64071664359923
88be0851c7fffff,-33.7622712341688,150.87472531807697,0.0,2.0,0.0,4.0,1.0,0.0,0.0,0.0,7.0,5.0,0.0,13.0,1.0,1.0,0.0,0.0,0.0,6767.587366397149,0.0,0.0,0.0,nothing,53.0,0.0,0,33.628138990267004
88be0851c9fffff,-33.77905198817449,150.88320277210047,0.0,0.0,0.0,0.0,0.0,0.0,0.0,0.0,0.0,1.0,0.0,14.0,0.0,1.0,0.0,0.0,0.0,344.61962482806655,0.0,3.0,0.0,nothing,20.0,132000.0,1,32.28995269873582
88be0851cbfffff,-33.777915341200384,150.8723485346931,0.0,0.0,0.0,1.0,0.0,0.0,0.0,0.0,1.0,4.0,0.0,15.0,0.0,0.0,0.0,0.0,0.0,2255.7982890190515,0.0,0.0,0.0,nothing,112.0,132000.0,0,33.28786202624008
88be0851cdfffff,-33.77179766032035,150.88981710136144,0.0,0.0,0.0,0.0,0.0,0.0,0.0,0.0,0.0,5.0,0.0,25.0,0.0,0.0,0.0,0.0,0.0,319.02067171104574,0.0,0.0,0.0,nothing,36.0,0.0,0,31.958010750364323
88be0851d1fffff,-33.775639249595535,150.85064142910133,0.0,1.0,0.0,0.0,0.0,0.0,0.0,0.0,0.0,2.0,0.0,12.0,0.0,0.0,0.0,0.0,0.0,23769.075074024644,0.0,0.0,0.0,nothing,27.0,0.0,0,35.286254127307544
88be0851d3fffff,-33.77449980529931,150.8397885624171,0.0,2.0,0.0,2.0,0.0,0.0,1.0,0.0,1.0,14.0,0.0,16.0,0.0,0.0,0.0,0.0,0.0,5996.382007341093,13445.0234375,2.0,2.0,22 kW,75.0,66000.0,1,36.28659241344309
88be0851d5fffff,-33.768386816840426,150.8572579961601,0.0,0.0,0.0,1.0,0.0,1.0,1.0,0.0,3.0,12.0,0.0,3.0,0.0,0.0,0.0,0.0,0.0,30830.755892018922,8052.788571428571,5.0,4.0,kW,15.0,132000.0,1,34.9386152147743
88be0851d7fffff,-33.76724800462679,150.84640587432162,2.0,4.0,0.0,2.0,2.0,0.0,1.0,0.0,9.0,8.0,0.0,3.0,1.0,1.0,0.0,0.0,0.0,24487.934866284206,0.0,5.0,10.0,7 kW,27.0,132000.0,1,35.934318037194174
88be0851d9fffff,-33.78403042759238,150.85487785298108,0.0,1.0,0.0,3.0,0.0,0.0,0.0,0.0,1.0,6.0,0.0,6.0,1.0,0.0,0.0,0.0,0.0,38395.06741219852,0.0,4.0,8.0,"11 kW, 7 kW",60.0,0.0,1,34.65550779900742
88be0851dbfffff,-33.782891283426146,150.84402378344055,0.0,4.0,0.0,0.0,0.0,0.0,0.0,0.0,2.0,2.0,0.0,13.0,0.0,0.0,0.0,0.0,0.0,0.0,0.0,0.0,0.0,nothing,51.0,0.0,0,35.65919157318376
88be0851ddfffff,-33.77677776161835,150.86149475344334,0.0,0.0,0.0,0.0,0.0,0.0,0.0,0.0,3.0,0.0,0.0,0.0,0.0,0.0,0.0,0.0,0.0,15680.562635974804,0.0,0.0,0.0,nothing,11.0,0.0,0,34.28665464332233
88be0851e1fffff,-33.74776311615414,150.8879515682393,0.0,0.0,0.0,0.0,0.0,0.0,0.0,0.0,2.0,1.0,0.0,13.0,0.0,0.0,0.0,0.0,0.0,9691.659488201061,0.0,0.0,0.0,nothing,46.0,0.0,0,33.08036390364897
88be0851e3fffff,-33.74662713018282,150.87710122659675,0.0,0.0,0.0,4.0,0.0,0.0,0.0,0.0,0.0,4.0,0.0,18.0,0.0,1.0,0.0,0.0,0.0,5828.655730617074,0.0,0.0,0.0,nothing,77.0,0.0,0,34.05496090106164
88be0851e5fffff,-33.740508461973796,150.8945630756128,0.0,0.0,0.0,0.0,0.0,0.0,0.0,0.0,0.0,2.0,0.0,9.0,0.0,0.0,0.0,0.0,0.0,0.0,0.0,0.0,0.0,nothing,10.0,0.0,0,32.84978026851245
88be0851e7fffff,-33.739373106884564,150.88371348012052,0.0,0.0,0.0,0.0,0.0,0.0,0.0,0.0,3.0,4.0,0.0,8.0,0.0,0.0,0.0,0.0,0.0,17156.022061049687,0.0,0.0,0.0,nothing,24.0,132000.0,0,33.81581066558131
88be0851e9fffff,-33.756153058964166,150.89219052530441,0.0,0.0,0.0,5.0,0.0,0.0,0.0,0.0,1.0,7.0,0.0,26.0,0.0,0.0,0.0,0.0,0.0,5619.261517866945,0.0,0.0,0.0,nothing,33.0,0.0,0,32.3597262384239
88be0851ebfffff,-33.75501737372433,150.88133898242324,0.0,0.0,0.0,3.0,0.0,0.0,0.0,0.0,0.0,0.0,0.0,8.0,0.0,0.0,0.0,0.0,0.0,5260.324499611706,0.0,0.0,0.0,nothing,52.0,0.0,0,33.34004162865312
88be0851edfffff,-33.748898170451334,150.8988023646174,1.0,3.0,0.0,2.0,3.0,0.0,2.0,0.0,13.0,14.0,0.0,11.0,1.0,1.0,0.0,0.0,0.0,12288.606659714684,0.0,1.0,2.0,6.6 kW,39.0,0.0,1,32.10814353537764
88be085201fffff,-33.87020785808562,150.91902351865852,0.0,0.0,0.0,0.0,0.0,0.0,0.0,0.0,3.0,6.0,0.0,21.0,0.0,1.0,0.0,0.0,0.0,13421.365449402958,0.0,0.0,0.0,nothing,25.0,0.0,0,27.523544298081244
88be085203fffff,-33.86907360422276,150.90815650249957,0.0,1.0,0.0,1.0,2.0,0.0,0.0,0.0,2.0,11.0,0.0,5.0,1.0,0.0,0.0,0.0,0.0,65139.745066007934,0.0,0.0,0.0,nothing,28.0,0.0,0,28.52678542573467
88be085205fffff,-33.86295160613933,150.92564224992483,0.0,1.0,0.0,0.0,0.0,0.0,0.0,0.0,0.0,1.0,0.0,7.0,0.0,0.0,0.0,0.0,0.0,0.0,0.0,0.0,0.0,nothing,9.0,0.0,0,26.90736870855859
88be085207fffff,-33.86181798464231,150.9147759835893,0.0,0.0,0.0,0.0,0.0,0.0,0.0,0.0,1.0,2.0,0.0,7.0,0.0,0.0,0.0,0.0,0.0,4391.737021949782,0.0,0.0,0.0,nothing,21.0,0.0,0,27.914328170818486
88be085209fffff,-33.87859765845252,150.9232719255557,0.0,0.0,0.0,0.0,0.0,0.0,0.0,0.0,0.0,0.0,0.0,2.0,0.0,0.0,0.0,0.0,0.0,0.0,12074.58785942492,0.0,0.0,nothing,11.0,0.0,0,27.164720866807137
88be08520bfffff,-33.877463708717166,150.91240370534726,0.0,0.0,0.0,1.0,0.0,0.0,0.0,0.0,1.0,0.0,1.0,13.0,0.0,0.0,0.0,0.0,0.0,23137.464388396515,0.0,2.0,2.0,kW,21.0,0.0,1,28.162563993991224
88be08520dfffff,-33.87134117539473,150.92989098868892,0.0,0.0,0.0,0.0,0.0,0.0,0.0,0.0,0.0,3.0,0.0,18.0,0.0,1.0,0.0,0.0,0.0,0.0,0.0,0.0,0.0,nothing,31.0,0.0,0,26.5210540804247
88be085211fffff,-33.87519299917478,150.8906686289323,0.0,0.0,1.0,0.0,0.0,0.0,0.0,0.0,0.0,3.0,0.0,15.0,0.0,2.0,0.0,0.0,0.0,13564.95703535512,0.0,0.0,0.0,nothing,31.0,0.0,0,30.161301798753918
88be085213fffff,-33.874056239701254,150.8798017742325,0.0,2.0,0.0,1.0,1.0,0.0,0.0,0.0,0.0,4.0,0.0,6.0,0.0,1.0,0.0,0.0,0.0,16539.162794689306,0.0,0.0,0.0,nothing,22.0,0.0,0,31.16199759946021
88be085215fffff,-33.867938413972624,150.8972899409653,0.0,0.0,0.0,1.0,0.0,0.0,0.0,0.0,0.0,1.0,0.0,8.0,0.0,0.0,0.0,0.0,0.0,58806.90481964904,0.0,0.0,0.0,nothing,20.0,0.0,0,29.530699276682093
88be085217fffff,-33.866802287501905,150.88642383480897,0.0,1.0,0.0,0.0,0.0,0.0,0.0,0.0,0.0,1.0,0.0,11.0,0.0,0.0,0.0,0.0,0.0,36895.1051781837,0.0,0.0,0.0,nothing,26.0,0.0,0,30.535217891628037
88be085219fffff,-33.88358363816533,150.8949142946672,0.0,2.0,0.0,0.0,0.0,0.0,0.0,0.0,0.0,3.0,0.0,15.0,0.0,0.0,0.0,0.0,0.0,42942.18261918131,0.0,0.0,0.0,nothing,54.0,0.0,0,29.81693174237968
88be08521bfffff,-33.882447182041,150.88404623514668,0.0,1.0,0.0,0.0,0.0,0.0,0.0,0.0,0.0,2.0,0.0,15.0,0.0,0.0,0.0,0.0,0.0,26778.64076683896,0.0,0.0,0.0,nothing,42.0,0.0,0,30.812196432327376
88be08521dfffff,-33.8763288222357,150.90153593955498,0.0,0.0,0.0,0.0,0.0,0.0,0.0,0.0,0.0,0.0,0.0,16.0,0.0,0.0,0.0,0.0,0.0,7841.519239515235,0.0,0.0,0.0,nothing,24.0,0.0,0,29.161459705902807
88be085221fffff,-33.84730554284222,150.92801170055841,0.0,1.0,0.0,0.0,0.0,0.0,0.0,0.0,1.0,3.0,0.0,17.0,0.0,0.0,0.0,0.0,0.0,2781.4455928926145,0.0,0.0,0.0,nothing,28.0,0.0,0,26.76211397231241
88be085223fffff,-33.84617224950822,150.9171473874311,0.0,0.0,0.0,0.0,0.0,0.0,0.0,0.0,0.0,0.0,0.0,12.0,0.0,0.0,0.0,0.0,0.0,15229.499232656017,0.0,2.0,0.0,nothing,13.0,132000.0,1,27.774253351772604
88be085225fffff,-33.84004872165432,150.93462793661504,0.0,0.0,0.0,0.0,0.0,0.0,0.0,0.0,0.0,1.0,0.0,9.0,0.0,0.0,0.0,0.0,0.0,15260.24556065598,0.0,7.0,0.0,nothing,5.0,132000.0,1,26.225552593960504
88be085227fffff,-33.83891606012012,150.92376437333664,0.0,0.0,0.0,0.0,0.0,0.0,0.0,0.0,0.0,8.0,0.0,5.0,0.0,0.0,0.0,0.0,0.0,2978.6633513312527,7703.591397849463,5.0,0.0,nothing,7.0,330000.0,1,27.238743671330436
88be085229fffff,-33.855694953394185,150.93225989923477,0.0,0.0,0.0,0.0,0.0,0.0,0.0,0.0,0.0,10.0,0.0,13.0,0.0,0.0,0.0,0.0,0.0,20270.91191612859,20147.777777777777,0.0,0.0,nothing,27.0,0.0,0,26.315642599504187
88be08522bfffff,-33.85456196401017,150.92139438291272,0.0,0.0,0.0,0.0,0.0,0.0,0.0,0.0,0.0,2.0,0.0,14.0,0.0,0.0,0.0,0.0,0.0,0.0,0.0,0.0,0.0,nothing,30.0,0.0,0,27.325582488406106
88be08522dfffff,-33.848437900366086,150.9388764666772,0.0,0.0,0.0,1.0,0.0,0.0,0.0,0.0,1.0,7.0,0.0,5.0,0.0,0.0,0.0,0.0,0.0,13072.324979644693,0.0,5.0,0.0,nothing,21.0,132000.0,1,25.750052205276347
88be085231fffff,-33.852293177400675,150.89966471162856,0.0,0.0,0.0,2.0,0.0,0.0,0.0,0.0,0.0,15.0,0.0,12.0,0.0,0.0,0.0,0.0,0.0,47262.979502132046,0.0,0.0,0.0,nothing,63.0,0.0,0,29.34611733476962
88be085233fffff,-33.851157380508134,150.8888005581721,0.0,0.0,0.0,0.0,0.0,0.0,0.0,0.0,0.0,2.0,0.0,9.0,0.0,0.0,0.0,0.0,0.0,0.0,0.0,0.0,0.0,nothing,10.0,0.0,0,30.356665463923548
88be085235fffff,-33.845038020530275,150.90628352804802,0.0,0.0,0.0,0.0,0.0,0.0,0.0,0.0,1.0,3.0,0.0,11.0,0.0,0.0,0.0,0.0,0.0,5414.674654396817,9349.444444444445,2.0,0.0,nothing,25.0,132000.0,1,28.786460462632522
88be085237fffff,-33.84390285607481,150.89542012316193,0.0,1.0,0.0,2.0,0.0,0.0,0.0,0.0,0.0,3.0,0.0,11.0,0.0,0.0,0.0,0.0,0.0,3750.7046498687664,0.0,2.0,0.0,nothing,14.0,132000.0,1,29.798726759016432
88be085239fffff,-33.86068342695029,150.90391017133388,0.0,2.0,1.0,3.0,2.0,0.0,0.0,2.0,0.0,10.0,0.0,9.0,0.0,0.0,0.0,0.0,0.0,43546.78007939438,0.0,2.0,2.0,22 kW,26.0,0.0,1,28.921716839961423
88be08523bfffff,-33.8595479332298,150.8930448139116,0.0,0.0,0.0,3.0,2.0,0.0,0.0,0.0,1.0,8.0,0.0,17.0,0.0,1.0,0.0,0.0,0.0,6214.79426575494,0.0,0.0,0.0,nothing,53.0,0.0,0,29.929489739760175
88be08523dfffff,-33.85342803862355,150.91052932012633,0.0,0.0,0.0,0.0,1.0,0.0,0.0,0.0,0.0,7.0,0.0,18.0,0.0,1.0,0.0,0.0,0.0,19197.2910746735,0.0,0.0,0.0,nothing,30.0,0.0,0,28.335749092808907
88be085241fffff,-33.888120093280236,150.93839108235977,1.0,3.0,0.0,19.0,2.0,0.0,1.0,2.0,8.0,31.0,0.0,15.0,0.0,6.0,0.0,0.0,1.0,47276.0184111511,0.0,0.0,0.0,nothing,77.0,0.0,0,25.849730267861037
88be085243fffff,-33.88698738524201,150.92752120450254,0.0,2.0,0.0,25.0,3.0,1.0,0.0,0.0,5.0,24.0,0.0,19.0,0.0,1.0,0.0,0.0,0.0,17225.51697672494,7342.101449275362,0.0,0.0,nothing,57.0,0.0,0,26.83914094319629
88be085245fffff,-33.880862747019556,150.94500972620634,0.0,0.0,0.0,1.0,0.0,0.0,0.0,0.0,1.0,2.0,0.0,7.0,0.0,0.0,0.0,0.0,0.0,0.0,0.0,0.0,0.0,nothing,26.0,0.0,0,25.172700674584725
88be085247fffff,-33.879730671275375,150.93414059942668,0.0,0.0,0.0,0.0,0.0,0.0,0.0,0.0,0.0,0.0,0.0,9.0,0.0,0.0,0.0,0.0,0.0,12173.68857180281,0.0,0.0,0.0,nothing,9.0,0.0,0,26.168052600489826
88be085249fffff,-33.89650944090823,150.94264243771,5.0,6.0,0.0,10.0,2.0,0.0,1.0,0.0,5.0,14.0,0.0,6.0,0.0,2.0,2.0,0.0,0.0,39984.61070798808,0.0,2.0,2.0,4 kW,59.0,0.0,1,25.56738362038963
88be08524bfffff,-33.89537703795305,150.93177135572077,8.0,11.0,1.0,41.0,3.0,0.0,0.0,0.0,2.0,45.0,0.0,13.0,0.0,3.0,1.0,0.0,0.0,36188.23349026346,0.0,4.0,4.0,kW,49.0,0.0,1,26.54802879542249
88be08524dfffff,-33.88925186388108,150.9492614129164,0.0,0.0,0.0,0.0,0.0,0.0,0.0,0.0,0.0,1.0,0.0,11.0,0.0,3.0,0.0,0.0,0.0,5806.514581337184,0.0,0.0,0.0,nothing,25.0,0.0,0,24.862233233411487
88be085251fffff,-33.893109419318826,150.91003055222941,0.0,0.0,0.0,0.0,0.0,0.0,0.0,0.0,0.0,2.0,0.0,17.0,0.0,1.0,0.0,0.0,0.0,3090.334516851031,0.0,0.0,0.0,nothing,33.0,0.0,0,28.516137768486935
88be085253fffff,-33.89197420397259,150.89916083223548,0.0,0.0,0.0,2.0,0.0,2.0,0.0,0.0,16.0,44.0,0.0,21.0,0.0,3.0,0.0,0.0,0.0,41380.15803612302,0.0,0.0,0.0,nothing,65.0,0.0,0,29.503143410600362
88be085255fffff,-33.88585373993252,150.91665178009876,0.0,0.0,0.0,1.0,0.0,0.0,0.0,0.0,0.0,2.0,0.0,17.0,0.0,1.0,0.0,0.0,0.0,5837.228723070582,0.0,0.0,0.0,nothing,44.0,0.0,0,27.830259419473343
88be085257fffff,-33.8847191575181,150.9057828099024,0.0,0.0,0.0,0.0,0.0,0.0,0.0,0.0,1.0,1.0,0.0,14.0,0.0,0.0,0.0,0.0,0.0,5589.242012507403,0.0,0.0,0.0,nothing,28.0,0.0,0,28.822907832648028
88be085259fffff,-33.90149960713688,150.91427916675784,0.0,3.0,0.0,0.0,0.0,0.0,0.0,0.0,0.0,3.0,0.0,18.0,0.0,0.0,1.0,0.0,0.0,2678.144464668354,19667.21212121212,0.0,0.0,nothing,38.0,0.0,0,28.242186280223113
88be08525bfffff,-33.900364696095586,150.903408241859,0.0,0.0,0.0,3.0,0.0,0.0,0.0,0.0,0.0,4.0,0.0,10.0,0.0,0.0,0.0,0.0,0.0,31975.5779200261,0.0,0.0,0.0,nothing,17.0,0.0,0,29.22092308486778
88be08525dfffff,-33.89424369736782,150.92090072697587,0.0,2.0,0.0,0.0,0.0,0.0,0.0,0.0,0.0,5.0,0.0,11.0,0.0,1.0,0.0,0.0,0.0,3037.974001696324,0.0,0.0,0.0,nothing,29.0,0.0,0,27.531028579603458
88be085261fffff,-33.86521603988343,150.94737614182287,0.0,1.0,0.0,0.0,0.0,0.0,0.0,0.0,1.0,4.0,0.0,15.0,0.0,1.0,0.0,0.0,0.0,33244.345147474225,0.0,0.0,0.0,nothing,30.0,0.0,0,24.894953540906332
88be085263fffff,-33.86408429127506,150.93650896958715,0.0,4.0,0.0,1.0,2.0,0.0,0.0,0.0,0.0,4.0,0.0,11.0,0.0,1.0,0.0,0.0,0.0,11688.553025168818,0.0,0.0,0.0,nothing,32.0,0.0,0,25.900890395812002
88be085265fffff,-33.85795812349007,150.95399228947292,0.0,0.0,0.0,0.0,0.0,0.0,0.0,0.0,0.0,3.0,0.0,9.0,0.0,0.0,0.0,0.0,0.0,2216.5220725723693,8024.0,0.0,0.0,nothing,14.0,33000.0,0,24.29656405413797
88be085267fffff,-33.85682700660945,150.9431258683393,0.0,0.0,0.0,0.0,0.0,0.0,0.0,1.0,0.0,3.0,0.0,17.0,0.0,2.0,0.0,0.0,0.0,4622.072418942075,0.0,0.0,0.0,nothing,53.0,0.0,0,25.305958493622843
88be085269fffff,-33.873604999687,150.95162728734945,1.0,3.0,0.0,6.0,1.0,0.0,3.0,0.0,7.0,7.0,0.0,11.0,1.0,7.0,1.0,0.0,0.0,22501.719985374777,0.0,0.0,0.0,nothing,59.0,0.0,0,24.518702668775433
88be08526bfffff,-33.87247355598386,150.94075891183715,0.0,3.0,0.0,0.0,0.0,0.0,0.0,0.0,0.0,7.0,0.0,11.0,0.0,0.0,0.0,0.0,0.0,1378.0927601788694,0.0,0.0,0.0,nothing,27.0,0.0,0,25.519405175296615
88be08526dfffff,-33.866346851798596,150.95824376587834,0.0,3.0,0.0,4.0,2.0,0.0,0.0,0.0,0.0,10.0,0.0,17.0,0.0,3.0,0.0,0.0,0.0,39439.009133714026,16429.84251968504,0.0,0.0,nothing,50.0,0.0,0,23.889628567127666
88be085281fffff,-33.86224842275511,150.842963979019,0.0,0.0,0.0,0.0,0.0,0.0,0.0,0.0,0.0,0.0,0.0,0.0,0.0,0.0,0.0,0.0,0.0,0.0,0.0,5.0,0.0,nothing,0.0,330000.0,1,34.55825618217155
88be085283fffff,-33.861107617689925,150.83210016104275,0.0,0.0,0.0,0.0,0.0,0.0,0.0,0.0,0.0,0.0,0.0,0.0,0.0,0.0,0.0,0.0,0.0,0.0,0.0,6.0,0.0,nothing,0.0,330000.0,1,35.56503914988107
88be085285fffff,-33.85499660140175,150.84958794760846,0.0,0.0,0.0,0.0,0.0,0.0,0.0,0.0,0.0,0.0,0.0,0.0,0.0,0.0,0.0,0.0,0.0,8704.447905970083,0.0,0.0,0.0,nothing,1.0,0.0,0,33.9637103473957
88be085287fffff,-33.853856430044864,150.83872487564108,0.0,0.0,0.0,0.0,0.0,0.0,0.0,0.0,0.0,0.0,0.0,0.0,0.0,0.0,0.0,0.0,0.0,0.0,0.0,2.0,0.0,nothing,0.0,132000.0,1,34.97290529377127
88be085289fffff,-33.87064034447713,150.84720395319997,0.0,0.0,0.0,0.0,0.0,0.0,0.0,0.0,0.0,0.0,0.0,0.0,0.0,0.0,0.0,0.0,0.0,0.0,0.0,4.0,0.0,nothing,0.0,330000.0,1,34.16844237172658
88be08528dfffff,-33.86338829243663,150.853828256136,0.0,0.0,0.0,0.0,0.0,0.0,0.0,0.0,0.0,1.0,0.0,0.0,0.0,0.0,0.0,0.0,0.0,0.0,0.0,1.0,0.0,nothing,0.0,132000.0,1,33.551844253957114
88be085291fffff,-33.86721602756868,150.81461026257173,0.0,0.0,0.0,0.0,0.0,0.0,0.0,0.0,0.0,0.0,0.0,0.0,0.0,0.0,0.0,0.0,0.0,0.0,0.0,5.0,0.0,nothing,0.0,330000.0,1,37.180161383256376
88be085295fffff,-33.859965877409145,150.8212368029593,0.0,0.0,0.0,0.0,0.0,0.0,0.0,0.0,0.0,0.0,0.0,0.0,0.0,0.0,0.0,0.0,0.0,0.0,0.0,4.0,0.0,nothing,0.0,330000.0,1,36.572161138623756
88be085297fffff,-33.85882320208106,150.81037390552038,0.0,0.0,0.0,0.0,0.0,0.0,0.0,0.0,0.0,0.0,0.0,0.0,0.0,0.0,0.0,0.0,0.0,0.0,0.0,2.0,0.0,nothing,0.0,330000.0,1,37.579593547059204
88be085299fffff,-33.875608782462216,150.81884749020625,0.0,0.0,0.0,0.0,0.0,0.0,0.0,0.0,0.0,0.0,0.0,0.0,0.0,0.0,0.0,0.0,0.0,0.0,0.0,7.0,0.0,nothing,0.0,330000.0,1,36.8041202492524
88be08529bfffff,-33.87446577362672,150.80798264177153,0.0,0.0,0.0,0.0,0.0,0.0,0.0,0.0,0.0,1.0,0.0,0.0,0.0,0.0,0.0,0.0,0.0,0.0,0.0,0.0,0.0,nothing,0.0,0.0,0,37.80543491982064
88be08529dfffff,-33.86835840200086,150.82547436592685,0.0,0.0,0.0,0.0,0.0,0.0,0.0,0.0,0.0,0.0,0.0,0.0,0.0,0.0,0.0,0.0,0.0,0.0,0.0,1.0,0.0,nothing,0.0,330000.0,1,36.1757525990964
88be0852a1fffff,-33.83935284681424,150.85197106363393,0.0,1.0,0.0,1.0,0.0,0.0,0.0,0.0,0.0,2.0,0.0,8.0,0.0,2.0,0.0,0.0,0.0,4161.4055065693665,0.0,3.0,0.0,nothing,22.0,132000.0,1,33.84824844125935
88be0852a3fffff,-33.83821300747554,150.84110994251603,0.0,0.0,0.0,0.0,0.0,0.0,0.0,0.0,0.0,2.0,0.0,0.0,0.0,0.0,0.0,0.0,0.0,2537.9335289877963,0.0,6.0,0.0,nothing,1.0,132000.0,1,34.86071597221622
88be0852a5fffff,-33.83210045225968,150.85859253720312,0.0,0.0,0.0,0.0,0.0,0.0,0.0,0.0,0.0,0.0,0.0,2.0,0.0,0.0,0.0,0.0,0.0,0.0,0.0,2.0,0.0,nothing,0.0,330000.0,1,33.317738764571324
88be0852a7fffff,-33.830961246064135,150.84773216212332,0.0,0.0,0.0,0.0,0.0,0.0,0.0,0.0,0.0,0.0,0.0,0.0,0.0,0.0,0.0,0.0,0.0,0.0,0.0,1.0,0.0,nothing,0.0,132000.0,1,34.330871913500516
88be0852a9fffff,-33.84774437748185,150.85621083557604,0.0,4.0,0.0,0.0,0.0,0.0,0.0,0.0,5.0,1.0,0.0,0.0,0.0,0.0,0.0,0.0,0.0,48534.37936489252,0.0,0.0,0.0,nothing,0.0,0.0,0,33.38921103516747
88be0852adfffff,-33.840491751510974,150.86283264300926,0.0,1.0,0.0,0.0,0.0,0.0,0.0,0.0,0.0,0.0,0.0,2.0,0.0,1.0,0.0,0.0,0.0,913.6865110979647,12482.0,4.0,0.0,nothing,1.0,132000.0,1,32.83581101162576
88be0852b1fffff,-33.84432295944784,150.82362523543367,0.0,0.0,0.0,0.0,0.0,0.0,0.0,0.0,0.0,0.0,0.0,0.0,0.0,0.0,0.0,0.0,0.0,0.0,0.0,4.0,0.0,nothing,0.0,132000.0,1,36.42281703717476
88be0852b3fffff,-33.843180617551404,150.81276428832834,0.0,0.0,0.0,0.0,0.0,0.0,0.0,0.0,0.0,0.0,0.0,0.0,0.0,0.0,0.0,0.0,0.0,10914.463894466757,0.0,4.0,0.0,nothing,0.0,330000.0,1,37.43420387291791
88be0852b5fffff,-33.83707223366266,150.8302492804071,0.0,0.0,0.0,0.0,0.0,0.0,0.0,0.0,0.0,0.0,0.0,0.0,0.0,0.0,0.0,0.0,0.0,0.0,0.0,3.0,0.0,nothing,0.0,132000.0,1,35.87320965608873
88be0852b7fffff,-33.83593052554363,150.81938907805844,0.0,0.0,0.0,0.0,0.0,0.0,0.0,0.0,0.0,0.0,0.0,0.0,0.0,0.0,0.0,0.0,0.0,0.0,0.0,1.0,0.0,nothing,1.0,132000.0,1,36.8857259723763
88be0852b9fffff,-33.852715323663496,150.82786226302116,0.0,0.0,0.0,0.0,0.0,0.0,0.0,0.0,0.0,0.0,0.0,0.0,0.0,0.0,0.0,0.0,0.0,0.0,0.0,2.0,0.0,nothing,0.0,330000.0,1,35.982310317400824
88be0852bbfffff,-33.85157328242577,150.8170001105004,0.0,0.0,0.0,0.0,0.0,0.0,0.0,0.0,0.0,1.0,0.0,0.0,0.0,0.0,0.0,0.0,0.0,0.0,0.0,8.0,0.0,nothing,0.0,330000.0,1,36.99190685809164
88be0852bdfffff,-33.845464366847146,150.83448664284438,0.0,0.0,0.0,0.0,0.0,0.0,0.0,0.0,0.0,0.0,0.0,0.0,0.0,0.0,0.0,0.0,0.0,5396.008549997912,0.0,2.0,0.0,nothing,0.0,132000.0,1,35.411516390363886
88be0852c1fffff,-33.88017146014604,150.862311486263,0.0,0.0,0.0,14.0,0.0,24.0,0.0,0.0,0.0,14.0,0.0,11.0,0.0,0.0,0.0,0.0,0.0,8683.555360068905,12810.666666666666,4.0,0.0,nothing,34.0,330000.0,1,32.80599028708674
88be0852c3fffff,-33.879032194710156,150.85144479840588,0.0,0.0,0.0,5.0,0.0,12.0,0.0,0.0,0.0,5.0,0.0,3.0,0.0,0.0,0.0,0.0,0.0,4235.659241517446,11455.408934707904,0.0,0.0,nothing,0.0,0.0,0,33.804323977838685
88be0852c5fffff,-33.87291854398222,150.86893537620864,0.0,1.0,0.0,0.0,0.0,0.0,1.0,0.0,0.0,4.0,0.0,11.0,0.0,0.0,0.0,0.0,0.0,1263.9190479923996,12460.333333333334,0.0,0.0,nothing,19.0,0.0,0,32.16346588867538
88be0852c7fffff,-33.871779912185,150.85806943561354,0.0,0.0,0.0,0.0,0.0,0.0,0.0,0.0,0.0,2.0,0.0,8.0,0.0,0.0,0.0,0.0,0.0,4734.19920584552,0.0,4.0,0.0,nothing,9.0,330000.0,1,33.16563519289682
88be0852c9fffff,-33.88856293581891,150.8665544083062,0.0,0.0,0.0,0.0,0.0,0.0,0.0,0.0,0.0,4.0,0.0,16.0,0.0,0.0,0.0,0.0,0.0,12028.345526266998,0.0,1.0,0.0,nothing,30.0,132000.0,1,32.47379310726564
88be0852cbfffff,-33.88742397295336,150.85568651485872,0.0,0.0,0.0,0.0,0.0,0.0,0.0,0.0,0.0,1.0,0.0,6.0,0.0,0.0,0.0,0.0,0.0,0.0,0.0,3.0,0.0,nothing,26.0,330000.0,1,33.46674065470454
88be0852cdfffff,-33.88130978931215,150.87317863209424,0.0,0.0,0.0,0.0,0.0,1.0,0.0,1.0,0.0,0.0,0.0,15.0,0.0,0.0,0.0,0.0,0.0,11333.641912743851,0.0,5.0,0.0,nothing,21.0,132000.0,1,31.80858388408351
88be0852d3fffff,-33.884001466260926,150.82308558864608,1.0,0.0,0.0,5.0,0.0,0.0,0.0,0.0,0.0,3.0,0.0,0.0,0.0,0.0,0.0,0.0,0.0,10787.484161731976,0.0,2.0,0.0,nothing,2.0,330000.0,1,36.452194934094585
88be0852d5fffff,-33.87789199317222,150.84057856927572,0.0,0.0,0.0,0.0,0.0,0.0,0.0,0.0,0.0,1.0,0.0,0.0,0.0,0.0,0.0,0.0,0.0,0.0,0.0,0.0,0.0,nothing,9.0,0.0,0,34.80350372511334
88be0852d7fffff,-33.87675085570018,150.82971279962507,0.0,0.0,0.0,0.0,0.0,0.0,0.0,0.0,0.0,2.0,0.0,2.0,0.0,0.0,0.0,0.0,0.0,0.0,0.0,0.0,0.0,nothing,0.0,330000.0,0,35.80345729575855
88be0852dbfffff,-33.89239407846406,150.8273245581132,0.0,0.0,0.0,0.0,0.0,0.0,0.0,0.0,0.0,0.0,0.0,0.0,0.0,0.0,0.0,0.0,0.0,0.0,0.0,3.0,0.0,nothing,0.0,330000.0,1,36.12509112092235
88be0852ddfffff,-33.88628407362655,150.844819079931,0.0,0.0,0.0,0.0,0.0,0.0,0.0,0.0,0.0,1.0,0.0,8.0,0.0,0.0,0.0,0.0,0.0,7687.679505673295,0.0,0.0,0.0,nothing,22.0,0.0,0,34.4608547003512
88be0852e1fffff,-33.85727413837068,150.87131546657776,0.0,0.0,0.0,0.0,0.0,1.0,0.0,0.0,1.0,3.0,0.0,4.0,0.0,0.0,0.0,0.0,0.0,0.0,0.0,0.0,0.0,nothing,7.0,0.0,0,31.946036600826126
88be0852e3fffff,-33.85613583756624,150.86045147817137,0.0,0.0,0.0,0.0,0.0,0.0,0.0,0.0,0.0,2.0,0.0,0.0,0.0,0.0,0.0,0.0,0.0,9511.379274372603,0.0,0.0,0.0,nothing,0.0,0.0,0,32.95474630198143
88be0852e5fffff,-33.85002064811274,150.8779368605097,0.0,3.0,0.0,4.0,0.0,8.0,0.0,0.0,1.0,2.0,0.0,9.0,0.0,0.0,0.0,0.0,0.0,31251.092160021144,0.0,0.0,0.0,nothing,25.0,0.0,0,31.367374522871252
88be0852e7fffff,-33.84888298038155,150.86707361939358,1.0,2.0,0.0,5.0,0.0,6.0,0.0,0.0,2.0,1.0,0.0,1.0,0.0,0.0,0.0,0.0,0.0,5415.7262323774185,12459.111111111111,0.0,0.0,nothing,0.0,0.0,0,32.37822791237364
88be0852e9fffff,-33.865665224977526,150.87555818478347,0.0,0.0,0.0,6.0,0.0,0.0,0.0,2.0,7.0,6.0,0.0,12.0,0.0,1.0,0.0,0.0,0.0,39613.05021950059,0.0,0.0,0.0,nothing,14.0,0.0,0,31.5402819249225
88be0852ebfffff,-33.864527226566636,150.86469299164162,0.0,0.0,0.0,2.0,0.0,1.0,0.0,0.0,1.0,3.0,0.0,3.0,0.0,0.0,0.0,0.0,0.0,1845.4590115896028,0.0,0.0,0.0,nothing,3.0,0.0,0,32.54583932581334
88be0852edfffff,-33.858411503647595,150.88217991207532,0.0,1.0,0.0,0.0,0.0,0.0,0.0,0.0,1.0,2.0,0.0,11.0,0.0,1.0,0.0,0.0,0.0,26996.491699995997,0.0,0.0,0.0,nothing,19.0,0.0,0,30.93760773213825
88be085301fffff,-33.81940569574317,150.96533191954936,0.0,0.0,1.0,0.0,0.0,0.0,0.0,0.0,1.0,11.0,0.0,20.0,0.0,0.0,0.0,0.0,0.0,8076.242844392609,12574.52016689847,0.0,0.0,nothing,35.0,0.0,0,23.785085930632352
88be085303fffff,-33.81827586313013,150.95447015613834,0.0,0.0,0.0,1.0,0.0,0.0,0.0,0.0,0.0,2.0,0.0,17.0,0.0,1.0,0.0,0.0,0.0,411.36407077733753,0.0,0.0,0.0,nothing,27.0,0.0,0,24.794354329155997
88be085305fffff,-33.812146649039754,150.97194307898837,1.0,3.0,0.0,14.0,5.0,5.0,0.0,1.0,9.0,37.0,0.0,30.0,1.0,2.0,0.0,0.0,0.0,15333.016656131362,5285.222222222223,0.0,0.0,nothing,81.0,0.0,0,23.377572469765337
88be085307fffff,-33.81101744702172,150.96108206672696,0.0,2.0,0.0,4.0,0.0,0.0,1.0,0.0,0.0,5.0,0.0,14.0,0.0,0.0,0.0,0.0,0.0,40909.12424097865,0.0,3.0,3.0,kW,53.0,0.0,1,24.382606829195986
88be085309fffff,-33.82779387280714,150.96958264366688,2.0,1.0,0.0,3.0,1.0,0.0,0.0,0.0,2.0,48.0,0.0,33.0,0.0,0.0,0.0,0.0,0.0,4263.427173396667,0.0,0.0,0.0,nothing,41.0,0.0,0,23.21615462810489
88be08530bfffff,-33.82666434474353,150.9587196786879,0.0,0.0,0.0,0.0,0.0,0.0,0.0,0.0,1.0,1.0,0.0,23.0,0.0,0.0,0.0,0.0,0.0,0.0,0.0,0.0,0.0,nothing,18.0,0.0,0,24.227989668440824
88be08530dfffff,-33.820534593151685,150.97619413302434,0.0,0.0,0.0,1.0,0.0,0.0,0.0,0.0,3.0,6.0,0.0,26.0,0.0,0.0,0.0,0.0,0.0,0.0,9994.507430997877,0.0,0.0,nothing,25.0,0.0,0,22.776166005302702
88be085311fffff,-33.82440248258904,150.93699510130432,0.0,1.0,0.0,0.0,0.0,0.0,0.0,0.0,2.0,2.0,0.0,22.0,0.0,0.0,0.0,0.0,0.0,2908.9134570897522,0.0,0.0,0.0,nothing,25.0,0.0,0,26.251969655069637
88be085313fffff,-33.823270148829344,150.92613349040508,1.0,1.0,1.0,6.0,1.0,0.0,0.0,0.0,2.0,1.0,0.0,2.0,0.0,0.0,0.0,0.0,0.0,22997.010272217114,0.0,0.0,0.0,nothing,40.0,0.0,0,27.26408804730704
88be085315fffff,-33.81714509547785,150.94360884354387,0.0,0.0,0.0,0.0,0.0,0.0,0.0,0.0,0.0,1.0,0.0,16.0,0.0,0.0,0.0,0.0,0.0,14867.654220392671,0.0,0.0,0.0,nothing,22.0,0.0,0,25.803928445115105
88be085317fffff,-33.81601339295185,150.93274798251852,0.0,0.0,0.0,5.0,0.0,1.0,0.0,0.0,1.0,4.0,0.0,12.0,0.0,0.0,0.0,0.0,0.0,15676.53769960534,0.0,0.0,0.0,nothing,49.0,0.0,0,26.81377194282108
88be085319fffff,-33.83279150096238,150.94124309117134,0.0,0.0,0.0,1.0,0.0,0.0,0.0,0.0,0.0,0.0,0.0,26.0,0.0,0.0,0.0,0.0,0.0,2464.663058121305,0.0,0.0,0.0,nothing,14.0,0.0,0,25.71758319739416
88be08531bfffff,-33.831659470975104,150.93038027793148,0.0,0.0,0.0,0.0,0.0,0.0,0.0,0.0,0.0,2.0,0.0,25.0,0.0,0.0,0.0,0.0,0.0,701.3649567796391,0.0,0.0,0.0,nothing,14.0,0.0,0,26.730782496938584
88be08531dfffff,-33.82553388128234,150.9478571643161,0.0,2.0,0.0,1.0,1.0,0.0,1.0,1.0,2.0,2.0,0.0,13.0,0.0,1.0,0.0,0.0,0.0,16227.326576476877,0.0,0.0,0.0,nothing,32.0,0.0,0,25.239932789800026
88be085321fffff,-33.796499423000334,150.97430264456003,1.0,0.0,0.0,0.0,0.0,0.0,0.0,1.0,0.0,1.0,0.0,14.0,0.0,1.0,0.0,0.0,0.0,0.0,11340.06534090909,0.0,0.0,nothing,23.0,0.0,0,23.667526069654006
88be085323fffff,-33.79537054695269,150.9634435843516,0.0,0.0,0.0,0.0,0.0,0.0,0.0,0.0,0.0,0.0,0.0,19.0,0.0,0.0,0.0,0.0,0.0,0.0,0.0,0.0,0.0,nothing,35.0,0.0,0,24.66064252154346
88be085325fffff,-33.7892398161194,150.98091131198288,0.0,0.0,0.0,0.0,0.0,0.0,0.0,0.0,1.0,2.0,0.0,15.0,0.0,0.0,0.0,0.0,0.0,954.9890868390557,25469.379888268155,0.0,0.0,nothing,34.0,33000.0,0,23.36751201620473
88be085327fffff,-33.78811157010033,150.97005300294717,0.0,1.0,0.0,0.0,0.0,0.0,0.0,0.0,0.0,4.0,0.0,18.0,0.0,0.0,0.0,0.0,0.0,3045.583690595072,0.0,0.0,0.0,nothing,40.0,33000.0,0,24.351734228068374
88be085329fffff,-33.80488720514932,150.97855315709418,0.0,3.0,0.0,2.0,2.0,1.0,0.0,0.0,3.0,8.0,0.0,16.0,0.0,0.0,1.0,0.0,0.0,22921.641140662676,0.0,0.0,0.0,nothing,40.0,0.0,0,23.007330581441472
88be08532bfffff,-33.803758633473116,150.96769289617114,1.0,1.0,0.0,4.0,3.0,0.0,0.0,0.0,4.0,11.0,0.0,15.0,0.0,3.0,0.0,0.0,0.0,18070.35454767386,20415.4126984127,0.0,0.0,nothing,51.0,0.0,0,24.00643177476993
88be08532dfffff,-33.79762736458793,150.98516215395617,0.0,1.0,0.0,1.0,0.0,0.0,0.0,0.0,1.0,4.0,0.0,7.0,0.0,0.0,0.0,0.0,0.0,75886.09347634809,20583.846689895472,0.0,0.0,nothing,32.0,0.0,0,22.676186663194397
88be085331fffff,-33.80149868632629,150.94597372426875,0.0,0.0,0.0,6.0,0.0,0.0,0.0,0.0,5.0,2.0,0.0,13.0,0.0,0.0,0.0,0.0,0.0,4343.494257454237,0.0,0.0,0.0,nothing,28.0,0.0,0,26.00790278014228
88be085333fffff,-33.80036731118628,150.9351148147938,0.0,0.0,0.0,0.0,0.0,0.0,0.0,0.0,0.0,2.0,0.0,5.0,0.0,0.0,0.0,0.0,0.0,0.0,0.0,0.0,0.0,nothing,9.0,0.0,0,27.010026811737454
88be085335fffff,-33.79424073661002,150.9525849740831,0.0,0.0,0.0,0.0,0.0,0.0,0.0,0.0,0.0,3.0,0.0,8.0,0.0,0.0,0.0,0.0,0.0,0.0,0.0,0.0,0.0,nothing,11.0,0.0,0,25.655327778596018
88be085337fffff,-33.7931099921376,150.94172681450652,0.0,1.0,0.0,0.0,0.0,0.0,0.0,0.0,4.0,3.0,0.0,11.0,0.0,0.0,0.0,0.0,0.0,4532.604682867947,0.0,0.0,0.0,nothing,11.0,0.0,0,26.651404377496686
88be085339fffff,-33.80988731015742,150.950221504739,0.0,0.0,0.0,0.0,0.0,0.0,0.0,0.0,5.0,5.0,0.0,15.0,0.0,0.0,0.0,0.0,0.0,0.0,0.0,0.0,0.0,nothing,21.0,0.0,0,25.388288689237797
88be08533bfffff,-33.808756238612204,150.93936139377684,0.0,0.0,0.0,0.0,0.0,0.0,0.0,0.0,1.0,6.0,0.0,7.0,0.0,0.0,0.0,0.0,0.0,3852.168566696281,9454.0,0.0,0.0,nothing,12.0,0.0,0,26.394542208574798
88be08533dfffff,-33.80262912714371,150.95683308497857,3.0,6.0,0.0,3.0,0.0,0.0,1.0,0.0,9.0,15.0,0.0,13.0,1.0,1.0,0.0,0.0,0.0,20066.262958352876,0.0,0.0,0.0,nothing,69.0,0.0,0,25.006666727918173
88be085341fffff,-33.83731026500758,150.98469885563676,0.0,0.0,0.0,9.0,4.0,0.0,0.0,1.0,2.0,12.0,0.0,26.0,0.0,9.0,0.0,0.0,0.0,20216.867501180983,0.0,2.0,2.0,22 kW,82.0,0.0,1,21.664759990213504
88be085343fffff,-33.83618197771267,150.97383423930066,2.0,0.0,0.0,2.0,0.0,0.0,1.0,0.0,6.0,9.0,0.0,29.0,0.0,0.0,0.0,0.0,0.0,4788.909283484076,0.0,0.0,0.0,nothing,51.0,33000.0,0,22.67796614332275
88be085345fffff,-33.83005012208096,150.99130992243434,0.0,5.0,0.0,3.0,2.0,0.0,0.0,0.0,0.0,15.0,0.0,16.0,0.0,2.0,0.0,0.0,0.0,6398.991956194875,0.0,0.0,0.0,nothing,57.0,0.0,0,21.192879772345744
88be085347fffff,-33.82892246530796,150.98044605850006,0.0,0.0,1.0,3.0,1.0,0.0,0.0,0.0,0.0,7.0,0.0,17.0,0.0,1.0,0.0,0.0,0.0,14244.169926928958,0.0,0.0,0.0,nothing,36.0,0.0,0,22.20444460851023
88be085349fffff,-33.845697991749525,150.98895252465562,0.0,0.0,0.0,1.0,0.0,0.0,0.0,0.0,0.0,1.0,0.0,20.0,0.0,0.0,0.0,0.0,0.0,993.2735898830562,11674.666666666666,0.0,0.0,nothing,32.0,0.0,0,21.159565121155346
88be08534bfffff,-33.844570009958765,150.97808670667192,0.0,0.0,0.0,0.0,0.0,0.0,0.0,0.0,0.0,2.0,0.0,26.0,0.0,0.0,0.0,0.0,0.0,721.8061774570759,0.0,0.0,0.0,nothing,40.0,33000.0,0,22.172760631195942
88be08534dfffff,-33.83843761621646,150.99556392086382,2.0,2.0,0.0,6.0,0.0,0.0,2.0,0.0,11.0,6.0,0.0,20.0,0.0,0.0,0.0,0.0,0.0,21916.190818559393,0.0,0.0,0.0,nothing,81.0,0.0,0,20.651557407252707
88be085351fffff,-33.84231123770427,150.95635641976108,0.0,0.0,0.0,2.0,0.0,0.0,0.0,0.0,2.0,2.0,0.0,5.0,0.0,0.0,0.0,0.0,0.0,661.0607234645652,0.0,0.0,0.0,nothing,15.0,33000.0,0,24.199158844897347
88be085353fffff,-33.84118044757097,150.94549195234086,0.0,0.0,0.0,0.0,0.0,0.0,0.0,0.0,0.0,2.0,0.0,11.0,0.0,0.0,0.0,0.0,0.0,4747.182326589838,0.0,0.0,0.0,nothing,5.0,0.0,0,25.212357166330793
88be085355fffff,-33.83505275449668,150.9629700726089,0.0,0.0,0.0,4.0,0.0,0.0,0.0,0.0,7.0,2.0,0.0,16.0,0.0,0.0,0.0,0.0,0.0,13079.64793132993,0.0,0.0,0.0,nothing,20.0,33000.0,0,23.691173393060247
88be085357fffff,-33.83392259552479,150.95210635631477,0.0,3.0,0.0,4.0,0.0,0.0,0.0,0.0,3.0,3.0,0.0,13.0,0.0,1.0,0.0,0.0,0.0,13933.425673081341,0.0,0.0,0.0,nothing,13.0,0.0,0,24.704379663374034
88be085359fffff,-33.8506998073198,150.9606073548764,0.0,0.0,0.0,1.0,0.0,0.0,0.0,0.0,2.0,2.0,0.0,20.0,0.0,0.0,0.0,0.0,0.0,2343.9477061132625,0.0,6.0,0.0,nothing,22.0,132000.0,1,23.72620941520276
88be08535bfffff,-33.849569321913854,150.94974168503427,0.0,0.0,0.0,0.0,0.0,0.0,0.0,0.0,0.0,16.0,0.0,2.0,0.0,0.0,0.0,0.0,0.0,5739.936194882472,26916.473214285714,10.0,0.0,nothing,20.0,132000.0,1,24.738079539710117
88be08535dfffff,-33.84344109188864,150.96722133812253,0.0,0.0,0.0,0.0,0.0,0.0,0.0,0.0,1.0,4.0,0.0,24.0,0.0,0.0,0.0,0.0,0.0,109.6043002087053,0.0,0.0,0.0,nothing,30.0,33000.0,0,23.185959331839843
88be085361fffff,-33.814402247876735,150.9936664513209,4.0,2.0,0.0,4.0,1.0,0.0,0.0,1.0,16.0,17.0,0.0,16.0,0.0,1.0,0.0,0.0,0.0,24287.117227118244,10476.933333333332,8.0,16.0,"22 kW, kW",37.0,0.0,1,21.369820610309752
88be085363fffff,-33.81327491604639,150.98280454077062,2.0,0.0,1.0,2.0,2.0,0.0,1.0,0.0,11.0,24.0,0.0,14.0,0.0,0.0,0.0,0.0,0.0,4350.826031930924,8568.847692307692,0.0,0.0,nothing,60.0,0.0,0,22.373275018545936
88be085365fffff,-33.80714154388251,151.00027502512148,4.0,5.0,0.0,18.0,2.0,1.0,5.0,1.0,45.0,34.0,0.0,16.0,0.0,5.0,0.0,0.0,0.0,80841.66332644015,12214.777777777777,7.0,7.0,kW,107.0,0.0,1,21.013185293577248
88be085367fffff,-33.80601484200736,150.9894138669952,4.0,6.0,0.0,22.0,1.0,0.0,3.0,0.0,36.0,22.0,0.0,11.0,1.0,2.0,2.0,0.0,0.0,113186.63030756118,0.0,0.0,0.0,nothing,85.0,0.0,0,22.009519725052073
88be085369fffff,-33.82278958169508,150.99791990715426,0.0,2.0,0.0,1.0,0.0,0.0,0.0,0.0,0.0,8.0,0.0,18.0,0.0,0.0,0.0,0.0,0.0,3110.3542803250753,0.0,0.0,0.0,nothing,62.0,0.0,0,20.759584018050617
88be08536bfffff,-33.821662555190606,150.9870567958103,2.0,0.0,0.0,1.0,1.0,0.0,0.0,0.0,3.0,11.0,0.0,13.0,0.0,1.0,0.0,0.0,0.0,1100.4240332850802,5912.333333333333,0.0,0.0,nothing,43.0,0.0,0,21.76764521089599
88be08536dfffff,-33.81552864436612,151.00452880988627,22.0,48.0,1.0,166.0,23.0,1.0,30.0,5.0,97.0,257.0,0.0,36.0,9.0,18.0,5.0,0.0,0.0,40485.008479562006,5540.777777777777,9.0,10.0,"22 kW, kW",280.0,0.0,1,20.367336189419817
88be085401fffff,-33.84619210871285,150.69091265105075,0.0,0.0,0.0,0.0,0.0,0.0,0.0,0.0,0.0,0.0,0.0,2.0,0.0,0.0,0.0,0.0,0.0,0.0,0.0,0.0,0.0,nothing,12.0,0.0,0,48.67602042957528
88be085407fffff,-33.83779593028899,150.68669044133674,0.0,0.0,0.0,0.0,0.0,0.0,1.0,0.0,0.0,0.0,0.0,0.0,0.0,0.0,0.0,0.0,0.0,0.0,0.0,0.0,0.0,nothing,1.0,33000.0,0,49.11732356351536
88be085409fffff,-33.85458822032364,150.69513572949288,0.0,0.0,0.0,0.0,0.0,0.0,0.0,0.0,0.0,0.0,0.0,0.0,0.0,0.0,0.0,0.0,0.0,0.0,0.0,0.0,0.0,nothing,4.0,0.0,0,48.251819539224805
88be085413fffff,-33.84996827739449,150.6517044756565,0.0,0.0,0.0,0.0,0.0,0.0,0.0,0.0,0.0,0.0,0.0,3.0,0.0,0.0,0.0,0.0,0.0,0.0,3118.1111111111113,0.0,0.0,nothing,0.0,0.0,0,52.285002429673284
88be085421fffff,-33.82331012031196,150.6999574110827,0.0,0.0,0.0,0.0,0.0,0.0,0.0,0.0,0.0,0.0,0.0,0.0,0.0,0.0,0.0,0.0,0.0,811.6526113017368,0.0,0.0,0.0,nothing,0.0,0.0,0,48.02418523945158
88be085423fffff,-33.82215721370812,150.68910278438878,0.0,0.0,0.0,0.0,0.0,0.0,0.0,0.0,0.0,0.0,0.0,2.0,0.0,0.0,0.0,0.0,0.0,11608.11777364742,0.0,0.0,0.0,nothing,12.0,33000.0,0,49.03679681320048
88be085427fffff,-33.81491433630452,150.69573539128535,0.0,0.0,0.0,0.0,0.0,0.0,0.0,0.0,0.0,3.0,0.0,2.0,0.0,0.0,0.0,0.0,0.0,19730.541870337245,0.0,0.0,0.0,nothing,9.0,33000.0,0,48.5134198280012
88be08542bfffff,-33.83055322821217,150.69332446503105,0.0,0.0,0.0,0.0,0.0,0.0,0.0,0.0,0.0,0.0,0.0,0.0,0.0,0.0,0.0,0.0,0.0,956.4547005264328,0.0,0.0,0.0,nothing,0.0,0.0,0,48.56330539910952
88be08543dfffff,-33.82939968555235,150.68246910012866,0.0,0.0,0.0,0.0,0.0,0.0,0.0,0.0,0.0,0.0,0.0,2.0,0.0,0.0,0.0,0.0,0.0,0.0,0.0,0.0,0.0,nothing,8.0,33000.0,0,49.575271552390134
88be085441fffff,-33.86413662011909,150.71021987415315,0.0,0.0,0.0,0.0,0.0,0.0,0.0,0.0,0.0,0.0,0.0,0.0,0.0,0.0,0.0,0.0,0.0,0.0,0.0,3.0,0.0,nothing,0.0,330000.0,1,46.83950924413753
88be085443fffff,-33.86298426462103,150.69935967688536,0.0,0.0,0.0,0.0,0.0,0.0,0.0,0.0,0.0,1.0,0.0,2.0,0.0,0.0,0.0,0.0,0.0,0.0,5881.666666666667,0.0,0.0,nothing,15.0,0.0,0,47.84517648093249
88be085445fffff,-33.85689259225426,150.71685417609606,0.0,0.0,0.0,0.0,0.0,0.0,0.0,0.0,0.0,0.0,0.0,0.0,0.0,0.0,0.0,0.0,0.0,4893.692718150547,0.0,0.0,0.0,nothing,0.0,0.0,0,46.23635331022482
88be085447fffff,-33.85574087305941,150.70599471844537,0.0,0.0,0.0,0.0,0.0,0.0,0.0,0.0,0.0,0.0,0.0,0.0,0.0,0.0,0.0,0.0,0.0,0.0,0.0,2.0,0.0,nothing,0.0,330000.0,1,47.24398171844514
88be085449fffff,-33.87253229906677,150.7144458991829,0.0,0.0,0.0,0.0,0.0,0.0,0.0,0.0,0.0,0.0,0.0,0.0,0.0,0.0,0.0,0.0,0.0,3996.3776780999274,0.0,1.0,0.0,nothing,0.0,330000.0,1,46.45347421430745
88be08544bfffff,-33.87138024110464,150.70358449345053,0.0,0.0,0.0,0.0,0.0,0.0,0.0,0.0,0.0,5.0,0.0,0.0,0.0,0.0,0.0,0.0,0.0,0.0,0.0,0.0,0.0,nothing,0.0,0.0,0,47.45654329890684
88be08544dfffff,-33.86528804171626,150.7210805399159,0.0,0.0,0.0,0.0,0.0,0.0,0.0,0.0,0.0,1.0,0.0,0.0,0.0,0.0,0.0,0.0,0.0,5291.268174365965,0.0,0.0,0.0,nothing,0.0,0.0,0,45.834149235781496
88be085459fffff,-33.87746982583899,150.68608635798435,0.0,1.0,0.0,1.0,0.0,2.0,0.0,0.0,3.0,4.0,0.0,2.0,0.0,0.0,0.0,0.0,0.0,10407.507483334717,0.0,0.0,0.0,nothing,5.0,0.0,0,49.087969875329215
88be085461fffff,-33.841252870605025,150.7192615662093,0.0,0.0,0.0,0.0,0.0,0.0,0.0,0.0,0.0,0.0,0.0,0.0,0.0,0.0,0.0,0.0,0.0,0.0,0.0,2.0,0.0,nothing,0.0,330000.0,1,46.08463369699776
88be085465fffff,-33.834008260742,150.72589337258356,0.0,0.0,0.0,0.0,0.0,0.0,0.0,0.0,0.0,0.0,0.0,0.0,0.0,0.0,0.0,0.0,0.0,0.0,0.0,1.0,0.0,nothing,0.0,330000.0,1,45.52757733905152
88be085469fffff,-33.84964815802504,150.72348739936442,0.0,0.0,0.0,0.0,0.0,0.0,0.0,0.0,0.0,0.0,0.0,0.0,0.0,0.0,0.0,0.0,0.0,0.0,0.0,1.0,0.0,nothing,0.0,330000.0,1,45.64762605485559
88be08546bfffff,-33.84849707488245,150.71262868152496,0.0,0.0,0.0,0.0,0.0,0.0,0.0,0.0,0.0,0.0,0.0,0.0,0.0,0.0,0.0,0.0,0.0,0.0,0.0,2.0,0.0,nothing,0.0,330000.0,1,46.656953528084784
88be08546dfffff,-33.84240331794634,150.7301195440435,0.0,0.0,0.0,0.0,0.0,0.0,0.0,0.0,0.0,0.0,0.0,0.0,0.0,0.0,0.0,0.0,0.0,0.0,0.0,1.0,0.0,nothing,0.0,330000.0,1,45.07389328471309
88be08548dfffff,-33.83925482345561,150.62577585521294,0.0,0.0,0.0,0.0,0.0,0.0,0.0,0.0,0.0,1.0,0.0,0.0,0.0,0.0,0.0,0.0,0.0,3148.904288696645,0.0,0.0,0.0,nothing,0.0,0.0,0,54.73589974045769
88be085491fffff,-33.84301038594377,150.58657178320797,0.0,0.0,0.0,0.0,0.0,0.0,0.0,0.0,0.0,1.0,0.0,0.0,0.0,0.0,0.0,0.0,0.0,0.0,0.0,0.0,0.0,nothing,0.0,0.0,0,58.339125557301415
88be085493fffff,-33.841847475592566,150.57571799937287,0.0,0.0,0.0,0.0,0.0,0.0,0.0,0.0,0.0,5.0,0.0,0.0,0.0,0.0,0.0,0.0,0.0,1197.2267670122117,0.0,0.0,0.0,nothing,0.0,0.0,0,59.34854683063177
88be0854a1fffff,-33.815220205962994,150.62398491011714,0.0,0.0,0.0,0.0,0.0,0.0,0.0,0.0,0.0,3.0,0.0,0.0,0.0,0.0,0.0,0.0,0.0,0.0,0.0,0.0,0.0,nothing,0.0,0.0,0,55.11240256966378
88be0854a5fffff,-33.80798114735146,150.63062193595974,0.0,0.0,0.0,0.0,0.0,0.0,0.0,0.0,0.0,2.0,0.0,0.0,0.0,0.0,0.0,0.0,0.0,0.0,0.0,0.0,0.0,nothing,0.0,0.0,0,54.59079632396676
88be0854abfffff,-33.82245885751272,150.61734680808107,0.0,1.0,0.0,0.0,0.0,0.0,0.0,0.0,0.0,2.0,0.0,0.0,0.0,0.0,0.0,0.0,0.0,0.0,0.0,0.0,0.0,nothing,0.0,0.0,0,55.647489320938554
88be0854adfffff,-33.816378702600524,150.63483670852978,0.0,0.0,0.0,0.0,0.0,0.0,0.0,0.0,0.0,0.0,0.0,0.0,0.0,0.0,0.0,0.0,0.0,0.0,0.0,1.0,0.0,nothing,0.0,132000.0,1,54.09981330284673
88be0854b1fffff,-33.820137796263566,150.5956431657782,0.0,0.0,0.0,0.0,0.0,0.0,0.0,0.0,0.0,1.0,0.0,0.0,0.0,0.0,0.0,0.0,0.0,0.0,0.0,0.0,0.0,nothing,0.0,0.0,0,57.671674462529374
88be0854c3fffff,-33.85489164129554,150.62335147684527,0.0,0.0,0.0,0.0,0.0,0.0,0.0,0.0,0.0,0.0,0.0,0.0,0.0,0.0,0.0,0.0,0.0,0.0,0.0,3.0,0.0,nothing,0.0,132000.0,1,54.89194924720677
88be0854c7fffff,-33.8476527091407,150.62999168041065,0.0,0.0,0.0,0.0,0.0,0.0,0.0,0.0,0.0,0.0,0.0,0.0,0.0,0.0,0.0,0.0,0.0,0.0,0.0,2.0,0.0,nothing,0.0,132000.0,1,54.30253621585913
88be0854c9fffff,-33.86444828343745,150.63842593518154,0.0,1.0,0.0,2.0,0.0,0.0,0.0,0.0,1.0,6.0,0.0,6.0,0.0,1.0,0.0,0.0,0.0,2654.017107161546,3967.3333333333335,0.0,0.0,nothing,3.0,0.0,0,53.48249247815642
88be0854cbfffff,-33.86328969044595,150.6275678284871,0.0,0.0,0.0,0.0,0.0,0.0,0.0,0.0,0.0,0.0,0.0,2.0,0.0,0.0,0.0,0.0,0.0,0.0,0.0,1.0,0.0,nothing,0.0,132000.0,1,54.48787880244383
88be0854ddfffff,-33.86213016456683,150.6167101960809,0.0,0.0,0.0,0.0,0.0,0.0,0.0,0.0,0.0,3.0,0.0,0.0,0.0,0.0,0.0,0.0,0.0,1991.604385579391,0.0,0.0,0.0,nothing,0.0,0.0,0,55.493521874454814
88be0854e3fffff,-33.832015712387715,150.63241464026365,0.0,0.0,0.0,0.0,0.0,0.0,0.0,0.0,0.0,0.0,0.0,0.0,0.0,0.0,0.0,0.0,0.0,0.0,0.0,2.0,0.0,nothing,0.0,132000.0,1,54.17304761852169
88be0854e5fffff,-33.825933464519515,150.6499058287505,0.0,0.0,0.0,0.0,0.0,0.0,0.0,0.0,0.0,0.0,0.0,1.0,0.0,0.0,0.0,0.0,0.0,0.0,0.0,0.0,0.0,nothing,0.0,0.0,0,52.61130331699652
88be0854e7fffff,-33.824776193729456,150.63905234856227,0.0,0.0,0.0,0.0,0.0,0.0,0.0,0.0,0.0,0.0,0.0,0.0,0.0,0.0,0.0,0.0,0.0,0.0,0.0,3.0,0.0,nothing,0.0,132000.0,1,53.623350815795874
88be0854e9fffff,-33.84157098162659,150.64748623190337,0.0,1.0,0.0,2.0,0.0,0.0,0.0,0.0,1.0,3.0,0.0,6.0,0.0,1.0,0.0,0.0,0.0,1735.5193861326793,0.0,0.0,0.0,nothing,4.0,0.0,0,52.71555296712237
88be0854ebfffff,-33.84041336861675,150.63663080686075,0.0,0.0,0.0,0.0,0.0,0.0,0.0,0.0,0.0,0.0,0.0,0.0,0.0,0.0,0.0,0.0,0.0,0.0,0.0,2.0,0.0,nothing,0.0,132000.0,1,53.72568336095739
88be0854edfffff,-33.83433059612545,150.654123545143,0.0,0.0,0.0,0.0,0.0,0.0,0.0,0.0,1.0,0.0,0.0,2.0,0.0,0.0,0.0,0.0,0.0,1082.7963672893866,0.0,0.0,0.0,nothing,4.0,0.0,0,52.15059965588752
88be085501fffff,-33.79548307414587,150.7373305590574,0.0,0.0,0.0,0.0,0.0,0.0,0.0,0.0,0.0,0.0,0.0,0.0,0.0,0.0,0.0,0.0,0.0,1161.9604727891392,0.0,0.0,0.0,nothing,0.0,0.0,0,45.01508138978879
88be085507fffff,-33.78708851147801,150.73310597967256,0.0,0.0,0.0,0.0,0.0,0.0,0.0,0.0,0.0,2.0,0.0,0.0,0.0,0.0,0.0,0.0,0.0,0.0,0.0,0.0,0.0,nothing,0.0,0.0,0,45.57006761757108
88be085509fffff,-33.80387757141616,150.741556006659,0.0,0.0,0.0,0.0,0.0,0.0,0.0,0.0,0.0,0.0,0.0,0.0,0.0,0.0,0.0,0.0,0.0,0.0,0.0,3.0,0.0,nothing,0.0,330000.0,1,44.47610151663029
88be08550bfffff,-33.80272843505494,150.73070266225724,0.0,0.0,0.0,0.0,0.0,0.0,0.0,0.0,0.0,0.0,0.0,0.0,0.0,0.0,0.0,0.0,0.0,0.0,0.0,3.0,0.0,nothing,0.0,330000.0,1,45.48871330668964
88be085511fffff,-33.8004273668782,150.70899737332672,0.0,1.0,0.0,0.0,0.0,0.0,0.0,0.0,0.0,2.0,0.0,0.0,0.0,0.0,0.0,0.0,0.0,935.7388745191845,0.0,3.0,0.0,nothing,1.0,330000.0,1,47.513942024501155
88be085513fffff,-33.79927543540342,150.6981454302951,0.0,1.0,0.0,0.0,0.0,0.0,0.0,0.0,0.0,5.0,0.0,1.0,0.0,0.0,0.0,0.0,0.0,0.0,0.0,3.0,0.0,nothing,2.0,330000.0,1,48.52655656711318
88be085515fffff,-33.79318327588505,150.71562674864123,0.0,0.0,0.0,0.0,0.0,0.0,0.0,0.0,0.0,0.0,0.0,2.0,0.0,0.0,0.0,0.0,0.0,0.0,0.0,0.0,0.0,nothing,0.0,0.0,0,47.03884653088387
88be085517fffff,-33.79203197965209,150.70477554404872,0.0,0.0,0.0,1.0,0.0,0.0,0.0,0.0,0.0,1.0,0.0,1.0,0.0,0.0,0.0,0.0,0.0,18708.985775569246,0.0,0.0,0.0,nothing,15.0,33000.0,0,48.05077627658747
88be08551dfffff,-33.801578366818866,150.71984978423026,0.0,0.0,0.0,0.0,0.0,0.0,0.0,0.0,0.0,0.0,0.0,0.0,0.0,0.0,0.0,0.0,0.0,0.0,0.0,4.0,0.0,nothing,0.0,330000.0,1,46.501327223416254
88be085521fffff,-33.77259704519963,150.7463578665851,0.0,0.0,0.0,0.0,0.0,0.0,0.0,0.0,0.0,1.0,0.0,19.0,0.0,0.0,0.0,0.0,0.0,18838.48156565932,0.0,0.0,0.0,nothing,23.0,0.0,0,44.71093713914702
88be085523fffff,-33.77144858396347,150.73550841278015,0.0,0.0,0.0,1.0,0.0,0.0,1.0,0.0,11.0,7.0,0.0,25.0,0.0,0.0,0.0,0.0,0.0,24897.744565189154,0.0,1.0,2.0,22 kW,84.0,0.0,1,45.718231914596835
88be085525fffff,-33.76535070924618,150.7529821945561,1.0,0.0,0.0,0.0,0.0,0.0,0.0,0.0,0.0,11.0,0.0,6.0,0.0,0.0,1.0,0.0,0.0,20900.17886796199,0.0,0.0,0.0,nothing,25.0,0.0,0,44.30974622390423
88be085527fffff,-33.76420288205846,150.74213348050876,0.0,1.0,0.0,0.0,0.0,0.0,1.0,0.0,4.0,3.0,0.0,3.0,0.0,0.0,0.0,0.0,0.0,61381.69145189635,0.0,0.0,0.0,nothing,47.0,0.0,0,45.314613725264664
88be085529fffff,-33.78099114384804,150.75058312051,0.0,0.0,0.0,0.0,0.0,0.0,0.0,0.0,0.0,9.0,0.0,6.0,0.0,0.0,0.0,0.0,0.0,6276.350104075458,0.0,0.0,0.0,nothing,53.0,0.0,0,44.122115270609754
88be08552bfffff,-33.77984297944855,150.73973246165238,0.0,0.0,0.0,0.0,0.0,0.0,0.0,0.0,0.0,11.0,0.0,3.0,0.0,0.0,0.0,0.0,0.0,1850.1890550873986,0.0,0.0,0.0,nothing,18.0,0.0,0,45.13122048388987
88be08552dfffff,-33.7737445754892,150.75720778533338,0.0,0.0,0.0,0.0,0.0,0.0,0.0,0.0,0.0,3.0,0.0,3.0,0.0,0.0,0.0,0.0,0.0,7780.109804804079,0.0,2.0,0.0,nothing,10.0,500000.0,1,43.70389131998876
88be085531fffff,-33.77754385741085,150.71803254114948,0.0,0.0,0.0,0.0,3.0,1.0,0.0,0.0,0.0,14.0,0.0,6.0,0.0,0.0,0.0,0.0,0.0,18099.66198179587,0.0,0.0,0.0,nothing,13.0,0.0,0,47.14988831960389
88be085533fffff,-33.77639290011282,150.70718328100045,0.0,0.0,0.0,1.0,0.0,0.0,1.0,0.0,0.0,2.0,0.0,14.0,0.0,0.0,0.0,0.0,0.0,11171.951967451405,0.0,0.0,0.0,nothing,31.0,33000.0,0,48.15942958614956
88be085535fffff,-33.77029919195054,150.7246594246666,1.0,0.0,0.0,2.0,0.0,0.0,0.0,1.0,25.0,28.0,0.0,14.0,3.0,0.0,0.0,0.0,0.0,45885.08589146483,0.0,0.0,0.0,nothing,60.0,0.0,0,46.72575842506623
88be085537fffff,-33.76914886933087,150.71381090299246,0.0,0.0,0.0,0.0,0.0,0.0,0.0,0.0,2.0,2.0,0.0,15.0,0.0,0.0,0.0,0.0,0.0,4871.202361712374,0.0,0.0,0.0,nothing,25.0,0.0,0,47.73350089542078
88be085539fffff,-33.78593878139164,150.72225504693156,0.0,0.0,0.0,0.0,0.0,0.0,0.0,0.0,0.0,3.0,0.0,3.0,0.0,0.0,0.0,0.0,0.0,1769.771197242385,0.0,0.0,0.0,nothing,2.0,0.0,0,46.58085656170845
88be08553bfffff,-33.784788120149635,150.71140458097184,0.0,0.0,0.0,1.0,0.0,0.0,0.0,0.0,0.0,26.0,0.0,3.0,0.0,1.0,0.0,0.0,0.0,16257.39483974063,0.0,0.0,0.0,nothing,17.0,33000.0,0,47.59172386782117
88be08553dfffff,-33.77869388391283,150.72888226828283,0.0,1.0,0.0,2.0,0.0,0.0,0.0,0.0,4.0,4.0,0.0,2.0,0.0,1.0,0.0,0.0,0.0,3131.5169840629833,0.0,0.0,0.0,nothing,22.0,0.0,0,46.140481880953445
88be085541fffff,-33.81341990943576,150.75663733857604,0.0,0.0,0.0,0.0,0.0,0.0,0.0,0.0,0.0,0.0,0.0,0.0,0.0,0.0,0.0,0.0,0.0,0.0,0.0,5.0,0.0,nothing,0.0,500000.0,1,42.940702393983855
88be085543fffff,-33.812272002788575,150.7457823226991,0.0,0.0,0.0,0.0,0.0,0.0,0.0,0.0,0.0,0.0,0.0,0.0,0.0,0.0,0.0,0.0,0.0,9323.088762847769,0.0,1.0,0.0,nothing,0.0,330000.0,1,43.95371760568004
88be085545fffff,-33.80617304783416,150.7632640915912,0.0,0.0,0.0,0.0,0.0,1.0,0.0,0.0,1.0,0.0,0.0,0.0,0.0,0.0,0.0,0.0,0.0,15195.950559138244,0.0,4.0,0.0,nothing,0.0,500000.0,1,42.450889854308315
88be085547fffff,-33.805025775732496,150.7524098166867,0.0,0.0,0.0,0.0,0.0,0.0,0.0,0.0,0.0,0.0,0.0,0.0,0.0,0.0,0.0,0.0,0.0,0.0,0.0,3.0,0.0,nothing,0.0,330000.0,1,43.463493206606756
88be085549fffff,-33.82181397644275,150.76086572927386,0.0,0.0,0.0,0.0,0.0,0.0,0.0,0.0,0.0,6.0,1.0,0.0,0.0,0.0,0.0,0.0,0.0,0.0,0.0,2.0,0.0,nothing,0.0,500000.0,1,42.43550822848933
88be08554bfffff,-33.82066636776279,150.75000950739937,0.0,0.0,0.0,0.0,0.0,0.0,0.0,0.0,0.0,0.0,0.0,0.0,0.0,0.0,0.0,0.0,0.0,0.0,0.0,3.0,0.0,nothing,0.0,330000.0,1,43.44852904039206
88be08554dfffff,-33.81456688350875,150.76749281912575,0.0,0.0,0.0,0.0,0.0,0.0,0.0,0.0,0.0,0.0,0.0,0.0,0.0,0.0,0.0,0.0,0.0,0.0,0.0,8.0,0.0,nothing,0.0,500000.0,1,41.927673225023526
88be085561fffff,-33.790532113102934,150.76566157109914,0.0,0.0,0.0,0.0,0.0,0.0,0.0,0.0,0.0,3.0,0.0,4.0,0.0,0.0,0.0,0.0,0.0,4828.587399267521,0.0,0.0,0.0,nothing,5.0,0.0,0,42.53823914897176
88be085563fffff,-33.78938517750346,150.75480924250493,0.0,0.0,0.0,0.0,0.0,0.0,0.0,0.0,0.0,0.0,0.0,0.0,0.0,0.0,0.0,0.0,0.0,0.0,0.0,2.0,0.0,nothing,0.0,500000.0,1,43.548751464182075
88be085565fffff,-33.783284678559525,150.77228583169554,0.0,1.0,0.0,2.0,0.0,0.0,0.0,0.0,0.0,31.0,0.0,8.0,3.0,0.0,0.0,0.0,0.0,23012.56114554044,0.0,0.0,0.0,nothing,21.0,0.0,0,42.10442327203593
88be085567fffff,-33.78213837694154,150.76143424410722,0.0,0.0,0.0,0.0,0.0,0.0,0.0,0.0,0.0,2.0,0.0,1.0,0.0,0.0,0.0,0.0,0.0,8027.239802656181,35298.77777777778,3.0,0.0,nothing,5.0,500000.0,1,43.11317842012983
88be085569fffff,-33.79892578347305,150.76988976653064,0.0,0.0,0.0,0.0,0.0,0.0,0.0,0.0,0.0,5.0,0.0,6.0,0.0,0.0,0.0,0.0,0.0,2894.0376677466024,0.0,0.0,0.0,nothing,7.0,0.0,0,41.97972241294683
88be08556bfffff,-33.79777914566561,150.7590362327915,0.0,0.0,0.0,0.0,0.0,0.0,0.0,0.0,0.0,0.0,0.0,0.0,0.0,0.0,0.0,0.0,0.0,0.0,0.0,2.0,0.0,nothing,0.0,500000.0,1,42.99146499717632
88be08556dfffff,-33.79167811686753,150.77651436348026,0.0,0.0,0.0,4.0,2.0,0.0,0.0,0.0,1.0,22.0,0.0,12.0,0.0,0.0,0.0,0.0,0.0,11117.203933874453,0.0,0.0,0.0,nothing,33.0,0.0,0,41.52783513628042
88be085581fffff,-33.78741748468526,150.66137541390432,0.0,0.0,0.0,0.0,0.0,0.0,0.0,0.0,0.0,0.0,0.0,10.0,0.0,0.0,0.0,0.0,0.0,0.0,0.0,3.0,0.0,nothing,10.0,330000.0,1,52.09874327340398
88be085583fffff,-33.786261534290354,150.65052655716318,0.0,0.0,0.0,0.0,0.0,0.0,0.0,0.0,0.0,0.0,0.0,2.0,0.0,0.0,0.0,0.0,0.0,0.0,0.0,7.0,0.0,nothing,0.0,330000.0,1,53.110784911733376
88be085585fffff,-33.780176167036096,150.66800739990472,0.0,0.0,0.0,0.0,0.0,0.0,1.0,0.0,1.0,1.0,0.0,16.0,0.0,0.0,0.0,0.0,0.0,5490.710706214546,0.0,0.0,0.0,nothing,26.0,0.0,0,51.63586416316755
88be085587fffff,-33.779020852576046,150.6571592790689,0.0,0.0,0.0,0.0,0.0,0.0,0.0,0.0,0.0,1.0,0.0,0.0,0.0,0.0,0.0,0.0,0.0,0.0,0.0,3.0,0.0,nothing,1.0,132000.0,1,52.6470426135728
88be085589fffff,-33.795814053482665,150.66559241591372,0.0,0.0,0.0,0.0,0.0,0.0,0.0,0.0,0.0,0.0,0.0,4.0,0.0,0.0,0.0,0.0,0.0,0.0,0.0,1.0,0.0,nothing,2.0,330000.0,1,51.56438850285616
88be08558bfffff,-33.794658397580825,150.65474235185067,0.0,2.0,0.0,0.0,0.0,0.0,0.0,0.0,0.0,0.0,0.0,2.0,0.0,0.0,0.0,0.0,0.0,0.0,0.0,1.0,0.0,nothing,0.0,330000.0,1,52.576992241502914
88be08558dfffff,-33.78857250459023,150.67222474171098,0.0,4.0,0.0,7.0,1.0,0.0,1.0,0.0,6.0,19.0,0.0,13.0,0.0,1.0,0.0,0.0,0.0,36618.61369336415,0.0,2.0,0.0,nothing,50.0,330000.0,1,51.086719355799374
88be085595fffff,-33.78510465357717,150.63967817223465,0.0,0.0,0.0,0.0,0.0,0.0,0.0,0.0,0.0,3.0,0.0,0.0,0.0,0.0,0.0,0.0,0.0,634.9030324404506,0.0,0.0,0.0,nothing,0.0,0.0,0,54.122842280918235
88be085597fffff,-33.78394684271763,150.6288302598658,0.0,0.0,0.0,0.0,0.0,0.0,0.0,0.0,0.0,6.0,0.0,0.0,0.0,0.0,0.0,0.0,0.0,160.22449194562859,0.0,0.0,0.0,nothing,0.0,0.0,0,55.13491353345958
88be08559dfffff,-33.79350181100069,150.643892759399,0.0,0.0,0.0,0.0,0.0,0.0,0.0,0.0,0.0,0.0,0.0,0.0,0.0,0.0,0.0,0.0,0.0,0.0,0.0,3.0,0.0,nothing,0.0,132000.0,1,53.589591183272766
88be0855a1fffff,-33.76453827619359,150.67042149564088,0.0,1.0,0.0,2.0,0.0,0.0,1.0,0.0,12.0,27.0,0.0,0.0,0.0,0.0,0.0,0.0,0.0,12365.831305207581,0.0,3.0,0.0,nothing,2.0,132000.0,1,51.76635764194011
88be0855a3fffff,-33.76338330309878,150.65957531737538,5.0,0.0,0.0,11.0,0.0,0.0,0.0,0.0,0.0,9.0,0.0,4.0,0.0,0.0,0.0,0.0,0.0,24589.268244590377,0.0,0.0,0.0,nothing,10.0,0.0,0,52.774984426906975
88be0855a5fffff,-33.75729638255456,150.67705099047535,0.0,0.0,0.0,0.0,0.0,0.0,0.0,13.0,1.0,65.0,0.0,2.0,0.0,0.0,0.0,0.0,0.0,32647.76893076612,0.0,3.0,0.0,nothing,4.0,132000.0,1,51.3502183334532
88be0855a7fffff,-33.75614204483173,150.66620554815336,0.0,1.0,0.0,6.0,0.0,0.0,0.0,1.0,2.0,9.0,0.0,3.0,0.0,0.0,0.0,0.0,0.0,1762.2734742276664,0.0,0.0,0.0,nothing,10.0,0.0,0,52.357045651499334
88be0855a9fffff,-33.772934445147904,150.67463830993597,1.0,7.0,0.0,6.0,2.0,0.0,0.0,0.0,5.0,62.0,0.0,5.0,0.0,1.0,0.0,0.0,0.0,56918.0269776518,28452.0,3.0,5.0,22 kW,68.0,0.0,1,51.188772227126044
88be0855abfffff,-33.771779766372276,150.66379092520012,0.0,1.0,0.0,0.0,0.0,0.0,0.0,0.0,1.0,8.0,0.0,7.0,0.0,0.0,0.0,0.0,0.0,38459.56054448143,25349.30875576037,3.0,0.0,nothing,14.0,132000.0,1,52.19876614223352
88be0855adfffff,-33.76569231953526,150.68126814408237,0.0,0.0,0.0,5.0,0.0,0.0,0.0,0.0,2.0,45.0,0.0,7.0,0.0,0.0,0.0,0.0,0.0,58142.0039630102,0.0,1.0,1.0,kW,33.0,0.0,1,50.75788500633713
88be0855b1fffff,-33.76946761916775,150.64209756863914,1.0,0.0,0.0,0.0,0.0,0.0,0.0,0.0,4.0,4.0,0.0,5.0,0.0,0.0,0.0,0.0,0.0,6458.581172099414,0.0,5.0,0.0,nothing,0.0,330000.0,1,54.219031874004486
88be0855b3fffff,-33.76831015108221,150.6312515983075,0.0,3.0,0.0,0.0,0.0,0.0,1.0,0.0,2.0,1.0,0.0,3.0,0.0,0.0,0.0,0.0,0.0,4832.747314926238,0.0,0.0,0.0,nothing,36.0,0.0,0,55.229291569768996
88be0855b5fffff,-33.762227400422226,150.64872961003258,0.0,0.0,0.0,1.0,0.0,0.0,0.0,0.0,1.0,13.0,0.0,1.0,0.0,0.0,0.0,0.0,0.0,14690.280608919156,0.0,0.0,0.0,nothing,12.0,0.0,0,53.78375568862835
88be0855b7fffff,-33.76107056833556,150.637884374359,0.0,0.0,0.0,0.0,0.0,0.0,0.0,0.0,1.0,7.0,0.0,1.0,0.0,0.0,0.0,0.0,0.0,10520.660629542785,0.0,3.0,0.0,nothing,1.0,330000.0,1,54.79266246188206
88be0855b9fffff,-33.777864607986004,150.64631162949993,0.0,0.0,0.0,0.0,0.0,0.0,0.0,0.0,0.0,0.0,0.0,0.0,0.0,0.0,0.0,0.0,0.0,0.0,0.0,3.0,0.0,nothing,1.0,330000.0,1,53.658269931028705
88be0855bbfffff,-33.7767074334377,150.63546445194478,0.0,0.0,0.0,0.0,0.0,0.0,0.0,0.0,2.0,3.0,0.0,0.0,0.0,0.0,0.0,0.0,0.0,6657.459073933838,0.0,0.0,0.0,nothing,8.0,0.0,0,54.669542416130156
88be0855bdfffff,-33.77062415765504,150.65294401118555,0.0,0.0,0.0,0.0,0.0,0.0,0.0,0.0,0.0,1.0,0.0,0.0,0.0,0.0,0.0,0.0,0.0,0.0,0.0,0.0,0.0,nothing,2.0,0.0,0,53.20885478733214
88be0855c1fffff,-33.80536498836914,150.68066202751555,0.0,0.0,1.0,2.0,0.0,0.0,0.0,0.0,2.0,19.0,0.0,6.0,0.0,0.0,0.0,0.0,0.0,3811.5925966328937,0.0,0.0,0.0,nothing,49.0,0.0,0,50.03150469789719
88be0855c3fffff,-33.804210558468206,150.6698102853189,1.0,0.0,0.0,0.0,0.0,0.0,0.0,0.0,2.0,2.0,0.0,0.0,0.0,0.0,0.0,0.0,0.0,0.0,0.0,0.0,0.0,nothing,7.0,0.0,0,51.04441691626549
88be0855c5fffff,-33.79812257256525,150.68729395588372,0.0,2.0,0.0,3.0,0.0,5.0,0.0,0.0,2.0,2.0,0.0,17.0,0.0,0.0,0.0,0.0,0.0,3175.8188941336293,0.0,3.0,0.0,nothing,44.0,330000.0,1,49.53916979773281
88be0855c7fffff,-33.79696877853461,150.67644295084062,0.0,0.0,0.0,0.0,0.0,2.0,0.0,0.0,0.0,2.0,0.0,14.0,0.0,0.0,0.0,0.0,0.0,2311.0673093434716,0.0,3.0,0.0,nothing,13.0,330000.0,1,50.5517807432065
88be0855c9fffff,-33.81376113359371,150.6848819719576,0.0,0.0,0.0,0.0,0.0,0.0,0.0,0.0,0.0,0.0,0.0,0.0,0.0,0.0,0.0,0.0,0.0,0.0,0.0,0.0,0.0,nothing,1.0,33000.0,0,49.52635400830558
88be0855cbfffff,-33.812606999141764,150.67402902234178,0.0,0.0,0.0,0.0,0.0,0.0,0.0,0.0,0.0,0.0,0.0,0.0,0.0,0.0,0.0,0.0,0.0,0.0,0.0,0.0,0.0,nothing,1.0,0.0,0,50.539273140336356
88be0855cdfffff,-33.80651848688887,150.69151423962634,0.0,0.0,0.0,0.0,0.0,0.0,3.0,0.0,1.0,0.0,0.0,6.0,0.0,0.0,0.0,0.0,0.0,0.0,0.0,0.0,0.0,nothing,68.0,33000.0,0,49.01857727666536
88be0855d1fffff,-33.81029593569978,150.65232453523868,0.0,0.0,0.0,0.0,0.0,0.0,0.0,0.0,0.0,0.0,0.0,2.0,0.0,0.0,0.0,0.0,0.0,0.0,0.0,0.0,0.0,nothing,0.0,0.0,0,52.565065672980815
88be0855d3fffff,-33.80913900705296,150.64147299924733,0.0,0.0,0.0,0.0,0.0,0.0,0.0,0.0,0.0,0.0,0.0,0.0,0.0,0.0,0.0,0.0,0.0,0.0,0.0,2.0,0.0,nothing,0.0,132000.0,1,53.577938798437344
88be0855d5fffff,-33.803055197357374,150.65895901378437,0.0,1.0,0.0,0.0,0.0,0.0,0.0,0.0,0.0,0.0,0.0,1.0,0.0,0.0,0.0,0.0,0.0,0.0,0.0,0.0,0.0,nothing,0.0,0.0,0,52.05731379173407
88be0855d7fffff,-33.801898905208226,150.64810821365967,0.0,0.0,0.0,0.0,0.0,0.0,0.0,0.0,0.0,0.0,0.0,0.0,0.0,0.0,0.0,0.0,0.0,0.0,0.0,1.0,0.0,nothing,0.0,132000.0,1,53.07019519109557
88be0855d9fffff,-33.81869290197525,150.65654172435805,0.0,0.0,0.0,0.0,0.0,0.0,0.0,0.0,0.0,0.0,0.0,1.0,0.0,0.0,0.0,0.0,0.0,0.0,0.0,0.0,0.0,nothing,0.0,0.0,0,52.074618451617695
88be0855e1fffff,-33.78248400488042,150.68970505238846,0.0,0.0,0.0,0.0,0.0,0.0,0.0,0.0,0.0,9.0,0.0,6.0,0.0,0.0,0.0,0.0,0.0,7449.148260721426,0.0,0.0,0.0,nothing,10.0,0.0,0,49.61367014769408
88be0855e3fffff,-33.78133055119465,150.67885599126035,0.0,0.0,0.0,0.0,0.0,0.0,1.0,0.0,0.0,5.0,0.0,8.0,0.0,0.0,0.0,0.0,0.0,8674.573311912996,0.0,0.0,0.0,nothing,20.0,0.0,0,50.624738570594566
88be0855e5fffff,-33.77524101218917,150.6963344885835,0.0,0.0,0.0,3.0,0.0,0.0,0.0,0.0,3.0,14.0,0.0,8.0,0.0,1.0,0.0,0.0,0.0,16603.046617225984,0.0,0.0,0.0,nothing,35.0,0.0,0,49.16909630041269
88be0855e7fffff,-33.77408819381056,150.68548616464616,0.0,0.0,0.0,0.0,0.0,0.0,0.0,0.0,0.0,0.0,0.0,12.0,0.0,0.0,0.0,0.0,0.0,12042.067441554253,0.0,0.0,0.0,nothing,15.0,0.0,0,50.178879832117126
88be0855e9fffff,-33.79087975224475,150.69392480753083,0.0,0.0,0.0,0.0,0.0,2.0,0.0,0.0,0.0,2.0,0.0,8.0,0.0,0.0,0.0,0.0,0.0,8386.877187904076,0.0,0.0,0.0,nothing,14.0,33000.0,0,49.06273344226911
88be0855ebfffff,-33.7897265938338,150.68307453983564,0.0,0.0,0.0,0.0,0.0,4.0,0.0,1.0,0.0,12.0,0.0,10.0,0.0,0.0,0.0,0.0,0.0,0.0,0.0,0.0,0.0,nothing,22.0,33000.0,0,50.074715305569576
88be0855edfffff,-33.78363652792236,150.7005545825415,0.0,0.0,0.0,0.0,0.0,0.0,0.0,0.0,0.0,3.0,0.0,8.0,0.0,0.0,0.0,0.0,0.0,0.0,0.0,0.0,0.0,nothing,16.0,33000.0,0,48.60266356070045
88be085603fffff,-33.903811658526735,150.70962668303022,0.0,0.0,0.0,0.0,0.0,0.0,0.0,0.0,0.0,0.0,0.0,0.0,0.0,0.0,0.0,0.0,0.0,3234.108944012897,0.0,0.0,0.0,nothing,0.0,0.0,0,47.08003148152073
88be085605fffff,-33.89771892223309,150.72712919242718,0.0,0.0,0.0,0.0,0.0,0.0,0.0,0.0,0.0,1.0,0.0,0.0,0.0,0.0,0.0,0.0,0.0,0.0,0.0,0.0,0.0,nothing,0.0,0.0,0,45.410591018750395
88be085611fffff,-33.90990177671761,150.6921220819177,0.0,0.0,0.0,0.0,0.0,0.0,0.0,0.0,0.0,0.0,0.0,1.0,0.0,0.0,0.0,0.0,0.0,0.0,0.0,0.0,0.0,nothing,8.0,0.0,0,48.755389255192824
88be085613fffff,-33.90874746837376,150.6812565082273,0.0,0.0,0.0,0.0,0.0,0.0,0.0,0.0,0.0,0.0,0.0,0.0,0.0,0.0,0.0,0.0,0.0,0.0,0.0,3.0,0.0,nothing,0.0,330000.0,1,49.74307998245955
88be085615fffff,-33.90265892280153,150.69876137915384,0.0,0.0,0.0,0.0,0.0,0.0,0.0,0.0,0.0,0.0,0.0,0.0,0.0,0.0,0.0,0.0,0.0,29214.168911553697,0.0,0.0,0.0,nothing,0.0,0.0,0,48.07012454474925
88be085617fffff,-33.901505251887926,150.68789654500742,0.0,0.0,0.0,0.0,0.0,0.0,0.0,0.0,0.0,0.0,0.0,0.0,0.0,0.0,0.0,0.0,0.0,25980.0599675408,0.0,3.0,0.0,nothing,0.0,330000.0,1,49.061137851197664
88be08561dfffff,-33.9110551496841,150.70298812588578,0.0,0.0,0.0,0.0,0.0,0.0,0.0,0.0,0.0,0.0,0.0,1.0,0.0,0.0,0.0,0.0,0.0,0.0,0.0,0.0,0.0,nothing,10.0,0.0,0,47.768742622676776
88be085625fffff,-33.87483361203775,150.73617011477182,0.0,0.0,0.0,0.0,0.0,0.0,0.0,0.0,0.0,0.0,0.0,0.0,0.0,0.0,0.0,0.0,0.0,3784.500115375795,0.0,0.0,0.0,nothing,0.0,0.0,0,44.44864182774509
88be085627fffff,-33.87368342276801,150.72530777320682,0.0,0.0,0.0,0.0,0.0,0.0,0.0,0.0,0.0,1.0,0.0,0.0,0.0,0.0,0.0,0.0,0.0,0.0,0.0,0.0,0.0,nothing,0.0,0.0,0,45.45083040404727
88be085629fffff,-33.89047397763881,150.73376484909096,0.0,0.0,0.0,0.0,0.0,0.0,0.0,0.0,0.0,0.0,0.0,0.0,0.0,0.0,0.0,0.0,0.0,9241.119917541762,0.0,0.0,0.0,nothing,0.0,0.0,0,44.74276902596852
88be08562bfffff,-33.88932345062427,150.7229005580975,0.0,0.0,0.0,0.0,0.0,0.0,0.0,0.0,0.0,2.0,0.0,0.0,0.0,0.0,0.0,0.0,0.0,61746.444547883715,0.0,0.0,0.0,nothing,0.0,0.0,0,45.73856443899903
88be08562dfffff,-33.88322862562463,150.7403994259624,0.0,0.0,0.0,0.0,0.0,0.0,0.0,0.0,0.0,0.0,0.0,0.0,0.0,0.0,0.0,0.0,0.0,18853.901518961415,0.0,0.0,0.0,nothing,0.0,0.0,0,44.08802189228473
88be085631fffff,-33.887019591823254,150.7011733805141,0.0,0.0,0.0,0.0,0.0,0.0,0.0,0.0,0.0,0.0,0.0,0.0,0.0,0.0,0.0,0.0,0.0,8377.163697393256,0.0,0.0,0.0,nothing,1.0,330000.0,0,47.7322863993507
88be085633fffff,-33.88586626037849,150.6903104954257,0.0,0.0,0.0,1.0,2.0,0.0,0.0,0.0,0.0,4.0,0.0,2.0,0.0,1.0,0.0,0.0,0.0,3509.516438774285,0.0,0.0,0.0,nothing,11.0,330000.0,0,48.73012359686591
88be085635fffff,-33.87977614927406,150.7078101794107,0.0,0.0,0.0,0.0,0.0,0.0,0.0,0.0,0.0,0.0,0.0,0.0,0.0,0.0,0.0,0.0,0.0,0.0,0.0,4.0,0.0,nothing,0.0,330000.0,1,47.086366632923
88be085637fffff,-33.878623454696054,150.69694803390306,0.0,0.0,0.0,0.0,0.0,0.0,0.0,0.0,1.0,0.0,0.0,0.0,0.0,0.0,0.0,0.0,0.0,520.7591023249855,0.0,0.0,0.0,nothing,12.0,0.0,0,48.08692083083833
88be08563bfffff,-33.89426262619949,150.694535502408,0.0,0.0,0.0,0.0,0.0,0.0,0.0,0.0,0.0,0.0,0.0,0.0,0.0,0.0,0.0,0.0,0.0,0.0,0.0,0.0,0.0,nothing,0.0,330000.0,0,48.39071143551859
88be08563dfffff,-33.888171988628834,150.71203673498826,0.0,0.0,0.0,0.0,0.0,0.0,0.0,0.0,0.0,0.0,0.0,0.0,0.0,0.0,0.0,0.0,0.0,43330.82979999908,0.0,0.0,0.0,nothing,0.0,0.0,0,46.73508575134586
88be085649fffff,-33.93130010252207,150.7440524340871,0.0,0.0,0.0,0.0,0.0,0.0,0.0,0.0,0.0,0.0,0.0,1.0,0.0,0.0,0.0,0.0,0.0,0.0,0.0,0.0,0.0,nothing,0.0,0.0,0,44.30513777866473
88be08564bfffff,-33.93015013566468,150.7331825649251,0.0,0.0,0.0,0.0,0.0,0.0,0.0,0.0,0.0,0.0,0.0,1.0,0.0,0.0,0.0,0.0,0.0,0.0,0.0,0.0,0.0,nothing,1.0,0.0,0,45.27671072098588
88be085655fffff,-33.92060344515883,150.71808346608884,0.0,0.0,0.0,0.0,0.0,0.0,0.0,0.0,0.0,0.0,0.0,3.0,0.0,0.0,0.0,0.0,0.0,0.0,0.0,0.0,0.0,nothing,24.0,0.0,0,46.50642642418892
88be085657fffff,-33.91945130634668,150.7072157428265,0.0,0.0,0.0,0.0,0.0,0.0,0.0,0.0,0.0,0.0,0.0,1.0,0.0,0.0,0.0,0.0,0.0,0.0,0.0,0.0,0.0,nothing,1.0,0.0,0,47.4869320054216
88be08565dfffff,-33.92899923219667,150.72231316337826,0.0,0.0,0.0,0.0,0.0,0.0,0.0,0.0,0.0,0.0,0.0,1.0,0.0,0.0,0.0,0.0,0.0,0.0,0.0,0.0,0.0,nothing,13.0,0.0,0,46.250049469750195
88be085689fffff,-33.90527893279391,150.64866261633085,0.0,0.0,0.0,0.0,0.0,0.0,0.0,0.0,0.0,1.0,0.0,0.0,0.0,0.0,0.0,0.0,0.0,0.0,0.0,0.0,0.0,nothing,0.0,0.0,0,52.71181944188071
88be085691fffff,-33.901801985004504,150.6160729839556,0.0,0.0,0.0,0.0,0.0,0.0,0.0,0.0,0.0,0.0,0.0,2.0,0.0,0.0,0.0,0.0,0.0,0.0,0.0,0.0,0.0,nothing,0.0,0.0,0,55.68798171776797
88be085693fffff,-33.90064113383313,150.60521072322436,0.0,0.0,0.0,0.0,0.0,0.0,0.0,0.0,0.0,1.0,0.0,6.0,0.0,0.0,0.0,0.0,0.0,0.0,0.0,0.0,0.0,nothing,0.0,0.0,0,56.681478879421825
88be085697fffff,-33.893403384636095,150.61185592146754,0.0,0.0,0.0,0.0,0.0,0.0,0.0,0.0,0.0,0.0,0.0,3.0,0.0,0.0,0.0,0.0,0.0,0.0,0.0,0.0,0.0,nothing,0.0,0.0,0,56.019810070549305
88be08569bfffff,-33.90903996173004,150.60942744312993,0.0,0.0,0.0,0.0,0.0,0.0,0.0,0.0,0.0,1.0,0.0,7.0,0.0,0.0,0.0,0.0,0.0,0.0,0.0,0.0,0.0,nothing,0.0,0.0,0,56.36256787994389
88be0856a3fffff,-33.87284597104872,150.64264436519966,0.0,0.0,0.0,0.0,0.0,0.0,0.0,0.0,0.0,0.0,0.0,6.0,0.0,0.0,0.0,0.0,0.0,944.0107352540879,0.0,0.0,0.0,nothing,0.0,0.0,0,53.096534529118
88be0856abfffff,-33.881243591634934,150.64686366393627,0.0,0.0,0.0,0.0,0.0,0.0,0.0,0.0,0.0,0.0,0.0,1.0,0.0,0.0,0.0,0.0,0.0,0.0,0.0,0.0,0.0,nothing,0.0,0.0,0,52.727094640848236
88be0856b3fffff,-33.87776678477715,150.61428350562286,0.0,0.0,0.0,0.0,0.0,0.0,0.0,0.0,0.0,0.0,0.0,3.0,0.0,0.0,0.0,0.0,0.0,0.0,0.0,2.0,0.0,nothing,0.0,132000.0,1,55.72985239932642
88be0856b7fffff,-33.870528442442705,150.62092620583616,0.0,1.0,0.0,0.0,0.0,0.0,0.0,0.0,0.0,0.0,0.0,1.0,0.0,0.0,0.0,0.0,0.0,0.0,0.0,3.0,0.0,nothing,0.0,132000.0,1,55.10309062130289
88be0856bbfffff,-33.88616522448356,150.6185000417012,0.0,1.0,0.0,0.0,0.0,0.0,0.0,0.0,0.0,1.0,0.0,2.0,0.0,0.0,0.0,0.0,0.0,0.0,0.0,0.0,0.0,nothing,0.0,0.0,0,55.368694312245346
88be0856c1fffff,-33.91483339372275,150.66374955052035,0.0,0.0,0.0,0.0,0.0,0.0,0.0,0.0,0.0,1.0,0.0,0.0,0.0,0.0,0.0,0.0,0.0,0.0,0.0,0.0,0.0,nothing,0.0,0.0,0,51.42141066884541
88be0856c9fffff,-33.9232306716785,150.66797319618945,0.0,0.0,0.0,0.0,0.0,0.0,0.0,0.0,0.0,0.0,0.0,0.0,0.0,0.0,0.0,0.0,0.0,0.0,0.0,2.0,0.0,nothing,0.0,330000.0,1,51.139659298456834
88be0856cdfffff,-33.9159892751422,150.67461539198294,0.0,0.0,0.0,0.0,0.0,0.0,0.0,0.0,0.0,0.0,0.0,0.0,0.0,0.0,0.0,0.0,0.0,0.0,0.0,3.0,0.0,nothing,0.0,330000.0,1,50.43607031341396
88be0856d7fffff,-33.91136013881668,150.63115486310008,0.0,0.0,0.0,0.0,0.0,0.0,1.0,0.0,0.0,0.0,0.0,0.0,0.0,0.0,0.0,0.0,0.0,0.0,0.0,0.0,0.0,nothing,0.0,0.0,0,54.38342785090635
88be0856d9fffff,-33.92815640604715,150.63959575723106,0.0,0.0,0.0,0.0,0.0,0.0,0.0,0.0,0.0,0.0,0.0,0.0,0.0,0.0,0.0,0.0,0.0,1397.008144683977,0.0,0.0,0.0,nothing,0.0,0.0,0,53.81138910519132
88be0856dbfffff,-33.92699737710998,150.62872938635292,0.0,0.0,0.0,0.0,0.0,0.0,0.0,0.0,1.0,1.0,0.0,0.0,0.0,0.0,0.0,0.0,0.0,1397.008144683977,0.0,0.0,0.0,nothing,0.0,0.0,0,54.792204187662136
88be0856edfffff,-33.89310865763715,150.68367187793356,0.0,0.0,0.0,0.0,0.0,0.0,0.0,0.0,0.0,0.0,0.0,0.0,0.0,0.0,0.0,0.0,0.0,0.0,0.0,0.0,0.0,nothing,0.0,330000.0,0,49.38565008174384
88be085705fffff,-33.84699577228193,150.77355611643617,0.0,0.0,0.0,0.0,0.0,0.0,0.0,0.0,0.0,0.0,0.0,0.0,0.0,0.0,0.0,0.0,0.0,0.0,0.0,3.0,0.0,nothing,0.0,500000.0,1,41.03190066404612
88be085707fffff,-33.8458490592924,150.76269627567987,0.0,0.0,0.0,0.0,0.0,0.0,0.0,0.0,0.0,0.0,0.0,0.0,0.0,0.0,0.0,0.0,0.0,0.0,0.0,0.0,0.0,nothing,1.0,0.0,0,42.04223701332942
88be08570dfffff,-33.855389567499465,150.77778798458618,0.0,0.0,0.0,0.0,0.0,0.0,0.0,0.0,0.0,0.0,0.0,0.0,0.0,0.0,0.0,0.0,0.0,0.0,0.0,1.0,0.0,nothing,0.0,500000.0,1,40.60350967842465
88be085719fffff,-33.86758808252541,150.74280327392538,0.0,0.0,0.0,0.0,0.0,0.0,0.0,0.0,0.0,0.0,0.0,0.0,0.0,0.0,0.0,0.0,0.0,11655.579412501655,0.0,0.0,0.0,nothing,0.0,0.0,0,43.82444026769413
88be085721fffff,-33.8313543533745,150.77595288128623,0.0,0.0,0.0,0.0,0.0,0.0,0.0,0.0,0.0,13.0,0.0,0.0,0.0,0.0,0.0,0.0,0.0,0.0,0.0,0.0,0.0,nothing,0.0,0.0,0,40.93595916606632
88be085723fffff,-33.83020797625308,150.76509498900194,0.0,0.0,0.0,0.0,0.0,0.0,0.0,0.0,0.0,0.0,0.0,0.0,0.0,0.0,0.0,0.0,0.0,0.0,0.0,2.0,0.0,nothing,0.0,500000.0,1,41.948547271510144
88be085725fffff,-33.824106394832135,150.78257956567847,0.0,0.0,0.0,0.0,0.0,0.0,0.0,0.0,0.0,8.0,0.0,0.0,0.0,0.0,0.0,0.0,0.0,36130.45412083481,0.0,0.0,0.0,nothing,4.0,0.0,0,40.40942571177165
88be085727fffff,-33.82296065218902,150.77172241561684,0.0,0.0,0.0,0.0,0.0,0.0,0.0,0.0,0.0,6.0,0.0,0.0,0.0,0.0,0.0,0.0,0.0,10700.113921709513,0.0,0.0,0.0,nothing,9.0,0.0,0,41.42247370254891
88be08572bfffff,-33.8386019083663,150.76932511798205,0.0,0.0,0.0,0.0,0.0,0.0,0.0,0.0,0.0,0.0,0.0,0.0,0.0,0.0,0.0,0.0,0.0,0.0,0.0,3.0,0.0,nothing,0.0,500000.0,1,41.48046247723865
88be085733fffff,-33.83515807253308,150.7367506102187,0.0,0.0,0.0,0.0,0.0,0.0,0.0,0.0,0.0,0.0,0.0,0.0,0.0,0.0,0.0,0.0,0.0,0.0,0.0,2.0,0.0,nothing,0.0,330000.0,1,44.5157351929834
88be085737fffff,-33.82791242230024,150.7433805979755,0.0,0.0,0.0,0.0,0.0,0.0,0.0,0.0,0.0,0.0,0.0,0.0,0.0,0.0,0.0,0.0,0.0,0.0,0.0,3.0,0.0,nothing,0.0,330000.0,1,43.973745280261255
88be08573dfffff,-33.83745489651514,150.7584664836679,0.0,1.0,0.0,0.0,0.0,0.0,0.0,0.0,0.0,0.0,0.0,0.0,0.0,0.0,0.0,0.0,0.0,4919.286771064302,0.0,1.0,0.0,nothing,4.0,500000.0,1,42.492173516308455
88be085745fffff,-33.86492847315861,150.79288344018374,0.0,0.0,0.0,0.0,0.0,0.0,0.0,0.0,0.0,0.0,0.0,0.0,0.0,0.0,0.0,0.0,0.0,0.0,0.0,2.0,0.0,nothing,0.0,500000.0,1,39.190286675947306
88be085747fffff,-33.86378329351833,150.7820207226541,0.0,0.0,0.0,0.0,0.0,0.0,0.0,0.0,0.0,0.0,0.0,0.0,0.0,0.0,0.0,0.0,0.0,16744.65208148032,0.0,0.0,0.0,nothing,0.0,0.0,0,40.19593525348157
88be085749fffff,-33.88057053595768,150.79048880943185,0.0,1.0,0.0,0.0,0.0,0.0,0.0,0.0,0.0,0.0,0.0,2.0,0.0,1.0,0.0,0.0,0.0,7536.913790758716,0.0,0.0,0.0,nothing,1.0,0.0,0,39.44578754594498
88be08574bfffff,-33.879425021396976,150.77962414142578,0.0,0.0,0.0,0.0,0.0,0.0,0.0,0.0,0.0,0.0,0.0,2.0,0.0,0.0,0.0,0.0,0.0,0.0,0.0,0.0,0.0,nothing,0.0,0.0,0,40.44514221911438
88be08574dfffff,-33.87332182936235,150.79711825507283,0.0,1.0,0.0,0.0,0.0,0.0,0.0,0.0,0.0,2.0,0.0,0.0,0.0,0.0,0.0,0.0,0.0,0.0,0.0,3.0,0.0,nothing,0.0,500000.0,1,38.807349553177175
88be085751fffff,-33.87713118660131,150.7578961975221,0.0,0.0,0.0,0.0,0.0,0.0,0.0,0.0,0.0,0.0,0.0,2.0,0.0,0.0,0.0,0.0,0.0,0.0,0.0,0.0,0.0,nothing,0.0,0.0,0,42.44576426548013
88be085753fffff,-33.87598286670558,150.7470329231272,0.0,0.0,0.0,0.0,0.0,0.0,0.0,0.0,0.0,0.0,0.0,4.0,0.0,0.0,0.0,0.0,0.0,0.0,0.0,0.0,0.0,nothing,1.0,0.0,0,43.44694119091411
88be08575dfffff,-33.878278571555015,150.76875993720537,0.0,0.0,0.0,0.0,0.0,0.0,0.0,0.0,0.0,0.0,0.0,1.0,0.0,0.0,0.0,0.0,0.0,0.0,0.0,0.0,0.0,nothing,0.0,0.0,0,41.44515025597925
88be085763fffff,-33.8481415512592,150.7844164210472,0.0,0.0,0.0,0.0,0.0,0.0,0.0,0.0,0.0,1.0,0.0,0.0,0.0,0.0,0.0,0.0,0.0,0.0,0.0,0.0,0.0,nothing,0.0,0.0,0,40.021687956964314
88be085765fffff,-33.84203734132627,150.8019038022796,0.0,0.0,0.0,0.0,0.0,0.0,0.0,0.0,0.0,0.0,0.0,0.0,0.0,0.0,0.0,0.0,0.0,0.0,0.0,2.0,0.0,nothing,0.0,330000.0,1,38.44566877610423
88be08576bfffff,-33.856535046957354,150.78864949558252,0.0,0.0,0.0,0.0,0.0,0.0,0.0,0.0,0.0,0.0,0.0,0.0,0.0,0.0,0.0,0.0,0.0,0.0,0.0,2.0,0.0,nothing,0.0,500000.0,1,39.595289709216765
88be08576dfffff,-33.850430306500044,150.80613841883033,0.0,1.0,0.0,0.0,0.0,0.0,0.0,0.0,2.0,0.0,0.0,0.0,0.0,0.0,0.0,0.0,0.0,0.0,0.0,1.0,0.0,nothing,0.0,330000.0,1,38.00167831952917
88be085805fffff,-33.64390681869924,150.95873526449262,0.0,0.0,0.0,0.0,0.0,0.0,0.0,0.0,0.0,0.0,0.0,2.0,0.0,0.0,0.0,0.0,0.0,0.0,0.0,0.0,0.0,nothing,0.0,0.0,0,34.23047110822836
88be085809fffff,-33.65955280514162,150.95637712932563,0.0,0.0,0.0,0.0,0.0,0.0,0.0,0.0,0.0,0.0,0.0,0.0,0.0,0.0,0.0,0.0,0.0,0.0,0.0,2.0,0.0,nothing,0.0,330000.0,1,33.1658331527363
88be08580bfffff,-33.65842344388389,150.94553620296074,0.0,0.0,0.0,0.0,0.0,0.0,0.0,0.0,0.0,0.0,0.0,4.0,0.0,0.0,0.0,0.0,0.0,0.0,0.0,2.0,0.0,nothing,0.0,330000.0,1,33.98684275790793
88be08580dfffff,-33.652294059712574,150.96297645067546,0.0,0.0,0.0,0.0,0.0,0.0,0.0,0.0,0.0,0.0,0.0,5.0,0.0,0.0,0.0,0.0,0.0,0.0,0.0,0.0,0.0,nothing,0.0,0.0,0,33.290971769460405
88be085811fffff,-33.6561619344282,150.92385570018678,0.0,0.0,0.0,0.0,0.0,0.0,0.0,0.0,0.0,0.0,0.0,4.0,0.0,0.0,0.0,0.0,0.0,0.0,0.0,0.0,0.0,nothing,0.0,0.0,0,35.65850782472868
88be085813fffff,-33.65502978656078,150.91301612527369,0.0,0.0,0.0,0.0,0.0,0.0,0.0,0.0,0.0,0.0,0.0,7.0,0.0,0.0,0.0,0.0,0.0,0.0,0.0,0.0,0.0,nothing,0.0,0.0,0,36.50780316169713
88be085819fffff,-33.66455025156218,150.92809383295105,0.0,0.0,0.0,0.0,0.0,0.0,0.0,0.0,0.0,0.0,0.0,0.0,0.0,0.0,0.0,0.0,0.0,0.0,0.0,3.0,0.0,nothing,1.0,330000.0,1,34.75743309421821
88be08581bfffff,-33.663418403718815,150.91725306019916,0.0,0.0,1.0,0.0,0.0,0.0,0.0,0.0,0.0,1.0,0.0,10.0,0.0,0.0,0.0,0.0,0.0,0.0,0.0,4.0,1.0,kW,0.0,330000.0,1,35.61385260187369
88be08581dfffff,-33.657293153591034,150.93469572633177,0.0,0.0,0.0,1.0,0.0,0.0,0.0,0.0,0.0,0.0,0.0,4.0,0.0,0.0,0.0,0.0,0.0,0.0,0.0,0.0,0.0,nothing,0.0,0.0,0,34.81797060649559
88be085823fffff,-33.62713214809415,150.95025549470733,0.0,0.0,0.0,0.0,0.0,0.0,0.0,0.0,0.0,0.0,0.0,6.0,0.0,0.0,0.0,0.0,0.0,0.0,0.0,0.0,0.0,nothing,0.0,0.0,0,36.12086398652197
88be08582bfffff,-33.63551951465966,150.95449494590983,0.0,0.0,0.0,0.0,0.0,0.0,0.0,0.0,0.0,0.0,0.0,5.0,0.0,0.0,0.0,0.0,0.0,0.0,0.0,0.0,0.0,nothing,0.0,0.0,0,35.17387070947511
88be08582dfffff,-33.62938863393142,150.97193001870139,0.0,0.0,0.0,0.0,0.0,0.0,0.0,0.0,0.0,0.0,0.0,2.0,0.0,0.0,0.0,0.0,0.0,0.0,0.0,0.0,0.0,nothing,0.0,0.0,0,34.590866121745094
88be085841fffff,-33.66906835065901,150.9714614267206,0.0,0.0,0.0,0.0,0.0,0.0,0.0,0.0,0.0,0.0,0.0,0.0,0.0,0.0,0.0,0.0,0.0,0.0,0.0,3.0,0.0,nothing,0.0,330000.0,1,31.425076220375338
88be085843fffff,-33.667940220056494,150.96061885436063,0.0,0.0,0.0,0.0,0.0,0.0,0.0,0.0,1.0,0.0,1.0,0.0,0.0,0.0,0.0,0.0,0.0,480.03438490585836,0.0,3.0,0.0,nothing,0.0,330000.0,1,32.24270942104676
88be085845fffff,-33.661808739892194,150.97806032826983,0.0,0.0,0.0,0.0,0.0,0.0,0.0,0.0,0.0,0.0,0.0,0.0,0.0,0.0,0.0,0.0,0.0,0.0,0.0,3.0,0.0,nothing,0.0,330000.0,1,31.557324161959315
88be085847fffff,-33.66068123719929,150.96721850467816,0.0,0.0,0.0,0.0,0.0,0.0,0.0,0.0,0.0,0.0,0.0,0.0,0.0,0.0,0.0,0.0,0.0,0.0,0.0,4.0,0.0,nothing,0.0,330000.0,1,32.35571354303745
88be085849fffff,-33.67745539959129,150.9757052170227,0.0,0.0,0.0,0.0,0.0,0.0,0.0,0.0,0.0,0.0,0.0,5.0,0.0,0.0,0.0,0.0,0.0,0.0,0.0,0.0,0.0,nothing,0.0,0.0,0,30.49948395090158
88be08584bfffff,-33.676327570741556,150.96486144751128,0.0,0.0,0.0,0.0,0.0,0.0,0.0,0.0,0.0,0.0,0.0,6.0,0.0,0.0,0.0,0.0,0.0,0.0,0.0,0.0,0.0,nothing,0.0,0.0,0,31.324941605663966
88be08584dfffff,-33.670195551539145,150.98230444711115,0.0,0.0,0.0,0.0,0.0,0.0,0.0,0.0,0.0,0.0,0.0,0.0,0.0,0.0,0.0,0.0,0.0,0.0,0.0,3.0,0.0,nothing,0.0,330000.0,1,30.619134132811133
88be085851fffff,-33.674069123460605,150.94317525495015,0.0,0.0,0.0,0.0,0.0,0.0,0.0,0.0,2.0,1.0,0.0,8.0,0.0,0.0,0.0,0.0,0.0,0.0,0.0,0.0,0.0,nothing,36.0,0.0,0,33.00722953178093
88be085853fffff,-33.67293850535922,150.9323328333979,0.0,0.0,0.0,0.0,0.0,0.0,0.0,0.0,0.0,0.0,0.0,10.0,0.0,0.0,0.0,0.0,0.0,0.0,0.0,3.0,0.0,nothing,29.0,330000.0,1,33.86249837426247
88be085855fffff,-33.666811159896234,150.94977673078003,0.0,0.0,0.0,0.0,0.0,0.0,0.0,0.0,0.0,0.0,0.0,8.0,0.0,0.0,0.0,0.0,0.0,0.0,0.0,2.0,0.0,nothing,1.0,330000.0,1,33.07116514711882
88be085857fffff,-33.6656811703431,150.9389350567274,0.0,0.0,0.0,0.0,0.0,0.0,0.0,0.0,0.0,0.0,0.0,4.0,0.0,0.0,0.0,0.0,0.0,0.0,0.0,4.0,0.0,nothing,14.0,330000.0,1,33.90964874874645
88be085859fffff,-33.68245701244317,150.94741632122006,0.0,0.0,1.0,3.0,1.0,0.0,0.0,0.0,0.0,4.0,0.0,8.0,0.0,0.0,0.0,0.0,0.0,5552.576359514291,0.0,0.0,0.0,nothing,51.0,0.0,0,32.11121170001876
88be08585bfffff,-33.68132669531897,150.93657270174748,0.0,0.0,0.0,0.0,0.0,0.0,0.0,0.0,0.0,0.0,0.0,3.0,0.0,1.0,0.0,0.0,0.0,41662.15691602623,0.0,0.0,0.0,nothing,45.0,0.0,0,32.97420466699003
88be08585dfffff,-33.675198811976394,150.95401812657082,0.0,1.0,0.0,2.0,1.0,0.0,0.0,0.0,0.0,2.0,1.0,3.0,0.0,0.0,0.0,0.0,0.0,3276.5895070607266,0.0,0.0,0.0,nothing,3.0,0.0,0,32.16112911061855
88be085865fffff,-33.638901948162385,150.98701099168457,0.0,0.0,0.0,0.0,0.0,0.0,0.0,0.0,0.0,0.0,0.0,5.0,0.0,0.0,0.0,0.0,0.0,0.0,0.0,0.0,0.0,nothing,0.0,0.0,0,32.87958242781483
88be085867fffff,-33.637775398894384,150.97617186214234,0.0,0.0,0.0,0.0,0.0,0.0,0.0,0.0,0.0,0.0,0.0,1.0,0.0,0.0,0.0,0.0,0.0,0.0,0.0,0.0,0.0,nothing,0.0,0.0,0,33.63121904644493
88be085869fffff,-33.654548738957004,150.98465815224793,0.0,0.0,0.0,0.0,0.0,0.0,0.0,0.0,0.0,0.0,0.0,6.0,0.0,0.0,0.0,0.0,0.0,0.0,0.0,0.0,0.0,nothing,0.0,0.0,0,31.721284195538107
88be08586bfffff,-33.653421863920634,150.9738170776121,0.0,0.0,0.0,0.0,0.0,0.0,0.0,0.0,0.0,0.0,0.0,5.0,0.0,0.0,0.0,0.0,0.0,0.0,0.0,0.0,0.0,nothing,0.0,0.0,0,32.49981409300609
88be08586dfffff,-33.64728834836934,150.99125489874382,0.0,0.0,0.0,0.0,0.0,0.0,0.0,0.0,0.0,0.0,0.0,2.0,0.0,0.0,0.0,0.0,0.0,0.0,0.0,0.0,0.0,nothing,0.0,0.0,0,31.916467995287434
88be085883fffff,-33.64210203633768,150.8654310781268,0.0,0.0,0.0,0.0,0.0,0.0,0.0,0.0,0.0,0.0,0.0,3.0,0.0,0.0,0.0,0.0,0.0,0.0,0.0,3.0,0.0,nothing,0.0,330000.0,1,40.8547237413508
88be085885fffff,-33.63598408777861,150.88287185574393,0.0,0.0,0.0,0.0,0.0,0.0,0.0,0.0,0.0,0.0,0.0,1.0,0.0,0.0,0.0,0.0,0.0,0.0,0.0,0.0,0.0,nothing,0.0,0.0,0,40.00892990213669
88be085887fffff,-33.63484855778444,150.87203603549486,0.0,0.0,0.0,0.0,0.0,0.0,0.0,0.0,0.0,0.0,0.0,0.0,0.0,0.0,0.0,0.0,0.0,0.0,0.0,4.0,0.0,nothing,0.0,330000.0,1,40.868171474212936
88be085889fffff,-33.651627772388274,150.88050011540187,0.0,0.0,0.0,0.0,0.0,0.0,0.0,0.0,0.0,1.0,0.0,4.0,0.0,0.0,0.0,0.0,0.0,394.79394569455354,0.0,1.0,0.0,nothing,3.0,330000.0,1,39.1024895102344
88be08588bfffff,-33.65049191136091,150.86966235289148,0.0,0.0,0.0,0.0,0.0,0.0,0.0,0.0,0.0,0.0,0.0,0.0,0.0,0.0,0.0,0.0,0.0,516.0973781659532,0.0,0.0,0.0,nothing,5.0,0.0,0,39.98129360946878
88be08588dfffff,-33.64437342729862,150.8871046605349,0.0,0.0,0.0,0.0,0.0,0.0,0.0,0.0,0.0,0.0,0.0,6.0,0.0,0.0,0.0,0.0,0.0,0.0,0.0,0.0,0.0,nothing,12.0,0.0,0,39.11670144119524
88be085891fffff,-33.648217405850176,150.84798819352295,0.0,0.0,0.0,0.0,0.0,0.0,0.0,0.0,1.0,0.0,0.0,5.0,0.0,0.0,0.0,0.0,0.0,824.3453640662806,0.0,4.0,0.0,nothing,0.0,330000.0,1,41.757128427905755
88be085893fffff,-33.64707876170052,150.83715179815815,0.0,0.0,0.0,0.0,0.0,0.0,0.0,0.0,0.0,0.0,0.0,0.0,0.0,0.0,0.0,0.0,0.0,0.0,0.0,0.0,0.0,nothing,0.0,132000.0,0,42.653397937081934
88be085895fffff,-33.64096494949978,150.85459496931085,0.0,0.0,0.0,0.0,0.0,0.0,0.0,0.0,0.0,1.0,1.0,3.0,0.0,0.0,0.0,0.0,0.0,0.0,0.0,3.0,0.0,nothing,2.0,330000.0,1,41.73346788084102
88be085897fffff,-33.63982693531259,150.84375931641569,0.0,0.0,0.0,0.0,0.0,0.0,0.0,0.0,0.0,0.0,0.0,1.0,0.0,0.0,0.0,0.0,0.0,0.0,0.0,0.0,0.0,nothing,1.0,0.0,0,42.61816493382791
88be085899fffff,-33.65660781563394,150.85221793707632,0.0,0.0,0.0,0.0,0.0,0.0,0.0,0.0,0.0,0.0,0.0,0.0,0.0,0.0,0.0,0.0,0.0,0.0,0.0,2.0,0.0,nothing,0.0,330000.0,1,40.90289429075218
88be08589bfffff,-33.65546946900159,150.8413803424289,0.0,0.0,0.0,0.0,0.0,0.0,0.0,0.0,0.0,0.0,0.0,0.0,0.0,0.0,0.0,0.0,0.0,0.0,0.0,6.0,0.0,nothing,0.0,330000.0,1,41.80524577503477
88be08589dfffff,-33.6493551224593,150.85882504534962,0.0,1.0,0.0,1.0,0.0,0.0,0.0,0.0,0.0,2.0,0.0,6.0,0.0,0.0,0.0,0.0,0.0,1095.0933757376436,0.0,0.0,0.0,nothing,5.0,0.0,0,40.86630521394501
88be0858a5fffff,-33.613085772688834,150.89184445601563,0.0,1.0,0.0,0.0,0.0,0.0,0.0,0.0,0.0,0.0,0.0,0.0,0.0,0.0,0.0,0.0,0.0,0.0,0.0,0.0,0.0,nothing,0.0,0.0,0,41.058218423944055
88be0858a7fffff,-33.611951202414616,150.8810113211379,0.0,0.0,0.0,0.0,0.0,0.0,0.0,0.0,0.0,0.0,0.0,0.0,0.0,0.0,0.0,0.0,0.0,0.0,0.0,1.0,0.0,nothing,0.0,500000.0,1,41.883586636680405
88be0858a9fffff,-33.6287295882337,150.88947499385952,0.0,0.0,0.0,0.0,0.0,0.0,0.0,0.0,0.0,0.0,0.0,1.0,0.0,0.0,0.0,0.0,0.0,0.0,0.0,3.0,0.0,nothing,0.0,330000.0,1,40.06105385593887
88be0858abfffff,-33.62759468731496,150.8786399175409,0.0,0.0,0.0,0.0,0.0,0.0,0.0,0.0,0.0,0.0,0.0,0.0,0.0,0.0,0.0,0.0,0.0,0.0,0.0,3.0,0.0,nothing,0.0,330000.0,1,40.90662406352331
88be0858adfffff,-33.62147469754021,150.89607705655104,0.0,0.0,0.0,0.0,0.0,0.0,0.0,0.0,0.0,7.0,0.0,0.0,0.0,0.0,0.0,0.0,0.0,0.0,0.0,3.0,0.0,nothing,0.0,330000.0,1,40.138599059210996
88be0858b1fffff,-33.62532210424502,150.85697112792914,0.0,0.0,0.0,0.0,0.0,0.0,0.0,0.0,0.0,0.0,0.0,1.0,0.0,0.0,0.0,0.0,0.0,0.0,0.0,3.0,0.0,nothing,0.0,500000.0,1,42.61965882526814
88be0858b3fffff,-33.62418442242701,150.8461374161283,0.0,0.0,0.0,0.0,0.0,0.0,0.0,0.0,0.0,0.0,0.0,2.0,0.0,0.0,0.0,0.0,0.0,0.0,0.0,0.0,0.0,nothing,0.0,0.0,0,43.48625859562726
88be0858b5fffff,-33.61806910059594,150.86357542135855,0.0,0.0,0.0,0.0,0.0,0.0,0.0,0.0,0.0,0.0,0.0,1.0,0.0,0.0,0.0,0.0,0.0,0.0,0.0,2.0,0.0,nothing,0.0,500000.0,1,42.6563838480697
88be0858b7fffff,-33.61693204817569,150.85274245205616,0.0,0.0,0.0,0.0,0.0,0.0,0.0,0.0,0.0,0.0,0.0,1.0,0.0,0.0,0.0,0.0,0.0,0.0,0.0,0.0,0.0,nothing,0.0,0.0,0,43.51042892702386
88be0858b9fffff,-33.633712100465694,150.86120066987937,0.0,0.0,0.0,0.0,0.0,0.0,0.0,0.0,0.0,0.0,0.0,0.0,0.0,0.0,0.0,0.0,0.0,0.0,0.0,1.0,0.0,nothing,0.0,330000.0,1,41.73430606617186
88be0858bbfffff,-33.632574715989,150.85036575964378,0.0,0.0,0.0,0.0,0.0,0.0,0.0,0.0,0.0,0.0,0.0,0.0,0.0,1.0,0.0,0.0,0.0,0.0,0.0,3.0,0.0,nothing,0.0,500000.0,1,42.606912122823246
88be0858c1fffff,-33.66115192150716,150.89557287076067,0.0,0.0,0.0,0.0,0.0,0.0,0.0,0.0,0.0,1.0,0.0,12.0,0.0,0.0,0.0,0.0,0.0,0.0,0.0,3.0,0.0,nothing,12.0,330000.0,1,37.35020991430647
88be0858c3fffff,-33.660017287470666,150.88473345556946,0.0,0.0,0.0,0.0,0.0,0.0,0.0,0.0,1.0,3.0,0.0,4.0,0.0,0.0,0.0,0.0,0.0,12130.373615025492,0.0,2.0,0.0,nothing,18.0,330000.0,1,38.22907694337382
88be0858c5fffff,-33.653896710154385,150.90217700234018,0.0,0.0,0.0,0.0,0.0,0.0,0.0,0.0,0.0,0.0,0.0,2.0,0.0,0.0,0.0,0.0,0.0,0.0,0.0,0.0,0.0,nothing,0.0,0.0,0,37.36525809644763
88be0858c7fffff,-33.65276270537486,150.8913383321338,0.0,0.0,0.0,0.0,0.0,0.0,0.0,0.0,0.0,0.0,0.0,2.0,0.0,0.0,0.0,0.0,0.0,2831.622898611981,0.0,0.0,0.0,nothing,16.0,0.0,0,38.23032230934584
88be0858c9fffff,-33.669541075195305,150.89980827663558,0.0,1.0,0.0,0.0,0.0,0.0,0.0,0.0,0.0,0.0,0.0,2.0,0.0,0.0,0.0,0.0,0.0,0.0,0.0,0.0,0.0,nothing,6.0,0.0,0,36.47681885181917
88be0858cbfffff,-33.668406740406475,150.88896766283992,0.0,0.0,0.0,0.0,0.0,0.0,0.0,0.0,0.0,0.0,0.0,0.0,0.0,0.0,0.0,0.0,0.0,0.0,0.0,0.0,0.0,nothing,0.0,132000.0,0,37.36254007897262
88be0858cdfffff,-33.66228562697855,150.90641273921977,0.0,0.0,0.0,0.0,0.0,0.0,0.0,0.0,0.0,1.0,1.0,5.0,0.0,0.0,0.0,0.0,0.0,0.0,0.0,3.0,0.0,nothing,0.0,330000.0,1,36.47829772963372
88be0858d1fffff,-33.66613528472422,150.86728779742268,0.0,0.0,0.0,1.0,0.0,0.0,0.0,0.0,0.0,0.0,0.0,6.0,0.0,0.0,0.0,0.0,0.0,2391.879069476299,0.0,0.0,0.0,nothing,4.0,0.0,0,39.15249483975857
88be0858d3fffff,-33.66499816416382,150.85644854729594,0.0,1.0,0.0,0.0,0.0,0.0,0.0,0.0,0.0,0.0,0.0,0.0,0.0,0.0,0.0,0.0,0.0,0.0,0.0,0.0,0.0,nothing,0.0,0.0,0,40.05589863176658
88be0858d5fffff,-33.65888172503528,150.87389449439354,0.0,0.0,0.0,1.0,0.0,0.0,0.0,0.0,0.0,0.0,1.0,7.0,0.0,0.0,0.0,0.0,0.0,17740.84932804313,0.0,2.0,0.0,nothing,16.0,330000.0,1,39.11442873624293
88be0858d7fffff,-33.657745234367475,150.86305598798015,0.0,0.0,0.0,0.0,0.0,0.0,0.0,0.0,0.0,0.0,0.0,0.0,0.0,0.0,0.0,0.0,0.0,0.0,0.0,3.0,0.0,nothing,0.0,330000.0,1,40.005833508437725
88be0858d9fffff,-33.67452527302935,150.87152047389736,0.0,0.0,1.0,1.0,0.0,0.0,0.0,0.0,0.0,1.0,1.0,15.0,0.0,0.0,0.0,0.0,0.0,10159.947319577244,0.0,0.0,0.0,nothing,21.0,0.0,0,38.30676684437911
88be0858dbfffff,-33.673388450939676,150.86068002440206,0.0,0.0,0.0,0.0,0.0,0.0,0.0,0.0,0.0,0.0,0.0,9.0,0.0,1.0,0.0,0.0,0.0,25739.13401757099,0.0,0.0,0.0,nothing,12.0,0.0,0,39.21661137928954
88be0858ddfffff,-33.66727147686065,150.8781275028531,0.0,0.0,0.0,0.0,0.0,0.0,0.0,0.0,0.0,0.0,0.0,10.0,0.0,0.0,0.0,0.0,0.0,0.0,0.0,0.0,0.0,nothing,0.0,132000.0,0,38.254576380185824
88be0858e1fffff,-33.63825236512776,150.90454485715642,0.0,0.0,0.0,0.0,0.0,0.0,0.0,0.0,0.0,3.0,0.0,11.0,0.0,0.0,0.0,0.0,0.0,7061.109986285107,0.0,0.0,0.0,nothing,19.0,0.0,0,38.312982447024424
88be0858e3fffff,-33.63711869028178,150.89370812988005,0.0,0.0,0.0,0.0,0.0,0.0,0.0,0.0,0.0,0.0,0.0,8.0,0.0,0.0,0.0,0.0,0.0,0.0,0.0,0.0,0.0,nothing,0.0,0.0,0,39.15703640510655
88be0858e5fffff,-33.6309966080075,150.91114650578982,0.0,0.0,0.0,0.0,0.0,0.0,0.0,0.0,0.0,1.0,0.0,0.0,0.0,0.0,0.0,0.0,0.0,0.0,0.0,0.0,0.0,nothing,16.0,0.0,0,38.39422532392191
88be0858e7fffff,-33.62986356185322,150.9003105235247,0.0,0.0,0.0,1.0,0.0,0.0,0.0,0.0,0.0,2.0,0.0,17.0,0.0,0.0,0.0,0.0,0.0,0.0,0.0,0.0,0.0,nothing,31.0,0.0,0,39.22341415664487
88be0858e9fffff,-33.64664110686368,150.9087800576661,0.0,0.0,0.0,0.0,0.0,0.0,0.0,0.0,0.0,1.0,0.0,6.0,0.0,0.0,0.0,0.0,0.0,1243.1183356438803,0.0,0.0,0.0,nothing,0.0,0.0,0,37.407651951301254
88be0858ebfffff,-33.64550773108873,150.89794213263363,0.0,0.0,0.0,0.0,0.0,0.0,0.0,0.0,0.0,0.0,0.0,3.0,0.0,0.0,0.0,0.0,0.0,0.0,0.0,0.0,0.0,nothing,2.0,0.0,0,38.25831022769383
88be085903fffff,-33.5992223306592,150.9874721152987,0.0,0.0,0.0,0.0,0.0,0.0,0.0,0.0,0.0,0.0,0.0,0.0,0.0,0.0,0.0,0.0,0.0,0.0,0.0,2.0,0.0,nothing,0.0,330000.0,1,36.3267671968202
88be085905fffff,-33.59308637591621,151.00489806434243,0.0,0.0,0.0,0.0,0.0,0.0,0.0,0.0,0.0,0.0,0.0,0.0,0.0,0.0,0.0,0.0,0.0,2815.66745285075,0.0,0.0,0.0,nothing,1.0,0.0,0,35.976908844235865
88be085907fffff,-33.591961730634075,150.99406432048804,0.0,0.0,0.0,0.0,0.0,0.0,0.0,0.0,0.0,0.0,0.0,0.0,0.0,0.0,0.0,0.0,0.0,0.0,0.0,2.0,0.0,nothing,0.0,330000.0,1,36.6368421413537
88be08590bfffff,-33.60760844158796,150.99171407533552,0.0,0.0,0.0,0.0,0.0,0.0,0.0,0.0,0.0,0.0,0.0,0.0,0.0,0.0,0.0,0.0,0.0,0.0,0.0,2.0,0.0,nothing,0.0,330000.0,1,35.342272829845946
88be08590dfffff,-33.60147194615519,151.00914154609748,0.0,0.0,0.0,1.0,0.0,0.0,0.0,0.0,1.0,3.0,0.0,5.0,0.0,1.0,0.0,0.0,0.0,11406.600625824882,0.0,0.0,0.0,nothing,7.0,0.0,0,34.98266983559398
88be085923fffff,-33.57631505111953,150.9964137018168,0.0,0.0,0.0,0.0,0.0,0.0,0.0,0.0,0.0,0.0,0.0,0.0,0.0,0.0,0.0,0.0,0.0,0.0,0.0,3.0,0.0,nothing,0.0,330000.0,1,37.96785691331458
88be085927fffff,-33.569053918672815,151.00300342806307,0.0,0.0,0.0,0.0,0.0,0.0,0.0,0.0,0.0,0.0,0.0,0.0,0.0,0.0,0.0,0.0,0.0,0.0,0.0,1.0,0.0,nothing,0.0,330000.0,1,38.33132496545805
88be085941fffff,-33.61824289981292,151.01763111168827,0.0,0.0,0.0,0.0,0.0,0.0,0.0,0.0,0.0,0.0,0.0,3.0,0.0,0.0,0.0,0.0,0.0,0.0,0.0,0.0,0.0,nothing,0.0,0.0,0,32.99703948766118
88be085945fffff,-33.61098056870227,151.024222472111,0.0,0.0,0.0,0.0,0.0,0.0,0.0,0.0,0.0,0.0,0.0,2.0,0.0,0.0,0.0,0.0,0.0,0.0,0.0,0.0,0.0,nothing,0.0,0.0,0,33.33849906944007
88be085947fffff,-33.60985745428754,151.01338589513963,0.0,0.0,0.0,0.0,0.0,0.0,0.0,0.0,0.0,0.0,0.0,4.0,0.0,0.0,0.0,0.0,0.0,0.0,0.0,0.0,0.0,nothing,0.0,0.0,0,33.98935195723716
88be085949fffff,-33.626628282230946,151.02187719596273,0.0,0.0,0.0,0.0,0.0,0.0,0.0,0.0,0.0,0.0,0.0,5.0,0.0,0.0,0.0,0.0,0.0,0.0,0.0,1.0,0.0,nothing,0.0,330000.0,1,32.00582706124968
88be08594dfffff,-33.619365711996274,151.02846888299155,0.0,0.0,0.0,0.0,0.0,0.0,0.0,0.0,0.0,0.0,0.0,2.0,0.0,0.0,0.0,0.0,0.0,0.0,0.0,2.0,0.0,nothing,0.0,330000.0,1,32.342039826340205
88be085951fffff,-33.623255181568375,150.98936296589068,0.0,0.0,0.0,0.0,0.0,0.0,0.0,0.0,0.0,0.0,0.0,0.0,0.0,0.0,0.0,0.0,0.0,0.0,0.0,3.0,0.0,nothing,0.0,330000.0,1,34.08830366570477
88be085957fffff,-33.614868893706884,150.98512046629628,0.0,0.0,0.0,0.0,0.0,0.0,0.0,0.0,0.0,0.0,0.0,0.0,0.0,0.0,0.0,0.0,0.0,0.0,0.0,2.0,0.0,nothing,0.0,330000.0,1,35.06443044344181
88be085959fffff,-33.631641406714586,150.99360633300094,0.0,0.0,0.0,0.0,0.0,0.0,0.0,0.0,0.0,0.0,0.0,0.0,0.0,0.0,0.0,0.0,0.0,0.0,0.0,3.0,0.0,nothing,0.0,330000.0,1,33.11420085580938
88be085981fffff,-33.59245123358995,150.92247455482683,0.0,0.0,0.0,0.0,0.0,0.0,0.0,0.0,0.0,0.0,0.0,2.0,0.0,0.0,0.0,0.0,0.0,0.0,0.0,1.0,0.0,nothing,0.0,330000.0,1,40.69937828291275
88be085983fffff,-33.59131947426328,150.9116432009943,0.0,1.0,0.0,1.0,0.0,0.0,0.0,0.0,0.0,0.0,0.0,6.0,0.0,0.0,0.0,0.0,0.0,0.0,0.0,1.0,0.0,nothing,0.0,500000.0,1,41.46995372107599
88be085985fffff,-33.585194394885896,150.92907124171143,0.0,0.0,0.0,0.0,0.0,0.0,0.0,0.0,0.0,0.0,0.0,1.0,0.0,0.0,0.0,0.0,0.0,0.0,0.0,2.0,0.0,nothing,0.0,330000.0,1,40.90093581125974
88be085987fffff,-33.58406326312027,150.91824063294152,0.0,0.0,0.0,0.0,0.0,0.0,0.0,0.0,0.0,0.0,0.0,3.0,0.0,0.0,0.0,0.0,0.0,0.0,0.0,3.0,0.0,nothing,0.0,500000.0,1,41.65543010600621
88be085989fffff,-33.60083914433203,150.9267093428502,0.0,0.0,0.0,0.0,0.0,0.0,0.0,0.0,0.0,0.0,0.0,1.0,0.0,0.0,0.0,0.0,0.0,0.0,0.0,3.0,0.0,nothing,0.0,330000.0,1,39.74598235574467
88be08598bfffff,-33.59970768372295,150.91587679295625,0.0,0.0,0.0,0.0,0.0,0.0,0.0,0.0,0.0,0.0,0.0,2.0,0.0,0.0,0.0,0.0,0.0,0.0,0.0,0.0,0.0,nothing,0.0,0.0,0,40.522066793247845
88be08598dfffff,-33.59358206657772,150.933306359307,0.0,0.0,0.0,0.0,0.0,0.0,0.0,0.0,0.0,0.0,0.0,0.0,0.0,0.0,0.0,0.0,0.0,0.0,0.0,2.0,0.0,nothing,0.0,330000.0,1,39.939629078851155
88be085991fffff,-33.597441983076884,150.89421304747535,0.0,0.0,0.0,0.0,0.0,0.0,0.0,0.0,0.0,0.0,0.0,0.0,0.0,0.0,0.0,0.0,0.0,0.0,0.0,3.0,0.0,nothing,0.0,500000.0,1,42.104441371749246
88be085995fffff,-33.59018678876313,150.90081229855534,0.0,0.0,0.0,0.0,0.0,0.0,0.0,0.0,0.0,0.0,0.0,0.0,0.0,0.0,0.0,0.0,0.0,0.0,0.0,2.0,0.0,nothing,0.0,500000.0,1,42.25076187278346
88be08599bfffff,-33.604696787799185,150.88761272169867,0.0,2.0,0.0,0.0,0.0,0.0,0.0,0.0,0.0,1.0,0.0,2.0,0.0,0.0,0.0,0.0,0.0,0.0,0.0,2.0,0.0,nothing,0.0,500000.0,1,41.98197996757322
88be08599dfffff,-33.5985752965827,150.90504469424928,0.0,0.0,0.0,0.0,0.0,0.0,0.0,0.0,0.0,0.0,0.0,2.0,0.0,0.0,0.0,0.0,0.0,0.0,0.0,0.0,0.0,nothing,0.0,0.0,0,41.3084118179453
88be0859a1fffff,-33.56954967642559,150.93143227279347,0.0,0.0,0.0,0.0,0.0,0.0,0.0,0.0,0.0,2.0,0.0,0.0,0.0,0.0,0.0,0.0,0.0,0.0,0.0,2.0,0.0,nothing,0.0,500000.0,1,42.09688123202675
88be0859a3fffff,-33.56841887342765,150.92060360448937,0.0,0.0,0.0,0.0,0.0,0.0,0.0,0.0,0.0,0.0,0.0,2.0,0.0,0.0,0.0,0.0,0.0,0.0,0.0,0.0,0.0,nothing,0.0,0.0,0,42.83023630121085
88be0859a5fffff,-33.56229230190499,150.9380264808738,0.0,0.0,0.0,0.0,0.0,0.0,0.0,0.0,0.0,0.0,0.0,0.0,0.0,0.0,0.0,0.0,0.0,0.0,0.0,2.0,0.0,nothing,0.0,500000.0,1,42.35212171551416
88be0859a7fffff,-33.56116212590271,150.92719855765736,0.0,0.0,0.0,0.0,0.0,0.0,0.0,0.0,0.0,6.0,0.0,0.0,0.0,0.0,0.0,0.0,0.0,0.0,0.0,0.0,0.0,nothing,0.0,0.0,0,43.06918274575196
88be0859a9fffff,-33.57793716812635,150.93566685369782,0.0,0.0,0.0,0.0,0.0,0.0,0.0,0.0,0.0,1.0,0.0,0.0,0.0,0.0,0.0,0.0,0.0,0.0,0.0,4.0,0.0,nothing,0.0,500000.0,1,41.126383191494426
88be0859abfffff,-33.576806663669196,150.92483699017868,0.0,0.0,0.0,0.0,0.0,0.0,0.0,0.0,0.0,0.0,0.0,2.0,0.0,0.0,0.0,0.0,0.0,0.0,0.0,2.0,0.0,nothing,0.0,500000.0,1,41.864523149623544
88be0859adfffff,-33.570679553826885,150.94226139087402,0.0,0.0,0.0,0.0,0.0,0.0,0.0,0.0,0.0,0.0,0.0,0.0,0.0,0.0,0.0,0.0,0.0,0.0,0.0,2.0,0.0,nothing,0.0,330000.0,1,41.37533019913139
88be0859b3fffff,-33.57340959622514,150.89235010449514,0.0,0.0,0.0,0.0,0.0,0.0,0.0,0.0,0.0,1.0,0.0,0.0,0.0,0.0,1.0,0.0,0.0,0.0,0.0,0.0,0.0,nothing,0.0,0.0,0,44.14439940257448
88be0859b9fffff,-33.58293120537335,150.90741047502598,0.0,0.0,0.0,0.0,0.0,0.0,0.0,0.0,0.0,0.0,0.0,1.0,0.0,0.0,0.0,0.0,0.0,0.0,0.0,0.0,0.0,nothing,0.0,0.0,0,42.42069487865426
88be0859bbfffff,-33.58179822181061,150.8965807687105,0.0,0.0,0.0,1.0,0.0,0.0,0.0,0.0,2.0,1.0,0.0,0.0,0.0,0.0,0.0,0.0,0.0,0.0,0.0,0.0,0.0,nothing,0.0,0.0,0,43.196156552220586
88be0859c1fffff,-33.6103572293864,150.94177919356449,0.0,0.0,0.0,0.0,0.0,0.0,0.0,0.0,0.0,0.0,0.0,2.0,0.0,0.0,0.0,0.0,0.0,0.0,0.0,0.0,0.0,nothing,0.0,0.0,0,38.02455278499445
88be0859c7fffff,-33.60196967824459,150.93754234318484,0.0,0.0,0.0,0.0,0.0,0.0,0.0,0.0,0.0,0.0,0.0,4.0,0.0,0.0,0.0,0.0,0.0,0.0,0.0,0.0,0.0,nothing,0.0,0.0,0,38.980772626523986
88be0859c9fffff,-33.618744719502985,150.94601691066543,0.0,0.0,0.0,0.0,0.0,0.0,0.0,0.0,0.0,0.0,0.0,3.0,0.0,0.0,0.0,0.0,0.0,0.0,0.0,0.0,0.0,nothing,0.0,0.0,0,37.07117456747081
88be0859d1fffff,-33.615352132822956,150.91351208406272,0.0,0.0,0.0,0.0,0.0,0.0,0.0,0.0,0.0,0.0,0.0,0.0,0.0,0.0,0.0,0.0,0.0,0.0,0.0,4.0,0.0,nothing,3.0,330000.0,1,39.43372172850387
88be0859d3fffff,-33.614219416213594,150.90267804390598,0.0,0.0,0.0,0.0,0.0,0.0,0.0,0.0,0.0,0.0,0.0,2.0,0.0,0.0,0.0,0.0,0.0,0.0,0.0,0.0,0.0,nothing,1.0,0.0,0,40.24141888018546
88be0859d5fffff,-33.6080958332523,150.9201112511314,0.0,0.0,0.0,0.0,0.0,0.0,0.0,0.0,0.0,0.0,0.0,0.0,0.0,0.0,0.0,0.0,0.0,0.0,0.0,3.0,0.0,nothing,0.0,330000.0,1,39.57724010777331
88be0859dbfffff,-33.62260804252844,150.90691184155637,0.0,0.0,0.0,0.0,0.0,0.0,0.0,0.0,0.0,0.0,0.0,6.0,0.0,0.0,0.0,0.0,0.0,4114.740168398924,0.0,2.0,0.0,nothing,0.0,330000.0,1,39.31570312836941
88be085a01fffff,-33.7098763211743,150.98184050567093,0.0,0.0,0.0,0.0,0.0,0.0,0.0,0.0,0.0,1.0,0.0,2.0,0.0,0.0,0.0,0.0,0.0,0.0,0.0,0.0,0.0,nothing,37.0,0.0,0,27.718050439418512
88be085a03fffff,-33.708748770966444,150.9709923938498,0.0,0.0,0.0,5.0,2.0,0.0,0.0,0.0,0.0,21.0,0.0,8.0,0.0,0.0,0.0,0.0,0.0,18766.950130832578,0.0,0.0,0.0,nothing,60.0,0.0,0,28.588152241725744
88be085a05fffff,-33.70261615421852,150.9884417996867,0.0,0.0,0.0,0.0,0.0,0.0,0.0,0.0,0.0,0.0,0.0,12.0,0.0,0.0,0.0,0.0,0.0,0.0,0.0,0.0,0.0,nothing,1.0,0.0,0,27.758023522317654
88be085a07fffff,-33.70148923241329,150.97759443785728,0.0,0.0,0.0,0.0,0.0,0.0,0.0,0.0,0.0,1.0,0.0,0.0,0.0,0.0,0.0,0.0,0.0,48.52013570459284,0.0,0.0,0.0,nothing,28.0,0.0,0,28.608925772955878
88be085a09fffff,-33.718263343202885,150.98608744270075,0.0,0.0,0.0,0.0,0.0,0.0,0.0,0.0,0.0,1.0,0.0,1.0,0.0,0.0,0.0,0.0,0.0,22418.294417458845,0.0,0.0,0.0,nothing,3.0,0.0,0,26.835614134065246
88be085a0bfffff,-33.71713609587875,150.97523813279926,0.0,0.0,0.0,9.0,1.0,0.0,0.0,0.0,0.0,5.0,0.0,17.0,0.0,0.0,0.0,0.0,0.0,33823.03903294374,0.0,0.0,0.0,nothing,44.0,0.0,0,27.714953443814455
88be085a0dfffff,-33.711002940035875,150.99268906522755,1.0,0.0,0.0,0.0,0.0,0.0,0.0,1.0,0.0,2.0,0.0,18.0,0.0,0.0,0.0,0.0,0.0,7574.919148245828,0.0,0.0,0.0,nothing,20.0,0.0,0,26.857982543600034
88be085a11fffff,-33.71487880677669,150.95354085857588,0.0,2.0,0.0,2.0,0.0,0.0,0.0,1.0,2.0,10.0,0.0,14.0,0.0,0.0,0.0,0.0,0.0,18820.059109638347,0.0,4.0,4.0,7 kW,92.0,0.0,1,29.49939735501623
88be085a13fffff,-33.71374876532844,150.94269289575394,0.0,0.0,0.0,1.0,0.0,0.0,0.0,0.0,4.0,1.0,0.0,7.0,0.0,0.0,0.0,0.0,0.0,4846.235848369247,0.0,0.0,0.0,nothing,69.0,0.0,0,30.402986569613855
88be085a15fffff,-33.70762028957687,150.96014473051414,0.0,0.0,0.0,0.0,0.0,0.0,0.0,0.0,1.0,1.0,0.0,12.0,0.0,1.0,0.0,0.0,0.0,0.0,0.0,0.0,0.0,nothing,53.0,0.0,0,29.46739749806739
88be085a17fffff,-33.70649087717038,150.9492975164138,0.0,1.0,0.0,1.0,0.0,0.0,0.0,0.0,0.0,2.0,0.0,7.0,0.0,2.0,0.0,0.0,0.0,6114.857657142116,0.0,0.0,0.0,nothing,75.0,0.0,0,30.354990093643725
88be085a19fffff,-33.72326667004336,150.9577850697418,0.0,3.0,0.0,0.0,0.0,0.0,0.0,0.0,0.0,0.0,0.0,8.0,0.0,0.0,0.0,0.0,0.0,16111.9498424144,0.0,0.0,0.0,nothing,42.0,132000.0,0,28.6538574766309
88be085a1bfffff,-33.722136930703066,150.9469359080688,0.0,0.0,0.0,0.0,0.0,0.0,0.0,0.0,3.0,7.0,0.0,2.0,0.0,0.0,0.0,0.0,0.0,17215.254498196307,0.0,0.0,0.0,nothing,45.0,132000.0,0,29.56597937706235
88be085a1dfffff,-33.716007917015105,150.9643892711743,0.0,0.0,0.0,0.0,2.0,0.0,0.0,0.0,0.0,2.0,0.0,20.0,0.0,0.0,0.0,0.0,0.0,12063.984778644139,9363.777777777777,0.0,0.0,nothing,38.0,0.0,0,28.603148358448273
88be085a23fffff,-33.68584238349565,150.97994987580438,0.0,0.0,0.0,0.0,0.0,0.0,0.0,0.0,0.0,0.0,0.0,3.0,0.0,0.0,0.0,0.0,0.0,0.0,0.0,0.0,0.0,nothing,1.0,0.0,0,29.57941152390511
88be085a25fffff,-33.67970826688636,150.9973940987619,0.0,0.0,0.0,0.0,0.0,0.0,0.0,0.0,0.0,1.0,0.0,6.0,0.0,0.0,0.0,0.0,0.0,0.0,0.0,0.0,0.0,nothing,3.0,0.0,0,28.884432801917693
88be085a27fffff,-33.678582298361,150.98654943435596,0.0,0.0,0.0,0.0,0.0,0.0,0.0,0.0,0.0,0.0,0.0,4.0,0.0,0.0,0.0,0.0,0.0,0.0,0.0,0.0,0.0,nothing,2.0,0.0,0,29.685652871395675
88be085a29fffff,-33.695355595527396,150.9950420149358,0.0,0.0,0.0,0.0,0.0,0.0,0.0,0.0,0.0,0.0,0.0,12.0,0.0,1.0,0.0,0.0,0.0,792.0753227127324,0.0,0.0,0.0,nothing,23.0,0.0,0,27.83471431025347
88be085a2bfffff,-33.69422930187158,150.9841954032857,0.0,0.0,0.0,0.0,0.0,0.0,0.0,0.0,0.0,0.0,0.0,5.0,0.0,0.0,0.0,0.0,0.0,0.0,0.0,0.0,0.0,nothing,0.0,0.0,0,28.665391665073056
88be085a2dfffff,-33.68809464561695,151.00164115150747,0.0,0.0,0.0,0.0,0.0,0.0,0.0,0.0,0.0,1.0,0.0,0.0,0.0,0.0,1.0,0.0,0.0,0.0,0.0,0.0,0.0,nothing,0.0,0.0,0,27.947821016748918
88be085a31fffff,-33.6919739223385,150.96250352294692,1.0,0.0,0.0,1.0,0.0,1.0,0.0,0.0,2.0,1.0,0.0,4.0,0.0,0.0,0.0,0.0,0.0,10266.112587628453,0.0,0.0,0.0,nothing,78.0,0.0,0,30.360012562490837
88be085a33fffff,-33.69084483679039,150.95165825575728,0.0,2.0,0.0,2.0,1.0,0.0,0.0,0.0,0.0,5.0,0.0,6.0,0.0,0.0,0.0,0.0,0.0,6502.21331978549,0.0,0.0,0.0,nothing,120.0,0.0,0,31.222147502718368
88be085a37fffff,-33.68358639962397,150.95826039055308,0.0,1.0,0.0,0.0,0.0,0.0,0.0,0.0,0.0,1.0,0.0,6.0,0.0,0.0,0.0,0.0,0.0,5552.576359514291,0.0,0.0,0.0,nothing,36.0,0.0,0,31.257228528457453
88be085a39fffff,-33.7003613796195,150.96674752397243,0.0,0.0,0.0,1.0,0.0,1.0,1.0,0.0,0.0,0.0,0.0,13.0,0.0,0.0,0.0,0.0,0.0,17089.289249536992,0.0,0.0,0.0,nothing,39.0,0.0,0,29.47009293470734
88be085a3bfffff,-33.69923259600179,150.9559010587819,0.0,0.0,0.0,2.0,0.0,1.0,0.0,0.0,0.0,2.0,0.0,8.0,0.0,1.0,0.0,0.0,0.0,1554.950601909531,0.0,1.0,2.0,22 kW,103.0,0.0,1,30.34064937421605
88be085a3dfffff,-33.69310207742046,150.97334923903955,0.0,0.0,0.0,0.0,0.0,0.0,0.0,0.0,0.0,0.0,0.0,2.0,0.0,0.0,0.0,0.0,0.0,0.0,0.0,0.0,0.0,nothing,0.0,0.0,0,29.50747462536716
88be085a41fffff,-33.72777631007928,151.00118620460947,2.0,0.0,0.0,2.0,1.0,0.0,2.0,1.0,1.0,13.0,0.0,8.0,0.0,1.0,0.0,0.0,0.0,63485.029249812906,0.0,0.0,0.0,nothing,21.0,132000.0,0,25.08303628050885
88be085a43fffff,-33.72665029799842,150.99033524916692,1.0,3.0,0.0,1.0,0.0,0.0,0.0,0.0,2.0,2.0,0.0,17.0,0.0,0.0,0.0,0.0,0.0,29836.568016249377,0.0,0.0,0.0,nothing,29.0,132000.0,0,25.962478679662492
88be085a45fffff,-33.720515042574874,151.00778740433176,0.0,0.0,0.0,0.0,0.0,0.0,0.0,0.0,1.0,1.0,0.0,10.0,0.0,0.0,0.0,0.0,0.0,2172.95150801924,0.0,0.0,0.0,nothing,5.0,0.0,0,25.107222718008313
88be085a47fffff,-33.71938965882302,150.9969372001284,0.0,0.0,0.0,0.0,0.0,0.0,0.0,0.0,1.0,0.0,0.0,10.0,0.0,0.0,0.0,0.0,0.0,0.0,0.0,0.0,0.0,nothing,8.0,0.0,0,25.966031980174556
88be085a49fffff,-33.736162893303934,151.00543607889105,0.0,7.0,0.0,43.0,7.0,0.0,4.0,2.0,6.0,33.0,1.0,17.0,1.0,4.0,3.0,0.0,0.0,53712.41856686704,0.0,0.0,0.0,nothing,63.0,0.0,0,24.209976670784602
88be085a4bfffff,-33.7350371850602,150.9945839252898,0.0,0.0,0.0,0.0,0.0,0.0,0.0,0.0,2.0,1.0,0.0,6.0,0.0,0.0,0.0,0.0,0.0,3626.5128311257367,0.0,0.0,0.0,nothing,6.0,0.0,0,25.099616080933245
88be085a4dfffff,-33.72890138993418,151.01203760661798,1.0,2.0,0.0,5.0,2.0,0.0,0.0,0.0,3.0,17.0,0.0,15.0,0.0,0.0,0.0,0.0,0.0,17610.895966763263,0.0,3.0,3.0,22 kW,46.0,0.0,1,24.214052906737464
88be085a51fffff,-33.732782971478656,150.97288096015947,0.0,2.0,0.0,0.0,1.0,0.0,0.0,0.0,1.0,17.0,0.0,10.0,0.0,0.0,0.0,0.0,0.0,34801.30147401795,0.0,21.0,8.0,"22 kW, 5 kW",46.0,132000.0,1,26.905124789591714
88be085a53fffff,-33.73165446646982,150.96203015013188,2.0,10.0,0.0,14.0,0.0,1.0,2.0,0.0,52.0,6.0,0.0,14.0,0.0,3.0,2.0,0.0,0.0,123733.02320647959,0.0,12.0,14.0,"7 kW, kW",75.0,132000.0,1,27.819288338710315
88be085a55fffff,-33.72552335385581,150.97948474104112,0.0,6.0,0.0,2.0,1.0,0.0,1.0,0.0,1.0,15.0,0.0,12.0,0.0,1.0,0.0,0.0,0.0,21089.898052925128,7150.209302325581,5.0,3.0,kW,37.0,132000.0,1,26.85135067575481
88be085a57fffff,-33.724395477815904,150.9686346809826,0.0,0.0,0.0,0.0,0.0,0.0,0.0,0.0,0.0,4.0,0.0,6.0,0.0,0.0,0.0,0.0,0.0,2482.8061169589173,0.0,0.0,0.0,nothing,11.0,0.0,0,27.7487443844655
88be085a59fffff,-33.7411703975027,150.97712810892526,0.0,0.0,0.0,0.0,0.0,0.0,0.0,0.0,1.0,0.0,0.0,12.0,0.0,1.0,0.0,0.0,0.0,3909.119238443924,0.0,1.0,0.0,nothing,22.0,132000.0,1,26.07333769642794
88be085a5bfffff,-33.74004219555544,150.96627609996665,0.0,3.0,0.0,0.0,0.0,0.0,0.0,0.0,2.0,20.0,0.0,13.0,0.0,0.0,0.0,0.0,0.0,7935.485849312335,0.0,0.0,0.0,nothing,17.0,0.0,0,26.996708654677157
88be085a5dfffff,-33.733910544396984,150.98373221879567,0.0,1.0,1.0,1.0,0.0,1.0,0.0,0.0,0.0,11.0,0.0,14.0,0.0,0.0,0.0,0.0,0.0,35855.67590264201,0.0,0.0,0.0,nothing,31.0,132000.0,0,25.998301530842514
88be085a61fffff,-33.70486720420596,151.0101378641796,0.0,0.0,0.0,0.0,0.0,0.0,0.0,0.0,0.0,0.0,0.0,9.0,0.0,0.0,0.0,0.0,0.0,0.0,0.0,0.0,0.0,nothing,12.0,0.0,0,26.091026519827086
88be085a63fffff,-33.7037421448708,150.99928960871085,0.0,0.0,0.0,0.0,0.0,0.0,0.0,0.0,0.0,1.0,0.0,3.0,0.0,0.0,0.0,0.0,0.0,0.0,0.0,0.0,0.0,nothing,2.0,0.0,0,26.918361421677588
88be085a65fffff,-33.69760538979647,151.01673657744837,0.0,2.0,0.0,0.0,0.0,0.0,0.0,0.0,1.0,1.0,0.0,6.0,0.0,1.0,0.0,0.0,0.0,7724.7347141552145,5189.783068783069,0.0,0.0,nothing,7.0,0.0,0,26.211906633516836
88be085a67fffff,-33.696480958223695,151.00588907324,0.0,0.0,0.0,1.0,0.0,0.0,0.0,0.0,0.0,1.0,0.0,4.0,0.0,0.0,0.0,0.0,0.0,0.0,0.0,0.0,0.0,nothing,4.0,0.0,0,27.01649642206725
88be085a69fffff,-33.7132533830631,151.0143875245463,0.0,0.0,0.0,0.0,0.0,0.0,0.0,0.0,0.0,1.0,0.0,12.0,0.0,0.0,0.0,0.0,0.0,796.7520472094876,0.0,0.0,0.0,nothing,23.0,0.0,0,25.172058428585512
88be085a6bfffff,-33.712128627386846,151.00353807176947,0.0,0.0,0.0,0.0,0.0,0.0,0.0,0.0,0.0,0.0,0.0,15.0,0.0,0.0,0.0,0.0,0.0,0.0,0.0,0.0,0.0,nothing,6.0,0.0,0,26.008945825255612
88be085a6dfffff,-33.70599133206007,151.02098656534267,0.0,1.0,0.0,0.0,0.0,0.0,0.0,0.0,0.0,0.0,0.0,2.0,0.0,0.0,0.0,0.0,0.0,2536.5894965932325,0.0,0.0,0.0,nothing,5.0,66000.0,0,25.277231154410927
88be085a81fffff,-33.701963920678956,150.9059131673546,0.0,0.0,0.0,0.0,0.0,1.0,0.0,0.0,11.0,2.0,0.0,10.0,0.0,0.0,0.0,0.0,0.0,4647.3358258378485,0.0,0.0,0.0,nothing,17.0,0.0,0,33.97563132069487
88be085a83fffff,-33.70082985566767,150.8950682106711,0.0,0.0,0.0,0.0,0.0,0.0,0.0,0.0,0.0,0.0,0.0,7.0,0.0,0.0,0.0,0.0,0.0,0.0,0.0,0.0,0.0,nothing,15.0,132000.0,0,34.89561827262543
88be085a85fffff,-33.694708156592085,150.91251969995042,2.0,0.0,0.0,1.0,0.0,6.0,0.0,0.0,13.0,2.0,0.0,8.0,0.0,0.0,0.0,0.0,0.0,1030.3979176255814,0.0,0.0,0.0,nothing,42.0,132000.0,0,33.90215920967994
88be085a87fffff,-33.69357472133205,150.90167548947045,2.0,22.0,0.0,3.0,0.0,0.0,0.0,0.0,2.0,6.0,0.0,9.0,0.0,1.0,0.0,0.0,0.0,45594.68811291925,0.0,0.0,0.0,nothing,61.0,132000.0,0,34.809308809468014
88be085a89fffff,-33.71035305537777,150.91015171344304,2.0,3.0,0.0,9.0,2.0,0.0,0.0,0.0,16.0,15.0,0.0,4.0,0.0,1.0,0.0,0.0,0.0,6863.9264260430555,0.0,1.0,1.0,7 kW,11.0,0.0,1,33.15175500027692
88be085a8bfffff,-33.70921929074437,150.8993055572222,0.0,0.0,0.0,3.0,0.0,0.0,0.0,0.0,7.0,11.0,0.0,9.0,0.0,0.0,0.0,0.0,0.0,0.0,0.0,0.0,0.0,nothing,22.0,0.0,0,34.078970483398486
88be085a8dfffff,-33.703097055500685,150.9167585770196,0.0,0.0,0.0,0.0,1.0,0.0,0.0,0.0,0.0,3.0,0.0,5.0,0.0,0.0,0.0,0.0,0.0,7427.813296693797,0.0,1.0,1.0,7 kW,23.0,132000.0,1,33.061083232073
88be085a91fffff,-33.70694897049903,150.87761460609855,1.0,5.0,0.0,3.0,2.0,0.0,1.0,0.0,5.0,6.0,0.0,3.0,1.0,0.0,0.0,0.0,0.0,50707.782630687936,0.0,16.0,17.0,"22 kW, 7 kW",22.0,0.0,1,35.94729191457614
88be085a93fffff,-33.70581241521996,150.86676981269306,0.0,0.0,0.0,0.0,0.0,0.0,0.0,0.0,3.0,0.0,0.0,4.0,0.0,0.0,0.0,0.0,0.0,25986.004333978093,0.0,0.0,0.0,nothing,20.0,132000.0,0,36.88769163266801
88be085a95fffff,-33.69969486063298,150.88422370771767,0.0,1.0,0.0,0.0,0.0,0.0,0.0,0.0,0.0,0.0,0.0,10.0,0.0,0.0,0.0,0.0,0.0,4736.63489088019,0.0,0.0,0.0,nothing,22.0,132000.0,0,35.82062364430944
88be085a97fffff,-33.69855893574128,150.8733796592428,0.0,0.0,0.0,0.0,0.0,0.0,0.0,0.0,0.0,3.0,0.0,8.0,0.0,0.0,0.0,0.0,0.0,38525.79072446982,0.0,0.0,0.0,nothing,26.0,132000.0,0,36.75026714143488
88be085a99fffff,-33.71533894100153,150.8818504209428,0.0,0.0,0.0,0.0,0.0,0.0,0.0,0.0,1.0,0.0,0.0,12.0,0.0,0.0,0.0,0.0,0.0,0.0,0.0,0.0,0.0,nothing,18.0,0.0,0,35.15498755530058
88be085a9bfffff,-33.71420268532324,150.87100442723414,0.0,0.0,0.0,0.0,0.0,0.0,0.0,0.0,0.0,1.0,0.0,0.0,0.0,0.0,0.0,0.0,0.0,0.0,0.0,0.0,0.0,nothing,4.0,0.0,0,36.10185562645172
88be085a9dfffff,-33.708084595729346,150.88845985452443,0.0,0.0,0.0,0.0,1.0,0.0,0.0,0.0,0.0,2.0,0.0,11.0,0.0,0.0,0.0,0.0,0.0,249.45221230524493,0.0,0.0,0.0,nothing,41.0,0.0,0,35.010939830300025
88be085aa1fffff,-33.67906327190136,150.9148868153783,1.0,9.0,1.0,7.0,2.0,0.0,0.0,0.0,3.0,9.0,0.0,8.0,0.0,1.0,0.0,0.0,0.0,21883.536553789952,0.0,0.0,0.0,nothing,38.0,0.0,0,34.72452044666985
88be085aa3fffff,-33.67793016593905,150.90404454997872,0.0,0.0,0.0,1.0,0.0,0.0,0.0,0.0,4.0,2.0,0.0,0.0,0.0,1.0,0.0,0.0,0.0,0.0,0.0,2.0,0.0,nothing,2.0,330000.0,1,35.61064466974724
88be085aa5fffff,-33.67180695783751,150.92149086266258,0.0,2.0,0.0,0.0,0.0,0.0,0.0,0.0,0.0,0.0,0.0,7.0,0.0,0.0,0.0,0.0,0.0,6953.482760032183,0.0,3.0,0.0,nothing,9.0,330000.0,1,34.72625681060897
88be085aa7fffff,-33.67067448106097,150.91064934349245,1.0,0.0,0.0,0.0,0.0,0.0,0.0,0.0,0.0,2.0,0.0,9.0,0.0,0.0,0.0,0.0,0.0,13639.759986465864,0.0,2.0,0.0,nothing,9.0,330000.0,1,35.597885482119
88be085aa9fffff,-33.6874519989994,150.91912515509756,0.0,0.0,0.0,6.0,0.0,0.0,1.0,0.0,0.0,9.0,0.0,8.0,0.0,0.0,0.0,0.0,0.0,57675.038513793996,0.0,2.0,2.0,22 kW,63.0,132000.0,1,33.85874900526114
88be085aabfffff,-33.686319193238084,150.90828169101025,0.0,2.0,0.0,0.0,0.0,0.0,0.0,0.0,11.0,10.0,0.0,8.0,0.0,0.0,0.0,0.0,0.0,11718.21508954399,0.0,3.0,3.0,22 kW,25.0,132000.0,1,34.75222801744486
88be085aadfffff,-33.680195448416555,150.92572953288402,0.0,0.0,0.0,1.0,0.0,0.0,0.0,0.0,0.0,0.0,0.0,14.0,0.0,0.0,0.0,0.0,0.0,10494.323397918582,0.0,0.0,0.0,nothing,41.0,0.0,0,33.845516797253765
88be085ab1fffff,-33.68405079296357,150.88659612152557,0.0,0.0,0.0,0.0,0.0,0.0,0.0,0.0,0.0,0.0,0.0,4.0,0.0,0.0,0.0,0.0,0.0,0.0,0.0,3.0,0.0,nothing,5.0,330000.0,1,36.55788838745967
88be085ab3fffff,-33.68291519878269,150.87575401762453,0.0,0.0,0.0,0.0,0.0,0.0,0.0,0.0,0.0,0.0,0.0,9.0,0.0,0.0,0.0,0.0,0.0,1706.0855232648396,0.0,2.0,0.0,nothing,2.0,330000.0,1,37.469165827196434
88be085ab5fffff,-33.6767961306955,150.8932027374334,0.0,0.0,0.0,0.0,0.0,0.0,0.0,0.0,0.0,0.0,0.0,2.0,0.0,0.0,0.0,0.0,0.0,0.0,0.0,3.0,0.0,nothing,0.0,330000.0,1,36.50336955589916
88be085ab7fffff,-33.675661166336816,150.88236137849034,0.0,0.0,0.0,0.0,0.0,0.0,0.0,0.0,0.0,0.0,0.0,4.0,0.0,0.0,0.0,0.0,0.0,1706.0855232648396,0.0,0.0,0.0,nothing,0.0,0.0,0,37.402221141125786
88be085ab9fffff,-33.69244035624062,150.890831732179,0.0,0.0,0.0,0.0,0.0,0.0,2.0,0.0,0.0,0.0,0.0,5.0,0.0,0.0,0.0,0.0,0.0,1204.5573004809987,0.0,0.0,0.0,nothing,5.0,132000.0,0,35.722147975752904
88be085abbfffff,-33.691305061483995,150.8799884288245,0.0,0.0,0.0,0.0,0.0,0.0,0.0,0.0,0.0,0.0,0.0,8.0,0.0,0.0,0.0,0.0,0.0,0.0,0.0,0.0,0.0,nothing,6.0,0.0,0,36.64025011271592
88be085abdfffff,-33.685185457837456,150.89743867957017,0.0,0.0,0.0,0.0,0.0,0.0,0.0,0.0,0.0,0.0,0.0,4.0,0.0,0.0,0.0,0.0,0.0,0.0,0.0,0.0,0.0,nothing,0.0,132000.0,0,35.65209893238686
88be085ac1fffff,-33.71987465797997,150.92523893642633,0.0,0.0,0.0,1.0,1.0,1.0,0.0,1.0,11.0,8.0,0.0,10.0,0.0,1.0,0.0,0.0,0.0,48790.435305323466,0.0,1.0,1.0,7 kW,56.0,0.0,1,31.40879635770386
88be085ac3fffff,-33.7187421249281,150.91439112795618,0.0,0.0,0.0,0.0,0.0,0.0,0.0,0.0,6.0,0.0,0.0,10.0,0.0,0.0,0.0,0.0,0.0,37050.58626318451,0.0,3.0,4.0,22 kW,46.0,0.0,1,32.33843003352871
88be085ac5fffff,-33.712617792835566,150.93184538345815,1.0,0.0,0.0,2.0,0.0,0.0,3.0,0.0,0.0,2.0,0.0,10.0,0.0,0.0,0.0,0.0,0.0,41378.694431012016,0.0,0.0,0.0,nothing,93.0,132000.0,0,31.313279017243502
88be085ac7fffff,-33.71148588946346,150.9209983224381,0.0,0.0,0.0,1.0,0.0,1.0,0.0,0.0,5.0,3.0,0.0,6.0,0.0,0.0,0.0,0.0,0.0,0.0,0.0,0.0,0.0,nothing,31.0,132000.0,0,32.229705210331694
88be085ac9fffff,-33.728263360549725,150.92948041920474,0.0,0.0,0.0,0.0,0.0,0.0,0.0,0.0,0.0,2.0,0.0,14.0,0.0,0.0,0.0,0.0,0.0,56904.854828172756,0.0,0.0,0.0,nothing,27.0,0.0,0,30.59920040320313
88be085acbfffff,-33.72713112882946,150.9186314111145,0.0,1.0,0.0,2.0,0.0,0.0,0.0,0.0,7.0,5.0,0.0,12.0,0.0,0.0,0.0,0.0,0.0,27053.993439521888,0.0,0.0,0.0,nothing,25.0,0.0,0,31.536473881859138
88be085acdfffff,-33.721006259960156,150.93608719671371,2.0,1.0,0.0,0.0,0.0,0.0,0.0,0.0,2.0,2.0,0.0,6.0,0.0,0.0,0.0,0.0,0.0,100144.03390580232,0.0,0.0,0.0,nothing,45.0,132000.0,0,30.484479370447684
88be085ad1fffff,-33.72486387176273,150.8969347527608,0.0,1.0,0.0,0.0,0.0,0.0,0.0,0.0,1.0,4.0,0.0,13.0,0.0,1.0,0.0,0.0,0.0,7479.366775784025,0.0,0.0,0.0,nothing,24.0,0.0,0,33.424285845975376
88be085ad3fffff,-33.723728846748436,150.88608710399618,0.0,2.0,2.0,0.0,0.0,0.0,1.0,0.0,11.0,2.0,0.0,14.0,1.0,2.0,1.0,0.0,0.0,28926.475191249207,0.0,0.0,0.0,nothing,39.0,0.0,0,34.374092956744136
88be085ad5fffff,-33.717608660970335,150.90354377205279,0.0,0.0,0.0,1.0,0.0,0.0,0.0,0.0,6.0,1.0,0.0,10.0,0.0,0.0,0.0,0.0,0.0,2924.0827389493757,0.0,0.0,0.0,nothing,7.0,0.0,0,33.272933283801414
88be085ad7fffff,-33.71647426627273,150.8926968694653,0.0,0.0,0.0,0.0,0.0,0.0,0.0,0.0,1.0,3.0,0.0,10.0,0.0,0.0,0.0,0.0,0.0,13538.295059628881,0.0,0.0,0.0,nothing,24.0,0.0,0,34.21190562793831
88be085ad9fffff,-33.733253411698925,150.90117350463154,0.0,0.0,0.0,2.0,0.0,0.0,0.0,0.0,1.0,3.0,0.0,6.0,0.0,0.0,0.0,0.0,0.0,0.0,0.0,0.0,0.0,nothing,16.0,0.0,0,32.64890763274896
88be085adbfffff,-33.73211868723934,150.8903246554793,0.0,0.0,2.0,0.0,0.0,0.0,0.0,0.0,0.0,2.0,0.0,10.0,0.0,1.0,0.0,0.0,0.0,1763.7730133843813,0.0,0.0,0.0,nothing,24.0,0.0,0,33.605404549077136
88be085addfffff,-33.725997965845146,150.90778285538335,0.0,0.0,0.0,0.0,2.0,1.0,0.0,0.0,0.0,2.0,1.0,13.0,0.0,0.0,0.0,0.0,0.0,9836.162722356448,0.0,0.0,0.0,nothing,13.0,0.0,0,32.478297740013836
88be085ae1fffff,-33.69697223695421,150.9342094774817,0.0,0.0,0.0,2.0,0.0,0.0,0.0,0.0,1.0,4.0,0.0,8.0,0.0,0.0,0.0,0.0,0.0,9616.569452242302,0.0,0.0,0.0,nothing,88.0,0.0,0,32.10686094294906
88be085ae3fffff,-33.695840661854724,150.92336436287044,2.0,2.0,0.0,4.0,1.0,0.0,1.0,1.0,0.0,13.0,0.0,5.0,0.0,0.0,0.0,0.0,0.0,7371.616445290227,0.0,0.0,0.0,nothing,41.0,0.0,0,33.00116987062852
88be085ae5fffff,-33.68971482094104,150.94081343821986,0.0,0.0,0.0,2.0,0.0,1.0,0.0,0.0,0.0,1.0,0.0,8.0,0.0,0.0,0.0,0.0,0.0,2546.71994006243,0.0,5.0,5.0,7 kW,50.0,0.0,1,32.093104513323844
88be085ae7fffff,-33.68858387495559,150.92996907108366,0.0,8.0,0.0,16.0,0.0,1.0,3.0,2.0,1.0,29.0,0.0,11.0,0.0,6.0,0.0,0.0,0.0,20579.823397013388,0.0,0.0,0.0,nothing,127.0,0.0,0,32.972183020309636
88be085ae9fffff,-33.70536053391198,150.93845075229834,0.0,1.0,0.0,1.0,0.0,0.0,0.0,0.0,0.0,1.0,1.0,12.0,0.0,0.0,0.0,0.0,0.0,3285.764838866002,0.0,0.0,0.0,nothing,63.0,0.0,0,31.250217220019337
88be085aebfffff,-33.70422925996693,150.9276044389172,1.0,3.0,0.0,6.0,2.0,0.0,0.0,0.0,19.0,16.0,0.0,7.0,0.0,1.0,0.0,0.0,0.0,18186.46861654231,15014.061056105611,0.0,0.0,nothing,77.0,132000.0,0,32.15243965722803
88be085aedfffff,-33.698102881725,150.9450550430352,0.0,1.0,0.0,3.0,3.0,2.0,0.0,0.0,12.0,8.0,0.0,12.0,0.0,1.0,0.0,0.0,0.0,8951.36576529827,0.0,0.0,0.0,nothing,51.0,0.0,0,31.219808096290226
88be085b01fffff,-33.65904694410279,151.0280269128087,0.0,0.0,0.0,0.0,0.0,0.0,0.0,0.0,0.0,1.0,0.0,0.0,0.0,0.0,0.0,0.0,0.0,0.0,0.0,19.0,0.0,nothing,0.0,330000.0,1,28.753747873199845
88be085b03fffff,-33.65792378739401,151.01718405486378,0.0,0.0,0.0,0.0,0.0,0.0,0.0,0.0,0.0,0.0,0.0,0.0,0.0,0.0,0.0,0.0,0.0,0.0,0.0,2.0,0.0,nothing,0.0,330000.0,1,29.471405464536303
88be085b05fffff,-33.65178404583657,151.0346206573356,0.0,0.0,0.0,0.0,0.0,0.0,0.0,0.0,0.0,0.0,0.0,3.0,0.0,1.0,0.0,0.0,0.0,0.0,0.0,9.0,0.0,nothing,0.0,330000.0,1,29.03992808818519
88be085b07fffff,-33.65066151575684,151.02377855069213,0.0,0.0,0.0,0.0,0.0,0.0,0.0,0.0,0.0,0.0,0.0,1.0,0.0,0.0,0.0,0.0,0.0,0.0,0.0,7.0,0.0,nothing,0.0,330000.0,1,29.733373495800052
88be085b09fffff,-33.66743230713654,151.0322761436059,0.0,0.0,0.0,0.0,0.0,0.0,0.0,0.0,0.0,0.0,0.0,1.0,0.0,0.0,0.0,0.0,0.0,0.0,0.0,3.0,0.0,nothing,0.0,132000.0,1,27.77629590050759
88be085b0bfffff,-33.666309453730044,151.02143209005214,0.0,0.0,0.0,0.0,0.0,0.0,0.0,0.0,0.0,0.0,0.0,0.0,0.0,0.0,0.0,0.0,0.0,0.0,0.0,2.0,0.0,nothing,0.0,330000.0,1,28.500608169555193
88be085b0dfffff,-33.660169170820616,151.0388702147081,0.0,0.0,0.0,0.0,0.0,0.0,0.0,0.0,0.0,3.0,0.0,5.0,0.0,0.0,0.0,0.0,0.0,6331.860698761095,0.0,8.0,0.0,nothing,3.0,330000.0,1,28.05433321388948
88be085b11fffff,-33.664060956526036,150.99974531717587,0.0,0.0,0.0,0.0,0.0,0.0,0.0,0.0,1.0,0.0,0.0,6.0,0.0,0.0,0.0,0.0,0.0,0.0,0.0,3.0,0.0,nothing,2.0,330000.0,1,29.99947518072378
88be085b13fffff,-33.66293531305586,150.98890259935203,0.0,0.0,0.0,0.0,0.0,0.0,0.0,0.0,0.0,0.0,0.0,0.0,0.0,0.0,0.0,0.0,0.0,0.0,0.0,2.0,0.0,nothing,0.0,330000.0,1,30.77157964057737
88be085b15fffff,-33.65679970085766,151.0063416416226,0.0,0.0,0.0,3.0,1.0,0.0,1.0,0.0,3.0,7.0,0.0,5.0,0.0,1.0,0.0,0.0,0.0,3147.9758228560668,0.0,2.0,0.0,nothing,2.0,330000.0,1,30.2060041566935
88be085b17fffff,-33.65567468465738,150.99549967383436,0.0,0.0,0.0,0.0,0.0,0.0,0.0,0.0,0.0,0.0,0.0,4.0,0.0,0.0,0.0,0.0,0.0,0.0,0.0,1.0,0.0,nothing,0.0,330000.0,1,30.956336389521148
88be085b19fffff,-33.67244716347482,151.00399182898815,0.0,0.0,0.0,0.0,0.0,0.0,0.0,0.0,0.0,0.0,0.0,2.0,0.0,0.0,0.0,0.0,0.0,0.0,0.0,0.0,0.0,nothing,0.0,0.0,0,29.046208782711993
88be085b1bfffff,-33.67132182253248,150.9931479147834,0.0,0.0,0.0,0.0,0.0,0.0,0.0,0.0,0.0,0.0,0.0,0.0,0.0,0.0,0.0,0.0,0.0,0.0,0.0,2.0,0.0,nothing,0.0,330000.0,1,29.825832529460797
88be085b1dfffff,-33.66518567013869,151.0105884809923,0.0,0.0,0.0,0.0,0.0,0.0,0.0,0.0,0.0,0.0,0.0,0.0,0.0,0.0,0.0,0.0,0.0,0.0,0.0,3.0,0.0,nothing,0.0,330000.0,1,29.242092893276475
88be085b21fffff,-33.636135807869366,151.0369643085779,0.0,0.0,0.0,0.0,0.0,0.0,0.0,0.0,0.0,0.0,0.0,4.0,0.0,0.0,0.0,0.0,0.0,0.0,0.0,2.0,0.0,nothing,0.0,132000.0,1,30.351790133923167
88be085b23fffff,-33.635013601041216,151.02612414818248,0.0,0.0,0.0,0.0,0.0,0.0,0.0,0.0,0.0,0.0,0.0,4.0,0.0,0.0,0.0,0.0,0.0,0.0,0.0,3.0,0.0,nothing,0.0,330000.0,1,31.0158212925864
88be085b25fffff,-33.62887237265128,151.04355557081485,0.0,0.0,0.0,0.0,0.0,0.0,0.0,0.0,0.0,0.0,0.0,4.0,0.0,0.0,0.0,0.0,0.0,0.0,0.0,0.0,0.0,nothing,0.0,0.0,0,30.70633676794797
88be085b27fffff,-33.62775079188546,151.0327161617407,0.0,0.0,0.0,0.0,0.0,0.0,0.0,0.0,0.0,0.0,0.0,0.0,0.0,0.0,0.0,0.0,0.0,0.0,0.0,2.0,0.0,nothing,0.0,330000.0,1,31.34644154983665
88be085b29fffff,-33.6445207594475,151.0412133237226,0.0,0.0,0.0,5.0,0.0,5.0,0.0,0.0,17.0,24.0,0.0,5.0,3.0,0.0,0.0,0.0,0.0,6969.434523707536,0.0,4.0,0.0,nothing,4.0,330000.0,1,29.35818301962051
88be085b2bfffff,-33.64339885574326,151.03037196856693,0.0,0.0,0.0,0.0,0.0,0.0,0.0,0.0,0.0,0.0,0.0,0.0,0.0,0.0,0.0,0.0,0.0,843.3939241220507,0.0,5.0,0.0,nothing,0.0,330000.0,1,30.027142712673047
88be085b2dfffff,-33.637257085451736,151.04780491205955,0.0,0.0,0.0,3.0,0.0,7.0,1.0,0.0,6.0,11.0,0.0,0.0,0.0,0.0,0.0,0.0,0.0,7686.503903142324,0.0,3.0,0.0,nothing,2.0,132000.0,1,29.707482243152697
88be085b31fffff,-33.64115226017867,151.00869058988008,0.0,0.0,0.0,0.0,0.0,0.0,0.0,0.0,0.0,0.0,0.0,0.0,0.0,0.0,0.0,0.0,0.0,0.0,0.0,2.0,0.0,nothing,0.0,330000.0,1,31.42040568773397
88be085b37fffff,-33.632766400300355,151.00444515964543,0.0,0.0,0.0,0.0,0.0,0.0,0.0,0.0,0.0,0.0,0.0,0.0,0.0,0.0,0.0,0.0,0.0,0.0,0.0,2.0,0.0,nothing,0.0,330000.0,1,32.39816094648923
88be085b39fffff,-33.649538056043376,151.01293688821298,0.0,0.0,0.0,0.0,0.0,0.0,0.0,0.0,0.0,0.0,0.0,0.0,0.0,0.0,0.0,0.0,0.0,0.0,0.0,2.0,0.0,nothing,0.0,330000.0,1,30.444750602225653
88be085b3bfffff,-33.648413666859646,151.00209567064726,0.0,0.0,0.0,0.0,0.0,0.0,0.0,0.0,0.0,0.0,0.0,3.0,0.0,0.0,0.0,0.0,0.0,0.0,0.0,0.0,0.0,nothing,1.0,0.0,0,31.17283028014657
88be085b3dfffff,-33.64227602259921,151.01953105703643,0.0,0.0,0.0,0.0,0.0,0.0,0.0,0.0,0.0,1.0,0.0,5.0,0.0,0.0,0.0,0.0,0.0,733.8417819614806,0.0,0.0,0.0,nothing,0.0,0.0,0,30.714963653397806
88be085b41fffff,-33.676939223458554,151.04737193614315,0.0,0.0,0.0,0.0,0.0,0.0,0.0,0.0,0.0,0.0,0.0,0.0,0.0,0.0,0.0,0.0,0.0,0.0,0.0,1.0,0.0,nothing,0.0,132000.0,1,26.088742052329636
88be085b43fffff,-33.675817604357476,151.03652624330343,0.0,0.0,0.0,0.0,0.0,0.0,0.0,0.0,0.0,4.0,0.0,4.0,0.0,0.0,0.0,0.0,0.0,6290.504473101498,0.0,3.0,0.0,nothing,1.0,132000.0,1,26.8012566944549
88be085b45fffff,-33.66967522274178,151.0539655811968,0.0,0.0,0.0,0.0,0.0,0.0,0.0,0.0,0.0,0.0,0.0,0.0,0.0,0.0,0.0,0.0,0.0,0.0,0.0,5.0,0.0,nothing,0.0,132000.0,1,26.384819953707247
88be085b47fffff,-33.668554230194815,151.04312064090408,0.0,0.0,0.0,0.0,0.0,0.0,0.0,0.0,0.0,1.0,0.0,0.0,0.0,0.0,0.0,0.0,0.0,249.4519712724103,0.0,6.0,0.0,nothing,0.0,132000.0,1,27.07053629297196
88be085b49fffff,-33.68532415011118,151.05162410064509,0.0,0.0,0.0,0.0,0.0,0.0,0.0,0.0,0.0,0.0,0.0,0.0,0.0,0.0,0.0,0.0,0.0,0.0,0.0,4.0,0.0,nothing,0.0,132000.0,1,25.109186782642226
88be085b4bfffff,-33.68420283526498,151.04077721212096,0.0,0.0,0.0,0.0,0.0,0.0,0.0,0.0,0.0,0.0,0.0,0.0,0.0,0.0,0.0,0.0,0.0,0.0,0.0,3.0,0.0,nothing,0.0,132000.0,1,25.828904836758984
88be085b4dfffff,-33.67805991169114,151.05821807176687,0.0,0.0,0.0,0.0,0.0,0.0,0.0,0.0,0.0,0.0,0.0,0.0,0.0,0.0,0.0,0.0,0.0,0.0,0.0,2.0,0.0,nothing,0.0,132000.0,1,25.39667468778968
88be085b53fffff,-33.680833305003205,151.00823920949108,0.0,1.0,0.0,0.0,0.0,0.0,0.0,1.0,0.0,0.0,0.0,6.0,0.0,2.0,1.0,0.0,0.0,5648.160981024681,0.0,0.0,0.0,nothing,7.0,0.0,0,28.09690432813526
88be085b55fffff,-33.67469505455094,151.02568099399778,0.0,0.0,0.0,0.0,0.0,0.0,0.0,0.0,0.0,1.0,0.0,0.0,0.0,0.0,0.0,0.0,0.0,0.0,0.0,0.0,0.0,nothing,0.0,66000.0,0,27.53262949200596
88be085b57fffff,-33.67357157420222,151.01483618897612,0.0,0.0,0.0,0.0,0.0,0.0,0.0,0.0,0.0,0.0,0.0,0.0,0.0,0.0,0.0,0.0,0.0,0.0,0.0,0.0,0.0,nothing,1.0,0.0,0,28.281395765542683
88be085b59fffff,-33.69034318467446,151.02333421166543,0.0,2.0,0.0,0.0,0.0,0.0,0.0,1.0,1.0,5.0,0.0,5.0,0.0,2.0,0.0,0.0,0.0,12238.7537773086,0.0,0.0,0.0,nothing,29.0,66000.0,0,26.371053123904055
88be085b5bfffff,-33.68921938061063,151.0124874589045,0.0,0.0,0.0,0.0,0.0,0.0,0.0,0.0,0.0,1.0,0.0,7.0,0.0,0.0,0.0,0.0,0.0,8813.664433648257,0.0,0.0,0.0,nothing,21.0,0.0,0,27.151978653693263
88be085b5dfffff,-33.68308058935608,151.0299307669205,0.0,2.0,0.0,0.0,0.0,0.0,2.0,0.0,0.0,3.0,0.0,7.0,0.0,3.0,0.0,0.0,0.0,4377.690541165928,0.0,0.0,0.0,nothing,2.0,66000.0,0,26.567778818518036
88be085b61fffff,-33.654026316442135,151.05630620011866,0.0,0.0,0.0,0.0,0.0,0.0,0.0,0.0,0.0,0.0,0.0,0.0,0.0,0.0,0.0,0.0,0.0,420.62165600415045,1503.7017001545596,1.0,0.0,nothing,0.0,0.0,1,27.7121893862013
88be085b63fffff,-33.65290564611933,151.04546320739425,0.0,1.0,0.0,2.0,5.0,0.0,1.0,1.0,3.0,16.0,0.0,7.0,0.0,3.0,0.0,0.0,0.0,3968.0595444646406,0.0,0.0,0.0,nothing,13.0,0.0,0,28.36573118508601
88be085b67fffff,-33.64564173354888,151.0520551217543,0.0,0.0,0.0,0.0,0.0,0.0,0.0,0.0,0.0,0.0,0.0,0.0,0.0,0.0,0.0,0.0,0.0,0.0,0.0,3.0,0.0,nothing,0.0,330000.0,1,28.709404710930045
88be085b69fffff,-33.66241083363091,151.06055814737206,0.0,0.0,0.0,0.0,0.0,0.0,0.0,0.0,0.0,0.0,0.0,0.0,0.0,0.0,0.0,0.0,0.0,0.0,0.0,1.0,0.0,nothing,0.0,0.0,1,26.715934121139355
88be085b6bfffff,-33.6612904673843,151.04971395981246,0.0,0.0,0.0,0.0,0.0,0.0,0.0,0.0,0.0,0.0,0.0,0.0,0.0,0.0,0.0,0.0,0.0,0.0,0.0,3.0,0.0,nothing,0.0,0.0,1,27.374561557516678
88be085b6dfffff,-33.65514605664219,151.06714963475918,0.0,0.0,0.0,0.0,0.0,0.0,0.0,0.0,0.0,0.0,0.0,0.0,0.0,0.0,0.0,0.0,0.0,0.0,1422.058914728682,2.0,0.0,nothing,0.0,0.0,1,27.080799876218123
88be088921fffff,-34.21859417670051,150.75515098863346,0.0,0.0,0.0,0.0,0.0,0.0,0.0,0.0,0.0,0.0,0.0,0.0,0.0,0.0,0.0,0.0,0.0,0.0,0.0,1.0,0.0,nothing,0.0,330000.0,1,57.89638449001241
88be088927fffff,-34.21019789353981,150.75090318124742,0.0,0.0,0.0,0.0,0.0,0.0,0.0,0.0,0.0,0.0,0.0,0.0,0.0,0.0,0.0,0.0,0.0,0.0,0.0,2.0,0.0,nothing,0.0,330000.0,1,57.563547278891036
88be08892dfffff,-34.21974454183246,150.76605892717615,0.0,0.0,0.0,0.0,0.0,0.0,0.0,0.0,0.0,0.0,0.0,0.0,0.0,0.0,0.0,0.0,0.0,0.0,0.0,0.0,0.0,nothing,0.0,66000.0,0,57.246872876210716
88be088937fffff,-34.215137396730285,150.72242999174762,0.0,0.0,0.0,0.0,0.0,0.0,0.0,0.0,0.0,0.0,0.0,0.0,0.0,0.0,0.0,0.0,0.0,0.0,0.0,0.0,0.0,nothing,0.0,66000.0,0,59.905451379859095
88be0889a1fffff,-34.210515099171204,150.6788086013353,0.0,0.0,0.0,0.0,0.0,0.0,0.0,0.0,0.0,0.0,0.0,0.0,0.0,0.0,0.0,0.0,0.0,0.0,0.0,0.0,0.0,nothing,4.0,0.0,0,62.713216922865904
88be0889a5fffff,-34.203273981561956,150.68547274008776,0.0,0.0,0.0,0.0,0.0,0.0,0.0,0.0,0.0,0.0,0.0,0.0,0.0,0.0,0.0,0.0,0.0,0.0,0.0,0.0,0.0,nothing,1.0,0.0,0,61.73748659028123
88be0889a9fffff,-34.218913430467374,150.6830487575306,0.0,1.0,0.0,0.0,0.0,0.0,0.0,0.0,0.0,1.0,0.0,1.0,0.0,0.0,0.0,0.0,0.0,0.0,0.0,0.0,0.0,nothing,0.0,0.0,0,62.9781445339304
88be0889adfffff,-34.21167209350183,150.6897132389345,0.0,0.0,0.0,0.0,0.0,0.0,0.0,0.0,0.0,0.0,0.0,0.0,0.0,0.0,0.0,0.0,0.0,0.0,0.0,0.0,0.0,nothing,2.0,0.0,0,61.99838223231334
88be0889b3fffff,-34.21427720318545,150.63943008283908,0.0,0.0,0.0,0.0,0.0,0.0,0.0,0.0,0.0,0.0,0.0,0.0,0.0,0.0,0.0,0.0,0.0,0.0,0.0,0.0,0.0,nothing,0.0,66000.0,0,65.87300843057605
88be0889b5fffff,-34.20819827166364,150.65700075069935,0.0,0.0,0.0,0.0,0.0,0.0,0.0,0.0,0.0,0.0,0.0,0.0,0.0,0.0,0.0,0.0,0.0,0.0,2345.4074074074074,0.0,0.0,nothing,0.0,0.0,0,64.16694963162513
88be0889b7fffff,-34.207038438832676,150.64609753918003,0.0,0.0,0.0,0.0,0.0,0.0,0.0,0.0,0.0,0.0,0.0,0.0,0.0,0.0,0.0,0.0,0.0,0.0,0.0,0.0,0.0,nothing,0.0,11000.0,0,64.90530707063553
88be08c009fffff,-34.1055832972862,150.9662776786661,0.0,0.0,0.0,0.0,0.0,0.0,0.0,0.0,0.0,1.0,0.0,0.0,0.0,0.0,0.0,0.0,0.0,0.0,0.0,0.0,0.0,nothing,0.0,0.0,0,35.29875511972874
88be08c00dfffff,-34.09832486823883,150.97291131258112,0.0,0.0,0.0,0.0,0.0,0.0,0.0,0.0,0.0,2.0,0.0,0.0,0.0,0.0,0.0,0.0,0.0,0.0,0.0,0.0,0.0,nothing,0.0,0.0,0,34.28955996280612
88be08c019fffff,-34.110575224319895,150.93784422364573,0.0,0.0,0.0,6.0,0.0,0.0,0.0,0.0,23.0,2.0,0.0,0.0,0.0,0.0,0.0,0.0,0.0,6234.463341849075,0.0,0.0,0.0,nothing,0.0,132000.0,0,37.47223563120043
88be08c043fffff,-34.11397294236037,150.9705430028765,0.0,0.0,0.0,0.0,0.0,0.0,0.0,0.0,0.0,3.0,0.0,0.0,0.0,0.0,0.0,0.0,0.0,0.0,0.0,0.0,0.0,nothing,0.0,0.0,0,35.754854830040266
88be08c045fffff,-34.10784433374544,150.98807671150942,0.0,0.0,0.0,0.0,0.0,0.0,0.0,0.0,0.0,0.0,0.0,0.0,0.0,0.0,0.0,0.0,0.0,0.0,0.0,5.0,0.0,nothing,0.0,330000.0,1,34.21082648010589
88be08c049fffff,-34.123492871047155,150.9857109140743,0.0,0.0,0.0,0.0,0.0,0.0,0.0,0.0,0.0,0.0,0.0,0.0,0.0,0.0,0.0,0.0,0.0,0.0,0.0,3.0,0.0,nothing,0.0,330000.0,1,35.722152905434434
88be08c04dfffff,-34.116233357185386,150.9923444546001,0.0,0.0,0.0,0.0,0.0,0.0,0.0,0.0,0.0,1.0,0.0,0.0,0.0,0.0,0.0,0.0,0.0,0.0,0.0,5.0,0.0,nothing,0.0,330000.0,1,34.710785867753565
88be08c051fffff,-34.12009892272716,150.95300714426733,0.0,0.0,0.0,0.0,0.0,0.0,0.0,0.0,0.0,3.0,0.0,0.0,0.0,0.0,0.0,0.0,0.0,0.0,0.0,0.0,0.0,nothing,0.0,132000.0,0,37.31748422647588
88be08c053fffff,-34.11896571401987,150.94210679499102,0.0,0.0,0.0,0.0,0.0,0.0,0.0,0.0,0.0,0.0,0.0,0.0,0.0,0.0,0.0,0.0,0.0,0.0,0.0,0.0,0.0,nothing,0.0,132000.0,0,37.88855538196859
88be08c055fffff,-34.112841315621075,150.95964295592492,0.0,0.0,0.0,0.0,0.0,0.0,0.0,0.0,0.0,2.0,0.0,0.0,0.0,0.0,0.0,0.0,0.0,0.0,0.0,0.0,0.0,nothing,0.0,0.0,0,36.30806654089345
88be08c057fffff,-34.11170874288544,150.94874336259446,0.0,0.0,0.0,0.0,0.0,0.0,0.0,0.0,2.0,1.0,0.0,0.0,0.0,0.0,0.0,0.0,0.0,0.0,0.0,0.0,0.0,nothing,0.0,0.0,0,36.88082601208122
88be08c059fffff,-34.12848901663797,150.95727180335402,0.0,0.0,0.0,0.0,0.0,0.0,0.0,0.0,0.0,0.0,0.0,0.0,0.0,0.0,0.0,0.0,0.0,0.0,0.0,0.0,0.0,nothing,0.0,132000.0,0,37.77613048343947
88be08c05bfffff,-34.127356118088166,150.94637024360344,0.0,0.0,0.0,0.0,0.0,0.0,0.0,0.0,0.0,0.0,0.0,0.0,0.0,0.0,0.0,0.0,0.0,0.0,0.0,0.0,0.0,nothing,0.0,132000.0,0,38.32699922378503
88be08c061fffff,-34.0921957499199,150.99044163408274,0.0,0.0,0.0,0.0,0.0,0.0,0.0,0.0,0.0,4.0,0.0,0.0,0.0,0.0,0.0,0.0,0.0,0.0,0.0,1.0,0.0,nothing,0.0,330000.0,1,32.72324296474495
88be08c063fffff,-34.09106602899528,150.97954385776012,0.0,0.0,0.0,0.0,0.0,0.0,0.0,0.0,0.0,3.0,0.0,0.0,0.0,0.0,0.0,0.0,0.0,0.0,0.0,0.0,0.0,nothing,0.0,0.0,0,33.28049227556492
88be08c065fffff,-34.08493586623215,150.99707233335897,0.0,0.0,0.0,2.0,0.0,0.0,0.0,0.0,0.0,5.0,0.0,0.0,0.0,1.0,0.0,0.0,0.0,0.0,0.0,3.0,0.0,nothing,0.0,132000.0,1,31.712804117212404
88be08c067fffff,-34.08380678007192,150.9861753142934,0.0,0.0,0.0,0.0,0.0,0.0,0.0,0.0,0.0,0.0,0.0,0.0,0.0,0.0,0.0,0.0,0.0,0.0,0.0,3.0,0.0,nothing,0.0,330000.0,1,32.27156465711689
88be08c069fffff,-34.10058463434838,150.99470883112312,0.0,0.0,0.0,0.0,0.0,0.0,0.0,0.0,0.0,0.0,0.0,0.0,0.0,0.0,0.0,0.0,0.0,0.0,0.0,3.0,0.0,nothing,0.0,132000.0,1,33.19954087097729
88be08c06bfffff,-34.09945522418146,150.98380984597057,0.0,0.0,0.0,0.0,0.0,0.0,0.0,0.0,0.0,2.0,0.0,0.0,0.0,0.0,0.0,0.0,0.0,0.0,0.0,1.0,0.0,nothing,0.0,330000.0,1,33.73373438993466
88be08c06dfffff,-34.093324525262375,151.00133986162015,1.0,1.0,0.0,2.0,0.0,0.0,2.0,0.0,6.0,9.0,0.0,9.0,0.0,0.0,0.0,0.0,0.0,8769.560169803768,18052.555555555555,3.0,0.0,nothing,4.0,132000.0,1,32.188257237250255
88be08c0b3fffff,-34.07018406632977,150.85544651407326,0.0,0.0,0.0,0.0,0.0,0.0,0.0,0.0,0.0,1.0,0.0,0.0,0.0,0.0,0.0,0.0,0.0,1351.2421369772674,0.0,0.0,0.0,nothing,0.0,0.0,0,40.3812249974238
88be08c0b5fffff,-34.06407181844571,150.87297672959565,0.0,0.0,0.0,0.0,0.0,0.0,0.0,0.0,0.0,1.0,0.0,0.0,0.0,0.0,0.0,0.0,0.0,0.0,0.0,0.0,0.0,nothing,0.0,0.0,0,38.66327405647145
88be08c101fffff,-34.04637754793349,151.00842348919664,0.0,0.0,0.0,1.0,0.0,0.0,0.0,0.0,0.0,1.0,0.0,3.0,0.0,0.0,0.0,0.0,0.0,0.0,0.0,3.0,0.0,nothing,2.0,132000.0,1,27.822891965372772
88be08c103fffff,-34.04524974344595,150.99753115740148,0.0,0.0,0.0,2.0,0.0,0.0,0.0,0.0,0.0,2.0,0.0,0.0,0.0,0.0,0.0,0.0,0.0,0.0,0.0,2.0,0.0,nothing,0.0,330000.0,1,28.439927689425275
88be08c105fffff,-34.03911648521168,151.01504917360444,0.0,0.0,0.0,0.0,0.0,0.0,0.0,0.0,0.0,0.0,0.0,4.0,0.0,0.0,0.0,0.0,0.0,0.0,0.0,1.0,0.0,nothing,7.0,132000.0,1,26.818294511941037
88be08c107fffff,-34.037989314353716,151.00415759910993,0.0,0.0,0.0,2.0,0.0,0.0,0.0,0.0,2.0,6.0,0.0,6.0,0.0,0.0,0.0,0.0,0.0,4732.4998005208,8331.111111111111,1.0,0.0,nothing,43.0,132000.0,1,27.43917486405097
88be08c109fffff,-34.05476569790821,151.01269025577844,0.0,0.0,0.0,4.0,0.0,1.0,0.0,0.0,4.0,3.0,0.0,19.0,0.0,0.0,0.0,0.0,0.0,0.0,0.0,0.0,0.0,nothing,11.0,0.0,0,28.237569538760912
88be08c10bfffff,-34.05363820382029,151.0017967168761,0.0,0.0,0.0,1.0,0.0,0.0,0.0,0.0,0.0,3.0,0.0,10.0,0.0,1.0,0.0,0.0,0.0,1867.4627943835749,0.0,3.0,0.0,nothing,6.0,132000.0,1,28.827961873574864
88be08c10dfffff,-34.04750440833192,151.01931627044067,0.0,0.0,0.0,0.0,0.0,0.0,0.0,0.0,6.0,0.0,0.0,16.0,0.0,0.0,0.0,0.0,0.0,0.0,0.0,0.0,0.0,nothing,9.0,0.0,0,27.2295985669709
88be08c111fffff,-34.051380382960986,150.9800109898192,0.0,0.0,0.0,0.0,0.0,0.0,0.0,0.0,0.0,0.0,0.0,0.0,0.0,0.0,0.0,0.0,0.0,25442.747621728387,0.0,0.0,0.0,nothing,0.0,0.0,0,30.076484756518113
88be08c113fffff,-34.05025005652046,150.9691188031835,0.0,0.0,0.0,0.0,0.0,0.0,0.0,0.0,0.0,1.0,0.0,0.0,0.0,0.0,0.0,0.0,0.0,10927.014381824849,0.0,0.0,0.0,nothing,0.0,0.0,0,30.7318604181823
88be08c115fffff,-34.044120995034454,150.9866392758146,0.0,0.0,0.0,0.0,0.0,0.0,0.0,0.0,0.0,1.0,0.0,0.0,0.0,0.0,0.0,0.0,0.0,5827.2221462702055,0.0,0.0,0.0,nothing,0.0,0.0,0,29.07919279566109
88be08c11dfffff,-34.052509765449436,150.99090362796983,0.0,0.0,0.0,0.0,0.0,0.0,0.0,0.0,0.0,0.0,0.0,0.0,0.0,0.0,0.0,0.0,0.0,8881.231444952384,0.0,2.0,0.0,nothing,1.0,330000.0,1,29.441404251334752
88be08c121fffff,-34.023467236968706,151.01740721971944,0.0,0.0,0.0,0.0,0.0,0.0,0.0,0.0,0.0,6.0,0.0,5.0,0.0,0.0,0.0,0.0,0.0,3525.1852118396805,0.0,3.0,0.0,nothing,11.0,132000.0,1,25.44018505813789
88be08c123fffff,-34.02234038926605,151.0065176089618,0.0,0.0,0.0,1.0,0.0,0.0,0.0,0.0,0.0,0.0,0.0,0.0,0.0,0.0,0.0,0.0,0.0,0.0,0.0,0.0,0.0,nothing,7.0,0.0,0,26.09380509284863
88be08c125fffff,-34.01620558970886,151.02403039880184,0.0,0.0,0.0,1.0,0.0,0.0,0.0,0.0,1.0,3.0,0.0,6.0,0.0,1.0,0.0,0.0,0.0,19338.48442801748,0.0,2.0,0.0,nothing,51.0,132000.0,1,24.442155404416408
88be08c127fffff,-34.0150793750683,151.01314154536593,1.0,3.0,0.0,10.0,0.0,0.0,0.0,1.0,2.0,17.0,0.0,19.0,0.0,3.0,0.0,0.0,0.0,48103.819301483316,21842.666666666668,2.0,2.0,22 kW,52.0,0.0,1,25.10126986414703
88be08c129fffff,-34.03185501617133,151.02167377019018,0.0,1.0,0.0,1.0,0.0,0.0,0.0,0.0,0.0,2.0,0.0,2.0,0.0,0.0,0.0,0.0,0.0,0.0,0.0,0.0,0.0,nothing,2.0,0.0,0,25.814225422770903
88be08c12bfffff,-34.03072847868915,151.01078295318572,0.0,0.0,0.0,0.0,0.0,0.0,0.0,0.0,6.0,1.0,0.0,11.0,0.0,0.0,0.0,0.0,0.0,0.0,0.0,2.0,0.0,nothing,22.0,132000.0,1,26.439228694761887
88be08c12dfffff,-34.02459314132894,151.0282972790447,0.0,0.0,0.0,0.0,0.0,0.0,0.0,0.0,0.0,6.0,0.0,1.0,0.0,0.0,0.0,0.0,0.0,0.0,0.0,2.0,0.0,nothing,6.0,132000.0,1,24.810749617987913
88be08c131fffff,-34.02847257328072,150.98900266727867,0.0,0.0,0.0,0.0,0.0,0.0,0.0,0.0,0.0,0.0,0.0,0.0,0.0,0.0,0.0,0.0,0.0,5014.426522580077,0.0,0.0,0.0,nothing,1.0,0.0,0,27.75808956361458
88be08c135fffff,-34.02121259838584,150.9956284475307,0.0,0.0,0.0,0.0,0.0,0.0,0.0,0.0,0.0,1.0,0.0,0.0,0.0,0.0,0.0,0.0,0.0,0.0,0.0,1.0,0.0,nothing,0.0,330000.0,1,26.769836545028777
88be08c139fffff,-34.03686119976553,150.9932664742766,0.0,0.0,0.0,0.0,0.0,0.0,0.0,0.0,0.0,4.0,0.0,0.0,0.0,0.0,0.0,0.0,0.0,5579.524607303152,0.0,1.0,0.0,nothing,4.0,330000.0,1,28.08290503494552
88be08c13dfffff,-34.0296009976706,150.99989258529553,0.0,2.0,0.0,3.0,0.0,0.0,0.0,0.0,9.0,1.0,0.0,0.0,0.0,1.0,0.0,0.0,0.0,18810.205531399573,0.0,2.0,0.0,nothing,4.0,330000.0,1,27.087733001149626
88be08c141fffff,-34.06428000235852,151.02785309425664,0.0,0.0,0.0,0.0,0.0,0.0,0.0,0.0,0.0,0.0,0.0,0.0,0.0,0.0,0.0,0.0,0.0,0.0,0.0,0.0,0.0,nothing,3.0,0.0,0,28.143161181151587
88be08c143fffff,-34.06315376377613,151.0169578990781,0.0,2.0,1.0,8.0,2.0,0.0,3.0,1.0,1.0,12.0,0.0,15.0,0.0,6.0,0.0,0.0,0.0,31175.26569131772,0.0,0.0,0.0,nothing,53.0,0.0,0,28.681865686413204
88be08c145fffff,-34.0570178525752,151.03447868053223,0.0,0.0,0.0,1.0,0.0,1.0,0.0,0.0,0.0,3.0,0.0,18.0,0.0,0.0,0.0,0.0,0.0,0.0,0.0,0.0,0.0,nothing,8.0,0.0,0,27.131902622989855
88be08c147fffff,-34.05589224754813,151.02358424391713,0.0,1.0,0.0,2.0,1.0,0.0,0.0,0.0,0.0,3.0,0.0,15.0,0.0,0.0,0.0,0.0,0.0,248.87891593379968,0.0,0.0,0.0,nothing,15.0,0.0,0,27.671704330625577
88be08c14dfffff,-34.065405295969235,151.03874873769857,0.0,0.0,0.0,0.0,0.0,0.0,0.0,0.0,0.0,1.0,0.0,0.0,0.0,0.0,0.0,0.0,0.0,0.0,0.0,0.0,0.0,nothing,0.0,0.0,0,27.631136497046178
88be08c151fffff,-34.06928705525127,150.9994349617845,0.0,0.0,0.0,0.0,0.0,0.0,0.0,0.0,0.0,0.0,0.0,7.0,0.0,0.0,0.0,0.0,0.0,0.0,8819.40074906367,3.0,0.0,nothing,1.0,132000.0,1,30.25418838244721
88be08c153fffff,-34.06815829302307,150.98853990813424,0.0,0.0,0.0,0.0,0.0,0.0,0.0,0.0,0.0,0.0,0.0,0.0,0.0,0.0,0.0,0.0,0.0,0.0,0.0,2.0,0.0,nothing,0.0,330000.0,1,30.8393317157586
88be08c155fffff,-34.06202658038682,151.00606315292328,0.0,0.0,0.0,0.0,0.0,0.0,0.0,0.0,5.0,4.0,0.0,9.0,0.0,3.0,0.0,0.0,0.0,12701.787356741348,0.0,0.0,0.0,nothing,24.0,132000.0,0,29.245774146619613
88be08c157fffff,-34.06089845235562,150.99516885655214,0.0,0.0,0.0,0.0,0.0,0.0,0.0,0.0,0.0,0.0,0.0,0.0,0.0,0.0,0.0,0.0,0.0,0.0,0.0,2.0,0.0,nothing,0.0,330000.0,1,29.833455830051467
88be08c159fffff,-34.07767557363463,151.00370194388984,0.0,0.0,0.0,0.0,0.0,0.0,0.0,0.0,0.0,4.0,0.0,8.0,0.0,0.0,0.0,0.0,0.0,0.0,0.0,3.0,0.0,nothing,2.0,132000.0,1,30.702423703123287
88be08c15bfffff,-34.076547121985115,150.99280568227138,0.0,0.0,0.0,0.0,0.0,0.0,0.0,0.0,0.0,2.0,0.0,0.0,0.0,0.0,0.0,0.0,0.0,0.0,0.0,1.0,0.0,nothing,0.0,330000.0,1,31.26279132463353
88be08c15dfffff,-34.070414872643795,151.01033046576597,0.0,0.0,0.0,4.0,0.0,0.0,1.0,0.0,6.0,4.0,0.0,15.0,0.0,0.0,0.0,0.0,0.0,21921.11936412444,0.0,0.0,0.0,nothing,30.0,132000.0,0,29.692108368071793
88be08c161fffff,-34.04136799507729,151.03683366853943,0.0,0.0,0.0,2.0,0.0,0.0,0.0,0.0,0.0,2.0,0.0,4.0,0.0,0.0,0.0,0.0,0.0,0.0,0.0,0.0,0.0,nothing,0.0,0.0,0,25.651667073002056
88be08c163fffff,-34.040242712174454,151.02594119700078,0.0,0.0,0.0,0.0,0.0,0.0,0.0,0.0,1.0,1.0,0.0,9.0,0.0,0.0,0.0,0.0,0.0,0.0,0.0,0.0,0.0,nothing,7.0,0.0,0,26.221888917144604
88be08c165fffff,-34.03410525986759,151.0434567485048,0.0,0.0,0.0,0.0,0.0,1.0,0.0,0.0,1.0,3.0,0.0,4.0,0.0,0.0,0.0,0.0,0.0,2183.877037560892,0.0,0.0,0.0,nothing,2.0,0.0,0,24.641816135944147
88be08c167fffff,-34.03298060995233,151.0325650355497,0.0,0.0,0.0,0.0,0.0,0.0,0.0,0.0,1.0,1.0,0.0,12.0,0.0,0.0,0.0,0.0,0.0,0.0,0.0,0.0,0.0,nothing,7.0,0.0,0,25.21447268534496
88be08c169fffff,-34.04975529620205,151.0411031782365,0.0,0.0,0.0,2.0,0.0,0.0,0.0,0.0,1.0,2.0,0.0,16.0,0.0,0.0,0.0,0.0,0.0,0.0,0.0,0.0,0.0,nothing,8.0,0.0,0,26.12065318668047
88be08c16bfffff,-34.048630324476335,151.0302095003739,0.0,1.0,0.0,2.0,0.0,0.0,0.0,0.0,0.0,2.0,0.0,9.0,0.0,0.0,0.0,0.0,0.0,1275.5015974949736,0.0,0.0,0.0,nothing,7.0,0.0,0,26.66163427911574
88be08c16dfffff,-34.04249233375569,151.04772658746063,0.0,3.0,1.0,4.0,1.0,0.0,1.0,1.0,5.0,3.0,0.0,25.0,1.0,0.0,0.0,0.0,0.0,25837.96542044024,0.0,0.0,0.0,nothing,16.0,0.0,0,25.109414741961615
88be08c1a5fffff,-34.008302290348496,150.94781787567698,0.0,0.0,0.0,0.0,0.0,0.0,0.0,0.0,0.0,0.0,0.0,0.0,0.0,0.0,0.0,0.0,0.0,1675.5410357102987,0.0,0.0,0.0,nothing,0.0,0.0,0,29.481022174725457
88be08c1b3fffff,-34.01941123667509,150.90189960960728,0.0,0.0,0.0,0.0,0.0,0.0,0.0,0.0,0.0,0.0,0.0,1.0,0.0,0.0,0.0,0.0,0.0,0.0,0.0,3.0,0.0,nothing,0.0,330000.0,1,33.742654771139094
88be08c1b7fffff,-34.01215633681327,150.90853142284945,0.0,0.0,0.0,0.0,0.0,0.0,0.0,0.0,0.0,0.0,0.0,0.0,0.0,0.0,0.0,0.0,0.0,0.0,0.0,5.0,0.0,nothing,0.0,330000.0,1,32.80930955998036
88be08c203fffff,-34.15478979642078,150.98097669270842,0.0,0.0,0.0,0.0,0.0,0.0,0.0,0.0,0.0,0.0,0.0,0.0,0.0,0.0,0.0,0.0,0.0,0.0,0.0,5.0,0.0,nothing,0.0,330000.0,1,38.80489738148786
88be08c207fffff,-34.14753065736341,150.98761307678362,0.0,0.0,0.0,1.0,0.0,0.0,0.0,0.0,0.0,0.0,0.0,0.0,0.0,0.0,0.0,0.0,0.0,5070.665734784265,12534.18315018315,5.0,0.0,nothing,0.0,330000.0,1,37.794996654838386
88be08c20bfffff,-34.163179229875226,150.98524607453487,0.0,0.0,0.0,0.0,0.0,0.0,0.0,0.0,0.0,1.0,0.0,0.0,0.0,0.0,0.0,0.0,0.0,0.0,14675.78021978022,1.0,0.0,nothing,0.0,132000.0,1,39.363127366550565
88be08c215fffff,-34.15365877776659,150.97007104733288,0.0,0.0,0.0,0.0,0.0,0.0,0.0,0.0,0.0,0.0,0.0,0.0,0.0,0.0,0.0,0.0,0.0,0.0,0.0,0.0,0.0,nothing,0.0,132000.0,0,39.27611721723083
88be08c217fffff,-34.1525268114848,150.95916585528,0.0,0.0,0.0,0.0,0.0,0.0,0.0,0.0,0.0,0.0,0.0,0.0,0.0,0.0,0.0,0.0,0.0,0.0,0.0,0.0,0.0,nothing,0.0,132000.0,0,39.76758018539384
88be08c219fffff,-34.16930683639031,150.9677006535012,0.0,0.0,0.0,0.0,0.0,0.0,0.0,0.0,0.0,0.0,0.0,0.0,0.0,0.0,0.0,0.0,0.0,3148.856498450794,0.0,0.0,0.0,nothing,0.0,0.0,0,40.82490275862252
88be08c21dfffff,-34.162048522935216,150.97433921831112,0.0,0.0,0.0,0.0,0.0,0.0,0.0,0.0,0.0,0.0,0.0,0.0,0.0,0.0,0.0,0.0,0.0,0.0,0.0,2.0,0.0,nothing,0.0,330000.0,1,39.814867989948816
88be08c221fffff,-34.13301114368565,151.00088257433035,0.0,0.0,0.0,0.0,0.0,0.0,0.0,0.0,0.0,1.0,0.0,0.0,0.0,0.0,0.0,0.0,0.0,9513.716849281967,0.0,0.0,0.0,nothing,0.0,0.0,0,35.7754309328113
88be08c223fffff,-34.1318820323286,150.98997920331274,0.0,0.0,0.0,2.0,0.0,0.0,1.0,0.0,3.0,6.0,0.0,2.0,0.0,0.0,0.0,0.0,0.0,10712.131703531075,19335.32044198895,7.0,0.0,nothing,4.0,330000.0,1,36.243473888342
88be08c229fffff,-34.14139990574212,151.00515295141682,0.0,0.0,0.0,0.0,0.0,0.0,0.0,0.0,0.0,1.0,0.0,0.0,0.0,0.0,0.0,0.0,0.0,0.0,0.0,0.0,0.0,nothing,0.0,0.0,0,36.33822169127551
88be08c22bfffff,-34.14027110627955,150.99424837062736,1.0,0.0,0.0,0.0,0.0,0.0,0.0,0.0,0.0,4.0,0.0,0.0,0.0,0.0,0.0,0.0,0.0,9513.716849281967,0.0,2.0,0.0,nothing,4.0,132000.0,1,36.78517215394417
88be08c22dfffff,-34.134139307829926,151.01178639626093,0.0,0.0,0.0,0.0,0.0,0.0,0.0,0.0,0.0,1.0,0.0,0.0,0.0,0.0,0.0,0.0,0.0,0.0,0.0,0.0,0.0,nothing,0.0,0.0,0,35.3302628786142
88be08c235fffff,-34.130751973924376,150.97907628396987,0.0,0.0,0.0,0.0,0.0,0.0,0.0,0.0,1.0,2.0,0.0,0.0,0.0,0.0,0.0,0.0,0.0,0.0,0.0,0.0,0.0,nothing,0.0,0.0,0,36.73351609922202
88be08c23dfffff,-34.139141359410466,150.98334424129993,0.0,0.0,0.0,4.0,0.0,0.0,0.0,0.0,0.0,2.0,0.0,0.0,0.0,0.0,0.0,0.0,0.0,3547.6217020116173,0.0,3.0,0.0,nothing,0.0,330000.0,1,37.25433313723855
88be08c243fffff,-34.172698021003704,151.00042485439351,0.0,0.0,0.0,0.0,0.0,0.0,0.0,0.0,0.0,1.0,0.0,0.0,0.0,0.0,0.0,0.0,0.0,0.0,0.0,0.0,0.0,nothing,0.0,0.0,0,39.527779955398984
88be08c245fffff,-34.166565661113026,151.0179693542445,0.0,0.0,0.0,0.0,0.0,0.0,0.0,0.0,0.0,1.0,0.0,0.0,0.0,0.0,0.0,0.0,0.0,0.0,0.0,0.0,0.0,nothing,0.0,0.0,0,38.13758816520226
88be08c249fffff,-34.18221514850765,151.01560738616965,0.0,0.0,0.0,0.0,0.0,0.0,0.0,0.0,0.0,1.0,0.0,0.0,0.0,0.0,0.0,0.0,0.0,0.0,0.0,0.0,0.0,nothing,0.0,0.0,0,39.7691159862434
88be08c24bfffff,-34.181086963804226,151.00469720472893,0.0,0.0,0.0,0.0,0.0,0.0,0.0,0.0,1.0,0.0,0.0,0.0,0.0,0.0,0.0,0.0,0.0,0.0,0.0,0.0,0.0,nothing,0.0,0.0,0,40.13965033027947
88be08c24dfffff,-34.174954067630374,151.0222432464553,0.0,0.0,0.0,0.0,0.0,0.0,0.0,0.0,0.0,1.0,0.0,0.0,0.0,0.0,0.0,0.0,0.0,0.0,0.0,0.0,0.0,nothing,0.0,0.0,0,38.77151551183757
88be08c253fffff,-34.17769671612961,150.97196937041437,0.0,0.0,0.0,0.0,0.0,0.0,0.0,0.0,0.0,0.0,0.0,0.0,0.0,0.0,0.0,0.0,0.0,0.0,0.0,5.0,0.0,nothing,0.0,330000.0,1,41.38045822997038
88be08c257fffff,-34.170438179663485,150.97860826782167,0.0,0.0,0.0,0.0,0.0,0.0,0.0,0.0,0.0,0.0,0.0,0.0,0.0,0.0,0.0,0.0,0.0,0.0,0.0,4.0,0.0,nothing,0.0,330000.0,1,40.371727716274876
88be08c259fffff,-34.18721722579095,150.98714900333505,0.0,3.0,0.0,0.0,0.0,0.0,0.0,0.0,0.0,0.0,0.0,5.0,0.0,0.0,0.0,0.0,0.0,3055.2562202498084,0.0,0.0,0.0,nothing,4.0,0.0,0,41.53683950589534
88be08c25bfffff,-34.18608650672396,150.9762389661611,0.0,0.0,0.0,0.0,0.0,0.0,0.0,0.0,0.0,1.0,0.0,0.0,0.0,0.0,0.0,0.0,0.0,5530.509058586524,0.0,0.0,0.0,nothing,0.0,0.0,0,41.95300190173745
88be08c25dfffff,-34.17995783006291,150.99378747444746,0.0,0.0,0.0,1.0,0.0,0.0,0.0,0.0,1.0,1.0,0.0,6.0,0.0,0.0,0.0,0.0,0.0,5105.640186024799,0.0,0.0,0.0,nothing,0.0,0.0,0,40.532141906665736
88be08c261fffff,-34.15091611900428,151.0203304481431,0.0,0.0,0.0,0.0,0.0,0.0,0.0,0.0,1.0,0.0,0.0,0.0,0.0,0.0,0.0,0.0,0.0,0.0,0.0,0.0,0.0,nothing,0.0,0.0,0,36.5169908764783
88be08c263fffff,-34.14978857966685,151.00942420694898,0.0,1.0,0.0,0.0,0.0,0.0,0.0,0.0,0.0,0.0,0.0,0.0,0.0,0.0,0.0,0.0,0.0,0.0,0.0,0.0,0.0,nothing,0.0,0.0,0,36.920098191403916
88be08c265fffff,-34.14365466178577,151.0269634643337,0.0,0.0,0.0,0.0,0.0,0.0,0.0,0.0,1.0,5.0,0.0,0.0,0.0,0.0,0.0,0.0,0.0,0.0,0.0,0.0,0.0,nothing,0.0,0.0,0,35.51427030435497
88be08c26dfffff,-34.15204271024513,151.0312371390617,0.0,0.0,0.0,0.0,0.0,0.0,0.0,0.0,1.0,2.0,0.0,0.0,0.0,0.0,0.0,0.0,0.0,1236.014805290064,0.0,0.0,0.0,nothing,0.0,0.0,0,36.13781593154844
88be08c2a5fffff,-34.11783155928975,150.93120690064552,0.0,0.0,0.0,3.0,0.0,0.0,0.0,0.0,3.0,0.0,0.0,0.0,0.0,0.0,0.0,0.0,0.0,2169.9665589153547,0.0,0.0,0.0,nothing,0.0,0.0,0,38.47783865035922
88be08c2e5fffff,-34.13574643602297,150.9506345697066,0.0,0.0,0.0,0.0,0.0,0.0,0.0,0.0,0.0,0.0,0.0,0.0,0.0,0.0,0.0,0.0,0.0,0.0,0.0,0.0,0.0,nothing,0.0,132000.0,0,38.78681756043358
88be08c2edfffff,-34.14413666732247,150.9548997735242,0.0,0.0,0.0,0.0,0.0,0.0,0.0,0.0,0.0,0.0,0.0,0.0,0.0,0.0,0.0,0.0,0.0,0.0,0.0,0.0,0.0,nothing,0.0,132000.0,0,39.26726016652659
88be08c301fffff,-34.10509281394996,151.03830927414757,0.0,0.0,0.0,0.0,0.0,0.0,0.0,0.0,1.0,7.0,0.0,0.0,0.0,0.0,0.0,0.0,0.0,0.0,0.0,0.0,0.0,nothing,0.0,0.0,0,31.300602884336328
88be08c303fffff,-34.1039671885398,151.0274084895515,0.0,0.0,0.0,0.0,0.0,0.0,0.0,0.0,0.0,1.0,0.0,0.0,0.0,0.0,0.0,0.0,0.0,0.0,0.0,0.0,0.0,nothing,0.0,0.0,0,31.73747109285804
88be08c305fffff,-34.09783016750518,151.04493726870274,0.0,0.0,0.0,0.0,0.0,0.0,0.0,0.0,0.0,2.0,0.0,0.0,0.0,0.0,0.0,0.0,0.0,0.0,0.0,0.0,0.0,nothing,0.0,0.0,0,30.293843608653965
88be08c307fffff,-34.09670517614353,151.03403724391418,0.0,0.0,0.0,0.0,0.0,0.0,0.0,0.0,0.0,1.0,0.0,0.0,0.0,0.0,0.0,0.0,0.0,0.0,0.0,0.0,0.0,nothing,0.0,0.0,0,30.728285291628406
88be08c30dfffff,-34.10621749275862,151.04921050670123,0.0,0.0,0.0,0.0,0.0,0.0,0.0,0.0,0.0,1.0,0.0,0.0,0.0,0.0,0.0,0.0,0.0,0.0,0.0,0.0,0.0,nothing,0.0,0.0,0,30.890818043785355
88be08c321fffff,-34.082179926635426,151.04729148394657,0.0,0.0,0.0,0.0,0.0,0.0,0.0,0.0,0.0,3.0,0.0,0.0,0.0,0.0,0.0,0.0,0.0,0.0,0.0,0.0,0.0,nothing,0.0,0.0,0,28.71037344296489
88be08c325fffff,-34.0749166905569,151.05391696979902,0.0,0.0,0.0,7.0,0.0,3.0,2.0,0.0,8.0,72.0,0.0,0.0,0.0,0.0,0.0,0.0,0.0,19361.11830403132,0.0,0.0,0.0,nothing,0.0,0.0,0,27.70168232217988
88be08c327fffff,-34.073792654156605,151.0430196720957,0.0,0.0,0.0,0.0,0.0,0.0,0.0,0.0,0.0,2.0,0.0,0.0,0.0,0.0,0.0,0.0,0.0,0.0,0.0,0.0,0.0,nothing,0.0,0.0,0,28.157796216211853
88be08c329fffff,-34.090567112903784,151.05156417347405,0.0,0.0,0.0,0.0,0.0,0.0,0.0,0.0,0.0,1.0,0.0,0.0,0.0,0.0,0.0,0.0,0.0,0.0,0.0,0.0,0.0,nothing,0.0,0.0,0,29.287402113135492
88be08c32dfffff,-34.08330365066246,151.05818998855293,0.0,0.0,0.0,1.0,0.0,1.0,0.0,0.0,1.0,8.0,0.0,0.0,0.0,0.0,0.0,0.0,0.0,9873.189930362529,0.0,0.0,0.0,nothing,0.0,0.0,0,28.281313027498612
88be08c331fffff,-34.087191202221874,151.0188677227297,1.0,0.0,0.0,0.0,0.0,0.0,0.0,0.0,0.0,3.0,0.0,4.0,0.0,0.0,0.0,0.0,0.0,0.0,0.0,0.0,0.0,nothing,0.0,0.0,0,30.665285283358482
88be08c333fffff,-34.0860640070039,151.00796980309124,2.0,0.0,1.0,3.0,0.0,0.0,0.0,0.0,7.0,10.0,0.0,14.0,0.0,2.0,0.0,0.0,0.0,6934.576364404011,0.0,0.0,0.0,nothing,22.0,0.0,0,31.176976429005826
88be08c335fffff,-34.07992964118437,151.02549581672275,0.0,0.0,0.0,0.0,0.0,0.0,0.0,0.0,0.0,1.0,0.0,0.0,0.0,0.0,0.0,0.0,0.0,0.0,0.0,0.0,0.0,nothing,0.0,0.0,0,29.65390382780564
88be08c337fffff,-34.07880308008942,151.0145986556271,0.0,1.0,0.0,1.0,0.0,0.0,0.0,0.0,1.0,3.0,0.0,10.0,0.0,1.0,0.0,0.0,0.0,3821.950354283032,0.0,0.0,0.0,nothing,18.0,0.0,0,30.165699403510953
88be08c33bfffff,-34.09445235485725,151.0122385396118,0.0,0.0,0.0,0.0,0.0,0.0,0.0,0.0,0.0,1.0,0.0,0.0,0.0,0.0,0.0,0.0,0.0,0.0,0.0,0.0,0.0,nothing,0.0,0.0,0,31.676664614373106
88be08c33dfffff,-34.08831745172102,151.0297660915136,0.0,0.0,0.0,0.0,0.0,0.0,0.0,0.0,0.0,4.0,0.0,0.0,0.0,0.0,0.0,0.0,0.0,0.0,0.0,0.0,0.0,nothing,0.0,0.0,0,30.178959965303896
88be08c343fffff,-34.12186782770676,151.04685596900535,0.0,0.0,0.0,0.0,0.0,0.0,0.0,0.0,0.0,2.0,0.0,0.0,0.0,0.0,0.0,0.0,0.0,0.0,0.0,0.0,0.0,nothing,0.0,0.0,0,32.509312324344876
88be08c345fffff,-34.11572814942648,151.06438751034628,0.0,1.0,0.0,0.0,0.0,0.0,0.0,0.0,0.0,1.0,0.0,0.0,0.0,0.0,0.0,0.0,0.0,0.0,0.0,0.0,0.0,nothing,0.0,0.0,0,31.151332507220808
88be08c359fffff,-34.13639279381891,151.03359538981337,0.0,0.0,0.0,0.0,0.0,0.0,0.0,0.0,0.0,4.0,0.0,0.0,0.0,0.0,0.0,0.0,0.0,0.0,0.0,0.0,0.0,nothing,0.0,0.0,0,34.51205227847503
88be08c35bfffff,-34.135266524596055,151.02269066834262,0.0,0.0,0.0,0.0,0.0,0.0,0.0,0.0,1.0,0.0,0.0,0.0,0.0,0.0,0.0,0.0,0.0,0.0,0.0,0.0,0.0,nothing,0.0,0.0,0,34.908846189385834
88be08c35dfffff,-34.129130515620346,151.04022622467343,0.0,0.0,0.0,0.0,0.0,0.0,0.0,0.0,0.0,2.0,0.0,0.0,0.0,0.0,0.0,0.0,0.0,0.0,0.0,0.0,0.0,nothing,0.0,0.0,0,33.51038251317247
88be08c363fffff,-34.09895421245974,151.05583774090113,0.0,0.0,0.0,0.0,0.0,0.0,0.0,0.0,1.0,1.0,0.0,0.0,0.0,0.0,0.0,0.0,0.0,0.0,0.0,0.0,0.0,nothing,0.0,0.0,0,29.887466892080777
88be08c36bfffff,-34.10734122480131,151.06011218645085,0.0,0.0,0.0,0.0,0.0,0.0,0.0,0.0,0.0,1.0,0.0,0.0,0.0,0.0,0.0,0.0,0.0,0.0,0.0,0.0,0.0,nothing,0.0,0.0,0,30.509209403988418
88be08c405fffff,-34.124743182730576,150.769602222124,0.0,0.0,0.0,0.0,0.0,0.0,0.0,0.0,0.0,0.0,0.0,0.0,0.0,0.0,0.0,0.0,0.0,0.0,0.0,7.0,0.0,nothing,0.0,330000.0,1,50.337536596480646
88be08c409fffff,-34.14038516420209,150.7671959088528,0.0,0.0,0.0,0.0,0.0,0.0,0.0,0.0,0.0,0.0,0.0,0.0,0.0,0.0,0.0,0.0,0.0,0.0,0.0,7.0,0.0,nothing,0.0,330000.0,1,51.5259369594624
88be08c40dfffff,-34.13313855976032,150.77384768616676,0.0,0.0,0.0,0.0,0.0,0.0,0.0,0.0,0.0,0.0,0.0,0.0,0.0,0.0,0.0,0.0,0.0,0.0,0.0,6.0,0.0,nothing,0.0,330000.0,1,50.55677600084539
88be08c411fffff,-34.13693342604708,150.73450436622122,0.0,0.0,0.0,0.0,0.0,0.0,0.0,0.0,0.0,0.0,0.0,0.0,0.0,0.0,0.0,0.0,0.0,0.0,0.0,3.0,0.0,nothing,0.0,66000.0,1,53.773160170251096
88be08c415fffff,-34.12968874192407,150.74115838370815,0.0,0.0,0.0,0.0,0.0,0.0,0.0,0.0,1.0,1.0,0.0,0.0,0.0,1.0,0.0,0.0,0.0,476.47125292450136,0.0,0.0,0.0,nothing,2.0,0.0,0,52.81605771607058
88be08c417fffff,-34.12853691424632,150.7302628871026,0.0,0.0,0.0,0.0,0.0,0.0,0.0,0.0,0.0,0.0,0.0,0.0,0.0,0.0,0.0,0.0,0.0,0.0,0.0,5.0,0.0,nothing,0.0,66000.0,1,53.586274941957086
88be08c41bfffff,-34.144177691555925,150.7278492625743,0.0,0.0,0.0,0.0,0.0,0.0,0.0,0.0,0.0,0.0,0.0,0.0,0.0,0.0,0.0,0.0,0.0,0.0,0.0,3.0,0.0,nothing,0.0,66000.0,1,54.73220091899569
88be08c421fffff,-34.10910114723523,150.77200764626912,0.0,0.0,0.0,0.0,0.0,0.0,0.0,0.0,0.0,1.0,0.0,0.0,0.0,0.0,0.0,0.0,0.0,0.0,0.0,8.0,0.0,nothing,0.0,330000.0,1,49.1826464704056
88be08c425fffff,-34.10185415451818,150.7786565730285,0.0,0.0,0.0,0.0,0.0,0.0,0.0,0.0,0.0,0.0,0.0,0.0,0.0,0.0,0.0,0.0,0.0,0.0,0.0,0.0,0.0,nothing,0.0,66000.0,0,48.22987651998018
88be08c427fffff,-34.10070582959528,150.76776359378673,0.0,1.0,0.0,8.0,0.0,0.0,0.0,0.0,14.0,2.0,0.0,10.0,1.0,0.0,0.0,0.0,0.0,15519.586861476388,0.0,6.0,0.0,nothing,9.0,330000.0,1,49.0093084017726
88be08c42bfffff,-34.11634772365084,150.76535763350122,0.0,0.0,0.0,0.0,0.0,0.0,0.0,0.0,0.0,0.0,0.0,0.0,0.0,0.0,0.0,0.0,0.0,0.0,0.0,5.0,0.0,nothing,0.0,330000.0,1,50.137699779324564
88be08c42dfffff,-34.110249167761744,150.78290183933134,0.0,0.0,0.0,0.0,0.0,0.0,0.0,0.0,0.0,0.0,0.0,0.0,0.0,0.0,0.0,0.0,0.0,0.0,0.0,0.0,0.0,nothing,4.0,0.0,0,48.4165854806112
88be08c431fffff,-34.11404757243632,150.74356915577104,0.0,0.0,0.0,0.0,0.0,0.0,0.0,0.0,1.0,1.0,0.0,0.0,0.0,0.0,0.0,0.0,0.0,1208.4007446811306,0.0,0.0,0.0,nothing,0.0,0.0,0,51.686879075696964
88be08c433fffff,-34.11289608144122,150.73267561992745,0.0,0.0,0.0,0.0,0.0,0.0,0.0,0.0,0.0,0.0,0.0,0.0,0.0,0.0,0.0,0.0,0.0,0.0,0.0,6.0,0.0,nothing,0.0,66000.0,1,52.47364360042988
88be08c435fffff,-34.106802275293845,150.7502206615043,0.0,0.0,0.0,0.0,0.0,0.0,0.0,0.0,1.0,0.0,0.0,1.0,0.0,0.0,0.0,0.0,0.0,7706.048003514128,0.0,0.0,0.0,nothing,3.0,0.0,0,50.7407358972102
88be08c437fffff,-34.105651424220156,150.73932787131662,0.0,0.0,0.0,0.0,0.0,0.0,0.0,0.0,0.0,26.0,0.0,1.0,0.0,0.0,0.0,0.0,0.0,1461.9656836262523,0.0,0.0,0.0,nothing,0.0,0.0,0,51.531977223315195
88be08c439fffff,-34.12244363970213,150.7478113151216,0.0,0.0,0.0,0.0,0.0,0.0,1.0,0.0,1.0,0.0,0.0,1.0,0.0,0.0,0.0,0.0,0.0,476.47125292450136,0.0,0.0,0.0,nothing,0.0,0.0,0,51.86100133604654
88be08c43bfffff,-34.12129245225889,150.73691656433263,0.0,0.0,0.0,0.0,0.0,0.0,0.0,0.0,0.0,0.0,0.0,0.0,0.0,0.0,0.0,0.0,0.0,0.0,1729.8148148148148,0.0,0.0,nothing,0.0,0.0,0,52.63543494684322
88be08c43dfffff,-34.11519811989649,150.75446316054808,0.0,0.0,0.0,0.0,0.0,0.0,0.0,0.0,0.0,1.0,0.0,0.0,0.0,0.0,0.0,0.0,0.0,0.0,20952.755102040817,0.0,0.0,nothing,0.0,0.0,0,50.90810665541955
88be08c443fffff,-34.14878068079866,150.77144190942633,0.0,0.0,0.0,0.0,0.0,0.0,0.0,0.0,0.0,0.0,0.0,0.0,0.0,0.0,0.0,0.0,0.0,0.0,0.0,7.0,0.0,nothing,0.0,330000.0,1,51.76968759128849
88be08c453fffff,-34.15372620357963,150.74298995048932,0.0,0.0,0.0,0.0,0.0,0.0,0.0,0.0,0.0,0.0,0.0,0.0,0.0,0.0,0.0,0.0,0.0,6002.368354816486,0.0,0.0,0.0,nothing,0.0,0.0,0,54.20151627490655
88be08c45dfffff,-34.15602708923543,150.76478870597097,0.0,0.0,0.0,0.0,0.0,0.0,0.0,0.0,0.0,0.0,0.0,0.0,0.0,0.0,0.0,0.0,0.0,0.0,0.0,5.0,0.0,nothing,0.0,330000.0,1,52.745582748859015
88be08c485fffff,-34.116678266953066,150.69334226359817,0.0,0.0,0.0,0.0,0.0,0.0,0.0,0.0,0.0,0.0,0.0,0.0,0.0,0.0,0.0,0.0,0.0,0.0,2996.074074074074,0.0,0.0,nothing,0.0,0.0,0,55.80955360822312
88be08c499fffff,-34.13724487718991,150.66247441892082,0.0,0.0,0.0,0.0,0.0,0.0,0.0,0.0,0.0,1.0,0.0,0.0,0.0,0.0,0.0,0.0,0.0,0.0,0.0,0.0,0.0,nothing,0.0,0.0,0,59.41740838499993
88be08c4a1fffff,-34.10103858989684,150.6957614095288,0.0,0.0,0.0,0.0,0.0,0.0,0.0,0.0,0.0,1.0,0.0,0.0,0.0,0.0,0.0,0.0,0.0,0.0,0.0,0.0,0.0,nothing,0.0,0.0,0,54.76996707315169
88be08c4a5fffff,-34.09379607619561,150.7024155533874,0.0,0.0,0.0,2.0,0.0,1.0,0.0,0.0,10.0,4.0,0.0,0.0,0.0,0.0,0.0,0.0,0.0,0.0,0.0,0.0,0.0,nothing,2.0,0.0,0,53.849287123322185
88be08c4a7fffff,-34.09264115158238,150.6915258595592,1.0,0.0,0.0,1.0,0.0,0.0,0.0,0.0,0.0,1.0,0.0,5.0,0.0,0.0,0.0,0.0,0.0,16250.672036928716,0.0,0.0,0.0,nothing,6.0,0.0,0,54.679958958160874
88be08c4a9fffff,-34.10943594895856,150.69999783356909,0.0,0.0,0.0,0.0,0.0,0.0,0.0,0.0,0.0,0.0,0.0,0.0,0.0,0.0,0.0,0.0,0.0,3193.5794437936356,0.0,0.0,0.0,nothing,0.0,0.0,0,54.878425693428966
88be08c4b5fffff,-34.09872651712009,150.673981008605,0.0,0.0,0.0,0.0,0.0,0.0,0.0,0.0,0.0,0.0,0.0,1.0,0.0,0.0,0.0,0.0,0.0,0.0,0.0,0.0,0.0,nothing,0.0,0.0,0,56.42835426236996
88be08c4b9fffff,-34.11436551538403,150.6715579452817,0.0,0.0,0.0,0.0,0.0,0.0,0.0,0.0,0.0,1.0,0.0,0.0,0.0,0.0,0.0,0.0,0.0,0.0,0.0,0.0,0.0,nothing,0.0,0.0,0,57.43798814837105
88be08c4c5fffff,-34.134627545615864,150.71271235235665,0.0,0.0,0.0,0.0,0.0,0.0,0.0,0.0,0.0,0.0,0.0,0.0,0.0,0.0,0.0,0.0,0.0,0.0,0.0,3.0,0.0,nothing,0.0,66000.0,1,55.31333197796434
88be08c4c9fffff,-34.150267788045966,150.71029533980027,0.0,0.0,0.0,0.0,0.0,0.0,0.0,0.0,0.0,0.0,0.0,0.0,0.0,0.0,0.0,0.0,0.0,0.0,0.0,0.0,0.0,nothing,0.0,66000.0,0,56.45133984380052
88be08c4cdfffff,-34.14302458265501,150.71695227492265,0.0,0.0,0.0,0.0,0.0,0.0,0.0,0.0,0.0,0.0,0.0,0.0,0.0,0.0,0.0,0.0,0.0,0.0,0.0,1.0,0.0,nothing,0.0,66000.0,1,55.49433565553894
88be08c4d1fffff,-34.14680087216971,150.6776049743448,0.0,0.0,0.0,0.0,0.0,0.0,0.0,0.0,2.0,3.0,0.0,1.0,0.0,0.0,0.0,0.0,0.0,815.358531781715,0.0,0.0,0.0,nothing,0.0,0.0,0,58.772151742788
88be08c4d3fffff,-34.145643345382304,150.6667091327804,0.0,0.0,0.0,0.0,0.0,0.0,0.0,0.0,0.0,1.0,0.0,0.0,0.0,0.0,0.0,0.0,0.0,0.0,0.0,0.0,0.0,nothing,0.0,0.0,0,59.560099857023346
88be08c4e1fffff,-34.11898724636964,150.71512847196672,0.0,0.0,0.0,0.0,0.0,0.0,0.0,0.0,0.0,0.0,0.0,0.0,0.0,0.0,1.0,0.0,0.0,7361.556221635503,0.0,0.0,0.0,nothing,0.0,0.0,0,54.20788539894517
88be08c4e9fffff,-34.12738414265423,150.71936786053365,0.0,0.0,0.0,0.0,0.0,0.0,0.0,0.0,0.0,0.0,0.0,0.0,0.0,0.0,0.0,0.0,0.0,0.0,0.0,3.0,0.0,nothing,0.0,66000.0,1,54.36444913456715
88be08c4edfffff,-34.120140321090965,150.72602228302853,0.0,0.0,0.0,0.0,0.0,0.0,0.0,0.0,0.0,0.0,0.0,0.0,0.0,0.0,0.0,0.0,0.0,0.0,0.0,6.0,0.0,nothing,0.0,66000.0,1,53.4178450803665
88be08c501fffff,-34.08125614935151,150.80948804000724,0.0,0.0,0.0,2.0,0.0,0.0,1.0,0.0,3.0,2.0,0.0,1.0,0.0,1.0,0.0,0.0,0.0,44121.67091481392,0.0,0.0,0.0,nothing,35.0,0.0,0,44.601536217076024
88be08c503fffff,-34.08011068371235,150.79859683812626,0.0,4.0,0.0,0.0,0.0,0.0,8.0,0.0,4.0,20.0,0.0,5.0,1.0,1.0,0.0,0.0,0.0,78836.712867971,0.0,0.0,0.0,nothing,31.0,0.0,0,45.386708191816304
88be08c505fffff,-34.07400685849078,150.81613187532307,0.0,0.0,0.0,0.0,0.0,0.0,0.0,0.0,1.0,1.0,0.0,0.0,0.0,0.0,0.0,0.0,0.0,11810.013504951314,12319.0,0.0,0.0,nothing,13.0,0.0,0,43.654227414781396
88be08c507fffff,-34.07286203094366,150.80524142172249,1.0,1.0,0.0,15.0,3.0,0.0,1.0,1.0,40.0,25.0,0.0,5.0,0.0,0.0,0.0,0.0,0.0,159071.4618206082,1809.4,0.0,0.0,nothing,119.0,0.0,0,44.44457242379838
88be08c509fffff,-34.0896501869228,150.81373553326318,0.0,0.0,0.0,0.0,0.0,0.0,0.0,0.0,0.0,0.0,0.0,0.0,0.0,0.0,0.0,0.0,0.0,0.0,0.0,0.0,0.0,nothing,7.0,0.0,0,44.78074796575633
88be08c50bfffff,-34.08850502622448,150.80284311883753,0.0,1.0,0.0,0.0,0.0,0.0,1.0,0.0,4.0,6.0,0.0,5.0,0.0,1.0,0.0,0.0,0.0,13534.026772322473,0.0,0.0,0.0,nothing,14.0,0.0,0,45.551588630655594
88be08c50dfffff,-34.08240067189658,150.82037970579626,0.0,0.0,0.0,0.0,0.0,0.0,0.0,0.0,0.0,0.0,0.0,0.0,0.0,0.0,0.0,0.0,0.0,1875.0803167322547,0.0,0.0,0.0,nothing,11.0,0.0,0,43.82571157994311
88be08c511fffff,-34.086211875143015,150.781059684118,0.0,0.0,0.0,0.0,0.0,0.0,0.0,0.0,0.0,3.0,0.0,0.0,0.0,0.0,0.0,0.0,0.0,8055.033260504908,0.0,0.0,0.0,nothing,10.0,0.0,0,47.120773415736465
88be08c513fffff,-34.08506388509958,150.77016866533884,0.0,0.0,0.0,1.0,0.0,0.0,0.0,0.0,1.0,1.0,0.0,0.0,0.0,0.0,0.0,0.0,0.0,4672.063399491461,0.0,14.0,0.0,nothing,0.0,330000.0,1,47.91821477574103
88be08c515fffff,-34.07896427514866,150.78770610091064,0.0,0.0,0.0,0.0,0.0,0.0,0.0,0.0,0.0,0.0,0.0,0.0,0.0,0.0,0.0,0.0,0.0,8055.033260504908,0.0,0.0,0.0,nothing,7.0,0.0,0,46.18074964243469
88be08c517fffff,-34.077816923830234,150.77681582911762,0.0,0.0,0.0,0.0,0.0,0.0,0.0,0.0,0.0,0.0,0.0,0.0,0.0,0.0,0.0,0.0,0.0,0.0,0.0,2.0,0.0,nothing,4.0,330000.0,1,46.98320979890033
88be08c519fffff,-34.09460674601507,150.78530441386644,0.0,0.0,0.0,0.0,0.0,0.0,0.0,0.0,5.0,2.0,0.0,0.0,0.0,0.0,0.0,0.0,0.0,604.65117283008,0.0,0.0,0.0,nothing,11.0,66000.0,0,47.27952846036782
88be08c51bfffff,-34.09345906013035,150.77441218177236,0.0,0.0,0.0,0.0,0.0,0.0,0.0,0.0,0.0,3.0,0.0,0.0,0.0,0.0,0.0,0.0,0.0,0.0,0.0,5.0,0.0,nothing,5.0,330000.0,1,48.06368199285671
88be08c51dfffff,-34.087358922241314,150.79195116886999,0.0,0.0,0.0,0.0,0.0,0.0,0.0,0.0,0.0,3.0,0.0,0.0,0.0,0.0,0.0,0.0,0.0,0.0,0.0,0.0,0.0,nothing,20.0,0.0,0,46.33175181992259
88be08c521fffff,-34.058363484749115,150.81852733228433,0.0,4.0,0.0,0.0,0.0,0.0,0.0,0.0,1.0,12.0,0.0,0.0,0.0,0.0,0.0,0.0,0.0,44580.05491528884,0.0,0.0,0.0,nothing,34.0,0.0,0,42.56979824131607
88be08c523fffff,-34.057218990277754,150.80763883884154,0.0,0.0,0.0,0.0,0.0,0.0,0.0,0.0,0.0,0.0,0.0,2.0,0.0,0.0,0.0,0.0,0.0,0.0,0.0,1.0,1.0,kW,1.0,66000.0,1,43.37986488670115
88be08c525fffff,-34.05111359235433,150.82516865942486,1.0,3.0,0.0,12.0,1.0,1.0,3.0,0.0,20.0,6.0,0.0,6.0,1.0,0.0,1.0,0.0,0.0,36425.65382212889,12464.427284427284,0.0,0.0,nothing,49.0,0.0,0,41.63758851636119
88be08c527fffff,-34.04996973540975,150.81428091429362,0.0,0.0,0.0,1.0,0.0,0.0,0.0,0.0,0.0,5.0,0.0,0.0,0.0,0.0,0.0,0.0,0.0,0.0,0.0,0.0,0.0,nothing,1.0,0.0,0,42.453337157341835
88be08c529fffff,-34.06675715415786,150.82277462487255,0.0,1.0,0.0,0.0,0.0,0.0,0.0,0.0,0.0,6.0,0.0,0.0,0.0,2.0,1.0,0.0,0.0,23580.682283199734,7468.969696969697,0.0,0.0,nothing,37.0,0.0,0,42.70984530614571
88be08c52bfffff,-34.065612964450736,150.81188491974603,2.0,10.0,0.0,24.0,5.0,2.0,4.0,3.0,14.0,48.0,0.0,10.0,1.0,2.0,0.0,0.0,0.0,186207.81174116174,0.0,2.0,3.0,7 kW,130.0,0.0,1,43.505533944170615
88be08c52dfffff,-34.05950703686831,150.82941628874326,0.0,0.0,0.0,0.0,0.0,0.0,0.0,0.0,0.0,1.0,0.0,0.0,0.0,0.0,1.0,0.0,0.0,0.0,0.0,0.0,0.0,nothing,7.0,0.0,0,41.76858893613158
88be08c531fffff,-34.06332175757681,150.7901069009471,0.0,5.0,0.0,0.0,0.0,0.0,0.0,0.0,0.0,6.0,0.0,2.0,0.0,0.0,0.0,0.0,0.0,30134.08531793668,0.0,0.0,0.0,nothing,23.0,0.0,0,45.12304508767943
88be08c533fffff,-34.062174740749164,150.77921858878847,0.0,0.0,0.0,0.0,0.0,0.0,0.0,0.0,0.0,4.0,0.0,2.0,0.0,0.0,0.0,0.0,0.0,0.0,0.0,2.0,0.0,nothing,6.0,66000.0,1,45.94394533344832
88be08c535fffff,-34.05607355362353,150.79675080917184,0.0,0.0,0.0,0.0,0.0,0.0,0.0,0.0,0.0,2.0,0.0,0.0,0.0,0.0,0.0,0.0,0.0,0.0,0.0,6.0,0.0,nothing,2.0,66000.0,1,44.1983007265958
88be08c537fffff,-34.054927174955964,150.7858632440319,0.0,0.0,0.0,0.0,0.0,0.0,0.0,0.0,0.0,0.0,0.0,0.0,0.0,0.0,0.0,0.0,0.0,0.0,0.0,8.0,0.0,nothing,0.0,66000.0,1,45.02464825008796
88be08c539fffff,-34.07171626066269,150.79435143223733,2.0,39.0,0.0,12.0,1.0,0.0,5.0,1.0,6.0,12.0,0.0,6.0,1.0,1.0,0.0,0.0,0.0,117963.88119970135,0.0,2.0,2.0,22 kW,58.0,0.0,1,45.24379098591966
88be08c53bfffff,-34.07056954781752,150.7834619076247,0.0,6.0,0.0,0.0,0.0,1.0,0.0,0.0,0.0,5.0,0.0,0.0,0.0,0.0,0.0,0.0,0.0,59252.485631076284,0.0,0.0,0.0,nothing,29.0,66000.0,0,46.051420009134155
88be08c53dfffff,-34.06446783220057,150.80099567818522,2.0,14.0,0.0,7.0,0.0,0.0,1.0,1.0,36.0,33.0,0.0,2.0,7.0,0.0,0.0,0.0,0.0,27191.797980056454,0.0,1.0,0.0,nothing,35.0,66000.0,1,44.31009239387271
88be08c541fffff,-34.09918805479993,150.82887799232583,0.0,0.0,0.0,0.0,0.0,0.0,0.0,0.0,0.0,0.0,0.0,0.0,0.0,0.0,0.0,0.0,0.0,7771.864104266069,0.0,0.0,0.0,nothing,0.0,0.0,0,44.23595907588778
88be08c543fffff,-34.098044143156166,150.8179839017141,0.0,0.0,0.0,0.0,0.0,0.0,0.0,0.0,0.0,0.0,0.0,0.0,0.0,0.0,0.0,0.0,0.0,4030.340695503859,0.0,0.0,0.0,nothing,2.0,66000.0,0,44.981942369418114
88be08c547fffff,-34.090794404166765,150.82462841138926,0.0,0.0,0.0,0.0,0.0,0.0,0.0,0.0,3.0,0.0,0.0,0.0,0.0,0.0,1.0,0.0,0.0,0.0,0.0,0.0,0.0,nothing,8.0,66000.0,0,44.019720716245665
88be08c54bfffff,-34.10643801755021,150.8222331455837,0.0,0.0,0.0,0.0,0.0,0.0,0.0,0.0,0.0,0.0,0.0,0.0,0.0,0.0,0.0,0.0,0.0,7177.077066733151,0.0,0.0,0.0,nothing,0.0,0.0,0,45.20482651682517
88be08c551fffff,-34.10414797370592,150.80044392970413,0.0,0.0,0.0,0.0,0.0,0.0,0.0,0.0,0.0,4.0,0.0,1.0,0.0,1.0,0.0,0.0,0.0,11060.939809506895,0.0,0.0,0.0,nothing,29.0,66000.0,0,46.697905048201534
88be08c553fffff,-34.10300153594508,150.78955001858688,0.0,0.0,0.0,0.0,0.0,0.0,0.0,0.0,0.0,1.0,0.0,0.0,0.0,0.0,0.0,0.0,0.0,6339.895810262642,0.0,0.0,0.0,nothing,7.0,66000.0,0,47.45926285423622
88be08c555fffff,-34.09689928769776,150.807090274595,0.0,0.0,0.0,0.0,0.0,0.0,1.0,0.0,0.0,1.0,0.0,0.0,0.0,0.0,0.0,0.0,0.0,0.0,0.0,0.0,0.0,nothing,4.0,66000.0,0,45.73819538292587
88be08c557fffff,-34.09575348859418,150.7961971117265,0.0,0.0,0.0,0.0,0.0,0.0,0.0,0.0,0.0,0.0,0.0,0.0,0.0,0.0,0.0,0.0,0.0,437.9653508651317,0.0,0.0,0.0,nothing,7.0,0.0,0,46.504216021847725
88be08c559fffff,-34.11254237707517,150.80469162302674,0.0,0.0,0.0,0.0,0.0,0.0,0.0,0.0,0.0,0.0,0.0,1.0,0.0,1.0,0.0,0.0,0.0,4279.200388095309,0.0,0.0,0.0,nothing,6.0,0.0,0,46.912556587637944
88be08c55bfffff,-34.11139624443173,150.79379649850318,0.0,0.0,0.0,0.0,0.0,0.0,0.0,0.0,0.0,0.0,0.0,0.0,0.0,0.0,0.0,0.0,0.0,1949.2494458669573,0.0,0.0,0.0,nothing,9.0,0.0,0,47.659739821287886
88be08c55dfffff,-34.10529346763084,150.81133830562246,0.0,0.0,0.0,0.0,0.0,0.0,0.0,0.0,0.0,0.0,0.0,0.0,0.0,0.0,0.0,0.0,0.0,0.0,0.0,0.0,0.0,nothing,2.0,0.0,0,45.94626432756496
88be08c561fffff,-34.076293684706165,150.8379141718412,0.0,0.0,0.0,0.0,0.0,0.0,0.0,0.0,0.0,0.0,0.0,0.0,0.0,0.0,0.0,0.0,0.0,0.0,0.0,0.0,0.0,nothing,11.0,0.0,0,42.10215615990903
88be08c563fffff,-34.07515074313468,150.8270227922818,0.0,0.0,0.0,1.0,0.0,0.0,0.0,0.0,0.0,1.0,0.0,0.0,0.0,0.0,0.0,0.0,0.0,7414.394816632805,0.0,0.0,0.0,nothing,20.0,0.0,0,42.87324787047569
88be08c565fffff,-34.06904270526626,150.84455542279363,0.0,0.0,0.0,0.0,0.0,0.0,0.0,0.0,0.0,1.0,0.0,0.0,0.0,0.0,0.0,0.0,0.0,8529.269772070096,0.0,0.0,0.0,nothing,17.0,0.0,0,41.14713490286514
88be08c567fffff,-34.067900401152706,150.83366479280753,0.0,0.0,0.0,0.0,0.0,0.0,0.0,0.0,0.0,0.0,0.0,0.0,0.0,1.0,0.0,0.0,0.0,0.0,0.0,0.0,0.0,nothing,0.0,0.0,0,41.923532712722526
88be08c56bfffff,-34.08354425117822,150.8312718347357,0.0,0.0,0.0,0.0,0.0,0.0,0.0,0.0,0.0,0.0,0.0,2.0,0.0,1.0,0.0,0.0,0.0,1966.8598614369157,0.0,0.0,0.0,nothing,18.0,0.0,0,43.05974069155939
88be08c56dfffff,-34.0774356830363,150.84880601324357,0.0,0.0,0.0,0.0,0.0,0.0,0.0,0.0,0.0,0.0,0.0,0.0,0.0,1.0,0.0,0.0,0.0,0.0,0.0,0.0,0.0,nothing,0.0,0.0,0,41.34150676807901
88be08c581fffff,-34.073218094413434,150.73325941130796,0.0,0.0,0.0,0.0,0.0,0.0,0.0,0.0,3.0,1.0,0.0,1.0,0.0,0.0,0.0,0.0,0.0,11846.725222873822,0.0,15.0,0.0,nothing,26.0,132000.0,1,50.269091035929485
88be08c583fffff,-34.072066031876496,150.72237147797856,0.0,3.0,0.0,1.0,0.0,4.0,0.0,0.0,4.0,2.0,0.0,0.0,0.0,0.0,0.0,0.0,0.0,3383.308016918213,0.0,0.0,0.0,nothing,74.0,0.0,0,51.10773318122904
88be08c585fffff,-34.06597327419551,150.73990847303426,0.0,0.0,0.0,1.0,0.0,0.0,0.0,0.0,3.0,2.0,0.0,0.0,0.0,0.0,0.0,0.0,0.0,203.7588186914091,0.0,2.0,0.0,nothing,14.0,132000.0,1,49.35769923849011
88be08c587fffff,-34.06482185108187,150.7290212841336,0.0,0.0,0.0,3.0,0.0,1.0,0.0,0.0,5.0,4.0,0.0,0.0,0.0,0.0,0.0,0.0,0.0,18604.128457174273,0.0,0.0,0.0,nothing,39.0,132000.0,0,50.20133360005633
88be08c589fffff,-34.081614259001576,150.73749841240826,0.0,0.0,0.0,0.0,0.0,0.0,0.0,0.0,0.0,1.0,0.0,0.0,0.0,0.0,0.0,0.0,0.0,0.0,0.0,0.0,0.0,nothing,0.0,0.0,0,50.357026370741366
88be08c58bfffff,-34.08046249888189,150.72660926508925,0.0,0.0,0.0,0.0,0.0,0.0,0.0,0.0,0.0,0.0,0.0,0.0,0.0,0.0,0.0,0.0,0.0,0.0,0.0,6.0,0.0,nothing,2.0,66000.0,1,51.184225515924034
88be08c58dfffff,-34.074369215048115,150.74414781384286,0.0,0.0,0.0,0.0,0.0,0.0,0.0,0.0,1.0,2.0,0.0,0.0,0.0,0.0,0.0,0.0,0.0,120.32578239197971,0.0,5.0,0.0,nothing,3.0,132000.0,1,49.43697131915099
88be08c591fffff,-34.07815615253841,150.70483238047595,0.0,0.0,0.0,0.0,0.0,0.0,0.0,0.0,4.0,2.0,0.0,0.0,0.0,0.0,0.0,0.0,0.0,744.3018730862348,0.0,2.0,0.0,nothing,0.0,0.0,1,52.85800651042634
88be08c593fffff,-34.07700156665755,150.6939446446936,0.0,0.0,0.0,2.0,0.0,1.0,1.0,0.0,9.0,9.0,1.0,4.0,0.0,0.0,0.0,0.0,0.0,344.98563846938686,0.0,0.0,0.0,nothing,12.0,0.0,0,53.70398233119942
88be08c595fffff,-34.0709130276085,150.71148401461062,0.0,0.0,0.0,0.0,0.0,0.0,0.0,0.0,0.0,0.0,0.0,4.0,0.0,0.0,0.0,0.0,0.0,1887.3764866796394,0.0,0.0,0.0,nothing,4.0,0.0,0,51.952580895736254
88be08c597fffff,-34.069759081780845,150.7005970219599,0.0,0.0,0.0,1.0,0.0,2.0,0.0,0.0,5.0,2.0,0.0,0.0,0.0,0.0,0.0,0.0,0.0,0.0,0.0,0.0,0.0,nothing,0.0,0.0,0,52.803335330865
88be08c599fffff,-34.08655314494845,150.70906861269137,0.0,0.0,0.0,0.0,0.0,0.0,0.0,0.0,0.0,1.0,0.0,0.0,0.0,0.0,0.0,0.0,0.0,0.0,0.0,2.0,0.0,nothing,0.0,0.0,1,52.931902969220985
88be08c59bfffff,-34.08539886070138,150.69817966215405,0.0,0.0,0.0,1.0,0.0,2.0,0.0,0.0,9.0,2.0,0.0,4.0,0.0,0.0,0.0,0.0,0.0,0.0,0.0,0.0,0.0,nothing,11.0,0.0,0,53.76719524612473
88be08c59dfffff,-34.079309796670394,150.71572058752645,0.0,0.0,0.0,0.0,0.0,0.0,0.0,0.0,0.0,0.0,0.0,0.0,0.0,0.0,0.0,0.0,0.0,0.0,0.0,6.0,0.0,nothing,0.0,0.0,1,52.017989439780436
88be08c5a1fffff,-34.05033224355087,150.74231764389674,0.0,0.0,0.0,0.0,0.0,2.0,0.0,0.0,3.0,1.0,0.0,5.0,0.0,0.0,0.0,0.0,0.0,14087.144797703277,0.0,0.0,0.0,nothing,13.0,132000.0,0,48.40097214203599
88be08c5a3fffff,-34.04918115736755,150.73143241274911,0.0,0.0,0.0,0.0,0.0,0.0,0.0,0.0,1.0,1.0,0.0,4.0,0.0,0.0,0.0,0.0,0.0,3892.5669106684777,0.0,0.0,0.0,nothing,10.0,0.0,0,49.26095824337896
88be08c5a5fffff,-34.043086817844824,150.74896419767717,0.0,0.0,0.0,1.0,0.0,1.0,0.0,0.0,3.0,3.0,0.0,4.0,0.0,1.0,0.0,0.0,0.0,7538.310609600827,0.0,0.0,0.0,nothing,15.0,132000.0,0,47.50748257032327
88be08c5a7fffff,-34.04193637052046,150.73807971099325,3.0,8.0,0.0,13.0,3.0,0.0,1.0,2.0,35.0,26.0,0.0,10.0,0.0,1.0,0.0,0.0,0.0,44821.01847030241,0.0,1.0,2.0,22 kW,51.0,0.0,1,48.372732481053895
88be08c5a9fffff,-34.05872803874327,150.74655645035438,0.0,0.0,0.0,0.0,0.0,0.0,0.0,0.0,0.0,0.0,0.0,2.0,0.0,0.0,0.0,0.0,0.0,1173.0190414452886,0.0,4.0,0.0,nothing,11.0,132000.0,1,48.45026180780798
88be08c5abfffff,-34.05757725480161,150.7356700060776,0.0,0.0,0.0,0.0,0.0,0.0,0.0,0.0,1.0,5.0,0.0,8.0,0.0,0.0,0.0,0.0,0.0,6876.963553844369,0.0,3.0,0.0,nothing,5.0,132000.0,1,49.299003888802595
88be08c5adfffff,-34.051482388571934,150.7532033433546,0.0,1.0,0.0,1.0,0.0,1.0,0.0,0.0,0.0,1.0,0.0,2.0,0.0,0.0,0.0,0.0,0.0,44442.7661339342,0.0,0.0,0.0,nothing,37.0,0.0,0,47.547005631427815
88be08c5b1fffff,-34.05527286303349,150.71389852486107,1.0,3.0,0.0,1.0,1.0,5.0,1.0,0.0,22.0,6.0,0.0,9.0,0.0,0.0,0.0,0.0,0.0,8691.416448313388,0.0,0.0,0.0,nothing,4.0,0.0,0,51.014448848509815
88be08c5b3fffff,-34.0541192555494,150.70301348943227,0.0,1.0,0.0,5.0,0.0,0.0,0.0,0.0,20.0,23.0,0.0,3.0,0.0,1.0,0.0,0.0,0.0,10862.344126059443,6922.412371134021,0.0,0.0,nothing,13.0,0.0,0,51.88055585264442
88be08c5b5fffff,-34.04802913019287,150.72054765066727,0.0,0.0,0.0,2.0,0.0,0.0,0.0,0.0,8.0,6.0,0.0,2.0,0.0,0.0,0.0,0.0,0.0,13602.10236355487,0.0,0.0,0.0,nothing,3.0,132000.0,0,50.12665308484288
88be08c5b9fffff,-34.06366948642667,150.7181345646438,0.0,0.0,0.0,0.0,0.0,2.0,0.0,0.0,6.0,0.0,0.0,2.0,0.0,0.0,0.0,0.0,0.0,138.71049819629073,0.0,0.0,0.0,nothing,7.0,0.0,0,51.0511190850573
88be08c5bbfffff,-34.062516180401154,150.70724831532053,0.0,0.0,0.0,0.0,0.0,1.0,0.0,0.0,2.0,0.0,0.0,1.0,0.0,0.0,0.0,0.0,0.0,1233.5583267243205,0.0,0.0,0.0,nothing,2.0,0.0,0,51.906752588005645
88be08c5bdfffff,-34.05642552950798,150.7247840306613,1.0,0.0,0.0,2.0,0.0,1.0,0.0,0.0,5.0,6.0,0.0,4.0,0.0,1.0,0.0,0.0,0.0,2853.3815954106894,0.0,0.0,0.0,nothing,32.0,132000.0,0,50.15383527665633
88be08c5c5fffff,-34.0839149522812,150.75927811328964,0.0,0.0,0.0,0.0,0.0,0.0,0.0,0.0,0.0,0.0,0.0,0.0,0.0,0.0,0.0,0.0,0.0,0.0,0.0,3.0,0.0,nothing,0.0,132000.0,1,48.723661449225176
88be08c5c7fffff,-34.08276507685831,150.74838802872722,0.0,0.0,0.0,0.0,0.0,0.0,0.0,0.0,0.0,1.0,0.0,0.0,0.0,0.0,0.0,0.0,0.0,0.0,0.0,0.0,0.0,nothing,0.0,0.0,0,49.53672191805531
88be08c5cbfffff,-34.098406349942984,150.74597903728244,0.0,0.0,0.0,0.0,0.0,0.0,1.0,0.0,2.0,12.0,0.0,0.0,0.0,0.0,0.0,0.0,0.0,5454.515557382826,0.0,0.0,0.0,nothing,1.0,0.0,0,50.59298797214981
88be08c5cdfffff,-34.09231043111018,150.76352041620157,0.0,0.0,0.0,0.0,0.0,0.0,0.0,0.0,0.0,1.0,0.0,0.0,0.0,0.0,0.0,0.0,0.0,0.0,0.0,6.0,0.0,nothing,0.0,66000.0,1,48.85624987822913
88be08c5d1fffff,-34.096103098353446,150.7241963551313,0.0,0.0,0.0,0.0,0.0,0.0,0.0,0.0,0.0,0.0,0.0,0.0,0.0,0.0,0.0,0.0,0.0,0.0,0.0,1.0,0.0,nothing,0.0,66000.0,1,52.20723300590849
88be08c5d5fffff,-34.08885888694174,150.73084792619983,0.0,0.0,0.0,0.0,0.0,0.0,0.0,0.0,0.0,0.0,0.0,0.0,0.0,0.0,0.0,0.0,0.0,0.0,0.0,10.0,0.0,nothing,0.0,66000.0,1,51.28050768799005
88be08c5d9fffff,-34.10449962997233,150.72843555026841,0.0,0.0,0.0,0.0,0.0,0.0,0.0,0.0,0.0,0.0,0.0,0.0,0.0,0.0,0.0,0.0,0.0,0.0,0.0,6.0,0.0,nothing,0.0,66000.0,1,52.330857816553774
88be08c5ddfffff,-34.097255195554894,150.73508746153428,0.0,0.0,0.0,0.0,0.0,0.0,0.0,0.0,0.0,0.0,0.0,0.0,0.0,0.0,0.0,0.0,0.0,0.0,0.0,5.0,0.0,nothing,0.0,66000.0,1,51.39646902668742
88be08c5e1fffff,-34.06827329511424,150.76168425604442,0.0,0.0,0.0,2.0,0.0,0.0,0.0,0.0,1.0,2.0,0.0,0.0,0.0,0.0,0.0,0.0,0.0,0.0,0.0,0.0,0.0,nothing,7.0,0.0,0,47.69019160437443
88be08c5e3fffff,-34.067123755596555,150.75079613058992,0.0,0.0,0.0,4.0,0.0,12.0,0.0,0.0,0.0,5.0,0.0,6.0,0.0,0.0,0.0,0.0,0.0,0.0,0.0,0.0,0.0,nothing,8.0,0.0,0,48.52053791775747
88be08c5e5fffff,-34.06102678188755,150.7683307424659,0.0,0.0,0.0,1.0,0.0,0.0,0.0,0.0,0.0,0.0,0.0,0.0,0.0,0.0,0.0,0.0,0.0,1035.698724568461,0.0,2.0,0.0,nothing,2.0,330000.0,1,46.77237358675973
88be08c5e7fffff,-34.05987788116212,150.7574433627358,0.0,0.0,0.0,0.0,0.0,0.0,0.0,0.0,0.0,0.0,0.0,3.0,0.0,0.0,0.0,0.0,0.0,602.6435098658786,0.0,0.0,0.0,nothing,10.0,0.0,0,47.607935793480586
88be08c5e9fffff,-34.07666862992713,150.76592602350416,0.0,0.0,0.0,0.0,0.0,0.0,0.0,0.0,4.0,2.0,0.0,0.0,0.0,0.0,0.0,0.0,0.0,0.0,0.0,0.0,0.0,nothing,1.0,0.0,0,47.793663548960446
88be08c5ebfffff,-34.07551939360959,150.75503668482705,0.0,0.0,0.0,0.0,0.0,0.0,0.0,0.0,0.0,3.0,0.0,0.0,0.0,0.0,0.0,0.0,0.0,402.60837708679725,0.0,8.0,0.0,nothing,0.0,132000.0,1,48.61171003913082
88be08c5edfffff,-34.069421892578006,150.77257284864152,0.0,0.0,0.0,2.0,0.0,0.0,1.0,0.0,1.0,3.0,0.0,0.0,0.0,0.0,0.0,0.0,0.0,10364.531385026943,0.0,2.0,0.0,nothing,9.0,330000.0,1,46.8670236190682
88be08c601fffff,-34.19075700492696,150.7926850559302,0.0,0.0,0.0,0.0,0.0,0.0,0.0,0.0,0.0,1.0,0.0,0.0,0.0,0.0,0.0,0.0,0.0,0.0,0.0,0.0,0.0,nothing,4.0,0.0,0,53.25988611601052
88be08c607fffff,-34.18236190962027,150.78843467339627,0.0,0.0,0.0,0.0,0.0,0.0,0.0,0.0,0.0,0.0,0.0,0.0,0.0,0.0,0.0,0.0,0.0,0.0,0.0,0.0,0.0,nothing,1.0,0.0,0,52.92664016427845
88be08c609fffff,-34.19915201447103,150.79693631552988,0.0,0.0,0.0,0.0,0.0,0.0,0.0,0.0,1.0,1.0,0.0,0.0,0.0,0.0,0.0,0.0,0.0,339.22682174623964,0.0,0.0,0.0,nothing,0.0,0.0,0,53.61010562797884
88be08c60bfffff,-34.19800451960402,150.78603015661886,0.0,0.0,0.0,1.0,0.0,0.0,1.0,0.0,1.0,1.0,0.0,2.0,0.0,1.0,0.0,0.0,0.0,4823.679760682953,3936.159183673469,0.0,0.0,nothing,6.0,0.0,0,54.2558403328179
88be08c613fffff,-34.19455635282569,150.7533144841137,0.0,0.0,0.0,0.0,0.0,0.0,0.0,0.0,0.0,0.0,0.0,0.0,0.0,0.0,0.0,0.0,0.0,0.0,0.0,6.0,0.0,nothing,0.0,330000.0,1,56.25804124788457
88be08c617fffff,-34.18731076033032,150.75997162943528,0.0,0.0,0.0,0.0,0.0,0.0,0.0,0.0,0.0,0.0,0.0,0.0,0.0,0.0,0.0,0.0,0.0,0.0,0.0,7.0,0.0,nothing,0.0,330000.0,1,55.270284867935516
88be08c619fffff,-34.20410253152524,150.76846772770705,0.0,0.0,0.0,0.0,0.0,0.0,0.0,0.0,0.0,0.0,0.0,0.0,0.0,0.0,0.0,0.0,0.0,0.0,0.0,16.0,0.0,nothing,0.0,66000.0,1,55.906651111581475
88be08c61bfffff,-34.202952501563175,150.75756175481058,0.0,0.0,0.0,0.0,0.0,0.0,0.0,0.0,0.0,0.0,0.0,0.0,0.0,0.0,0.0,0.0,0.0,0.0,0.0,9.0,0.0,nothing,0.0,330000.0,1,56.57152975204319
88be08c633fffff,-34.17166895541629,150.76238061299355,0.0,0.0,0.0,0.0,0.0,0.0,0.0,0.0,0.0,0.0,0.0,0.0,0.0,0.0,0.0,0.0,0.0,0.0,0.0,5.0,0.0,nothing,0.0,330000.0,1,53.994356794431134
88be08c637fffff,-34.164422744229405,150.76903524316683,0.0,0.0,0.0,0.0,0.0,0.0,0.0,0.0,0.0,0.0,0.0,0.0,0.0,0.0,0.0,0.0,0.0,0.0,0.0,8.0,0.0,nothing,0.0,330000.0,1,53.01257677694967
88be08c63bfffff,-34.18006474763821,150.76662768690338,0.0,0.0,0.0,0.0,0.0,0.0,0.0,0.0,0.0,0.0,0.0,0.0,0.0,0.0,0.0,0.0,0.0,0.0,0.0,6.0,0.0,nothing,0.0,330000.0,1,54.28338459044386
88be08c641fffff,-34.20869317803777,150.8120962934639,0.0,0.0,0.0,0.0,0.0,0.0,0.0,0.0,0.0,0.0,0.0,0.0,0.0,0.0,0.0,0.0,0.0,0.0,0.0,0.0,0.0,nothing,0.0,66000.0,0,53.35670074709014
88be08c643fffff,-34.207546937750855,150.80118845242,0.0,0.0,0.0,0.0,0.0,0.0,0.0,0.0,0.0,0.0,0.0,0.0,0.0,0.0,0.0,0.0,0.0,0.0,0.0,0.0,0.0,nothing,0.0,66000.0,0,53.97696878185196
88be08c649fffff,-34.2170877069856,150.81635052404727,0.0,0.0,0.0,0.0,0.0,0.0,0.0,0.0,0.0,0.0,0.0,0.0,0.0,0.0,0.0,0.0,0.0,0.0,0.0,0.0,0.0,nothing,0.0,66000.0,0,53.75382768982823
88be08c64bfffff,-34.21594177426477,150.80544146682524,0.0,0.0,0.0,0.0,0.0,0.0,0.0,0.0,0.0,1.0,0.0,0.0,0.0,0.0,0.0,0.0,0.0,1905.8329325729146,0.0,0.0,0.0,nothing,0.0,66000.0,0,54.36013907012462
88be08c64dfffff,-34.209838470480385,150.82300459964296,0.0,0.0,0.0,0.0,0.0,0.0,0.0,0.0,0.0,0.0,0.0,0.0,0.0,0.0,0.0,0.0,0.0,0.0,0.0,0.0,0.0,nothing,0.0,66000.0,0,52.748595193565365
88be08c653fffff,-34.21249828857224,150.7727170923292,0.0,0.0,0.0,0.0,0.0,0.0,0.0,0.0,0.0,0.0,0.0,0.0,0.0,0.0,0.0,0.0,0.0,0.0,0.0,0.0,0.0,nothing,0.0,66000.0,0,56.24936224168677
88be08c655fffff,-34.206399749789625,150.7902810772721,0.0,0.0,0.0,0.0,0.0,0.0,0.0,0.0,0.0,0.0,0.0,0.0,0.0,3.0,0.0,0.0,0.0,0.0,0.0,11.0,0.0,nothing,3.0,66000.0,1,54.60898394812594
88be08c657fffff,-34.205251614324276,150.779374168781,0.0,0.0,0.0,0.0,0.0,0.0,0.0,0.0,0.0,0.0,0.0,0.0,0.0,0.0,0.0,0.0,0.0,0.0,0.0,7.0,0.0,nothing,0.0,66000.0,1,55.25234222434952
88be08c681fffff,-34.182702518161044,150.71636029126952,0.0,0.0,0.0,0.0,0.0,0.0,0.0,0.0,0.0,0.0,0.0,0.0,0.0,0.0,0.0,0.0,0.0,0.0,0.0,0.0,0.0,nothing,1.0,0.0,0,58.09001086472908
88be08c683fffff,-34.1815480928008,150.70545863390203,0.0,0.0,0.0,0.0,0.0,0.0,1.0,0.0,4.0,0.0,0.0,1.0,0.0,0.0,0.0,0.0,0.0,0.0,0.0,0.0,0.0,nothing,0.0,0.0,0,58.817426329571845
88be08c685fffff,-34.175459070031614,150.72301933646338,0.0,0.0,0.0,0.0,0.0,0.0,0.0,0.0,0.0,0.0,0.0,0.0,0.0,0.0,0.0,0.0,0.0,0.0,0.0,4.0,0.0,nothing,0.0,66000.0,1,57.11586373097192
88be08c689fffff,-34.191099666369134,150.72060303390802,0.0,0.0,0.0,0.0,0.0,0.0,0.0,0.0,0.0,0.0,0.0,0.0,0.0,0.0,0.0,0.0,0.0,0.0,0.0,6.0,0.0,nothing,0.0,66000.0,1,58.34985029657533
88be08c68bfffff,-34.18994554508789,150.70970015900585,0.0,0.0,0.0,0.0,0.0,0.0,0.0,0.0,0.0,1.0,0.0,0.0,0.0,0.0,0.0,0.0,0.0,878.387133375871,0.0,0.0,0.0,nothing,0.0,66000.0,0,59.06539511756898
88be08c68dfffff,-34.18385599776571,150.72726242026556,0.0,0.0,0.0,0.0,0.0,0.0,0.0,0.0,0.0,0.0,0.0,0.0,0.0,0.0,0.0,0.0,0.0,0.0,0.0,1.0,0.0,nothing,0.0,66000.0,1,57.37125234300294
88be08c691fffff,-34.187634464862775,150.68789582650513,0.0,0.0,0.0,0.0,0.0,0.0,0.0,0.0,0.0,0.0,0.0,0.0,0.0,0.0,0.0,0.0,0.0,0.0,0.0,0.0,0.0,nothing,0.0,66000.0,0,60.52195400403103
88be08c697fffff,-34.179236405501676,150.6836567370873,0.0,0.0,0.0,0.0,0.0,0.0,0.0,0.0,0.0,0.0,0.0,0.0,0.0,0.0,0.0,0.0,0.0,0.0,0.0,0.0,0.0,nothing,0.0,66000.0,0,60.29696769987692
88be08c699fffff,-34.19603244095379,150.69213579170915,0.0,0.0,0.0,0.0,0.0,0.0,0.0,0.0,0.0,0.0,0.0,0.0,0.0,0.0,0.0,0.0,0.0,0.0,0.0,0.0,0.0,nothing,0.0,66000.0,0,60.76290632039844
88be08c69bfffff,-34.194875785648684,150.68123311732595,0.0,0.0,0.0,0.0,0.0,0.0,0.0,0.0,0.0,0.0,0.0,0.0,0.0,0.0,0.0,0.0,0.0,0.0,0.0,0.0,0.0,nothing,0.0,66000.0,0,61.492084200894084
88be08c69dfffff,-34.18879047786173,150.69879775628527,0.0,0.0,0.0,0.0,0.0,0.0,0.0,0.0,0.0,0.0,0.0,0.0,0.0,0.0,0.0,0.0,0.0,0.0,0.0,0.0,0.0,nothing,0.0,66000.0,0,59.78953278444376
88be08c6a1fffff,-34.15981841095578,150.72543474585663,0.0,0.0,0.0,0.0,0.0,0.0,0.0,0.0,0.0,0.0,0.0,0.0,0.0,0.0,0.0,0.0,0.0,0.0,0.0,3.0,0.0,nothing,0.0,66000.0,1,55.909374487061086
88be08c6a3fffff,-34.158664964670386,150.7145357964554,0.0,0.0,0.0,0.0,0.0,0.0,0.0,0.0,0.0,0.0,0.0,0.0,0.0,0.0,0.0,0.0,0.0,0.0,0.0,0.0,0.0,nothing,0.0,66000.0,0,56.655701655743414
88be08c6a5fffff,-34.152574343170464,150.73209127649685,0.0,0.0,0.0,0.0,0.0,0.0,0.0,0.0,0.0,0.0,0.0,0.0,0.0,0.0,0.0,0.0,0.0,0.0,0.0,3.0,0.0,nothing,0.0,66000.0,1,54.94302433731901
88be08c6a9fffff,-34.16821520121477,150.72967729467373,0.0,0.0,0.0,0.0,0.0,0.0,0.0,0.0,0.0,0.0,0.0,0.0,0.0,0.0,0.0,0.0,0.0,0.0,0.0,3.0,0.0,nothing,0.0,66000.0,1,56.14301856051679
88be08c6adfffff,-34.16097091222571,150.73633416598688,0.0,0.0,0.0,0.0,0.0,0.0,0.0,0.0,0.0,0.0,0.0,0.0,0.0,0.0,0.0,0.0,0.0,6002.368354816486,0.0,0.0,0.0,nothing,0.0,0.0,0,55.17154467829084
88be08c6b5fffff,-34.15751057354118,150.70363731854147,0.0,0.0,0.0,0.0,0.0,0.0,0.0,0.0,0.0,0.0,0.0,0.0,0.0,0.0,0.0,0.0,0.0,0.0,0.0,0.0,0.0,nothing,0.0,66000.0,0,57.410193890806525
88be08c6b9fffff,-34.17315055714625,150.70121798466178,0.0,0.0,0.0,0.0,0.0,0.0,0.0,0.0,0.0,0.0,0.0,0.0,0.0,0.0,0.0,0.0,0.0,0.0,0.0,0.0,0.0,nothing,0.0,66000.0,0,58.58583187637538
88be08c6bbfffff,-34.17199488278407,150.69031801727084,0.0,0.0,0.0,0.0,0.0,0.0,0.0,0.0,0.0,0.0,0.0,0.0,0.0,0.0,0.0,0.0,0.0,0.0,0.0,0.0,0.0,nothing,0.0,66000.0,0,59.333090975275205
88be08c6bdfffff,-34.165907971245694,150.707877433811,0.0,0.0,0.0,0.0,0.0,0.0,0.0,0.0,0.0,0.0,0.0,0.0,0.0,0.0,0.0,0.0,0.0,0.0,0.0,0.0,0.0,nothing,0.0,66000.0,0,57.61997988132567
88be08c6c1fffff,-34.2006496008338,150.73575121659022,0.0,0.0,0.0,0.0,0.0,0.0,0.0,0.0,0.0,0.0,0.0,0.0,0.0,0.0,0.0,0.0,0.0,0.0,0.0,1.0,0.0,nothing,0.0,66000.0,1,57.931531313586945
88be08c6c5fffff,-34.193405070409575,150.74241019722126,0.0,0.0,0.0,0.0,0.0,0.0,0.0,0.0,0.0,0.0,0.0,0.0,0.0,0.0,0.0,0.0,0.0,0.0,0.0,3.0,0.0,nothing,0.0,66000.0,1,56.94583460846237
88be08c6c7fffff,-34.19225284153358,150.7315063802329,0.0,0.0,0.0,0.0,0.0,0.0,0.0,0.0,0.0,0.0,0.0,0.0,0.0,0.0,0.0,0.0,0.0,0.0,0.0,5.0,0.0,nothing,0.0,66000.0,1,57.643219216277906
88be08c6cdfffff,-34.20180152460899,150.7466562508517,0.0,0.0,0.0,0.0,0.0,0.0,0.0,0.0,0.0,0.0,0.0,0.0,0.0,0.0,0.0,0.0,0.0,0.0,0.0,7.0,0.0,nothing,0.0,66000.0,1,57.24660898012412
88be08c6d1fffff,-34.20558573866148,150.7072809990494,0.0,0.0,0.0,0.0,0.0,0.0,0.0,0.0,0.0,0.0,0.0,0.0,0.0,0.0,0.0,0.0,0.0,1345.5529231438284,0.0,0.0,0.0,nothing,0.0,0.0,0,60.310248266106036
88be08c6d5fffff,-34.19834291350612,150.7139425601981,0.0,0.0,0.0,0.0,0.0,0.0,0.0,0.0,0.0,1.0,0.0,0.0,0.0,0.0,0.0,0.0,0.0,0.0,0.0,0.0,0.0,nothing,0.0,66000.0,0,59.32953337169452
88be08c6d7fffff,-34.19718815029703,150.70303893958615,0.0,0.0,0.0,0.0,0.0,0.0,0.0,0.0,0.0,1.0,0.0,0.0,0.0,0.0,0.0,0.0,0.0,0.0,0.0,0.0,0.0,nothing,0.0,0.0,0,60.04195577622778
88be08c6ddfffff,-34.20674019755406,150.71818583770366,0.0,0.0,0.0,0.0,0.0,0.0,0.0,0.0,0.0,0.0,0.0,0.0,0.0,0.0,0.0,0.0,0.0,0.0,0.0,0.0,0.0,nothing,0.0,66000.0,0,59.60962658101017
88be08c751fffff,-34.16290705261731,150.83019617775182,0.0,0.0,0.0,0.0,0.0,0.0,0.0,0.0,3.0,7.0,0.0,0.0,0.0,0.0,0.0,0.0,0.0,1075.2307954608434,0.0,0.0,0.0,nothing,0.0,0.0,0,48.623267943551404
88be08c753fffff,-34.16176275696146,150.81929376966158,0.0,0.0,0.0,0.0,0.0,0.0,0.0,0.0,1.0,2.0,0.0,0.0,0.0,0.0,0.0,0.0,0.0,0.0,0.0,0.0,0.0,nothing,0.0,0.0,0,49.282219742113895
88be08c755fffff,-34.1556568068038,150.8368448849978,1.0,0.0,0.0,0.0,0.0,0.0,0.0,0.0,2.0,2.0,0.0,0.0,0.0,0.0,0.0,0.0,0.0,0.0,0.0,0.0,0.0,nothing,0.0,0.0,0,47.62763619485709
88be08c757fffff,-34.1545131502337,150.82594322765445,0.0,0.0,0.0,0.0,0.0,0.0,0.0,0.0,0.0,0.0,0.0,0.0,0.0,0.0,0.0,0.0,0.0,1676.1797066685913,0.0,0.0,0.0,nothing,0.0,0.0,0,48.289533252777886
88be08c801fffff,-33.93683342582139,151.02492144575157,0.0,1.0,0.0,2.0,0.0,0.0,0.0,0.0,0.0,10.0,0.0,15.0,0.0,1.0,1.0,0.0,0.0,10537.67403056939,21924.41052631579,0.0,0.0,nothing,47.0,0.0,0,19.419014009568013
88be08c803fffff,-33.93570788404793,151.014042847218,0.0,2.0,1.0,2.0,0.0,0.0,0.0,0.0,0.0,5.0,0.0,17.0,0.0,0.0,0.0,0.0,0.0,828.2022247577489,38072.308139534885,0.0,0.0,nothing,32.0,0.0,0,20.292520643595815
88be08c805fffff,-33.92957113624467,151.0315372170617,0.0,2.0,0.0,2.0,0.0,0.0,1.0,0.0,3.0,22.0,0.0,11.0,0.0,0.0,0.0,0.0,0.0,22074.056720851782,0.0,0.0,0.0,nothing,46.0,0.0,0,18.537645122466856
88be08c807fffff,-33.92844622590534,151.02065937465244,0.0,0.0,0.0,0.0,0.0,0.0,0.0,0.0,1.0,1.0,0.0,16.0,0.0,0.0,0.0,0.0,0.0,16639.944930279577,0.0,0.0,0.0,nothing,54.0,0.0,0,19.424301806844074
88be08c809fffff,-33.94522054706318,151.02918439124696,0.0,3.0,0.0,1.0,0.0,0.0,0.0,0.0,1.0,2.0,1.0,16.0,0.0,1.0,0.0,0.0,0.0,4297.240103792128,0.0,1.0,1.0,kW,52.0,0.0,1,19.466234596775386
88be08c80bfffff,-33.94409531401677,151.01830458912002,0.0,0.0,0.0,0.0,1.0,0.0,0.0,0.0,0.0,3.0,0.0,11.0,0.0,1.0,0.0,0.0,0.0,0.0,0.0,0.0,0.0,nothing,83.0,0.0,0,20.312503718001594
88be08c80dfffff,-33.9379580273739,151.0358004913978,0.0,0.0,0.0,0.0,0.0,0.0,0.0,0.0,0.0,5.0,0.0,8.0,0.0,0.0,0.0,0.0,0.0,27426.886990913634,23999.960698689956,7.0,0.0,nothing,31.0,132000.0,1,18.55973228035523
88be08c811fffff,-33.941842026843624,150.99654632859563,0.0,1.0,0.0,0.0,0.0,0.0,0.0,0.0,0.0,4.0,0.0,16.0,0.0,0.0,0.0,0.0,0.0,75966.73793479308,0.0,0.0,0.0,nothing,38.0,0.0,0,22.047361735221504
88be08c813fffff,-33.94071397304629,150.9856678717116,0.0,1.0,0.0,5.0,2.0,0.0,0.0,0.0,2.0,9.0,0.0,11.0,0.0,1.0,0.0,0.0,0.0,4044.481400144219,0.0,0.0,0.0,nothing,27.0,0.0,0,22.93274527897377
88be08c815fffff,-33.93458140221793,151.00316469655385,0.0,0.0,0.0,0.0,0.0,0.0,0.0,0.0,0.0,7.0,0.0,12.0,0.0,0.0,0.0,0.0,0.0,18068.90056861632,0.0,0.0,0.0,nothing,27.0,415.0,0,21.178489931241806
88be08c817fffff,-33.93345398049604,150.99228699451552,0.0,1.0,0.0,2.0,0.0,0.0,0.0,0.0,0.0,4.0,0.0,13.0,0.0,0.0,0.0,0.0,0.0,36063.70629464292,0.0,0.0,0.0,nothing,26.0,415.0,0,22.0754192787494
88be08c819fffff,-33.950229994911346,151.00080653685987,0.0,1.0,0.0,2.0,0.0,0.0,0.0,0.0,6.0,5.0,0.0,11.0,0.0,0.0,0.0,0.0,0.0,5774.62452693688,0.0,0.0,0.0,nothing,68.0,0.0,0,22.06557656318992
88be08c81bfffff,-33.949102249064204,150.98992687560292,0.0,2.0,0.0,2.0,0.0,2.0,0.0,0.0,4.0,5.0,0.0,0.0,0.0,0.0,0.0,0.0,0.0,20445.129802994223,0.0,0.0,0.0,nothing,5.0,0.0,0,22.92792284844786
88be08c81dfffff,-33.942969140555384,151.00742523465064,0.0,0.0,0.0,0.0,0.0,0.0,0.0,0.0,3.0,3.0,0.0,20.0,0.0,1.0,0.0,0.0,0.0,747.2779690584408,0.0,0.0,0.0,nothing,28.0,0.0,0,21.17345339212976
88be08c821fffff,-33.91392170678042,151.0338891744842,3.0,6.0,1.0,28.0,11.0,0.0,5.0,3.0,12.0,80.0,0.0,39.0,4.0,6.0,0.0,0.0,0.0,69073.41739145116,0.0,4.0,4.0,7 kW,116.0,0.0,1,17.733453564575623
88be08c823fffff,-33.91279711907344,151.02301329112387,0.0,0.0,0.0,0.0,0.0,0.0,0.0,0.0,0.0,0.0,0.0,19.0,0.0,0.0,0.0,0.0,0.0,2288.680799359459,0.0,0.0,0.0,nothing,36.0,0.0,0,18.658247313370012
88be08c825fffff,-33.90665884683094,151.04050244706266,0.0,2.0,0.0,1.0,0.0,0.0,0.0,0.0,0.0,13.0,0.0,22.0,0.0,0.0,0.0,0.0,0.0,395.7158244880804,19441.635338345866,7.0,0.0,nothing,54.0,132000.0,1,16.915383867966092
88be08c827fffff,-33.905534889990705,151.0296273198469,0.0,0.0,0.0,1.0,2.0,0.0,0.0,0.0,0.0,13.0,0.0,21.0,0.0,1.0,0.0,0.0,0.0,9608.002888152841,26212.88888888889,0.0,0.0,nothing,47.0,0.0,0,17.853735444676495
88be08c829fffff,-33.92230844580305,151.03815190314094,0.0,2.0,0.0,13.0,0.0,0.0,0.0,0.0,3.0,11.0,0.0,13.0,0.0,8.0,0.0,0.0,0.0,18154.768943194133,25258.027237354087,0.0,0.0,nothing,76.0,0.0,0,17.670211840132776
88be08c82bfffff,-33.92118416664403,151.0272748170443,0.0,0.0,0.0,15.0,2.0,0.0,0.0,1.0,1.0,30.0,0.0,19.0,0.0,2.0,0.0,0.0,0.0,12232.234818420306,0.0,0.0,0.0,nothing,91.0,0.0,0,18.57058111709057
88be08c82dfffff,-33.915045355013,151.0447655040801,0.0,3.0,0.0,0.0,1.0,0.0,0.0,0.0,7.0,11.0,0.0,11.0,0.0,0.0,0.0,0.0,0.0,19853.653587400924,11381.111111111111,7.0,0.0,nothing,57.0,132000.0,1,16.818871498721652
88be08c831fffff,-33.918932789484685,151.00552198594733,0.0,0.0,0.0,0.0,0.0,0.0,0.0,0.0,2.0,3.0,0.0,13.0,0.0,0.0,0.0,0.0,0.0,0.0,0.0,0.0,0.0,nothing,9.0,0.0,0,20.40313939848839
88be08c833fffff,-33.9178056918132,150.99464624245945,0.0,1.0,0.0,0.0,0.0,0.0,0.0,0.0,0.0,3.0,0.0,9.0,0.0,0.0,1.0,0.0,0.0,8256.545383839406,0.0,0.0,0.0,nothing,11.0,0.0,0,21.33259074138801
88be08c835fffff,-33.9116715920562,151.01213785475542,0.0,0.0,0.0,0.0,0.0,0.0,0.0,0.0,0.0,2.0,0.0,13.0,0.0,2.0,0.0,0.0,0.0,0.0,0.0,0.0,0.0,nothing,31.0,0.0,0,19.591804349939142
88be08c837fffff,-33.91054512589306,151.0012628661349,2.0,0.0,0.0,0.0,0.0,1.0,0.0,0.0,2.0,13.0,0.0,15.0,0.0,0.0,0.0,0.0,0.0,12971.468122736958,0.0,0.0,0.0,nothing,14.0,0.0,0,20.53292712474852
88be08c839fffff,-33.92732037570343,151.00978197956775,0.0,0.0,0.0,0.0,0.0,0.0,0.0,0.0,0.0,1.0,0.0,16.0,0.0,1.0,0.0,0.0,0.0,30963.007056191702,0.0,0.0,0.0,nothing,24.0,0.0,0,20.322807637094616
88be08c83bfffff,-33.926193585803404,150.99890503256407,0.0,0.0,0.0,0.0,0.0,1.0,0.0,0.0,14.0,2.0,0.0,6.0,0.0,0.0,0.0,0.0,0.0,24992.274941725067,0.0,4.0,4.0,kW,14.0,0.0,1,21.231656123418304
88be08c83dfffff,-33.92005894781648,151.01639817772767,0.0,1.0,0.0,0.0,0.0,0.0,0.0,0.0,4.0,6.0,0.0,20.0,0.0,0.0,0.0,0.0,0.0,3904.0484753276965,3745.0555555555557,0.0,0.0,nothing,56.0,0.0,0,19.482053736434473
88be08c841fffff,-33.954731572212324,151.04432966391343,0.0,0.0,1.0,2.0,0.0,1.0,0.0,0.0,2.0,2.0,0.0,0.0,0.0,0.0,0.0,0.0,0.0,1396.2896095493122,0.0,7.0,0.0,nothing,23.0,132000.0,1,18.76772126751582
88be08c843fffff,-33.953607589129255,151.03344821136042,2.0,1.0,0.0,27.0,10.0,2.0,3.0,2.0,24.0,75.0,1.0,19.0,1.0,1.0,1.0,0.0,0.0,24044.031652335103,0.0,0.0,0.0,nothing,110.0,0.0,0,19.56558487290911
88be08c845fffff,-33.94746819125397,151.05094533544516,1.0,13.0,1.0,5.0,0.0,2.0,2.0,1.0,8.0,9.0,0.0,31.0,1.0,0.0,0.0,0.0,0.0,9625.353934178916,0.0,0.0,0.0,nothing,124.0,0.0,0,17.826077418514178
88be08c847fffff,-33.9463448395303,151.0400646402744,0.0,2.0,0.0,1.0,0.0,0.0,0.0,0.0,3.0,2.0,0.0,1.0,0.0,0.0,0.0,0.0,0.0,25726.365634865957,0.0,8.0,0.0,nothing,9.0,132000.0,1,18.636648519623627
88be08c849fffff,-33.96311822491845,151.0485955625368,0.0,0.0,0.0,0.0,0.0,0.0,0.0,0.0,1.0,3.0,0.0,16.0,0.0,0.0,0.0,0.0,0.0,0.0,0.0,0.0,0.0,nothing,42.0,0.0,0,18.951828413499666
88be08c84bfffff,-33.9619945515181,151.03771290631394,0.0,0.0,0.0,0.0,0.0,0.0,0.0,0.0,1.0,4.0,0.0,9.0,0.0,0.0,0.0,0.0,0.0,1173.410079598951,16560.003724394785,10.0,0.0,nothing,29.0,132000.0,1,19.716278267915502
88be08c84dfffff,-33.95585461419365,151.0552115623972,0.0,3.0,1.0,13.0,2.0,0.0,0.0,0.0,3.0,6.0,0.0,23.0,0.0,3.0,0.0,0.0,0.0,5692.964734695475,0.0,0.0,0.0,nothing,74.0,0.0,0,17.991571669637743
88be08c851fffff,-33.95974438099344,151.01594893405317,0.0,0.0,0.0,0.0,0.0,1.0,0.0,0.0,5.0,4.0,0.0,18.0,0.0,1.0,0.0,0.0,0.0,767.4117110339929,0.0,0.0,0.0,nothing,87.0,0.0,0,21.3075851112419
88be08c853fffff,-33.95861788419781,151.0050676195303,0.0,0.0,0.0,3.0,1.0,0.0,0.0,0.0,0.0,5.0,0.0,11.0,0.0,0.0,0.0,0.0,0.0,1456.5172931555894,0.0,0.0,0.0,nothing,62.0,0.0,0,22.129950817841323
88be08c855fffff,-33.95248266510851,151.02256720549562,0.0,0.0,0.0,1.0,0.0,0.0,0.0,0.0,4.0,1.0,0.0,12.0,0.0,0.0,0.0,0.0,0.0,2026.08726369412,0.0,0.0,0.0,nothing,104.0,0.0,0,20.38261043255027
88be08c857fffff,-33.95135680031437,151.0116866470764,6.0,7.0,0.0,5.0,1.0,0.0,4.0,0.0,9.0,17.0,0.0,12.0,1.0,6.0,0.0,0.0,0.0,38126.26179531546,0.0,0.0,0.0,nothing,114.0,0.0,0,21.216582156691913
88be08c859fffff,-33.96813188209111,151.02021209580303,0.0,0.0,0.0,1.0,0.0,0.0,0.0,0.0,0.0,4.0,0.0,8.0,0.0,0.0,0.0,0.0,0.0,3009.246490217823,0.0,4.0,0.0,nothing,17.0,132000.0,1,21.445854159697166
88be08c85bfffff,-33.96700569420154,151.00932957682906,0.0,0.0,0.0,0.0,0.0,0.0,0.0,0.0,1.0,0.0,0.0,9.0,0.0,0.0,0.0,0.0,0.0,1090.6838141947524,0.0,0.0,0.0,nothing,40.0,0.0,0,22.24008497279627
88be08c85dfffff,-33.96086993682169,151.02683069656686,0.0,0.0,0.0,3.0,0.0,2.0,0.0,0.0,17.0,6.0,0.0,12.0,0.0,0.0,0.0,0.0,0.0,0.0,0.0,0.0,0.0,nothing,66.0,0.0,0,20.502328015035946
88be08c861fffff,-33.93181813667881,151.05329424082717,0.0,0.0,0.0,1.0,0.0,0.0,0.0,0.0,0.0,7.0,0.0,16.0,0.0,0.0,0.0,0.0,0.0,5707.101325151532,0.0,0.0,0.0,nothing,102.0,0.0,0,16.807367967194914
88be08c863fffff,-33.93069510655716,151.04241550603888,0.0,8.0,0.0,0.0,0.0,0.0,0.0,0.0,7.0,9.0,1.0,22.0,0.0,0.0,0.0,0.0,0.0,33274.88200204944,23607.5873015873,5.0,0.0,nothing,67.0,132000.0,1,17.664624578772756
88be08c865fffff,-33.92455418445936,151.05990741264785,1.0,4.0,0.0,3.0,1.0,0.0,2.0,0.0,6.0,6.0,0.0,15.0,0.0,1.0,0.0,0.0,0.0,17806.963602686577,0.0,0.0,0.0,nothing,87.0,0.0,0,15.910313628353315
88be08c867fffff,-33.92343178512944,151.04902943526102,2.0,2.0,0.0,0.0,0.0,0.0,0.0,0.0,8.0,1.0,0.0,13.0,0.0,0.0,0.0,0.0,0.0,3224.5883855374423,6301.444444444444,6.0,0.0,nothing,72.0,132000.0,1,16.782735807213527
88be08c869fffff,-33.94020440915961,151.0575599210002,0.0,0.0,0.0,5.0,0.0,1.0,0.0,0.0,2.0,4.0,0.0,13.0,0.0,0.0,0.0,0.0,0.0,8844.618748609753,0.0,0.0,0.0,nothing,50.0,0.0,0,16.89250387132216
88be08c86bfffff,-33.9390816885413,151.04667998339968,0.0,0.0,0.0,0.0,0.0,0.0,0.0,0.0,3.0,0.0,0.0,16.0,0.0,0.0,0.0,0.0,0.0,6318.846986124833,0.0,0.0,0.0,nothing,24.0,0.0,0,17.716747973461196
88be08c86dfffff,-33.932940226445815,151.06417342066956,0.0,4.0,0.0,1.0,0.0,0.0,0.0,0.0,0.0,10.0,0.0,16.0,0.0,2.0,0.0,0.0,0.0,834.1735587889837,0.0,2.0,2.0,22 kW,61.0,0.0,1,15.968417220762113
88be08c881fffff,-33.92893489799059,150.94878068774528,1.0,1.0,0.0,10.0,1.0,0.0,0.0,0.0,4.0,7.0,0.0,11.0,0.0,2.0,0.0,0.0,0.0,23504.521613353732,0.0,0.0,0.0,nothing,32.0,0.0,0,25.74959486344779
88be08c883fffff,-33.92780277928701,150.93790524017777,0.0,0.0,0.0,2.0,0.0,2.0,0.0,0.0,2.0,7.0,0.0,7.0,0.0,0.0,0.0,0.0,0.0,1097.9695080016584,17802.88888888889,1.0,1.0,kW,28.0,0.0,1,26.685280740732892
88be08c885fffff,-33.921677032519824,150.9554017404814,0.0,0.0,0.0,1.0,0.0,0.0,0.0,0.0,1.0,3.0,0.0,6.0,0.0,0.0,0.0,0.0,0.0,3643.6981419074955,0.0,0.0,0.0,nothing,14.0,0.0,0,24.947649175082763
88be08c887fffff,-33.920545546604494,150.94452704522257,0.0,0.0,0.0,0.0,0.0,0.0,0.0,0.0,0.0,1.0,0.0,0.0,0.0,0.0,0.0,0.0,0.0,2169.3615251099104,0.0,0.0,0.0,nothing,1.0,0.0,0,25.892450660569118
88be08c889fffff,-33.937324172792486,150.95303520364905,0.0,1.0,0.0,0.0,0.0,0.0,0.0,1.0,2.0,1.0,0.0,15.0,0.0,0.0,0.0,0.0,0.0,689.2077669115026,0.0,0.0,0.0,nothing,43.0,0.0,0,25.645769485149064
88be08c88bfffff,-33.93619236030563,150.94215855101154,0.0,1.0,0.0,0.0,0.0,0.0,0.0,0.0,0.0,0.0,0.0,9.0,0.0,0.0,0.0,0.0,0.0,0.0,0.0,0.0,0.0,nothing,6.0,0.0,0,26.565836191813393
88be08c88dfffff,-33.93006607762896,150.95965658771848,1.0,2.0,0.0,0.0,0.0,0.0,0.0,0.0,4.0,7.0,0.0,9.0,2.0,0.0,0.0,0.0,0.0,2465.3615888342865,0.0,0.0,0.0,nothing,33.0,0.0,0,24.819996906565795
88be08c891fffff,-33.93392591772399,150.9204066053459,0.0,1.0,0.0,5.0,0.0,0.0,0.0,0.0,0.0,12.0,0.0,7.0,0.0,1.0,0.0,0.0,0.0,21962.664002195488,0.0,1.0,1.0,kW,38.0,0.0,1,28.424976578988037
88be08c893fffff,-33.93279128796184,150.90953131382847,0.0,1.0,0.0,2.0,0.0,0.0,0.0,0.0,0.0,1.0,0.0,0.0,0.0,1.0,0.0,0.0,0.0,6108.385600338898,0.0,0.0,0.0,nothing,16.0,0.0,0,29.362843542453415
88be08c895fffff,-33.92666972168428,150.92703024577133,1.0,5.0,0.0,22.0,11.0,0.0,0.0,2.0,5.0,70.0,0.0,17.0,0.0,7.0,5.0,0.0,0.0,49371.84071783742,10868.010582010582,0.0,0.0,nothing,85.0,0.0,0,27.626434222571863
88be08c897fffff,-33.925535725348624,150.91615570528117,0.0,5.0,0.0,8.0,3.0,0.0,0.0,0.0,6.0,30.0,0.0,13.0,0.0,1.0,0.0,0.0,0.0,62657.865942077224,20324.833333333332,0.0,0.0,nothing,67.0,0.0,0,28.57251332697253
88be08c899fffff,-33.942316033909634,150.9246583785762,0.0,0.0,0.0,0.0,0.0,0.0,0.0,0.0,0.0,1.0,0.0,3.0,0.0,0.0,0.0,0.0,0.0,0.0,48694.525714285715,0.0,0.0,nothing,18.0,0.0,0,28.31273910016113
88be08c89bfffff,-33.941181709585955,150.91378188121413,0.0,0.0,0.0,4.0,0.0,0.0,0.0,0.0,0.0,7.0,0.0,7.0,0.0,0.0,0.0,0.0,0.0,4565.284909241718,31113.381381381383,0.0,0.0,nothing,34.0,0.0,0,29.23669226656067
88be08c89dfffff,-33.935059608560735,150.93128235132534,0.0,0.0,0.0,0.0,0.0,0.0,0.0,0.0,0.0,4.0,0.0,14.0,0.0,0.0,0.0,0.0,0.0,21165.625426072103,0.0,0.0,0.0,nothing,16.0,0.0,0,27.492452632648902
88be08c8a1fffff,-33.90602987307718,150.95776740424606,0.0,0.0,0.0,0.0,0.0,0.0,0.0,0.0,0.0,2.0,0.0,0.0,0.0,0.0,0.0,0.0,0.0,11503.942252471705,0.0,0.0,0.0,nothing,3.0,0.0,0,24.355396543008098
88be08c8a3fffff,-33.90489871365827,150.94689466569906,0.0,0.0,0.0,1.0,0.0,0.0,0.0,0.0,0.0,1.0,0.0,6.0,0.0,0.0,0.0,0.0,0.0,13200.743325151505,20621.666666666668,0.0,0.0,nothing,6.0,0.0,0,25.32221729834296
88be08c8a5fffff,-33.89877143326452,150.96438595840334,0.0,0.0,0.0,0.0,0.0,0.0,0.0,0.0,0.0,0.0,0.0,0.0,0.0,0.0,0.0,0.0,0.0,0.0,0.0,0.0,0.0,nothing,1.0,0.0,0,23.614337980534213
88be08c8a7fffff,-33.89764090606733,150.95351397218903,0.0,3.0,0.0,3.0,0.0,2.0,0.0,0.0,1.0,14.0,0.0,22.0,0.0,1.0,0.0,0.0,0.0,24385.12828922521,0.0,0.0,0.0,nothing,52.0,0.0,0,24.58937673459837
88be08c8a9fffff,-33.91441876440944,150.96202170930925,0.0,0.0,0.0,0.0,0.0,0.0,0.0,0.0,0.0,1.0,0.0,6.0,0.0,0.0,1.0,0.0,0.0,0.0,0.0,0.0,0.0,nothing,16.0,0.0,0,24.16142337781463
88be08c8abfffff,-33.913287911029194,150.95114776654893,0.0,0.0,0.0,0.0,0.0,0.0,0.0,0.0,0.0,0.0,0.0,4.0,0.0,0.0,0.0,0.0,0.0,9466.325091951909,0.0,3.0,3.0,22 kW,18.0,0.0,1,25.115321356447105
88be08c8adfffff,-33.907160094175524,150.96864059431832,0.0,0.0,0.0,0.0,0.0,0.0,0.0,0.0,0.0,2.0,0.0,0.0,0.0,0.0,0.0,0.0,0.0,0.0,0.0,0.0,0.0,nothing,2.0,0.0,0,23.39250332766466
88be08c8b1fffff,-33.91102338889404,150.9294012379942,0.0,3.0,0.0,3.0,0.0,0.0,0.0,0.0,0.0,10.0,0.0,14.0,0.0,0.0,0.0,0.0,0.0,32509.05097082087,0.0,0.0,0.0,nothing,47.0,0.0,0,27.036064269652044
88be08c8b3fffff,-33.909889720471206,150.91852865370964,0.0,2.0,0.0,5.0,0.0,0.0,0.0,0.0,0.0,34.0,0.0,11.0,0.0,0.0,0.0,0.0,0.0,65788.40685526193,0.0,0.0,0.0,nothing,23.0,0.0,0,28.00201770030535
88be08c8b5fffff,-33.903766616084546,150.93602237943227,0.0,3.0,0.0,0.0,0.0,0.0,0.0,0.0,0.0,8.0,0.0,1.0,0.0,0.0,0.0,0.0,0.0,34878.85600769038,0.0,0.0,0.0,nothing,4.0,0.0,0,26.292530502521387
88be08c8b7fffff,-33.902633580522014,150.92515054620037,0.0,0.0,0.0,0.0,0.0,0.0,0.0,0.0,0.0,2.0,0.0,6.0,0.0,0.0,0.0,0.0,0.0,23929.424651033416,0.0,0.0,0.0,nothing,6.0,0.0,0,27.265961530830726
88be08c8b9fffff,-33.91941312198276,150.93365280257933,0.0,7.0,0.0,0.0,2.0,0.0,0.0,2.0,10.0,2.0,0.0,6.0,2.0,0.0,1.0,0.0,0.0,45673.134246478854,0.0,0.0,0.0,nothing,35.0,0.0,0,26.842241605468818
88be08c8bbfffff,-33.91827975882071,150.9227790133068,0.0,14.0,0.0,59.0,9.0,0.0,1.0,1.0,68.0,212.0,0.0,17.0,3.0,10.0,4.0,0.0,0.0,71190.80936629267,26395.073469387757,0.0,0.0,nothing,127.0,0.0,0,27.796508817098502
88be08c8bdfffff,-33.91215611913542,150.94027427585888,2.0,1.0,0.0,2.0,0.0,0.0,1.0,0.0,10.0,24.0,0.0,5.0,0.0,0.0,0.0,0.0,0.0,67155.46151230644,0.0,1.0,2.0,kW,38.0,0.0,1,26.07369420438029
88be08c8c1fffff,-33.94684393669766,150.96816890299453,0.0,0.0,0.0,0.0,0.0,0.0,0.0,0.0,0.0,0.0,0.0,0.0,0.0,0.0,0.0,0.0,0.0,3405.107580898377,0.0,0.0,0.0,nothing,0.0,0.0,0,24.687045632518657
88be08c8c3fffff,-33.94571337050892,150.957290593156,0.0,0.0,0.0,5.0,2.0,0.0,1.0,0.0,2.0,9.0,0.0,8.0,0.0,2.0,0.0,0.0,0.0,18545.663905910853,0.0,0.0,0.0,nothing,18.0,0.0,0,25.581450918948896
88be08c8c5fffff,-33.93958497932844,150.97478986475505,0.0,0.0,0.0,0.0,0.0,0.0,0.0,0.0,3.0,0.0,0.0,1.0,0.0,0.0,0.0,0.0,0.0,5744.4511080607845,0.0,0.0,0.0,nothing,16.0,0.0,0,23.82832293109007
88be08c8c7fffff,-33.938455045855335,150.96391230848215,0.0,0.0,0.0,0.0,0.0,0.0,0.0,0.0,0.0,0.0,0.0,0.0,0.0,0.0,0.0,0.0,0.0,0.0,0.0,0.0,0.0,nothing,1.0,0.0,0,24.732985416793923
88be08c8c9fffff,-33.95523274965461,150.97242637147767,0.0,1.0,0.0,1.0,0.0,0.0,0.0,0.0,7.0,7.0,0.0,0.0,0.0,0.0,0.0,0.0,0.0,0.0,0.0,0.0,0.0,nothing,4.0,0.0,0,24.682408077018245
88be08c8cbfffff,-33.95410249063861,150.9615468564882,0.0,1.0,0.0,1.0,0.0,1.0,0.0,0.0,8.0,3.0,0.0,7.0,0.0,0.0,0.0,0.0,0.0,36465.65187040331,0.0,0.0,0.0,nothing,13.0,0.0,0,25.55693859737251
88be08c8cdfffff,-33.9479735629379,150.97904766406228,0.0,2.0,0.0,1.0,0.0,0.0,0.0,0.0,2.0,2.0,0.0,0.0,0.0,0.0,0.0,0.0,0.0,6399.678946057311,0.0,0.0,0.0,nothing,7.0,0.0,0,23.802167871262117
88be08c8d1fffff,-33.95183915234752,150.93978918259037,0.0,0.0,0.0,2.0,0.0,0.0,0.0,0.0,7.0,5.0,0.0,14.0,0.0,0.0,0.0,0.0,0.0,15631.572494748634,0.0,0.0,0.0,nothing,39.0,0.0,0,27.33475285403402
88be08c8d3fffff,-33.95070607340434,150.9289110251943,0.0,0.0,0.0,0.0,0.0,0.0,0.0,0.0,0.0,1.0,0.0,0.0,0.0,0.0,0.0,0.0,0.0,0.0,0.0,0.0,0.0,nothing,8.0,0.0,0,28.236222886294218
88be08c8d5fffff,-33.94458186453737,150.9464127353028,0.0,0.0,0.0,0.0,0.0,0.0,0.0,0.0,3.0,2.0,0.0,7.0,0.0,0.0,0.0,0.0,0.0,0.0,0.0,0.0,0.0,nothing,37.0,0.0,0,26.484416682903262
88be08c8d7fffff,-33.943449418948894,150.93553533019096,0.0,0.0,0.0,0.0,0.0,0.0,0.0,0.0,1.0,4.0,0.0,12.0,0.0,0.0,0.0,0.0,0.0,0.0,0.0,0.0,0.0,nothing,26.0,0.0,0,27.395094704862263
88be08c8d9fffff,-33.96022880825534,150.94404390874584,0.0,0.0,0.0,0.0,0.0,0.0,0.0,0.0,1.0,1.0,0.0,11.0,0.0,2.0,0.0,0.0,0.0,18832.56859994902,0.0,0.0,0.0,nothing,39.0,0.0,0,27.311673507939133
88be08c8dbfffff,-33.95909603570687,150.9331645454225,0.0,0.0,0.0,0.0,0.0,0.0,0.0,0.0,1.0,0.0,0.0,8.0,0.0,0.0,0.0,0.0,0.0,0.0,0.0,0.0,0.0,nothing,14.0,0.0,0,28.195719803727386
88be08c8ddfffff,-33.952971291480964,150.9506677932737,0.0,0.0,0.0,0.0,0.0,0.0,0.0,0.0,1.0,3.0,0.0,15.0,0.0,1.0,0.0,0.0,0.0,31082.990144321644,0.0,0.0,0.0,nothing,42.0,0.0,0,26.441374600134047
88be08c8e1fffff,-33.92393718756809,150.97715248582452,0.0,0.0,0.0,0.0,0.0,0.0,0.0,0.0,0.0,2.0,0.0,3.0,0.0,0.0,0.0,0.0,0.0,415.0900588782734,0.0,0.0,0.0,nothing,9.0,0.0,0,23.075471258314344
88be08c8e3fffff,-33.92280757956291,150.96627688760054,0.0,0.0,0.0,2.0,0.0,0.0,0.0,0.0,0.0,7.0,0.0,1.0,0.0,0.0,0.0,0.0,0.0,2530.632977930206,0.0,0.0,0.0,nothing,13.0,0.0,0,24.00842820733969
88be08c8e5fffff,-33.91667765496679,150.98377094802,0.0,0.0,0.0,2.0,0.0,0.0,0.0,0.0,1.0,6.0,0.0,4.0,0.0,1.0,0.0,0.0,0.0,3543.7163072118456,0.0,0.0,0.0,nothing,12.0,0.0,0,22.269358203444355
88be08c8e7fffff,-33.91554867911045,150.97289610338476,0.0,1.0,0.0,1.0,0.0,0.0,0.0,0.0,0.0,1.0,0.0,0.0,0.0,0.0,0.0,0.0,0.0,0.0,0.0,0.0,0.0,nothing,4.0,0.0,0,23.212554012691974
88be08c8e9fffff,-33.93232561904714,150.98140974185947,0.0,0.0,0.0,2.0,0.0,0.0,0.0,0.0,0.0,4.0,0.0,3.0,0.0,0.0,0.0,0.0,0.0,23395.445067039574,14467.934569247547,0.0,0.0,nothing,24.0,0.0,0,22.982023442060836
88be08c8ebfffff,-33.931196318036335,150.97053293934178,0.0,0.0,0.0,0.0,0.0,0.0,0.0,0.0,0.0,1.0,0.0,7.0,0.0,0.0,0.0,0.0,0.0,18368.590642032515,0.0,0.0,0.0,nothing,1.0,0.0,0,23.897199345526364
88be08c8edfffff,-33.925065856369976,150.98802853439764,0.0,0.0,0.0,0.0,0.0,0.0,0.0,0.0,0.0,2.0,0.0,0.0,0.0,0.0,0.0,0.0,0.0,8925.329900695937,0.0,0.0,0.0,nothing,11.0,0.0,0,22.149572029323515
88be08c901fffff,-33.8859889986987,151.071209058253,0.0,3.0,0.0,3.0,0.0,1.0,1.0,0.0,0.0,6.0,0.0,9.0,0.0,0.0,0.0,0.0,0.0,14801.693162212807,26008.8981042654,7.0,4.0,kW,45.0,132000.0,1,13.634032228632057
88be08c903fffff,-33.88486787163205,151.06033575653746,0.0,0.0,0.0,0.0,0.0,0.0,0.0,0.0,0.0,3.0,0.0,7.0,0.0,0.0,0.0,0.0,0.0,6146.3511696396445,25543.083743842366,8.0,0.0,nothing,9.0,132000.0,1,14.607214458268052
88be08c905fffff,-33.878723913914335,151.07781723485542,0.0,1.0,0.0,1.0,0.0,1.0,3.0,0.0,1.0,1.0,0.0,23.0,0.0,0.0,0.0,0.0,0.0,13053.84309781941,0.0,0.0,0.0,nothing,42.0,132000.0,0,12.913370739202348
88be08c907fffff,-33.87760341650397,151.06694469057845,0.0,0.0,0.0,3.0,0.0,0.0,3.0,0.0,8.0,7.0,0.0,12.0,0.0,0.0,0.0,0.0,0.0,8606.350637446765,0.0,16.0,0.0,nothing,25.0,132000.0,1,13.899987600894374
88be08c909fffff,-33.894374503639554,151.07547429977987,1.0,0.0,0.0,0.0,0.0,1.0,0.0,0.0,3.0,3.0,0.0,0.0,0.0,0.0,0.0,0.0,0.0,728.0318763644582,0.0,5.0,0.0,nothing,6.0,132000.0,1,13.438955863225292
88be08c90bfffff,-33.89325368571731,151.06459979696535,0.0,2.0,0.0,2.0,0.0,0.0,0.0,0.0,1.0,6.0,0.0,26.0,0.0,1.0,0.0,0.0,0.0,26588.312304235405,0.0,0.0,0.0,nothing,61.0,0.0,0,14.38974085671548
88be08c90dfffff,-33.88710918690523,151.08208280327275,0.0,0.0,0.0,3.0,1.0,4.0,2.0,0.0,1.0,9.0,0.0,19.0,0.0,0.0,0.0,0.0,0.0,3598.6276981331703,0.0,0.0,0.0,nothing,61.0,132000.0,0,12.667166048767346
88be08c911fffff,-33.891009232871816,151.04285212363538,0.0,0.0,0.0,0.0,0.0,0.0,0.0,0.0,0.0,4.0,1.0,9.0,0.0,0.0,0.0,0.0,0.0,21720.607760282084,25327.45238095238,25.0,0.0,nothing,24.0,132000.0,1,16.31395295172825
88be08c913fffff,-33.889885598275605,151.03197895463202,0.0,0.0,0.0,2.0,0.0,1.0,0.0,0.0,12.0,6.0,0.0,0.0,0.0,0.0,0.0,0.0,0.0,9046.165965989752,0.0,17.0,0.0,nothing,12.0,132000.0,1,17.284854290127086
88be08c915fffff,-33.88374580586855,151.0494628988822,0.0,1.0,0.0,0.0,0.0,0.0,0.0,0.0,0.0,0.0,0.0,8.0,0.0,0.0,0.0,0.0,0.0,55056.2758024736,0.0,4.0,0.0,nothing,12.0,132000.0,1,15.585526681993258
88be08c917fffff,-33.88262280157165,151.0385904860431,0.0,0.0,0.0,0.0,0.0,0.0,0.0,0.0,0.0,1.0,0.0,14.0,0.0,0.0,0.0,0.0,0.0,23577.629423524362,0.0,3.0,0.0,nothing,34.0,132000.0,1,16.56805738669548
88be08c919fffff,-33.899395587312064,151.0471146348705,0.0,0.0,0.0,2.0,0.0,0.0,1.0,0.0,1.0,10.0,0.0,23.0,0.0,0.0,0.0,0.0,0.0,47449.45961398509,8078.888888888889,0.0,0.0,nothing,36.0,0.0,0,16.119274941831527
88be08c91bfffff,-33.89827226108468,151.03624026398717,0.0,3.0,0.0,1.0,0.0,0.0,0.0,0.0,0.0,3.0,0.0,12.0,0.0,0.0,0.0,0.0,0.0,41364.359871279165,0.0,29.0,0.0,nothing,30.0,132000.0,1,17.071247200019815
88be08c91dfffff,-33.89213192874026,151.05372573799846,0.0,1.0,0.0,1.0,0.0,0.0,0.0,0.0,0.0,6.0,0.0,8.0,0.0,0.0,0.0,0.0,0.0,48533.52913327947,0.0,4.0,0.0,nothing,30.0,132000.0,1,15.348545470732525
88be08c921fffff,-33.86307331425443,151.08015930553069,1.0,1.0,0.0,1.0,0.0,0.0,2.0,0.0,11.0,10.0,0.0,7.0,0.0,2.0,0.0,0.0,0.0,7258.144452357266,38684.20080321285,4.0,3.0,22 kW,78.0,132000.0,1,12.610546728764255
88be08c923fffff,-33.861953137281326,151.0692887191227,2.0,3.0,1.0,10.0,0.0,0.0,1.0,0.0,12.0,14.0,0.0,4.0,5.0,3.0,0.0,0.0,0.0,45868.27522425839,25044.006342494715,9.0,6.0,"22 kW, kW",46.0,132000.0,1,13.618946851314677
88be08c925fffff,-33.855807668166136,151.0867649866243,4.0,3.0,0.0,5.0,0.0,0.0,1.0,0.0,30.0,13.0,0.0,7.0,2.0,3.0,0.0,0.0,0.0,17707.45671827274,0.0,8.0,2.0,7 kW,48.0,132000.0,1,12.041729256568898
88be08c927fffff,-33.85468812028153,151.0758951576727,6.0,5.0,0.0,14.0,0.0,5.0,1.0,0.0,24.0,29.0,0.0,5.0,0.0,0.0,0.0,0.0,0.0,75602.57113169065,13727.222222222223,11.0,3.0,22 kW,37.0,132000.0,1,13.054639726177763
88be08c929fffff,-33.871458431880846,151.08442432686388,0.0,0.0,1.0,7.0,1.0,0.0,3.0,1.0,3.0,9.0,0.0,29.0,0.0,3.0,0.0,0.0,0.0,3085.175406206407,0.0,0.0,0.0,nothing,49.0,0.0,0,12.233952778279297
88be08c92bfffff,-33.87033856387258,151.07355254021246,1.0,0.0,1.0,1.0,0.0,2.0,2.0,0.0,5.0,10.0,0.0,26.0,0.0,1.0,0.0,0.0,0.0,14413.595397838651,0.0,0.0,0.0,nothing,28.0,0.0,0,13.232335509923642
88be08c92dfffff,-33.86419255311484,151.09103033436972,4.0,1.0,0.0,14.0,1.0,0.0,3.0,0.0,16.0,18.0,0.0,11.0,0.0,0.0,0.0,0.0,0.0,28041.358616346915,0.0,6.0,1.0,22 kW,76.0,132000.0,1,11.60302702513958
88be08c931fffff,-33.868096013096626,151.05181029658698,0.0,0.0,0.0,0.0,0.0,0.0,0.0,0.0,1.0,1.0,0.0,5.0,0.0,1.0,0.0,0.0,0.0,0.0,0.0,0.0,0.0,nothing,27.0,0.0,0,15.235065102463354
88be08c933fffff,-33.86697333065545,151.04093984112401,0.0,6.0,0.0,6.0,0.0,0.0,1.0,1.0,5.0,11.0,0.0,5.0,2.0,10.0,0.0,0.0,0.0,4488.975817343942,9065.851851851852,0.0,0.0,nothing,81.0,0.0,0,16.23867074045202
88be08c935fffff,-33.860832022358494,151.0584185759013,0.0,0.0,0.0,1.0,0.0,0.0,0.0,0.0,0.0,4.0,0.0,1.0,0.0,0.0,0.0,0.0,0.0,8010.495426745375,0.0,1.0,0.0,nothing,6.0,132000.0,1,14.628042178254292
88be08c937fffff,-33.85970996964914,151.04754887662182,2.0,3.0,0.0,2.0,0.0,0.0,1.0,0.0,8.0,9.0,0.0,20.0,0.0,6.0,0.0,0.0,0.0,18265.740188819454,22934.444444444445,0.0,0.0,nothing,47.0,0.0,0,15.637695177913557
88be08c939fffff,-33.87648198059137,151.05607258981846,0.0,0.0,0.0,0.0,0.0,0.0,0.0,0.0,3.0,0.0,0.0,10.0,0.0,0.0,0.0,0.0,0.0,11992.99252713232,0.0,0.0,0.0,nothing,14.0,0.0,0,14.890206730231682
88be08c93bfffff,-33.875359606339835,151.0452009333312,0.0,1.0,0.0,0.0,0.0,0.0,0.0,0.0,0.0,5.0,0.0,16.0,0.0,0.0,0.0,0.0,0.0,31164.874499475864,22346.555555555555,0.0,0.0,nothing,16.0,0.0,0,15.883351508043386
88be08c93dfffff,-33.86921775755679,151.06268119653495,0.0,0.0,0.0,3.0,0.0,0.0,3.0,0.0,28.0,4.0,0.0,6.0,0.0,0.0,0.0,0.0,0.0,10846.9484133165,11898.222222222223,15.0,10.0,7 kW,25.0,132000.0,1,14.23284709445318
88be08c941fffff,-33.903879499728646,151.0906165623157,0.0,0.0,1.0,2.0,0.0,0.0,0.0,0.0,19.0,4.0,0.0,18.0,0.0,1.0,0.0,0.0,0.0,1155.1675548863604,9236.475040257648,3.0,0.0,nothing,37.0,132000.0,1,12.409100306373258
88be08c943fffff,-33.90275993082513,151.07974041538046,0.0,1.0,0.0,4.0,1.0,0.0,0.0,0.0,2.0,12.0,0.0,15.0,0.0,1.0,0.0,0.0,0.0,1993.6840705304385,0.0,0.0,0.0,nothing,27.0,0.0,0,13.317875742885203
88be08c945fffff,-33.89661332166714,151.09722463392643,0.0,0.0,0.0,2.0,0.0,6.0,0.0,0.0,1.0,9.0,0.0,15.0,0.0,2.0,0.0,0.0,0.0,8588.424210618774,0.0,0.0,0.0,nothing,30.0,132000.0,0,11.569355374138482
88be08c947fffff,-33.895494382343806,151.08634924568574,0.0,0.0,0.0,2.0,2.0,0.0,1.0,0.0,2.0,10.0,0.0,25.0,0.0,1.0,0.0,0.0,0.0,3385.619731574526,5087.0,3.0,0.0,nothing,54.0,132000.0,1,12.498024571107702
88be08c949fffff,-33.912264538558226,151.09488475338398,0.0,0.0,0.0,0.0,0.0,0.0,1.0,0.0,0.0,5.0,0.0,3.0,0.0,2.0,0.0,0.0,0.0,8773.803526938485,0.0,0.0,0.0,nothing,45.0,0.0,0,12.402121235704332
88be08c94bfffff,-33.911145279753946,151.08400740527614,0.0,0.0,0.0,0.0,0.0,0.0,0.0,0.0,0.0,4.0,0.0,13.0,0.0,0.0,0.0,0.0,0.0,0.0,0.0,0.0,0.0,nothing,58.0,0.0,0,13.272819315459826
88be08c94dfffff,-33.90499812889341,151.10149315137235,2.0,1.0,0.0,6.0,1.0,1.0,0.0,0.0,27.0,23.0,0.0,13.0,1.0,1.0,0.0,0.0,0.0,11376.77938915182,7429.555555555556,6.0,2.0,7 kW,46.0,132000.0,1,11.51781483716867
88be08c951fffff,-33.90890394250717,151.0622540378123,0.0,4.0,0.0,10.0,4.0,0.0,0.0,0.0,5.0,22.0,0.0,16.0,0.0,1.0,0.0,0.0,0.0,11886.558409187248,29883.666666666668,0.0,0.0,nothing,81.0,0.0,0,15.067871673758145
88be08c953fffff,-33.90778186439101,151.05137801996992,1.0,4.0,1.0,2.0,1.0,0.0,0.0,0.0,0.0,13.0,0.0,22.0,0.0,0.0,0.0,0.0,0.0,13804.928433682522,0.0,7.0,0.0,nothing,55.0,132000.0,1,15.986196431337829
88be08c955fffff,-33.90163942234574,151.06886471132347,0.0,2.0,0.0,3.0,0.0,0.0,3.0,0.0,0.0,3.0,0.0,6.0,0.0,0.0,0.0,0.0,0.0,10225.509583464987,0.0,0.0,0.0,nothing,45.0,0.0,0,14.240789974769088
88be08c957fffff,-33.90051797445361,151.05798945090135,0.0,0.0,0.0,0.0,0.0,0.0,0.0,0.0,2.0,3.0,0.0,28.0,0.0,0.0,0.0,0.0,0.0,3464.211798112248,0.0,4.0,0.0,nothing,48.0,132000.0,1,15.175260565280599
88be08c959fffff,-33.917289832399526,151.06651949895283,2.0,1.0,0.0,2.0,0.0,0.0,0.0,0.0,20.0,12.0,0.0,3.0,0.0,0.0,0.0,0.0,0.0,3224.0676569545476,32464.11111111111,0.0,0.0,nothing,107.0,0.0,0,15.027793506250646
88be08c95bfffff,-33.916168063607266,151.0556422791552,0.0,4.0,0.0,1.0,0.0,0.0,0.0,0.0,9.0,6.0,0.0,24.0,0.0,0.0,0.0,0.0,0.0,12445.750692628617,0.0,0.0,0.0,nothing,115.0,0.0,0,15.916264484163433
88be08c95dfffff,-33.91002508101591,151.07313049983327,0.0,2.0,0.0,1.0,0.0,0.0,0.0,0.0,0.0,6.0,0.0,13.0,0.0,0.0,0.0,0.0,0.0,3571.7841241779342,0.0,0.0,0.0,nothing,89.0,0.0,0,14.162526078428163
88be08c961fffff,-33.88096209257627,151.09956365093637,4.0,5.0,0.0,6.0,0.0,0.0,4.0,1.0,22.0,18.0,0.0,18.0,0.0,6.0,0.0,0.0,0.0,11783.454937487333,0.0,0.0,0.0,nothing,99.0,132000.0,0,10.954850836352563
88be08c963fffff,-33.87984347265938,151.08869022189342,0.0,0.0,2.0,0.0,0.0,0.0,8.0,0.0,1.0,2.0,0.0,21.0,0.0,0.0,0.0,0.0,0.0,0.0,5383.200577200577,0.0,0.0,nothing,28.0,132000.0,0,11.931253659986663
88be08c965fffff,-33.87369535232343,151.10616922606485,5.0,23.0,0.0,16.0,4.0,6.0,4.0,0.0,60.0,31.0,0.0,16.0,4.0,7.0,0.0,0.0,0.0,10426.172238995665,0.0,11.0,11.0,7 kW,91.0,0.0,1,10.246079948814891
88be08c967fffff,-33.872577361418685,151.09529655573334,3.0,3.0,0.0,23.0,2.0,1.0,16.0,1.0,57.0,20.0,0.0,30.0,10.0,3.0,0.0,0.0,0.0,5552.3360810697695,0.0,1.0,1.0,7 kW,120.0,0.0,1,11.238270356703698
88be08c969fffff,-33.88934674608613,151.1038316201999,0.0,0.0,0.0,0.0,0.0,0.0,0.0,0.0,0.0,6.0,0.0,12.0,0.0,0.0,0.0,0.0,0.0,2945.0898165405792,0.0,0.0,0.0,nothing,41.0,132000.0,0,10.759200918829007
88be08c96bfffff,-33.88822843608863,151.09295699084052,2.0,0.0,0.0,1.0,0.0,2.0,0.0,0.0,0.0,9.0,0.0,17.0,0.0,2.0,0.0,0.0,0.0,6488.638950465266,0.0,0.0,0.0,nothing,51.0,132000.0,0,11.708184680488285
88be08c96dfffff,-33.882079773502376,151.1104375212279,3.0,1.0,0.0,3.0,1.0,1.0,2.0,0.0,20.0,6.0,0.0,13.0,0.0,3.0,0.0,0.0,0.0,4321.629696049255,13682.888888888889,0.0,0.0,nothing,64.0,132000.0,0,9.985843162668838
88be08c981fffff,-33.878121402327594,150.99510529795813,0.0,0.0,0.0,0.0,0.0,0.0,0.0,0.0,0.0,0.0,0.0,17.0,0.0,0.0,0.0,0.0,0.0,4251.546395419096,0.0,0.0,0.0,nothing,23.0,0.0,0,20.528169819695247
88be08c983fffff,-33.87699370782388,150.98423512053068,0.0,0.0,0.0,2.0,0.0,0.0,0.0,0.0,0.0,6.0,0.0,11.0,0.0,0.0,0.0,0.0,0.0,20814.241534251858,0.0,0.0,0.0,nothing,27.0,0.0,0,21.523615368551425
88be08c985fffff,-33.8708607292185,151.0017187652177,0.0,0.0,0.0,0.0,0.0,4.0,0.0,0.0,2.0,1.0,0.0,5.0,0.0,0.0,0.0,0.0,0.0,0.0,0.0,0.0,0.0,nothing,12.0,0.0,0,19.87635193085568
88be08c987fffff,-33.86973366572993,150.99084934142365,0.0,2.0,0.0,0.0,0.0,0.0,0.0,0.0,1.0,3.0,0.0,23.0,0.0,0.0,0.0,0.0,0.0,10864.851057413996,0.0,0.0,0.0,nothing,30.0,0.0,0,20.878231597511338
88be08c989fffff,-33.886509063760286,150.999362127337,1.0,0.0,0.0,16.0,11.0,0.0,2.0,1.0,12.0,52.0,0.0,19.0,0.0,5.0,0.0,0.0,0.0,12389.611979918145,5602.8125,0.0,0.0,nothing,38.0,0.0,0,20.2225646402017
88be08c98bfffff,-33.88538167589406,150.98849074732826,0.0,0.0,0.0,1.0,0.0,0.0,0.0,0.0,0.0,0.0,0.0,10.0,0.0,0.0,0.0,0.0,0.0,8901.521427614733,0.0,0.0,0.0,nothing,18.0,0.0,0,21.2082052370586
88be08c98dfffff,-33.87924815911874,151.0059759239781,0.0,0.0,0.0,0.0,0.0,0.0,0.0,0.0,0.0,2.0,0.0,9.0,0.0,2.0,0.0,0.0,0.0,8585.467311111104,5104.555555555556,0.0,0.0,nothing,29.0,0.0,0,19.53455864327522
88be08c991fffff,-33.88312408660833,150.96674933547536,0.0,0.0,0.0,0.0,0.0,0.0,0.0,0.0,1.0,5.0,0.0,14.0,0.0,0.0,0.0,0.0,0.0,122.74435561881047,0.0,0.0,0.0,nothing,36.0,0.0,0,23.18663205682724
88be08c993fffff,-33.881993885519115,150.95587930514063,1.0,0.0,0.0,0.0,0.0,0.0,2.0,0.0,1.0,0.0,0.0,1.0,0.0,0.0,0.0,0.0,0.0,4168.81605175524,0.0,0.0,0.0,nothing,12.0,0.0,0,24.178829656470086
88be08c995fffff,-33.875865075772445,150.97336539245046,0.0,0.0,0.0,0.0,0.0,0.0,0.0,0.0,3.0,2.0,0.0,14.0,0.0,0.0,0.0,0.0,0.0,23557.467863429207,0.0,0.0,0.0,nothing,25.0,0.0,0,22.520649938749735
88be08c997fffff,-33.874735506338375,150.96249611447195,0.0,7.0,1.0,4.0,0.0,0.0,0.0,0.0,3.0,6.0,0.0,19.0,0.0,2.0,0.0,0.0,0.0,14473.165842147673,7873.111111111111,0.0,0.0,nothing,45.0,0.0,0,23.51906941699596
88be08c999fffff,-33.891512592107325,150.97100342911017,0.0,1.0,0.0,1.0,0.0,0.0,0.0,0.0,2.0,6.0,0.0,5.0,0.0,0.0,0.0,0.0,0.0,5213.55162370064,20814.326777609684,0.0,0.0,nothing,7.0,0.0,0,22.893978556851774
88be08c99bfffff,-33.89038269687866,150.96013219541803,0.0,2.0,0.0,0.0,0.0,0.0,0.0,0.0,0.0,2.0,0.0,10.0,0.0,0.0,0.0,0.0,0.0,0.0,0.0,0.0,0.0,nothing,21.0,0.0,0,23.87688929473549
88be08c99dfffff,-33.88425335012173,150.9776198164561,1.0,0.0,0.0,1.0,0.0,0.0,0.0,0.0,0.0,4.0,0.0,25.0,0.0,1.0,0.0,0.0,0.0,17792.150594069968,14338.611111111111,0.0,0.0,nothing,56.0,0.0,0,22.196334447640723
88be08c9a1fffff,-33.8552123842186,151.00407453402386,0.0,0.0,0.0,0.0,2.0,0.0,0.0,0.0,0.0,1.0,0.0,17.0,0.0,1.0,0.0,0.0,0.0,781.9095357416342,0.0,0.0,0.0,nothing,47.0,0.0,0,19.68011942782249
88be08c9a3fffff,-33.85408564503273,150.99320706577785,0.0,1.0,0.0,2.0,2.0,0.0,0.0,0.0,0.0,2.0,0.0,24.0,0.0,1.0,0.0,0.0,0.0,13658.101233328563,0.0,0.0,0.0,nothing,43.0,0.0,0,20.691387943874354
88be08c9a5fffff,-33.84795114583367,151.0106855059109,0.0,0.0,0.0,0.0,0.0,0.0,0.0,0.0,0.0,2.0,0.0,18.0,0.0,0.0,0.0,0.0,0.0,3405.444959153624,0.0,0.0,0.0,nothing,54.0,0.0,0,19.133195650641316
88be08c9a7fffff,-33.84682503709604,150.99981879131994,0.0,0.0,0.0,0.0,0.0,0.0,1.0,0.0,0.0,3.0,0.0,20.0,0.0,0.0,0.0,0.0,0.0,0.0,0.0,0.0,0.0,nothing,43.0,0.0,0,20.146375648111498
88be08c9a9fffff,-33.863599657083014,151.0083311491969,0.0,0.0,0.0,0.0,0.0,0.0,0.0,0.0,0.0,3.0,0.0,19.0,0.0,0.0,0.0,0.0,0.0,7326.150169580274,0.0,0.0,0.0,nothing,45.0,0.0,0,19.255618197557773
88be08c9abfffff,-33.8624732243561,150.99746247922477,0.0,0.0,0.0,0.0,0.0,0.0,0.0,0.0,0.0,3.0,0.0,16.0,0.0,0.0,0.0,0.0,0.0,0.0,0.0,0.0,0.0,nothing,28.0,0.0,0,20.26279606643391
88be08c9adfffff,-33.85633818643742,151.01494244998577,0.0,0.0,0.0,1.0,0.0,0.0,0.0,1.0,1.0,4.0,0.0,8.0,0.0,0.0,0.0,0.0,0.0,6578.104486067806,0.0,0.0,0.0,nothing,23.0,0.0,0,18.669070330376364
88be08c9b1fffff,-33.86021754758492,150.97572648481315,0.0,0.0,0.0,0.0,0.0,0.0,0.0,0.0,0.0,1.0,0.0,8.0,0.0,0.0,0.0,0.0,0.0,0.0,0.0,0.0,0.0,nothing,5.0,0.0,0,22.278810308078842
88be08c9b3fffff,-33.85908830387037,150.96485916188212,0.0,0.0,0.0,0.0,0.0,0.0,0.0,0.0,0.0,0.0,0.0,0.0,0.0,0.0,0.0,0.0,0.0,12434.346359702835,0.0,0.0,0.0,nothing,3.0,0.0,0,23.28749902026675
88be08c9b5fffff,-33.85295796904439,150.98234004600195,2.0,0.0,0.0,0.0,2.0,0.0,0.0,1.0,3.0,1.0,0.0,28.0,0.0,3.0,0.0,0.0,0.0,14625.567192004062,0.0,0.0,0.0,nothing,47.0,0.0,0,21.70284302516321
88be08c9b7fffff,-33.8518293564184,150.97147347545018,0.0,1.0,0.0,0.0,0.0,0.0,0.0,1.0,0.0,3.0,0.0,11.0,0.0,1.0,0.0,0.0,0.0,20684.75671615889,0.0,0.0,0.0,nothing,25.0,0.0,0,22.71445765581934
88be08c9b9fffff,-33.868605664887106,150.97998036643284,0.0,1.0,0.0,2.0,0.0,0.0,0.0,0.0,0.0,7.0,0.0,8.0,0.0,1.0,0.0,0.0,0.0,15608.926774634874,0.0,2.0,4.0,kW,13.0,0.0,1,21.8811603619879
88be08c9bbfffff,-33.867476726854946,150.96911184099966,1.0,0.0,0.0,1.0,0.0,0.0,1.0,0.0,2.0,3.0,0.0,9.0,1.0,1.0,0.0,0.0,0.0,0.0,5941.210624417521,0.0,0.0,nothing,14.0,0.0,0,22.88499821788487
88be08c9bdfffff,-33.86134585446849,150.98659425751205,0.0,0.0,0.0,0.0,0.0,0.0,0.0,0.0,2.0,0.0,0.0,13.0,0.0,0.0,0.0,0.0,0.0,0.0,0.0,0.0,0.0,nothing,16.0,0.0,0,21.270553704960534
88be08c9c1fffff,-33.8960227920279,151.01449286068706,0.0,0.0,0.0,0.0,0.0,0.0,0.0,0.0,0.0,0.0,0.0,16.0,0.0,0.0,0.0,0.0,0.0,1690.6826944579466,0.0,0.0,0.0,nothing,36.0,0.0,0,18.994260094009817
88be08c9c3fffff,-33.89489664952679,151.00361982978177,0.0,0.0,0.0,0.0,0.0,0.0,0.0,0.0,0.0,0.0,0.0,11.0,0.0,0.0,0.0,0.0,0.0,0.0,0.0,0.0,0.0,nothing,19.0,0.0,0,19.96345934110496
88be08c9c5fffff,-33.88876102511551,151.02110623174417,0.0,0.0,0.0,0.0,0.0,0.0,0.0,0.0,5.0,0.0,0.0,9.0,0.0,2.0,2.0,0.0,0.0,6182.148230274549,5267.666666666667,33.0,0.0,nothing,38.0,132000.0,1,18.260370636712878
88be08c9c7fffff,-33.88763551355563,151.0102339557274,1.0,0.0,0.0,0.0,0.0,0.0,1.0,0.0,1.0,2.0,0.0,18.0,0.0,0.0,0.0,0.0,0.0,919.7589861348147,7618.222222222223,0.0,0.0,nothing,39.0,0.0,0,19.239797590972547
88be08c9c9fffff,-33.904409994034275,151.01875263907868,0.0,1.0,0.0,1.0,0.0,0.0,0.0,0.0,0.0,6.0,0.0,15.0,0.0,0.0,0.0,0.0,0.0,11624.98425164673,0.0,0.0,0.0,nothing,47.0,0.0,0,18.799876517881724
88be08c9cbfffff,-33.90328415912586,151.00787840551405,0.0,1.0,0.0,1.0,0.0,0.0,0.0,0.0,1.0,6.0,0.0,8.0,0.0,0.0,0.0,0.0,0.0,2317.7190791349676,0.0,0.0,0.0,nothing,27.0,0.0,0,19.752685418168223
88be08c9cdfffff,-33.897147995935285,151.0253663390074,0.0,0.0,0.0,1.0,0.0,0.0,0.0,0.0,0.0,4.0,0.0,16.0,0.0,0.0,0.0,0.0,0.0,2287.1499519660056,0.0,17.0,0.0,nothing,28.0,132000.0,1,18.029914290825015
88be08c9d1fffff,-33.90102967311105,150.98613128301824,0.0,0.0,0.0,0.0,0.0,0.0,0.0,0.0,2.0,1.0,0.0,13.0,0.0,0.0,0.0,0.0,0.0,1802.6963524158775,0.0,0.0,0.0,nothing,16.0,0.0,0,21.674774804125533
88be08c9d3fffff,-33.89990102233421,150.97525839559808,0.0,0.0,0.0,0.0,0.0,0.0,0.0,0.0,3.0,0.0,0.0,0.0,0.0,0.0,0.0,0.0,0.0,6343.37033299558,0.0,0.0,0.0,nothing,0.0,0.0,0,22.64265292088297
88be08c9d5fffff,-33.893769568596475,150.99274724704705,0.0,1.0,0.0,0.0,0.0,0.0,0.0,0.0,0.0,1.0,0.0,17.0,0.0,1.0,0.0,0.0,0.0,2781.438805664832,0.0,0.0,0.0,nothing,34.0,0.0,0,20.936835775851197
88be08c9d7fffff,-33.89264154940167,150.98187511323815,0.0,0.0,0.0,0.0,0.0,0.0,0.0,0.0,0.0,2.0,0.0,9.0,0.0,0.0,0.0,0.0,0.0,2778.4176156600215,0.0,0.0,0.0,nothing,5.0,0.0,0,21.91383061827384
88be08c9d9fffff,-33.90941772074864,150.99038832601812,0.0,2.0,0.0,0.0,0.0,0.0,0.0,0.0,2.0,2.0,0.0,13.0,0.0,0.0,0.0,0.0,0.0,3336.4249433048317,0.0,0.0,0.0,nothing,29.0,0.0,0,21.48061904631407
88be08c9dbfffff,-33.90828937678777,150.97951423516076,0.0,0.0,0.0,1.0,0.0,0.0,0.0,0.0,0.0,2.0,0.0,14.0,0.0,0.0,0.0,0.0,0.0,10277.949935606406,0.0,0.0,0.0,nothing,15.0,0.0,0,22.43404551384055
88be08c9ddfffff,-33.902157385429895,150.9970046199087,0.0,3.0,0.0,2.0,1.0,0.0,0.0,0.0,1.0,16.0,0.0,18.0,0.0,1.0,0.0,0.0,0.0,21085.23498676604,0.0,0.0,0.0,nothing,43.0,0.0,0,20.711239651296285
88be08c9e1fffff,-33.87311204347432,151.0234589561969,0.0,0.0,0.0,1.0,0.0,2.0,0.0,0.0,0.0,5.0,0.0,9.0,0.0,0.0,0.0,0.0,0.0,0.0,0.0,0.0,0.0,nothing,27.0,0.0,0,17.876455857537437
88be08c9e3fffff,-33.87198685518811,151.0125886370604,0.0,0.0,0.0,0.0,0.0,0.0,0.0,0.0,0.0,0.0,0.0,16.0,0.0,0.0,0.0,0.0,0.0,5210.105515357032,0.0,0.0,0.0,nothing,8.0,0.0,0,18.875690922072597
88be08c9e5fffff,-33.865849710396866,151.03006983090134,0.0,0.0,1.0,2.0,0.0,1.0,0.0,0.0,8.0,3.0,0.0,22.0,0.0,2.0,0.0,0.0,0.0,0.0,0.0,0.0,0.0,nothing,49.0,0.0,0,17.243419028933243
88be08c9e7fffff,-33.8647251524847,151.019200266674,0.0,1.0,0.0,0.0,0.0,2.0,1.0,0.0,2.0,5.0,0.0,15.0,0.0,0.0,0.0,0.0,0.0,10987.806675979547,0.0,0.0,0.0,nothing,34.0,0.0,0,18.249118680326806
88be08c9e9fffff,-33.88149885890505,151.02771851877574,3.0,2.0,0.0,0.0,0.0,1.0,0.0,1.0,2.0,2.0,0.0,21.0,0.0,3.0,0.0,0.0,0.0,7999.590393793086,0.0,1.0,1.0,kW,38.0,0.0,1,17.554095597361698
88be08c9ebfffff,-33.880373978032694,151.01684699783567,0.0,1.0,0.0,2.0,0.0,0.0,0.0,0.0,1.0,3.0,0.0,0.0,0.0,0.0,0.0,0.0,0.0,0.0,0.0,0.0,0.0,nothing,4.0,0.0,0,18.543079267789373
88be08c9edfffff,-33.874236293912894,151.03432972187218,0.0,0.0,0.0,1.0,0.0,0.0,0.0,0.0,9.0,3.0,0.0,15.0,0.0,4.0,0.0,0.0,0.0,6361.2391589929985,0.0,0.0,0.0,nothing,61.0,0.0,0,16.878902768214004
88be08ca03fffff,-33.994418219857955,151.04389341224933,1.0,2.0,1.0,2.0,0.0,0.0,0.0,0.0,3.0,4.0,0.0,3.0,0.0,1.0,0.0,0.0,0.0,7790.430269026836,0.0,1.0,0.0,nothing,5.0,132000.0,1,21.455573408876887
88be08ca05fffff,-33.988277698165625,151.06139851053294,0.0,0.0,0.0,0.0,0.0,0.0,0.0,0.0,0.0,2.0,0.0,0.0,0.0,0.0,0.0,0.0,0.0,0.0,0.0,0.0,0.0,nothing,0.0,0.0,0,19.805457673810967
88be08ca07fffff,-33.98715495560568,151.0505122424352,0.0,0.0,0.0,0.0,0.0,0.0,0.0,0.0,3.0,2.0,0.0,7.0,0.0,1.0,0.0,0.0,0.0,0.0,0.0,0.0,0.0,nothing,11.0,0.0,0,20.463160100161293
88be08ca09fffff,-34.00392815074874,151.05904951145445,0.0,0.0,0.0,3.0,2.0,0.0,0.0,0.0,2.0,13.0,1.0,7.0,0.0,0.0,0.0,0.0,0.0,0.0,0.0,0.0,0.0,nothing,18.0,0.0,0,21.188596663563757
88be08ca0bfffff,-34.00280508715491,151.04816128013016,1.0,0.0,0.0,0.0,0.0,3.0,0.0,0.0,2.0,3.0,0.0,2.0,0.0,0.0,0.0,0.0,0.0,1512.3343007019614,0.0,1.0,0.0,nothing,0.0,132000.0,1,21.804709441747224
88be08ca0dfffff,-33.99666402595212,151.0656679113139,1.0,6.0,0.0,12.0,0.0,1.0,4.0,0.0,43.0,37.0,0.0,0.0,0.0,0.0,0.0,0.0,0.0,2010.9821340057329,0.0,0.0,0.0,nothing,2.0,0.0,0,20.183362890744778
88be08ca11fffff,-34.000556131358984,151.02638615675042,0.0,0.0,0.0,1.0,0.0,0.0,0.0,0.0,1.0,1.0,0.0,21.0,0.0,0.0,0.0,0.0,0.0,4519.322641031032,0.0,0.0,0.0,nothing,25.0,0.0,0,23.12109789160576
88be08ca13fffff,-33.999430239485385,151.01549926621246,0.0,0.0,0.0,0.0,0.0,0.0,0.0,0.0,0.0,0.0,0.0,2.0,0.0,0.0,0.0,0.0,0.0,0.0,0.0,0.0,0.0,nothing,14.0,0.0,0,23.816718318505114
88be08ca15fffff,-33.99329390288039,151.0330068319122,0.0,0.0,0.0,1.0,0.0,0.0,0.0,0.0,1.0,12.0,0.0,0.0,0.0,0.0,0.0,0.0,0.0,1621.5020878141067,0.0,5.0,0.0,nothing,9.0,132000.0,1,22.133901072677055
88be08ca17fffff,-33.992168643501365,151.02212069871663,0.0,0.0,1.0,0.0,1.0,0.0,1.0,0.0,1.0,0.0,0.0,7.0,0.0,0.0,0.0,0.0,0.0,1401.0579452643033,0.0,0.0,0.0,nothing,27.0,0.0,0,22.837064902024146
88be08ca19fffff,-34.0089435374261,151.0306524905237,0.0,0.0,0.0,1.0,0.0,0.0,0.0,0.0,0.0,1.0,0.0,0.0,0.0,0.0,0.0,0.0,0.0,0.0,0.0,1.0,0.0,nothing,4.0,132000.0,1,23.445270029684206
88be08ca1bfffff,-34.00781795559379,151.01976439459858,0.0,0.0,0.0,0.0,0.0,0.0,0.0,0.0,0.0,1.0,0.0,1.0,0.0,0.0,0.0,0.0,0.0,0.0,0.0,0.0,0.0,nothing,9.0,0.0,0,24.11030009730713
88be08ca1dfffff,-34.00168108063695,151.03727349497586,0.0,0.0,0.0,1.0,0.0,0.0,0.0,0.0,0.0,3.0,0.0,12.0,0.0,0.0,0.0,0.0,0.0,741.8985173400112,0.0,4.0,0.0,nothing,11.0,132000.0,1,22.44968220177257
88be08ca21fffff,-33.972627218747704,151.06374664190855,0.0,1.0,0.0,3.0,0.0,0.0,0.0,0.0,0.0,3.0,0.0,6.0,0.0,0.0,0.0,0.0,0.0,0.0,0.0,0.0,0.0,nothing,6.0,0.0,0,18.48451573788439
88be08ca23fffff,-33.97150479714713,151.05286233636647,1.0,0.0,0.0,2.0,0.0,0.0,0.0,0.0,7.0,4.0,0.0,25.0,1.0,0.0,0.0,0.0,0.0,11989.869324275674,0.0,5.0,0.0,nothing,31.0,132000.0,1,19.187444875649184
88be08ca25fffff,-33.96536274717525,151.0703622113786,0.0,0.0,0.0,0.0,0.0,0.0,0.0,0.0,0.0,2.0,0.0,13.0,0.0,0.0,0.0,0.0,0.0,0.0,0.0,0.0,0.0,nothing,22.0,132000.0,0,17.49898576441688
88be08ca27fffff,-33.96424095685875,151.05947866447767,0.0,0.0,0.0,0.0,0.0,0.0,0.0,0.0,0.0,4.0,0.0,12.0,0.0,0.0,0.0,0.0,0.0,0.0,10564.111111111111,7.0,3.0,"22 kW, kW",29.0,132000.0,1,18.211701208067552
88be08ca29fffff,-33.98101339935885,151.06801549491178,0.0,1.0,0.0,1.0,1.0,0.0,0.0,0.0,3.0,8.0,0.0,9.0,0.0,1.0,0.0,0.0,0.0,506.04028042727873,0.0,0.0,0.0,nothing,12.0,0.0,0,18.80772423605611
88be08ca2bfffff,-33.97989128839672,151.0571299856245,1.0,6.0,0.0,9.0,0.0,0.0,0.0,0.0,5.0,4.0,0.0,10.0,0.0,0.0,0.0,0.0,0.0,0.0,0.0,0.0,0.0,nothing,4.0,0.0,0,19.472702431425393
88be08ca2dfffff,-33.973748698366215,151.07463139219743,1.0,1.0,2.0,6.0,2.0,0.0,1.0,0.0,6.0,22.0,1.0,11.0,0.0,0.0,0.0,0.0,0.0,8237.437220499698,0.0,0.0,0.0,nothing,53.0,0.0,0,17.81153653855587
88be08ca31fffff,-33.97764424010626,151.03536030368434,0.0,0.0,0.0,0.0,0.0,0.0,0.0,0.0,0.0,5.0,0.0,0.0,0.0,1.0,0.0,0.0,0.0,0.0,15319.127222982215,2.0,0.0,nothing,1.0,132000.0,1,20.886835819192434
88be08ca33fffff,-33.97651930310587,151.02447613254802,0.0,0.0,0.0,0.0,0.0,0.0,0.0,0.0,6.0,6.0,0.0,0.0,0.0,0.0,0.0,0.0,0.0,5476.418759703466,0.0,2.0,0.0,nothing,0.0,132000.0,1,21.63048422037366
88be08ca35fffff,-33.97038143372818,151.04197847632952,0.0,0.0,0.0,0.0,0.0,0.0,0.0,0.0,0.0,3.0,0.0,7.0,0.0,0.0,0.0,0.0,0.0,0.0,0.0,3.0,0.0,nothing,11.0,132000.0,1,19.917150861287798
88be08ca37fffff,-33.96925712865479,151.03109506255575,0.0,0.0,0.0,1.0,0.0,0.0,0.0,0.0,0.0,7.0,0.0,7.0,0.0,0.0,0.0,0.0,0.0,0.0,0.0,9.0,0.0,nothing,39.0,132000.0,1,20.670795886212606
88be08ca39fffff,-33.986031270674516,151.0396264201748,0.0,0.0,0.0,0.0,0.0,0.0,0.0,0.0,1.0,3.0,0.0,9.0,0.0,0.0,0.0,0.0,1.0,0.0,0.0,0.0,0.0,nothing,3.0,0.0,0,21.148991333507066
88be08ca3bfffff,-33.984906643536156,151.02874104451033,0.0,0.0,0.0,0.0,0.0,0.0,0.0,0.0,0.0,0.0,0.0,5.0,0.0,0.0,0.0,0.0,0.0,1493.1451696211732,0.0,6.0,0.0,nothing,12.0,132000.0,1,21.86030193906609
88be08ca3dfffff,-33.97876823525791,151.0462449216292,0.0,0.0,0.0,5.0,1.0,0.0,0.0,0.0,18.0,4.0,0.0,8.0,0.0,2.0,0.0,0.0,0.0,2435.990141895062,0.0,2.0,0.0,nothing,19.0,132000.0,1,20.16670466852352
88be08ca41fffff,-34.0134364335711,151.07420934138239,0.0,1.0,1.0,2.0,0.0,0.0,0.0,0.0,3.0,2.0,0.0,17.0,0.0,1.0,0.0,0.0,0.0,0.0,0.0,0.0,0.0,nothing,24.0,0.0,0,21.064620496978705
88be08ca43fffff,-34.01231462454063,151.06331946011224,0.0,1.0,0.0,6.0,1.0,0.0,1.0,0.0,5.0,6.0,0.0,12.0,0.0,3.0,0.0,0.0,0.0,12939.27664364375,0.0,0.0,0.0,nothing,13.0,0.0,0,21.613132634334896
88be08ca45fffff,-34.00617144850862,151.08082730957656,0.0,0.0,0.0,4.0,1.0,0.0,0.0,0.0,2.0,7.0,0.0,12.0,0.0,2.0,0.0,0.0,0.0,1557.3590999111725,0.0,0.0,0.0,nothing,13.0,0.0,0,20.053478511996694
88be08ca47fffff,-34.00505027125453,151.06993818818967,0.0,0.0,0.0,3.0,0.0,0.0,2.0,0.0,17.0,5.0,0.0,6.0,0.0,0.0,0.0,0.0,0.0,2919.661277259908,0.0,0.0,0.0,nothing,11.0,0.0,0,20.603935230159276
88be08ca49fffff,-34.02182251240004,151.07848137111435,0.0,3.0,0.0,2.0,0.0,0.0,0.0,0.0,5.0,8.0,0.0,12.0,0.0,0.0,0.0,0.0,0.0,1646.5090362332867,0.0,7.0,0.0,nothing,23.0,132000.0,1,21.562849096402342
88be08ca4bfffff,-34.020701015143764,151.06759028516524,0.0,1.0,0.0,3.0,0.0,0.0,0.0,0.0,8.0,1.0,1.0,8.0,0.0,2.0,0.0,0.0,0.0,8899.83071664062,0.0,8.0,0.0,nothing,17.0,132000.0,1,22.075789053336436
88be08ca4dfffff,-34.01455729899151,151.0850996670904,0.0,1.0,0.0,2.0,0.0,0.0,0.0,0.0,3.0,4.0,0.0,11.0,0.0,0.0,0.0,0.0,0.0,0.0,0.0,0.0,0.0,nothing,11.0,0.0,0,20.55148059671423
88be08ca51fffff,-34.01845518938037,151.04580944897796,0.0,0.0,0.0,11.0,0.0,2.0,0.0,0.0,6.0,9.0,0.0,1.0,0.0,0.0,0.0,0.0,0.0,7924.6679737318245,19726.438775510203,2.0,0.0,nothing,11.0,132000.0,1,23.20067663304581
88be08ca53fffff,-34.01733086120104,151.03491970025888,0.0,0.0,0.0,3.0,1.0,0.0,0.0,0.0,0.0,6.0,0.0,2.0,0.0,1.0,0.0,0.0,0.0,2291.2061362163404,0.0,3.0,0.0,nothing,42.0,132000.0,1,23.807942912986057
88be08ca55fffff,-34.01119187206371,151.05243002403958,0.0,0.0,0.0,7.0,0.0,2.0,0.0,0.0,5.0,7.0,0.0,27.0,0.0,0.0,0.0,0.0,0.0,6520.114059765653,0.0,4.0,0.0,nothing,3.0,132000.0,1,22.194392541473885
88be08ca57fffff,-34.01006817630417,151.04154103392366,0.0,0.0,0.0,0.0,0.0,1.0,0.0,0.0,3.0,0.0,0.0,0.0,0.0,0.0,0.0,0.0,0.0,904.1044327487604,0.0,2.0,0.0,nothing,3.0,132000.0,1,22.80589439427289
88be08ca59fffff,-34.02684211936381,151.05007874036122,0.0,0.0,0.0,7.0,0.0,0.0,0.0,0.0,10.0,3.0,0.0,9.0,0.0,0.0,0.0,0.0,1.0,5449.72028136331,0.0,0.0,0.0,nothing,13.0,0.0,0,23.63209717577579
88be08ca5bfffff,-34.02571810218211,151.03918778617842,0.0,0.0,0.0,6.0,0.0,1.0,0.0,0.0,11.0,5.0,0.0,3.0,0.0,0.0,0.0,0.0,1.0,2519.2806843117155,0.0,0.0,0.0,nothing,7.0,0.0,0,24.207387292051177
88be08ca5dfffff,-34.01957857408261,151.0566996441999,0.0,2.0,0.0,0.0,0.0,0.0,0.0,0.0,5.0,5.0,0.0,0.0,0.0,0.0,0.0,0.0,0.0,718.9460176310054,0.0,7.0,0.0,nothing,9.0,132000.0,1,22.62252869346563
88be08ca61fffff,-33.99052035551685,151.08317238120586,0.0,2.0,0.0,1.0,0.0,0.0,0.0,0.0,5.0,6.0,0.0,0.0,0.0,0.0,0.0,0.0,0.0,0.0,0.0,0.0,0.0,nothing,0.0,0.0,0,18.58626971285454
88be08ca63fffff,-33.98939949819053,151.07228522370943,0.0,0.0,0.0,0.0,0.0,0.0,0.0,0.0,0.0,1.0,0.0,0.0,0.0,0.0,0.0,0.0,0.0,0.0,0.0,0.0,0.0,nothing,0.0,0.0,0,19.178780550067064
88be08ca65fffff,-33.98325479409872,151.08978784632794,0.0,0.0,0.0,10.0,0.0,0.0,0.0,0.0,10.0,8.0,0.0,5.0,0.0,0.0,0.0,0.0,0.0,6393.232925561038,0.0,0.0,0.0,nothing,7.0,0.0,0,17.577887340077428
88be08ca67fffff,-33.982134567980644,151.0789014487325,4.0,1.0,0.0,8.0,0.0,0.0,0.0,1.0,8.0,11.0,0.0,12.0,1.0,2.0,0.0,0.0,0.0,11768.010045024173,0.0,0.0,0.0,nothing,37.0,0.0,0,18.174958642629424
88be08ca69fffff,-33.998906060473075,151.08744418983954,0.0,0.0,0.0,1.0,0.0,0.0,0.0,0.0,3.0,2.0,0.0,9.0,0.0,0.0,0.0,0.0,0.0,0.0,0.0,0.0,0.0,nothing,1.0,0.0,0,19.042368278459374
88be08ca6bfffff,-33.99778551474103,151.07655582852365,0.0,0.0,0.0,0.0,0.0,0.0,0.0,0.0,1.0,0.0,0.0,1.0,0.0,0.0,0.0,0.0,0.0,0.0,0.0,0.0,0.0,nothing,0.0,0.0,0,19.59496810071579
88be08ca6dfffff,-33.99164026998124,151.0940599822631,0.0,0.0,0.0,0.0,0.0,1.0,0.0,0.0,3.0,1.0,0.0,0.0,0.0,0.0,0.0,0.0,0.0,0.0,0.0,0.0,0.0,nothing,0.0,0.0,0,18.031296126747563
88be08ca89fffff,-33.996046909937924,150.9828412883073,0.0,0.0,0.0,0.0,0.0,0.0,0.0,0.0,0.0,0.0,0.0,0.0,0.0,0.0,0.0,0.0,0.0,0.0,0.0,6.0,0.0,nothing,0.0,330000.0,1,26.029054000981194
88be08ca8bfffff,-33.99491724933009,150.97195619610213,0.0,0.0,0.0,0.0,0.0,0.0,0.0,0.0,0.0,0.0,0.0,0.0,0.0,0.0,0.0,0.0,0.0,0.0,0.0,8.0,0.0,nothing,0.0,330000.0,1,26.802564977246046
88be08ca8dfffff,-33.98878721260095,150.98946498956215,0.0,0.0,0.0,0.0,0.0,0.0,0.0,0.0,0.0,0.0,0.0,0.0,0.0,0.0,0.0,0.0,0.0,0.0,0.0,8.0,0.0,nothing,0.0,330000.0,1,25.074300276232773
88be08ca91fffff,-33.9926551029692,150.9501873668831,0.0,0.0,0.0,0.0,0.0,0.0,0.0,0.0,0.0,9.0,0.0,0.0,0.0,0.0,0.0,0.0,0.0,14870.937121941402,0.0,0.0,0.0,nothing,2.0,0.0,0,28.394886187186916
88be08ca95fffff,-33.98539730602074,150.95681333197174,0.0,0.0,0.0,0.0,0.0,0.0,0.0,0.0,0.0,0.0,0.0,0.0,0.0,0.0,0.0,0.0,0.0,2781.265842392362,0.0,4.0,0.0,nothing,0.0,330000.0,1,27.466202153649725
88be08ca97fffff,-33.98426545444848,150.9459303499909,0.0,0.0,0.0,0.0,0.0,0.0,0.0,0.0,0.0,0.0,0.0,0.0,0.0,0.0,0.0,0.0,0.0,0.0,0.0,8.0,0.0,nothing,0.0,330000.0,1,28.291158806969268
88be08ca9dfffff,-33.99378664695194,150.9610715553749,0.0,0.0,0.0,0.0,0.0,0.0,0.0,0.0,0.0,0.0,0.0,0.0,0.0,0.0,0.0,0.0,0.0,2394.6521269109335,0.0,6.0,0.0,nothing,0.0,330000.0,1,27.591607858044167
88be08caa1fffff,-33.96475049510343,150.98756588524722,1.0,1.0,0.0,2.0,0.0,0.0,2.0,0.0,15.0,0.0,0.0,13.0,1.0,0.0,0.0,0.0,0.0,5896.798472411399,0.0,0.0,0.0,nothing,30.0,0.0,0,23.878358945955586
88be08caa3fffff,-33.96362148422483,150.97668471415375,0.0,0.0,0.0,0.0,0.0,0.0,0.0,0.0,2.0,10.0,0.0,10.0,0.0,0.0,0.0,0.0,0.0,2094.402156738455,0.0,0.0,0.0,nothing,41.0,0.0,0,24.71909717621302
88be08caa5fffff,-33.95749044659947,150.99418675375546,0.0,1.0,0.0,0.0,1.0,1.0,2.0,1.0,9.0,2.0,0.0,16.0,1.0,0.0,0.0,0.0,0.0,6420.996613044644,0.0,0.0,0.0,nothing,73.0,0.0,0,22.967585422916237
88be08caa7fffff,-33.956362068363354,150.98330633748563,0.0,0.0,0.0,0.0,0.0,0.0,0.0,0.0,5.0,10.0,0.0,7.0,0.0,0.0,0.0,0.0,0.0,20738.78147149061,0.0,0.0,0.0,nothing,19.0,0.0,0,23.818876129646767
88be08caa9fffff,-33.97313884265669,150.9918263075692,0.0,0.0,0.0,2.0,0.0,4.0,0.0,0.0,1.0,2.0,0.0,3.0,0.0,0.0,0.0,0.0,0.0,1402.549399110228,0.0,0.0,0.0,nothing,1.0,11000.0,0,23.980299220401328
88be08caabfffff,-33.97201013990692,150.980943931245,0.0,0.0,0.0,0.0,0.0,0.0,0.0,0.0,0.0,0.0,0.0,3.0,0.0,0.0,0.0,0.0,0.0,0.0,0.0,0.0,0.0,nothing,0.0,0.0,0,24.796930660008673
88be08caadfffff,-33.965878565150696,150.99844750639133,0.0,1.0,0.0,1.0,0.0,0.0,0.0,0.0,5.0,1.0,0.0,16.0,0.0,0.0,0.0,0.0,0.0,695.24241542643,0.0,0.0,0.0,nothing,30.0,0.0,0,23.051504636138436
88be08cab1fffff,-33.9697499114985,150.9591805311433,0.0,0.0,0.0,0.0,0.0,0.0,0.0,0.0,0.0,25.0,0.0,0.0,0.0,0.0,0.0,0.0,0.0,65532.7547550538,0.0,0.0,0.0,nothing,28.0,0.0,0,26.47100905583954
88be08cab3fffff,-33.96861838617105,150.94829950887967,0.0,0.0,0.0,0.0,0.0,0.0,0.0,0.0,0.0,6.0,0.0,0.0,0.0,0.0,0.0,0.0,0.0,36876.81093396716,0.0,0.0,0.0,nothing,0.0,0.0,0,27.325952152784982
88be08cab5fffff,-33.96249153268021,150.96580399386792,0.0,0.0,0.0,0.0,0.0,0.0,0.0,0.0,0.0,0.0,0.0,1.0,0.0,0.0,0.0,0.0,0.0,5183.401062901661,0.0,0.0,0.0,nothing,21.0,0.0,0,25.57234813363936
88be08cab7fffff,-33.96136064063512,150.95492372514641,2.0,7.0,0.0,0.0,0.0,0.0,1.0,0.0,9.0,1.0,0.0,7.0,1.0,0.0,0.0,0.0,0.0,49281.333947981824,10855.666666666666,0.0,0.0,nothing,45.0,0.0,0,26.43689850260356
88be08cab9fffff,-33.97813910356973,150.96343821148662,0.0,0.0,0.0,0.0,1.0,0.0,0.0,0.0,0.0,0.0,0.0,0.0,0.0,0.0,0.0,0.0,0.0,5066.757906815799,0.0,0.0,0.0,nothing,0.0,0.0,0,26.54355859058418
88be08cabbfffff,-33.97700788559331,150.95255598321415,0.0,0.0,0.0,0.0,0.0,0.0,0.0,0.0,0.0,0.0,0.0,0.0,0.0,0.0,0.0,0.0,0.0,8465.618477694175,0.0,0.0,0.0,nothing,6.0,0.0,0,27.377531398332984
88be08cabdfffff,-33.97088049613237,150.97006200551735,0.0,0.0,0.0,0.0,0.0,0.0,0.0,0.0,0.0,0.0,0.0,0.0,0.0,0.0,0.0,0.0,0.0,0.0,0.0,0.0,0.0,nothing,2.0,0.0,0,25.62760864835444
88be08cac5fffff,-33.998303405180756,151.00461282412044,0.0,0.0,0.0,0.0,0.0,0.0,0.0,0.0,0.0,0.0,0.0,0.0,0.0,0.0,0.0,0.0,0.0,0.0,0.0,3.0,0.0,nothing,0.0,330000.0,1,24.534482859125863
88be08cac9fffff,-34.01395221744405,151.00225314071002,0.0,0.0,0.0,0.0,0.0,0.0,0.0,0.0,0.0,0.0,0.0,0.0,0.0,0.0,0.0,0.0,0.0,7074.944013207293,0.0,1.0,0.0,nothing,12.0,330000.0,1,25.78337481088872
88be08cacdfffff,-34.00669143097176,151.00887674690713,0.0,0.0,0.0,0.0,0.0,0.0,0.0,0.0,1.0,0.0,0.0,5.0,0.0,1.0,0.0,0.0,0.0,0.0,0.0,1.0,0.0,nothing,15.0,330000.0,1,24.798918894474436
88be08cae1fffff,-33.98265456329512,151.00697163600185,0.0,0.0,0.0,2.0,0.0,0.0,0.0,0.0,1.0,3.0,0.0,0.0,0.0,0.0,0.0,0.0,0.0,0.0,0.0,4.0,0.0,nothing,0.0,330000.0,1,23.34995765985517
88be08cae3fffff,-33.98152711052166,150.99608760467387,0.0,2.0,0.0,1.0,0.0,0.0,0.0,0.0,1.0,2.0,0.0,4.0,0.0,0.0,0.0,0.0,0.0,367.7131078406882,0.0,3.0,0.0,nothing,0.0,330000.0,1,24.124159915424688
88be08cae5fffff,-33.975393424421064,151.0135924089782,0.0,0.0,0.0,1.0,0.0,0.0,0.0,0.0,8.0,3.0,0.0,0.0,0.0,1.0,0.0,0.0,0.0,8424.109356049154,0.0,13.0,0.0,nothing,0.0,330000.0,1,22.395305212465633
88be08cae7fffff,-33.9742666042164,151.00270913373274,0.0,1.0,0.0,1.0,0.0,1.0,0.0,0.0,1.0,2.0,0.0,4.0,0.0,0.0,0.0,0.0,0.0,0.0,0.0,0.0,0.0,nothing,11.0,0.0,0,23.179201046274077
88be08cae9fffff,-33.9910424418853,151.011235013421,0.0,0.0,0.0,0.0,0.0,0.0,0.0,0.0,0.0,0.0,0.0,0.0,0.0,0.0,0.0,0.0,0.0,0.0,0.0,2.0,0.0,nothing,0.0,330000.0,1,23.56283954444922
88be08caebfffff,-33.98991529819686,151.0003497767835,0.0,0.0,0.0,0.0,0.0,0.0,0.0,0.0,0.0,0.0,0.0,0.0,0.0,0.0,0.0,0.0,0.0,0.0,0.0,3.0,0.0,nothing,0.0,330000.0,1,24.309197963302132
88be08caedfffff,-33.98378107435486,151.01785611619997,0.0,0.0,0.0,0.0,0.0,0.0,0.0,0.0,2.0,11.0,0.0,4.0,0.0,0.0,0.0,0.0,0.0,0.0,0.0,4.0,0.0,nothing,2.0,132000.0,1,22.59468362202227
88be08cb01fffff,-33.944685882871134,151.10108411223942,1.0,2.0,0.0,5.0,4.0,0.0,2.0,0.0,8.0,26.0,0.0,19.0,1.0,2.0,2.0,0.0,0.0,6344.3424033782985,0.0,0.0,0.0,nothing,51.0,0.0,0,13.848933420457977
88be08cb03fffff,-33.943566926084024,151.0902023998194,0.0,0.0,0.0,1.0,0.0,0.0,0.0,0.0,1.0,0.0,0.0,8.0,0.0,0.0,0.0,0.0,0.0,0.0,0.0,0.0,0.0,nothing,11.0,0.0,0,14.563735205312001
88be08cb05fffff,-33.937419178699976,151.10769457543333,0.0,0.0,0.0,0.0,0.0,0.0,0.0,1.0,3.0,12.0,0.0,15.0,0.0,0.0,0.0,0.0,0.0,1220.2769706367735,14990.862244897959,0.0,0.0,nothing,49.0,0.0,0,12.86638432339067
88be08cb07fffff,-33.93630085198469,151.09681362294842,0.0,1.0,0.0,2.0,0.0,0.0,0.0,0.0,2.0,7.0,0.0,11.0,0.0,0.0,0.0,0.0,0.0,2984.5367124155973,0.0,0.0,0.0,nothing,30.0,0.0,0,13.594995502127293
88be08cb09fffff,-33.95307083299297,151.10535547693328,0.0,0.0,0.0,1.0,0.0,0.0,0.0,0.0,0.0,3.0,0.0,7.0,1.0,0.0,0.0,0.0,0.0,3927.36409231408,0.0,0.0,0.0,nothing,29.0,132000.0,0,14.170530628778524
88be08cb0bfffff,-33.951952187440114,151.0944725624107,0.0,1.0,0.0,0.0,0.0,0.0,0.0,0.0,0.0,2.0,0.0,35.0,0.0,0.0,0.0,0.0,0.0,0.0,0.0,0.0,0.0,nothing,61.0,132000.0,0,14.83537141374932
88be08cb0dfffff,-33.94580389829289,151.11196626646964,0.0,0.0,0.0,0.0,0.0,0.0,0.0,0.0,1.0,2.0,0.0,23.0,0.0,0.0,0.0,0.0,0.0,4059.2145776548005,0.0,0.0,0.0,nothing,45.0,0.0,0,13.173382992349925
88be08cb11fffff,-33.94971207181572,151.07270806118692,0.0,4.0,0.0,5.0,0.0,0.0,2.0,0.0,8.0,6.0,0.0,25.0,1.0,1.0,0.0,0.0,0.0,3053.3277146269393,0.0,1.0,1.0,22 kW,76.0,0.0,1,16.27329437600237
88be08cb13fffff,-33.94859060207033,151.0618264760019,0.0,0.0,0.0,0.0,0.0,0.0,0.0,0.0,5.0,1.0,0.0,27.0,0.0,0.0,0.0,0.0,0.0,1070.3653410722775,0.0,0.0,0.0,nothing,71.0,0.0,0,17.037238216953995
88be08cb15fffff,-33.94244702809434,151.07932112996764,0.0,0.0,0.0,5.0,0.0,0.0,0.0,0.0,0.0,20.0,0.0,9.0,0.0,1.0,0.0,0.0,0.0,1413.2054774132653,38363.22222222222,0.0,0.0,nothing,52.0,0.0,0,15.312289431359108
88be08cb17fffff,-33.941326189065116,151.068440303442,0.0,0.0,1.0,1.0,0.0,0.0,0.0,0.0,14.0,7.0,0.0,14.0,0.0,0.0,0.0,0.0,0.0,42308.57918751826,0.0,0.0,0.0,nothing,53.0,0.0,0,16.089883138133377
88be08cb19fffff,-33.95809787419602,151.0769766941261,1.0,1.0,0.0,1.0,0.0,0.0,1.0,1.0,6.0,7.0,0.0,18.0,0.0,0.0,0.0,0.0,0.0,8985.161938283774,0.0,0.0,0.0,nothing,37.0,132000.0,0,16.516589144934194
88be08cb1bfffff,-33.95697671490941,151.06609390605408,0.0,2.0,0.0,2.0,0.0,0.0,0.0,0.0,1.0,13.0,0.0,26.0,0.0,1.0,0.0,0.0,0.0,783.670493278874,9422.444444444445,0.0,0.0,nothing,54.0,0.0,0,17.240071703550687
88be08cb1dfffff,-33.95083260032671,151.0835900902425,1.0,3.0,0.0,26.0,2.0,0.0,2.0,1.0,5.0,16.0,1.0,18.0,1.0,1.0,0.0,0.0,0.0,6913.784155809353,14150.607843137255,0.0,0.0,nothing,55.0,132000.0,0,15.537921324691707
88be08cb21fffff,-33.92176750628313,151.11003281022988,0.0,1.0,0.0,0.0,0.0,0.0,0.0,0.0,0.0,2.0,0.0,15.0,0.0,0.0,0.0,0.0,0.0,0.0,0.0,2.0,0.0,nothing,43.0,132000.0,1,11.679275697277593
88be08cb23fffff,-33.92064949833102,151.09915381911202,2.0,4.0,1.0,8.0,4.0,0.0,0.0,0.0,1.0,12.0,0.0,21.0,0.0,0.0,0.0,0.0,0.0,3704.451896773106,0.0,0.0,0.0,nothing,68.0,0.0,0,12.477227204080169
88be08cb25fffff,-33.91450023571448,151.11664077456606,2.0,3.0,0.0,16.0,4.0,0.0,3.0,0.0,14.0,27.0,0.0,19.0,3.0,0.0,0.0,0.0,0.0,2549.2084835907845,19222.819047619047,8.0,1.0,7 kW,68.0,132000.0,1,10.736182026273347
88be08cb27fffff,-33.91338285726593,151.10576254339972,1.0,6.0,0.0,7.0,6.0,0.0,16.0,1.0,11.0,23.0,0.0,26.0,1.0,2.0,0.0,0.0,0.0,27048.106499907106,0.0,0.0,0.0,nothing,94.0,0.0,0,11.5547337310524
88be08cb29fffff,-33.930152075443424,151.11430395208427,0.0,0.0,1.0,3.0,0.0,0.0,2.0,0.0,1.0,8.0,0.0,25.0,0.0,0.0,0.0,0.0,0.0,0.0,0.0,0.0,0.0,nothing,94.0,0.0,0,11.888689750752016
88be08cb2bfffff,-33.929034378545474,151.1034237597213,0.0,0.0,0.0,3.0,0.0,0.0,0.0,0.0,0.0,8.0,0.0,15.0,0.0,0.0,0.0,0.0,0.0,0.0,0.0,0.0,0.0,nothing,46.0,0.0,0,12.63295654244546
88be08cb2dfffff,-33.92288457361832,151.12091224228433,0.0,0.0,0.0,1.0,0.0,0.0,2.0,0.0,3.0,5.0,0.0,18.0,0.0,1.0,0.0,0.0,0.0,7462.100731804612,0.0,0.0,0.0,nothing,87.0,132000.0,0,10.917155524967775
88be08cb31fffff,-33.92679616247555,151.0816647001938,0.0,3.0,0.0,4.0,1.0,0.0,0.0,0.0,1.0,8.0,0.0,12.0,0.0,0.0,0.0,0.0,1.0,6296.708757496237,17764.505263157895,0.0,0.0,nothing,75.0,0.0,0,14.22168193278701
88be08cb33fffff,-33.925675643629184,151.07078583454447,1.0,1.0,0.0,2.0,0.0,0.0,1.0,0.0,3.0,5.0,0.0,8.0,0.0,1.0,0.0,0.0,0.0,16801.213996023904,16353.04248861912,0.0,0.0,nothing,50.0,0.0,0,15.055565563110893
88be08cb35fffff,-33.9195305499245,151.08827526968832,0.0,5.0,0.0,6.0,0.0,0.0,3.0,0.0,4.0,4.0,0.0,18.0,0.0,1.0,0.0,0.0,0.0,8733.296630372088,0.0,0.0,0.0,nothing,76.0,0.0,0,13.304561175020536
88be08cb37fffff,-33.918410661226346,151.0773971627162,2.0,1.0,0.0,15.0,3.0,0.0,0.0,1.0,9.0,23.0,0.0,22.0,0.0,1.0,0.0,0.0,0.0,25592.78464105695,0.0,0.0,0.0,nothing,55.0,0.0,0,14.15612369648867
88be08cb39fffff,-33.93518158426196,151.08593311248765,0.0,0.0,0.0,0.0,0.0,0.0,0.0,0.0,0.0,3.0,0.0,11.0,0.0,0.0,0.0,0.0,0.0,2359.4926576660487,0.0,0.0,0.0,nothing,58.0,0.0,0,14.358217142155116
88be08cb3bfffff,-33.93406137569465,151.07505304480887,1.0,5.0,0.0,1.0,0.0,0.0,0.0,0.0,0.0,8.0,0.0,20.0,0.0,0.0,0.0,0.0,0.0,29956.874497465036,32548.47389558233,1.0,2.0,22 kW,88.0,0.0,1,15.15081665043702
88be08cb3dfffff,-33.92791574083528,151.09254400883856,0.0,1.0,0.0,1.0,1.0,0.0,0.0,0.0,1.0,5.0,0.0,17.0,0.0,0.0,0.0,0.0,0.0,1742.806414257685,0.0,4.0,4.0,7 kW,49.0,0.0,1,13.412558251980208
88be08cb41fffff,-33.96257309378724,151.1205122754019,0.0,1.0,0.0,0.0,0.0,0.0,0.0,0.0,0.0,1.0,0.0,28.0,0.0,2.0,0.0,0.0,0.0,0.0,0.0,0.0,0.0,nothing,69.0,132000.0,0,13.987578478060795
88be08cb43fffff,-33.961455701848514,151.1096277172517,0.0,1.0,0.0,2.0,0.0,0.0,0.0,0.0,14.0,10.0,0.0,14.0,0.0,2.0,0.0,0.0,0.0,708.8656852238108,0.0,0.0,0.0,nothing,43.0,0.0,0,14.555304992961664
88be08cb45fffff,-33.955305298766355,151.12712263000816,0.0,1.0,0.0,3.0,0.0,0.0,0.0,0.0,2.0,8.0,0.0,32.0,0.0,0.0,0.0,0.0,0.0,0.0,0.0,0.0,0.0,nothing,56.0,0.0,0,12.976865117106442
88be08cb47fffff,-33.95418853682255,151.11623883305194,0.0,1.0,0.0,4.0,0.0,0.0,0.0,0.0,6.0,3.0,0.0,27.0,0.0,1.0,0.0,0.0,0.0,0.0,0.0,0.0,0.0,nothing,35.0,132000.0,0,13.548954550469514
88be08cb49fffff,-33.97095756868523,151.1247865937412,0.0,4.0,0.0,4.0,0.0,1.0,1.0,0.0,12.0,8.0,0.0,4.0,1.0,1.0,0.0,0.0,0.0,11590.663398591709,0.0,0.0,0.0,nothing,27.0,132000.0,0,14.483529339952888
88be08cb4bfffff,-33.96984048893605,151.1139008334164,1.0,1.0,0.0,10.0,0.0,0.0,0.0,0.0,11.0,12.0,0.0,11.0,0.0,2.0,0.0,0.0,0.0,2646.5766977837006,0.0,2.0,2.0,kW,56.0,132000.0,1,14.99839686001177
88be08cb4dfffff,-33.96368954348234,151.13139727417501,2.0,5.0,0.0,30.0,7.0,1.0,1.0,2.0,26.0,28.0,0.0,27.0,1.0,7.0,1.0,0.0,0.0,20013.292452387548,0.0,0.0,0.0,nothing,111.0,132000.0,0,13.472285486367523
88be08cb51fffff,-33.96760350228293,151.0921306370277,1.0,2.0,1.0,12.0,4.0,0.0,3.0,0.0,57.0,49.0,0.0,11.0,2.0,4.0,1.0,0.0,0.0,9644.121963448226,12791.0,0.0,0.0,nothing,59.0,0.0,0,16.170166857754467
88be08cb53fffff,-33.966483595704396,151.08124620248142,4.0,3.0,0.0,24.0,6.0,0.0,5.0,0.0,49.0,54.0,0.0,21.0,3.0,4.0,1.0,0.0,0.0,7431.955591449022,0.0,0.0,0.0,nothing,78.0,132000.0,0,16.81717031760766
88be08cb55fffff,-33.96033736782858,151.0987436004833,0.0,1.0,0.0,3.0,0.0,0.0,0.0,0.0,1.0,10.0,0.0,30.0,0.0,1.0,0.0,0.0,0.0,11461.298372187757,0.0,0.0,0.0,nothing,65.0,132000.0,0,15.169576188901432
88be08cb57fffff,-33.95921809189012,151.08785992585527,1.0,4.0,0.0,1.0,2.0,1.0,0.0,0.0,7.0,12.0,0.0,20.0,0.0,2.0,0.0,0.0,0.0,5540.277133630541,17726.333333333332,0.0,0.0,nothing,43.0,132000.0,0,15.82497003020113
88be08cb59fffff,-33.97598883100343,151.09640222398167,0.0,0.0,0.0,4.0,0.0,0.0,0.0,0.0,7.0,11.0,0.0,13.0,0.0,1.0,0.0,0.0,0.0,4892.14523001719,0.0,0.0,0.0,nothing,29.0,132000.0,0,16.569879734615334
88be08cb5bfffff,-33.9748692358392,151.0855165864747,0.0,0.0,0.0,3.0,1.0,0.0,0.0,0.0,5.0,6.0,0.0,5.0,0.0,1.0,0.0,0.0,0.0,948.4192570512513,0.0,0.0,0.0,nothing,25.0,132000.0,0,17.172031552910827
88be08cb5dfffff,-33.96872246674775,151.10301551425894,4.0,13.0,0.0,76.0,5.0,0.0,5.0,1.0,28.0,87.0,0.0,25.0,3.0,20.0,0.0,0.0,0.0,24983.953749580578,0.0,4.0,4.0,22 kW,111.0,132000.0,1,15.56232083306664
88be08cb61fffff,-33.93965300845792,151.12945780344356,0.0,1.0,0.0,2.0,0.0,0.0,0.0,0.0,4.0,3.0,0.0,14.0,0.0,1.0,0.0,0.0,0.0,2313.718427771441,0.0,0.0,0.0,nothing,32.0,0.0,0,11.538951913993518
88be08cb63fffff,-33.938536564245176,151.11857596918443,0.0,0.0,0.0,0.0,0.0,0.0,0.0,0.0,5.0,7.0,0.0,24.0,0.0,1.0,0.0,0.0,0.0,7712.311004645386,0.0,1.0,1.0,3 kW,52.0,0.0,1,12.178600840385586
88be08cb65fffff,-33.93238464615303,151.13606565821942,0.0,1.0,0.0,6.0,0.0,3.0,1.0,0.0,8.0,21.0,0.0,13.0,1.0,0.0,0.0,0.0,0.0,0.0,0.0,0.0,0.0,nothing,40.0,132000.0,0,10.535817610575776
88be08cb67fffff,-33.93126883136669,151.12518458516965,0.0,0.0,0.0,7.0,2.0,0.0,1.0,0.0,7.0,22.0,0.0,17.0,1.0,1.0,0.0,0.0,0.0,11322.737329419546,0.0,0.0,0.0,nothing,56.0,0.0,0,11.186816704522926
88be08cb69fffff,-33.9480371043903,151.13373189732758,1.0,0.0,0.0,7.0,1.0,0.0,0.0,0.0,1.0,16.0,0.0,34.0,0.0,3.0,0.0,0.0,0.0,9602.250382482463,10012.555555555555,0.0,0.0,nothing,64.0,0.0,0,11.966284775351886
88be08cb6bfffff,-33.94692097218672,151.12284886175186,0.0,2.0,0.0,1.0,0.0,0.0,0.0,0.0,8.0,15.0,0.0,21.0,0.0,3.0,0.0,0.0,0.0,5983.790374055497,11382.952662721893,3.0,3.0,22 kW,46.0,0.0,1,12.543430991044527
88be08cb6dfffff,-33.940768511176024,151.14034007745246,0.0,0.0,0.0,6.0,2.0,1.0,2.0,0.0,36.0,26.0,0.0,11.0,1.0,4.0,0.0,0.0,0.0,5387.56028627334,15753.136563876653,0.0,0.0,nothing,53.0,132000.0,0,10.955875758289107
88be08cc01fffff,-33.971753012600864,150.82624762601802,0.0,0.0,0.0,0.0,0.0,0.0,0.0,0.0,0.0,1.0,0.0,0.0,0.0,0.0,0.0,0.0,0.0,0.0,0.0,1.0,0.0,nothing,3.0,132000.0,1,37.9717615894709
88be08cc03fffff,-33.97060987909965,150.81537013238332,1.0,2.0,0.0,1.0,0.0,0.0,0.0,0.0,2.0,3.0,0.0,7.0,0.0,0.0,0.0,0.0,0.0,0.0,0.0,8.0,0.0,nothing,55.0,132000.0,1,38.89067653997877
88be08cc05fffff,-33.96450242599572,150.83288151394396,0.0,0.0,0.0,0.0,0.0,0.0,0.0,0.0,0.0,0.0,0.0,0.0,0.0,0.0,0.0,0.0,0.0,0.0,0.0,3.0,0.0,nothing,0.0,132000.0,1,37.1440670708819
88be08cc07fffff,-33.96335992839429,150.82200476745342,0.0,1.0,0.0,0.0,0.0,0.0,0.0,0.0,0.0,0.0,0.0,4.0,0.0,1.0,0.0,0.0,0.0,0.0,0.0,5.0,0.0,nothing,14.0,132000.0,1,38.06945795502993
88be08cc0bfffff,-33.979003190671406,150.8196126548148,0.0,0.0,0.0,0.0,0.0,0.0,0.0,0.0,2.0,2.0,0.0,0.0,0.0,0.0,0.0,0.0,0.0,1021.9477320898668,0.0,0.0,0.0,nothing,100.0,0.0,0,38.808151624843845
88be08cc11fffff,-33.9767147121056,150.7978566364627,0.0,0.0,0.0,0.0,0.0,0.0,0.0,0.0,0.0,0.0,0.0,0.0,0.0,0.0,0.0,0.0,0.0,0.0,0.0,1.0,0.0,nothing,0.0,330000.0,1,40.63792464958811
88be08cc13fffff,-33.97556906410234,150.78697932227143,0.0,0.0,0.0,0.0,0.0,0.0,0.0,0.0,0.0,0.0,0.0,0.0,0.0,0.0,0.0,0.0,0.0,0.0,0.0,1.0,0.0,nothing,0.0,330000.0,1,41.559631907248644
88be08cc15fffff,-33.969465806529506,150.8044931010209,0.0,0.0,0.0,0.0,0.0,0.0,0.0,0.0,2.0,1.0,0.0,0.0,0.0,0.0,0.0,0.0,0.0,3899.973800319062,0.0,0.0,0.0,nothing,0.0,0.0,0,39.81415377320991
88be08cc17fffff,-33.96832079505951,150.79361653268526,0.0,0.0,0.0,0.0,0.0,0.0,0.0,0.0,0.0,0.0,0.0,0.0,0.0,0.0,0.0,0.0,0.0,0.0,0.0,2.0,0.0,nothing,0.0,330000.0,1,40.741881816808885
88be08cc19fffff,-33.985108553634966,150.80209761290234,0.0,0.0,0.0,3.0,0.0,0.0,0.0,0.0,1.0,3.0,0.0,5.0,0.0,0.0,0.0,0.0,0.0,0.0,0.0,1.0,0.0,nothing,36.0,132000.0,1,40.55886721109149
88be08cc1bfffff,-33.9839632081277,150.79121908892594,0.0,0.0,0.0,0.0,0.0,0.0,0.0,0.0,0.0,0.0,0.0,0.0,0.0,0.0,0.0,0.0,0.0,0.0,0.0,3.0,0.0,nothing,3.0,330000.0,1,41.46998744165346
88be08cc1dfffff,-33.97785942101836,150.8087344142287,0.0,0.0,0.0,2.0,0.0,0.0,0.0,0.0,2.0,6.0,0.0,6.0,0.0,0.0,0.0,0.0,0.0,18847.13746621193,9048.396825396825,7.0,2.0,kW,54.0,132000.0,1,39.7206591355615
88be08cc21fffff,-33.94885880268564,150.8352707886892,0.0,3.0,0.0,0.0,0.0,0.0,0.0,0.0,0.0,4.0,0.0,3.0,0.0,0.0,0.0,0.0,0.0,0.0,9393.333333333334,0.0,0.0,nothing,27.0,0.0,0,36.45567785352795
88be08cc25fffff,-33.941607628713406,150.84190217502967,0.0,1.0,0.0,1.0,0.0,0.0,0.0,0.0,0.0,3.0,0.0,11.0,0.0,1.0,0.0,0.0,0.0,43748.16069594929,0.0,0.0,0.0,nothing,27.0,0.0,0,35.66441418085312
88be08cc27fffff,-33.94046609899395,150.83102813120942,0.0,0.0,0.0,0.0,0.0,0.0,0.0,0.0,0.0,0.0,0.0,7.0,0.0,0.0,0.0,0.0,0.0,0.0,0.0,0.0,0.0,nothing,18.0,0.0,0,36.61311148789349
88be08cc29fffff,-33.957251431371496,150.83951431868005,0.0,0.0,0.0,0.0,0.0,0.0,0.0,0.0,3.0,0.0,0.0,0.0,0.0,0.0,0.0,0.0,0.0,0.0,0.0,10.0,0.0,nothing,0.0,132000.0,1,36.325663019647365
88be08cc2bfffff,-33.956109569417784,150.82863831952628,0.0,0.0,0.0,0.0,0.0,0.0,0.0,0.0,0.0,0.0,0.0,2.0,0.0,0.0,0.0,0.0,0.0,14364.382414006714,0.0,0.0,0.0,nothing,10.0,0.0,0,37.25758344728186
88be08cc2dfffff,-33.950000029243775,150.8461460403138,0.0,0.0,0.0,0.0,0.0,0.0,0.0,1.0,0.0,0.0,0.0,11.0,0.0,0.0,0.0,0.0,0.0,9201.955830805065,0.0,6.0,0.0,nothing,17.0,132000.0,1,35.51719222788314
88be08cc31fffff,-33.95382302961804,150.80688770550466,4.0,4.0,0.0,0.0,0.0,0.0,2.0,0.0,13.0,5.0,0.0,5.0,1.0,0.0,0.0,0.0,0.0,64725.42042201552,0.0,5.0,10.0,7 kW,32.0,0.0,1,39.133507296755525
88be08cc33fffff,-33.952678352109665,150.79601309214524,0.0,0.0,0.0,0.0,0.0,0.0,0.0,0.0,0.0,0.0,0.0,4.0,0.0,0.0,0.0,0.0,0.0,0.0,0.0,6.0,0.0,nothing,7.0,330000.0,1,40.076942624834246
88be08cc35fffff,-33.946573534250184,150.81352166808418,0.0,0.0,0.0,0.0,0.0,0.0,0.0,0.0,0.0,0.0,0.0,3.0,0.0,0.0,0.0,0.0,0.0,2329.321302694617,0.0,0.0,0.0,nothing,1.0,0.0,0,38.34402175358191
88be08cc37fffff,-33.94542949271019,150.80264780061196,0.0,0.0,0.0,0.0,0.0,0.0,0.0,0.0,0.0,1.0,0.0,0.0,0.0,0.0,0.0,0.0,0.0,0.0,0.0,0.0,0.0,nothing,5.0,0.0,0,39.29333092817762
88be08cc39fffff,-33.96221649191485,150.81112848268754,0.0,0.0,0.0,2.0,0.0,0.0,0.0,0.0,0.0,1.0,0.0,9.0,0.0,0.0,0.0,0.0,0.0,0.0,0.0,3.0,6.0,7 kW,0.0,0.0,1,38.9992007865814
88be08cc3bfffff,-33.961072116726285,150.8002526604007,0.0,0.0,0.0,0.0,0.0,0.0,0.0,0.0,0.0,3.0,0.0,1.0,0.0,0.0,0.0,0.0,0.0,1617.13947480341,0.0,0.0,0.0,nothing,0.0,0.0,0,39.93299033039167
88be08cc3dfffff,-33.95496676877706,150.8177627815497,0.0,1.0,0.0,1.0,0.0,0.0,0.0,0.0,0.0,1.0,0.0,0.0,0.0,0.0,0.0,0.0,0.0,0.0,0.0,0.0,0.0,nothing,13.0,0.0,0,38.193630678260725
88be08cc45fffff,-33.98242886238353,150.85225014594513,0.0,0.0,0.0,0.0,0.0,0.0,0.0,0.0,0.0,0.0,0.0,0.0,0.0,0.0,0.0,0.0,0.0,1923.0237174926679,0.0,0.0,0.0,nothing,27.0,0.0,0,36.10278961924705
88be08cc49fffff,-33.9980730902036,150.8498630219291,0.0,0.0,0.0,0.0,0.0,0.0,0.0,0.0,0.0,1.0,0.0,0.0,0.0,0.0,0.0,0.0,0.0,4757.13924584775,0.0,0.0,0.0,nothing,8.0,0.0,0,36.963604643242164
88be08cc4dfffff,-33.99082118603534,150.85649716820672,0.0,1.0,0.0,3.0,0.0,0.0,0.0,0.0,1.0,14.0,0.0,0.0,0.0,0.0,0.0,0.0,0.0,4959.231698726805,16825.51020408163,0.0,0.0,nothing,34.0,0.0,0,36.08479854958077
88be08cc53fffff,-33.99350231914659,150.80633946222713,0.0,0.0,0.0,0.0,0.0,0.0,0.0,0.0,0.0,0.0,0.0,0.0,0.0,0.0,0.0,0.0,0.0,7370.276259904065,0.0,4.0,0.0,nothing,0.0,132000.0,1,40.504856034617056
88be08cc55fffff,-33.98739642612909,150.8238560502048,0.0,0.0,0.0,0.0,0.0,0.0,0.0,0.0,0.0,2.0,0.0,0.0,0.0,0.0,0.0,0.0,0.0,0.0,0.0,0.0,0.0,nothing,10.0,0.0,0,38.751792912564085
88be08cc57fffff,-33.986252959691804,150.8129766002469,1.0,0.0,0.0,1.0,0.0,0.0,0.0,0.0,2.0,0.0,0.0,0.0,0.0,0.0,0.0,0.0,0.0,0.0,0.0,3.0,0.0,nothing,97.0,132000.0,1,39.65268642776325
88be08cc61fffff,-33.96678460389017,150.85463638908038,1.0,0.0,0.0,2.0,0.0,0.0,0.0,0.0,8.0,2.0,0.0,1.0,0.0,0.0,0.0,0.0,0.0,21956.320248260745,0.0,8.0,13.0,7 kW,24.0,0.0,1,35.307713984188254
88be08cc65fffff,-33.95953233854421,150.8612676975011,0.0,0.0,0.0,1.0,0.0,0.0,0.0,0.0,0.0,1.0,0.0,3.0,0.0,0.0,0.0,0.0,0.0,3967.61156359509,0.0,2.0,0.0,nothing,7.0,330000.0,1,34.47554556384944
88be08cc67fffff,-33.95839235446972,150.85039077825652,0.0,0.0,0.0,0.0,0.0,0.0,0.0,0.0,0.0,0.0,0.0,0.0,0.0,0.0,0.0,0.0,0.0,5639.87773990639,0.0,0.0,0.0,nothing,1.0,0.0,0,35.39819674891731
88be08cc69fffff,-33.97517677700402,150.85888287300796,2.0,0.0,0.0,3.0,0.0,0.0,0.0,0.0,8.0,1.0,0.0,1.0,0.0,0.0,0.0,0.0,0.0,409.0677438309441,0.0,3.0,6.0,22 kW,147.0,0.0,1,35.24596437103104
88be08cc6bfffff,-33.97403646172153,150.84800399708533,0.0,0.0,0.0,0.0,0.0,0.0,0.0,0.0,0.0,0.0,0.0,0.0,0.0,0.0,0.0,0.0,0.0,2068.5506441793295,0.0,0.0,0.0,nothing,3.0,0.0,0,36.14901408800075
88be08cc6dfffff,-33.967924283846585,150.8655145162165,0.0,0.0,0.0,0.0,0.0,0.0,0.0,0.0,0.0,0.0,0.0,1.0,0.0,0.0,0.0,0.0,0.0,6080.972155537142,0.0,5.0,9.0,7 kW,13.0,0.0,1,34.3975249847619
88be08cc83fffff,-33.962581660144394,150.73924066280128,0.0,0.0,0.0,0.0,0.0,0.0,0.0,0.0,0.0,0.0,0.0,2.0,0.0,0.0,0.0,0.0,0.0,0.0,4546.333333333333,0.0,0.0,nothing,12.0,0.0,0,45.43509051762786
88be08cc9dfffff,-33.969826743667305,150.73259973133165,0.0,0.0,0.0,0.0,0.0,0.0,0.0,0.0,0.0,0.0,0.0,2.0,0.0,0.0,0.0,0.0,0.0,0.0,0.0,0.0,0.0,nothing,12.0,0.0,0,46.22541244221607
88be08cca1fffff,-33.9408439483478,150.75915696717848,0.0,0.0,0.0,0.0,0.0,0.0,0.0,0.0,0.0,0.0,0.0,1.0,0.0,0.0,0.0,0.0,0.0,0.0,0.0,0.0,0.0,nothing,6.0,0.0,0,43.11950114692277
88be08cca3fffff,-33.939695218554476,150.7482854217005,0.0,0.0,0.0,0.0,0.0,0.0,0.0,0.0,0.0,0.0,0.0,2.0,0.0,0.0,0.0,0.0,0.0,0.0,0.0,0.0,0.0,nothing,3.0,0.0,0,44.08232954864735
88be08cca9fffff,-33.949238691181286,150.76339203571862,0.0,0.0,0.0,0.0,0.0,0.0,0.0,0.0,0.0,0.0,0.0,0.0,0.0,0.0,0.0,0.0,0.0,0.0,0.0,0.0,0.0,nothing,1.0,0.0,0,42.92623825864933
88be08ccadfffff,-33.94199174082983,150.77002897856173,0.0,1.0,0.0,0.0,0.0,0.0,0.0,0.0,0.0,0.0,0.0,1.0,0.0,0.0,0.0,0.0,0.0,0.0,0.0,0.0,0.0,nothing,5.0,0.0,0,42.15901427372502
88be08ccb1fffff,-33.94579059121266,150.730775170591,0.0,0.0,0.0,0.0,0.0,0.0,0.0,0.0,0.0,0.0,0.0,0.0,0.0,0.0,0.0,0.0,0.0,9874.912524916115,0.0,0.0,0.0,nothing,0.0,0.0,0,45.7998533341322
88be08ccb5fffff,-33.93854555162003,150.73741434288058,0.0,0.0,0.0,0.0,0.0,0.0,0.0,0.0,0.0,0.0,0.0,5.0,0.0,0.0,0.0,0.0,0.0,963.5920280872801,0.0,0.0,0.0,nothing,32.0,0.0,0,45.04734819117605
88be08ccb7fffff,-33.937394947714836,150.72654373147137,0.0,0.0,0.0,0.0,0.0,0.0,0.0,0.0,0.0,2.0,0.0,2.0,0.0,1.0,0.0,0.0,0.0,3351.423896469367,0.0,0.0,0.0,nothing,9.0,0.0,0,46.01441814595314
88be08ccb9fffff,-33.954186162189444,150.73500748096,0.0,0.0,0.0,0.0,0.0,0.0,0.0,0.0,0.0,0.0,1.0,0.0,0.0,0.0,0.0,0.0,0.0,0.0,0.0,0.0,0.0,nothing,1.0,0.0,0,45.60665305093375
88be08ccbdfffff,-33.946940895256525,150.74164699201182,0.0,0.0,0.0,0.0,0.0,0.0,0.0,0.0,0.0,0.0,0.0,2.0,0.0,0.0,0.0,0.0,0.0,9874.912524916115,0.0,0.0,0.0,nothing,8.0,0.0,0,44.83956920531633
88be08ccc1fffff,-33.9816696994397,150.7694634340962,0.0,0.0,0.0,0.0,0.0,0.0,0.0,0.0,0.0,0.0,0.0,0.0,0.0,0.0,0.0,0.0,0.0,0.0,0.0,6.0,0.0,nothing,0.0,132000.0,1,43.305792816244555
88be08ccc5fffff,-33.97442247717803,150.7761024724092,0.0,0.0,0.0,0.0,0.0,0.0,0.0,0.0,0.0,0.0,0.0,0.0,0.0,0.0,0.0,0.0,0.0,0.0,0.0,1.0,0.0,nothing,0.0,132000.0,1,42.48549062701126
88be08ccc7fffff,-33.973274951502354,150.76522608763023,0.0,0.0,0.0,0.0,0.0,0.0,0.0,0.0,0.0,0.0,0.0,0.0,0.0,0.0,0.0,0.0,0.0,0.0,0.0,4.0,0.0,nothing,0.0,132000.0,1,43.41523403604046
88be08cccbfffff,-33.98891651112865,150.762823313105,0.0,0.0,0.0,0.0,0.0,0.0,0.0,0.0,0.0,0.0,0.0,2.0,0.0,0.0,0.0,0.0,0.0,1702.0535763218309,0.0,5.0,0.0,nothing,0.0,132000.0,1,44.134013993698915
88be08ccd1fffff,-33.986617971650425,150.74106803260662,0.0,0.0,0.0,0.0,0.0,0.0,0.0,0.0,0.0,0.0,0.0,0.0,0.0,0.0,0.0,0.0,0.0,0.0,0.0,2.0,0.0,nothing,0.0,330000.0,1,45.97505054624635
88be08ccd3fffff,-33.98546729363965,150.73019109351287,0.0,1.0,0.0,1.0,0.0,0.0,0.0,0.0,0.0,1.0,0.0,2.0,0.0,0.0,0.0,0.0,0.0,796.5374370186976,0.0,3.0,0.0,nothing,12.0,330000.0,1,46.901273921884744
88be08ccd7fffff,-33.978222394771684,150.7368334459731,0.0,0.0,0.0,0.0,0.0,0.0,0.0,0.0,0.0,0.0,0.0,2.0,0.0,0.0,0.0,0.0,0.0,0.0,0.0,0.0,0.0,nothing,12.0,0.0,0,46.08933439007054
88be08ccd9fffff,-33.99501347380264,150.74530349145536,2.0,0.0,0.0,3.0,0.0,0.0,0.0,1.0,4.0,12.0,0.0,0.0,0.0,0.0,0.0,0.0,0.0,17625.832444050106,0.0,4.0,4.0,"22 kW, kW",19.0,330000.0,1,45.88272442265339
88be08ccdbfffff,-33.9938630967244,150.7344253410446,0.0,0.0,0.0,0.0,0.0,0.0,0.0,0.0,1.0,0.0,0.0,0.0,0.0,0.0,0.0,0.0,0.0,6445.67516586604,0.0,1.0,0.0,nothing,16.0,330000.0,1,46.79983872624261
88be08ccddfffff,-33.98776771087025,150.75194543938866,0.0,0.0,0.0,0.0,0.0,0.0,0.0,0.0,0.0,0.0,0.0,0.0,0.0,0.0,0.0,0.0,0.0,0.0,0.0,2.0,0.0,nothing,0.0,330000.0,1,45.052552316090946
88be08cce1fffff,-33.95878055089844,150.77850240628064,0.0,0.0,0.0,0.0,0.0,0.0,0.0,0.0,0.0,0.0,0.0,0.0,0.0,0.0,0.0,0.0,0.0,0.0,0.0,2.0,0.0,nothing,0.0,132000.0,1,41.81161903063176
88be08cce5fffff,-33.951532736421115,150.78513894222533,0.0,0.0,0.0,0.0,0.0,0.0,0.0,0.0,0.0,1.0,0.0,3.0,0.0,0.0,0.0,0.0,0.0,2259.7945489293593,0.0,4.0,0.0,nothing,15.0,132000.0,1,41.02368990418215
88be08cce7fffff,-33.95038618272178,150.7742652564986,0.0,0.0,0.0,0.0,0.0,0.0,0.0,0.0,0.0,0.0,0.0,1.0,0.0,0.0,0.0,0.0,0.0,3236.2879734854346,0.0,0.0,0.0,nothing,5.0,0.0,0,41.97352381056314
88be08cce9fffff,-33.96717484485894,150.7827404281306,0.0,0.0,0.0,0.0,0.0,0.0,0.0,0.0,0.0,0.0,0.0,0.0,0.0,0.0,0.0,0.0,0.0,0.0,0.0,3.0,0.0,nothing,0.0,132000.0,1,41.67357556258018
88be08ccebfffff,-33.96602795609728,150.77186478811112,0.0,0.0,0.0,0.0,0.0,0.0,0.0,0.0,0.0,0.0,0.0,0.0,0.0,0.0,0.0,0.0,0.0,0.0,0.0,3.0,0.0,nothing,0.0,132000.0,1,42.60897367211064
88be08ccedfffff,-33.9599268029977,150.78937730134706,0.0,0.0,0.0,0.0,0.0,0.0,0.0,0.0,0.0,0.0,0.0,0.0,0.0,0.0,0.0,0.0,0.0,0.0,0.0,6.0,0.0,nothing,0.0,330000.0,1,40.87054797698918
88be08cd01fffff,-33.92099035601017,150.87266209758,0.0,0.0,0.0,1.0,0.0,0.0,0.0,0.0,0.0,12.0,0.0,12.0,0.0,0.0,0.0,0.0,0.0,14077.664342463633,0.0,3.0,0.0,nothing,24.0,132000.0,1,32.39739297809885
88be08cd03fffff,-33.919851668511924,150.86178983799212,0.0,0.0,0.0,0.0,0.0,1.0,0.0,0.0,0.0,0.0,0.0,4.0,0.0,0.0,0.0,0.0,0.0,0.0,0.0,2.0,0.0,nothing,14.0,330000.0,1,33.36200245657542
88be08cd05fffff,-33.91373692409937,150.8792884050185,0.0,0.0,0.0,0.0,0.0,0.0,0.0,0.0,0.0,0.0,0.0,21.0,0.0,0.0,0.0,0.0,0.0,0.0,0.0,0.0,0.0,nothing,42.0,0.0,0,31.65018447990833
88be08cd07fffff,-33.91259887073523,150.86841689391898,0.0,0.0,0.0,0.0,0.0,0.0,0.0,0.0,0.0,0.0,0.0,10.0,0.0,0.0,0.0,0.0,0.0,0.0,0.0,3.0,0.0,nothing,31.0,132000.0,1,32.62112593623991
88be08cd09fffff,-33.92938176679062,150.87690817359848,0.0,0.0,0.0,1.0,0.0,0.0,0.0,0.0,0.0,6.0,0.0,8.0,0.0,0.0,0.0,0.0,0.0,63771.74361825961,0.0,20.0,0.0,nothing,24.0,132000.0,1,32.203806315238516
88be08cd0bfffff,-33.92824338299569,150.8660347074782,0.0,0.0,0.0,1.0,0.0,0.0,0.0,0.0,1.0,2.0,0.0,5.0,0.0,0.0,0.0,0.0,0.0,33487.54772396141,0.0,20.0,0.0,nothing,31.0,330000.0,1,33.15860722970209
88be08cd0dfffff,-33.922128105610255,150.88353481485714,0.0,1.0,0.0,1.0,1.0,0.0,0.0,1.0,0.0,4.0,0.0,14.0,0.0,1.0,0.0,0.0,0.0,18354.787542976912,0.0,0.0,0.0,nothing,49.0,0.0,0,31.435830450532237
88be08cd11fffff,-33.925963801304185,150.84428915069842,0.0,1.0,0.0,2.0,0.0,0.0,0.0,0.0,5.0,2.0,0.0,21.0,0.0,0.0,0.0,0.0,0.0,7838.2511754329735,0.0,2.0,0.0,nothing,39.0,330000.0,1,35.078008533650106
88be08cd13fffff,-33.92482260374345,150.83341706154692,0.0,0.0,0.0,0.0,0.0,0.0,0.0,0.0,6.0,1.0,0.0,4.0,0.0,1.0,0.0,0.0,0.0,0.0,0.0,1.0,0.0,nothing,1.0,330000.0,1,36.042084297544285
88be08cd15fffff,-33.918712043283165,150.85091803684756,0.0,2.0,0.0,4.0,0.0,4.0,0.0,0.0,5.0,2.0,0.0,2.0,0.0,0.0,0.0,0.0,0.0,30119.916416837103,13450.333333333334,0.0,0.0,nothing,36.0,0.0,0,34.32940059655338
88be08cd17fffff,-33.917571480491766,150.8400466949001,0.0,0.0,0.0,0.0,0.0,0.0,0.0,0.0,0.0,0.0,0.0,5.0,0.0,0.0,0.0,0.0,0.0,8102.602591429438,0.0,1.0,0.0,nothing,11.0,330000.0,1,35.29935671346304
88be08cd19fffff,-33.93435604801664,150.84853247863524,1.0,0.0,0.0,14.0,5.0,0.0,2.0,1.0,20.0,31.0,0.0,3.0,1.0,2.0,0.0,0.0,0.0,40188.64216907554,0.0,2.0,0.0,nothing,41.0,330000.0,1,34.88451715039335
88be08cd1bfffff,-33.93321515337963,150.83765918218154,1.0,2.0,0.0,5.0,0.0,10.0,0.0,1.0,8.0,5.0,0.0,5.0,0.0,0.0,0.0,0.0,0.0,6919.399343471523,0.0,0.0,0.0,nothing,46.0,0.0,0,35.839513920275536
88be08cd1dfffff,-33.927104061110946,150.85516169959348,0.0,4.0,0.0,1.0,0.0,0.0,0.0,0.0,0.0,1.0,0.0,14.0,0.0,1.0,0.0,0.0,0.0,8237.66853602233,0.0,0.0,0.0,nothing,34.0,0.0,0,34.11676685123972
88be08cd21fffff,-33.89809206171148,150.88166775870886,0.0,0.0,0.0,0.0,0.0,0.0,0.0,0.0,1.0,4.0,0.0,11.0,0.0,0.0,0.0,0.0,0.0,1821.0903677575743,0.0,0.0,0.0,nothing,13.0,0.0,0,31.18497990436304
88be08cd23fffff,-33.896954338702706,150.87079820196513,0.0,0.0,0.0,0.0,0.0,0.0,0.0,0.0,0.0,1.0,0.0,25.0,0.0,0.0,0.0,0.0,0.0,2955.148814160507,0.0,2.0,0.0,nothing,19.0,132000.0,1,32.16989494134931
88be08cd25fffff,-33.89083805149584,150.8882915677479,0.0,4.0,0.0,2.0,1.0,1.0,1.0,1.0,0.0,16.0,0.0,11.0,0.0,3.0,0.0,0.0,0.0,58696.67921996399,16468.084142394822,0.0,0.0,nothing,58.0,0.0,0,30.4918597384433
88be08cd27fffff,-33.88970096205554,150.87742275952033,0.0,1.0,0.0,2.0,0.0,2.0,0.0,0.0,2.0,3.0,0.0,13.0,0.0,0.0,0.0,0.0,0.0,9263.361057289549,0.0,9.0,0.0,nothing,26.0,132000.0,1,31.482124014440714
88be08cd29fffff,-33.906483087779,150.8859136298818,0.0,0.0,0.0,0.0,0.0,0.0,0.0,0.0,0.0,6.0,0.0,22.0,0.0,0.0,0.0,0.0,0.0,1155.4069155576503,0.0,0.0,0.0,nothing,31.0,0.0,0,30.91799780452483
88be08cd2bfffff,-33.90534566829651,150.87504286746187,0.0,0.0,0.0,0.0,0.0,0.0,0.0,0.0,2.0,8.0,0.0,19.0,0.0,0.0,0.0,0.0,0.0,0.0,0.0,3.0,0.0,nothing,26.0,132000.0,1,31.895105678096815
88be08cd2dfffff,-33.89922884756482,150.89253777225804,0.0,2.0,0.0,5.0,0.0,2.0,0.0,0.0,0.0,9.0,0.0,15.0,0.0,0.0,0.0,0.0,0.0,24458.473098552797,0.0,0.0,0.0,nothing,21.0,0.0,0,30.201926106997078
88be08cd31fffff,-33.9030680174574,150.85330271542935,0.0,0.0,0.0,0.0,0.0,3.0,0.0,0.0,0.0,1.0,0.0,7.0,0.0,0.0,0.0,0.0,0.0,14687.487336313165,0.0,2.0,0.0,nothing,27.0,330000.0,1,33.85565684690702
88be08cd33fffff,-33.90192778643607,150.8424333273238,0.0,0.0,0.0,0.0,0.0,0.0,0.0,0.0,0.0,0.0,0.0,2.0,0.0,0.0,0.0,0.0,0.0,0.0,0.0,0.0,0.0,nothing,18.0,0.0,0,34.83874076466776
88be08cd35fffff,-33.895815678705866,150.85992910278046,0.0,0.0,0.0,0.0,1.0,0.0,0.0,0.0,0.0,0.0,0.0,9.0,0.0,0.0,0.0,0.0,0.0,0.0,0.0,0.0,0.0,nothing,21.0,0.0,0,33.15650386098928
88be08cd37fffff,-33.894676081888555,150.84906046190818,0.0,0.0,0.0,0.0,0.0,0.0,0.0,0.0,0.0,0.0,0.0,11.0,0.0,0.0,0.0,0.0,0.0,3110.1894739861928,0.0,2.0,0.0,nothing,22.0,330000.0,1,34.144658373897684
88be08cd39fffff,-33.91145987983217,150.8575458407166,0.0,0.0,0.0,0.0,0.0,0.0,0.0,0.0,0.0,0.0,0.0,12.0,0.0,0.0,0.0,0.0,0.0,0.0,0.0,3.0,0.0,nothing,16.0,330000.0,1,33.59455289303937
88be08cd3bfffff,-33.910319951557895,150.8466752461651,0.0,0.0,0.0,0.0,0.0,0.0,0.0,0.0,0.0,0.0,0.0,0.0,0.0,0.0,0.0,0.0,0.0,42932.01851885753,0.0,0.0,0.0,nothing,26.0,0.0,0,34.570253953537495
88be08cd3dfffff,-33.9042073114668,150.86417256239318,0.0,3.0,0.0,2.0,0.0,0.0,0.0,1.0,0.0,2.0,0.0,13.0,0.0,2.0,0.0,0.0,0.0,19084.53408133579,0.0,0.0,0.0,nothing,26.0,0.0,0,32.874388765652746
88be08cd41fffff,-33.93891024375196,150.89203025226928,0.0,0.0,0.0,0.0,0.0,0.0,0.0,0.0,0.0,0.0,0.0,0.0,0.0,0.0,0.0,0.0,0.0,0.0,0.0,0.0,0.0,nothing,14.0,0.0,0,31.101265857839234
88be08cd43fffff,-33.937773102575534,150.88115512219667,0.0,0.0,0.0,0.0,0.0,0.0,0.0,0.0,0.0,2.0,0.0,0.0,0.0,0.0,0.0,0.0,0.0,0.0,0.0,0.0,0.0,nothing,10.0,0.0,0,32.0409133197179
88be08cd45fffff,-33.931655719440926,150.89865647752822,0.0,0.0,0.0,1.0,0.0,0.0,0.0,0.0,2.0,3.0,0.0,3.0,0.0,0.0,0.0,0.0,0.0,4424.530348034044,0.0,1.0,0.0,nothing,7.0,132000.0,1,30.305555869352016
88be08cd47fffff,-33.93051921232814,150.8877820972,0.0,1.0,0.0,2.0,0.0,0.0,0.0,0.0,0.0,8.0,0.0,6.0,0.0,1.0,0.0,0.0,0.0,25806.54534551897,0.0,8.0,0.0,nothing,26.0,132000.0,1,31.252673528933613
88be08cd49fffff,-33.94730119938061,150.8962792802873,0.0,0.0,0.0,7.0,1.0,1.0,0.0,1.0,2.0,28.0,0.0,9.0,0.0,2.0,0.0,0.0,0.0,36875.09617130365,0.0,0.0,0.0,nothing,44.0,0.0,0,30.982073882170987
88be08cd4bfffff,-33.94616436286385,150.88540294359692,0.0,0.0,0.0,0.0,0.0,0.0,0.0,0.0,2.0,5.0,0.0,8.0,0.0,0.0,0.0,0.0,0.0,2622.0238849147136,0.0,0.0,0.0,nothing,26.0,0.0,0,31.90918500467116
88be08cd4dfffff,-33.940046446144464,150.90290583886008,0.0,0.0,0.0,0.0,0.0,0.0,0.0,0.0,1.0,2.0,0.0,4.0,0.0,0.0,0.0,0.0,0.0,3714.6197461569745,0.0,0.0,0.0,nothing,16.0,0.0,0,30.166372913320046
88be08cd51fffff,-33.94388787307005,150.86365164216497,0.0,0.0,0.0,0.0,0.0,0.0,0.0,0.0,0.0,1.0,0.0,10.0,0.0,0.0,0.0,0.0,0.0,9428.0031845833,0.0,4.0,0.0,nothing,33.0,330000.0,1,33.77822285602918
88be08cd53fffff,-33.94274822012815,150.85277667893297,0.0,0.0,0.0,0.0,0.0,1.0,0.0,0.0,2.0,4.0,0.0,8.0,0.0,0.0,0.0,0.0,0.0,0.0,0.0,11.0,0.0,nothing,16.0,330000.0,1,34.71934918388652
88be08cd55fffff,-33.93663502278246,150.87028044939711,1.0,1.0,0.0,0.0,0.0,0.0,0.0,0.0,1.0,2.0,0.0,0.0,0.0,0.0,0.0,0.0,0.0,2267.4659711304184,0.0,3.0,0.0,nothing,19.0,330000.0,1,32.98490748157727
88be08cd57fffff,-33.93549600454024,150.85940623462517,0.0,0.0,0.0,0.0,0.0,0.0,0.0,0.0,14.0,5.0,0.0,0.0,0.0,0.0,0.0,0.0,0.0,3760.194530592598,0.0,7.0,0.0,nothing,6.0,132000.0,1,33.93288412126563
88be08cd59fffff,-33.9522796661993,150.86789792243536,0.0,0.0,0.0,5.0,3.0,1.0,0.0,0.0,1.0,11.0,0.0,12.0,0.0,1.0,0.0,0.0,0.0,5024.194009068857,0.0,5.0,0.0,nothing,69.0,330000.0,1,33.653186837534
88be08cd5bfffff,-33.95114031713769,150.85702175181407,2.0,1.0,1.0,6.0,2.0,0.0,0.0,0.0,0.0,5.0,0.0,17.0,0.0,0.0,0.0,0.0,0.0,18751.030850053998,0.0,2.0,4.0,kW,49.0,0.0,1,34.58291133013721
88be08cd5dfffff,-33.945026587371174,150.8745270639712,0.0,0.0,0.0,4.0,0.0,4.0,0.0,0.0,3.0,0.0,0.0,7.0,0.0,0.0,0.0,0.0,0.0,11954.127242881372,0.0,1.0,0.0,nothing,29.0,330000.0,1,32.841375320602296
88be08cd61fffff,-33.91601021754122,150.90103279789315,0.0,0.0,0.0,0.0,0.0,0.0,0.0,0.0,0.0,0.0,0.0,13.0,0.0,0.0,0.0,0.0,0.0,1007.8945201856075,0.0,0.0,0.0,nothing,20.0,0.0,0,29.716738628437334
88be08cd63fffff,-33.91487403975711,150.89016037326127,0.0,0.0,0.0,1.0,0.0,0.0,0.0,0.0,0.0,2.0,0.0,21.0,0.0,0.0,0.0,0.0,0.0,0.0,0.0,0.0,0.0,nothing,30.0,0.0,0,30.68196610179178
88be08cd65fffff,-33.908755114033305,150.9076565237598,0.0,0.0,0.0,0.0,0.0,0.0,0.0,0.0,0.0,1.0,0.0,23.0,0.0,0.0,0.0,0.0,0.0,1659.4275835059268,0.0,0.0,0.0,nothing,21.0,0.0,0,28.97119439377686
88be08cd67fffff,-33.907619569746956,150.8967848488991,0.0,1.0,0.0,6.0,0.0,0.0,0.0,0.0,0.0,4.0,0.0,28.0,0.0,0.0,0.0,0.0,0.0,0.0,0.0,0.0,0.0,nothing,22.0,0.0,0,29.943279739799845
88be08cd69fffff,-33.92440079044655,150.90528161946224,0.0,2.0,0.0,1.0,0.0,0.0,0.0,0.0,0.0,3.0,0.0,25.0,0.0,0.0,0.0,0.0,0.0,12377.196318384533,0.0,0.0,0.0,nothing,44.0,0.0,0,29.523042881119416
88be08cd6bfffff,-33.92326491714477,150.89440798906935,0.0,0.0,0.0,3.0,0.0,0.0,0.0,0.0,0.0,7.0,0.0,12.0,0.0,0.0,0.0,0.0,0.0,4203.891076874788,0.0,7.0,0.0,nothing,36.0,132000.0,1,30.477604888105333
88be08cd6dfffff,-33.91714545728468,150.91190567815985,0.0,1.0,0.0,3.0,0.0,0.0,0.0,0.0,0.0,5.0,0.0,16.0,0.0,0.0,0.0,0.0,0.0,4268.871058301028,19482.85714285714,0.0,0.0,nothing,40.0,0.0,0,28.754804960304806
88be08cd81fffff,-33.91299985706516,150.79656593415123,0.0,0.0,0.0,0.0,0.0,0.0,0.0,0.0,0.0,0.0,0.0,0.0,0.0,0.0,0.0,0.0,0.0,0.0,0.0,3.0,0.0,nothing,0.0,330000.0,1,39.20093048199083
88be08cd83fffff,-33.91185460898663,150.78569689948992,0.0,0.0,0.0,0.0,0.0,0.0,0.0,0.0,0.0,0.0,0.0,4.0,0.0,0.0,0.0,0.0,0.0,0.0,0.0,0.0,0.0,nothing,0.0,0.0,0,40.180963023410435
88be08cd85fffff,-33.90575086811071,150.80319746953566,0.0,0.0,0.0,0.0,0.0,0.0,0.0,0.0,0.0,0.0,0.0,0.0,0.0,0.0,0.0,0.0,0.0,0.0,0.0,10.0,0.0,nothing,0.0,330000.0,1,38.49230870176446
88be08cd89fffff,-33.92139338622125,150.80080356009017,0.0,0.0,0.0,0.0,0.0,0.0,0.0,0.0,0.0,0.0,0.0,0.0,0.0,0.0,0.0,0.0,0.0,0.0,0.0,6.0,0.0,nothing,0.0,132000.0,1,38.94919566275046
88be08cd8bfffff,-33.92024843932961,150.78993331744826,0.0,0.0,0.0,0.0,0.0,0.0,0.0,0.0,0.0,0.0,0.0,0.0,0.0,0.0,0.0,0.0,0.0,0.0,0.0,2.0,0.0,nothing,0.0,330000.0,1,39.92258779565202
88be08cd8dfffff,-33.91414416842384,150.80743543177584,0.0,0.0,0.0,0.0,0.0,0.0,0.0,0.0,0.0,0.0,0.0,1.0,0.0,0.0,0.0,0.0,0.0,0.0,0.0,5.0,0.0,nothing,0.0,132000.0,1,38.22260992225966
88be08cd93fffff,-33.916807977870555,150.75732537359457,0.0,0.0,0.0,0.0,0.0,0.0,0.0,0.0,0.0,0.0,0.0,2.0,0.0,0.0,0.0,0.0,0.0,0.0,0.0,0.0,0.0,nothing,0.0,0.0,0,42.853735298715
88be08cd95fffff,-33.910708424357495,150.77482832854454,0.0,0.0,0.0,0.0,0.0,0.0,0.0,0.0,0.0,0.0,0.0,6.0,0.0,0.0,0.0,0.0,0.0,0.0,0.0,0.0,0.0,nothing,0.0,0.0,0,41.16258402605592
88be08cd97fffff,-33.90956130334724,150.76396022206754,0.0,0.0,0.0,0.0,0.0,0.0,0.0,0.0,0.0,0.0,0.0,1.0,0.0,0.0,0.0,0.0,0.0,0.0,0.0,0.0,0.0,nothing,0.0,0.0,0,42.14568128305586
88be08cd99fffff,-33.92635009461165,150.77242909593113,0.0,0.0,0.0,0.0,0.0,0.0,0.0,0.0,0.0,0.0,0.0,2.0,0.0,0.0,0.0,0.0,0.0,0.0,0.0,0.0,0.0,nothing,0.0,0.0,0,41.6270458779694
88be08cd9bfffff,-33.925202637903425,150.7615590373324,0.0,0.0,0.0,0.0,0.0,0.0,0.0,0.0,0.0,0.0,0.0,2.0,0.0,0.0,0.0,0.0,0.0,3147.1768770837775,0.0,0.0,0.0,nothing,0.0,0.0,0,42.599477819801045
88be08cda1fffff,-33.89010832977456,150.805590496603,0.0,0.0,0.0,0.0,0.0,0.0,0.0,0.0,0.0,0.0,0.0,0.0,0.0,0.0,0.0,0.0,0.0,0.0,0.0,4.0,0.0,nothing,0.0,500000.0,1,38.11029882031835
88be08cda5fffff,-33.88285875855858,150.81221953379395,0.0,0.0,0.0,0.0,0.0,0.0,0.0,0.0,0.0,0.0,0.0,0.0,0.0,0.0,0.0,0.0,0.0,2385.828364894216,0.0,7.0,0.0,nothing,0.0,500000.0,1,37.44925294916611
88be08cda7fffff,-33.8817151150679,150.80135394047187,0.0,0.0,0.0,0.0,0.0,0.0,0.0,0.0,0.0,0.0,0.0,2.0,0.0,0.0,0.0,0.0,0.0,7821.818206373511,0.0,3.0,0.0,nothing,0.0,500000.0,1,38.44713851778352
88be08cda9fffff,-33.8985014729816,150.80982792368835,0.0,0.0,0.0,0.0,0.0,0.0,0.0,0.0,0.0,1.0,0.0,0.0,0.0,0.0,0.0,0.0,0.0,0.0,0.0,18.0,0.0,nothing,0.0,500000.0,1,37.797456140338674
88be08cdadfffff,-33.8912516721932,150.81645729669617,0.0,0.0,0.0,0.0,0.0,0.0,0.0,0.0,1.0,1.0,0.0,0.0,0.0,0.0,0.0,0.0,0.0,9451.749307152788,0.0,1.0,0.0,nothing,0.0,132000.0,1,37.117146623547455
88be08cdb1fffff,-33.895066732481304,150.77722667688263,0.0,0.0,0.0,0.0,0.0,0.0,0.0,0.0,0.0,0.0,0.0,2.0,0.0,0.0,0.0,0.0,0.0,0.0,0.0,0.0,0.0,nothing,0.0,0.0,0,40.76793521094825
88be08cdbdfffff,-33.89621258203831,150.78809329602714,0.0,0.0,0.0,0.0,0.0,0.0,0.0,0.0,0.0,0.0,0.0,2.0,0.0,0.0,0.0,0.0,0.0,0.0,0.0,0.0,0.0,nothing,0.0,0.0,0,39.77663304429046
88be08cdc1fffff,-33.93093055043844,150.8159139708987,0.0,0.0,0.0,0.0,0.0,0.0,0.0,0.0,0.0,1.0,0.0,6.0,0.0,1.0,0.0,0.0,0.0,4425.5862260038175,0.0,0.0,0.0,nothing,8.0,0.0,0,37.75857157759359
88be08cdc3fffff,-33.929786842471366,150.80504205757697,0.0,0.0,0.0,0.0,0.0,0.0,0.0,0.0,0.0,0.0,0.0,0.0,0.0,0.0,0.0,0.0,0.0,918.9976356409111,0.0,0.0,0.0,nothing,0.0,0.0,0,38.722180654203996
88be08cdc5fffff,-33.92368046859702,150.82254543289272,0.0,0.0,0.0,0.0,0.0,0.0,0.0,0.0,0.0,0.0,0.0,4.0,0.0,0.0,0.0,0.0,0.0,0.0,0.0,0.0,0.0,nothing,0.0,0.0,0,37.008771306646224
88be08cdc7fffff,-33.92253739603337,150.8116742654894,0.0,0.0,0.0,0.0,0.0,0.0,0.0,0.0,0.0,0.0,0.0,6.0,0.0,0.0,0.0,0.0,0.0,0.0,0.0,0.0,0.0,nothing,1.0,0.0,0,37.9778688369687
88be08cdcbfffff,-33.938180225314646,150.80928142683413,0.0,0.0,0.0,0.0,0.0,0.0,0.0,0.0,0.0,0.0,0.0,2.0,0.0,0.0,0.0,0.0,0.0,5393.616606251069,0.0,0.0,0.0,nothing,3.0,0.0,0,38.52032331088851
88be08cdcdfffff,-33.93207332079742,150.82678634601808,0.0,1.0,0.0,0.0,0.0,0.0,0.0,0.0,0.0,0.0,0.0,0.0,0.0,0.0,0.0,0.0,0.0,0.0,0.0,0.0,0.0,nothing,1.0,0.0,0,36.797611178455355
88be08cdd1fffff,-33.93589060044,150.78753657183762,0.0,0.0,0.0,0.0,0.0,0.0,0.0,0.0,0.0,0.0,0.0,0.0,0.0,0.0,0.0,0.0,0.0,0.0,0.0,3.0,0.0,nothing,0.0,330000.0,1,40.439071780300246
88be08cdd3fffff,-33.93474438172722,150.77666483974008,0.0,0.0,0.0,0.0,0.0,0.0,0.0,0.0,0.0,0.0,0.0,0.0,0.0,0.0,1.0,0.0,0.0,0.0,0.0,0.0,0.0,nothing,0.0,0.0,0,41.4022683319976
88be08cdd5fffff,-33.92864219706509,150.79417060680635,0.0,0.0,0.0,0.0,0.0,0.0,0.0,0.0,0.0,1.0,0.0,0.0,0.0,0.0,0.0,0.0,0.0,0.0,0.0,6.0,0.0,nothing,0.0,330000.0,1,39.68824420779043
88be08cdd9fffff,-33.944284513180605,150.7917743960318,0.0,1.0,0.0,0.0,0.0,0.0,0.0,0.0,0.0,1.0,0.0,2.0,0.0,0.0,0.0,0.0,0.0,197.35447297169713,0.0,5.0,0.0,nothing,0.0,330000.0,1,40.24574040055243
88be08cddbfffff,-33.94313859583066,150.78090145509722,0.0,0.0,0.0,0.0,0.0,0.0,0.0,0.0,0.0,0.0,0.0,3.0,0.0,0.0,0.0,0.0,0.0,0.0,0.0,0.0,0.0,nothing,0.0,0.0,0,41.201033936628214
88be08cdddfffff,-33.93703588169224,150.79840876778675,0.0,1.0,0.0,0.0,0.0,0.0,0.0,0.0,0.0,0.0,0.0,0.0,0.0,0.0,0.0,0.0,0.0,0.0,0.0,7.0,0.0,nothing,0.0,132000.0,1,39.478361002911065
88be08cde1fffff,-33.90803728356765,150.82493543602868,0.0,0.0,0.0,0.0,0.0,0.0,0.0,0.0,0.0,0.0,0.0,0.0,0.0,0.0,0.0,0.0,0.0,0.0,0.0,3.0,0.0,nothing,0.0,330000.0,1,36.52774356809424
88be08cde3fffff,-33.90689454418823,150.81406622195024,0.0,0.0,0.0,0.0,0.0,0.0,0.0,0.0,0.0,0.0,0.0,0.0,0.0,0.0,0.0,0.0,0.0,0.0,0.0,6.0,0.0,nothing,0.0,330000.0,1,37.509211758576264
88be08cde5fffff,-33.900786618570805,150.83156439882978,0.0,0.0,0.0,0.0,0.0,0.0,0.0,0.0,0.0,0.0,0.0,0.0,0.0,0.0,0.0,0.0,0.0,0.0,0.0,2.0,0.0,nothing,0.0,330000.0,1,35.82348963028601
88be08cde9fffff,-33.91642998030582,150.82917581290343,0.0,0.0,0.0,0.0,0.0,0.0,0.0,0.0,0.0,1.0,0.0,1.0,0.0,0.0,0.0,0.0,0.0,0.0,0.0,2.0,0.0,nothing,2.0,330000.0,1,36.27166421722951
88be08cdebfffff,-33.91528754289366,150.81830539161092,0.0,0.0,0.0,0.0,0.0,0.0,0.0,0.0,0.0,0.0,0.0,2.0,0.0,0.0,0.0,0.0,0.0,0.0,0.0,0.0,0.0,nothing,0.0,0.0,0,37.24613761179049
88be08cdedfffff,-33.909179086080336,150.835805111018,0.0,0.0,0.0,0.0,0.0,0.0,0.0,0.0,0.0,0.0,0.0,0.0,0.0,0.0,0.0,0.0,0.0,0.0,0.0,3.0,0.0,nothing,1.0,330000.0,1,35.54804045961697
88be08ce01fffff,-34.03050244845637,150.85597208919378,0.0,0.0,0.0,0.0,0.0,0.0,0.0,0.0,0.0,1.0,0.0,0.0,0.0,0.0,1.0,0.0,0.0,16174.109296785773,0.0,0.0,0.0,nothing,53.0,0.0,0,38.03946161012708
88be08ce03fffff,-34.02936144416697,150.8450861293363,1.0,2.0,0.0,2.0,0.0,0.0,3.0,0.0,3.0,7.0,0.0,11.0,1.0,0.0,0.0,0.0,0.0,84470.59812516197,0.0,0.0,0.0,nothing,68.0,0.0,0,38.864653291643144
88be08ce05fffff,-34.02325027411831,150.8626083259879,0.0,0.0,0.0,0.0,0.0,0.0,0.0,0.0,0.0,3.0,0.0,0.0,0.0,0.0,0.0,0.0,0.0,0.0,0.0,0.0,0.0,nothing,8.0,0.0,0,37.11750969883618
88be08ce07fffff,-34.02210990615563,150.8517231157626,0.0,0.0,0.0,0.0,0.0,0.0,0.0,0.0,0.0,1.0,0.0,0.0,0.0,0.0,1.0,0.0,0.0,1765.9420629805236,0.0,0.0,0.0,nothing,16.0,0.0,0,37.949203257990746
88be08ce0bfffff,-34.0377542124161,150.8493347671603,0.0,0.0,0.0,0.0,0.0,0.0,0.0,0.0,0.0,1.0,0.0,0.0,0.0,0.0,0.0,0.0,0.0,307.7070434437693,0.0,0.0,0.0,nothing,17.0,0.0,0,38.96584129809623
88be08ce0dfffff,-34.031642510989776,150.86685850911473,0.0,0.0,0.0,0.0,0.0,0.0,0.0,0.0,0.0,0.0,0.0,0.0,0.0,0.0,0.0,0.0,0.0,0.0,0.0,0.0,0.0,nothing,1.0,0.0,0,37.223548303886474
88be08ce11fffff,-34.035469988900296,150.8275618099348,0.0,0.0,0.0,0.0,0.0,0.0,0.0,0.0,0.0,4.0,0.0,0.0,0.0,0.0,0.0,0.0,0.0,6322.430205097704,0.0,10.0,0.0,nothing,4.0,66000.0,1,40.612395057601375
88be08ce13fffff,-34.03432646464284,150.8166760241319,0.0,2.0,0.0,1.0,0.0,0.0,0.0,1.0,0.0,3.0,0.0,0.0,0.0,0.0,0.0,0.0,0.0,19479.24786194251,0.0,9.0,0.0,nothing,15.0,66000.0,1,41.448281649382466
88be08ce15fffff,-34.02821949828998,150.83420063029894,0.0,1.0,0.0,0.0,0.0,0.0,0.0,0.0,0.0,1.0,0.0,4.0,0.0,0.0,0.0,0.0,0.0,6445.89181726181,8728.888888888889,0.0,0.0,nothing,24.0,0.0,0,39.69854350975225
88be08ce17fffff,-34.02707661099398,150.8233155928383,0.0,0.0,0.0,0.0,0.0,0.0,0.0,0.0,0.0,2.0,0.0,6.0,0.0,0.0,0.0,0.0,0.0,1175.2163623585236,0.0,0.0,0.0,nothing,16.0,0.0,0,40.54059427186057
88be08ce19fffff,-34.04386328778198,150.83180890125522,0.0,0.0,0.0,0.0,0.0,0.0,0.0,0.0,0.0,1.0,0.0,0.0,0.0,0.0,0.0,0.0,0.0,243418.45989266585,0.0,0.0,0.0,nothing,9.0,0.0,0,40.70914753119838
88be08ce1bfffff,-34.04272006811208,150.82092190462888,0.0,0.0,0.0,0.0,0.0,0.0,0.0,0.0,0.0,6.0,0.0,0.0,0.0,0.0,0.0,0.0,0.0,3523.743565458501,0.0,0.0,0.0,nothing,3.0,0.0,0,41.530757352519004
88be08ce1dfffff,-34.03661257154764,150.8384480578631,0.0,0.0,0.0,0.0,0.0,0.0,0.0,0.0,0.0,1.0,0.0,0.0,0.0,0.0,0.0,0.0,0.0,209666.0187814562,0.0,6.0,0.0,nothing,1.0,66000.0,1,39.784739677000026
88be08ce21fffff,-34.007605600303634,150.86499383382667,0.0,0.0,0.0,0.0,0.0,0.0,0.0,0.0,3.0,5.0,0.0,0.0,0.0,0.0,0.0,0.0,0.0,20800.459209932967,0.0,0.0,0.0,nothing,38.0,0.0,0,36.133622350159435
88be08ce23fffff,-34.00646556322395,150.85411058261815,0.0,0.0,0.0,0.0,0.0,0.0,0.0,0.0,0.0,1.0,0.0,0.0,0.0,0.0,0.0,0.0,0.0,1274.5859510543914,0.0,0.0,0.0,nothing,7.0,0.0,0,36.98739438626897
88be08ce25fffff,-34.000352833494446,150.8716275656405,0.0,0.0,0.0,7.0,0.0,0.0,0.0,1.0,0.0,20.0,0.0,1.0,0.0,2.0,0.0,0.0,0.0,29194.573228454392,0.0,0.0,0.0,nothing,65.0,0.0,0,35.23428203324943
88be08ce27fffff,-33.99921343217578,150.86074506409292,3.0,4.0,0.0,13.0,2.0,0.0,1.0,0.0,25.0,43.0,0.0,1.0,1.0,3.0,0.0,0.0,0.0,48484.88687861209,0.0,0.0,0.0,nothing,100.0,0.0,0,36.09508390731225
88be08ce29fffff,-34.01599768991767,150.86924347763076,0.0,0.0,0.0,0.0,0.0,0.0,0.0,0.0,1.0,1.0,0.0,1.0,0.0,0.0,0.0,0.0,0.0,846.6928132747125,0.0,2.0,0.0,nothing,5.0,330000.0,1,36.20032444158144
88be08ce2bfffff,-34.014857958029275,150.85835901723007,0.0,0.0,0.0,0.0,0.0,0.0,0.0,0.0,0.0,4.0,0.0,3.0,0.0,0.0,0.0,0.0,0.0,0.0,0.0,4.0,0.0,nothing,9.0,330000.0,1,37.03873391903611
88be08ce2dfffff,-34.00874469637018,150.87587754421057,0.0,1.0,0.0,1.0,0.0,0.0,0.0,0.0,11.0,7.0,0.0,2.0,0.0,0.0,0.0,0.0,0.0,20785.710331961418,0.0,0.0,0.0,nothing,20.0,0.0,0,35.28827809793828
88be08ce31fffff,-34.01257567080659,150.83659147635535,0.0,0.0,0.0,0.0,0.0,0.0,0.0,0.0,0.0,0.0,0.0,0.0,0.0,0.0,0.0,0.0,0.0,0.0,0.0,4.0,0.0,nothing,2.0,330000.0,1,38.74059848642377
88be08ce33fffff,-34.011433115809076,150.8257083973938,0.0,0.0,0.0,1.0,0.0,0.0,0.0,0.0,0.0,9.0,0.0,0.0,0.0,0.0,0.0,0.0,0.0,7298.94595060997,0.0,4.0,0.0,nothing,5.0,330000.0,1,39.602974791920786
88be08ce35fffff,-34.00532458529923,150.8432277913413,0.0,1.0,0.0,0.0,0.0,0.0,0.0,0.0,0.0,0.0,0.0,0.0,0.0,0.0,0.0,0.0,0.0,0.0,0.0,0.0,0.0,nothing,0.0,0.0,0,37.849022578370786
88be08ce39fffff,-34.02096859679671,150.84083836580905,0.0,0.0,0.0,0.0,0.0,0.0,0.0,0.0,0.0,5.0,0.0,0.0,0.0,0.0,0.0,0.0,0.0,1174.6172041174696,0.0,0.0,0.0,nothing,16.0,0.0,0,38.78952206695622
88be08ce3bfffff,-34.01982634621004,150.82995407688358,0.0,0.0,0.0,0.0,0.0,0.0,0.0,0.0,0.0,4.0,0.0,2.0,0.0,0.0,0.0,0.0,0.0,0.0,0.0,0.0,0.0,nothing,28.0,0.0,0,39.63791631290158
88be08ce3dfffff,-34.013717284936156,150.8474750165528,0.0,0.0,0.0,0.0,0.0,0.0,0.0,0.0,0.0,0.0,0.0,0.0,0.0,0.0,0.0,0.0,0.0,1725.141584187339,0.0,4.0,0.0,nothing,0.0,330000.0,1,37.88567896358628
88be08ce49fffff,-34.056818741285255,150.87961430694054,0.0,0.0,0.0,0.0,0.0,0.0,0.0,0.0,0.0,0.0,0.0,0.0,0.0,0.0,0.0,0.0,0.0,1207.1273615515352,0.0,0.0,0.0,nothing,0.0,0.0,0,37.7026526441746
88be08ce51fffff,-34.05339847959109,150.84694553633082,0.0,0.0,0.0,0.0,0.0,0.0,0.0,0.0,0.0,0.0,0.0,0.0,0.0,1.0,0.0,0.0,0.0,0.0,0.0,0.0,0.0,nothing,3.0,0.0,0,40.03313213651995
88be08ce53fffff,-34.05225650713774,150.8360568670229,0.0,0.0,0.0,6.0,0.0,0.0,0.0,0.0,14.0,25.0,0.0,1.0,0.0,2.0,0.0,0.0,0.0,68379.02948701844,0.0,0.0,0.0,nothing,33.0,0.0,0,40.83067501039002
88be08ce55fffff,-34.04614690104279,150.8535842795042,0.0,0.0,0.0,0.0,0.0,0.0,0.0,0.0,1.0,3.0,0.0,0.0,0.0,0.0,0.0,0.0,0.0,0.0,0.0,0.0,0.0,nothing,0.0,0.0,0,39.09288447571975
88be08ce57fffff,-34.04500556548178,150.8426963597993,0.0,0.0,0.0,0.0,0.0,0.0,1.0,0.0,1.0,7.0,0.0,3.0,0.0,1.0,0.0,0.0,0.0,0.0,0.0,0.0,0.0,nothing,7.0,0.0,0,39.896339802405144
88be08ce59fffff,-34.06179131337421,150.851195587681,0.0,0.0,0.0,0.0,0.0,0.0,0.0,0.0,0.0,1.0,0.0,0.0,0.0,0.0,0.0,0.0,0.0,0.0,0.0,0.0,0.0,nothing,1.0,0.0,0,40.19486017301772
88be08ce5bfffff,-34.06064964646628,150.84030570746123,0.0,0.0,0.0,2.0,0.0,0.0,0.0,0.0,0.0,1.0,0.0,0.0,0.0,0.0,0.0,0.0,0.0,0.0,0.0,0.0,0.0,nothing,4.0,0.0,0,40.97675775178934
88be08ce61fffff,-34.025528185182395,150.8843801242269,0.0,0.0,0.0,0.0,0.0,0.0,0.0,0.0,0.0,0.0,0.0,0.0,0.0,0.0,0.0,0.0,0.0,0.0,0.0,4.0,0.0,nothing,0.0,330000.0,1,35.48242376565156
88be08ce63fffff,-34.02438970051657,150.8734939957283,0.0,0.0,0.0,0.0,0.0,0.0,0.0,0.0,0.0,0.0,0.0,0.0,0.0,0.0,0.0,0.0,0.0,0.0,0.0,3.0,0.0,nothing,0.0,330000.0,1,36.295035695918735
88be08ce69fffff,-34.03391981011621,150.88863272611914,0.0,0.0,0.0,0.0,0.0,0.0,0.0,0.0,0.0,1.0,0.0,0.0,0.0,0.0,0.0,0.0,0.0,0.0,0.0,0.0,0.0,nothing,0.0,0.0,0,35.62210541940716
88be08ce6dfffff,-34.02666572794804,150.89526671072676,0.0,0.0,0.0,0.0,0.0,0.0,0.0,0.0,0.0,0.0,0.0,0.0,0.0,0.0,0.0,0.0,0.0,0.0,0.0,3.0,0.0,nothing,0.0,330000.0,1,34.68036857904323
88be08ce81fffff,-34.02249565100055,150.77978007388606,2.0,9.0,0.0,1.0,0.0,0.0,0.0,0.0,9.0,5.0,0.0,12.0,0.0,0.0,1.0,0.0,0.0,28968.331654602945,0.0,20.0,0.0,nothing,49.0,330000.0,1,43.9809384128436
88be08ce83fffff,-34.02134805914696,150.76889735564973,0.0,0.0,0.0,3.0,0.0,0.0,0.0,0.0,0.0,5.0,0.0,9.0,0.0,0.0,0.0,0.0,0.0,37958.27263313925,0.0,6.0,0.0,nothing,48.0,330000.0,1,44.85697929146938
88be08ce85fffff,-34.01524793496267,150.78642154658462,0.0,0.0,0.0,0.0,0.0,0.0,0.0,0.0,2.0,0.0,0.0,6.0,0.0,0.0,0.0,0.0,0.0,0.0,0.0,3.0,0.0,nothing,15.0,330000.0,1,43.10262043716564
88be08ce87fffff,-34.01410098077194,150.7755395741393,0.0,0.0,0.0,4.0,0.0,1.0,0.0,0.0,2.0,1.0,0.0,9.0,0.0,0.0,0.0,0.0,0.0,16714.261740479218,0.0,0.0,0.0,nothing,62.0,0.0,0,43.984471536154686
88be08ce89fffff,-34.03089024390115,150.7840214470393,0.0,0.0,0.0,0.0,0.0,0.0,0.0,0.0,11.0,2.0,0.0,4.0,0.0,0.0,0.0,0.0,0.0,2734.4177600544854,0.0,3.0,0.0,nothing,86.0,330000.0,1,44.000603345079455
88be08ce8bfffff,-34.029742954895745,150.77313751730048,1.0,8.0,0.0,0.0,1.0,0.0,0.0,0.0,6.0,10.0,0.0,9.0,0.0,0.0,0.0,0.0,0.0,25891.809669878847,0.0,11.0,0.0,nothing,129.0,132000.0,1,44.86484927573772
88be08ce8dfffff,-34.02364230228171,150.7906632574787,0.0,0.0,0.0,0.0,0.0,0.0,0.0,0.0,0.0,0.0,0.0,0.0,0.0,0.0,0.0,0.0,0.0,0.0,0.0,2.0,0.0,nothing,1.0,330000.0,1,43.110893492762024
88be08ce91fffff,-34.02744555476696,150.75137105629497,0.0,0.0,0.0,0.0,0.0,0.0,0.0,0.0,0.0,3.0,0.0,3.0,0.0,0.0,0.0,0.0,0.0,6606.8935819945655,0.0,0.0,0.0,nothing,23.0,132000.0,0,46.61129893796233
88be08ce93fffff,-34.026295443984154,150.74048852653894,0.0,0.0,0.0,0.0,0.0,1.0,0.0,0.0,1.0,4.0,0.0,0.0,0.0,0.0,0.0,0.0,0.0,3273.1661699105116,0.0,0.0,0.0,nothing,21.0,0.0,0,47.49284015562473
88be08ce95fffff,-34.02019952689093,150.75801510352508,0.0,0.0,0.0,0.0,1.0,0.0,0.0,0.0,0.0,9.0,0.0,6.0,0.0,0.0,0.0,0.0,0.0,45870.39993738801,0.0,5.0,0.0,nothing,35.0,330000.0,1,45.73867048905455
88be08ce97fffff,-34.019050054402676,150.74713331826723,1.0,0.0,0.0,1.0,0.0,1.0,0.0,0.0,2.0,2.0,0.0,6.0,0.0,0.0,0.0,0.0,0.0,15035.680288983875,0.0,0.0,0.0,nothing,31.0,0.0,0,46.625690365261725
88be08ce99fffff,-34.035840978198664,150.75560966750518,0.0,0.0,0.0,0.0,0.0,0.0,0.0,0.0,0.0,5.0,0.0,0.0,0.0,1.0,2.0,0.0,0.0,0.0,0.0,0.0,0.0,nothing,0.0,0.0,0,46.618796820492975
88be08ce9bfffff,-34.034691169481874,150.7447259254798,0.0,0.0,0.0,0.0,0.0,0.0,0.0,0.0,0.0,2.0,0.0,0.0,0.0,0.0,0.0,0.0,0.0,2772.279437469618,0.0,2.0,0.0,nothing,28.0,132000.0,1,47.4894194529975
88be08ce9dfffff,-34.028594725127626,150.76225405346722,0.0,0.0,0.0,0.0,0.0,0.0,0.0,0.0,0.0,11.0,0.0,2.0,0.0,0.0,0.0,0.0,0.0,34009.27249914122,0.0,0.0,0.0,nothing,14.0,0.0,0,45.7351954109874
88be08cea1fffff,-33.99960558890013,150.78882076038624,0.0,0.0,0.0,0.0,1.0,0.0,0.0,0.0,2.0,2.0,0.0,4.0,0.0,0.0,0.0,0.0,0.0,40633.4020160961,0.0,11.0,2.0,kW,33.0,330000.0,1,42.25799521085674
88be08cea3fffff,-33.99845896944844,150.77794074456924,0.0,0.0,0.0,0.0,0.0,0.0,0.0,0.0,0.0,0.0,0.0,3.0,0.0,0.0,0.0,0.0,0.0,0.0,0.0,0.0,0.0,nothing,8.0,0.0,0,43.15706370597466
88be08cea5fffff,-33.99235727643403,150.79545972831718,1.0,0.0,0.0,5.0,0.0,1.0,0.0,0.0,22.0,0.0,0.0,3.0,0.0,0.0,0.0,0.0,0.0,24767.149150146088,0.0,6.0,0.0,nothing,36.0,330000.0,1,41.404800716275126
88be08cea7fffff,-33.991211294080436,150.78458045832375,0.0,0.0,0.0,0.0,0.0,0.0,0.0,0.0,0.0,0.0,0.0,2.0,0.0,0.0,0.0,0.0,0.0,0.0,0.0,0.0,0.0,nothing,5.0,0.0,0,42.30985245770707
88be08cea9fffff,-34.00799980729745,150.79306193548302,0.0,0.0,0.0,0.0,0.0,0.0,0.0,0.0,0.0,0.0,0.0,0.0,0.0,0.0,0.0,0.0,0.0,15529.74517577054,0.0,4.0,0.0,nothing,12.0,330000.0,1,42.23024482816946
88be08ceabfffff,-34.00685349051789,150.78218070902255,0.0,0.0,0.0,1.0,0.0,0.0,0.0,0.0,0.0,0.0,0.0,0.0,0.0,0.0,0.0,0.0,0.0,7397.6958185371195,0.0,0.0,0.0,nothing,11.0,0.0,0,43.1180191805024
88be08ceadfffff,-34.00075126852028,150.79970124066818,0.0,0.0,0.0,1.0,0.0,0.0,0.0,0.0,1.0,0.0,0.0,0.0,0.0,0.0,0.0,0.0,0.0,0.0,0.0,3.0,0.0,nothing,1.0,132000.0,1,41.36418807903849
88be08ceb1fffff,-34.00455803706287,150.76041965189742,0.0,0.0,0.0,0.0,0.0,0.0,0.0,0.0,0.0,1.0,0.0,0.0,0.0,0.0,0.0,0.0,0.0,0.0,0.0,3.0,0.0,nothing,0.0,330000.0,1,44.90945318104196
88be08ceb3fffff,-34.003408900727436,150.7495398227425,1.0,0.0,0.0,1.0,0.0,0.0,0.0,0.0,5.0,3.0,0.0,0.0,0.0,0.0,0.0,0.0,0.0,9294.473172021544,0.0,0.0,0.0,nothing,23.0,0.0,0,45.81248942830596
88be08ceb5fffff,-33.997311410334966,150.767061193972,0.0,0.0,0.0,0.0,0.0,0.0,0.0,0.0,0.0,0.0,0.0,1.0,0.0,0.0,0.0,0.0,0.0,1702.0535763218309,0.0,0.0,0.0,nothing,0.0,0.0,0,44.0610703343278
88be08ceb7fffff,-33.996162911729634,150.75618210934923,0.0,0.0,0.0,0.0,0.0,0.0,0.0,0.0,0.0,0.0,0.0,0.0,0.0,0.0,0.0,0.0,0.0,0.0,0.0,10.0,0.0,nothing,4.0,330000.0,1,44.969716152231925
88be08ceb9fffff,-34.01295308636899,150.7646580672565,0.0,0.0,0.0,0.0,0.0,0.0,0.0,0.0,2.0,7.0,0.0,2.0,0.0,0.0,0.0,0.0,0.0,1085.9558347100838,0.0,0.0,0.0,nothing,27.0,0.0,0,44.8718550113279
88be08cebbfffff,-34.011804251923856,150.7537770266913,0.0,0.0,0.0,0.0,0.0,0.0,0.0,0.0,0.0,4.0,0.0,0.0,0.0,0.0,0.0,0.0,0.0,4218.081523152474,0.0,3.0,0.0,nothing,31.0,330000.0,1,45.7644479240613
88be08cebdfffff,-34.005706233716396,150.7712999475757,0.0,0.0,0.0,0.0,0.0,0.0,0.0,0.0,0.0,1.0,0.0,2.0,0.0,0.0,0.0,0.0,0.0,0.0,0.0,0.0,0.0,nothing,12.0,0.0,0,44.011196465608016
88be08cec1fffff,-34.0404308035381,150.79914930015605,0.0,0.0,0.0,0.0,0.0,0.0,0.0,0.0,0.0,0.0,0.0,0.0,0.0,0.0,0.0,0.0,0.0,0.0,0.0,0.0,0.0,nothing,3.0,0.0,0,43.198364370175945
88be08cec3fffff,-34.03928475897262,150.7882636938224,0.0,0.0,0.0,0.0,0.0,0.0,0.0,0.0,0.0,2.0,0.0,0.0,0.0,0.0,0.0,0.0,0.0,9044.7646792208,0.0,2.0,0.0,nothing,13.0,66000.0,1,44.0434359171995
88be08cec5fffff,-34.03318199894429,150.80579070121095,0.0,0.0,0.0,0.0,0.0,0.0,0.0,0.0,0.0,0.0,0.0,0.0,0.0,0.0,0.0,0.0,0.0,0.0,0.0,8.0,0.0,nothing,13.0,66000.0,1,42.2919102080454
88be08cec7fffff,-34.032036591973906,150.79490584192806,0.0,0.0,0.0,0.0,0.0,0.0,0.0,0.0,0.0,0.0,0.0,0.0,0.0,0.0,0.0,0.0,0.0,0.0,0.0,2.0,0.0,nothing,0.0,66000.0,1,43.14282540290766
88be08cec9fffff,-34.048824936473125,150.80339363238605,0.0,0.0,0.0,0.0,0.0,0.0,0.0,0.0,0.0,0.0,0.0,3.0,0.0,0.0,0.0,0.0,0.0,0.0,0.0,0.0,0.0,nothing,16.0,0.0,0,43.27742017007947
88be08cecdfffff,-34.041575906641064,150.81003537067696,0.0,1.0,0.0,0.0,0.0,0.0,0.0,0.0,0.0,1.0,0.0,0.0,0.0,1.0,0.0,0.0,1.0,2751.576713462172,0.0,1.0,0.0,nothing,2.0,66000.0,1,42.360655923492004
88be08ced1fffff,-34.04538488940568,150.77073457357028,0.0,2.0,0.0,0.0,0.0,0.0,0.0,0.0,0.0,0.0,0.0,0.0,0.0,0.0,0.0,0.0,0.0,2494.7671686396166,0.0,0.0,0.0,nothing,26.0,0.0,0,45.7951425925965
88be08ced3fffff,-34.04423632419673,150.75984915212138,0.0,1.0,0.0,1.0,0.0,0.0,0.0,0.0,0.0,1.0,0.0,4.0,0.0,1.0,0.0,0.0,0.0,39263.558827813766,0.0,5.0,0.0,nothing,22.0,132000.0,1,46.64817408075364
88be08ced5fffff,-34.038137773114265,150.7773785524321,0.0,0.0,0.0,0.0,0.0,2.0,0.0,0.0,0.0,1.0,0.0,0.0,0.0,0.0,0.0,0.0,0.0,0.0,0.0,3.0,0.0,nothing,18.0,330000.0,1,44.895453649659444
88be08ced7fffff,-34.036989846132904,150.76649387674112,0.0,0.0,0.0,0.0,0.0,0.0,0.0,0.0,0.0,0.0,0.0,0.0,0.0,0.0,0.0,0.0,0.0,10336.359956901888,0.0,7.0,0.0,nothing,4.0,132000.0,1,45.75402840882222
88be08ced9fffff,-34.05377985444482,150.7749761441782,0.0,0.0,0.0,0.0,0.0,0.0,0.0,0.0,0.0,1.0,0.0,2.0,0.0,0.0,0.0,0.0,0.0,0.0,0.0,4.0,2.0,5 kW,20.0,330000.0,1,45.85847866101109
88be08cedbfffff,-34.05263159226007,150.76408951036709,0.0,1.0,0.0,0.0,0.0,0.0,1.0,0.0,1.0,2.0,0.0,4.0,0.0,0.0,0.0,0.0,0.0,34742.00641373898,0.0,2.0,0.0,nothing,8.0,132000.0,1,46.699390045482126
88be08ceddfffff,-34.046532513301386,150.78162046126806,0.0,0.0,0.0,0.0,0.0,0.0,0.0,0.0,0.0,1.0,0.0,0.0,0.0,0.0,0.0,0.0,0.0,0.0,0.0,1.0,0.0,nothing,0.0,330000.0,1,44.94874661746019
88be08cee1fffff,-34.01753902202832,150.80818688514174,0.0,0.0,0.0,0.0,0.0,0.0,0.0,0.0,0.0,0.0,0.0,6.0,0.0,0.0,0.0,0.0,0.0,8917.072649982083,0.0,0.0,0.0,nothing,8.0,0.0,0,41.35693369130584
88be08cee3fffff,-34.01639394877133,150.79730398383725,0.0,0.0,0.0,0.0,0.0,0.0,0.0,0.0,0.0,0.0,0.0,0.0,0.0,0.0,0.0,0.0,0.0,5505.84817269001,0.0,4.0,0.0,nothing,0.0,330000.0,1,42.226649532486626
88be08cee5fffff,-34.01028962011236,150.8148257804241,0.0,0.0,0.0,0.0,0.0,0.0,0.0,0.0,0.0,0.0,0.0,0.0,0.0,0.0,0.0,0.0,0.0,0.0,0.0,3.0,0.0,nothing,0.0,330000.0,1,40.472329984228615
88be08cee7fffff,-34.009145183885416,150.803943626202,0.0,0.0,0.0,0.0,0.0,0.0,0.0,0.0,0.0,0.0,0.0,0.0,0.0,0.0,0.0,0.0,0.0,5505.84817269001,0.0,6.0,0.0,nothing,0.0,330000.0,1,41.34822265339229
88be08cee9fffff,-34.025932782447846,150.81243101771065,0.0,0.0,0.0,0.0,0.0,0.0,0.0,0.0,0.0,2.0,0.0,2.0,0.0,0.0,0.0,0.0,0.0,0.0,0.0,0.0,0.0,nothing,12.0,0.0,0,41.390306314513374
88be08ceebfffff,-34.02478801282066,150.80154690567215,0.0,0.0,0.0,0.0,0.0,0.0,0.0,0.0,0.0,0.0,0.0,0.0,0.0,0.0,0.0,0.0,0.0,0.0,0.0,0.0,0.0,nothing,1.0,0.0,0,42.24721618089942
88be08ceedfffff,-34.01868315456427,150.81907024974245,0.0,1.0,0.0,0.0,0.0,0.0,0.0,0.0,0.0,1.0,0.0,0.0,0.0,0.0,0.0,0.0,0.0,3427.0627402200967,0.0,0.0,0.0,nothing,14.0,0.0,0,40.4938771967881
88be08cf01fffff,-33.97972863902809,150.9024029616667,0.0,0.0,0.0,0.0,0.0,0.0,0.0,0.0,0.0,1.0,0.0,0.0,0.0,0.0,0.0,0.0,0.0,3443.3328581345513,0.0,0.0,0.0,nothing,13.0,0.0,0,31.700329449298245
88be08cf03fffff,-33.97859208372329,150.8915222532681,0.0,0.0,0.0,0.0,0.0,0.0,0.0,0.0,0.0,2.0,0.0,0.0,0.0,0.0,0.0,0.0,0.0,11787.085806406529,0.0,0.0,0.0,nothing,9.0,0.0,0,32.57565974556267
88be08cf05fffff,-33.97247360648379,150.9090316042576,0.0,1.0,0.0,0.0,0.0,0.0,0.0,0.0,0.0,11.0,0.0,0.0,0.0,0.0,0.0,0.0,0.0,5354.608758201383,0.0,5.0,0.0,nothing,0.0,330000.0,1,30.821034420389857
88be08cf07fffff,-33.97133768573776,150.89815164683398,1.0,2.0,0.0,1.0,0.0,0.0,0.0,0.0,1.0,10.0,0.0,4.0,0.0,1.0,0.0,0.0,0.0,14813.761757456019,0.0,5.0,0.0,nothing,28.0,330000.0,1,31.704422812597173
88be08cf09fffff,-33.98811951431586,150.90665515041385,0.0,0.0,0.0,0.0,0.0,0.0,0.0,0.0,0.0,1.0,0.0,0.0,0.0,0.0,0.0,0.0,0.0,0.0,0.0,1.0,0.0,nothing,6.0,330000.0,1,31.728419758012297
88be08cf0bfffff,-33.986983264804756,150.89577323445516,0.0,0.0,0.0,9.0,0.0,0.0,0.0,0.0,0.0,7.0,0.0,1.0,0.0,2.0,0.0,0.0,0.0,43372.681252031165,0.0,0.0,0.0,nothing,71.0,0.0,0,32.587281715967755
88be08cf0dfffff,-33.98086425391987,150.9132841262946,0.0,0.0,0.0,0.0,0.0,0.0,0.0,0.0,0.0,0.0,0.0,0.0,0.0,0.0,0.0,0.0,0.0,0.0,0.0,4.0,0.0,nothing,0.0,330000.0,1,30.83344021652852
88be08cf11fffff,-33.984707944134406,150.87401077362318,1.0,1.0,0.0,0.0,0.0,0.0,1.0,0.0,2.0,0.0,0.0,2.0,1.0,0.0,0.0,0.0,0.0,7583.443593469558,0.0,0.0,0.0,nothing,5.0,0.0,0,34.330247890679736
88be08cf13fffff,-33.98356887331014,150.86313023026202,0.0,0.0,0.0,0.0,0.0,0.0,0.0,0.0,0.0,2.0,0.0,0.0,0.0,0.0,0.0,0.0,1.0,4140.225167669019,0.0,0.0,0.0,nothing,22.0,0.0,0,35.21309990867618
88be08cf15fffff,-33.977454588172684,150.88064200185494,0.0,0.0,0.0,0.0,0.0,0.0,0.0,0.0,0.0,0.0,0.0,0.0,0.0,0.0,0.0,0.0,0.0,945.4535862715381,0.0,0.0,0.0,nothing,0.0,0.0,0,33.458767159150554
88be08cf17fffff,-33.97631615254371,150.869762208183,0.0,0.0,0.0,0.0,0.0,0.0,0.0,0.0,0.0,1.0,0.0,0.0,0.0,0.0,0.0,0.0,0.0,1993.8147253259658,0.0,0.0,0.0,nothing,16.0,0.0,0,34.3490504216477
88be08cf19fffff,-33.993099658117465,150.87826021275978,0.0,0.0,0.0,6.0,1.0,0.0,0.0,0.0,0.0,14.0,1.0,6.0,0.0,0.0,0.0,0.0,0.0,21244.772747719213,0.0,0.0,0.0,nothing,35.0,0.0,0,34.34116698225338
88be08cf1bfffff,-33.991960892307354,150.86737846106524,1.0,3.0,1.0,6.0,0.0,0.0,0.0,0.0,14.0,34.0,0.0,0.0,0.0,1.0,1.0,0.0,0.0,42411.28530330097,0.0,0.0,0.0,nothing,40.0,0.0,0,35.209202315914304
88be08cf1dfffff,-33.985846074688475,150.88489177527288,0.0,2.0,0.0,1.0,0.0,0.0,0.0,1.0,0.0,11.0,0.0,5.0,0.0,1.0,0.0,0.0,0.0,19103.40106186582,0.0,0.0,0.0,nothing,29.0,0.0,0,33.45477637437347
88be08cf21fffff,-33.95682767076908,150.9114071810319,0.0,0.0,0.0,0.0,0.0,0.0,0.0,0.0,0.0,0.0,0.0,0.0,0.0,0.0,0.0,0.0,0.0,0.0,0.0,0.0,0.0,nothing,2.0,0.0,0,29.988331641587997
88be08cf23fffff,-33.95569207871292,150.9005291814764,0.0,0.0,0.0,1.0,0.0,1.0,0.0,0.0,0.0,3.0,0.0,2.0,0.0,0.0,0.0,0.0,0.0,8845.760309826688,0.0,0.0,0.0,nothing,19.0,0.0,0,30.89547142708689
88be08cf25fffff,-33.949572054817736,150.91803332184136,0.0,0.0,0.0,0.0,0.0,0.0,0.0,1.0,0.0,1.0,0.0,0.0,0.0,0.0,0.0,0.0,0.0,5387.0786910853385,0.0,0.0,0.0,nothing,0.0,0.0,0,29.145032202582502
88be08cf27fffff,-33.94843709675424,150.9071560732872,1.0,1.0,0.0,0.0,0.0,1.0,0.0,0.0,4.0,3.0,0.0,15.0,0.0,0.0,0.0,0.0,0.0,5361.535635400975,0.0,0.0,0.0,nothing,24.0,0.0,0,30.060513539530987
88be08cf29fffff,-33.965218167687766,150.9156591623166,0.0,0.0,0.0,0.0,0.0,0.0,0.0,0.0,0.0,0.0,0.0,0.0,0.0,0.0,0.0,0.0,0.0,0.0,6352.0,0.0,0.0,nothing,0.0,0.0,0,29.950071703474457
88be08cf2bfffff,-33.96408288124772,150.90477995605903,0.0,0.0,0.0,0.0,0.0,0.0,0.0,0.0,0.0,1.0,0.0,0.0,0.0,0.0,0.0,0.0,0.0,0.0,0.0,2.0,0.0,nothing,5.0,330000.0,1,30.841733986442307
88be08cf2dfffff,-33.95796232315596,150.92228563593252,0.0,0.0,0.0,0.0,0.0,0.0,0.0,0.0,0.0,3.0,0.0,0.0,0.0,0.0,0.0,0.0,0.0,0.0,0.0,0.0,0.0,nothing,0.0,0.0,0,29.088190429187712
88be08cf31fffff,-33.96180948895008,150.88302291197456,0.0,1.0,0.0,1.0,1.0,0.0,0.0,0.0,4.0,13.0,0.0,1.0,0.0,0.0,0.0,0.0,0.0,93141.94529296302,0.0,4.0,0.0,nothing,47.0,330000.0,1,32.64632545373314
88be08cf33fffff,-33.96067138342692,150.87214507565878,0.0,1.0,0.0,0.0,0.0,0.0,0.0,0.0,0.0,0.0,0.0,1.0,0.0,0.0,0.0,0.0,0.0,39341.16596869512,0.0,5.0,0.0,nothing,9.0,330000.0,1,33.5581081078378
88be08cf35fffff,-33.95455554715443,150.8896516380216,0.0,1.0,0.0,7.0,0.0,0.0,0.0,0.0,0.0,11.0,0.0,10.0,0.0,0.0,0.0,0.0,0.0,7221.333866791227,15378.338624338625,0.0,0.0,nothing,36.0,0.0,0,31.809009494958424
88be08cf37fffff,-33.95341807626075,150.87877455142285,0.0,0.0,0.0,0.0,0.0,0.0,0.0,0.0,0.0,3.0,0.0,2.0,0.0,0.0,0.0,0.0,0.0,45691.954971099054,0.0,1.0,0.0,nothing,20.0,330000.0,1,32.72840857295416
88be08cf39fffff,-33.970200824938,150.88727214584878,0.0,0.0,0.0,0.0,0.0,0.0,0.0,0.0,0.0,0.0,0.0,0.0,0.0,0.0,0.0,0.0,0.0,3057.9760476185947,0.0,1.0,0.0,nothing,0.0,330000.0,1,32.59536019179325
88be08cf3bfffff,-33.96906302425177,150.8763931020578,0.0,0.0,0.0,0.0,0.0,0.0,0.0,0.0,0.0,0.0,0.0,0.0,0.0,0.0,3.0,0.0,0.0,0.0,0.0,1.0,0.0,nothing,7.0,330000.0,1,33.49324268007728
88be08cf3dfffff,-33.96294665494613,150.89390120569314,0.0,0.0,0.0,0.0,0.0,0.0,0.0,0.0,0.0,0.0,0.0,2.0,0.0,0.0,0.0,0.0,0.0,0.0,0.0,5.0,0.0,nothing,22.0,330000.0,1,31.740686477703242
88be08cf43fffff,-33.99651031109979,150.9109082132981,0.0,0.0,0.0,0.0,0.0,0.0,0.0,0.0,0.0,0.0,0.0,0.0,0.0,0.0,0.0,0.0,0.0,0.0,0.0,3.0,0.0,nothing,0.0,330000.0,1,31.78860933153287
88be08cf47fffff,-33.989254823054665,150.91753752239262,0.0,0.0,0.0,0.0,0.0,0.0,0.0,0.0,0.0,0.0,0.0,0.0,0.0,0.0,0.0,0.0,0.0,0.0,0.0,1.0,0.0,nothing,0.0,330000.0,1,30.87891241508824
88be08cf4bfffff,-34.00490102887853,150.91516215054216,0.0,0.0,0.0,0.0,0.0,0.0,0.0,0.0,0.0,0.0,0.0,0.0,0.0,0.0,0.0,0.0,0.0,0.0,0.0,2.0,0.0,nothing,0.0,330000.0,1,31.880717265677607
88be08cf51fffff,-34.00262881349968,150.89339394386198,0.0,0.0,0.0,0.0,0.0,0.0,0.0,0.0,0.0,3.0,0.0,11.0,0.0,0.0,0.0,0.0,0.0,0.0,0.0,0.0,0.0,nothing,4.0,0.0,0,33.5382128866619
88be08cf53fffff,-34.001491293991656,150.88251052581563,0.0,0.0,0.0,0.0,0.0,0.0,0.0,0.0,7.0,11.0,0.0,6.0,0.0,0.0,0.0,0.0,0.0,14423.0583485038,0.0,0.0,0.0,nothing,21.0,0.0,0,34.38178022424003
88be08cf55fffff,-33.995374367681116,150.90002508963258,0.0,0.0,0.0,0.0,0.0,0.0,0.0,0.0,0.0,1.0,0.0,1.0,0.0,0.0,0.0,0.0,0.0,2460.4125891407757,0.0,0.0,0.0,nothing,40.0,0.0,0,32.6301935250417
88be08cf57fffff,-33.9942374832979,150.88914242253432,0.0,0.0,0.0,0.0,0.0,0.0,0.0,0.0,0.0,1.0,0.0,4.0,0.0,0.0,0.0,0.0,0.0,3079.471143199072,0.0,0.0,0.0,nothing,37.0,0.0,0,33.48128209754473
88be08cf59fffff,-34.011020064792525,150.89764633947868,0.0,0.0,0.0,0.0,0.0,0.0,0.0,0.0,0.0,0.0,0.0,0.0,0.0,0.0,0.0,0.0,0.0,0.0,0.0,0.0,0.0,nothing,1.0,0.0,0,33.62541506018003
88be08cf5bfffff,-34.00988285125569,150.88676171301347,0.0,0.0,0.0,0.0,0.0,1.0,0.0,0.0,2.0,6.0,0.0,0.0,0.0,0.0,0.0,0.0,0.0,798.7780723131154,0.0,0.0,0.0,nothing,0.0,0.0,0,34.45198344070037
88be08cf5dfffff,-34.00376539185106,150.90427781902306,0.0,0.0,0.0,0.0,0.0,0.0,0.0,0.0,0.0,1.0,0.0,0.0,0.0,0.0,0.0,0.0,0.0,805.9104175345751,0.0,0.0,0.0,nothing,2.0,0.0,0,32.704272887567036
88be08cf61fffff,-33.97474262714673,150.93079288539604,0.0,0.0,0.0,0.0,0.0,0.0,0.0,0.0,0.0,2.0,0.0,0.0,0.0,0.0,0.0,0.0,0.0,6301.328795100568,0.0,8.0,0.0,nothing,1.0,330000.0,1,29.079657449148222
88be08cf63fffff,-33.97360858700905,150.91991201736366,0.0,0.0,0.0,0.0,0.0,0.0,0.0,0.0,0.0,1.0,0.0,0.0,0.0,0.0,0.0,0.0,0.0,5354.608758201383,0.0,9.0,0.0,nothing,0.0,330000.0,1,29.945864725953108
88be08cf65fffff,-33.96748592031595,150.93741893948305,0.0,0.0,0.0,0.0,0.0,0.0,0.0,0.0,0.0,0.0,0.0,0.0,0.0,0.0,0.0,0.0,0.0,0.0,0.0,0.0,0.0,nothing,2.0,0.0,0,28.19138611676029
88be08cf69fffff,-33.983132661796695,150.93504782121326,0.0,0.0,0.0,0.0,0.0,0.0,0.0,0.0,0.0,0.0,0.0,0.0,0.0,0.0,0.0,0.0,0.0,0.0,0.0,6.0,0.0,nothing,0.0,330000.0,1,29.12799904845078
88be08cf6bfffff,-33.98199892823165,150.9241657463956,0.0,0.0,0.0,0.0,0.0,0.0,0.0,0.0,0.0,1.0,0.0,0.0,0.0,0.0,0.0,0.0,0.0,3344.758994707482,0.0,0.0,0.0,nothing,0.0,0.0,0,29.975726019466464
88be08d083fffff,-34.2135139494958,151.01088082558056,0.0,1.0,0.0,0.0,0.0,0.0,0.0,0.0,7.0,6.0,0.0,1.0,0.0,0.0,0.0,0.0,0.0,2157.192241282427,0.0,0.0,0.0,nothing,0.0,0.0,0,43.05998600338055
88be08d093fffff,-34.21851435021137,150.98241170971028,0.0,0.0,0.0,0.0,0.0,0.0,0.0,0.0,1.0,2.0,0.0,0.0,0.0,0.0,0.0,0.0,0.0,0.0,0.0,0.0,0.0,nothing,0.0,33000.0,0,44.766331783497485
88be08d095fffff,-34.21238511912862,150.99996670119552,0.0,0.0,0.0,1.0,0.0,0.0,1.0,0.0,4.0,0.0,0.0,1.0,0.0,0.0,0.0,0.0,0.0,269.8787810561805,0.0,0.0,0.0,nothing,0.0,0.0,0,43.4024985932672
88be08d09dfffff,-34.22077423467178,151.00424102660267,0.0,0.0,0.0,0.0,0.0,0.0,0.0,0.0,0.0,1.0,0.0,0.0,0.0,0.0,0.0,0.0,0.0,0.0,0.0,0.0,0.0,nothing,0.0,0.0,0,44.053203391889426
88be08d0a5fffff,-34.1844686701393,151.03742909947564,0.0,0.0,0.0,0.0,0.0,0.0,0.0,0.0,1.0,1.0,0.0,0.0,0.0,0.0,0.0,0.0,0.0,10656.153774351022,0.0,0.0,0.0,nothing,0.0,0.0,0,39.096383986760316
88be08d0abfffff,-34.19899213651479,151.02415714674865,0.0,0.0,0.0,0.0,0.0,0.0,0.0,0.0,0.0,2.0,0.0,0.0,0.0,0.0,0.0,0.0,0.0,0.0,0.0,0.0,0.0,nothing,0.0,0.0,0,41.07619617334327
88be08d0adfffff,-34.192856581824564,151.04170596102367,0.0,0.0,0.0,0.0,0.0,0.0,0.0,0.0,0.0,1.0,0.0,0.0,0.0,0.0,0.0,0.0,0.0,0.0,0.0,0.0,0.0,nothing,0.0,0.0,0,39.77930361532183
88be08d0b5fffff,-34.18947581656152,151.00897043433676,0.0,0.0,0.0,0.0,0.0,0.0,0.0,0.0,0.0,2.0,0.0,0.0,0.0,0.0,0.0,0.0,0.0,0.0,0.0,0.0,0.0,nothing,0.0,0.0,0,40.7673915987921
88be08d0bbfffff,-34.20399591213266,150.9956932556646,0.0,0.0,0.0,0.0,0.0,0.0,0.0,0.0,0.0,1.0,0.0,0.0,0.0,0.0,0.0,0.0,0.0,0.0,0.0,0.0,0.0,nothing,0.0,0.0,0,42.765777033023156
88be08d0bdfffff,-34.19786457877347,151.01324454344095,0.0,0.0,0.0,0.0,0.0,0.0,0.0,0.0,0.0,1.0,0.0,0.0,0.0,0.0,0.0,0.0,0.0,0.0,0.0,0.0,0.0,nothing,0.0,0.0,0,41.41028258389173
88be08d137fffff,-34.1453688163046,151.12084924807223,0.0,0.0,0.0,0.0,0.0,0.0,0.0,0.0,0.0,7.0,0.0,0.0,0.0,0.0,0.0,0.0,0.0,0.0,0.0,0.0,0.0,nothing,0.0,0.0,0,32.3214408493889
88be08d183fffff,-34.16268037950356,151.057328839341,0.0,1.0,0.0,0.0,0.0,0.0,0.0,0.0,0.0,1.0,0.0,0.0,0.0,0.0,0.0,0.0,0.0,0.0,0.0,0.0,0.0,nothing,0.0,0.0,0,36.13556417214279
88be08d185fffff,-34.156539590946096,151.07486838472406,0.0,0.0,0.0,0.0,0.0,0.0,0.0,0.0,0.0,1.0,0.0,0.0,0.0,0.0,0.0,0.0,0.0,0.0,0.0,0.0,0.0,nothing,0.0,0.0,0,34.875342283346846
88be08d187fffff,-34.1554167937393,151.06395990253634,0.0,0.0,0.0,0.0,0.0,0.0,0.0,0.0,0.0,1.0,0.0,0.0,0.0,0.0,0.0,0.0,0.0,0.0,0.0,0.0,0.0,nothing,0.0,0.0,0,35.151399458910674
88be08d18bfffff,-34.17106762089659,151.06160669113527,0.0,0.0,0.0,1.0,0.0,0.0,0.0,0.0,7.0,1.0,0.0,0.0,0.0,0.0,0.0,0.0,0.0,10075.674993008175,0.0,0.0,0.0,nothing,0.0,0.0,0,36.83196844804609
88be08d18dfffff,-34.164926293735554,151.0791477748173,0.0,0.0,0.0,0.0,0.0,0.0,0.0,0.0,0.0,4.0,0.0,0.0,0.0,0.0,0.0,0.0,0.0,0.0,0.0,0.0,0.0,nothing,0.0,0.0,0,35.59653404498793
88be08d199fffff,-34.17720631822033,151.04406343790245,0.0,0.0,0.0,0.0,0.0,0.0,0.0,0.0,0.0,3.0,0.0,0.0,0.0,0.0,0.0,0.0,0.0,10656.153774351022,0.0,0.0,0.0,nothing,0.0,0.0,0,38.10816472827957
88be08d19dfffff,-34.16994355450283,151.0506966844937,0.0,0.0,0.0,0.0,0.0,0.0,0.0,0.0,2.0,7.0,0.0,0.0,0.0,0.0,0.0,0.0,0.0,647.3658207363857,0.0,0.0,0.0,nothing,0.0,0.0,0,37.12119058528541
88be08d1b3fffff,-34.14478061803647,151.03786939493656,0.0,0.0,0.0,0.0,0.0,0.0,0.0,0.0,2.0,0.0,0.0,0.0,0.0,0.0,0.0,0.0,0.0,0.0,0.0,0.0,0.0,nothing,0.0,0.0,0,35.13891225413161
88be08d1b5fffff,-34.13864248897539,151.05540617787275,0.0,0.0,0.0,0.0,0.0,0.0,0.0,0.0,0.0,1.0,0.0,0.0,0.0,0.0,0.0,0.0,0.0,0.0,0.0,0.0,0.0,nothing,0.0,0.0,0,33.79575372064806
88be08d1bdfffff,-34.147029686171486,151.05968260061832,0.0,0.0,0.0,0.0,0.0,0.0,0.0,0.0,0.0,1.0,0.0,0.0,0.0,0.0,0.0,0.0,0.0,0.0,0.0,0.0,0.0,nothing,0.0,0.0,0,34.4654263074019
88be08d1d3fffff,-34.18559400673733,151.04834062981385,0.0,0.0,0.0,0.0,0.0,0.0,0.0,0.0,0.0,5.0,0.0,0.0,0.0,0.0,0.0,0.0,0.0,0.0,0.0,0.0,0.0,nothing,0.0,0.0,0,38.7953737101191
88be08d1d5fffff,-34.17945477145416,151.06588542262753,0.0,0.0,0.0,0.0,0.0,0.0,0.0,0.0,1.0,0.0,0.0,0.0,0.0,0.0,0.0,0.0,0.0,0.0,0.0,0.0,0.0,nothing,0.0,0.0,0,37.54266283513462
88be08d1d7fffff,-34.17833101958907,151.05497420648712,0.0,0.0,0.0,0.0,0.0,0.0,0.0,0.0,1.0,2.0,0.0,0.0,0.0,0.0,0.0,0.0,0.0,0.0,0.0,0.0,0.0,nothing,0.0,0.0,0,37.81288988643662
88be08d1e1fffff,-34.15878233843805,151.0966866860634,0.0,0.0,0.0,0.0,0.0,0.0,0.0,0.0,0.0,7.0,0.0,0.0,0.0,0.0,0.0,0.0,0.0,0.0,0.0,0.0,0.0,nothing,0.0,0.0,0,34.40625850896305
88be08d1e3fffff,-34.15766143923363,151.08577731282094,0.0,0.0,0.0,0.0,0.0,0.0,0.0,0.0,0.0,2.0,0.0,0.0,0.0,0.0,0.0,0.0,0.0,0.0,0.0,0.0,0.0,nothing,0.0,0.0,0,34.626763006084744
88be08d1e5fffff,-34.15151644037522,151.10331436852206,0.0,0.0,0.0,0.0,0.0,0.0,0.0,0.0,0.0,3.0,0.0,0.0,0.0,0.0,0.0,0.0,0.0,0.0,0.0,0.0,0.0,nothing,0.0,0.0,0,33.44794192863966
88be08d4a7fffff,-34.21823269150139,150.82726004619585,0.0,0.0,0.0,0.0,0.0,0.0,0.0,0.0,0.0,0.0,0.0,0.0,0.0,0.0,0.0,0.0,0.0,0.0,0.0,2.0,0.0,nothing,0.0,66000.0,1,53.159907234898476
88be08d509fffff,-34.21511739764477,150.949671134885,0.0,0.0,0.0,0.0,0.0,0.0,0.0,0.0,0.0,0.0,0.0,0.0,0.0,0.0,0.0,0.0,0.0,0.0,0.0,2.0,0.0,nothing,0.0,330000.0,1,45.983021000031634
88be08d50dfffff,-34.207860297873935,150.95631472962006,0.0,0.0,0.0,0.0,0.0,0.0,0.0,0.0,0.0,0.0,0.0,0.0,0.0,0.0,0.0,0.0,0.0,0.0,0.0,6.0,0.0,nothing,0.0,330000.0,1,44.97526539454003
88be08d51bfffff,-34.218966667307775,150.91028770256978,0.0,0.0,0.0,0.0,0.0,0.0,0.0,0.0,0.0,0.0,0.0,0.0,0.0,0.0,0.0,0.0,0.0,164.42151751587218,0.0,0.0,0.0,nothing,0.0,0.0,0,48.37486605202237
88be08d52dfffff,-34.18495483875719,150.96532938222245,0.0,0.0,0.0,0.0,0.0,0.0,0.0,0.0,0.0,0.0,0.0,0.0,0.0,0.0,0.0,0.0,0.0,0.0,0.0,4.0,0.0,nothing,0.0,330000.0,1,42.38930909248203
88be08d545fffff,-34.21738298263968,150.971497730603,0.0,0.0,0.0,0.0,0.0,0.0,0.0,0.0,0.0,0.0,0.0,0.0,0.0,0.0,0.0,0.0,0.0,0.0,0.0,0.0,0.0,nothing,0.0,33000.0,0,45.15279895045518
88be08d547fffff,-34.21625066506196,150.96058420540672,0.0,0.0,0.0,0.0,0.0,0.0,0.0,0.0,0.0,0.0,0.0,0.0,0.0,0.0,0.0,0.0,0.0,0.0,0.0,0.0,0.0,nothing,0.0,33000.0,0,45.558532358569146
88be08d561fffff,-34.20173477518757,150.97386878724797,0.0,0.0,0.0,0.0,0.0,0.0,0.0,0.0,0.0,3.0,0.0,0.0,0.0,0.0,0.0,0.0,0.0,9180.11019413168,0.0,0.0,0.0,nothing,1.0,33000.0,0,43.54714667391728
88be08d563fffff,-34.20060278245261,150.96295723301748,0.0,0.0,0.0,0.0,0.0,0.0,0.0,0.0,0.0,0.0,0.0,0.0,0.0,0.0,0.0,0.0,0.0,0.0,0.0,4.0,0.0,nothing,0.0,330000.0,1,43.96766899964153
88be08d565fffff,-34.19447620767132,150.98050944096545,0.0,1.0,0.0,2.0,1.0,0.0,0.0,1.0,1.0,3.0,0.0,14.0,0.0,1.0,0.0,0.0,0.0,8476.89877117786,0.0,0.0,0.0,nothing,9.0,0.0,0,42.54184845160115
88be08d567fffff,-34.19334485189716,150.96959864516768,0.0,0.0,0.0,0.0,0.0,0.0,0.0,0.0,0.0,0.0,0.0,0.0,0.0,0.0,0.0,0.0,0.0,0.0,0.0,4.0,0.0,nothing,0.0,330000.0,1,42.96024355029525
88be08d569fffff,-34.210124608126335,150.97813980868742,0.0,0.0,0.0,0.0,0.0,0.0,0.0,0.0,2.0,6.0,0.0,2.0,0.0,1.0,0.0,0.0,0.0,1531.897893270478,0.0,0.0,0.0,nothing,0.0,33000.0,0,44.149382170460164
88be08d56bfffff,-34.208992927823246,150.96722704209188,0.0,0.0,0.0,1.0,0.0,0.0,0.0,0.0,1.0,0.0,0.0,0.0,0.0,0.0,0.0,0.0,0.0,7699.375943166844,0.0,0.0,0.0,nothing,0.0,33000.0,0,44.55271408438345
88be08d56dfffff,-34.20286581846964,150.98478079505145,0.0,0.0,0.0,0.0,0.0,0.0,0.0,0.0,0.0,0.0,0.0,7.0,0.0,0.0,0.0,0.0,0.0,0.0,0.0,0.0,0.0,nothing,0.0,33000.0,0,43.146330955737334
88be08d59dfffff,-34.20487527570631,150.85147408643306,0.0,0.0,0.0,0.0,0.0,0.0,0.0,0.0,0.0,1.0,0.0,0.0,0.0,0.0,0.0,0.0,0.0,0.0,0.0,0.0,0.0,nothing,0.0,0.0,0,50.562492164091765
88be08d5c3fffff,-34.21555070909661,150.87755308092088,0.0,0.0,0.0,0.0,0.0,0.0,0.0,0.0,0.0,2.0,0.0,0.0,0.0,0.0,0.0,0.0,0.0,0.0,0.0,0.0,0.0,nothing,0.0,0.0,0,49.905791547322195
88be08d5cdfffff,-34.217828963710325,150.89937570272505,0.0,0.0,0.0,0.0,0.0,0.0,0.0,0.0,0.0,1.0,0.0,0.0,0.0,0.0,0.0,0.0,0.0,164.42151751587218,0.0,0.0,0.0,nothing,0.0,0.0,0,48.869499118415824
88be08d801fffff,-34.06206760668616,151.16096298056027,0.0,0.0,0.0,2.0,0.0,1.0,0.0,0.0,8.0,2.0,0.0,0.0,0.0,0.0,0.0,0.0,0.0,196.16768700598092,0.0,0.0,0.0,nothing,1.0,0.0,0,22.445204753235355
88be08d803fffff,-34.06095303436825,151.15006442567815,0.0,0.0,0.0,4.0,3.0,2.0,0.0,0.0,23.0,9.0,0.0,9.0,0.0,1.0,0.0,2.0,0.0,11216.333779968729,0.0,0.0,0.0,nothing,26.0,0.0,0,22.577435680416595
88be08d807fffff,-34.05368375216961,151.1566802154351,10.0,5.0,0.0,67.0,5.0,6.0,6.0,5.0,57.0,131.0,1.0,7.0,0.0,5.0,0.0,0.0,0.0,25850.844497896458,0.0,0.0,0.0,nothing,44.0,0.0,0,21.63853483892864
88be08d80bfffff,-34.06933711651184,151.1543468652092,0.0,0.0,0.0,10.0,0.0,3.0,0.0,0.0,43.0,2.0,0.0,10.0,0.0,0.0,0.0,0.0,0.0,429.9539562665483,0.0,0.0,0.0,nothing,21.0,0.0,0,23.373457699977692
88be08d811fffff,-34.067105763156135,151.13254866602298,0.0,0.0,0.0,0.0,0.0,1.0,0.0,0.0,3.0,3.0,0.0,4.0,0.0,0.0,0.0,0.0,0.0,284.5572063203629,0.0,0.0,0.0,nothing,3.0,0.0,0,23.71368765902996
88be08d813fffff,-34.065988667024385,151.12165022734874,0.0,0.0,0.0,1.0,0.0,0.0,1.0,0.0,3.0,0.0,0.0,11.0,0.0,0.0,0.0,0.0,0.0,338.32584522471734,0.0,0.0,0.0,nothing,20.0,0.0,0,23.946433188240903
88be08d815fffff,-34.059837515835554,151.13916631035468,0.0,0.0,0.0,3.0,0.0,0.0,1.0,0.0,3.0,1.0,0.0,12.0,0.0,0.0,0.0,0.0,0.0,0.0,0.0,2.0,2.0,11 kW,18.0,0.0,1,22.75409974913438
88be08d817fffff,-34.058721051250195,151.12826863535173,0.0,1.0,0.0,0.0,0.0,0.0,0.0,0.0,3.0,0.0,0.0,14.0,0.0,0.0,0.0,0.0,0.0,1054.6823347721986,0.0,0.0,0.0,nothing,5.0,0.0,0,22.97417003453897
88be08d819fffff,-34.07549038766588,151.13682957499904,0.0,0.0,0.0,0.0,0.0,0.0,0.0,0.0,6.0,1.0,0.0,5.0,0.0,0.0,0.0,0.0,0.0,0.0,0.0,0.0,0.0,nothing,0.0,0.0,0,24.472598330561016
88be08d81bfffff,-34.074373606177126,151.1259299314278,0.0,0.0,0.0,1.0,0.0,0.0,0.0,0.0,2.0,3.0,0.0,0.0,0.0,0.0,0.0,0.0,0.0,663.2270288026474,0.0,0.0,0.0,nothing,0.0,0.0,0,24.677419999650017
88be08d81dfffff,-34.06822191303938,151.14344754556382,0.0,0.0,0.0,1.0,0.0,0.0,0.0,0.0,5.0,2.0,0.0,4.0,0.0,0.0,0.0,0.0,0.0,63.283752635664186,0.0,0.0,0.0,nothing,3.0,0.0,0,23.522356183483527
88be08d821fffff,-34.03914397925842,151.16990852424937,1.0,0.0,0.0,2.0,0.0,1.0,0.0,0.0,1.0,1.0,0.0,0.0,0.0,0.0,0.0,0.0,0.0,63.904842792381096,0.0,0.0,0.0,nothing,0.0,0.0,0,19.7822190305123
88be08d823fffff,-34.038030353247116,151.15901270269768,2.0,1.0,0.0,8.0,0.0,1.0,0.0,0.0,8.0,4.0,0.0,6.0,0.0,0.0,0.0,0.0,0.0,12325.559287451566,0.0,4.0,0.0,nothing,22.0,132000.0,1,19.906193256599227
88be08d825fffff,-34.03187348958023,151.17652104349315,0.0,0.0,0.0,0.0,0.0,0.0,0.0,0.0,0.0,4.0,0.0,0.0,0.0,0.0,0.0,0.0,0.0,2440.9666128640674,0.0,3.0,0.0,nothing,0.0,132000.0,1,18.866920056078282
88be08d827fffff,-34.030760493899116,151.16562598690473,0.0,1.0,0.0,0.0,0.0,0.0,0.0,0.0,0.0,7.0,0.0,4.0,0.0,0.0,0.0,0.0,0.0,0.0,0.0,4.0,0.0,nothing,3.0,132000.0,1,18.9697538089272
88be08d82bfffff,-34.046414066960615,151.16329491492777,4.0,0.0,0.0,6.0,0.0,5.0,0.0,0.0,18.0,3.0,0.0,0.0,0.0,0.0,0.0,0.0,0.0,7300.226192363071,0.0,0.0,0.0,nothing,3.0,0.0,0,20.706473401123617
88be08d831fffff,-34.04418460810656,151.14150218149948,3.0,2.0,0.0,4.0,0.0,0.0,2.0,0.0,7.0,2.0,0.0,17.0,0.0,1.0,0.0,0.0,0.0,15873.388787422587,0.0,13.0,0.0,nothing,36.0,132000.0,1,21.040736878812435
88be08d833fffff,-34.043068460350504,151.13060647439053,1.0,1.0,0.0,2.0,1.0,0.0,0.0,0.0,9.0,7.0,0.0,26.0,0.0,0.0,0.0,0.0,0.0,14494.883281037572,7704.674418604651,0.0,0.0,nothing,33.0,0.0,0,21.278449155946888
88be08d835fffff,-34.036915781771235,151.14811731982977,0.0,3.0,0.0,0.0,0.0,0.0,2.0,0.0,1.0,1.0,0.0,0.0,0.0,0.0,0.0,0.0,0.0,15873.388787422587,0.0,7.0,0.0,nothing,10.0,132000.0,1,20.080636798981832
88be08d837fffff,-34.03580026499262,151.137222376407,2.0,4.0,0.0,3.0,1.0,0.0,0.0,0.0,7.0,7.0,0.0,4.0,0.0,0.0,0.0,0.0,0.0,31427.956248529055,0.0,7.0,0.0,nothing,11.0,132000.0,1,20.304246716385887
88be08d839fffff,-34.05256886473246,151.14578286451572,0.0,1.0,0.0,2.0,0.0,0.0,0.0,0.0,6.0,7.0,0.0,13.0,0.0,1.0,0.0,0.0,0.0,7656.514920240814,0.0,13.0,0.0,nothing,40.0,132000.0,1,21.79920442449061
88be08d83bfffff,-34.05145303143858,151.13488595337105,1.0,0.0,0.0,1.0,0.0,0.0,0.0,0.0,6.0,2.0,0.0,12.0,0.0,0.0,0.0,0.0,0.0,0.0,0.0,0.0,0.0,nothing,25.0,0.0,0,22.0054415679914
88be08d83dfffff,-34.045299810363936,151.15239832859905,0.0,0.0,0.0,3.0,0.0,0.0,1.0,0.0,2.0,4.0,0.0,33.0,0.0,1.0,0.0,0.0,0.0,10992.567433504388,0.0,0.0,0.0,nothing,38.0,0.0,0,20.84964731381315
88be08d843fffff,-34.07883505184338,151.16953114656744,0.0,0.0,0.0,0.0,0.0,0.0,0.0,0.0,1.0,15.0,0.0,0.0,0.0,0.0,0.0,0.0,0.0,0.0,0.0,0.0,0.0,nothing,0.0,0.0,0,24.104716597187
88be08d84bfffff,-34.08721864147968,151.1738165478944,0.0,0.0,0.0,0.0,0.0,0.0,0.0,0.0,0.0,1.0,0.0,0.0,0.0,0.0,0.0,0.0,0.0,0.0,0.0,0.0,0.0,nothing,0.0,0.0,0,24.954490231020493
88be08d851fffff,-34.08499044385912,151.1520126515487,0.0,1.0,0.0,11.0,2.0,4.0,2.0,1.0,30.0,37.0,0.0,8.0,0.0,4.0,0.0,2.0,0.0,5238.243259633373,0.0,0.0,0.0,nothing,6.0,0.0,0,25.11042770263606
88be08d853fffff,-34.08387492427733,151.14111136250247,0.0,2.0,0.0,6.0,0.0,1.0,1.0,0.0,7.0,12.0,0.0,2.0,0.0,0.0,0.0,1.0,0.0,13289.531370242004,0.0,0.0,0.0,nothing,0.0,0.0,0,25.249154435424025
88be08d855fffff,-34.0777211106611,151.15863018333127,0.0,0.0,0.0,0.0,0.0,0.0,0.0,0.0,0.0,1.0,0.0,1.0,0.0,0.0,0.0,0.0,0.0,0.0,0.0,0.0,0.0,nothing,1.0,0.0,0,24.185514948830836
88be08d857fffff,-34.076606222547944,151.14772965922097,0.0,0.0,0.0,0.0,0.0,0.0,0.0,0.0,3.0,3.0,0.0,0.0,0.0,0.0,0.0,0.0,0.0,1944.566127687446,0.0,0.0,0.0,nothing,1.0,0.0,0,24.308353807811702
88be08d859fffff,-34.09337457647074,151.15629652276957,0.0,0.0,0.0,1.0,0.0,0.0,0.0,0.0,1.0,6.0,0.0,1.0,0.0,0.0,0.0,0.0,0.0,312.32439559262764,0.0,0.0,0.0,nothing,0.0,0.0,0,25.92708688706576
88be08d881fffff,-34.054245735632556,151.0846823537773,0.0,0.0,1.0,1.0,0.0,0.0,0.0,0.0,4.0,4.0,0.0,7.0,0.0,0.0,0.0,0.0,0.0,0.0,0.0,0.0,0.0,nothing,2.0,0.0,0,24.26137351057099
88be08d883fffff,-34.05312454322374,151.07378689179936,0.0,0.0,0.0,2.0,0.0,0.0,0.0,0.0,2.0,5.0,0.0,8.0,0.0,0.0,0.0,0.0,0.0,0.0,0.0,0.0,0.0,nothing,1.0,0.0,0,24.676937439724007
88be08d885fffff,-34.04698024294281,151.09130272176958,0.0,0.0,0.0,3.0,0.0,0.0,0.0,0.0,3.0,3.0,0.0,6.0,0.0,0.0,0.0,0.0,0.0,1113.0147373470668,0.0,0.0,0.0,nothing,6.0,0.0,0,23.25778324205034
88be08d887fffff,-34.04585968280262,151.08040802091932,0.0,0.0,0.0,1.0,0.0,0.0,0.0,0.0,1.0,1.0,0.0,12.0,0.0,0.0,0.0,0.0,0.0,1126.1407745171296,0.0,0.0,0.0,nothing,16.0,0.0,0,23.66922898862593
88be08d889fffff,-34.062631702764456,151.08895756414285,0.0,1.0,0.0,1.0,0.0,0.0,0.0,0.0,2.0,0.0,0.0,4.0,0.0,0.0,0.0,0.0,0.0,0.0,0.0,0.0,0.0,nothing,0.0,0.0,0,24.88048314917496
88be08d88bfffff,-34.06151082326619,151.0780608965514,0.0,0.0,0.0,4.0,0.0,0.0,0.0,0.0,2.0,6.0,0.0,10.0,0.0,0.0,0.0,0.0,0.0,7969.174528426361,0.0,0.0,0.0,nothing,4.0,0.0,0,25.26558890495177
88be08d88dfffff,-34.05536598280276,151.0955782598826,0.0,0.0,0.0,0.0,0.0,0.0,0.0,0.0,0.0,0.0,0.0,3.0,0.0,0.0,0.0,0.0,0.0,0.0,0.0,0.0,0.0,nothing,0.0,0.0,0,23.881620150266446
88be08d891fffff,-34.059266228132564,151.05626889615095,0.0,4.0,0.0,1.0,0.0,0.0,12.0,0.0,8.0,14.0,0.0,1.0,0.0,0.0,0.0,0.0,0.0,0.0,0.0,0.0,0.0,nothing,0.0,0.0,0,26.13687901903022
88be08d893fffff,-34.0581425128248,151.0453735648636,0.0,0.0,0.0,0.0,0.0,0.0,0.0,0.0,0.0,2.0,0.0,1.0,0.0,0.0,0.0,0.0,0.0,0.0,25295.714285714286,0.0,0.0,nothing,1.0,0.0,0,26.619751765077492
88be08d895fffff,-34.05200240573985,151.06289187470955,0.0,0.0,0.0,0.0,0.0,0.0,0.0,0.0,0.0,3.0,0.0,0.0,0.0,0.0,0.0,0.0,0.0,0.0,0.0,0.0,0.0,nothing,0.0,0.0,0,25.126533401471878
88be08d897fffff,-34.050879323344624,151.05199730326845,0.0,0.0,0.0,0.0,0.0,0.0,0.0,0.0,1.0,4.0,0.0,6.0,0.0,0.0,0.0,0.0,0.0,7519.180126519634,0.0,0.0,0.0,nothing,7.0,0.0,0,25.608367221306196
88be08d899fffff,-34.067653047617625,151.0605413663309,0.0,1.0,0.0,3.0,0.0,1.0,3.0,0.0,8.0,10.0,0.0,0.0,0.0,0.0,1.0,0.0,0.0,2584.488634387492,0.0,0.0,0.0,nothing,0.0,0.0,0,26.693195402975757
88be08d89bfffff,-34.06652964444371,151.04964482864352,0.0,0.0,0.0,0.0,0.0,0.0,0.0,0.0,0.0,1.0,0.0,0.0,0.0,0.0,0.0,0.0,0.0,0.0,0.0,0.0,0.0,nothing,0.0,0.0,0,27.147302997368584
88be08d89dfffff,-34.060388998334325,151.06716467363378,0.0,0.0,0.0,0.0,0.0,0.0,0.0,0.0,4.0,8.0,0.0,0.0,0.0,0.0,0.0,0.0,0.0,0.0,0.0,0.0,0.0,nothing,1.0,0.0,0,25.68493749293269
88be08d8a1fffff,-34.031328748095966,151.09364701238988,0.0,4.0,2.0,2.0,0.0,0.0,0.0,0.0,4.0,6.0,0.0,15.0,0.0,0.0,0.0,0.0,0.0,8850.64732393665,6839.644599303136,0.0,0.0,nothing,44.0,0.0,0,21.65485317361092
88be08d8a3fffff,-34.03020850723954,151.08275427760793,1.0,14.0,0.0,4.0,1.0,0.0,2.0,1.0,5.0,18.0,0.0,11.0,0.0,3.0,0.0,0.0,1.0,32945.07234562075,0.0,2.0,0.0,nothing,76.0,132000.0,1,22.096082784320316
88be08d8a5fffff,-34.02406267484407,151.10026487492436,0.0,2.0,0.0,2.0,1.0,0.0,0.0,0.0,0.0,3.0,0.0,9.0,0.0,1.0,0.0,0.0,0.0,12589.078031536315,0.0,4.0,0.0,nothing,24.0,132000.0,1,20.64828916188636
88be08d8a7fffff,-34.02294306568791,151.0893729012874,0.0,4.0,0.0,2.0,0.0,0.0,0.0,0.0,9.0,15.0,0.0,7.0,0.0,1.0,0.0,0.0,0.0,12267.722125919403,26643.516129032258,4.0,0.0,nothing,27.0,132000.0,1,21.08617774649271
88be08d8a9fffff,-34.0397143457138,151.09792200062023,1.0,5.0,0.0,2.0,2.0,0.0,0.0,1.0,13.0,7.0,0.0,10.0,0.0,2.0,0.0,0.0,0.0,16970.9128431164,0.0,0.0,0.0,nothing,39.0,0.0,0,22.254903508438947
88be08d8abfffff,-34.03859441758777,151.08702806108553,0.0,2.0,0.0,2.0,2.0,0.0,0.0,1.0,13.0,6.0,0.0,16.0,1.0,0.0,0.0,0.0,0.0,6020.040144859629,0.0,0.0,0.0,nothing,44.0,0.0,0,22.661851867613013
88be08d8adfffff,-34.03244804446238,151.10454019042135,2.0,8.0,0.0,5.0,2.0,0.0,0.0,0.0,12.0,33.0,0.0,23.0,0.0,4.0,0.0,0.0,0.0,22149.589842891524,0.0,2.0,2.0,22 kW,79.0,0.0,1,21.2528357643347
88be08d8b1fffff,-34.03635172744371,151.06524151416303,1.0,4.0,1.0,9.0,2.0,0.0,0.0,0.0,17.0,20.0,0.0,5.0,0.0,2.0,0.0,0.0,0.0,9279.621145388475,0.0,1.0,1.0,22 kW,51.0,0.0,1,23.58560203783884
88be08d8b3fffff,-34.03522896575275,151.05434890829585,2.0,11.0,0.0,17.0,0.0,0.0,2.0,0.0,8.0,13.0,0.0,11.0,0.0,0.0,0.0,0.0,0.0,48685.28259030384,0.0,0.0,0.0,nothing,78.0,0.0,0,24.098189463850158
88be08d8b5fffff,-34.029087322056355,151.07186198683578,5.0,12.0,1.0,18.0,3.0,0.0,2.0,0.0,25.0,46.0,0.0,20.0,0.0,1.0,0.0,0.0,0.0,33924.10640507133,30369.333333333332,0.0,0.0,nothing,93.0,33000.0,0,22.57422341910863
88be08d8b7fffff,-34.02796519270988,151.06097014083358,3.0,2.0,2.0,17.0,0.0,0.0,1.0,2.0,7.0,17.0,0.0,10.0,0.0,5.0,0.0,0.0,0.0,36378.88614307577,0.0,1.0,2.0,kW,89.0,0.0,1,23.086979899480944
88be08d8b9fffff,-34.044738177782286,151.06951376441077,0.0,0.0,0.0,2.0,0.0,0.0,0.0,0.0,2.0,1.0,0.0,0.0,0.0,0.0,0.0,0.0,0.0,3705.6868663449445,0.0,0.0,0.0,nothing,3.0,0.0,0,24.116276784095838
88be08d8bbfffff,-34.043615728045374,151.05861995300444,0.0,0.0,0.0,6.0,0.0,0.0,0.0,0.0,0.0,5.0,0.0,0.0,0.0,0.0,0.0,0.0,0.0,5425.900358744185,21590.444444444445,0.0,0.0,nothing,1.0,0.0,0,24.59698366836987
88be08d8bdfffff,-34.037473544776596,151.07613456534634,3.0,3.0,0.0,6.0,4.0,0.0,3.0,0.0,36.0,25.0,0.0,11.0,2.0,3.0,0.0,0.0,0.0,7608.887499753187,0.0,2.0,4.0,22 kW,37.0,0.0,1,23.106121657152123
88be08d8c1fffff,-34.07213720402957,151.10413196928573,0.0,0.0,0.0,0.0,0.0,2.0,0.0,0.0,0.0,0.0,0.0,0.0,0.0,0.0,0.0,0.0,0.0,978.9513747140618,0.0,0.0,0.0,nothing,0.0,0.0,0,25.204635182418063
88be08d8c5fffff,-34.06487062480665,151.1107522303029,0.0,0.0,0.0,0.0,0.0,1.0,0.0,0.0,0.0,0.0,0.0,0.0,0.0,0.0,0.0,0.0,0.0,0.0,0.0,0.0,0.0,nothing,0.0,0.0,0,24.219397016470708
88be08d8cbfffff,-34.07940337792635,151.0975106182872,0.0,0.0,0.0,0.0,0.0,0.0,0.0,0.0,0.0,3.0,0.0,0.0,0.0,0.0,0.0,0.0,0.0,0.0,0.0,0.0,0.0,nothing,0.0,0.0,0,26.191870962665163
88be08d8cdfffff,-34.07325587824413,151.11503072926936,0.0,0.0,0.0,0.0,0.0,0.0,0.0,0.0,3.0,0.0,0.0,7.0,0.0,0.0,0.0,0.0,0.0,186.44328485709872,0.0,0.0,0.0,nothing,2.0,0.0,0,24.921816601001307
88be08d8d3fffff,-34.07603978129792,151.064814714031,0.0,0.0,0.0,0.0,0.0,0.0,0.0,0.0,0.0,1.0,0.0,0.0,0.0,0.0,0.0,0.0,0.0,0.0,0.0,0.0,0.0,nothing,0.0,0.0,0,27.27561607050498
88be08d8dbfffff,-34.0844264286715,151.06908893947409,0.0,0.0,0.0,0.0,0.0,0.0,0.0,0.0,0.0,3.0,0.0,0.0,0.0,0.0,0.0,0.0,0.0,0.0,0.0,0.0,0.0,nothing,0.0,0.0,0,27.882506172205456
88be08d8ddfffff,-34.078283125146314,151.08661153903645,0.0,0.0,0.0,0.0,0.0,0.0,0.0,0.0,0.0,1.0,0.0,0.0,0.0,0.0,0.0,0.0,0.0,0.0,0.0,0.0,0.0,nothing,0.0,0.0,0,26.51932487765631
88be08d8e1fffff,-34.04921852792956,151.11309345345228,0.0,0.0,0.0,0.0,0.0,0.0,0.0,1.0,2.0,1.0,0.0,9.0,0.0,0.0,0.0,0.0,0.0,0.0,0.0,0.0,0.0,nothing,15.0,0.0,0,22.54933390462922
88be08d8e3fffff,-34.04809985803949,151.10219786620084,0.0,0.0,0.0,2.0,0.0,0.0,0.0,0.0,4.0,1.0,0.0,9.0,0.0,0.0,0.0,0.0,0.0,2144.9575727637816,0.0,0.0,0.0,nothing,20.0,0.0,0,22.883861945829224
88be08d8e5fffff,-34.04195136725799,151.1197112080336,6.0,8.0,1.0,22.0,6.0,1.0,3.0,0.0,97.0,39.0,0.0,27.0,0.0,6.0,0.0,0.0,0.0,51062.69842535825,0.0,0.0,0.0,nothing,73.0,0.0,0,21.56124010409219
88be08d8e7fffff,-34.04083332899152,151.10881638318986,0.0,2.0,0.0,14.0,0.0,0.0,2.0,0.0,20.0,16.0,0.0,9.0,0.0,0.0,0.0,0.0,0.0,12705.427957909555,0.0,0.0,0.0,nothing,29.0,0.0,0,21.887360473650915
88be08d8e9fffff,-34.057603640774516,151.11737140143106,0.0,1.0,0.0,0.0,0.0,0.0,0.0,0.0,1.0,1.0,0.0,25.0,0.0,0.0,0.0,0.0,0.0,0.0,0.0,0.0,0.0,nothing,19.0,0.0,0,23.236411373722344
88be08d8ebfffff,-34.0564852845711,151.10647460935422,0.0,0.0,0.0,1.0,0.0,0.0,0.0,0.0,9.0,1.0,0.0,7.0,0.0,0.0,0.0,0.0,0.0,0.0,0.0,0.0,0.0,nothing,0.0,0.0,0,23.539412497322612
88be08d8edfffff,-34.05033625245014,151.12398948276277,1.0,2.0,0.0,1.0,1.0,0.0,1.0,0.0,16.0,1.0,0.0,8.0,0.0,0.0,0.0,0.0,0.0,5368.873240854196,0.0,0.0,0.0,nothing,23.0,0.0,0,22.255977553124293
88be08d901fffff,-34.011169775243836,151.20724525801856,0.0,0.0,0.0,0.0,1.0,1.0,0.0,0.0,1.0,7.0,0.0,10.0,0.0,1.0,0.0,0.0,0.0,1663.6171638279552,0.0,1.0,0.0,nothing,11.0,132000.0,1,16.228540793617782
88be08d903fffff,-34.01005961386187,151.19635206169204,1.0,0.0,0.0,5.0,0.0,1.0,0.0,0.0,8.0,11.0,0.0,4.0,0.0,0.0,0.0,0.0,0.0,8772.4915168126,0.0,0.0,0.0,nothing,6.0,0.0,0,16.189887832211255
88be08d905fffff,-34.00389705372174,151.21385265163545,0.0,0.0,0.0,1.0,0.0,1.0,0.0,0.0,1.0,5.0,0.0,2.0,0.0,0.0,0.0,2.0,0.0,2912.871270625808,0.0,0.0,0.0,nothing,5.0,132000.0,0,15.401472386342459
88be08d909fffff,-34.019551942666496,151.2115311724304,0.0,0.0,0.0,0.0,0.0,0.0,0.0,0.0,0.0,0.0,0.0,0.0,0.0,0.0,0.0,0.0,0.0,1248.3553290320851,0.0,0.0,0.0,nothing,0.0,0.0,0,17.14208519215942
88be08d90bfffff,-34.018442097114395,151.20063677451265,0.0,0.0,0.0,0.0,0.0,0.0,0.0,0.0,0.0,5.0,0.0,4.0,0.0,0.0,0.0,0.0,0.0,2883.7417054156895,0.0,4.0,0.0,nothing,4.0,132000.0,1,17.07548626387533
88be08d90dfffff,-34.012278991625074,151.21813888932684,0.0,0.0,0.0,1.0,0.0,0.0,0.0,0.0,0.0,0.0,0.0,4.0,0.0,0.0,0.0,0.0,0.0,0.0,0.0,0.0,0.0,nothing,0.0,0.0,0,16.33015750880289
88be08d915fffff,-34.008948507639886,151.1854593011087,0.0,0.0,0.0,0.0,0.0,0.0,0.0,0.0,0.0,2.0,0.0,0.0,0.0,0.0,0.0,0.0,0.0,0.0,0.0,0.0,0.0,nothing,0.0,0.0,0,16.21464625576105
88be08d919fffff,-34.024602598443245,151.18313247275253,0.0,1.0,0.0,0.0,0.0,0.0,0.0,0.0,3.0,3.0,0.0,4.0,0.0,0.0,0.0,0.0,0.0,3164.3573424987317,0.0,3.0,0.0,nothing,2.0,132000.0,1,17.961946538191146
88be08d91bfffff,-34.02349023283712,151.1722381813134,0.0,0.0,0.0,0.0,0.0,0.0,0.0,0.0,0.0,0.0,0.0,2.0,0.0,0.0,0.0,0.0,0.0,2440.9666128640674,0.0,0.0,0.0,nothing,0.0,0.0,0,18.041422254336045
88be08d925fffff,-33.98096884995359,151.22277816387611,0.0,0.0,0.0,0.0,0.0,0.0,0.0,0.0,0.0,1.0,0.0,0.0,0.0,0.0,0.0,0.0,0.0,0.0,0.0,0.0,0.0,nothing,0.0,0.0,0,12.869819931128278
88be08d927fffff,-33.97986025943508,151.21188846722848,0.0,0.0,0.0,0.0,0.0,0.0,0.0,0.0,0.0,3.0,0.0,0.0,0.0,0.0,0.0,0.0,0.0,839.9396713690486,0.0,0.0,0.0,nothing,0.0,0.0,0,12.74032398331327
88be08d92dfffff,-33.989350413792316,151.22706416957786,0.0,0.0,0.0,7.0,0.0,0.0,1.0,0.0,13.0,19.0,0.0,0.0,1.0,0.0,0.0,0.0,0.0,5621.167191624575,0.0,1.0,2.0,22 kW,8.0,132000.0,1,13.821166543808049
88be08d941fffff,-34.029042606925536,151.22671399921435,0.0,0.0,0.0,0.0,0.0,0.0,0.0,0.0,0.0,12.0,0.0,0.0,0.0,0.0,0.0,0.0,0.0,0.0,0.0,0.0,0.0,nothing,0.0,0.0,0,18.213718544287058
88be08d943fffff,-34.0279340232179,151.21581796501673,0.0,0.0,0.0,0.0,0.0,0.0,0.0,0.0,0.0,1.0,0.0,0.0,0.0,0.0,0.0,0.0,0.0,0.0,0.0,0.0,0.0,nothing,0.0,0.0,0,18.06597151240192
88be08d945fffff,-34.02176879753566,151.23332127179717,0.0,0.0,0.0,0.0,0.0,0.0,0.0,0.0,0.0,4.0,0.0,0.0,0.0,0.0,0.0,0.0,0.0,0.0,0.0,0.0,0.0,nothing,0.0,0.0,0,17.45208683592346
88be08d94bfffff,-34.03631601639588,151.22010563599943,0.0,0.0,0.0,0.0,0.0,0.0,0.0,0.0,0.0,7.0,0.0,0.0,0.0,0.0,0.0,0.0,0.0,0.0,0.0,0.0,0.0,nothing,0.0,0.0,0,18.998692426502398
88be08d953fffff,-34.03298553983155,151.18741653745863,0.0,0.0,0.0,0.0,0.0,0.0,0.0,0.0,1.0,0.0,0.0,0.0,0.0,0.0,0.0,0.0,0.0,0.0,0.0,0.0,0.0,nothing,0.0,0.0,0,18.81820973385805
88be08d955fffff,-34.02682449379456,151.20492236536592,0.0,0.0,0.0,0.0,0.0,0.0,0.0,0.0,0.0,0.0,0.0,0.0,0.0,0.0,0.0,0.0,0.0,53660.69146726294,0.0,0.0,0.0,nothing,3.0,0.0,0,17.9742772273653
88be08d957fffff,-34.02571401881607,151.19402720102394,0.0,0.0,0.0,0.0,0.0,0.0,0.0,0.0,0.0,0.0,0.0,4.0,0.0,0.0,0.0,0.0,0.0,16131.476919099412,0.0,4.0,0.0,nothing,10.0,132000.0,1,17.93949282583772
88be08d95dfffff,-34.035206803400236,151.20920883447377,0.0,0.0,0.0,0.0,0.0,0.0,0.0,0.0,0.0,1.0,0.0,0.0,0.0,0.0,0.0,0.0,0.0,1715.4546006393941,0.0,0.0,0.0,nothing,0.0,0.0,0,18.88437852013699
88be08d963fffff,-34.00500564118766,151.22474551614923,0.0,1.0,0.0,1.0,0.0,0.0,0.0,0.0,1.0,23.0,0.0,0.0,0.0,0.0,1.0,0.0,0.0,5403.834179338111,0.0,0.0,0.0,nothing,6.0,0.0,0,15.541671519256548
88be08d965fffff,-33.998838905911015,151.24224358365856,0.0,0.0,0.0,0.0,0.0,0.0,0.0,0.0,3.0,10.0,0.0,0.0,0.0,0.0,0.0,0.0,0.0,0.0,0.0,0.0,0.0,nothing,1.0,0.0,0,15.029410676088808
88be08d96bfffff,-34.013387262845114,151.22903295485528,0.0,1.0,0.0,0.0,0.0,0.0,0.0,0.0,4.0,20.0,0.0,0.0,0.0,0.0,0.0,0.0,0.0,5604.106020735572,0.0,0.0,0.0,nothing,0.0,0.0,0,16.49357686419419
88be08d981fffff,-34.0033788095707,151.13100206097545,4.0,0.0,0.0,5.0,0.0,0.0,0.0,0.0,41.0,16.0,0.0,15.0,0.0,1.0,0.0,0.0,0.0,14681.007268002877,0.0,0.0,0.0,nothing,20.0,0.0,0,17.255533408543467
88be08d983fffff,-34.00226203769648,151.12011193083003,0.0,0.0,0.0,2.0,0.0,0.0,0.0,0.0,7.0,10.0,0.0,0.0,0.0,1.0,0.0,0.0,0.0,8142.400321591819,0.0,0.0,0.0,nothing,7.0,0.0,0,17.631959753303544
88be08d985fffff,-33.99611049596099,151.13761480691338,0.0,0.0,0.0,2.0,1.0,0.0,1.0,1.0,3.0,1.0,0.0,14.0,0.0,0.0,0.0,0.0,0.0,659.6255684048314,0.0,0.0,0.0,nothing,37.0,0.0,0,16.25996664312176
88be08d987fffff,-33.994994354572995,151.12672543920684,0.0,0.0,0.0,0.0,0.0,0.0,0.0,0.0,0.0,4.0,0.0,8.0,0.0,0.0,0.0,0.0,0.0,130.185112379132,0.0,0.0,0.0,nothing,17.0,0.0,0,16.627979929735858
88be08d98bfffff,-34.01064672174265,151.12438822644978,0.0,1.0,0.0,1.0,0.0,0.0,0.0,0.0,3.0,1.0,0.0,1.0,0.0,0.0,0.0,0.0,0.0,0.0,23985.560975609755,0.0,0.0,nothing,0.0,0.0,0,18.252851243734682
88be08d98dfffff,-34.00449463757403,151.14189263142848,0.0,0.0,0.0,1.0,0.0,0.0,0.0,0.0,7.0,1.0,0.0,4.0,0.0,0.0,0.0,0.0,0.0,659.6255684048314,0.0,0.0,0.0,nothing,1.0,0.0,0,16.931499903255055
88be08d991fffff,-34.00841097260816,151.10260688326755,1.0,1.0,1.0,3.0,1.0,0.0,0.0,1.0,2.0,8.0,0.0,8.0,0.0,1.0,0.0,0.0,0.0,248.78155859819393,0.0,1.0,1.0,kW,33.0,33000.0,1,19.06685805510333
88be08d993fffff,-34.007291682347564,151.09171687485573,0.0,0.0,0.0,0.0,0.0,0.0,0.0,0.0,1.0,3.0,0.0,1.0,0.0,0.0,0.0,0.0,0.0,0.0,0.0,0.0,0.0,nothing,6.0,0.0,0,19.540119752630986
88be08d995fffff,-34.001144322113724,151.10922224175235,0.0,0.0,0.0,0.0,0.0,0.0,0.0,0.0,4.0,1.0,0.0,2.0,0.0,0.0,0.0,0.0,0.0,0.0,0.0,0.0,0.0,nothing,1.0,0.0,0,18.057500226356623
88be08d997fffff,-34.00002566298499,151.09833299450227,0.0,0.0,0.0,0.0,0.0,0.0,0.0,0.0,1.0,1.0,0.0,0.0,0.0,0.0,0.0,0.0,0.0,0.0,0.0,0.0,0.0,nothing,0.0,0.0,0,18.528768785718203
88be08d999fffff,-34.016796198348935,151.10688164878113,1.0,0.0,0.0,3.0,0.0,0.0,0.0,0.0,10.0,4.0,0.0,21.0,0.0,0.0,0.0,0.0,0.0,1018.117386225844,0.0,0.0,0.0,nothing,27.0,0.0,0,19.64222758186665
88be08d99bfffff,-34.01567722063851,151.09599043647663,0.0,0.0,0.0,0.0,0.0,0.0,0.0,0.0,0.0,3.0,0.0,5.0,0.0,0.0,0.0,0.0,0.0,0.0,0.0,0.0,0.0,nothing,12.0,0.0,0,20.076427649325556
88be08d99dfffff,-34.00952931912744,151.11349733405225,0.0,0.0,0.0,3.0,0.0,0.0,1.0,0.0,10.0,1.0,0.0,11.0,0.0,0.0,0.0,0.0,0.0,1506.1093371103589,0.0,0.0,0.0,nothing,8.0,0.0,0,18.636750763885757
88be08d9a1fffff,-33.980457785316254,151.13994919112724,0.0,0.0,0.0,0.0,0.0,0.0,0.0,1.0,6.0,1.0,0.0,10.0,1.0,0.0,0.0,0.0,0.0,5313.622275662351,0.0,0.0,0.0,nothing,38.0,0.0,0,14.623126770653624
88be08d9a3fffff,-33.979341961014725,151.12906178829164,0.0,0.0,0.0,2.0,0.0,0.0,0.0,0.0,7.0,4.0,0.0,11.0,0.0,0.0,0.0,0.0,0.0,22414.793479829215,0.0,0.0,0.0,nothing,31.0,0.0,0,15.031135561071373
88be08d9a5fffff,-33.973188900216975,151.14655943485596,0.0,0.0,0.0,4.0,0.0,0.0,0.0,0.0,11.0,8.0,0.0,9.0,0.0,0.0,0.0,0.0,0.0,6778.218284113199,19689.0,0.0,0.0,nothing,39.0,132000.0,0,13.622713121293023
88be08d9a7fffff,-33.97207370583291,151.13567279447412,0.0,6.0,0.0,3.0,0.0,0.0,0.0,0.0,11.0,12.0,1.0,16.0,0.0,0.0,3.0,0.0,0.0,17746.058185563375,28662.777777777777,0.0,0.0,nothing,59.0,132000.0,0,14.02312592001488
88be08d9a9fffff,-33.98884178143054,151.14422646435614,2.0,1.0,0.0,10.0,0.0,0.0,1.0,0.0,4.0,7.0,0.0,9.0,0.0,1.0,0.0,0.0,0.0,24394.62412481255,0.0,0.0,0.0,nothing,66.0,0.0,0,15.266494653932648
88be08d9abfffff,-33.98772627027393,151.13333785927506,0.0,0.0,0.0,4.0,0.0,1.0,0.0,0.0,11.0,18.0,0.0,8.0,0.0,1.0,0.0,0.0,0.0,5150.433139000579,0.0,0.0,0.0,nothing,48.0,0.0,0,15.624968770304056
88be08d9adfffff,-33.98157266649636,151.15083703339647,0.0,0.0,0.0,0.0,0.0,0.0,0.0,0.0,0.0,1.0,0.0,8.0,0.0,0.0,0.0,0.0,0.0,6870.1923690353715,0.0,0.0,0.0,nothing,9.0,0.0,0,14.275555981353781
88be08d9b1fffff,-33.98549241817126,151.11156196980696,1.0,1.0,0.0,2.0,2.0,1.0,0.0,0.0,6.0,6.0,0.0,13.0,0.0,1.0,0.0,0.0,0.0,15647.722351599488,16045.070707070707,0.0,0.0,nothing,39.0,0.0,0,16.506108029533443
88be08d9b3fffff,-33.9843740775499,151.10067468693913,0.0,0.0,0.0,4.0,0.0,1.0,0.0,0.0,3.0,5.0,0.0,1.0,0.0,0.0,0.0,0.0,0.0,6332.36610710455,0.0,0.0,0.0,nothing,16.0,0.0,0,17.02026987911172
88be08d9b5fffff,-33.978225193753836,151.11817482564928,0.0,2.0,0.0,6.0,1.0,3.0,0.0,0.0,3.0,10.0,0.0,5.0,0.0,1.0,0.0,0.0,0.0,4225.770924433565,13819.785714285714,0.0,0.0,nothing,40.0,0.0,0,15.494805864005397
88be08d9b7fffff,-33.977107483695896,151.10728830395954,0.0,3.0,0.0,4.0,3.0,0.0,0.0,1.0,7.0,13.0,1.0,20.0,0.0,4.0,0.0,0.0,0.0,4639.878314657467,0.0,0.0,0.0,nothing,54.0,132000.0,0,16.00929932055297
88be08d9b9fffff,-33.99387726967206,151.1158365120231,0.0,0.0,0.0,3.0,0.0,1.0,0.0,0.0,11.0,12.0,0.0,11.0,0.0,0.0,0.0,0.0,0.0,13035.176967111804,40485.79704797048,0.0,0.0,nothing,16.0,0.0,0,17.048392810018047
88be08d9bbfffff,-33.9927592414206,151.104948026122,0.0,0.0,0.0,0.0,0.0,0.0,0.0,0.0,3.0,0.0,0.0,8.0,0.0,0.0,0.0,0.0,0.0,4058.649589833714,0.0,0.0,0.0,nothing,4.0,0.0,0,17.517430418805134
88be08d9bdfffff,-33.986609815800094,151.1224496941721,0.0,1.0,0.0,2.0,0.0,0.0,0.0,0.0,4.0,16.0,0.0,19.0,0.0,1.0,0.0,0.0,0.0,8970.644606217464,0.0,0.0,0.0,nothing,19.0,0.0,0,16.039584155219366
88be08d9d1fffff,-34.026299060109174,151.1220501495492,0.0,5.0,1.0,5.0,0.0,0.0,0.0,0.0,11.0,23.0,0.0,15.0,0.0,2.0,0.0,0.0,0.0,25064.991282353156,0.0,5.0,4.0,kW,34.0,132000.0,1,19.898886399492433
88be08d9d3fffff,-34.02518133970544,151.11115729126513,0.0,0.0,0.0,4.0,0.0,0.0,0.0,0.0,11.0,6.0,0.0,7.0,0.0,0.0,0.0,0.0,0.0,19722.62522448643,0.0,4.0,0.0,nothing,16.0,132000.0,1,20.251701444299325
88be08d9d5fffff,-34.01903132130869,151.1286653991044,3.0,2.0,0.0,1.0,0.0,0.0,0.0,0.0,9.0,12.0,0.0,2.0,0.0,0.0,0.0,2.0,0.0,5177.023417404348,0.0,3.0,0.0,nothing,12.0,132000.0,1,18.907392008883814
88be08d9d7fffff,-34.017914231959885,151.1177733032438,0.0,0.0,0.0,2.0,2.0,0.0,1.0,0.0,17.0,16.0,0.0,6.0,0.0,1.0,0.0,0.0,0.0,26768.141046858123,0.0,3.0,0.0,nothing,19.0,132000.0,1,19.251647107058982
88be08d9d9fffff,-34.03468380307337,151.1263278731907,0.0,4.0,1.0,3.0,0.0,0.0,1.0,0.0,10.0,2.0,0.0,10.0,0.0,1.0,0.0,0.0,0.0,16049.671354280625,0.0,0.0,0.0,nothing,35.0,0.0,0,20.575417931525124
88be08d9dbfffff,-34.033566396175765,151.11543381094185,0.0,1.0,0.0,1.0,4.0,0.0,1.0,0.0,2.0,6.0,0.0,12.0,0.0,0.0,1.0,0.0,0.0,28267.521543145293,5318.806866952789,0.0,0.0,nothing,76.0,0.0,0,20.8922964400288
88be08d9ddfffff,-34.02741583589267,151.13294344901607,0.0,0.0,0.0,0.0,0.0,0.0,0.0,0.0,3.0,3.0,0.0,0.0,0.0,0.0,0.0,0.0,0.0,4887.417350491075,0.0,3.0,0.0,nothing,0.0,132000.0,1,19.592211215388176
88be08d9e3fffff,-33.997225693673876,151.14850461438274,0.0,0.0,0.0,4.0,0.0,1.0,0.0,0.0,2.0,1.0,0.0,4.0,0.0,0.0,0.0,0.0,0.0,9111.444936246946,0.0,0.0,0.0,nothing,8.0,0.0,0,15.94798364711147
88be08da33fffff,-34.1017586198806,151.16058127310626,0.0,0.0,0.0,0.0,0.0,0.0,0.0,0.0,0.0,2.0,0.0,0.0,0.0,0.0,0.0,0.0,0.0,0.0,0.0,0.0,0.0,nothing,0.0,0.0,0,26.756996839933013
88be08da87fffff,-34.10456023538402,151.11034678637796,0.0,0.0,0.0,0.0,0.0,0.0,0.0,0.0,0.0,2.0,0.0,2.0,0.0,0.0,0.0,0.0,0.0,1018.6670424788363,0.0,0.0,0.0,nothing,0.0,0.0,0,28.316012086984372
88be08da8dfffff,-34.11406372579188,151.1255316133853,0.0,0.0,0.0,0.0,0.0,0.0,0.0,0.0,0.0,3.0,0.0,0.0,0.0,0.0,0.0,0.0,0.0,0.0,0.0,0.0,0.0,nothing,0.0,0.0,0,28.868200198879897
88be08da95fffff,-34.1107067386925,151.09281990125572,0.0,0.0,0.0,0.0,0.0,0.0,0.0,0.0,0.0,1.0,0.0,0.0,0.0,0.0,0.0,0.0,0.0,0.0,0.0,0.0,0.0,nothing,0.0,0.0,0,29.543973139036247
88be08daa3fffff,-34.088908077252185,151.112689191076,0.0,0.0,0.0,0.0,0.0,0.0,0.0,0.0,0.0,1.0,0.0,2.0,0.0,0.0,0.0,0.0,0.0,0.0,0.0,0.0,0.0,nothing,0.0,0.0,0,26.615512493102184
88be08daa5fffff,-34.082758457730655,151.1302105138909,0.0,1.0,0.0,1.0,0.0,0.0,1.0,0.0,7.0,0.0,0.0,3.0,0.0,0.0,0.0,0.0,0.0,663.2270288026474,0.0,0.0,0.0,nothing,0.0,0.0,0,25.427564784807892
88be08daa7fffff,-34.081641044381485,151.11931010647638,0.0,0.0,0.0,0.0,0.0,0.0,0.0,0.0,0.0,1.0,0.0,4.0,0.0,0.0,0.0,0.0,0.0,0.0,0.0,0.0,0.0,nothing,0.0,0.0,0,25.644828808897415
88be08daadfffff,-34.091143221182875,151.13449197496064,0.0,1.0,0.0,0.0,0.0,0.0,0.0,0.0,0.0,1.0,0.0,0.0,0.0,0.0,0.0,0.0,0.0,0.0,0.0,0.0,0.0,nothing,0.0,0.0,0,26.195222700424157
88be08dab9fffff,-34.103440924924655,151.09944408855813,0.0,0.0,0.0,0.0,0.0,0.0,0.0,0.0,0.0,0.0,0.0,3.0,0.0,0.0,0.0,0.0,0.0,0.0,0.0,0.0,0.0,nothing,0.0,0.0,0,28.565365320911464
88be08dac1fffff,-34.13083371143042,151.1340976239409,0.0,0.0,0.0,0.0,0.0,0.0,0.0,0.0,0.0,1.0,0.0,0.0,0.0,0.0,0.0,0.0,0.0,0.0,0.0,0.0,0.0,nothing,0.0,0.0,0,30.445224002054214
88be08dac3fffff,-34.12971629444916,151.1231908640663,0.0,0.0,0.0,0.0,0.0,0.0,0.0,0.0,0.0,1.0,0.0,0.0,0.0,0.0,0.0,0.0,0.0,0.0,0.0,0.0,0.0,nothing,0.0,0.0,0,30.593511030624903
88be08dac7fffff,-34.122448763618074,151.1298141789462,0.0,0.0,0.0,0.0,0.0,0.0,0.0,0.0,0.0,2.0,0.0,0.0,0.0,0.0,0.0,0.0,0.0,0.0,0.0,0.0,0.0,nothing,0.0,0.0,0,29.64997337386351
88be08dad9fffff,-34.144250133344784,151.10994095894702,0.0,0.0,0.0,0.0,0.0,0.0,0.0,0.0,0.0,6.0,0.0,0.0,0.0,0.0,0.0,0.0,0.0,0.0,0.0,0.0,0.0,nothing,0.0,0.0,0,32.492843920718634
88be08daddfffff,-34.13698341786375,151.11656645743085,0.0,0.0,0.0,1.0,0.0,0.0,0.0,0.0,0.0,25.0,0.0,0.0,0.0,0.0,0.0,0.0,0.0,26378.330750093693,0.0,0.0,0.0,nothing,0.0,0.0,0,31.541257510874953
88be08dae9fffff,-34.11629697791003,151.1473416320372,0.0,0.0,0.0,0.0,0.0,0.0,0.0,0.0,0.0,1.0,0.0,0.0,0.0,0.0,0.0,0.0,0.0,0.0,0.0,0.0,0.0,nothing,0.0,0.0,0,28.589019016181716
88be08daebfffff,-34.11518082588757,151.13643640216344,0.0,0.0,0.0,0.0,0.0,0.0,0.0,0.0,0.0,2.0,0.0,0.0,0.0,0.0,0.0,0.0,0.0,0.0,0.0,0.0,0.0,nothing,0.0,0.0,0,28.711060171976946
88be08daedfffff,-34.10902800170036,151.15396199840353,0.0,0.0,0.0,0.0,0.0,0.0,0.0,0.0,0.0,2.0,0.0,0.0,0.0,0.0,0.0,0.0,0.0,0.0,0.0,0.0,0.0,nothing,0.0,0.0,0,27.66968303046136
88be08db37fffff,-34.04358902542927,151.2134961820582,0.0,0.0,0.0,0.0,0.0,0.0,0.0,0.0,1.0,7.0,0.0,0.0,0.0,0.0,0.0,0.0,0.0,1715.4546006393941,0.0,0.0,0.0,nothing,0.0,0.0,0,19.804232210597135
88be0a9203fffff,-33.51308611677447,151.231240568807,0.0,0.0,0.0,0.0,0.0,0.0,0.0,0.0,0.0,0.0,0.0,0.0,0.0,0.0,0.0,0.0,0.0,0.0,0.0,0.0,0.0,nothing,0.0,66000.0,0,39.064314140724626
88be0a9207fffff,-33.50581145270425,151.23780714908946,0.0,0.0,0.0,0.0,0.0,0.0,0.0,0.0,0.0,1.0,0.0,0.0,0.0,0.0,0.0,0.0,0.0,0.0,0.0,0.0,0.0,nothing,0.0,66000.0,0,39.896310022397415
88be0a920bfffff,-33.52146459094071,151.2355037245712,0.0,0.0,0.0,0.0,0.0,0.0,0.0,0.0,0.0,0.0,0.0,0.0,0.0,0.0,0.0,0.0,0.0,0.0,0.0,0.0,0.0,nothing,0.0,66000.0,0,38.15189800636728
88be0a921bfffff,-33.52652858155984,151.2072730331277,0.0,0.0,0.0,0.0,0.0,0.0,0.0,0.0,0.0,4.0,0.0,1.0,0.0,0.0,0.0,0.0,0.0,6267.753303069725,0.0,0.0,0.0,nothing,0.0,0.0,0,37.55876915846895
88be0a922bfffff,-33.49853641288379,151.24437265204608,0.0,0.0,0.0,0.0,0.0,0.0,0.0,0.0,0.0,0.0,0.0,0.0,0.0,0.0,0.0,0.0,0.0,0.0,0.0,0.0,0.0,nothing,0.0,66000.0,0,40.73643542001917
88be0a9239fffff,-33.50470757977832,151.22697828093382,0.0,0.0,0.0,0.0,0.0,0.0,0.0,0.0,0.0,0.0,0.0,0.0,0.0,0.0,0.0,0.0,0.0,0.0,0.0,0.0,0.0,nothing,0.0,66000.0,0,39.98142070738256
88be0a923dfffff,-33.49743315981802,151.23354454245694,0.0,0.0,0.0,0.0,0.0,0.0,0.0,0.0,0.0,1.0,0.0,0.0,0.0,0.0,0.0,0.0,0.0,0.0,0.0,0.0,0.0,nothing,0.0,0.0,0,40.80716776400845
88be0a9247fffff,-33.523670181887184,151.2571666346685,0.0,0.0,0.0,0.0,0.0,0.0,0.0,0.0,0.0,1.0,0.0,0.0,0.0,0.0,0.0,0.0,0.0,0.0,0.0,0.0,0.0,nothing,0.0,0.0,0,38.05418923029134
88be0a924bfffff,-33.53932399297823,151.25486625591785,0.0,0.0,0.0,0.0,0.0,0.0,0.0,0.0,0.0,2.0,0.0,0.0,0.0,0.0,0.0,0.0,0.0,0.0,0.0,0.0,0.0,nothing,0.0,0.0,0,36.3053574710904
88be0a9251fffff,-33.537117776666,151.23319945291374,0.0,0.0,0.0,0.0,0.0,0.0,0.0,0.0,0.0,2.0,0.0,0.0,0.0,0.0,0.0,0.0,0.0,0.0,0.0,0.0,0.0,nothing,0.0,66000.0,0,36.40793927000648
88be0a9257fffff,-33.52873912238878,151.22893574791598,0.0,0.0,0.0,0.0,0.0,0.0,0.0,0.0,0.0,1.0,0.0,0.0,0.0,0.0,0.0,0.0,0.0,0.0,0.0,0.0,0.0,nothing,0.0,66000.0,0,37.32204656589028
88be0a9259fffff,-33.54549636690868,151.2374640263175,0.0,0.0,0.0,0.0,0.0,0.0,0.0,0.0,0.0,2.0,0.0,0.0,0.0,0.0,0.0,0.0,0.0,0.0,0.0,0.0,0.0,nothing,0.0,0.0,0,35.49903001253158
88be0a925bfffff,-33.54439217424843,151.22663007932388,2.0,0.0,0.0,8.0,1.0,2.0,1.0,0.0,7.0,13.0,0.0,2.0,0.0,1.0,0.0,2.0,0.0,14424.811924064878,0.0,0.0,0.0,nothing,10.0,66000.0,0,35.58045355156599
88be0a925dfffff,-33.53822134878108,151.24403264064424,0.0,0.0,0.0,1.0,0.0,0.0,1.0,0.0,3.0,5.0,0.0,0.0,0.0,1.0,0.0,2.0,0.0,0.0,0.0,0.0,0.0,nothing,0.0,0.0,0,36.34255232291501
88be0a9265fffff,-33.50184061270324,151.27685954052689,0.0,0.0,0.0,0.0,0.0,0.0,0.0,0.0,0.0,1.0,0.0,0.0,0.0,0.0,0.0,0.0,0.0,0.0,0.0,0.0,0.0,nothing,0.0,0.0,0,40.6753301714811
88be0a928dfffff,-33.50755438622567,151.17709673292873,0.0,0.0,0.0,0.0,0.0,0.0,0.0,0.0,1.0,0.0,0.0,0.0,0.0,0.0,0.0,0.0,0.0,0.0,0.0,0.0,0.0,nothing,0.0,0.0,0,39.82098416832779
88be0a92c5fffff,-33.517042283831906,151.19218304602813,0.0,0.0,0.0,0.0,0.0,0.0,0.0,0.0,0.0,0.0,0.0,0.0,0.0,0.0,0.0,0.0,0.0,0.0,0.0,0.0,0.0,nothing,0.0,132000.0,0,38.66671693665495
88be0a92c7fffff,-33.51593439022766,151.18135395193548,0.0,0.0,0.0,0.0,0.0,0.0,1.0,0.0,3.0,0.0,0.0,0.0,0.0,0.0,0.0,2.0,0.0,0.0,0.0,0.0,0.0,nothing,0.0,0.0,0,38.860494084097255
88be0a92cdfffff,-33.525421920436145,151.1964423203651,0.0,0.0,0.0,0.0,0.0,0.0,0.0,0.0,0.0,0.0,0.0,2.0,0.0,0.0,0.0,0.0,0.0,2985.499442730961,0.0,0.0,0.0,nothing,0.0,132000.0,0,37.71744829621332
88be0a92d7fffff,-33.52098600826204,151.15312378431778,0.0,0.0,0.0,0.0,0.0,0.0,0.0,0.0,0.0,1.0,0.0,0.0,0.0,0.0,0.0,0.0,0.0,0.0,0.0,0.0,0.0,nothing,0.0,0.0,0,38.61253752661871
88be0a92d9fffff,-33.537747536765586,151.16163542894708,0.0,0.0,0.0,0.0,0.0,0.0,0.0,0.0,0.0,1.0,0.0,0.0,0.0,0.0,0.0,0.0,0.0,0.0,0.0,0.0,0.0,nothing,0.0,0.0,0,36.65841192887479
88be0a92e1fffff,-33.50139040265721,151.19449424985987,0.0,0.0,0.0,0.0,0.0,0.0,0.0,0.0,0.0,0.0,0.0,0.0,0.0,0.0,0.0,0.0,0.0,0.0,0.0,0.0,0.0,nothing,0.0,132000.0,0,40.38856940445381
88be0a92e7fffff,-33.49301088614639,151.1902363902391,0.0,0.0,0.0,0.0,0.0,0.0,0.0,0.0,0.0,1.0,0.0,0.0,0.0,0.0,0.0,0.0,0.0,0.0,24350.962264150945,0.0,0.0,nothing,0.0,132000.0,0,41.338134806634606
88be0a92e9fffff,-33.50976985773003,151.19875297673624,0.0,0.0,0.0,0.0,0.0,0.0,0.0,0.0,0.0,0.0,0.0,1.0,0.0,0.0,0.0,0.0,0.0,0.0,0.0,0.0,0.0,nothing,0.0,0.0,0,39.44200169806344
88be0a92ebfffff,-33.5086625850859,151.18792463924328,0.0,0.0,0.0,0.0,0.0,0.0,0.0,0.0,0.0,0.0,0.0,0.0,0.0,0.0,0.0,0.0,0.0,0.0,0.0,0.0,0.0,nothing,0.0,132000.0,0,39.61898527374834
88be0a935bfffff,-33.49346348581218,151.27259305845627,0.0,0.0,0.0,0.0,0.0,0.0,0.0,0.0,2.0,1.0,0.0,0.0,0.0,0.0,0.0,0.0,0.0,0.0,0.0,0.0,0.0,nothing,0.0,0.0,0,41.54438247329236
88be0a9411fffff,-33.495834044415986,150.98650480508013,0.0,0.0,0.0,0.0,0.0,0.0,0.0,0.0,0.0,0.0,0.0,0.0,0.0,0.0,0.0,0.0,0.0,0.0,0.0,1.0,0.0,nothing,0.0,330000.0,1,46.17077932546195
88be0a94c1fffff,-33.5008411473064,150.95827694331595,0.0,0.0,0.0,0.0,0.0,0.0,0.0,0.0,0.0,2.0,0.0,0.0,0.0,0.0,0.0,0.0,0.0,1462.3859473931002,0.0,0.0,0.0,nothing,0.0,0.0,0,46.957339327519364
88be0a94d1fffff,-33.50584167200895,150.93004681571026,0.0,0.0,0.0,0.0,0.0,0.0,0.0,0.0,0.0,1.0,0.0,0.0,0.0,0.0,0.0,0.0,0.0,0.0,0.0,0.0,0.0,nothing,0.0,0.0,0,47.881274309084986
88be0a94d5fffff,-33.498584344630025,150.9366361582382,0.0,0.0,0.0,0.0,0.0,0.0,0.0,0.0,0.0,0.0,0.0,0.0,0.0,0.0,0.0,0.0,0.0,0.0,0.0,1.0,0.0,nothing,0.0,500000.0,1,48.2222891279591
88be0a94d9fffff,-33.514228729654384,150.93427805755414,0.0,0.0,0.0,0.0,0.0,0.0,0.0,0.0,0.0,0.0,0.0,0.0,0.0,0.0,0.0,0.0,0.0,0.0,0.0,2.0,0.0,nothing,0.0,500000.0,1,46.88928818544977
88be0a94ddfffff,-33.50697116069412,150.9408677287279,0.0,0.0,0.0,0.0,0.0,0.0,0.0,0.0,0.0,0.0,0.0,0.0,0.0,0.0,0.0,0.0,0.0,0.0,0.0,2.0,0.0,nothing,0.0,500000.0,1,47.226708324707765
88be0a9611fffff,-33.55453049856444,151.01617965393908,0.0,0.0,0.0,0.0,0.0,0.0,0.0,0.0,0.0,0.0,0.0,0.0,0.0,0.0,0.0,0.0,0.0,0.0,0.0,2.0,0.0,nothing,0.0,330000.0,1,39.1266276769759
88be0a9615fffff,-33.54726821193457,151.02276615374714,0.0,0.0,0.0,0.0,0.0,0.0,0.0,0.0,0.0,0.0,0.0,0.0,0.0,0.0,0.0,0.0,0.0,0.0,0.0,2.0,0.0,nothing,0.0,330000.0,1,39.55708837930456
88be0a961bfffff,-33.56179240098248,151.0095920787408,0.0,0.0,0.0,0.0,0.0,0.0,0.0,0.0,0.0,0.0,0.0,0.0,0.0,0.0,0.0,0.0,0.0,0.0,0.0,1.0,0.0,nothing,0.0,330000.0,1,38.717809140563155
88be0a9621fffff,-33.52659899810675,151.05334575689753,0.0,0.0,0.0,0.0,0.0,0.0,0.0,0.0,0.0,0.0,0.0,0.0,0.0,0.0,0.0,0.0,0.0,0.0,0.0,2.0,0.0,nothing,0.0,330000.0,1,40.471536882839
88be0a9625fffff,-33.519334555918455,151.05992720588196,0.0,0.0,0.0,0.0,0.0,0.0,0.0,0.0,0.0,0.0,0.0,0.0,0.0,0.0,0.0,0.0,0.0,0.0,0.0,1.0,0.0,nothing,0.0,330000.0,1,41.00036268051234
88be0a9639fffff,-33.54000554160884,151.0293515782542,0.0,0.0,0.0,0.0,0.0,0.0,0.0,0.0,0.0,0.0,0.0,0.0,0.0,0.0,0.0,0.0,0.0,0.0,0.0,2.0,0.0,nothing,0.0,330000.0,1,40.00849295483376
88be0a963dfffff,-33.532742488103175,151.03593592754962,0.0,0.0,0.0,0.0,0.0,0.0,0.0,0.0,0.0,0.0,0.0,0.0,0.0,0.0,0.0,0.0,0.0,0.0,0.0,3.0,0.0,nothing,0.0,330000.0,1,40.480141010282544
88be0a9641fffff,-33.56739848241234,151.06374802190973,0.0,0.0,0.0,0.0,0.0,0.0,0.0,0.0,0.0,0.0,0.0,0.0,0.0,0.0,0.0,0.0,0.0,0.0,0.0,2.0,0.0,nothing,0.0,330000.0,1,35.92114390665059
88be0a9645fffff,-33.56013345624323,151.07033184559126,0.0,0.0,0.0,0.0,0.0,0.0,0.0,0.0,0.0,0.0,0.0,0.0,0.0,0.0,0.0,0.0,0.0,0.0,0.0,4.0,0.0,nothing,0.0,330000.0,1,36.4321592779203
88be0a9649fffff,-33.57578218544975,151.06799638663833,0.0,0.0,0.0,0.0,0.0,0.0,0.0,0.0,0.0,0.0,0.0,0.0,0.0,0.0,0.0,0.0,0.0,0.0,0.0,1.0,0.0,nothing,0.0,330000.0,1,34.9110721986685
88be0a965dfffff,-33.57354313758909,151.04633029802827,0.0,0.0,0.0,0.0,0.0,0.0,0.0,0.0,0.0,0.0,0.0,0.0,0.0,0.0,0.0,0.0,0.0,705.0486502612133,0.0,0.0,0.0,nothing,0.0,0.0,0,35.973220725189584
88be0a9669fffff,-33.55286804713027,151.07691459295518,0.0,0.0,0.0,0.0,0.0,0.0,0.0,0.0,0.0,0.0,0.0,0.0,0.0,0.0,0.0,0.0,0.0,0.0,0.0,2.0,0.0,nothing,0.0,330000.0,1,36.963794046857366
88be0a966dfffff,-33.54560225558962,151.08349626409162,0.0,0.0,0.0,0.0,0.0,0.0,0.0,0.0,0.0,0.0,0.0,0.0,0.0,0.0,0.0,0.0,0.0,507.6936417017896,0.0,2.0,0.0,nothing,0.0,330000.0,1,37.515171883298954
88be0a9683fffff,-33.54051785983717,150.95780265878753,0.0,0.0,0.0,0.0,0.0,0.0,0.0,0.0,0.0,0.0,0.0,0.0,0.0,0.0,0.0,0.0,0.0,0.0,0.0,3.0,0.0,nothing,0.0,330000.0,1,43.2509077194042
88be0a9687fffff,-33.5332589413646,150.96439256961003,0.0,0.0,0.0,0.0,0.0,0.0,0.0,0.0,0.0,0.0,0.0,0.0,0.0,0.0,0.0,0.0,0.0,0.0,0.0,1.0,0.0,nothing,0.0,330000.0,1,43.59333464767814
88be0a9691fffff,-33.54664747032627,150.9403852413047,0.0,0.0,0.0,0.0,0.0,0.0,0.0,0.0,0.0,0.0,0.0,0.0,0.0,0.0,0.0,0.0,0.0,0.0,0.0,2.0,0.0,nothing,0.0,500000.0,1,43.61355609768141
88be0a9697fffff,-33.53826034211292,150.93615173350034,0.0,0.0,0.0,0.0,0.0,0.0,0.0,0.0,0.0,0.0,0.0,0.0,0.0,0.0,0.0,0.0,0.0,0.0,0.0,1.0,0.0,nothing,0.0,500000.0,1,44.598439258230755
88be0a9699fffff,-33.55503454062299,150.94461961450756,0.0,0.0,0.0,0.0,0.0,0.0,0.0,0.0,0.0,0.0,0.0,0.0,0.0,0.0,0.0,0.0,0.0,0.0,0.0,1.0,0.0,nothing,0.0,500000.0,1,42.62983385958521
88be0a969dfffff,-33.547776393095184,150.95121167378275,0.0,0.0,0.0,0.0,0.0,0.0,0.0,0.0,0.0,0.0,0.0,0.0,0.0,0.0,0.0,0.0,0.0,0.0,0.0,2.0,0.0,nothing,0.0,330000.0,1,42.92958182471897
88be0a96a3fffff,-33.51761353150306,150.9667457203071,0.0,0.0,0.0,0.0,0.0,0.0,0.0,0.0,0.0,0.0,0.0,0.0,0.0,0.0,0.0,0.0,0.0,0.0,0.0,2.0,0.0,nothing,0.0,330000.0,1,44.95627498799893
88be0a96a7fffff,-33.51035408570697,150.97333315551083,0.0,0.0,0.0,0.0,0.0,0.0,0.0,0.0,0.0,0.0,0.0,0.0,0.0,0.0,0.0,0.0,0.0,0.0,0.0,3.0,0.0,nothing,0.0,330000.0,1,45.34216829448178
88be0a96abfffff,-33.52599963819312,150.97098140633855,0.0,0.0,0.0,0.0,0.0,0.0,0.0,0.0,0.0,0.0,0.0,0.0,0.0,0.0,0.0,0.0,0.0,0.0,0.0,2.0,0.0,nothing,0.0,330000.0,1,43.95636971788554
88be0a96b3fffff,-33.52261573108559,150.93851016406444,0.0,0.0,0.0,0.0,0.0,0.0,0.0,0.0,0.0,0.0,0.0,0.0,0.0,0.0,0.0,0.0,0.0,0.0,0.0,2.0,0.0,nothing,0.0,500000.0,1,45.89807169354798
88be0a96bbfffff,-33.53100267580271,150.94274313546,0.0,0.0,0.0,0.0,0.0,0.0,0.0,0.0,0.0,0.0,0.0,0.0,0.0,0.0,0.0,0.0,0.0,0.0,0.0,2.0,0.0,nothing,0.0,500000.0,1,44.90767665018839
88be0a96cdfffff,-33.56066840545708,150.9987622197901,0.0,0.0,0.0,0.0,0.0,0.0,0.0,0.0,0.0,0.0,0.0,0.0,0.0,0.0,0.0,0.0,0.0,0.0,0.0,2.0,0.0,nothing,0.0,330000.0,1,39.33161535506585
88be0a96d3fffff,-33.56342155250311,150.94885485332802,0.0,0.0,0.0,0.0,0.0,0.0,0.0,0.0,0.0,0.0,0.0,0.0,0.0,0.0,0.0,0.0,0.0,0.0,0.0,3.0,0.0,nothing,0.0,330000.0,1,41.64735571181263
88be0a96d7fffff,-33.556163164670664,150.95544724114794,0.0,0.0,0.0,0.0,0.0,0.0,0.0,0.0,0.0,0.0,0.0,0.0,0.0,0.0,0.0,0.0,0.0,0.0,0.0,2.0,0.0,nothing,0.0,330000.0,1,41.94201096308361
88be0a970dfffff,-33.49977107357804,151.10131352450142,0.0,0.0,0.0,0.0,0.0,0.0,0.0,0.0,0.0,0.0,0.0,0.0,0.0,0.0,0.0,0.0,0.0,0.0,0.0,1.0,0.0,nothing,0.0,330000.0,1,41.89929368526688
88be0a9711fffff,-33.50368645260087,151.06226257440508,0.0,0.0,0.0,0.0,0.0,0.0,0.0,0.0,0.0,0.0,0.0,0.0,0.0,0.0,0.0,0.0,0.0,0.0,0.0,2.0,0.0,nothing,0.0,330000.0,1,42.55527985437865
88be0a9715fffff,-33.49642149093544,151.06884154898566,0.0,0.0,0.0,0.0,0.0,0.0,0.0,0.0,0.0,0.0,0.0,0.0,0.0,0.0,0.0,0.0,0.0,0.0,0.0,2.0,0.0,nothing,0.0,330000.0,1,43.11779962350709
88be0a971bfffff,-33.51095103366638,151.05568252506094,0.0,0.0,0.0,0.0,0.0,0.0,0.0,0.0,0.0,0.0,0.0,0.0,0.0,0.0,0.0,0.0,0.0,0.0,0.0,1.0,0.0,nothing,0.0,330000.0,1,42.00958436834745
88be0a9743fffff,-33.51542027775991,151.09898537909584,0.0,0.0,0.0,0.0,0.0,0.0,0.0,0.0,0.0,0.0,0.0,0.0,0.0,0.0,0.0,0.0,0.0,0.0,0.0,2.0,0.0,nothing,0.0,330000.0,1,40.280838023617505
88be0a9747fffff,-33.508153204408565,151.1055624231201,0.0,0.0,0.0,0.0,0.0,0.0,0.0,0.0,0.0,0.0,0.0,0.0,0.0,0.0,0.0,0.0,0.0,0.0,0.0,1.0,0.0,nothing,0.0,330000.0,1,40.90003764511512
88be0a974bfffff,-33.52380259156366,151.10323482103905,0.0,0.0,0.0,1.0,0.0,0.0,0.0,0.0,0.0,2.0,0.0,0.0,0.0,0.0,0.0,0.0,0.0,0.0,0.0,0.0,0.0,nothing,0.0,0.0,0,39.27930408097498
88be0a9751fffff,-33.52157042477771,151.08158013593672,0.0,0.0,0.0,2.0,0.0,0.0,0.0,0.0,0.0,1.0,0.0,0.0,0.0,0.0,0.0,0.0,0.0,0.0,0.0,0.0,0.0,nothing,0.0,0.0,0,40.09787819376442
88be0a975dfffff,-33.52268697101065,151.0924072594802,0.0,0.0,0.0,0.0,0.0,0.0,0.0,0.0,1.0,4.0,0.0,0.0,0.0,0.0,0.0,0.0,0.0,0.0,0.0,2.0,0.0,nothing,0.0,330000.0,1,39.67776469254488
88be0a9763fffff,-33.492503863845506,151.10788917011624,0.0,0.0,0.0,0.0,0.0,0.0,0.0,0.0,0.0,0.0,0.0,0.0,0.0,0.0,0.0,0.0,0.0,0.0,0.0,1.0,0.0,nothing,0.0,330000.0,1,42.53093356103983
88be0ab609fffff,-33.50189974557316,150.51851186511792,0.0,0.0,0.0,1.0,0.0,0.0,0.0,0.0,0.0,0.0,0.0,0.0,0.0,0.0,0.0,0.0,0.0,0.0,0.0,0.0,0.0,nothing,0.0,132000.0,0,76.22635611072589
88be0ab60dfffff,-33.4946664104099,150.52513225550692,0.0,0.0,0.0,0.0,0.0,0.0,1.0,0.0,0.0,2.0,0.0,0.0,0.0,1.0,0.0,0.0,0.0,0.0,0.0,0.0,0.0,nothing,0.0,0.0,0,76.13803467068209
88be0ab645fffff,-33.504228562852965,150.54012909182555,0.0,0.0,0.0,0.0,0.0,0.0,0.0,0.0,0.0,1.0,0.0,0.0,0.0,0.0,0.0,0.0,0.0,0.0,0.0,0.0,0.0,nothing,0.0,132000.0,0,74.39216266795458
88be0ab647fffff,-33.50306461342856,150.52932023993077,0.0,1.0,0.0,1.0,0.0,0.0,0.0,0.0,0.0,1.0,0.0,0.0,0.0,0.0,0.0,0.0,0.0,0.0,0.0,0.0,0.0,nothing,0.0,132000.0,0,75.3080439837607
88be0ab64dfffff,-33.51262643413909,150.5443191378907,0.0,0.0,0.0,0.0,0.0,0.0,0.0,0.0,0.0,0.0,0.0,0.0,0.0,0.0,0.0,0.0,0.0,0.0,0.0,0.0,0.0,nothing,0.0,132000.0,0,73.56325262030457
88be0e2001fffff,-33.74106900536707,151.285766671605,0.0,0.0,0.0,1.0,0.0,0.0,0.0,0.0,6.0,4.0,0.0,14.0,0.0,1.0,0.0,0.0,0.0,10520.83001934847,0.0,0.0,0.0,nothing,28.0,0.0,0,15.178385957601275
88be0e2003fffff,-33.73996759422288,151.27490630737773,0.0,0.0,0.0,0.0,0.0,0.0,0.0,0.0,0.0,0.0,0.0,16.0,0.0,0.0,0.0,0.0,0.0,0.0,0.0,0.0,0.0,nothing,21.0,0.0,0,14.894819876494614
88be0e2005fffff,-33.73379132223522,151.29234674665454,0.0,0.0,0.0,5.0,0.0,0.0,0.0,0.0,0.0,5.0,0.0,11.0,0.0,0.0,0.0,0.0,0.0,6046.77104577371,0.0,0.0,0.0,nothing,19.0,0.0,0,16.169079269795375
88be0e2007fffff,-33.73269053401776,151.28148714752353,0.0,0.0,0.0,2.0,1.0,0.0,0.0,0.0,2.0,11.0,0.0,12.0,0.0,1.0,1.0,0.0,0.0,2719.356207499954,0.0,1.0,1.0,kW,34.0,0.0,1,15.870757496114805
88be0e2009fffff,-33.749447401643124,151.29004706886582,1.0,8.0,0.0,14.0,3.0,0.0,4.0,1.0,11.0,23.0,0.0,20.0,0.0,4.0,0.0,0.0,0.0,16474.504452252368,13117.934426229509,5.0,6.0,"22 kW, 6.6 kW, kW",71.0,0.0,1,14.523342795036308
88be0e200bfffff,-33.7483463033752,151.27918551252654,0.0,1.0,0.0,1.0,0.0,0.0,0.0,0.0,0.0,3.0,0.0,19.0,0.0,1.0,0.0,0.0,0.0,167.4919505286103,0.0,0.0,0.0,nothing,33.0,0.0,0,14.190652579519597
88be0e200dfffff,-33.74216948065029,151.29662746249167,0.0,1.0,0.0,1.0,0.0,0.0,0.0,0.0,0.0,2.0,1.0,4.0,0.0,1.0,0.0,0.0,0.0,0.0,0.0,0.0,0.0,nothing,10.0,0.0,0,15.523102317661406
88be0e2011fffff,-33.746141298821115,151.257463682196,0.0,1.0,0.0,0.0,0.0,0.0,0.0,0.0,1.0,0.0,0.0,0.0,0.0,0.0,0.0,0.0,0.0,2204.2012853204296,0.0,0.0,0.0,nothing,6.0,0.0,0,13.727177082903806
88be0e2013fffff,-33.74503739285178,151.24660340971522,0.0,0.0,0.0,0.0,0.0,1.0,0.0,0.0,0.0,1.0,0.0,10.0,0.0,0.0,0.0,0.0,0.0,2386.2749964015034,0.0,0.0,0.0,nothing,4.0,0.0,0,13.603266358344703
88be0e2015fffff,-33.73886524737585,151.264046370565,0.0,0.0,0.0,1.0,0.0,0.0,0.0,0.0,2.0,0.0,0.0,3.0,0.0,0.0,0.0,0.0,0.0,1134.7399676041668,0.0,0.0,0.0,nothing,6.0,0.0,0,14.675946218480743
88be0e2019fffff,-33.75452055797711,151.26174137545084,0.0,2.0,0.0,1.0,0.0,0.0,0.0,0.0,5.0,19.0,1.0,12.0,0.0,0.0,0.0,0.0,0.0,6759.381108332329,17480.496055226824,0.0,0.0,nothing,36.0,33000.0,0,12.959390247826006
88be0e201bfffff,-33.7534169641138,151.25087991006816,0.0,3.0,1.0,3.0,0.0,0.0,0.0,0.0,0.0,6.0,0.0,12.0,0.0,0.0,0.0,0.0,0.0,16497.524714086136,0.0,0.0,0.0,nothing,27.0,33000.0,0,12.788050479725882
88be0e201dfffff,-33.74724426904843,151.26832438338482,0.0,0.0,1.0,0.0,0.0,0.0,0.0,0.0,0.0,0.0,0.0,13.0,0.0,0.0,0.0,0.0,0.0,0.0,0.0,0.0,0.0,nothing,24.0,0.0,0,13.9239823279945
88be0e2021fffff,-33.71813525953815,151.29464557665045,0.0,2.0,0.0,12.0,0.0,2.0,0.0,1.0,14.0,21.0,0.0,5.0,0.0,0.0,0.0,0.0,0.0,17087.408795499658,7629.268518518518,0.0,0.0,nothing,39.0,0.0,0,17.834582292559233
88be0e2023fffff,-33.71703478129729,151.28378793405787,1.0,0.0,0.0,2.0,0.0,1.0,0.0,0.0,2.0,3.0,0.0,0.0,0.0,0.0,0.0,1.0,0.0,5143.621965630264,0.0,0.0,0.0,nothing,1.0,0.0,0,17.564417015630166
88be0e2025fffff,-33.710857046298365,151.30122316582,4.0,4.0,0.0,26.0,3.0,1.0,1.0,0.0,15.0,28.0,0.0,13.0,0.0,2.0,2.0,0.0,0.0,14335.24309731104,16810.934497816594,0.0,0.0,nothing,51.0,0.0,0,18.821223799242436
88be0e2027fffff,-33.70975719041451,151.29036628833077,0.0,0.0,0.0,7.0,0.0,1.0,0.0,0.0,8.0,28.0,1.0,6.0,0.0,1.0,0.0,0.0,0.0,4762.346736514373,0.0,0.0,0.0,nothing,17.0,0.0,0,18.537647502963736
88be0e2029fffff,-33.72651325449702,151.2989257377694,0.0,0.0,0.0,1.0,0.0,0.0,0.0,0.0,0.0,4.0,1.0,10.0,0.0,0.0,0.0,0.0,0.0,6343.051076912287,10911.164141414141,0.0,0.0,nothing,16.0,0.0,0,17.16222055953026
88be0e202bfffff,-33.72541308895041,151.2880669039164,0.0,1.0,1.0,1.0,0.0,0.0,1.0,0.0,2.0,2.0,0.0,18.0,0.0,3.0,0.0,0.0,0.0,5308.488293870882,0.0,0.0,0.0,nothing,22.0,0.0,0,16.850909724873866
88be0e2031fffff,-33.72320995209381,151.26635051598103,0.0,0.0,0.0,0.0,0.0,0.0,0.0,0.0,0.0,1.0,0.0,0.0,0.0,0.0,0.0,0.0,0.0,0.0,0.0,0.0,0.0,nothing,0.0,0.0,0,16.399463802999414
88be0e2035fffff,-33.71593336810517,151.27293071802097,2.0,0.0,0.0,5.0,0.0,0.0,0.0,0.0,12.0,10.0,0.0,0.0,0.0,0.0,0.0,0.0,0.0,1934.3856109163808,0.0,0.0,0.0,nothing,1.0,0.0,0,17.349370757400372
88be0e2037fffff,-33.714831020119874,151.2620739292943,0.0,0.0,0.0,0.0,0.0,0.0,0.0,0.0,1.0,6.0,0.0,0.0,0.0,0.0,0.0,0.0,0.0,5178.8114078284725,0.0,0.0,0.0,nothing,0.0,33000.0,0,17.191509599226478
88be0e2039fffff,-33.73158881029528,151.27062797526904,0.0,0.0,0.0,1.0,0.0,0.0,0.0,0.0,3.0,1.0,0.0,15.0,0.0,0.0,0.0,0.0,0.0,4941.469257517981,0.0,0.0,0.0,nothing,22.0,0.0,0,15.632603032200565
88be0e203bfffff,-33.73048615122595,151.25976923064596,0.0,0.0,0.0,0.0,0.0,0.0,0.0,0.0,1.0,2.0,0.0,0.0,0.0,0.0,0.0,0.0,0.0,0.0,0.0,0.0,0.0,nothing,1.0,0.0,0,15.4573943997857
88be0e203dfffff,-33.72431198809666,151.27720849640198,0.0,0.0,0.0,0.0,0.0,0.0,0.0,0.0,2.0,1.0,0.0,3.0,0.0,0.0,0.0,0.0,0.0,2957.4906617049423,0.0,0.0,0.0,nothing,11.0,0.0,0,16.59578419298468
88be0e2041fffff,-33.75892557086524,151.30519151434046,0.0,0.0,0.0,0.0,0.0,0.0,0.0,0.0,0.0,2.0,0.0,0.0,0.0,0.0,0.0,0.0,0.0,0.0,0.0,0.0,0.0,nothing,0.0,0.0,0,14.357818876254681
88be0e2043fffff,-33.75782572234444,151.29432833952544,1.0,1.0,0.0,18.0,0.0,2.0,2.0,0.0,19.0,10.0,0.0,25.0,0.0,2.0,0.0,0.0,0.0,1842.9744620766025,0.0,0.0,0.0,nothing,34.0,0.0,0,13.910904453469318
88be0e2047fffff,-33.750547563694134,151.30090905164715,2.0,0.0,0.0,3.0,0.0,3.0,0.0,0.0,0.0,0.0,0.0,0.0,0.0,0.0,0.0,0.0,0.0,10242.327036927945,0.0,0.0,0.0,nothing,3.0,0.0,0,14.917639370091335
88be0e204bfffff,-33.76620396696948,151.2986104838034,0.0,0.0,0.0,3.0,0.0,1.0,0.0,0.0,6.0,14.0,0.0,7.0,0.0,0.0,0.0,0.0,0.0,22349.23559198841,0.0,0.0,0.0,nothing,17.0,0.0,0,13.346939439568734
88be0e2051fffff,-33.76400208695586,151.27688302860489,0.0,5.0,1.0,7.0,0.0,0.0,0.0,0.0,0.0,41.0,0.0,13.0,0.0,0.0,0.0,0.0,0.0,23888.468351946776,0.0,2.0,2.0,"22 kW, kW",66.0,33000.0,1,12.529561004302211
88be0e2053fffff,-33.762899741950896,151.26601994190605,2.0,7.0,0.0,13.0,5.0,0.0,1.0,0.0,3.0,82.0,0.0,4.0,0.0,7.0,0.0,0.0,0.0,57208.340374564286,0.0,9.0,12.0,"22 kW, kW",48.0,33000.0,1,12.226929584383537
88be0e2055fffff,-33.75672493725077,151.28346559093498,0.0,5.0,0.0,14.0,3.0,0.0,0.0,0.0,5.0,27.0,0.0,11.0,0.0,1.0,0.0,0.0,0.0,15577.750681437501,23932.88888888889,0.0,0.0,nothing,52.0,0.0,0,13.52535487245013
88be0e2057fffff,-33.755623215742254,151.27260326932492,0.0,1.0,1.0,4.0,0.0,0.0,0.0,0.0,1.0,9.0,2.0,10.0,0.0,0.0,0.0,0.0,0.0,968.5079449719298,0.0,0.0,0.0,nothing,27.0,33000.0,0,13.206542456213443
88be0e2059fffff,-33.77238088218774,151.28116366144434,0.0,1.0,0.0,2.0,1.0,0.0,0.0,0.0,2.0,3.0,0.0,33.0,0.0,1.0,0.0,0.0,0.0,4544.427565954292,0.0,0.0,0.0,nothing,39.0,0.0,0,11.899947546923833
88be0e205bfffff,-33.77127885024101,151.27029938178126,4.0,6.0,0.0,8.0,2.0,0.0,0.0,2.0,4.0,24.0,0.0,20.0,0.0,2.0,0.0,0.0,0.0,47380.36831633322,19347.333333333332,0.0,0.0,nothing,43.0,33000.0,0,11.5365283807161
88be0e205dfffff,-33.76510349534811,151.28774654282265,1.0,2.0,0.0,7.0,0.0,0.0,0.0,0.0,3.0,38.0,0.0,17.0,0.0,0.0,0.0,0.0,0.0,14578.450527523222,0.0,0.0,0.0,nothing,15.0,0.0,0,12.90494217531514
88be0e2061fffff,-33.7359900915234,151.31406722252538,0.0,0.0,0.0,0.0,0.0,0.0,0.0,0.0,0.0,2.0,0.0,0.0,0.0,0.0,0.0,0.0,0.0,1538.0596971117418,0.0,0.0,0.0,nothing,1.0,0.0,0,16.932878348653116
88be0e2063fffff,-33.734891174789674,151.30320677190693,1.0,1.0,0.0,27.0,2.0,4.0,0.0,0.0,34.0,36.0,0.0,8.0,0.0,1.0,0.0,0.0,0.0,19086.398896844436,0.0,1.0,1.0,22 kW,40.0,0.0,1,16.5243125404698
88be0e2069fffff,-33.74436762300245,151.31835032122135,0.0,0.0,0.0,1.0,0.0,0.0,0.0,0.0,1.0,5.0,0.0,0.0,0.0,0.0,0.0,0.0,0.0,0.0,0.0,0.0,0.0,nothing,0.0,0.0,0,16.379876241662963
88be0e206bfffff,-33.74326901991464,151.30748867928227,0.0,0.0,0.0,4.0,0.0,3.0,0.0,0.0,10.0,8.0,0.0,2.0,0.0,0.0,0.0,0.0,0.0,16387.954929670952,0.0,0.0,0.0,nothing,5.0,0.0,0,15.925001079538882
88be0e206dfffff,-33.73708807227887,151.3249280977545,0.0,0.0,0.0,0.0,0.0,0.0,0.0,0.0,0.0,1.0,0.0,0.0,0.0,0.0,0.0,0.0,0.0,0.0,0.0,0.0,0.0,nothing,0.0,0.0,0,17.391020697164773
88be0e2081fffff,-33.73333948314897,151.20975312414006,0.0,0.0,0.0,1.0,0.0,0.0,0.0,0.0,2.0,4.0,0.0,10.0,0.0,0.0,0.0,0.0,0.0,0.0,0.0,3.0,0.0,nothing,10.0,132000.0,1,14.623654916546162
88be0e2083fffff,-33.732231525418634,151.19889576766414,0.0,0.0,0.0,0.0,0.0,0.0,0.0,0.0,0.0,11.0,0.0,0.0,0.0,0.0,0.0,0.0,0.0,0.0,0.0,4.0,0.0,nothing,0.0,132000.0,1,14.822621027578043
88be0e2085fffff,-33.72606616465236,151.21633854356014,1.0,0.0,0.0,1.0,0.0,2.0,0.0,0.0,2.0,9.0,0.0,22.0,0.0,0.0,1.0,0.0,0.0,3874.2098449470195,10558.807807807807,2.0,0.0,nothing,29.0,132000.0,1,15.41735008941097
88be0e2087fffff,-33.72495883122992,151.20548194841174,0.0,0.0,0.0,1.0,0.0,0.0,0.0,0.0,0.0,1.0,0.0,0.0,0.0,0.0,0.0,0.0,0.0,0.0,0.0,10.0,0.0,nothing,0.0,330000.0,1,15.573159879499283
88be0e2089fffff,-33.741720062080425,151.2140251720696,7.0,2.0,0.0,17.0,4.0,0.0,2.0,0.0,50.0,75.0,0.0,13.0,1.0,0.0,0.0,0.0,0.0,21277.034599285864,0.0,2.0,2.0,"22 kW, kW",58.0,0.0,1,13.682855666791038
88be0e208bfffff,-33.74061241473293,151.2031666219686,0.0,0.0,0.0,1.0,0.0,0.0,0.0,0.0,0.0,1.0,0.0,14.0,0.0,1.0,0.0,0.0,0.0,97.04634897536324,0.0,4.0,0.0,nothing,27.0,132000.0,1,13.858375608540301
88be0e208dfffff,-33.73444650613011,151.220610912558,0.0,0.0,0.0,1.0,0.0,0.0,0.0,0.0,4.0,10.0,0.0,9.0,0.0,1.0,0.0,0.0,0.0,16043.841664960028,0.0,2.0,0.0,nothing,31.0,132000.0,1,14.493013286959455
88be0e2091fffff,-33.73839431536013,151.18145081996346,0.0,0.0,0.0,0.0,0.0,0.0,0.0,0.0,0.0,4.0,0.0,1.0,0.0,0.0,0.0,0.0,0.0,0.0,0.0,0.0,0.0,nothing,0.0,0.0,0,14.41829851754389
88be0e2093fffff,-33.73728386365488,151.17059356956722,0.0,0.0,0.0,0.0,0.0,0.0,0.0,0.0,1.0,1.0,0.0,10.0,0.0,0.0,1.0,0.0,0.0,3903.425868048863,0.0,0.0,0.0,nothing,5.0,0.0,0,14.794792269732966
88be0e2095fffff,-33.731122633098856,151.1880388438842,0.0,0.0,0.0,0.0,0.0,0.0,0.0,0.0,0.0,3.0,0.0,0.0,0.0,0.0,0.0,0.0,0.0,0.0,0.0,0.0,0.0,nothing,0.0,0.0,0,15.087205821333855
88be0e2097fffff,-33.73001280634961,151.17718235355395,0.0,0.0,0.0,1.0,0.0,0.0,0.0,0.0,11.0,6.0,0.0,8.0,0.0,0.0,0.0,0.0,0.0,1166.6318003306937,0.0,0.0,0.0,nothing,1.0,0.0,0,15.414027739138872
88be0e2099fffff,-33.74677575177564,151.1857201583722,0.0,0.0,0.0,0.0,0.0,0.0,0.0,0.0,0.0,1.0,0.0,0.0,0.0,0.0,0.0,0.0,0.0,0.0,0.0,0.0,0.0,nothing,0.0,0.0,0,13.424738622570958
88be0e209bfffff,-33.74566560968158,151.17486171356575,0.0,0.0,0.0,0.0,0.0,0.0,0.0,0.0,0.0,1.0,0.0,7.0,0.0,0.0,0.0,0.0,0.0,0.0,7776.9682539682535,3.0,0.0,nothing,0.0,132000.0,1,13.79121021275764
88be0e209dfffff,-33.73950383243953,151.19230850434852,0.0,0.0,0.0,1.0,0.0,0.0,0.0,0.0,1.0,10.0,0.0,9.0,0.0,0.0,0.0,0.0,0.0,789.6027826245637,0.0,4.0,0.0,nothing,10.0,132000.0,1,14.104734481010613
88be0e20a1fffff,-33.71041228341698,151.21865106257434,0.0,0.0,0.0,0.0,0.0,0.0,0.0,0.0,0.0,2.0,0.0,4.0,0.0,0.0,0.0,0.0,0.0,28592.865837414913,0.0,0.0,0.0,nothing,6.0,0.0,0,17.154876714132044
88be0e20a3fffff,-33.70930526384536,151.20779642171053,0.0,0.0,0.0,0.0,0.0,0.0,0.0,0.0,0.0,1.0,0.0,2.0,0.0,0.0,0.0,0.0,1.0,33398.48716734449,0.0,4.0,0.0,nothing,7.0,330000.0,1,17.294881401695488
88be0e20a7fffff,-33.702032034994154,151.21438011664983,0.0,3.0,0.0,7.0,1.0,0.0,0.0,0.0,1.0,31.0,1.0,6.0,0.0,0.0,0.0,0.0,0.0,55639.6579553873,20924.11111111111,0.0,0.0,nothing,28.0,0.0,0,18.084136154070197
88be0e20a9fffff,-33.718792459760145,151.22292288032187,0.0,0.0,0.0,0.0,0.0,0.0,0.0,0.0,0.0,1.0,0.0,0.0,0.0,0.0,0.0,0.0,0.0,170.08914928347207,0.0,0.0,0.0,nothing,10.0,0.0,0,16.235294865735014
88be0e20abfffff,-33.717685750390366,151.21206704668415,1.0,0.0,0.0,1.0,0.0,0.0,0.0,0.0,0.0,23.0,0.0,7.0,0.0,0.0,0.0,0.0,0.0,7443.674433480711,0.0,3.0,0.0,nothing,14.0,330000.0,1,16.351856206218976
88be0e20b1fffff,-33.715469529222275,151.190356675018,0.0,0.0,0.0,0.0,0.0,0.0,0.0,0.0,0.0,0.0,0.0,0.0,0.0,0.0,0.0,0.0,0.0,0.0,0.0,2.0,0.0,nothing,0.0,330000.0,1,16.767371964185017
88be0e20b3fffff,-33.714360017743495,151.17950213849647,0.0,0.0,0.0,0.0,0.0,2.0,0.0,0.0,0.0,2.0,0.0,5.0,0.0,1.0,0.0,0.0,0.0,0.0,0.0,0.0,0.0,nothing,6.0,0.0,0,17.061879908927207
88be0e20b7fffff,-33.70708842334261,151.1860884362371,1.0,0.0,0.0,14.0,0.0,0.0,1.0,0.0,26.0,37.0,0.0,2.0,2.0,0.0,0.0,0.0,0.0,16532.615054124453,0.0,2.0,0.0,nothing,3.0,330000.0,1,17.746092034143636
88be0e20b9fffff,-33.72385056341468,151.19462578542047,0.0,0.0,0.0,0.0,0.0,0.0,0.0,0.0,0.0,0.0,0.0,0.0,0.0,0.0,0.0,0.0,0.0,0.0,0.0,0.0,0.0,nothing,0.0,132000.0,0,15.792619950731703
88be0e20bbfffff,-33.72274136136645,151.18377005534006,0.0,0.0,0.0,0.0,0.0,0.0,0.0,0.0,0.0,3.0,0.0,1.0,0.0,0.0,0.0,0.0,0.0,0.0,0.0,0.0,0.0,nothing,1.0,0.0,0,16.073120566152184
88be0e20bdfffff,-33.71657810682453,151.20121164466502,0.0,0.0,0.0,0.0,0.0,0.0,0.0,0.0,0.0,0.0,0.0,0.0,0.0,0.0,0.0,0.0,0.0,0.0,0.0,4.0,0.0,nothing,0.0,330000.0,1,16.529868471350284
88be0e20c1fffff,-33.75120696872771,151.22915826779783,4.0,9.0,0.0,10.0,2.0,0.0,1.0,0.0,5.0,30.0,0.0,26.0,0.0,5.0,0.0,0.0,0.0,21111.954649452433,16780.11111111111,1.0,0.0,nothing,65.0,132000.0,1,12.683729489535354
88be0e20c3fffff,-33.75010056752301,151.21829809242007,0.0,0.0,0.0,0.0,0.0,0.0,0.0,0.0,3.0,3.0,0.0,0.0,0.0,0.0,0.0,0.0,0.0,4367.292969276874,0.0,2.0,0.0,nothing,6.0,132000.0,1,12.752691501180905
88be0e20c5fffff,-33.74393255129919,151.2357435666974,0.0,0.0,0.0,3.0,0.0,0.0,1.0,0.0,3.0,5.0,0.0,5.0,0.0,0.0,0.0,0.0,0.0,0.0,0.0,4.0,0.0,nothing,2.0,132000.0,1,13.554246305422733
88be0e20c7fffff,-33.74282677432233,151.22488415389736,0.0,0.0,0.0,0.0,0.0,0.0,0.0,0.0,3.0,4.0,0.0,18.0,0.0,0.0,0.0,0.0,0.0,1688.8607524877673,0.0,0.0,0.0,nothing,22.0,66000.0,0,13.58092472237901
88be0e20c9fffff,-33.75958708884491,151.23343325447914,0.0,0.0,0.0,1.0,0.0,0.0,0.0,0.0,1.0,8.0,0.0,9.0,0.0,0.0,0.0,0.0,0.0,23677.163102749382,0.0,2.0,0.0,nothing,2.0,132000.0,1,11.804826534956677
88be0e20cbfffff,-33.75848099897541,151.22257188541118,0.0,1.0,0.0,0.0,1.0,0.0,1.0,0.0,0.0,9.0,1.0,8.0,0.0,0.0,0.0,0.0,0.0,8541.041102743016,0.0,2.0,0.0,nothing,23.0,132000.0,1,11.835672787764745
88be0e20cdfffff,-33.75231243431103,151.24001887393214,0.0,1.0,1.0,6.0,1.0,0.0,0.0,0.0,2.0,15.0,0.0,25.0,0.0,1.0,0.0,0.0,0.0,34778.37113369788,0.0,13.0,1.0,22 kW,68.0,132000.0,1,12.695589646347248
88be0e20d1fffff,-33.75626601194073,151.20085044191688,0.0,1.0,0.0,2.0,0.0,0.0,0.0,0.0,0.0,3.0,0.0,0.0,0.0,0.0,0.0,0.0,0.0,0.0,0.0,0.0,0.0,nothing,5.0,0.0,0,12.15347039950363
88be0e20d3fffff,-33.755157115094896,151.18999036899996,0.0,0.0,0.0,0.0,0.0,0.0,0.0,0.0,0.0,12.0,0.0,0.0,0.0,0.0,0.0,0.0,0.0,0.0,0.0,2.0,0.0,nothing,0.0,132000.0,1,12.43387066962128
88be0e20d5fffff,-33.74899323085632,151.20743834855358,0.0,0.0,0.0,0.0,0.0,0.0,0.0,0.0,0.0,8.0,0.0,4.0,0.0,0.0,0.0,0.0,0.0,0.0,0.0,1.0,0.0,nothing,9.0,132000.0,1,12.901176299272288
88be0e20d7fffff,-33.74788495888725,151.19657903695284,0.0,0.0,0.0,0.0,0.0,0.0,0.0,0.0,0.0,4.0,0.0,2.0,0.0,0.0,0.0,0.0,0.0,0.0,0.0,4.0,0.0,nothing,1.0,132000.0,1,13.126482188617617
88be0e20d9fffff,-33.76464699109871,151.20512271946052,0.0,9.0,0.0,5.0,0.0,2.0,0.0,0.0,6.0,32.0,0.0,5.0,0.0,0.0,0.0,0.0,0.0,12535.387899728066,0.0,0.0,0.0,nothing,15.0,0.0,0,11.187069425576388
88be0e20dbfffff,-33.76353840481665,151.1942614520666,0.0,0.0,0.0,0.0,0.0,0.0,0.0,0.0,4.0,2.0,0.0,11.0,0.0,0.0,0.0,0.0,0.0,3142.4551347551874,0.0,0.0,0.0,nothing,6.0,132000.0,0,11.44639654307118
88be0e20ddfffff,-33.75737397328749,151.21171094763884,0.0,2.0,0.0,0.0,0.0,0.0,1.0,0.0,1.0,12.0,0.0,7.0,0.0,0.0,0.0,0.0,0.0,5973.21599545753,29035.833333333332,0.0,0.0,nothing,25.0,0.0,0,11.952718676807068
88be0e20e1fffff,-33.72827802768075,151.23805302731287,0.0,0.0,0.0,0.0,0.0,0.0,0.0,0.0,0.0,15.0,0.0,0.0,0.0,0.0,0.0,0.0,0.0,408.50300960498373,0.0,0.0,0.0,nothing,0.0,33000.0,0,15.303676609654255
88be0e20e3fffff,-33.72717256352242,151.22719557011186,0.0,0.0,0.0,0.0,0.0,0.0,0.0,0.0,0.0,11.0,0.0,0.0,0.0,0.0,0.0,0.0,0.0,856.6962500715496,0.0,1.0,0.0,nothing,1.0,132000.0,1,15.32713469015063
88be0e20e5fffff,-33.7210030752741,151.24463583943785,0.0,0.0,0.0,0.0,0.0,0.0,0.0,0.0,0.0,0.0,0.0,0.0,0.0,0.0,0.0,0.0,0.0,0.0,0.0,0.0,0.0,nothing,0.0,33000.0,0,16.19114538249643
88be0e20e7fffff,-33.719898234774455,151.2337791448244,0.0,0.0,0.0,0.0,0.0,0.0,0.0,0.0,0.0,1.0,0.0,0.0,0.0,0.0,0.0,0.0,0.0,0.0,0.0,0.0,0.0,nothing,0.0,0.0,0,16.18151516080756
88be0e20e9fffff,-33.736657747206976,151.24232778220332,0.0,0.0,0.0,0.0,0.0,1.0,0.0,0.0,0.0,3.0,0.0,0.0,0.0,0.0,0.0,0.0,0.0,9449.061604843275,7079.827493261456,0.0,0.0,nothing,6.0,66000.0,0,14.44316346450918
88be0e20ebfffff,-33.73555259420254,151.23146913216385,0.0,0.0,0.0,0.0,0.0,1.0,0.0,0.0,0.0,3.0,0.0,1.0,0.0,0.0,0.0,0.0,0.0,0.0,0.0,3.0,0.0,nothing,0.0,132000.0,1,14.432554674631477
88be0e20edfffff,-33.729382556968226,151.24891091440907,0.0,0.0,0.0,0.0,0.0,0.0,0.0,0.0,0.0,0.0,0.0,0.0,0.0,0.0,0.0,0.0,0.0,0.0,0.0,0.0,0.0,nothing,0.0,33000.0,0,15.34728478607596
88be0e2111fffff,-33.695200858467956,151.30351974710447,2.0,3.0,0.0,2.0,0.0,0.0,0.0,0.0,11.0,26.0,1.0,10.0,0.0,1.0,0.0,0.0,0.0,39704.50108487382,0.0,1.0,1.0,7 kW,34.0,0.0,1,20.495280672655905
88be0e2113fffff,-33.69410131217301,151.29266482530952,1.0,1.0,0.0,2.0,0.0,0.0,0.0,0.0,1.0,6.0,0.0,8.0,1.0,1.0,0.0,0.0,0.0,35980.91111112769,0.0,2.0,2.0,22 kW,47.0,0.0,1,20.23504191823793
88be0e2115fffff,-33.68792211843891,151.31009485179385,0.0,0.0,0.0,6.0,0.0,1.0,0.0,0.0,15.0,4.0,0.0,10.0,0.0,0.0,0.0,0.0,0.0,10692.417787731558,0.0,0.0,0.0,nothing,16.0,0.0,0,21.47866604096235
88be0e2117fffff,-33.6868231939312,151.29924069510886,0.0,0.0,0.0,0.0,0.0,2.0,0.0,0.0,1.0,1.0,0.0,15.0,0.0,0.0,0.0,0.0,1.0,2929.89664670282,0.0,0.0,0.0,nothing,32.0,0.0,0,21.20619973751819
88be0e2119fffff,-33.70357844974841,151.3077996715194,0.0,0.0,0.0,7.0,0.0,6.0,0.0,0.0,21.0,8.0,0.0,6.0,0.0,0.0,0.0,0.0,0.0,10198.068140920901,0.0,0.0,0.0,nothing,14.0,0.0,0,19.810391167632073
88be0e211bfffff,-33.70247921596561,151.29694355931488,0.0,1.0,0.0,5.0,1.0,0.0,0.0,0.0,11.0,21.0,0.0,8.0,3.0,0.0,0.0,0.0,0.0,17569.414420924393,24813.67361111111,0.0,0.0,nothing,25.0,0.0,0,19.51478831881612
88be0e211dfffff,-33.696299470405684,151.3143750938431,0.0,0.0,0.0,0.0,0.0,1.0,0.0,0.0,6.0,5.0,0.0,2.0,0.0,0.0,0.0,0.0,0.0,161.093948107641,0.0,0.0,0.0,nothing,2.0,0.0,0,20.80172455069271
88be0e2131fffff,-33.67226581115495,151.31238918632766,0.0,2.0,0.0,0.0,0.0,0.0,0.0,0.0,1.0,2.0,0.0,6.0,0.0,0.0,0.0,0.0,0.0,47923.85703823511,0.0,0.0,0.0,nothing,10.0,0.0,0,23.15892588395695
88be0e2133fffff,-33.67116719584846,151.30153698449308,0.0,2.0,0.0,2.0,1.0,0.0,0.0,0.0,0.0,5.0,0.0,14.0,0.0,1.0,1.0,0.0,0.0,63425.093471479704,0.0,0.0,0.0,nothing,22.0,0.0,0,22.90633153810692
88be0e2135fffff,-33.664986547655225,151.31896180793584,0.0,0.0,0.0,0.0,0.0,0.0,0.0,0.0,0.0,2.0,0.0,5.0,0.0,0.0,0.0,0.0,0.0,0.0,0.0,0.0,0.0,nothing,6.0,0.0,0,24.13965287528753
88be0e2137fffff,-33.663888553566174,151.3081103712174,0.0,2.0,0.0,13.0,1.0,0.0,0.0,0.0,16.0,18.0,0.0,4.0,0.0,1.0,0.0,2.0,0.0,4329.977117488845,0.0,0.0,0.0,nothing,10.0,0.0,0,23.875853278241443
88be0e2139fffff,-33.68064299639587,151.31666887347745,0.0,0.0,0.0,11.0,0.0,3.0,1.0,0.0,12.0,5.0,0.0,0.0,0.0,0.0,0.0,0.0,0.0,12804.812755111105,0.0,0.0,0.0,nothing,6.0,0.0,0,22.46456493340352
88be0e213bfffff,-33.679544693419395,151.3058154820835,0.0,6.0,0.0,42.0,4.0,0.0,0.0,1.0,7.0,52.0,1.0,14.0,0.0,0.0,0.0,0.0,0.0,30726.728736715384,18889.04678362573,2.0,2.0,7 kW,70.0,0.0,1,22.180980061153505
88be0e2159fffff,-33.721431082975556,151.3272210562142,0.0,0.0,0.0,0.0,0.0,0.0,0.0,0.0,0.0,1.0,0.0,0.0,0.0,0.0,0.0,0.0,0.0,0.0,0.0,0.0,0.0,nothing,0.0,0.0,0,18.94985268435334
88be0e2181fffff,-33.68241815746241,151.25582832751664,0.0,1.0,0.0,0.0,0.0,0.0,0.0,0.0,0.0,0.0,0.0,2.0,0.0,0.0,0.0,0.0,0.0,0.0,9383.214953271028,0.0,0.0,nothing,0.0,0.0,0,20.584870015342943
88be0e2183fffff,-33.6813145645258,151.2449763041739,0.0,0.0,0.0,0.0,0.0,0.0,0.0,0.0,0.0,1.0,0.0,0.0,0.0,0.0,0.0,0.0,0.0,0.0,0.0,0.0,0.0,nothing,0.0,0.0,0,20.551973586934494
88be0e2185fffff,-33.675142145055275,151.26240617028628,0.0,0.0,0.0,0.0,0.0,0.0,0.0,0.0,0.0,1.0,0.0,1.0,0.0,0.0,0.0,0.0,0.0,0.0,0.0,0.0,0.0,nothing,0.0,0.0,0,21.492038904396843
88be0e2187fffff,-33.67403917463894,151.25155490954953,0.0,0.0,0.0,0.0,0.0,0.0,0.0,0.0,0.0,2.0,0.0,0.0,0.0,0.0,0.0,0.0,0.0,0.0,0.0,0.0,0.0,nothing,0.0,0.0,0,21.436511899839545
88be0e2189fffff,-33.69079706872201,151.2601026171282,0.0,0.0,0.0,0.0,0.0,0.0,0.0,0.0,0.0,1.0,0.0,0.0,0.0,0.0,0.0,0.0,0.0,0.0,0.0,0.0,0.0,nothing,0.0,0.0,0,19.7481869180822
88be0e218bfffff,-33.68969378657652,151.2492494026485,0.0,0.0,0.0,0.0,0.0,0.0,0.0,0.0,0.0,0.0,0.0,1.0,0.0,0.0,0.0,0.0,0.0,0.0,0.0,0.0,0.0,nothing,0.0,0.0,0,19.687885981411917
88be0e218dfffff,-33.683520817029496,151.26668077903503,0.0,0.0,0.0,1.0,0.0,0.0,0.0,0.0,0.0,1.0,0.0,2.0,0.0,0.0,0.0,0.0,0.0,131.55085223670176,0.0,0.0,0.0,nothing,0.0,0.0,0,20.667494876303497
88be0e2191fffff,-33.68748442174358,151.22754426058148,2.0,2.0,0.0,4.0,1.0,0.0,0.0,0.0,1.0,20.0,0.0,6.0,0.0,1.0,0.0,0.0,0.0,14159.998096605657,0.0,2.0,2.0,22 kW,6.0,0.0,1,19.723646821057116
88be0e2193fffff,-33.68637833937388,151.21669233450066,0.0,0.0,0.0,1.0,0.0,0.0,0.0,0.0,0.0,1.0,0.0,2.0,0.0,0.0,0.0,0.0,0.0,6752.967373293356,0.0,0.0,0.0,nothing,2.0,0.0,0,19.819422097948145
88be0e2195fffff,-33.680210038378256,151.23412470975993,1.0,1.0,0.0,5.0,0.0,0.0,0.0,0.0,0.0,1.0,0.0,0.0,0.0,1.0,0.0,0.0,0.0,4655.657198059082,0.0,0.0,0.0,nothing,0.0,0.0,0,20.569042091242622
88be0e2197fffff,-33.67910457917861,151.22327354502784,0.0,1.0,0.0,0.0,0.0,0.0,0.0,1.0,1.0,2.0,0.0,6.0,0.0,1.0,0.0,0.0,0.0,1409.6265978453812,0.0,0.0,0.0,nothing,5.0,0.0,0,20.635949447916826
88be0e219bfffff,-33.694758420787885,151.22096272957583,0.0,0.0,0.0,1.0,0.0,0.0,0.0,0.0,0.0,3.0,0.0,4.0,0.0,0.0,0.0,0.0,0.0,20179.667794725694,0.0,0.0,0.0,nothing,0.0,0.0,0,18.894595707857384
88be0e219dfffff,-33.68858957086412,151.23839661688183,0.0,0.0,0.0,0.0,0.0,0.0,0.0,0.0,0.0,2.0,0.0,2.0,0.0,0.0,0.0,0.0,0.0,1307.9237081299443,0.0,0.0,0.0,nothing,0.0,0.0,0,19.679685016514785
88be0e21a3fffff,-33.65838458752679,151.2538595672637,0.0,0.0,0.0,0.0,0.0,0.0,0.0,0.0,1.0,0.0,0.0,0.0,0.0,0.0,0.0,0.0,0.0,0.0,0.0,0.0,0.0,nothing,0.0,0.0,0,23.185252956278884
88be0e21a5fffff,-33.65221070885831,151.27128423511263,0.0,0.0,0.0,0.0,0.0,0.0,0.0,0.0,0.0,1.0,0.0,0.0,0.0,0.0,0.0,0.0,0.0,0.0,0.0,0.0,0.0,nothing,0.0,0.0,0,24.15007999213551
88be0e21a7fffff,-33.65110867204806,151.26043569006552,0.0,0.0,0.0,0.0,0.0,0.0,0.0,0.0,0.0,1.0,0.0,0.0,0.0,0.0,0.0,0.0,0.0,0.0,0.0,0.0,0.0,nothing,0.0,0.0,0,24.079169713208387
88be0e21abfffff,-33.66676340172065,151.25813243310216,0.0,0.0,0.0,0.0,0.0,0.0,0.0,0.0,0.0,3.0,0.0,0.0,0.0,0.0,0.0,0.0,0.0,336.33603998228153,0.0,0.0,0.0,nothing,0.0,0.0,0,22.331844860996668
88be0e21adfffff,-33.66058897243061,151.27555860990455,0.0,1.0,0.0,0.0,0.0,0.0,0.0,0.0,1.0,0.0,0.0,3.0,0.0,0.0,0.0,0.0,0.0,0.0,0.0,0.0,0.0,nothing,0.0,0.0,0,23.332168181456737
88be0e21b1fffff,-33.664555907127216,151.23643272152057,0.0,0.0,0.0,0.0,0.0,0.0,0.0,0.0,0.0,2.0,0.0,0.0,0.0,0.0,0.0,0.0,0.0,0.0,0.0,0.0,0.0,nothing,0.0,0.0,0,22.31699968171598
88be0e21b7fffff,-33.65617647278163,151.23216223690378,0.0,0.0,0.0,0.0,0.0,0.0,0.0,0.0,0.0,1.0,0.0,0.0,0.0,0.0,0.0,0.0,0.0,0.0,0.0,0.0,0.0,nothing,0.0,0.0,0,23.215133761496215
88be0e21bdfffff,-33.6656601207528,151.24728236300777,0.0,0.0,0.0,0.0,0.0,0.0,0.0,0.0,0.0,0.0,0.0,0.0,0.0,0.0,0.0,0.0,0.0,65.9264086376568,0.0,0.0,0.0,nothing,0.0,0.0,0,22.301397438461997
88be0e21c1fffff,-33.70027794489179,151.27523261210263,0.0,0.0,0.0,0.0,0.0,0.0,1.0,0.0,2.0,2.0,0.0,4.0,0.0,0.0,0.0,0.0,0.0,0.0,0.0,0.0,0.0,nothing,1.0,33000.0,0,19.07208226863765
88be0e21c5fffff,-33.69300083167844,151.2818103292125,2.0,0.0,1.0,6.0,4.0,0.0,1.0,0.0,2.0,8.0,1.0,6.0,0.0,1.0,0.0,0.0,0.0,3484.865681952427,0.0,0.0,0.0,nothing,12.0,33000.0,0,20.022807861630625
88be0e21c7fffff,-33.69189941714209,151.27095625956744,0.0,0.0,0.0,0.0,0.0,0.0,0.0,0.0,0.0,0.0,0.0,0.0,0.0,0.0,0.0,0.0,0.0,0.0,0.0,0.0,0.0,nothing,2.0,0.0,0,19.860115426817472
88be0e21c9fffff,-33.708656399777304,151.2795098368597,0.0,0.0,0.0,0.0,0.0,0.0,1.0,0.0,2.0,7.0,0.0,0.0,0.0,0.0,0.0,0.0,0.0,1661.8160865579914,0.0,0.0,0.0,nothing,0.0,33000.0,0,18.30589579393586
88be0e21cbfffff,-33.70755467454468,151.2686538121612,0.0,0.0,0.0,0.0,0.0,0.0,0.0,0.0,0.0,5.0,0.0,0.0,0.0,0.0,0.0,0.0,0.0,0.0,0.0,0.0,0.0,nothing,0.0,33000.0,0,18.12795405293251
88be0e21cdfffff,-33.701379047627476,151.2860878725912,0.0,0.0,1.0,3.0,0.0,0.0,0.0,0.0,2.0,6.0,0.0,9.0,0.0,0.0,0.0,0.0,0.0,710.6844101354366,0.0,0.0,0.0,nothing,8.0,33000.0,0,19.26805385263244
88be0e21d9fffff,-33.71372773749973,151.25121756863223,0.0,0.0,0.0,0.0,0.0,0.0,0.0,0.0,0.0,0.0,0.0,0.0,0.0,0.0,0.0,0.0,0.0,0.0,0.0,0.0,0.0,nothing,0.0,33000.0,0,17.09241555685483
88be0e21dbfffff,-33.7126235204033,151.2403616367889,0.0,0.0,0.0,0.0,0.0,0.0,0.0,0.0,0.0,1.0,0.0,0.0,0.0,0.0,0.0,0.0,0.0,575.4853279414037,0.0,0.0,0.0,nothing,0.0,0.0,0,17.053110615687682
88be0e21ddfffff,-33.706452014874806,151.2577982149895,0.0,0.0,0.0,0.0,0.0,0.0,0.0,0.0,0.0,0.0,0.0,0.0,0.0,0.0,0.0,0.0,0.0,0.0,0.0,0.0,0.0,nothing,0.0,33000.0,0,18.00541534463823
88be0e21e1fffff,-33.67734528621363,151.28410997392174,0.0,1.0,0.0,0.0,0.0,1.0,0.0,0.0,11.0,9.0,0.0,7.0,0.0,0.0,1.0,0.0,0.0,18608.021334674,0.0,0.0,0.0,nothing,11.0,0.0,0,21.744906594812317
88be0e21e5fffff,-33.67006764709411,151.29068520749976,0.0,0.0,0.0,0.0,0.0,0.0,0.0,0.0,0.0,2.0,0.0,12.0,0.0,0.0,0.0,0.0,0.0,0.0,0.0,0.0,0.0,nothing,3.0,0.0,0,22.696249518481846
88be0e21e7fffff,-33.668967165049445,151.2798338561013,0.0,0.0,0.0,0.0,0.0,0.0,0.0,0.0,4.0,12.0,0.0,0.0,0.0,0.0,0.0,0.0,0.0,0.0,0.0,0.0,0.0,nothing,0.0,0.0,0,22.529867210997676
88be0e21e9fffff,-33.685723335421905,151.28838696358483,0.0,0.0,0.0,3.0,0.0,2.0,0.0,0.0,5.0,8.0,0.0,9.0,0.0,0.0,0.0,0.0,0.0,19813.489891581256,0.0,0.0,0.0,nothing,83.0,33000.0,0,20.979234403402987
88be0e21edfffff,-33.67844545663948,151.2949625153136,0.0,0.0,0.0,3.0,0.0,0.0,0.0,0.0,1.0,2.0,0.0,10.0,0.0,0.0,0.0,0.0,0.0,26226.589100750913,8422.444444444445,3.0,4.0,kW,10.0,0.0,1,21.940616817162198
88be0e2203fffff,-33.79861695992377,151.30487908955791,0.0,0.0,0.0,0.0,0.0,0.0,0.0,0.0,0.0,3.0,0.0,0.0,0.0,0.0,0.0,0.0,0.0,4229.900327236005,0.0,0.0,0.0,nothing,0.0,0.0,0,11.016579973870211
88be0e2211fffff,-33.804794516533825,151.28742587987753,0.0,0.0,0.0,6.0,0.0,2.0,4.0,0.0,6.0,15.0,0.0,6.0,0.0,0.0,0.0,1.0,0.0,4505.138407952827,0.0,1.0,1.0,22 kW,41.0,0.0,1,9.374652988259724
88be0e2213fffff,-33.80369280156594,151.27655725415153,0.0,0.0,0.0,1.0,0.0,2.0,0.0,0.0,26.0,2.0,0.0,2.0,0.0,0.0,0.0,0.0,0.0,0.0,0.0,0.0,0.0,nothing,7.0,0.0,0,8.793257596087942
88be0e2215fffff,-33.7975168069774,151.29401080351678,5.0,0.0,0.0,14.0,0.0,7.0,1.0,0.0,57.0,28.0,0.0,0.0,0.0,0.0,0.0,0.0,1.0,4229.900327236005,0.0,0.0,0.0,nothing,8.0,0.0,0,10.378642765038812
88be0e2217fffff,-33.79641571599394,151.28314294412453,23.0,5.0,0.0,78.0,4.0,3.0,8.0,1.0,32.0,58.0,0.0,29.0,3.0,2.0,0.0,6.0,0.0,3992.1143702317595,0.0,5.0,5.0,"22 kW, kW",94.0,0.0,1,9.804241554414281
88be0e2219fffff,-33.813173238882094,151.29170969014964,0.0,0.0,1.0,1.0,0.0,0.0,0.0,0.0,4.0,6.0,0.0,2.0,0.0,0.0,0.0,0.0,0.0,6555.990341974616,0.0,0.0,0.0,nothing,2.0,0.0,0,9.038089252291833
88be0e221bfffff,-33.812071838106924,151.28083987054467,0.0,0.0,0.0,0.0,0.0,0.0,0.0,0.0,3.0,0.0,0.0,0.0,0.0,0.0,0.0,0.0,0.0,0.0,0.0,0.0,0.0,nothing,0.0,0.0,0,8.372511703487683
88be0e221dfffff,-33.80589529326658,151.2982949327916,0.0,0.0,0.0,2.0,0.0,1.0,0.0,0.0,6.0,15.0,0.0,3.0,0.0,0.0,1.0,0.0,0.0,15963.506580023331,0.0,0.0,0.0,nothing,3.0,0.0,0,10.025096389135479
88be0e2231fffff,-33.78186038220187,151.29631106791393,0.0,1.0,0.0,5.0,0.0,1.0,0.0,1.0,5.0,5.0,0.0,3.0,0.0,0.0,0.0,0.0,0.0,9028.778862605244,0.0,5.0,5.0,kW,8.0,0.0,1,11.826559423509835
88be0e2233fffff,-33.78075960093634,151.28544516806298,2.0,1.0,1.0,11.0,0.0,3.0,1.0,1.0,7.0,18.0,1.0,31.0,0.0,1.0,0.0,0.0,0.0,17466.589098651697,0.0,0.0,0.0,nothing,55.0,0.0,0,11.3256074021024
88be0e2237fffff,-33.773481977165666,151.29202836840906,0.0,0.0,0.0,2.0,0.0,3.0,0.0,0.0,2.0,1.0,0.0,21.0,0.0,0.0,0.0,0.0,0.0,10310.081864259904,0.0,0.0,0.0,nothing,24.0,0.0,0,12.336190927776604
88be0e223bfffff,-33.7891382427001,151.28972754868053,6.0,1.0,0.0,12.0,1.0,6.0,2.0,0.0,9.0,12.0,0.0,12.0,0.0,0.0,0.0,0.0,0.0,0.0,0.0,0.0,0.0,nothing,27.0,0.0,0,10.815352706862608
88be0e2253fffff,-33.821551882537065,151.29599437516083,4.0,0.0,0.0,2.0,0.0,1.0,0.0,0.0,26.0,21.0,0.0,2.0,1.0,0.0,0.0,0.0,0.0,7808.993365478,0.0,0.0,0.0,nothing,5.0,0.0,0,8.805227314655397
88be0e2257fffff,-33.81427370106595,151.30257993672484,0.0,0.0,0.0,1.0,0.0,0.0,0.0,1.0,3.0,11.0,0.0,0.0,0.0,0.0,0.0,0.0,0.0,605.433244713433,0.0,0.0,0.0,nothing,0.0,0.0,0,9.76375490471091
88be0e2281fffff,-33.79200197485532,151.2396757881784,0.0,0.0,2.0,1.0,0.0,0.0,0.0,0.0,2.0,2.0,0.0,10.0,0.0,0.0,0.0,0.0,0.0,1687.6646945760363,0.0,0.0,0.0,nothing,12.0,0.0,0,8.384898628945496
88be0e2283fffff,-33.79089619606304,151.22881007337955,0.0,1.0,0.0,0.0,0.0,0.0,0.0,0.0,2.0,7.0,0.0,0.0,0.0,0.0,0.0,0.0,0.0,0.0,0.0,0.0,0.0,nothing,0.0,0.0,0,8.306073589882809
88be0e2285fffff,-33.784726998453294,151.24626345340587,0.0,0.0,1.0,0.0,0.0,0.0,0.0,0.0,0.0,2.0,0.0,16.0,0.0,0.0,0.0,0.0,0.0,9089.401774281589,0.0,0.0,0.0,nothing,12.0,33000.0,0,9.329207409181226
88be0e2287fffff,-33.78362184437765,151.23539850242642,0.0,0.0,0.0,3.0,0.0,0.0,0.0,0.0,2.0,14.0,0.0,5.0,0.0,0.0,0.0,0.0,0.0,6044.847099175481,4968.07619047619,0.0,0.0,nothing,0.0,0.0,0,9.202622289593613
88be0e2289fffff,-33.80038202883562,151.2439539476704,1.0,1.0,0.0,3.0,0.0,0.0,0.0,0.0,3.0,7.0,0.0,18.0,0.0,0.0,0.0,0.0,0.0,2556.2411273703924,21393.78426395939,0.0,0.0,nothing,8.0,0.0,0,7.613574166874277
88be0e228bfffff,-33.799276562512524,151.23308703826433,0.0,0.0,0.0,0.0,0.0,0.0,0.0,0.0,1.0,1.0,0.0,0.0,0.0,0.0,0.0,0.0,0.0,0.0,0.0,0.0,0.0,nothing,0.0,0.0,0,7.458265351285595
88be0e228dfffff,-33.79310681640349,151.25054193340853,0.0,4.0,2.0,8.0,1.0,0.0,0.0,0.0,1.0,12.0,0.0,18.0,0.0,1.0,0.0,0.0,0.0,4420.067565890282,10490.278969957082,0.0,0.0,nothing,40.0,0.0,0,8.58355998818461
88be0e2291fffff,-33.79706281770185,151.21135451312114,1.0,0.0,0.0,2.0,0.0,0.0,0.0,0.0,15.0,15.0,0.0,11.0,0.0,0.0,0.0,0.0,0.0,0.0,8772.162309368192,0.0,0.0,nothing,16.0,0.0,0,7.557107706287006
88be0e2293fffff,-33.79595453953342,151.20048889889594,0.0,3.0,1.0,12.0,2.0,0.0,1.0,0.0,5.0,22.0,1.0,15.0,0.0,2.0,1.0,0.0,0.0,5476.065286671709,0.0,0.0,0.0,nothing,69.0,132000.0,0,7.806064820005537
88be0e2295fffff,-33.78978948018595,151.21794478976793,0.0,0.0,0.0,0.0,0.0,0.0,0.0,0.0,1.0,7.0,0.0,6.0,0.0,0.0,0.0,0.0,0.0,0.0,0.0,0.0,0.0,nothing,2.0,0.0,0,8.350474012166893
88be0e2297fffff,-33.78868182738358,151.20707993809927,0.0,2.0,0.0,1.0,0.0,1.0,0.0,0.0,5.0,8.0,0.0,15.0,0.0,0.0,0.0,0.0,0.0,6875.223073238089,0.0,0.0,0.0,nothing,15.0,132000.0,0,8.516167660163267
88be0e2299fffff,-33.8054437319157,151.21562996168197,0.0,1.0,0.0,7.0,1.0,0.0,1.0,1.0,11.0,28.0,0.0,9.0,0.0,2.0,0.0,0.0,0.0,8929.38603259222,0.0,0.0,0.0,nothing,28.0,0.0,0,6.613340645771445
88be0e229bfffff,-33.8043357654449,151.20476315206096,0.0,0.0,0.0,0.0,0.0,0.0,0.0,0.0,2.0,4.0,0.0,18.0,0.0,0.0,0.0,0.0,0.0,3956.544789627635,0.0,0.0,0.0,nothing,61.0,0.0,0,6.821731546371514
88be0e229dfffff,-33.798170158748114,151.22222055982922,0.0,0.0,0.0,3.0,0.0,0.0,0.0,0.0,7.0,18.0,0.0,5.0,0.0,0.0,0.0,0.0,0.0,92.8738851180041,0.0,0.0,0.0,nothing,3.0,0.0,0,7.439099808418306
88be0e22a1fffff,-33.76907197607472,151.2485721073839,0.0,0.0,0.0,8.0,0.0,0.0,0.0,0.0,1.0,8.0,0.0,4.0,0.0,1.0,0.0,0.0,0.0,1253.3956352316677,0.0,0.0,0.0,nothing,8.0,132000.0,0,11.055468772556683
88be0e22a3fffff,-33.76796713417253,151.23770911416105,0.0,0.0,0.0,0.0,0.0,0.0,0.0,0.0,0.0,7.0,0.0,2.0,0.0,0.0,0.0,0.0,0.0,0.0,0.0,0.0,0.0,nothing,0.0,33000.0,0,10.948624854943317
88be0e22a5fffff,-33.76179646049163,151.25515728348182,0.0,0.0,0.0,0.0,0.0,0.0,0.0,0.0,0.0,1.0,1.0,0.0,0.0,0.0,0.0,0.0,0.0,425.1502121834171,0.0,0.0,0.0,nothing,5.0,132000.0,0,12.002548556852886
88be0e22a7fffff,-33.76069224273668,151.24429505408776,0.0,0.0,0.0,0.0,0.0,0.0,0.0,0.0,0.0,4.0,0.0,10.0,0.0,0.0,0.0,0.0,0.0,8026.714790013289,0.0,0.0,0.0,nothing,24.0,132000.0,0,11.86085612218746
88be0e22a9fffff,-33.77745163382371,151.25285003404042,0.0,1.0,0.0,0.0,0.0,3.0,0.0,0.0,3.0,19.0,0.0,0.0,0.0,0.0,0.0,0.0,0.0,2126.6644601747626,0.0,0.0,0.0,nothing,0.0,33000.0,0,10.28632606779807
88be0e22abfffff,-33.776347104209144,151.24198584706335,0.0,1.0,0.0,2.0,0.0,0.0,0.0,0.0,0.0,14.0,0.0,2.0,0.0,0.0,0.0,0.0,0.0,11041.969254393249,0.0,0.0,0.0,nothing,0.0,33000.0,0,10.120890576679487
88be0e22adfffff,-33.770175881483816,151.25943553017586,0.0,2.0,1.0,2.0,0.0,0.0,0.0,0.0,1.0,20.0,0.0,10.0,0.0,0.0,0.0,0.0,0.0,17420.979935971463,0.0,0.0,0.0,nothing,26.0,132000.0,0,11.252987523277067
88be0e22b1fffff,-33.77413523506788,151.22025876418948,0.0,1.0,1.0,6.0,1.0,0.0,1.0,0.0,2.0,16.0,0.0,9.0,0.0,0.0,3.0,0.0,0.0,6917.839907446155,0.0,0.0,0.0,nothing,17.0,0.0,0,10.091881817917049
88be0e22b3fffff,-33.77302789585982,151.2093958698036,0.0,0.0,0.0,4.0,0.0,1.0,0.0,0.0,8.0,14.0,0.0,2.0,0.0,0.0,0.0,0.0,0.0,25254.07448008275,0.0,0.0,0.0,nothing,7.0,0.0,0,10.229156183411956
88be0e22b5fffff,-33.76686135593624,151.22684655126272,0.0,0.0,0.0,1.0,0.0,0.0,0.0,0.0,0.0,9.0,0.0,0.0,0.0,0.0,0.0,0.0,0.0,920.9393027404024,0.0,0.0,0.0,nothing,0.0,33000.0,0,10.935110034933125
88be0e22b7fffff,-33.76575464152514,151.2159844194442,1.0,3.0,0.0,15.0,4.0,0.0,1.0,1.0,9.0,29.0,0.0,18.0,0.0,1.0,0.0,0.0,0.0,16125.451243870284,0.0,0.0,0.0,nothing,39.0,33000.0,0,11.015263915642585
88be0e22b9fffff,-33.78251575341433,151.2245339820946,0.0,0.0,0.0,0.0,0.0,0.0,0.0,0.0,0.0,9.0,0.0,2.0,0.0,0.0,0.0,0.0,0.0,0.0,0.0,0.0,0.0,nothing,0.0,0.0,0,9.186820150256251
88be0e22bbfffff,-33.781408725722706,151.21366989316607,0.0,0.0,0.0,1.0,0.0,0.0,0.0,0.0,3.0,8.0,0.0,7.0,0.0,0.0,0.0,0.0,0.0,0.0,0.0,0.0,0.0,nothing,4.0,0.0,0,9.282362137484482
88be0e22bdfffff,-33.77524163790414,151.2311220901945,0.0,0.0,0.0,0.0,0.0,0.0,0.0,0.0,1.0,5.0,0.0,0.0,0.0,0.0,0.0,0.0,0.0,0.0,0.0,0.0,0.0,nothing,0.0,33000.0,0,10.05542870093912
88be0e22c1fffff,-33.80986622141582,151.25910151527412,0.0,0.0,0.0,2.0,0.0,0.0,0.0,0.0,2.0,6.0,0.0,12.0,0.0,0.0,0.0,0.0,0.0,0.0,0.0,0.0,0.0,nothing,13.0,0.0,0,7.286264276722977
88be0e22c3fffff,-33.80876200581704,151.24823298112253,0.0,0.0,0.0,7.0,0.0,2.0,0.0,0.0,8.0,10.0,0.0,6.0,0.0,0.0,0.0,0.0,0.0,17764.735836912278,0.0,0.0,0.0,nothing,19.0,0.0,0,6.904221717362923
88be0e22c5fffff,-33.80259014852121,151.26568905637052,2.0,2.0,0.0,6.0,0.0,1.0,0.0,0.0,16.0,13.0,0.0,14.0,0.0,0.0,0.0,0.0,0.0,1295.2619660404443,0.0,0.0,0.0,nothing,8.0,0.0,0,8.295435777410777
88be0e22c7fffff,-33.801486557558185,151.2548212872913,0.0,1.0,0.0,4.0,1.0,0.0,0.0,0.0,5.0,7.0,0.0,15.0,1.0,1.0,0.0,2.0,0.0,11445.178279626558,0.0,0.0,0.0,nothing,32.0,0.0,0,7.89700326825515
88be0e22c9fffff,-33.81824580747477,151.26338261757712,0.0,0.0,0.0,0.0,0.0,0.0,0.0,0.0,0.0,2.0,0.0,0.0,0.0,0.0,0.0,0.0,0.0,0.0,0.0,0.0,0.0,nothing,0.0,0.0,0,6.771892033858164
88be0e22cbfffff,-33.81714190529798,151.25251288875475,0.0,0.0,0.0,0.0,0.0,0.0,0.0,0.0,2.0,1.0,0.0,14.0,0.0,0.0,0.0,0.0,0.0,0.0,0.0,0.0,0.0,nothing,13.0,0.0,0,6.27788843317935
88be0e22cdfffff,-33.81096949889868,151.26997047866715,0.0,2.0,0.0,3.0,0.0,0.0,0.0,0.0,13.0,8.0,0.0,0.0,2.0,0.0,0.0,0.0,0.0,0.0,0.0,0.0,0.0,nothing,0.0,0.0,0,7.782448865597798
88be0e22d1fffff,-33.81493128616321,151.2307747212105,0.0,0.0,0.0,0.0,0.0,0.0,0.0,0.0,0.0,0.0,0.0,3.0,0.0,0.0,0.0,0.0,0.0,0.0,0.0,0.0,0.0,nothing,3.0,0.0,0,5.717070129418287
88be0e22d3fffff,-33.81382456952365,151.21990628400195,0.0,0.0,0.0,2.0,0.0,0.0,0.0,1.0,3.0,11.0,0.0,8.0,0.0,0.0,0.0,0.0,0.0,10491.726852262973,0.0,0.0,0.0,nothing,20.0,0.0,0,5.692483240662512
88be0e22d5fffff,-33.80765685226128,151.237364876969,0.0,0.0,0.0,0.0,0.0,0.0,0.0,0.0,2.0,6.0,0.0,6.0,0.0,0.0,0.0,0.0,0.0,0.0,0.0,0.0,0.0,nothing,5.0,0.0,0,6.655998510644742
88be0e22d7fffff,-33.806550760907705,151.22649720357,0.0,1.0,0.0,2.0,0.0,1.0,0.0,0.0,11.0,12.0,0.0,8.0,0.0,0.0,0.0,0.0,0.0,1950.5750261411542,0.0,0.0,0.0,nothing,3.0,0.0,0,6.556803889311487
88be0e22d9fffff,-33.823311734013075,151.2350531129708,0.0,2.0,0.0,5.0,1.0,1.0,0.0,0.0,1.0,14.0,0.0,22.0,0.0,0.0,0.0,0.0,0.0,385.2421624068029,14778.937293729374,0.0,0.0,nothing,87.0,132000.0,0,4.94165025093115
88be0e22dbfffff,-33.82220533002418,151.22418348030132,1.0,0.0,0.0,4.0,0.0,0.0,1.0,0.0,4.0,17.0,0.0,12.0,0.0,0.0,0.0,0.0,0.0,4302.525607081503,0.0,0.0,0.0,nothing,39.0,0.0,0,4.807724026109059
88be0e22ddfffff,-33.816037064807766,151.24164358971362,0.0,1.0,0.0,2.0,0.0,0.0,0.0,0.0,0.0,4.0,0.0,15.0,0.0,1.0,0.0,0.0,0.0,2550.1008801781754,0.0,0.0,0.0,nothing,32.0,0.0,0,5.9178291149274465
88be0e22e1fffff,-33.786934495305296,151.26799464428413,6.0,2.0,0.0,8.0,1.0,0.0,2.0,0.0,13.0,10.0,1.0,15.0,2.0,1.0,0.0,0.0,0.0,20590.96181029262,15943.111111111111,0.0,0.0,nothing,73.0,132000.0,0,9.894035898824184
88be0e22e3fffff,-33.78583121548214,151.2571288342771,0.0,5.0,0.0,6.0,0.0,4.0,0.0,0.0,1.0,22.0,0.0,10.0,0.0,0.0,0.0,0.0,0.0,1610.3562035601763,0.0,0.0,0.0,nothing,14.0,33000.0,0,9.562181348076697
88be0e22e5fffff,-33.77965788234592,151.27457969529624,1.0,2.0,1.0,11.0,0.0,0.0,0.0,1.0,25.0,30.0,0.0,12.0,0.0,0.0,0.0,0.0,0.0,3647.4683708844846,0.0,0.0,0.0,nothing,19.0,132000.0,0,10.896187280628437
88be0e22e7fffff,-33.77855522658888,151.26371465037002,0.0,0.0,0.0,2.0,0.0,0.0,1.0,0.0,0.0,5.0,0.0,16.0,0.0,0.0,0.0,0.0,0.0,10614.321900273497,8321.457227138642,0.0,0.0,nothing,26.0,132000.0,0,10.547035882230636
88be0e22e9fffff,-33.79531368713151,151.272275512138,0.0,0.0,0.0,5.0,2.0,0.0,0.0,0.0,7.0,16.0,0.0,21.0,0.0,0.0,0.0,0.0,0.0,5893.678552886987,0.0,0.0,0.0,nothing,45.0,0.0,0,9.305145382513318
88be0e22ebfffff,-33.7942107205485,151.26140850831385,1.0,0.0,1.0,11.0,4.0,0.0,1.0,0.0,14.0,31.0,0.0,25.0,1.0,0.0,0.0,0.0,0.0,3258.7604553262595,0.0,10.0,11.0,"22 kW, 7 kW",69.0,0.0,1,8.894035948830341
88be0e22edfffff,-33.788036837764096,151.27886088267073,3.0,0.0,0.0,3.0,0.0,0.0,0.0,0.0,14.0,7.0,0.0,14.0,0.0,0.0,0.0,0.0,0.0,13026.596946976137,0.0,0.0,0.0,nothing,39.0,33000.0,0,10.315236244737973
88be0e2401fffff,-33.776435855343486,151.08759529393913,1.0,0.0,0.0,0.0,1.0,0.0,0.0,1.0,1.0,6.0,0.0,5.0,0.0,0.0,1.0,0.0,0.0,7471.054074971521,23639.025316455696,1.0,1.0,22 kW,31.0,0.0,1,15.455764385206036
88be0e2403fffff,-33.77531697196455,151.07673568446714,6.0,2.0,1.0,14.0,4.0,0.0,3.0,1.0,33.0,32.0,0.0,18.0,1.0,0.0,1.0,0.0,0.0,12763.794832799427,0.0,0.0,0.0,nothing,57.0,0.0,0,16.319622902172508
88be0e2405fffff,-33.769169642853555,151.09419360349844,0.0,1.0,0.0,0.0,0.0,0.0,0.0,0.0,4.0,4.0,0.0,4.0,0.0,0.0,0.0,0.0,0.0,4547.334170736645,17610.992592592593,0.0,0.0,nothing,5.0,0.0,0,15.530262836550174
88be0e2407fffff,-33.76805138693609,151.08333475028238,2.0,3.0,0.0,17.0,3.0,1.0,2.0,0.0,35.0,24.0,0.0,14.0,3.0,3.0,0.0,0.0,0.0,5186.05647458218,0.0,0.0,0.0,nothing,53.0,0.0,0,16.3587546304497
88be0e2409fffff,-33.784820251426936,151.09185670935702,0.0,1.0,0.0,8.0,1.0,2.0,1.0,0.0,4.0,6.0,0.0,13.0,0.0,1.0,0.0,0.0,0.0,1613.2595023137774,0.0,0.0,0.0,nothing,23.0,0.0,0,14.566861923241989
88be0e240bfffff,-33.78370167552025,151.08099590227667,0.0,0.0,0.0,1.0,0.0,1.0,2.0,1.0,0.0,2.0,0.0,9.0,0.0,0.0,0.0,0.0,0.0,7984.001744987062,8998.555555555555,0.0,0.0,nothing,21.0,0.0,0,15.447280966477456
88be0e240dfffff,-33.777553803729425,151.09845534440862,0.0,2.0,1.0,0.0,0.0,0.0,0.0,0.0,1.0,4.0,0.0,12.0,0.0,1.0,0.0,0.0,0.0,5981.818472371626,0.0,1.0,2.0,22 kW,25.0,0.0,1,14.611135465291467
88be0e2411fffff,-33.78146171830589,151.0592756134852,0.0,0.0,0.0,0.0,0.0,1.0,0.0,0.0,0.0,2.0,0.0,3.0,0.0,0.0,0.0,0.0,0.0,2247.44009877145,0.0,2.0,0.0,nothing,29.0,132000.0,1,17.251971495910425
88be0e2413fffff,-33.78034033732383,151.04841613328077,3.0,5.0,0.0,10.0,2.0,0.0,3.0,1.0,13.0,16.0,0.0,17.0,0.0,2.0,0.0,0.0,0.0,21997.839476607645,0.0,23.0,0.0,nothing,53.0,132000.0,1,18.171883335285393
88be0e2415fffff,-33.77419715375512,151.065876516746,1.0,0.0,0.0,6.0,1.0,5.0,0.0,0.0,28.0,7.0,0.0,16.0,0.0,1.0,0.0,0.0,0.0,8258.984458396719,0.0,0.0,0.0,nothing,26.0,0.0,0,17.199811173479347
88be0e2417fffff,-33.773076400877954,151.05501779152883,0.0,3.0,0.0,4.0,1.0,0.0,0.0,0.0,1.0,12.0,0.0,13.0,0.0,6.0,0.0,0.0,0.0,14605.015759701135,0.0,0.0,0.0,nothing,39.0,0.0,0,18.09394369744916
88be0e2419fffff,-33.78984696380298,151.06353430699474,0.0,0.0,0.0,0.0,0.0,0.0,0.0,0.0,1.0,2.0,0.0,12.0,0.0,0.0,0.0,0.0,0.0,541.2013871778609,9214.54945054945,4.0,0.0,nothing,13.0,132000.0,1,16.42897332123959
88be0e241bfffff,-33.78872588951884,151.052673628403,0.0,0.0,0.0,1.0,0.0,1.0,0.0,0.0,1.0,1.0,0.0,13.0,0.0,0.0,0.0,0.0,0.0,2166.549952124113,0.0,0.0,0.0,nothing,14.0,66000.0,0,17.362997331324497
88be0e241dfffff,-33.78258216442567,151.0701355367349,0.0,0.0,0.0,1.0,0.0,1.0,0.0,0.0,0.0,3.0,0.0,19.0,0.0,0.0,0.0,0.0,0.0,1022.2435906023911,0.0,0.0,0.0,nothing,24.0,0.0,0,16.343118981999588
88be0e2421fffff,-33.75351904124318,151.09652963652576,1.0,0.0,0.0,1.0,0.0,0.0,0.0,0.0,7.0,20.0,0.0,1.0,0.0,0.0,0.0,0.0,0.0,4442.738105270461,0.0,3.0,0.0,nothing,2.0,132000.0,1,16.622427875800966
88be0e2423fffff,-33.7524011052402,151.0856727365077,0.0,1.0,0.0,0.0,0.0,0.0,0.0,0.0,0.0,5.0,0.0,0.0,0.0,0.0,0.0,0.0,0.0,0.0,0.0,4.0,0.0,nothing,0.0,132000.0,1,17.398838265339098
88be0e2425fffff,-33.746252281611795,151.1031254571361,0.0,0.0,0.0,6.0,0.0,1.0,1.0,0.0,41.0,11.0,0.0,3.0,0.0,0.0,0.0,0.0,0.0,13629.902222651177,0.0,0.0,0.0,nothing,6.0,0.0,0,16.8440688713946
88be0e2427fffff,-33.745134972502605,151.09226931339086,0.0,0.0,0.0,0.0,0.0,0.0,0.0,0.0,1.0,16.0,0.0,0.0,0.0,0.0,0.0,0.0,0.0,2661.504333777663,0.0,0.0,0.0,nothing,0.0,0.0,0,17.581450230508434
88be0e2429fffff,-33.761903038567,151.10079083104577,0.0,0.0,0.0,2.0,0.0,2.0,0.0,0.0,4.0,9.0,0.0,12.0,0.0,1.0,0.0,0.0,0.0,1367.6036070938057,0.0,0.0,0.0,nothing,0.0,0.0,0,15.669835659753304
88be0e242bfffff,-33.76078540985679,151.08993273427157,0.0,0.0,0.0,6.0,1.0,0.0,0.0,0.0,6.0,10.0,0.0,8.0,0.0,0.0,0.0,0.0,0.0,5555.585465891037,0.0,0.0,0.0,nothing,5.0,110000.0,0,16.46006833701814
88be0e242dfffff,-33.754636043000396,151.10738697667233,0.0,1.0,1.0,0.0,0.0,0.0,0.0,0.0,7.0,17.0,0.0,9.0,0.0,2.0,0.0,0.0,0.0,950.9064679555653,0.0,1.0,0.0,nothing,12.0,132000.0,1,15.872767151159332
88be0e2431fffff,-33.758547349276505,151.06821786348323,0.0,0.0,0.0,1.0,0.0,0.0,0.0,0.0,0.0,7.0,0.0,12.0,0.0,0.0,0.0,0.0,0.0,2157.4668038701484,2977.777777777778,0.0,0.0,nothing,15.0,0.0,0,18.107349841536188
88be0e2433fffff,-33.757426917731486,151.0573610909748,0.0,0.0,0.0,0.0,0.0,0.0,0.0,0.0,0.0,1.0,0.0,4.0,0.0,0.0,0.0,0.0,0.0,10555.013584967073,0.0,0.0,0.0,nothing,3.0,0.0,0,18.95858914721169
88be0e2435fffff,-33.75128223515373,151.0748162773709,0.0,0.0,0.0,0.0,0.0,0.0,0.0,0.0,0.0,2.0,0.0,0.0,0.0,0.0,0.0,0.0,0.0,0.0,0.0,2.0,0.0,nothing,1.0,132000.0,1,18.198572436841044
88be0e2437fffff,-33.75016243114623,151.06396025986808,1.0,0.0,0.0,3.0,2.0,0.0,0.0,0.0,2.0,5.0,0.0,9.0,0.0,4.0,0.0,0.0,0.0,15736.848150823305,1071.6938775510205,0.0,0.0,nothing,41.0,0.0,0,19.018685905016884
88be0e2439fffff,-33.766932196382946,151.07247633827615,0.0,0.0,0.0,1.0,0.0,0.0,0.0,0.0,6.0,0.0,0.0,12.0,0.0,0.0,0.0,0.0,0.0,1923.3329694668073,0.0,0.0,0.0,nothing,34.0,0.0,0,17.207052510484463
88be0e243bfffff,-33.76581207135671,151.06161836823279,0.0,1.0,0.0,1.0,0.0,3.0,0.0,0.0,2.0,14.0,0.0,13.0,0.0,1.0,0.0,0.0,0.0,1386.9856455837448,0.0,0.0,0.0,nothing,26.0,0.0,0,18.072365110569063
88be0e243dfffff,-33.75966684670582,151.07907507816643,0.0,0.0,0.0,2.0,0.0,0.0,0.0,0.0,7.0,5.0,0.0,5.0,0.0,0.0,0.0,0.0,0.0,2867.9123399426294,9432.85806451613,0.0,0.0,nothing,20.0,110000.0,0,17.273621601082354
88be0e2441fffff,-33.79432190711396,151.1069814421602,0.0,0.0,0.0,1.0,0.0,1.0,0.0,0.0,6.0,2.0,0.0,23.0,0.0,0.0,0.0,0.0,0.0,7241.159909564791,0.0,0.0,0.0,nothing,32.0,0.0,0,12.814092684061832
88be0e2443fffff,-33.7932045746853,151.09611899675647,0.0,0.0,0.0,0.0,0.0,0.0,0.0,0.0,2.0,3.0,0.0,18.0,0.0,2.0,0.0,0.0,0.0,0.0,0.0,0.0,0.0,nothing,39.0,0.0,0,13.694793075747384
88be0e2445fffff,-33.787054597027044,151.11357964511896,0.0,0.0,0.0,3.0,0.0,0.0,0.0,0.0,5.0,8.0,0.0,13.0,0.0,0.0,0.0,0.0,0.0,11079.128915333325,20037.0,0.0,0.0,nothing,24.0,0.0,0,12.864908263132621
88be0e2447fffff,-33.785937891983274,151.10271795722238,0.0,0.0,0.0,2.0,0.0,0.0,0.0,0.0,6.0,7.0,0.0,19.0,0.0,1.0,0.0,0.0,0.0,1714.2479328373024,0.0,0.0,0.0,nothing,55.0,0.0,0,13.704837136989115
88be0e2449fffff,-33.802705848620285,151.11124579944246,0.0,2.0,0.0,6.0,0.0,4.0,0.0,0.0,2.0,5.0,0.0,19.0,0.0,0.0,0.0,0.0,0.0,3811.1110885579747,15927.940269749519,0.0,0.0,nothing,33.0,0.0,0,11.942385595594114
88be0e244bfffff,-33.80158882461743,151.100382156358,0.0,1.0,0.0,0.0,0.0,0.0,0.0,0.0,0.0,3.0,0.0,12.0,0.0,0.0,0.0,0.0,0.0,0.0,0.0,0.0,0.0,nothing,18.0,0.0,0,12.842989887912568
88be0e244dfffff,-33.79543830367276,151.1178443273821,0.0,2.0,0.0,11.0,1.0,0.0,0.0,1.0,1.0,17.0,0.0,18.0,0.0,2.0,0.0,0.0,0.0,12906.555497284764,11364.777777777777,0.0,0.0,nothing,50.0,0.0,0,11.954448781780647
88be0e2451fffff,-33.799351968578925,151.07865619202173,0.0,0.0,0.0,3.0,0.0,5.0,1.0,0.0,3.0,2.0,0.0,12.0,0.0,0.0,0.0,0.0,0.0,0.0,0.0,0.0,0.0,nothing,16.0,0.0,0,14.688382859322141
88be0e2453fffff,-33.79823213686816,151.06779387227806,0.0,0.0,0.0,0.0,0.0,0.0,0.0,1.0,1.0,2.0,0.0,18.0,0.0,0.0,0.0,0.0,0.0,3450.7941610308467,4697.941176470588,2.0,0.0,nothing,18.0,132000.0,1,15.62794913165809
88be0e2455fffff,-33.79208630654895,151.0852569919251,8.0,10.0,0.0,34.0,8.0,2.0,10.0,2.0,79.0,50.0,0.0,25.0,8.0,9.0,1.0,0.0,0.0,19986.68220323514,14365.480263157895,3.0,4.0,"22 kW, 7 kW",85.0,0.0,1,14.592734929292892
88be0e2457fffff,-33.790967102867306,151.07439542841996,0.0,5.0,0.0,6.0,1.0,0.0,1.0,0.0,14.0,15.0,0.0,9.0,0.0,2.0,0.0,0.0,0.0,15354.801283635117,0.0,0.0,0.0,nothing,45.0,66000.0,0,15.504920048700857
88be0e2459fffff,-33.80773676105939,151.08291782776072,2.0,7.0,1.0,6.0,2.0,0.0,0.0,2.0,2.0,15.0,1.0,19.0,0.0,4.0,0.0,0.0,0.0,5914.081834189879,0.0,0.0,0.0,nothing,64.0,0.0,0,13.897328420085687
88be0e245bfffff,-33.8066172370003,151.07205430955574,0.0,2.0,0.0,3.0,0.0,0.0,0.0,0.0,0.0,2.0,0.0,17.0,0.0,0.0,0.0,0.0,0.0,13136.027946524247,0.0,5.0,5.0,kW,39.0,0.0,1,14.852456798615401
88be0e245dfffff,-33.80047086454954,151.08951895363302,1.0,0.0,0.0,5.0,0.0,0.0,1.0,0.0,25.0,4.0,0.0,6.0,1.0,0.0,0.0,0.0,0.0,5856.416600179403,0.0,0.0,0.0,nothing,12.0,0.0,0,13.759303234208693
88be0e2461fffff,-33.771403350132296,151.11591263054697,15.0,5.0,0.0,8.0,0.0,4.0,6.0,1.0,1.0,18.0,0.0,4.0,0.0,0.0,5.0,0.0,1.0,89697.94923750957,0.0,1.0,2.0,22 kW,37.0,0.0,1,13.946752066438922
88be0e2463fffff,-33.770286963973,151.1050528971711,0.0,1.0,0.0,2.0,0.0,0.0,0.0,0.0,9.0,9.0,0.0,18.0,1.0,0.0,0.0,0.0,0.0,88472.28749816927,8153.858024691358,0.0,0.0,nothing,52.0,0.0,0,14.724923769837863
88be0e2465fffff,-33.764135492016614,151.12250834358858,0.0,0.0,0.0,0.0,0.0,1.0,0.0,0.0,1.0,12.0,0.0,7.0,0.0,0.0,0.0,0.0,0.0,0.0,0.0,3.0,0.0,nothing,13.0,132000.0,1,14.17483953771682
88be0e2467fffff,-33.763019732674266,151.11164936773588,0.0,0.0,0.0,3.0,0.0,0.0,0.0,0.0,2.0,24.0,0.0,6.0,0.0,0.0,0.0,0.0,0.0,13111.856822202817,0.0,5.0,0.0,nothing,10.0,132000.0,1,14.906635926103604
88be0e2469fffff,-33.77978689487335,151.12017676532582,6.0,12.0,0.0,37.0,5.0,0.0,3.0,1.0,15.0,72.0,0.0,25.0,2.0,3.0,0.0,0.0,0.0,45694.1699706445,0.0,12.0,13.0,"22 kW, 6.6 kW, kW",76.0,0.0,1,12.994502552889587
88be0e246bfffff,-33.778670816960066,151.10931583512206,15.0,9.0,0.0,10.0,0.0,3.0,0.0,1.0,2.0,21.0,0.0,19.0,2.0,2.0,2.0,0.0,0.0,154730.715711398,20821.11111111111,3.0,6.0,22 kW,102.0,0.0,1,13.789273505738818
88be0e246dfffff,-33.77251880116955,151.12677280287238,0.0,3.0,0.0,0.0,0.0,0.0,0.0,0.0,0.0,11.0,0.0,3.0,0.0,0.0,0.0,0.0,0.0,0.0,0.0,2.0,0.0,nothing,1.0,132000.0,1,13.200556589199934
88be0e2481fffff,-33.76858404595499,151.01158733075604,0.0,0.0,0.0,0.0,0.0,0.0,0.0,0.0,1.0,0.0,0.0,2.0,0.0,0.0,0.0,0.0,0.0,6304.392686431044,7323.021645021645,0.0,0.0,nothing,1.0,0.0,0,21.77514469228336
88be0e2483fffff,-33.767458622188435,151.0007308293492,0.0,0.0,0.0,1.0,0.0,0.0,0.0,0.0,1.0,6.0,0.0,7.0,0.0,1.0,0.0,0.0,0.0,15842.300208836505,19891.127819548874,0.0,0.0,nothing,31.0,0.0,0,22.715242172094868
88be0e2485fffff,-33.761322229780625,151.01819092274232,0.0,0.0,0.0,0.0,0.0,0.0,0.0,0.0,0.0,1.0,0.0,4.0,0.0,0.0,0.0,0.0,0.0,10032.377699326611,0.0,4.0,0.0,nothing,6.0,132000.0,1,21.662378358869955
88be0e2487fffff,-33.76019743483574,151.00733517380235,0.0,0.0,0.0,1.0,0.0,0.0,0.0,0.0,1.0,2.0,0.0,7.0,0.0,0.0,0.0,0.0,0.0,10015.255779148742,0.0,2.0,3.0,6 kW,13.0,0.0,1,22.584387773609766
88be0e2489fffff,-33.77697058683652,151.01584035846872,0.0,0.0,0.0,1.0,0.0,0.0,0.0,0.0,0.0,1.0,0.0,8.0,0.0,0.0,0.0,0.0,0.0,0.0,0.0,5.0,0.0,nothing,12.0,132000.0,1,20.9833250017785
88be0e248bfffff,-33.77584546803907,151.00498265797404,0.0,0.0,0.0,1.0,0.0,0.0,0.0,0.0,2.0,5.0,0.0,7.0,0.0,0.0,0.0,0.0,0.0,1813.440901043778,0.0,3.0,0.0,nothing,8.0,132000.0,1,21.934018813326432
88be0e248dfffff,-33.769708535871,151.02244427842967,1.0,0.0,0.0,4.0,1.0,0.0,0.0,0.0,0.0,7.0,0.0,13.0,0.0,2.0,0.0,0.0,0.0,17911.33776161478,0.0,0.0,0.0,nothing,17.0,0.0,0,20.841905838673412
88be0e2491fffff,-33.77359242847567,150.9832685981627,0.0,0.0,0.0,0.0,0.0,0.0,0.0,0.0,7.0,1.0,0.0,14.0,0.0,0.0,0.0,0.0,0.0,1210.619306622828,15561.888888888889,0.0,0.0,nothing,24.0,33000.0,0,23.85086388207006
88be0e2493fffff,-33.77246450803855,150.97241224035008,0.0,0.0,0.0,2.0,0.0,0.0,0.0,0.0,0.0,7.0,0.0,30.0,0.0,1.0,0.0,0.0,0.0,19484.535091957514,0.0,0.0,0.0,nothing,38.0,33000.0,0,24.815817350926284
88be0e2495fffff,-33.76633226473547,150.98987477496124,0.0,0.0,0.0,0.0,0.0,0.0,0.0,0.0,0.0,1.0,0.0,17.0,0.0,1.0,0.0,0.0,0.0,12316.955649424737,0.0,0.0,0.0,nothing,22.0,0.0,0,23.661378780942194
88be0e2497fffff,-33.76520497376043,150.97901916834397,0.0,0.0,0.0,0.0,0.0,0.0,0.0,0.0,2.0,1.0,0.0,21.0,0.0,0.0,0.0,0.0,0.0,14537.642210050673,0.0,0.0,0.0,nothing,28.0,0.0,0,24.612856147145052
88be0e2499fffff,-33.781979813346375,150.98751889852906,0.0,0.0,0.0,0.0,0.0,0.0,0.0,0.0,2.0,7.0,0.0,9.0,0.0,0.0,0.0,0.0,0.0,0.0,0.0,3.0,0.0,nothing,9.0,132000.0,1,23.107905136354194
88be0e249bfffff,-33.780852197102654,150.97666134085446,0.0,0.0,0.0,2.0,0.0,0.0,0.0,0.0,1.0,1.0,0.0,9.0,0.0,0.0,0.0,0.0,0.0,1364.0402753449073,0.0,3.0,0.0,nothing,18.0,132000.0,1,24.081370861930363
88be0e249dfffff,-33.77471941519735,150.99412540428798,0.0,0.0,0.0,0.0,0.0,0.0,0.0,0.0,0.0,0.0,0.0,17.0,0.0,0.0,0.0,0.0,0.0,0.0,0.0,3.0,0.0,nothing,18.0,132000.0,1,22.890080957924816
88be0e24a1fffff,-33.745673879163625,151.0205406212431,0.0,0.0,0.0,0.0,0.0,0.0,0.0,0.0,0.0,0.0,0.0,16.0,0.0,0.0,0.0,0.0,0.0,0.0,0.0,9.0,0.0,nothing,9.0,66000.0,1,22.45745188197839
88be0e24a3fffff,-33.74454940799624,151.00968682319345,0.0,0.0,0.0,0.0,0.0,0.0,0.0,0.0,0.0,1.0,0.0,2.0,0.0,0.0,0.0,0.0,0.0,0.0,0.0,0.0,0.0,nothing,1.0,0.0,0,23.34796924284129
88be0e24a5fffff,-33.73841151187656,151.02714172441043,1.0,1.0,0.0,1.0,0.0,0.0,1.0,0.0,3.0,2.0,0.0,10.0,0.0,0.0,0.0,0.0,0.0,4537.484518767071,0.0,4.0,0.0,nothing,18.0,132000.0,1,22.462133275751654
88be0e24a7fffff,-33.73728766896402,151.01628867884833,0.0,0.0,0.0,0.0,0.0,0.0,0.0,0.0,0.0,0.0,0.0,10.0,0.0,0.0,0.0,0.0,0.0,0.0,0.0,33.0,0.0,nothing,8.0,66000.0,1,23.33042020065405
88be0e24a9fffff,-33.75406002003216,151.0247934340227,0.0,0.0,0.0,0.0,0.0,0.0,0.0,0.0,1.0,1.0,0.0,9.0,0.0,0.0,0.0,0.0,0.0,0.0,0.0,0.0,0.0,nothing,8.0,0.0,0,21.596442747637518
88be0e24abfffff,-33.75293585365541,151.01393843773704,0.0,0.0,0.0,0.0,0.0,0.0,0.0,0.0,0.0,0.0,0.0,2.0,0.0,0.0,0.0,0.0,0.0,5614.430315684427,0.0,11.0,0.0,nothing,0.0,132000.0,1,22.498285882536596
88be0e24adfffff,-33.74679741722583,151.0313948646872,0.0,0.0,0.0,0.0,0.0,0.0,0.0,0.0,2.0,5.0,0.0,8.0,0.0,0.0,0.0,0.0,0.0,44329.34747124796,0.0,5.0,0.0,nothing,6.0,132000.0,1,21.57776782233184
88be0e24b1fffff,-33.75068472116887,150.9922297837244,0.0,0.0,1.0,0.0,0.0,1.0,0.0,0.0,0.0,5.0,0.0,14.0,0.0,0.0,0.0,0.0,0.0,12318.289297465983,0.0,0.0,0.0,nothing,25.0,0.0,0,24.328296942115866
88be0e24b3fffff,-33.74955775538734,150.98137612750048,0.0,0.0,0.0,0.0,0.0,0.0,0.0,0.0,2.0,2.0,1.0,20.0,0.0,0.0,0.0,0.0,0.0,1365.6476178345126,0.0,0.0,0.0,nothing,18.0,0.0,0,25.25455361118212
88be0e24b5fffff,-33.74342400388753,150.99883347128971,0.0,0.0,1.0,0.0,0.0,0.0,0.0,0.0,0.0,3.0,0.0,15.0,0.0,0.0,0.0,0.0,0.0,9585.44133799148,9189.699248120301,4.0,0.0,nothing,29.0,132000.0,1,24.24812441671927
88be0e24b7fffff,-33.74229766700158,150.98798056628326,0.0,3.0,0.0,0.0,0.0,0.0,0.0,0.0,0.0,2.0,0.0,18.0,0.0,0.0,0.0,0.0,0.0,1845.7608792482306,10657.601951219513,4.0,2.0,7 kW,19.0,132000.0,1,25.15688096420161
88be0e24b9fffff,-33.75907170639809,150.99647987133955,0.0,3.0,0.0,5.0,2.0,0.0,1.0,1.0,8.0,12.0,0.0,17.0,0.0,2.0,1.0,0.0,0.0,21488.21307137788,0.0,0.0,0.0,nothing,57.0,0.0,0,23.5139079220623
88be0e24bbfffff,-33.75794504463186,150.98562501610562,0.0,1.0,0.0,0.0,0.0,0.0,0.0,0.0,0.0,1.0,0.0,10.0,0.0,0.0,0.0,0.0,0.0,12044.715900486133,0.0,1.0,3.0,6.6 - 22 kW,22.0,0.0,1,24.450080266944124
88be0e24bdfffff,-33.75181075397964,151.00308388738708,0.0,0.0,0.0,0.0,0.0,0.0,0.0,0.0,3.0,2.0,0.0,11.0,0.0,1.0,0.0,0.0,0.0,10396.408965048238,0.0,3.0,0.0,nothing,13.0,132000.0,1,23.409245969492233
88be0e24c1fffff,-33.786480935943636,151.0309536027331,0.0,1.0,0.0,0.0,0.0,0.0,0.0,0.0,0.0,3.0,0.0,13.0,0.0,1.0,0.0,0.0,0.0,5391.07120447937,0.0,0.0,0.0,nothing,24.0,0.0,0,19.25512940240821
88be0e24c3fffff,-33.78535705697943,151.020094257161,0.0,0.0,0.0,2.0,0.0,0.0,0.0,1.0,1.0,0.0,0.0,0.0,0.0,0.0,0.0,0.0,0.0,18617.066288165937,0.0,0.0,0.0,nothing,0.0,0.0,0,20.21097824124245
88be0e24c5fffff,-33.77921802164262,151.03755709687465,0.0,0.0,0.0,1.0,0.0,1.0,0.0,1.0,1.0,4.0,0.0,3.0,0.0,0.0,0.0,0.0,0.0,710.1251711790723,0.0,4.0,0.0,nothing,8.0,132000.0,1,19.101254288699145
88be0e24c7fffff,-33.77809477142565,151.02669850501977,0.0,0.0,0.0,0.0,0.0,0.0,0.0,0.0,0.0,1.0,0.0,12.0,0.0,1.0,0.0,0.0,0.0,0.0,0.0,4.0,0.0,nothing,11.0,132000.0,1,20.038765965254537
88be0e24c9fffff,-33.79486702892396,151.03520957179032,0.0,0.0,0.0,0.0,0.0,0.0,0.0,0.0,0.0,1.0,0.0,2.0,0.0,0.0,0.0,0.0,0.0,0.0,0.0,0.0,0.0,nothing,2.0,66000.0,0,18.49347734021409
88be0e24cbfffff,-33.79374345588276,151.02434902705357,0.0,0.0,0.0,1.0,2.0,0.0,1.0,0.0,1.0,5.0,0.0,11.0,0.0,1.0,0.0,0.0,0.0,6850.407425561555,0.0,0.0,0.0,nothing,9.0,0.0,0,19.460424739764875
88be0e24cdfffff,-33.78760388017795,151.04181339339806,0.0,0.0,0.0,0.0,0.0,0.0,0.0,0.0,3.0,4.0,0.0,11.0,0.0,0.0,0.0,0.0,0.0,0.0,0.0,0.0,0.0,nothing,21.0,66000.0,0,18.305463356858812
88be0e24d1fffff,-33.79149350519257,151.00262927523752,0.0,2.0,3.0,10.0,0.0,7.0,0.0,1.0,12.0,56.0,0.0,15.0,0.0,0.0,0.0,1.0,0.0,27408.273785875586,22551.708428246013,4.0,4.0,7 kW,52.0,0.0,1,21.40718589063606
88be0e24d3fffff,-33.79036712787169,150.99177006966377,0.0,0.0,0.0,2.0,2.0,0.0,0.0,0.0,0.0,11.0,0.0,10.0,0.0,2.0,0.0,0.0,0.0,580.0798103821246,24204.956521739132,0.0,0.0,nothing,39.0,33000.0,0,22.385876543268225
88be0e24d5fffff,-33.78423224344912,151.00923535743462,0.0,0.0,0.0,0.0,0.0,0.0,0.0,0.0,2.0,2.0,0.0,12.0,0.0,0.0,0.0,0.0,0.0,0.0,0.0,0.0,0.0,nothing,4.0,0.0,0,21.172170274886867
88be0e24d7fffff,-33.783106495516684,150.99837690430653,0.0,3.0,0.0,0.0,1.0,0.0,0.0,0.0,1.0,2.0,0.0,9.0,0.0,0.0,0.0,0.0,0.0,0.0,0.0,0.0,0.0,nothing,16.0,0.0,0,22.13800740540069
88be0e24d9fffff,-33.799880443724085,151.00688251730182,0.0,0.0,2.0,6.0,1.0,0.0,1.0,1.0,28.0,44.0,1.0,31.0,1.0,3.0,1.0,0.0,0.0,0.0,12118.222222222223,0.0,0.0,nothing,92.0,0.0,0,20.69986904675806
88be0e24dbfffff,-33.79875437155071,150.99602211178762,0.0,1.0,0.0,0.0,0.0,0.0,0.0,0.0,3.0,8.0,0.0,2.0,0.0,2.0,0.0,0.0,0.0,20502.90301977814,0.0,0.0,0.0,nothing,23.0,0.0,0,21.686870204182863
88be0e24ddfffff,-33.79261894791765,151.01348892795167,1.0,0.0,0.0,0.0,0.0,0.0,0.0,0.0,0.0,7.0,0.0,9.0,0.0,0.0,0.0,0.0,0.0,18133.39025011136,6944.5028571428575,0.0,0.0,nothing,26.0,0.0,0,20.431865562070623
88be0e24e1fffff,-33.76356901853648,151.0399037570459,0.0,1.0,0.0,0.0,0.0,0.0,1.0,0.0,1.0,0.0,0.0,10.0,0.0,0.0,0.0,0.0,0.0,1129.489653620871,0.0,8.0,0.0,nothing,20.0,132000.0,1,19.84508059111381
88be0e24e3fffff,-33.762446091068774,151.02904711740752,0.0,0.0,0.0,0.0,0.0,0.0,0.0,0.0,0.0,0.0,0.0,0.0,0.0,0.0,0.0,0.0,0.0,0.0,0.0,6.0,0.0,nothing,0.0,132000.0,1,20.748883237349045
88be0e24e5fffff,-33.75630555223365,151.0465047613937,0.0,0.0,0.0,0.0,0.0,0.0,0.0,0.0,1.0,3.0,0.0,19.0,0.0,0.0,0.0,0.0,0.0,0.0,25222.1,2.0,0.0,nothing,26.0,132000.0,1,19.82508166206733
88be0e24e7fffff,-33.7551832529461,151.03564887549226,0.0,1.0,0.0,0.0,0.0,0.0,0.0,0.0,0.0,1.0,0.0,14.0,0.0,0.0,0.0,0.0,0.0,0.0,0.0,3.0,0.0,nothing,7.0,132000.0,1,20.70491020073291
88be0e24e9fffff,-33.77195471349604,151.04415950956857,0.0,1.0,0.0,1.0,0.0,0.0,0.0,0.0,2.0,4.0,0.0,10.0,0.0,0.0,0.0,0.0,0.0,652.307429874334,0.0,15.0,0.0,nothing,25.0,132000.0,1,19.000049505723933
88be0e24ebfffff,-33.770832091772576,151.033301671618,1.0,6.0,2.0,4.0,0.0,0.0,0.0,0.0,4.0,11.0,0.0,20.0,0.0,0.0,0.0,0.0,0.0,18318.66183394561,0.0,8.0,0.0,nothing,32.0,132000.0,1,19.91649214229358
88be0e24edfffff,-33.764691012020215,151.05076084090513,0.0,1.0,0.0,2.0,0.0,1.0,0.0,1.0,6.0,10.0,0.0,13.0,0.0,0.0,0.0,0.0,0.0,6199.751633685441,21101.35238095238,0.0,0.0,nothing,26.0,0.0,0,18.95235959506331
88be0e2501fffff,-33.72556415826556,151.1337607417986,0.0,0.0,1.0,2.0,0.0,0.0,0.0,0.0,7.0,9.0,0.0,12.0,0.0,0.0,0.0,0.0,0.0,0.0,0.0,0.0,0.0,nothing,15.0,0.0,0,17.263030571826366
88be0e2503fffff,-33.7244496617767,151.12290643001666,2.0,1.0,0.0,4.0,0.0,0.0,0.0,0.0,32.0,14.0,0.0,4.0,0.0,0.0,0.0,0.0,1.0,1447.654421072048,18576.38629283489,0.0,0.0,nothing,21.0,0.0,0,17.839655040463935
88be0e2505fffff,-33.718295214047956,151.14035147919284,0.0,0.0,0.0,0.0,0.0,0.0,0.0,0.0,2.0,8.0,0.0,19.0,0.0,0.0,0.0,0.0,0.0,1725.5376542223516,0.0,0.0,0.0,nothing,13.0,0.0,0,17.73823857289843
88be0e2507fffff,-33.71718134324002,151.12949792496465,0.0,0.0,0.0,0.0,0.0,0.0,0.0,0.0,0.0,2.0,0.0,6.0,0.0,0.0,0.0,0.0,0.0,287.81890771708566,0.0,0.0,0.0,nothing,11.0,0.0,0,18.271733709219646
88be0e2509fffff,-33.7339469023889,151.13802442984718,0.0,1.0,0.0,0.0,0.0,0.0,0.0,0.0,3.0,8.0,0.0,8.0,0.0,0.0,0.0,0.0,0.0,1702.313321396246,0.0,0.0,0.0,nothing,9.0,0.0,0,16.254510776037858
88be0e250bfffff,-33.73283271378627,151.12716892294102,0.0,5.0,0.0,10.0,2.0,0.0,0.0,1.0,33.0,32.0,0.0,15.0,4.0,2.0,0.0,0.0,0.0,16037.175300137644,0.0,0.0,0.0,nothing,37.0,0.0,0,16.83525380983957
88be0e250dfffff,-33.726677721128304,151.1446154907962,0.0,0.0,1.0,1.0,0.0,0.0,0.0,0.0,3.0,2.0,1.0,11.0,0.0,0.0,0.0,0.0,0.0,1702.1839324867606,0.0,0.0,0.0,nothing,10.0,0.0,0,16.72798543728166
88be0e2511fffff,-33.73060153527749,151.10545922314736,0.0,2.0,0.0,0.0,0.0,0.0,0.0,0.0,0.0,2.0,0.0,9.0,0.0,0.0,0.0,0.0,0.0,12920.267410345252,0.0,0.0,0.0,nothing,19.0,0.0,0,18.111374442996507
88be0e2513fffff,-33.72948454569462,151.09460503176513,0.0,1.0,0.0,0.0,0.0,0.0,0.0,0.0,0.0,0.0,0.0,11.0,0.0,0.0,0.0,0.0,0.0,22832.694000983418,0.0,3.0,3.0,kW,1.0,0.0,1,18.79896713623704
88be0e2515fffff,-33.72333423182307,151.11205255620303,0.0,1.0,0.0,1.0,0.0,0.0,0.0,0.0,2.0,2.0,0.0,2.0,0.0,0.0,0.0,0.0,0.0,0.0,0.0,0.0,0.0,nothing,15.0,0.0,0,18.453959156694133
88be0e2517fffff,-33.72221786856624,151.1011991211101,2.0,1.0,0.0,0.0,0.0,0.0,2.0,0.0,12.0,6.0,1.0,18.0,2.0,1.0,0.0,0.0,0.0,7811.505297893965,30806.428571428572,0.0,0.0,nothing,32.0,0.0,0,19.102305707561626
88be0e2519fffff,-33.73898513147919,151.10972019619382,0.0,0.0,0.0,1.0,0.0,0.0,0.0,0.0,9.0,9.0,0.0,0.0,0.0,0.0,0.0,0.0,0.0,3577.8229226867397,0.0,0.0,0.0,nothing,0.0,0.0,0,17.122690174893084
88be0e251bfffff,-33.737868449009525,151.09886480890705,0.0,2.0,0.0,2.0,0.0,0.0,1.0,0.0,1.0,5.0,0.0,14.0,1.0,0.0,2.0,0.0,0.0,15285.77634873174,0.0,0.0,0.0,nothing,21.0,0.0,0,17.819693804590393
88be0e251dfffff,-33.731717591361964,151.1163138537902,0.0,0.0,0.0,0.0,0.0,0.0,0.0,0.0,1.0,1.0,0.0,13.0,0.0,0.0,0.0,0.0,0.0,0.0,0.0,0.0,0.0,nothing,17.0,0.0,0,17.455564222025185
88be0e2521fffff,-33.70264354137902,151.14267767139168,0.0,0.0,0.0,1.0,0.0,0.0,0.0,0.0,2.0,5.0,0.0,7.0,0.0,0.0,0.0,0.0,0.0,8420.67075912447,0.0,0.0,0.0,nothing,3.0,0.0,0,19.26658883729553
88be0e2523fffff,-33.701529988291185,151.1318260691753,0.0,0.0,0.0,0.0,0.0,0.0,0.0,0.0,1.0,13.0,0.0,0.0,0.0,0.0,0.0,0.0,0.0,3584.418904210631,0.0,0.0,0.0,nothing,0.0,0.0,0,19.75871948387125
88be0e2525fffff,-33.695374059088024,151.14926592305406,0.0,0.0,0.0,2.0,0.0,0.0,0.0,0.0,3.0,4.0,0.0,11.0,0.0,0.0,0.0,0.0,0.0,3961.044425757247,0.0,2.0,0.0,nothing,9.0,330000.0,1,19.822808206185094
88be0e2527fffff,-33.694261131113066,151.13841507840607,0.0,0.0,0.0,0.0,0.0,0.0,0.0,0.0,0.0,1.0,0.0,0.0,0.0,0.0,0.0,0.0,0.0,0.0,0.0,0.0,0.0,nothing,0.0,0.0,0,20.276076473156742
88be0e2529fffff,-33.71102588165014,151.1469411352155,0.0,0.0,0.0,3.0,0.0,0.0,1.0,0.0,1.0,5.0,0.0,11.0,0.0,0.0,0.0,0.0,0.0,1392.393567995123,0.0,0.0,0.0,nothing,9.0,0.0,0,18.257175154242187
88be0e252bfffff,-33.70991263626858,151.13608833872578,0.0,0.0,0.0,1.0,1.0,0.0,0.0,0.0,2.0,4.0,0.0,22.0,0.0,0.0,0.0,0.0,0.0,1833.047069586046,0.0,0.0,0.0,nothing,3.0,0.0,0,18.748483383596312
88be0e252dfffff,-33.70375616158882,151.15352970995846,0.0,1.0,0.0,1.0,0.0,0.0,0.0,0.0,1.0,2.0,0.0,0.0,0.0,0.0,0.0,0.0,0.0,3059.500493420872,0.0,0.0,0.0,nothing,0.0,0.0,0,18.816223300050737
88be0e2531fffff,-33.7076833464456,151.1143840571671,0.0,0.0,1.0,2.0,0.0,0.0,0.0,0.0,4.0,3.0,0.0,18.0,0.0,1.0,0.0,0.0,0.0,3765.4352736699643,19338.41778975741,0.0,0.0,nothing,25.0,0.0,0,19.850211225425852
88be0e2533fffff,-33.70656730232691,151.10353257360242,1.0,20.0,1.0,34.0,13.0,2.0,2.0,2.0,22.0,64.0,0.0,15.0,2.0,5.0,0.0,0.0,0.0,37633.69936409943,14824.666666666666,4.0,4.0,22 kW,99.0,132000.0,1,20.454211696455605
88be0e2535fffff,-33.700415502486415,151.1209749040615,0.0,0.0,0.0,0.0,0.0,0.0,0.0,0.0,2.0,1.0,0.0,8.0,0.0,0.0,0.0,0.0,0.0,0.0,0.0,0.0,0.0,nothing,1.0,0.0,0,20.289574159817423
88be0e2537fffff,-33.69930008412603,151.11012417680226,1.0,0.0,2.0,4.0,9.0,2.0,0.0,0.0,10.0,28.0,0.0,12.0,0.0,0.0,0.0,0.0,1.0,23202.137414027846,0.0,0.0,0.0,nothing,64.0,132000.0,0,20.85619396020671
88be0e2539fffff,-33.7160665391628,151.11864480816527,0.0,2.0,0.0,14.0,3.0,1.0,1.0,0.0,38.0,18.0,0.0,5.0,0.0,4.0,0.0,0.0,0.0,14065.80307360198,0.0,0.0,0.0,nothing,43.0,0.0,0,18.844672602052142
88be0e253bfffff,-33.71495080197772,151.10779212954705,0.0,0.0,0.0,4.0,0.0,0.0,1.0,0.0,6.0,15.0,0.0,9.0,0.0,0.0,0.0,0.0,0.0,4414.427281628237,20027.58752166378,2.0,2.0,kW,33.0,0.0,1,19.453568184989727
88be0e253dfffff,-33.70879845781331,151.12523597912556,0.0,0.0,0.0,0.0,0.0,0.0,0.0,0.0,0.0,1.0,0.0,25.0,0.0,1.0,0.0,0.0,0.0,0.0,0.0,0.0,0.0,nothing,8.0,0.0,0,19.280589714218745
88be0e2541fffff,-33.74344252118758,151.15314612829113,0.0,0.0,0.0,0.0,0.0,0.0,0.0,0.0,7.0,0.0,0.0,7.0,0.0,0.0,0.0,0.0,0.0,668.3422845363048,18550.223021582733,1.0,0.0,nothing,15.0,132000.0,1,14.707456193345683
88be0e2543fffff,-33.74232957510895,151.1422889893303,1.0,0.0,0.0,1.0,0.0,0.0,1.0,0.0,17.0,13.0,0.0,13.0,0.0,3.0,0.0,0.0,0.0,9616.661210333645,25335.044776119405,0.0,0.0,nothing,36.0,0.0,0,15.2462128397886
88be0e2545fffff,-33.73617247748415,151.15973675391345,0.0,1.0,0.0,0.0,0.0,0.0,0.0,0.0,1.0,4.0,0.0,2.0,0.0,0.0,0.0,0.0,0.0,0.0,0.0,0.0,0.0,nothing,10.0,0.0,0,15.229546433569757
88be0e2547fffff,-33.73506015700855,151.1488803737557,0.0,0.0,0.0,0.0,0.0,0.0,0.0,0.0,2.0,3.0,0.0,9.0,0.0,0.0,0.0,0.0,0.0,1589.1953679597368,0.0,0.0,0.0,nothing,10.0,0.0,0,15.71772444834324
88be0e2549fffff,-33.75182481316427,151.1574127546224,1.0,5.0,0.0,1.0,1.0,1.0,0.0,1.0,13.0,4.0,0.0,5.0,0.0,2.0,0.0,0.0,0.0,10927.375061401008,0.0,0.0,0.0,nothing,21.0,0.0,0,13.697181417865979
88be0e254bfffff,-33.750712175924605,151.14655442046785,0.0,4.0,0.0,1.0,0.0,0.0,0.0,0.0,1.0,15.0,0.0,8.0,0.0,0.0,0.0,0.0,0.0,23158.42048531253,15212.044973544973,2.0,3.0,"22 kW, 7 kW",39.0,0.0,1,14.238186168191756
88be0e254dfffff,-33.744554532765385,151.16400370328748,0.0,0.0,0.0,0.0,0.0,0.0,0.0,0.0,2.0,1.0,0.0,16.0,0.0,0.0,0.0,0.0,0.0,353.70310355296283,0.0,3.0,0.0,nothing,3.0,132000.0,1,14.22062102367647
88be0e2551fffff,-33.748484097516354,151.12483906263796,0.0,0.0,0.0,1.0,0.0,0.0,0.0,0.0,13.0,13.0,0.0,2.0,0.0,0.0,0.0,0.0,0.0,10538.802070538011,0.0,0.0,0.0,nothing,0.0,0.0,0,15.463365491893711
88be0e2553fffff,-33.747368656670325,151.11398204046944,0.0,1.0,1.0,3.0,1.0,0.0,0.0,0.0,20.0,17.0,0.0,17.0,0.0,2.0,0.0,0.0,0.0,2376.0396879888285,0.0,0.0,0.0,nothing,36.0,0.0,0,16.13666794799075
88be0e2555fffff,-33.74121569469048,151.13143228715833,0.0,0.0,0.0,0.0,0.0,0.0,1.0,0.0,2.0,8.0,0.0,2.0,0.0,0.0,0.0,0.0,0.0,82.92292400855244,0.0,0.0,0.0,nothing,6.0,0.0,0,15.83158827791699
88be0e2557fffff,-33.740100880093415,151.12057602252852,0.0,0.0,0.0,0.0,0.0,0.0,1.0,0.0,1.0,6.0,0.0,13.0,0.0,1.0,0.0,0.0,0.0,1505.2943341079776,0.0,0.0,0.0,nothing,9.0,0.0,0,16.458606316303026
88be0e2559fffff,-33.756867243129705,151.12910297433854,0.0,0.0,1.0,4.0,3.0,0.0,1.0,0.0,9.0,13.0,1.0,9.0,0.0,2.0,0.0,0.0,0.0,5068.58850048036,0.0,0.0,0.0,nothing,31.0,0.0,0,14.470198283513776
88be0e255bfffff,-33.75575211034984,151.11824475619434,0.0,0.0,0.0,1.0,0.0,2.0,0.0,0.0,1.0,9.0,0.0,9.0,0.0,0.0,0.0,0.0,0.0,0.0,0.0,0.0,0.0,nothing,9.0,0.0,0,15.153829549190583
88be0e255dfffff,-33.74959860398825,151.1356965228885,0.0,0.0,0.0,0.0,0.0,0.0,0.0,0.0,0.0,4.0,0.0,1.0,0.0,0.0,0.0,0.0,0.0,13144.1316291585,0.0,0.0,0.0,nothing,12.0,0.0,0,14.828810016961189
88be0e2561fffff,-33.720520155211425,151.16205989692529,0.0,0.0,0.0,1.0,0.0,0.0,0.0,0.0,0.0,1.0,0.0,8.0,0.0,1.0,0.0,0.0,0.0,0.0,0.0,0.0,0.0,nothing,23.0,0.0,0,16.804345910677778
88be0e2563fffff,-33.71940815142541,151.15120547009727,0.0,0.0,0.0,0.0,0.0,0.0,0.0,0.0,1.0,1.0,0.0,1.0,0.0,0.0,0.0,0.0,0.0,0.0,0.0,0.0,0.0,nothing,1.0,0.0,0,17.247850318429343
88be0e2565fffff,-33.71324957254827,151.16864803585358,0.0,0.0,0.0,2.0,0.0,2.0,0.0,0.0,4.0,4.0,0.0,1.0,0.0,0.0,0.0,0.0,0.0,828.6006634565758,0.0,0.0,0.0,nothing,3.0,0.0,0,17.410497221924473
88be0e2567fffff,-33.71213819379697,151.1577943678423,0.0,0.0,0.0,1.0,0.0,0.0,0.0,0.0,0.0,3.0,0.0,7.0,0.0,0.0,0.0,0.0,0.0,1572.9702164809623,0.0,0.0,0.0,nothing,3.0,0.0,0,17.810044248896567
88be0e2569fffff,-33.728902045331104,151.166326297427,0.0,1.0,1.0,9.0,0.0,0.0,0.0,0.0,13.0,10.0,0.0,19.0,0.0,0.0,0.0,0.0,0.0,10453.851332672146,17873.508771929824,0.0,0.0,nothing,61.0,0.0,0,15.799222151064601
88be0e256bfffff,-33.72779035020378,151.15547067625667,4.0,4.0,0.0,17.0,5.0,0.0,1.0,1.0,14.0,26.0,0.0,9.0,1.0,6.0,0.0,0.0,0.0,23862.63308841716,0.0,1.0,2.0,22 kW,41.0,0.0,1,16.238632913497533
88be0e256dfffff,-33.721631225245275,151.1729147589239,0.0,0.0,0.0,2.0,0.0,0.0,0.0,0.0,2.0,5.0,1.0,20.0,0.0,0.0,0.0,0.0,0.0,5043.900374793236,0.0,0.0,0.0,nothing,27.0,0.0,0,16.411529478553174
88be0e2581fffff,-33.71774308574687,151.05778978298858,0.0,0.0,0.0,0.0,0.0,0.0,0.0,0.0,0.0,5.0,0.0,0.0,0.0,0.0,0.0,0.0,0.0,0.0,0.0,5.0,0.0,nothing,0.0,132000.0,1,21.973523404598232
88be0e2583fffff,-33.71662205840595,151.04693855277966,0.0,1.0,0.0,0.0,1.0,0.0,1.0,0.0,2.0,3.0,0.0,19.0,0.0,0.0,0.0,0.0,0.0,23468.93511159131,0.0,3.0,0.0,nothing,22.0,132000.0,1,22.747628838030682
88be0e2585fffff,-33.71047852539518,151.06438581192606,0.0,0.0,0.0,0.0,0.0,0.0,0.0,0.0,0.0,5.0,0.0,0.0,0.0,0.0,0.0,0.0,1.0,0.0,0.0,3.0,0.0,nothing,0.0,132000.0,1,22.186932490772776
88be0e2587fffff,-33.70935812510012,151.05353533549226,0.0,0.0,0.0,0.0,0.0,0.0,0.0,0.0,0.0,1.0,0.0,10.0,0.0,0.0,0.0,0.0,0.0,0.0,0.0,2.0,0.0,nothing,7.0,132000.0,1,22.931402308610515
88be0e2589fffff,-33.726127977576496,151.06204510070452,0.0,0.0,0.0,0.0,0.0,0.0,0.0,0.0,0.0,0.0,0.0,0.0,0.0,0.0,0.0,0.0,0.0,0.0,0.0,2.0,0.0,nothing,0.0,132000.0,1,21.02053297807855
88be0e258bfffff,-33.725007255622096,151.05119267388633,0.0,0.0,0.0,0.0,0.0,1.0,0.0,0.0,1.0,1.0,0.0,13.0,0.0,0.0,0.0,0.0,0.0,0.0,0.0,3.0,0.0,nothing,14.0,132000.0,1,21.804991287082515
88be0e258dfffff,-33.71886318059598,151.0686414556777,0.0,0.0,0.0,5.0,0.0,6.0,0.0,0.0,34.0,7.0,0.0,23.0,0.0,0.0,0.0,0.0,0.0,12853.304129860177,0.0,0.0,0.0,nothing,10.0,0.0,0,21.219579192084264
88be0e2591fffff,-33.72276301381782,151.02948915006283,0.0,0.0,0.0,4.0,1.0,2.0,0.0,0.0,2.0,7.0,0.0,20.0,0.0,0.0,0.0,0.0,0.0,7434.568340383277,0.0,0.0,0.0,nothing,12.0,0.0,0,23.426655755136157
88be0e2593fffff,-33.72163949429441,151.0186380545602,0.0,1.0,0.0,0.0,0.0,0.0,0.0,0.0,0.0,3.0,0.0,9.0,0.0,1.0,0.0,0.0,0.0,2172.95150801924,0.0,0.0,0.0,nothing,16.0,66000.0,0,24.260332410753712
88be0e2595fffff,-33.71550009873619,151.03608776580225,0.0,0.0,0.0,0.0,0.0,0.0,0.0,0.0,0.0,0.0,0.0,6.0,0.0,0.0,0.0,0.0,0.0,3193.8965036136783,0.0,0.0,0.0,nothing,9.0,0.0,0,23.53990459796779
88be0e2597fffff,-33.71437720690077,151.02523742280746,0.0,0.0,0.0,0.0,0.0,0.0,0.0,0.0,0.0,3.0,0.0,9.0,0.0,0.0,0.0,0.0,0.0,2172.8956759002745,0.0,0.0,0.0,nothing,10.0,66000.0,0,24.348575095029215
88be0e2599fffff,-33.731148752310446,151.0337417473289,0.0,0.0,0.0,0.0,0.0,0.0,0.0,0.0,0.0,2.0,0.0,14.0,0.0,0.0,0.0,0.0,0.0,0.0,0.0,2.0,0.0,nothing,15.0,132000.0,1,22.512302283210627
88be0e259bfffff,-33.73002553739915,151.0228894544415,0.0,3.0,0.0,0.0,0.0,0.0,0.0,0.0,1.0,2.0,0.0,36.0,0.0,1.0,0.0,0.0,0.0,11546.083369291198,19859.95238095238,2.0,0.0,nothing,49.0,66000.0,1,23.356698003557433
88be0e259dfffff,-33.7238856009815,151.04034069008858,0.0,0.0,1.0,1.0,0.0,2.0,0.0,0.0,2.0,3.0,0.0,16.0,1.0,2.0,0.0,0.0,0.0,26676.86408667006,8673.235867446394,15.0,4.0,22 kW,35.0,132000.0,1,22.6076566816966
88be0e25a1fffff,-33.694829088362674,151.06672566134333,0.0,1.0,0.0,0.0,0.0,0.0,0.0,0.0,0.0,1.0,0.0,0.0,0.0,0.0,0.0,0.0,0.0,0.0,0.0,0.0,0.0,nothing,0.0,0.0,0,23.4259867342704
88be0e25a3fffff,-33.69370900965199,151.05587713462964,0.0,0.0,0.0,0.0,0.0,0.0,0.0,0.0,0.0,1.0,0.0,0.0,0.0,0.0,0.0,0.0,0.0,0.0,0.0,4.0,0.0,nothing,0.0,132000.0,1,24.1321445498874
88be0e25a7fffff,-33.68644453373168,151.06247143174247,0.0,0.0,0.0,0.0,0.0,0.0,0.0,0.0,0.0,0.0,0.0,0.0,0.0,0.0,0.0,0.0,0.0,0.0,0.0,2.0,0.0,nothing,0.0,132000.0,1,24.41032102705266
88be0e25a9fffff,-33.70321357508336,151.07098076078918,0.0,0.0,0.0,1.0,0.0,0.0,0.0,0.0,2.0,3.0,0.0,5.0,0.0,0.0,0.0,0.0,0.0,0.0,0.0,0.0,0.0,nothing,0.0,0.0,0,22.443939013159447
88be0e25abfffff,-33.70209380158025,151.06013103831668,0.0,0.0,0.0,0.0,0.0,0.0,0.0,0.0,0.0,0.0,0.0,0.0,0.0,0.0,0.0,0.0,0.0,0.0,0.0,5.0,0.0,nothing,0.0,132000.0,1,23.157934901179374
88be0e25adfffff,-33.69594823532777,151.07757462966853,0.0,0.0,0.0,0.0,0.0,0.0,0.0,0.0,0.0,2.0,0.0,1.0,0.0,0.0,0.0,0.0,0.0,0.0,0.0,0.0,0.0,nothing,0.0,0.0,0,22.74306556760068
88be0e25b1fffff,-33.69985145891656,151.03843292057658,0.0,0.0,0.0,0.0,0.0,0.0,0.0,0.0,0.0,0.0,0.0,0.0,0.0,0.0,0.0,0.0,0.0,1920.8092640601644,0.0,0.0,0.0,nothing,1.0,0.0,0,24.64893520762878
88be0e25b3fffff,-33.69872889008194,151.0275845268107,0.0,2.0,0.0,0.0,0.0,0.0,0.0,0.0,0.0,2.0,0.0,9.0,0.0,0.0,0.0,0.0,0.0,31603.683133747116,0.0,1.0,2.0,7 kW,1.0,66000.0,1,25.422240796716583
88be0e25b5fffff,-33.6925879993584,151.04502905027837,0.0,0.0,0.0,0.0,0.0,0.0,0.0,0.0,0.0,0.0,0.0,0.0,0.0,0.0,0.0,0.0,0.0,0.0,0.0,3.0,0.0,nothing,0.0,132000.0,1,24.85955704550434
88be0e25b7fffff,-33.691466057644845,151.03418140904014,0.0,1.0,0.0,0.0,0.0,0.0,0.0,0.0,0.0,1.0,0.0,3.0,0.0,0.0,0.0,0.0,0.0,6636.807598021346,0.0,0.0,0.0,nothing,8.0,0.0,0,25.60641108411307
88be0e25b9fffff,-33.70823679267051,151.04268530174977,0.0,0.0,0.0,0.0,0.0,0.0,0.0,0.0,0.0,1.0,0.0,0.0,0.0,0.0,0.0,0.0,0.0,0.0,0.0,2.0,0.0,nothing,0.0,132000.0,1,23.695824401652416
88be0e25bbfffff,-33.70711452826942,151.03183571144962,0.0,0.0,0.0,0.0,0.0,0.0,0.0,0.0,0.0,0.0,0.0,7.0,0.0,0.0,0.0,0.0,0.0,10651.921179670739,0.0,0.0,0.0,nothing,6.0,0.0,0,24.478327688389644
88be0e25bdfffff,-33.70097309613703,151.0492817579955,0.0,0.0,0.0,0.0,0.0,0.0,0.0,0.0,0.0,4.0,0.0,0.0,0.0,0.0,0.0,0.0,0.0,3694.6706629403866,0.0,3.0,0.0,nothing,0.0,132000.0,1,23.893580368880883
88be0e25c1fffff,-33.73563228315172,151.07715535448787,0.0,2.0,1.0,5.0,0.0,0.0,4.0,1.0,11.0,30.0,0.0,12.0,2.0,3.0,0.0,0.0,0.0,10998.114645635205,2529.1111111111113,1.0,1.0,22 kW,35.0,0.0,1,19.29801992040667
88be0e25c3fffff,-33.73451280008812,151.06630128886013,0.0,0.0,1.0,0.0,0.0,0.0,0.0,0.0,0.0,3.0,0.0,2.0,0.0,5.0,0.0,0.0,0.0,16316.529617233246,0.0,20.0,2.0,18 kW,22.0,132000.0,1,20.073128952915777
88be0e25c5fffff,-33.72836662277531,151.08375128039583,0.0,1.0,0.0,4.0,1.0,0.0,0.0,0.0,7.0,10.0,0.0,23.0,0.0,3.0,0.0,0.0,0.0,29015.991177899963,8408.985714285714,2.0,3.0,kW,54.0,0.0,1,19.51498076490531
88be0e25c7fffff,-33.72724776668179,151.07289796979163,0.0,0.0,0.0,0.0,0.0,0.0,0.0,0.0,4.0,7.0,0.0,9.0,0.0,0.0,0.0,0.0,0.0,2581.8504989964295,0.0,17.0,0.0,nothing,4.0,132000.0,1,20.256399453497757
88be0e25c9fffff,-33.74401672950485,151.0814136099865,0.0,3.0,0.0,3.0,0.0,0.0,0.0,0.0,9.0,10.0,0.0,0.0,0.0,0.0,0.0,0.0,0.0,19361.421879698526,0.0,0.0,0.0,nothing,8.0,11000.0,0,18.3451947134198
88be0e25cbfffff,-33.74289755278084,151.07055834767553,0.0,0.0,0.0,1.0,2.0,0.0,0.0,0.0,0.0,3.0,0.0,5.0,0.0,0.0,0.0,0.0,0.0,11307.356264264045,27704.72680412371,6.0,0.0,nothing,20.0,132000.0,1,19.132142973229854
88be0e25cdfffff,-33.73675083284632,151.08800986142094,0.0,0.0,0.0,0.0,0.0,1.0,1.0,0.0,6.0,22.0,0.0,0.0,0.0,0.0,0.0,0.0,0.0,1102.9705363450391,0.0,0.0,0.0,nothing,2.0,0.0,0,18.545903480075037
88be0e25d1fffff,-33.74065639880446,151.04884914934314,0.0,0.0,0.0,0.0,0.0,0.0,0.0,0.0,5.0,5.0,0.0,19.0,0.0,1.0,0.0,0.0,0.0,6828.668168918197,0.0,16.0,0.0,nothing,18.0,132000.0,1,20.765014387176272
88be0e25d3fffff,-33.73953442187787,151.03799521482588,0.0,4.0,0.0,3.0,0.0,3.0,0.0,0.0,6.0,18.0,1.0,20.0,0.0,0.0,0.0,0.0,0.0,47491.00704712997,7691.747899159664,2.0,0.0,nothing,23.0,132000.0,1,21.606476772834608
88be0e25d5fffff,-33.73339238381811,151.05544766528985,0.0,0.0,0.0,0.0,0.0,0.0,0.0,0.0,0.0,1.0,0.0,9.0,0.0,0.0,0.0,0.0,0.0,0.0,0.0,0.0,0.0,nothing,12.0,0.0,0,20.86866652710866
88be0e25d7fffff,-33.73227103450453,151.04459448452886,0.0,0.0,0.0,1.0,0.0,0.0,0.0,0.0,8.0,3.0,0.0,14.0,0.0,1.0,0.0,0.0,0.0,8443.81651051254,0.0,10.0,0.0,nothing,18.0,132000.0,1,21.682382014131115
88be0e25d9fffff,-33.74904169338041,151.0531046847517,0.0,9.0,0.0,2.0,0.0,1.0,1.0,0.0,3.0,12.0,0.0,11.0,0.0,2.0,0.0,0.0,0.0,19146.16433337364,0.0,0.0,0.0,nothing,32.0,0.0,0,19.856651399907665
88be0e25dbfffff,-33.74792002201923,151.04224955277405,0.0,3.0,0.0,3.0,0.0,0.0,0.0,0.0,0.0,13.0,0.0,12.0,0.0,0.0,0.0,0.0,0.0,1083.726105253689,0.0,4.0,0.0,nothing,2.0,132000.0,1,20.710299841104934
88be0e25ddfffff,-33.741777442493124,151.05970352721036,0.0,0.0,0.0,0.0,0.0,1.0,0.0,0.0,0.0,2.0,0.0,11.0,0.0,0.0,0.0,0.0,0.0,4051.6957045890563,18954.637362637364,13.0,0.0,nothing,26.0,132000.0,1,19.939545552206845
88be0e25e1fffff,-33.71271652893079,151.0860880898625,0.0,0.0,0.0,1.0,0.0,1.0,0.0,0.0,4.0,2.0,0.0,13.0,0.0,0.0,0.0,0.0,0.0,0.0,0.0,0.0,0.0,nothing,0.0,132000.0,0,20.766386303020152
88be0e25e3fffff,-33.711597993392935,151.07523673029993,0.0,0.0,0.0,0.0,0.0,0.0,0.0,0.0,0.0,6.0,0.0,8.0,0.0,1.0,0.0,0.0,0.0,0.0,0.0,0.0,0.0,nothing,2.0,132000.0,0,21.464493281433334
88be0e25e5fffff,-33.705450325618976,151.09268152918347,2.0,3.0,0.0,2.0,2.0,1.0,2.0,1.0,31.0,27.0,0.0,16.0,1.0,0.0,0.0,0.0,0.0,11686.777302166574,0.0,0.0,0.0,nothing,24.0,132000.0,0,21.089635360653517
88be0e25e7fffff,-33.70433241648374,151.0818309246619,0.0,0.0,0.0,0.0,0.0,0.0,0.0,0.0,0.0,9.0,0.0,7.0,0.0,0.0,0.0,0.0,0.0,539.5171535724655,0.0,0.0,0.0,nothing,0.0,0.0,0,21.75372668021428
88be0e25e9fffff,-33.721100572168055,151.09034612549027,0.0,3.0,0.0,5.0,0.0,1.0,0.0,0.0,18.0,24.0,0.0,21.0,1.0,1.0,0.0,0.0,0.0,4506.902730407369,0.0,0.0,0.0,nothing,26.0,0.0,0,19.781345377764975
88be0e25ebfffff,-33.719982342790544,151.07949357009548,0.0,0.0,0.0,2.0,0.0,1.0,0.0,0.0,9.0,3.0,0.0,17.0,0.0,1.0,0.0,0.0,0.0,9725.167582964707,7562.222222222223,11.0,0.0,nothing,10.0,132000.0,1,20.48802434596884
88be0e25edfffff,-33.71383413184642,151.0969398898621,0.0,0.0,0.0,6.0,0.0,0.0,0.0,0.0,26.0,5.0,0.0,8.0,0.0,0.0,0.0,0.0,0.0,4045.1665947651,0.0,0.0,0.0,nothing,7.0,0.0,0,20.095149925372077
88be0e2601fffff,-33.83512508105901,151.11744352119595,0.0,0.0,0.0,1.0,0.0,0.0,0.0,0.0,0.0,1.0,0.0,0.0,0.0,0.0,0.0,0.0,0.0,0.0,0.0,0.0,0.0,nothing,2.0,0.0,0,9.743468325233305
88be0e2603fffff,-33.83400835624668,151.1065755254712,0.0,1.0,0.0,3.0,0.0,4.0,0.0,0.0,9.0,11.0,0.0,3.0,0.0,0.0,0.0,2.0,0.0,3752.18032485815,0.0,1.0,1.0,kW,4.0,0.0,1,10.733714376075525
88be0e2605fffff,-33.82785722638061,151.1240441075614,1.0,2.0,0.0,8.0,0.0,0.0,0.0,2.0,3.0,11.0,0.0,16.0,0.0,2.0,0.0,0.0,0.0,7138.768466176124,0.0,0.0,0.0,nothing,69.0,0.0,0,9.493532394801436
88be0e2607fffff,-33.8267411294442,151.11317687058042,0.0,0.0,0.0,9.0,0.0,0.0,1.0,0.0,8.0,11.0,0.0,12.0,0.0,0.0,0.0,0.0,0.0,7872.3676467201385,0.0,0.0,0.0,nothing,26.0,0.0,0,10.45824821879996
88be0e2609fffff,-33.84350895684121,151.1217110451167,0.0,2.0,0.0,1.0,0.0,0.0,0.0,0.0,3.0,3.0,0.0,3.0,0.0,0.0,0.0,4.0,0.0,7821.773092187417,0.0,0.0,0.0,nothing,7.0,0.0,0,9.084979088785824
88be0e260bfffff,-33.84239254158836,151.11084185078576,0.0,2.0,0.0,1.0,0.0,1.0,0.0,0.0,0.0,5.0,0.0,7.0,0.0,1.0,0.0,0.0,0.0,5970.261521738685,0.0,0.0,0.0,nothing,36.0,0.0,0,10.089079294130128
88be0e260dfffff,-33.83624086837682,151.12831195642707,0.0,1.0,0.0,4.0,1.0,0.0,0.0,0.0,4.0,11.0,0.0,8.0,0.0,2.0,0.0,0.0,0.0,9898.460531321367,0.0,0.0,0.0,nothing,30.0,0.0,0,8.758547256190624
88be0e2611fffff,-33.840156898175216,151.08910478302414,2.0,1.0,0.0,3.0,1.0,0.0,3.0,0.0,1.0,13.0,0.0,13.0,0.0,1.0,0.0,0.0,0.0,36822.18851120345,35766.41558441558,0.0,0.0,nothing,39.0,0.0,0,12.101980635296806
88be0e2613fffff,-33.83903767033963,151.07823691110414,2.0,0.0,0.0,3.0,0.0,0.0,0.0,0.0,15.0,45.0,0.0,0.0,1.0,0.0,0.0,0.0,0.0,7660.317325181192,0.0,0.0,0.0,nothing,8.0,132000.0,0,13.110053077062604
88be0e2615fffff,-33.8328906941019,151.09570797000808,0.0,0.0,0.0,1.0,1.0,1.0,0.0,0.0,2.0,2.0,0.0,2.0,0.0,0.0,1.0,0.0,0.0,51197.86353273446,0.0,0.0,0.0,nothing,5.0,0.0,0,11.727932783926276
88be0e2617fffff,-33.83177209478698,151.08484085556185,16.0,19.0,2.0,40.0,1.0,1.0,11.0,2.0,81.0,44.0,0.0,14.0,3.0,4.0,0.0,0.0,0.0,21300.923472630166,0.0,15.0,20.0,"22 kW, kW",67.0,132000.0,1,12.725188928375474
88be0e2619fffff,-33.848541626124316,151.09336958358463,0.0,0.0,0.0,1.0,0.0,0.0,0.0,0.0,1.0,6.0,0.0,5.0,0.0,3.0,0.0,0.0,0.0,11000.118512572812,0.0,0.0,0.0,nothing,17.0,0.0,0,11.533724360987698
88be0e261bfffff,-33.84742270707395,151.08250051227614,6.0,2.0,0.0,16.0,0.0,0.0,10.0,0.0,62.0,32.0,0.0,2.0,3.0,1.0,1.0,0.0,0.0,10196.674490973124,0.0,0.0,0.0,nothing,24.0,0.0,0,12.546620352201574
88be0e261dfffff,-33.84127518864561,151.0999730965031,0.0,0.0,0.0,0.0,0.0,1.0,0.0,0.0,2.0,0.0,0.0,0.0,0.0,0.0,0.0,0.0,0.0,6869.02994341993,0.0,0.0,0.0,nothing,4.0,0.0,0,11.09488987524321
88be0e2621fffff,-33.81220549469547,151.1263763095891,0.0,0.0,0.0,1.0,0.0,39.0,0.0,0.0,4.0,1.0,0.0,5.0,0.0,0.0,0.0,0.0,0.0,922.2522137828046,0.0,0.0,0.0,nothing,36.0,132000.0,0,10.19012264258646
88be0e2623fffff,-33.811089716001014,151.1155110292897,0.0,0.0,0.0,0.0,0.0,1.0,0.0,0.0,2.0,0.0,0.0,19.0,0.0,0.0,0.0,0.0,0.0,0.0,0.0,0.0,0.0,nothing,28.0,132000.0,0,11.094207081731927
88be0e2625fffff,-33.80493708778268,151.13297440367208,1.0,0.0,0.0,2.0,1.0,0.0,0.0,0.0,1.0,4.0,0.0,10.0,0.0,2.0,0.0,0.0,0.0,9550.022634051684,0.0,0.0,0.0,nothing,33.0,132000.0,0,10.20489922225413
88be0e2627fffff,-33.803821936395984,151.12210988213198,0.0,0.0,0.0,0.0,0.0,0.0,0.0,0.0,2.0,7.0,0.0,12.0,0.0,0.0,1.0,0.0,0.0,21559.372069954705,0.0,0.0,0.0,nothing,24.0,0.0,0,11.061332190090026
88be0e2629fffff,-33.82058897806991,151.13064360997387,0.0,1.0,0.0,0.0,0.0,0.0,0.0,0.0,1.0,7.0,0.0,12.0,0.0,1.0,0.0,0.0,0.0,0.0,0.0,0.0,0.0,nothing,46.0,0.0,0,9.346951195106964
88be0e262bfffff,-33.819473508754896,151.11977713192246,0.0,3.0,0.0,0.0,0.0,0.0,0.0,0.0,1.0,6.0,0.0,15.0,0.0,0.0,0.0,0.0,0.0,16164.703150683446,14288.128775834659,0.0,0.0,nothing,32.0,132000.0,0,10.275388299655155
88be0e262dfffff,-33.81332033664368,151.13724202852538,0.0,1.0,0.0,1.0,0.0,2.0,0.0,0.0,2.0,10.0,0.0,1.0,0.0,0.0,0.0,0.0,0.0,2629.6451069615896,0.0,0.0,0.0,nothing,6.0,132000.0,0,9.308610056909048
88be0e2631fffff,-33.817239759461614,151.09804549410953,3.0,0.0,0.0,0.0,0.0,0.0,0.0,0.0,6.0,25.0,0.0,25.0,0.0,0.0,0.0,0.0,0.0,11741.717678553156,16960.519170984455,1.0,1.0,kW,68.0,132000.0,1,12.17304278792311
88be0e2633fffff,-33.81612147980752,151.08718033585765,5.0,5.0,0.0,15.0,0.0,0.0,4.0,0.0,42.0,20.0,0.0,8.0,1.0,1.0,0.0,0.0,0.0,27180.895490706287,5222.333333333333,0.0,0.0,nothing,24.0,132000.0,0,13.136363542774895
88be0e2635fffff,-33.809973000722124,151.1046461883821,6.0,10.0,2.0,11.0,5.0,0.0,1.0,2.0,10.0,39.0,0.0,19.0,0.0,7.0,2.0,0.0,1.0,21222.790156659918,28483.35714285714,5.0,5.0,22 kW,52.0,0.0,1,12.01576567440517
88be0e2637fffff,-33.808855349020824,151.09378178762094,0.0,1.0,0.0,3.0,3.0,0.0,3.0,0.0,17.0,31.0,0.0,27.0,2.0,2.0,0.0,0.0,0.0,16435.521619750492,25323.174603174604,0.0,0.0,nothing,85.0,0.0,0,12.951065230920705
88be0e2639fffff,-33.82562409537066,151.10231007331936,0.0,0.0,0.0,3.0,0.0,0.0,0.0,0.0,2.0,6.0,0.0,15.0,0.0,0.0,0.0,0.0,0.0,6243.050766280756,0.0,0.0,0.0,nothing,13.0,0.0,0,11.431409712331615
88be0e263bfffff,-33.824506124322106,151.0914437165332,6.0,2.0,0.0,7.0,0.0,0.0,0.0,0.0,59.0,42.0,0.0,11.0,1.0,0.0,0.0,2.0,0.0,3078.9300194887483,27948.584795321636,0.0,0.0,nothing,29.0,132000.0,0,12.411026677113421
88be0e263dfffff,-33.81835710249814,151.1089110930494,3.0,2.0,0.0,8.0,3.0,40.0,2.0,0.0,0.0,23.0,0.0,10.0,0.0,1.0,0.0,0.0,0.0,10189.568687651146,23163.222222222223,0.0,0.0,nothing,67.0,132000.0,0,11.218561683789769
88be0e2641fffff,-33.8530079234752,151.1368502747217,0.0,1.0,0.0,1.0,0.0,0.0,0.0,0.0,0.0,13.0,0.0,14.0,0.0,1.0,0.0,0.0,0.0,0.0,0.0,0.0,0.0,nothing,24.0,132000.0,0,7.48376237334281
88be0e2643fffff,-33.851892756289416,151.12597944256345,0.0,0.0,0.0,2.0,1.0,0.0,0.0,0.0,2.0,1.0,0.0,8.0,0.0,0.0,0.0,0.0,0.0,0.0,0.0,0.0,0.0,nothing,15.0,0.0,0,8.495882926908305
88be0e2645fffff,-33.84573897362942,151.14345075090063,0.0,0.0,0.0,2.0,0.0,0.0,0.0,0.0,7.0,2.0,0.0,2.0,0.0,0.0,0.0,4.0,0.0,0.0,0.0,0.0,0.0,nothing,4.0,0.0,0,7.0848434903582795
88be0e2647fffff,-33.84462443424216,151.13258067874025,1.0,0.0,0.0,0.0,0.0,0.0,1.0,0.0,2.0,9.0,0.0,3.0,0.0,0.0,0.0,2.0,0.0,5510.619735848485,0.0,0.0,0.0,nothing,9.0,0.0,0,8.083232263264664
88be0e2649fffff,-33.8613913355745,151.14112074459223,0.0,0.0,0.0,3.0,0.0,0.0,0.0,0.0,1.0,5.0,1.0,16.0,0.0,0.0,0.0,0.0,0.0,0.0,0.0,0.0,0.0,nothing,49.0,132000.0,0,6.979711779617516
88be0e264bfffff,-33.860276478902215,151.13024871375706,0.0,1.0,0.0,1.0,0.0,0.0,0.0,0.0,0.0,7.0,0.0,15.0,0.0,0.0,0.0,0.0,0.0,1279.6502871591933,0.0,0.0,0.0,nothing,43.0,132000.0,0,7.991544304619223
88be0e264dfffff,-33.854122152289975,151.1477215452026,0.0,0.0,0.0,4.0,0.0,0.0,0.0,0.0,1.0,15.0,0.0,11.0,0.0,0.0,0.0,0.0,0.0,8748.689306954433,0.0,0.0,0.0,nothing,39.0,0.0,0,6.472092898568147
88be0e2651fffff,-33.85804395001946,151.10850596943698,0.0,1.0,0.0,2.0,0.0,0.0,1.0,0.0,5.0,7.0,0.0,26.0,0.0,2.0,0.0,0.0,0.0,3289.2187004894395,0.0,0.0,0.0,nothing,48.0,132000.0,0,10.01624794496315
88be0e2653fffff,-33.856926278132974,151.09763525746428,3.0,3.0,0.0,6.0,0.0,0.0,1.0,1.0,1.0,5.0,0.0,11.0,0.0,1.0,0.0,0.0,0.0,8005.042985940226,0.0,0.0,0.0,nothing,70.0,132000.0,0,11.028920222138392
88be0e2655fffff,-33.85077665089434,151.11510904948395,0.0,0.0,0.0,2.0,0.0,0.0,0.0,0.0,3.0,2.0,0.0,8.0,0.0,0.0,0.0,0.0,0.0,0.0,0.0,0.0,0.0,nothing,13.0,0.0,0,9.508305794876362
88be0e2657fffff,-33.84965960745192,151.1042390962391,0.0,0.0,0.0,0.0,0.0,0.0,0.0,0.0,1.0,0.0,0.0,13.0,0.0,0.0,0.0,0.0,0.0,4665.163153988946,0.0,0.0,0.0,nothing,48.0,0.0,0,10.520939418724254
88be0e2659fffff,-33.86642821584683,151.11277371631766,1.0,1.0,0.0,4.0,1.0,0.0,0.0,0.0,1.0,5.0,0.0,12.0,0.0,0.0,0.0,0.0,0.0,48884.278296047225,32323.032710280375,0.0,0.0,nothing,47.0,132000.0,0,9.591757484777206
88be0e265bfffff,-33.86531085369981,151.10190180488402,0.0,0.0,0.0,2.0,0.0,0.0,0.0,0.0,2.0,16.0,1.0,10.0,0.0,1.0,0.0,0.0,0.0,2235.367138352675,0.0,0.0,0.0,nothing,93.0,132000.0,0,10.596643184054109
88be0e265dfffff,-33.85916068366324,151.11937712178658,0.0,0.0,0.0,1.0,0.0,0.0,0.0,0.0,5.0,2.0,0.0,4.0,0.0,0.0,0.0,0.0,0.0,1138.7390470963264,0.0,0.0,0.0,nothing,2.0,0.0,0,9.003763609977618
88be0e2661fffff,-33.83008660819459,151.1457798976618,2.0,2.0,0.0,5.0,1.0,4.0,2.0,0.0,10.0,18.0,1.0,10.0,0.0,0.0,0.0,1.0,0.0,0.0,17666.761904761905,0.0,0.0,nothing,29.0,0.0,0,7.602305083400371
88be0e2663fffff,-33.82897238601796,151.13491178350696,0.0,0.0,0.0,1.0,0.0,0.0,0.0,0.0,2.0,2.0,0.0,8.0,0.0,0.0,0.0,0.0,0.0,1838.1763137977273,0.0,0.0,0.0,nothing,29.0,0.0,0,8.540130147819673
88be0e2665fffff,-33.822817105227976,151.15237788059085,2.0,0.0,1.0,8.0,0.0,0.0,0.0,0.0,12.0,25.0,0.0,17.0,1.0,1.0,0.0,0.0,0.0,4148.113190905537,11946.595209580839,0.0,0.0,nothing,34.0,0.0,0,7.555983134865277
88be0e2667fffff,-33.82170351028144,151.14151052644846,0.0,0.0,0.0,0.0,0.0,0.0,0.0,0.0,1.0,4.0,0.0,20.0,0.0,0.0,0.0,0.0,0.0,1838.1763137977273,0.0,0.0,0.0,nothing,23.0,0.0,0,8.438121367142292
88be0e2669fffff,-33.83846962988174,151.15005014238605,0.0,0.0,0.0,0.0,1.0,1.0,0.0,0.0,0.0,3.0,0.0,5.0,0.0,1.0,0.0,0.0,0.0,0.0,34653.27234042553,0.0,0.0,nothing,9.0,0.0,0,6.813936696597136
88be0e266bfffff,-33.837355718038275,151.139180830409,0.0,0.0,0.0,1.0,0.0,0.0,0.0,0.0,1.0,8.0,0.0,6.0,0.0,1.0,0.0,0.0,0.0,7882.498225203078,12549.4952681388,0.0,0.0,nothing,24.0,0.0,0,7.780979344501498
88be0e266dfffff,-33.83119989274905,151.15664844927022,0.0,0.0,0.0,0.0,0.0,0.0,1.0,0.0,4.0,2.0,0.0,4.0,0.0,3.0,0.0,2.0,0.0,6387.995812060245,0.0,0.0,0.0,nothing,11.0,0.0,0,6.686621402569835
88be0e2681fffff,-33.827288329080034,151.04137682304176,0.0,0.0,0.0,0.0,0.0,0.0,0.0,0.0,0.0,1.0,0.0,0.0,0.0,0.0,0.0,0.0,0.0,0.0,0.0,0.0,0.0,nothing,0.0,0.0,0,16.73365264751261
88be0e2683fffff,-33.82616504635704,151.0305119250004,0.0,1.0,0.0,0.0,0.0,0.0,0.0,0.0,0.0,0.0,0.0,0.0,0.0,0.0,1.0,0.0,0.0,11893.110556584224,0.0,0.0,0.0,nothing,0.0,0.0,0,17.73896817224978
88be0e2685fffff,-33.82002487362869,151.04798270923257,3.0,0.0,0.0,5.0,0.0,0.0,0.0,0.0,7.0,2.0,0.0,8.0,0.0,0.0,0.0,2.0,0.0,41380.42035585205,16700.861030126336,0.0,0.0,nothing,21.0,0.0,0,16.37071787541483
88be0e2687fffff,-33.81890222014525,151.03711856614038,0.0,0.0,0.0,2.0,0.0,0.0,1.0,0.0,1.0,10.0,0.0,4.0,0.0,0.0,0.0,0.0,0.0,45698.58264325812,0.0,0.0,0.0,nothing,16.0,0.0,0,17.36740907109448
88be0e2689fffff,-33.83567436426995,151.04563595224752,0.0,3.0,0.0,2.0,0.0,0.0,0.0,0.0,0.0,15.0,0.0,14.0,0.0,2.0,0.0,0.0,0.0,2234.890470503834,0.0,5.0,5.0,"22 kW, kW",22.0,0.0,1,16.138291652825306
88be0e268bfffff,-33.834551388602954,151.03476985411208,1.0,0.0,0.0,3.0,0.0,0.0,0.0,0.0,1.0,5.0,0.0,8.0,0.0,0.0,0.0,0.0,0.0,0.0,0.0,0.0,0.0,nothing,12.0,0.0,0,17.148641449530476
88be0e268dfffff,-33.82841067544788,151.05224216587285,0.0,2.0,0.0,3.0,0.0,0.0,3.0,0.0,8.0,5.0,0.0,13.0,0.0,0.0,0.0,0.0,0.0,21053.479272916462,25764.31111111111,0.0,0.0,nothing,28.0,0.0,0,15.729369084733282
88be0e2691fffff,-33.83230262778472,151.01303899459245,0.0,3.0,0.0,4.0,0.0,0.0,0.0,1.0,20.0,18.0,0.0,20.0,2.0,5.0,0.0,0.0,0.0,30332.43077618337,15925.989417989418,3.0,3.0,22 kW,95.0,0.0,1,19.170287509440435
88be0e2693fffff,-33.8311768429614,151.0021742347163,0.0,1.0,0.0,1.0,0.0,0.0,0.0,0.0,0.0,5.0,0.0,15.0,0.0,0.0,0.0,0.0,0.0,5210.867206709476,0.0,0.0,0.0,nothing,66.0,0.0,0,20.18148431175761
88be0e2695fffff,-33.82504082744257,151.01964747250284,0.0,1.0,1.0,0.0,0.0,1.0,2.0,0.0,1.0,5.0,0.0,10.0,1.0,0.0,0.0,0.0,0.0,32935.36236114334,30045.444444444445,0.0,0.0,nothing,38.0,0.0,0,18.745147132740723
88be0e2697fffff,-33.82391567250053,151.00878346630293,1.0,0.0,1.0,43.0,3.0,4.0,4.0,2.0,26.0,70.0,0.0,18.0,1.0,1.0,1.0,0.0,1.0,19731.079445151514,13429.636363636364,10.0,10.0,"11 kW, 22 kW, kW",73.0,0.0,1,19.752055202212453
88be0e2699fffff,-33.84068950971758,151.01729539497592,0.0,1.0,0.0,0.0,0.0,0.0,0.0,0.0,4.0,10.0,0.0,1.0,0.0,0.0,0.0,0.0,0.0,37376.87983914616,0.0,0.0,0.0,nothing,17.0,0.0,0,18.625175481888697
88be0e269bfffff,-33.839564031174625,151.00642943422815,0.0,0.0,0.0,0.0,0.0,0.0,0.0,0.0,0.0,1.0,0.0,20.0,0.0,0.0,0.0,0.0,0.0,28704.637171181108,0.0,0.0,0.0,nothing,53.0,0.0,0,19.6383613679693
88be0e269dfffff,-33.833427476386596,151.02390420130902,0.0,1.0,0.0,0.0,0.0,0.0,0.0,0.0,0.0,11.0,0.0,6.0,0.0,0.0,0.0,0.0,0.0,10890.567027677977,20125.678414096918,0.0,0.0,nothing,26.0,0.0,0,18.159325153246737
88be0e26a1fffff,-33.804375381240355,151.0503286011276,0.0,0.0,0.0,0.0,0.0,0.0,0.0,0.0,0.0,2.0,0.0,3.0,0.0,0.0,0.0,0.0,0.0,6750.989085868191,8993.270833333334,0.0,0.0,nothing,19.0,66000.0,0,16.783231019105635
88be0e26a3fffff,-33.803253049865624,151.0394664124121,0.0,0.0,0.0,1.0,0.0,0.0,0.0,0.0,1.0,5.0,0.0,14.0,0.0,1.0,0.0,0.0,0.0,0.0,15274.111111111111,0.0,0.0,nothing,35.0,66000.0,0,17.756640812806
88be0e26a5fffff,-33.79711136958002,151.0569319951559,0.0,0.0,0.0,4.0,1.0,2.0,0.0,0.0,1.0,6.0,0.0,19.0,0.0,0.0,0.0,0.0,0.0,3582.798825208068,0.0,0.0,0.0,nothing,38.0,66000.0,0,16.57621616671138
88be0e26a7fffff,-33.79598966687754,151.0460705614088,1.0,2.0,0.0,2.0,0.0,0.0,1.0,1.0,13.0,7.0,0.0,21.0,0.0,1.0,0.0,0.0,0.0,2406.7020310047114,0.0,0.0,0.0,nothing,43.0,66000.0,0,17.53176954669206
88be0e26a9fffff,-33.8127610227653,151.05458751277513,0.0,0.0,0.0,4.0,1.0,0.0,0.0,1.0,0.0,9.0,0.0,14.0,0.0,4.0,0.0,0.0,0.0,11028.826271088963,0.0,0.0,0.0,nothing,50.0,0.0,0,16.06336677535461
88be0e26abfffff,-33.81163899826756,151.04372412481928,0.0,0.0,0.0,2.0,0.0,0.0,0.0,0.0,0.0,3.0,0.0,15.0,0.0,0.0,0.0,0.0,0.0,4556.4442984871785,13450.839285714286,0.0,0.0,nothing,42.0,66000.0,0,17.047839699406424
88be0e26adfffff,-33.80549677700631,151.06119123376007,0.0,0.0,0.0,2.0,0.0,0.0,0.0,0.0,0.0,4.0,0.0,23.0,0.0,0.0,0.0,0.0,0.0,0.0,0.0,4.0,0.0,nothing,21.0,132000.0,1,15.81484131546256
88be0e26b1fffff,-33.80939214202633,151.02199868303828,2.0,1.0,0.0,18.0,0.0,15.0,1.0,3.0,38.0,79.0,0.0,9.0,10.0,3.0,0.0,0.0,0.0,61368.46081577272,22409.95424836601,0.0,0.0,nothing,64.0,0.0,0,19.025883166033505
88be0e26b3fffff,-33.808267310610255,151.01113663072022,0.0,12.0,1.0,12.0,2.0,0.0,2.0,0.0,20.0,39.0,0.0,16.0,6.0,2.0,5.0,0.0,0.0,17741.766965641782,11468.888888888889,0.0,0.0,nothing,120.0,0.0,0,20.018550110618065
88be0e26b5fffff,-33.80212978304553,151.02860466836714,4.0,0.0,0.0,2.0,0.0,0.0,1.0,0.0,11.0,9.0,0.0,14.0,0.0,1.0,0.0,0.0,0.0,2913.989319777811,15086.0,0.0,0.0,nothing,21.0,0.0,0,18.73428571211256
88be0e26b7fffff,-33.80100558094372,151.01774336974597,0.0,1.0,0.0,0.0,0.0,0.0,0.0,0.0,16.0,2.0,0.0,12.0,2.0,0.0,0.0,0.0,0.0,3400.4510365383358,29166.444444444445,0.0,0.0,nothing,12.0,0.0,0,19.715533326817713
88be0e26b9fffff,-33.81777863066447,151.02625486804945,1.0,2.0,0.0,4.0,0.0,0.0,0.0,1.0,12.0,28.0,0.0,4.0,0.0,0.0,0.0,0.0,0.0,101060.10035361369,29438.761904761905,1.0,1.0,kW,45.0,0.0,1,18.365922836966163
88be0e26bbfffff,-33.8166541053501,151.01539161571358,2.0,6.0,0.0,10.0,2.0,4.0,1.0,0.0,42.0,18.0,0.0,17.0,0.0,1.0,0.0,0.0,0.0,37115.184516901805,8802.111111111111,7.0,7.0,7 kW,108.0,0.0,1,19.365974841002828
88be0e26bdfffff,-33.810516037966714,151.03286118132246,6.0,0.0,0.0,3.0,0.0,2.0,0.0,0.0,16.0,14.0,0.0,16.0,1.0,1.0,0.0,0.0,0.0,81637.01802920748,0.0,0.0,0.0,nothing,56.0,0.0,0,18.035512069038656
88be0e26c1fffff,-33.84518205645572,151.06076369671806,0.0,5.0,0.0,3.0,0.0,1.0,8.0,0.0,17.0,30.0,0.0,3.0,0.0,0.0,0.0,0.0,0.0,75707.15254367187,0.0,2.0,2.0,22 kW,53.0,0.0,1,14.57264029931754
88be0e26c3fffff,-33.84406032521381,151.04989595397868,0.0,5.0,0.0,8.0,0.0,0.0,0.0,0.0,3.0,5.0,0.0,7.0,0.0,0.0,0.0,0.0,0.0,37627.36440722458,0.0,0.0,0.0,nothing,29.0,0.0,0,15.585728718619004
88be0e26c5fffff,-33.83791750530156,151.06736948149816,3.0,0.0,0.0,3.0,0.0,0.0,0.0,0.0,34.0,19.0,0.0,4.0,0.0,0.0,0.0,0.0,0.0,88332.99260187318,0.0,0.0,0.0,nothing,33.0,0.0,0,14.11889368582034
88be0e26c7fffff,-33.83679640322395,151.05650249496105,1.0,0.0,0.0,8.0,0.0,0.0,0.0,0.0,21.0,4.0,0.0,13.0,0.0,1.0,0.0,0.0,0.0,7387.735223786405,0.0,3.0,3.0,kW,35.0,0.0,1,15.128345744955011
88be0e26c9fffff,-33.853567634641934,151.06502577136493,0.0,1.0,0.0,8.0,0.0,0.0,0.0,0.0,15.0,16.0,0.0,5.0,0.0,0.0,0.0,0.0,0.0,102800.1219613924,21564.756892230576,0.0,0.0,nothing,59.0,0.0,0,14.067626464650797
88be0e26cbfffff,-33.8524462114104,151.05415682845623,0.0,1.0,0.0,0.0,0.0,0.0,0.0,0.0,2.0,7.0,0.0,19.0,0.0,0.0,0.0,0.0,0.0,57708.822330038216,41040.814249363866,0.0,0.0,nothing,26.0,0.0,0,15.080671052388345
88be0e26cdfffff,-33.846302850463466,151.07163188306887,5.0,4.0,0.0,44.0,3.0,1.0,9.0,0.0,53.0,43.0,0.0,6.0,2.0,2.0,0.0,0.0,0.0,60190.35384517406,0.0,3.0,4.0,kW,76.0,132000.0,1,13.559599136684293
88be0e26d1fffff,-33.85020055282482,151.0324202758562,17.0,3.0,0.0,22.0,8.0,0.0,3.0,1.0,7.0,48.0,0.0,25.0,1.0,9.0,2.0,0.0,0.0,3243.52639388659,0.0,0.0,0.0,nothing,128.0,0.0,0,17.106881849660127
88be0e26d3fffff,-33.849076317797994,151.02155266767443,0.0,0.0,0.0,0.0,0.0,0.0,0.0,0.0,5.0,2.0,0.0,12.0,0.0,0.0,0.0,0.0,0.0,11748.853473776106,0.0,0.0,0.0,nothing,36.0,0.0,0,18.120029325036732
88be0e26d5fffff,-33.84293765690108,151.0390286556055,0.0,1.0,0.0,3.0,0.0,0.0,3.0,0.0,1.0,9.0,0.0,15.0,0.0,0.0,0.0,0.0,0.0,16388.885504988557,10775.635193133046,0.0,0.0,nothing,69.0,0.0,0,16.59885295189309
88be0e26d7fffff,-33.84181405168106,151.0281618023531,0.0,2.0,0.0,2.0,0.0,0.0,0.0,0.0,0.0,11.0,0.0,16.0,0.0,0.0,0.0,0.0,0.0,20342.375871159682,8913.513812154697,0.0,0.0,nothing,52.0,0.0,0,17.612004177447005
88be0e26d9fffff,-33.85858697931669,151.03667962203943,1.0,2.0,0.0,0.0,0.0,0.0,0.0,0.0,0.0,3.0,0.0,10.0,0.0,1.0,0.0,0.0,0.0,17101.405325999775,0.0,0.0,0.0,nothing,57.0,0.0,0,16.64780160389893
88be0e26dbfffff,-33.857463051524824,151.02581081290916,0.0,0.0,0.0,0.0,0.0,0.0,0.0,0.0,0.0,2.0,0.0,18.0,0.0,0.0,0.0,0.0,0.0,0.0,0.0,0.0,0.0,nothing,67.0,0.0,0,17.658281010106972
88be0e26ddfffff,-33.851323850750205,151.04328832970168,1.0,3.0,0.0,3.0,0.0,0.0,0.0,0.0,0.0,13.0,0.0,4.0,0.0,0.0,0.0,0.0,0.0,12916.813675814932,19279.0,0.0,0.0,nothing,22.0,0.0,0,16.093759694025486
88be0e26e1fffff,-33.82226737194969,151.06971232740503,2.0,0.0,0.0,2.0,0.0,5.0,0.0,0.0,5.0,8.0,0.0,0.0,0.0,0.0,0.0,1.0,0.0,5658.913525304048,0.0,2.0,0.0,nothing,0.0,132000.0,1,14.384330964083295
88be0e26e3fffff,-33.821146590951265,151.05884729657217,0.0,0.0,0.0,4.0,0.0,7.0,0.0,0.0,35.0,4.0,0.0,4.0,0.0,0.0,0.0,0.0,0.0,5778.795315114002,0.0,0.0,0.0,nothing,24.0,0.0,0,15.376206704811002
88be0e26e5fffff,-33.81500226369829,151.07631561904842,1.0,0.0,0.0,2.0,0.0,0.0,0.0,0.0,0.0,7.0,0.0,15.0,0.0,0.0,0.0,0.0,0.0,19994.995647118052,0.0,2.0,0.0,nothing,18.0,132000.0,1,14.10670989649116
88be0e26e7fffff,-33.813882111296586,151.06545134443618,0.0,0.0,0.0,0.0,0.0,0.0,0.0,0.0,0.0,2.0,0.0,15.0,0.0,2.0,0.0,0.0,0.0,26329.002753418015,0.0,6.0,0.0,nothing,30.0,132000.0,1,15.082722892419888
88be0e26e9fffff,-33.83065255846446,151.0739741828874,1.0,2.0,0.0,8.0,2.0,6.0,2.0,0.0,25.0,30.0,0.0,5.0,0.0,0.0,0.0,0.0,0.0,6711.640649636585,0.0,0.0,0.0,nothing,17.0,132000.0,0,13.724817323311147
88be0e26ebfffff,-33.82953208529708,151.06310795273956,2.0,0.0,0.0,11.0,0.0,6.0,0.0,1.0,14.0,11.0,0.0,2.0,0.0,0.0,0.0,0.0,0.0,20141.70999517585,0.0,0.0,0.0,nothing,4.0,0.0,0,14.72633177252122
88be0e26edfffff,-33.82338721646092,151.0805778009769,5.0,5.0,0.0,9.0,1.0,0.0,1.0,1.0,25.0,15.0,0.0,7.0,1.0,0.0,0.0,2.0,0.0,6291.233877301663,0.0,3.0,3.0,22 kW,27.0,132000.0,1,13.39567953237831
88be0e2701fffff,-33.784241850119784,151.16362486596284,0.0,0.0,0.0,1.0,0.0,2.0,0.0,0.0,0.0,3.0,0.0,22.0,0.0,1.0,0.0,0.0,0.0,480.822223871087,0.0,0.0,0.0,nothing,15.0,0.0,0,10.210461413801225
88be0e2703fffff,-33.78312951509192,151.1527621853388,0.0,1.0,0.0,1.0,0.0,2.0,0.0,0.0,3.0,6.0,0.0,6.0,0.0,0.0,0.0,0.0,0.0,17260.906340623296,0.0,0.0,0.0,nothing,0.0,0.0,0,10.831555373071865
88be0e2705fffff,-33.7769712508683,151.17021786659112,6.0,3.0,0.0,13.0,4.0,1.0,2.0,1.0,25.0,18.0,1.0,14.0,0.0,6.0,0.0,0.0,0.0,9187.731197058527,0.0,9.0,15.0,kW,48.0,0.0,1,10.666329373691667
88be0e2707fffff,-33.775859541933556,151.1593559460072,0.0,0.0,0.0,0.0,0.0,0.0,0.0,0.0,1.0,2.0,0.0,8.0,0.0,1.0,0.0,0.0,0.0,1288.2736955644104,0.0,0.0,0.0,nothing,6.0,0.0,0,11.216493581512337
88be0e2709fffff,-33.7926240838955,151.1678946586733,0.0,0.0,0.0,5.0,0.0,0.0,0.0,0.0,7.0,13.0,0.0,14.0,0.0,0.0,0.0,0.0,0.0,4282.160395074538,0.0,0.0,0.0,nothing,19.0,0.0,0,9.205361891162946
88be0e270bfffff,-33.79151205883993,151.15703078193442,3.0,16.0,0.0,13.0,0.0,9.0,4.0,0.0,25.0,62.0,0.0,10.0,0.0,0.0,0.0,1.0,0.0,7906.261554633227,0.0,0.0,0.0,nothing,15.0,0.0,0,9.837834240901115
88be0e270dfffff,-33.785353249023444,151.1744879823058,1.0,1.0,0.0,6.0,1.0,0.0,0.0,0.0,17.0,11.0,0.0,17.0,0.0,1.0,0.0,0.0,0.0,4855.549065008233,25433.2,0.0,0.0,nothing,37.0,0.0,0,9.656042202075009
88be0e2711fffff,-33.78928519992912,151.13530433798948,4.0,4.0,1.0,10.0,1.0,0.0,0.0,0.0,7.0,24.0,0.0,8.0,0.0,0.0,0.0,0.0,0.0,3317.980133782259,25058.833333333332,0.0,0.0,nothing,41.0,0.0,0,11.271000950950645
88be0e2713fffff,-33.78817036639625,151.1244417722927,0.0,6.0,0.0,2.0,1.0,0.0,2.0,0.0,1.0,18.0,1.0,18.0,1.0,0.0,0.0,0.0,0.0,9481.433208052145,0.0,0.0,0.0,nothing,37.0,0.0,0,12.051699807974924
88be0e2715fffff,-33.78201624410076,151.14189994118834,0.0,0.0,0.0,1.0,0.0,0.0,0.0,0.0,2.0,8.0,0.0,6.0,0.0,0.0,0.0,0.0,0.0,0.0,0.0,3.0,0.0,nothing,1.0,132000.0,1,11.508530333826199
88be0e2717fffff,-33.78090203730745,151.13103813426594,0.0,2.0,1.0,14.0,0.0,1.0,2.0,0.0,19.0,28.0,0.0,18.0,0.0,0.0,0.0,0.0,0.0,29913.67270953621,0.0,2.0,2.0,7 kW,43.0,0.0,1,12.23210810489395
88be0e2719fffff,-33.7976682885333,151.13957141426334,6.0,5.0,0.0,6.0,0.0,1.0,4.0,0.0,5.0,17.0,0.0,10.0,2.0,1.0,0.0,0.0,0.0,13837.480023675096,23248.555,4.0,2.0,kW,47.0,132000.0,1,10.31928962361173
88be0e271bfffff,-33.79655376419978,151.12870765166798,0.0,1.0,1.0,0.0,0.0,0.0,0.0,0.0,1.0,6.0,0.0,33.0,0.0,2.0,0.0,0.0,0.0,7458.267838946242,0.0,0.0,0.0,nothing,36.0,0.0,0,11.120749580506327
88be0e271dfffff,-33.79039909746411,151.14616734145488,0.0,7.0,0.0,37.0,0.0,17.0,16.0,29.0,25.0,88.0,0.0,0.0,0.0,0.0,0.0,0.0,0.0,10006.839258136026,0.0,4.0,0.0,nothing,1.0,132000.0,1,10.530049253846444
88be0e2721fffff,-33.76131842532572,151.17254021806664,0.0,0.0,0.0,0.0,0.0,10.0,0.0,0.0,2.0,6.0,0.0,21.0,0.0,0.0,0.0,0.0,0.0,1995.0086317066953,0.0,0.0,0.0,nothing,10.0,0.0,0,12.203423722993504
88be0e2723fffff,-33.76020703243744,151.1616802529695,0.0,2.0,0.0,2.0,0.0,1.0,0.0,0.0,4.0,1.0,0.0,0.0,0.0,0.0,0.0,0.0,0.0,16371.506255031889,4850.111111111111,0.0,0.0,nothing,2.0,0.0,0,12.68690108884085
88be0e2725fffff,-33.75404728291001,151.17913072964242,0.0,0.0,1.0,3.0,2.0,0.0,1.0,0.0,8.0,23.0,1.0,9.0,0.0,0.0,0.0,0.0,0.0,4571.091437467949,0.0,0.0,0.0,nothing,14.0,0.0,0,12.788678083462477
88be0e2727fffff,-33.75293651554631,151.16827152459857,0.0,0.0,0.0,3.0,0.0,0.0,0.0,0.0,4.0,18.0,1.0,0.0,0.0,0.0,0.0,0.0,0.0,3170.0561885563206,0.0,3.0,0.0,nothing,0.0,132000.0,1,13.211896016245996
88be0e2729fffff,-33.769700261602374,151.17680978391172,0.0,1.0,0.0,4.0,0.0,1.0,0.0,0.0,2.0,41.0,0.0,9.0,0.0,0.0,0.0,0.0,0.0,1599.911271580058,0.0,0.0,0.0,nothing,8.0,132000.0,0,11.195275271372358
88be0e272bfffff,-33.76858917850587,151.1659486235524,2.0,0.0,0.0,2.0,0.0,0.0,1.0,0.0,13.0,8.0,0.0,7.0,0.0,1.0,0.0,0.0,0.0,12240.77484565788,0.0,0.0,0.0,nothing,20.0,0.0,0,11.676616490327445
88be0e272dfffff,-33.76242888283893,151.18340061801715,0.0,0.0,0.0,0.0,0.0,0.0,0.0,0.0,1.0,24.0,0.0,1.0,0.0,0.0,0.0,0.0,0.0,1014.7110461683055,0.0,0.0,0.0,nothing,1.0,0.0,0,11.787466476119828
88be0e2731fffff,-33.76636420575993,151.14422760976757,0.0,11.0,0.0,1.0,0.0,0.0,2.0,0.0,0.0,1.0,0.0,2.0,0.0,0.0,0.0,0.0,0.0,0.0,0.0,0.0,0.0,nothing,9.0,0.0,0,12.826757575178634
88be0e2733fffff,-33.765250316432336,151.13336775785038,0.0,0.0,0.0,1.0,0.0,0.0,1.0,0.0,23.0,17.0,0.0,22.0,0.0,0.0,0.0,0.0,0.0,8528.043813257249,17122.467112597547,0.0,0.0,nothing,34.0,0.0,0,13.479565431552226
88be0e2735fffff,-33.75909470433472,151.15082072347982,3.0,8.0,1.0,19.0,2.0,0.0,3.0,0.0,59.0,17.0,0.0,7.0,1.0,3.0,0.0,0.0,1.0,31825.479676159142,20295.616949152543,0.0,0.0,nothing,58.0,0.0,0,13.230495192706199
88be0e2737fffff,-33.757981441178444,151.13996163035156,0.0,0.0,1.0,0.0,0.0,0.0,0.0,0.0,2.0,5.0,0.0,14.0,0.0,1.0,0.0,0.0,0.0,0.0,0.0,0.0,0.0,nothing,24.0,0.0,0,13.827114401169629
88be0e2739fffff,-33.774746897231495,151.1484944613566,0.0,0.0,1.0,0.0,0.0,0.0,0.0,1.0,2.0,5.0,0.0,19.0,0.0,1.0,0.0,0.0,0.0,1936.0429830342648,0.0,0.0,0.0,nothing,15.0,0.0,0,11.828081917944706
88be0e273bfffff,-33.77363331692309,151.1376334133936,0.0,1.0,0.0,0.0,0.0,0.0,1.0,0.0,0.0,12.0,0.0,13.0,0.0,0.0,0.0,0.0,0.0,104.64918700981725,25815.38924731183,3.0,0.0,nothing,1.0,132000.0,1,12.492072436886415
88be0e273dfffff,-33.767477159838116,151.15508789858626,0.0,1.0,0.0,0.0,0.0,0.0,1.0,0.0,1.0,3.0,0.0,1.0,0.0,0.0,0.0,0.0,0.0,11368.038846035886,0.0,0.0,0.0,nothing,15.0,0.0,0,12.223225550710623
88be0e2741fffff,-33.802117020706525,151.18303083264374,7.0,45.0,3.0,23.0,3.0,0.0,2.0,1.0,53.0,59.0,0.0,7.0,0.0,0.0,0.0,0.0,0.0,38780.684785603626,0.0,6.0,12.0,"6.6 kW, 7 kW, kW",163.0,0.0,1,7.635483930687234
88be0e2743fffff,-33.80100624275937,151.17216532435884,0.0,6.0,0.0,7.0,0.0,1.0,1.0,0.0,17.0,60.0,0.0,25.0,0.0,0.0,0.0,0.0,0.0,4053.9625005330818,0.0,0.0,0.0,nothing,50.0,0.0,0,8.201541701188958
88be0e2745fffff,-33.79484532440274,151.18962371790926,14.0,12.0,1.0,97.0,19.0,2.0,9.0,0.0,54.0,181.0,0.0,16.0,0.0,8.0,6.0,0.0,0.0,67788.72093693273,0.0,4.0,4.0,"11 kW, 22 kW",136.0,132000.0,1,8.174009540378846
88be0e2747fffff,-33.79373517246997,151.17875897091662,13.0,17.0,1.0,58.0,10.0,1.0,8.0,1.0,91.0,129.0,0.0,27.0,1.0,10.0,7.0,0.0,1.0,10210.124860573149,0.0,7.0,9.0,"22 kW, 7 kW, kW",130.0,0.0,1,8.645758566260552
88be0e2749fffff,-33.81049879323171,151.1873035677074,5.0,3.0,0.0,32.0,3.0,3.0,4.0,1.0,55.0,59.0,0.0,1.0,0.0,1.0,1.0,0.0,0.0,8362.09010336878,0.0,0.0,0.0,nothing,85.0,132000.0,0,6.625227061949491
88be0e274bfffff,-33.80938832621003,151.17643686323973,0.0,2.0,1.0,13.0,0.0,0.0,0.0,0.0,9.0,37.0,0.0,12.0,0.0,1.0,0.0,0.0,0.0,7635.301282973918,17694.05925925926,0.0,0.0,nothing,66.0,0.0,0,7.1995402825062484
88be0e274dfffff,-33.80322686165514,151.19389677546297,0.0,2.0,0.0,1.0,2.0,0.0,0.0,0.0,1.0,6.0,0.0,16.0,0.0,0.0,0.0,0.0,0.0,4276.013503511595,0.0,0.0,0.0,nothing,43.0,132000.0,0,7.168739817207867
88be0e2751fffff,-33.807164580742715,151.1547047602846,1.0,3.0,0.0,6.0,0.0,0.0,1.0,1.0,3.0,19.0,0.0,16.0,0.0,0.0,0.0,0.0,0.0,6654.921069713186,0.0,6.0,6.0,"22 kW, 5 kW, kW",34.0,132000.0,1,8.595192352693122
88be0e2753fffff,-33.80605130261873,151.1438393633079,0.0,4.0,1.0,5.0,0.0,2.0,0.0,0.0,6.0,20.0,0.0,7.0,0.0,0.0,0.0,0.0,0.0,17384.694240844954,0.0,4.0,1.0,22 kW,14.0,132000.0,1,9.37983788833241
88be0e2755fffff,-33.799894527974224,151.1613002513637,1.0,0.0,0.0,4.0,0.0,1.0,1.0,0.0,3.0,6.0,0.0,8.0,0.0,0.0,0.0,0.0,0.0,5326.0422111003445,0.0,0.0,0.0,nothing,4.0,0.0,0,8.847867343900088
88be0e2757fffff,-33.79878187651187,151.15043561441354,0.0,4.0,0.0,5.0,0.0,0.0,0.0,0.0,25.0,24.0,1.0,5.0,0.0,0.0,0.0,0.0,0.0,14518.666616957507,6034.793650793651,2.0,0.0,nothing,6.0,132000.0,1,9.558186905862552
88be0e2759fffff,-33.8155472096553,151.15897477928846,0.0,0.0,0.0,1.0,1.0,0.0,0.0,0.0,0.0,14.0,0.0,11.0,0.0,0.0,0.0,0.0,0.0,0.0,0.0,0.0,0.0,nothing,53.0,132000.0,0,7.644421695244852
88be0e275bfffff,-33.81443424168407,151.1481081853436,1.0,2.0,0.0,9.0,0.0,0.0,0.0,0.0,16.0,42.0,0.0,11.0,0.0,1.0,0.0,0.0,0.0,13471.485310412096,0.0,10.0,8.0,"22 kW, 7 kW",24.0,132000.0,1,8.456736124302665
88be0e275dfffff,-33.80827692199346,151.16557059384698,1.0,2.0,0.0,4.0,0.0,0.0,0.0,0.0,9.0,26.0,0.0,19.0,0.0,0.0,0.0,0.0,0.0,317.8431564782223,9924.47619047619,2.0,2.0,kW,51.0,0.0,1,7.863076736572115
88be0e2761fffff,-33.7791918607931,151.19194301254046,0.0,0.0,0.0,2.0,0.0,0.0,0.0,0.0,5.0,23.0,0.0,15.0,1.0,0.0,0.0,0.0,0.0,2262.082514890856,0.0,0.0,0.0,nothing,30.0,132000.0,0,9.790637799997455
88be0e2763fffff,-33.77808202387498,151.18108022235378,0.0,0.0,0.0,2.0,0.0,0.0,0.0,0.0,12.0,8.0,0.0,25.0,0.0,0.0,0.0,0.0,0.0,1209.2206752815487,0.0,0.0,0.0,nothing,19.0,132000.0,0,10.187549896714945
88be0e2765fffff,-33.77191962043958,151.19853340779204,0.0,0.0,0.0,0.0,0.0,2.0,0.0,0.0,0.0,12.0,0.0,2.0,0.0,0.0,0.0,0.0,0.0,2720.56819842785,0.0,0.0,0.0,nothing,1.0,0.0,0,10.463280178752594
88be0e2767fffff,-33.77081040896706,151.1876713789098,0.0,0.0,0.0,2.0,1.0,0.0,0.0,0.0,4.0,10.0,0.0,24.0,0.0,0.0,0.0,0.0,0.0,3462.0240411224554,0.0,0.0,0.0,nothing,17.0,132000.0,0,10.787945994680436
88be0e2769fffff,-33.78757323781568,151.19621551912914,2.0,9.0,0.0,12.0,1.0,0.0,0.0,0.0,17.0,26.0,0.0,17.0,0.0,1.0,0.0,0.0,0.0,868.5993307274794,8804.039920159681,4.0,7.0,"7 kW, kW",52.0,132000.0,1,8.796297947957406
88be0e276bfffff,-33.78646371164223,151.18535153361293,0.0,0.0,0.0,4.0,0.0,0.0,1.0,0.0,14.0,7.0,0.0,18.0,0.0,0.0,0.0,0.0,0.0,1044.1431133339133,16768.233766233767,5.0,5.0,22 kW,52.0,132000.0,1,9.180390333742704
88be0e276dfffff,-33.78030076146235,151.20280623639624,0.0,1.0,0.0,1.0,0.0,0.0,0.0,1.0,1.0,2.0,0.0,13.0,0.0,0.0,0.0,0.0,0.0,0.0,0.0,0.0,0.0,nothing,20.0,0.0,0,9.485879890179648
88be0e2803fffff,-33.57942443850255,151.3369783676599,0.0,0.0,0.0,0.0,0.0,0.0,0.0,0.0,0.0,2.0,0.0,0.0,0.0,0.0,0.0,0.0,0.0,0.0,0.0,0.0,0.0,nothing,0.0,0.0,0,33.59490626238625
88be0e2811fffff,-33.58560831669724,151.31957214529953,0.0,0.0,0.0,1.0,0.0,0.0,0.0,0.0,4.0,6.0,0.0,0.0,0.0,0.0,0.0,2.0,0.0,3665.6704837181373,0.0,0.0,0.0,nothing,0.0,0.0,0,32.43718604527572
88be0e2813fffff,-33.58451093545572,151.3087308946453,0.0,0.0,0.0,0.0,0.0,1.0,0.0,0.0,0.0,2.0,0.0,0.0,0.0,0.0,0.0,0.0,0.0,0.0,0.0,0.0,0.0,nothing,0.0,0.0,0,32.2727510613245
88be0e2815fffff,-33.57832860713561,151.32613745871572,0.0,0.0,0.0,1.0,0.0,0.0,0.0,0.0,3.0,5.0,0.0,0.0,0.0,0.0,0.0,0.0,0.0,0.0,0.0,0.0,0.0,nothing,0.0,0.0,0,33.38998067275937
88be0e2819fffff,-33.59398471958647,151.32384818897665,0.0,0.0,0.0,6.0,0.0,0.0,0.0,0.0,12.0,10.0,0.0,9.0,0.0,0.0,0.0,2.0,0.0,16152.64760141666,0.0,0.0,0.0,nothing,8.0,0.0,0,31.672756884257637
88be0e281dfffff,-33.58670476745689,151.33041381866602,0.0,0.0,0.0,2.0,0.0,2.0,0.0,0.0,5.0,6.0,0.0,0.0,0.0,0.0,0.0,0.0,0.0,10500.561533783468,0.0,0.0,0.0,nothing,2.0,0.0,0,32.632301610675086
88be0e2853fffff,-33.6023610536518,151.32812510319857,0.0,0.0,0.0,2.0,0.0,1.0,0.0,0.0,0.0,0.0,0.0,1.0,0.0,0.0,0.0,0.0,0.0,0.0,0.0,0.0,0.0,nothing,2.0,0.0,0,30.92243450808975
88be0e285bfffff,-33.61073731839213,151.33240288818354,0.0,3.0,0.0,1.0,0.0,0.0,0.0,0.0,0.0,0.0,0.0,2.0,0.0,0.0,0.0,0.0,0.0,7880.491270235187,0.0,0.0,0.0,nothing,0.0,0.0,0,30.18727195446559
88be0e289bfffff,-33.585182106087366,151.23712058110195,0.0,0.0,0.0,0.0,0.0,0.0,0.0,0.0,0.0,1.0,0.0,0.0,0.0,0.0,0.0,0.0,0.0,0.0,0.0,0.0,0.0,nothing,0.0,0.0,0,31.10288694450925
88be0e28a1fffff,-33.54990385481748,151.28080408757543,0.0,0.0,0.0,0.0,0.0,1.0,0.0,0.0,0.0,5.0,0.0,0.0,0.0,0.0,0.0,0.0,0.0,582.3039341133481,0.0,0.0,0.0,nothing,0.0,0.0,0,35.46236778522166
88be0e28a3fffff,-33.54880337556627,151.26996843276774,0.0,0.0,0.0,1.0,0.0,1.0,0.0,0.0,5.0,6.0,0.0,1.0,0.0,0.0,0.0,2.0,0.0,2410.180813628098,0.0,0.0,0.0,nothing,0.0,11000.0,0,35.428060497161205
88be0e28a7fffff,-33.541526496986414,151.27653476609672,0.0,0.0,0.0,0.0,0.0,0.0,0.0,0.0,0.0,1.0,0.0,0.0,0.0,0.0,0.0,0.0,0.0,0.0,0.0,0.0,0.0,nothing,0.0,11000.0,0,36.3158296782967
88be0e28adfffff,-33.55100340532178,151.29164016746202,0.0,0.0,0.0,0.0,0.0,0.0,0.0,0.0,0.0,4.0,0.0,0.0,0.0,0.0,0.0,0.0,0.0,441.1781083376512,0.0,0.0,0.0,nothing,0.0,0.0,0,35.525578160808564
88be0e28b3fffff,-33.55387489261614,151.2417294683452,0.0,0.0,0.0,0.0,0.0,0.0,0.0,0.0,0.0,1.0,0.0,0.0,0.0,0.0,0.0,0.0,0.0,0.0,0.0,0.0,0.0,nothing,0.0,0.0,0,34.595729521322774
88be0e28b7fffff,-33.54659963145391,151.248298401389,0.0,0.0,0.0,0.0,0.0,0.0,1.0,0.0,1.0,2.0,0.0,0.0,0.0,0.0,0.0,2.0,0.0,0.0,0.0,0.0,0.0,nothing,0.0,0.0,0,35.44641531456313
88be0e28b9fffff,-33.56335600180131,151.25683252938526,0.0,0.0,0.0,0.0,0.0,0.0,0.0,0.0,0.0,2.0,0.0,0.0,0.0,0.0,0.0,0.0,0.0,0.0,0.0,0.0,0.0,nothing,0.0,0.0,0,33.67348993064963
88be0e28bdfffff,-33.55607987734357,151.2634010205617,0.0,0.0,0.0,1.0,0.0,0.0,0.0,0.0,1.0,3.0,0.0,0.0,0.0,0.0,0.0,0.0,0.0,0.0,0.0,0.0,0.0,nothing,0.0,0.0,0,34.54710246372192
88be0e28c3fffff,-33.589590854500564,151.28048098103008,0.0,0.0,0.0,0.0,0.0,0.0,0.0,0.0,0.0,0.0,0.0,0.0,0.0,0.0,0.0,0.0,0.0,370.52033484548804,0.0,0.0,0.0,nothing,0.0,0.0,0,31.126113206986663
88be0e28c7fffff,-33.58231338215492,151.28704966447927,0.0,0.0,0.0,0.0,0.0,0.0,0.0,0.0,0.0,0.0,0.0,0.0,0.0,0.0,0.0,0.0,0.0,1176.0478438310356,0.0,0.0,0.0,nothing,0.0,0.0,0,32.03771910613221
88be0e28c9fffff,-33.59906798286944,151.2955954989376,0.0,0.0,0.0,2.0,0.0,1.0,0.0,0.0,0.0,0.0,0.0,0.0,0.0,0.0,0.0,2.0,0.0,0.0,0.0,0.0,0.0,nothing,0.0,0.0,0,30.402194824941578
88be0e28cdfffff,-33.59178964808956,151.3021637370061,0.0,0.0,0.0,0.0,0.0,0.0,1.0,0.0,0.0,4.0,0.0,0.0,0.0,1.0,0.0,2.0,0.0,0.0,0.0,0.0,0.0,nothing,0.0,0.0,0,31.335099763805914
88be0e28d1fffff,-33.595766535598635,151.26306971548,0.0,0.0,0.0,0.0,0.0,0.0,0.0,0.0,0.0,1.0,0.0,0.0,0.0,0.0,0.0,0.0,0.0,0.0,0.0,0.0,0.0,nothing,0.0,0.0,0,30.18092127015953
88be0e28d5fffff,-33.588490062314946,151.2696402409185,0.0,0.0,0.0,0.0,0.0,0.0,0.0,0.0,0.0,4.0,0.0,0.0,0.0,0.0,0.0,0.0,0.0,0.0,0.0,0.0,0.0,nothing,0.0,0.0,0,31.070741789927318
88be0e28dbfffff,-33.60304262974416,151.256498110061,0.0,0.0,0.0,0.0,0.0,1.0,0.0,0.0,0.0,1.0,0.0,0.0,0.0,0.0,0.0,0.0,0.0,0.0,0.0,0.0,0.0,nothing,0.0,0.0,0,29.299007847167836
88be0e28e9fffff,-33.57613415370793,151.30445690811152,1.0,2.0,0.0,2.0,0.0,0.0,0.0,0.0,26.0,14.0,0.0,0.0,0.0,0.0,0.0,0.0,0.0,1663.2715515669033,0.0,0.0,0.0,nothing,2.0,0.0,0,33.06967594181614
88be0e28ebfffff,-33.57503553196093,151.29361726795412,0.0,0.0,0.0,0.0,0.0,0.0,1.0,0.0,0.0,0.0,0.0,0.0,0.0,0.0,0.0,0.0,0.0,0.0,0.0,0.0,0.0,nothing,0.0,0.0,0,32.95516459095949
88be0e2981fffff,-33.5218886811704,151.31789293293454,0.0,1.0,0.0,1.0,0.0,0.0,0.0,1.0,3.0,0.0,0.0,13.0,0.0,0.0,0.0,0.0,0.0,28665.466873114437,5376.777777777777,0.0,0.0,nothing,15.0,0.0,0,39.20921334333388
88be0e2983fffff,-33.52079160736372,151.3070599018738,0.0,0.0,0.0,0.0,0.0,0.0,0.0,0.0,0.0,0.0,0.0,8.0,0.0,0.0,0.0,0.0,0.0,5481.82081429975,0.0,0.0,0.0,nothing,1.0,66000.0,0,39.099257238857824
88be0e2985fffff,-33.51460906328277,151.3244534269107,0.0,0.0,0.0,0.0,0.0,0.0,0.0,0.0,0.0,0.0,0.0,8.0,0.0,0.0,0.0,0.0,0.0,9819.228919293526,0.0,0.0,0.0,nothing,1.0,0.0,0,40.14104746408844
88be0e2987fffff,-33.51351260801095,151.31362115850635,0.0,0.0,0.0,2.0,0.0,0.0,1.0,0.0,2.0,5.0,0.0,17.0,0.0,0.0,0.0,0.0,0.0,8822.07375310909,0.0,0.0,0.0,nothing,1.0,66000.0,0,40.020773173015975
88be0e298bfffff,-33.529167924835285,151.31133136009555,0.0,0.0,0.0,0.0,0.0,1.0,0.0,0.0,0.0,6.0,0.0,2.0,0.0,0.0,0.0,0.0,0.0,25281.53982953462,0.0,5.0,5.0,22 kW,3.0,11000.0,1,38.28143264508793
88be0e298dfffff,-33.52298482686504,151.3287263861881,0.0,0.0,0.0,0.0,0.0,0.0,0.0,0.0,0.0,2.0,0.0,3.0,0.0,0.0,0.0,0.0,0.0,4799.829463512473,0.0,0.0,0.0,nothing,8.0,0.0,0,39.344990017387694
88be0e2995fffff,-33.519693605601724,151.2962272937556,0.0,0.0,0.0,0.0,0.0,0.0,0.0,0.0,0.0,1.0,0.0,0.0,0.0,0.0,0.0,0.0,0.0,0.0,0.0,0.0,0.0,nothing,0.0,0.0,0,39.01533892708858
88be0e2999fffff,-33.53534848211626,151.2939341524657,0.0,0.0,0.0,0.0,0.0,0.0,0.0,0.0,0.0,0.0,0.0,0.0,0.0,0.0,0.0,0.0,0.0,0.0,0.0,0.0,0.0,nothing,0.0,11000.0,0,37.2702553352049
88be0e299bfffff,-33.534249242121014,151.28310002064202,0.0,0.0,0.0,0.0,0.0,0.0,0.0,0.0,0.0,1.0,0.0,0.0,0.0,0.0,0.0,0.0,0.0,2254.628736079937,0.0,0.0,0.0,nothing,0.0,11000.0,0,37.20992270056242
88be0e299dfffff,-33.528070232237866,151.3004975665582,0.0,0.0,0.0,0.0,0.0,0.0,0.0,0.0,1.0,1.0,0.0,4.0,0.0,0.0,0.0,0.0,0.0,0.0,0.0,0.0,0.0,nothing,0.0,0.0,0,38.1823057216984
88be0e29a1fffff,-33.49895348793806,151.32674043609805,0.0,0.0,0.0,0.0,0.0,0.0,0.0,0.0,0.0,0.0,0.0,10.0,0.0,0.0,0.0,0.0,0.0,15851.401825760036,0.0,0.0,0.0,nothing,3.0,0.0,0,41.876292115745954
88be0e29a3fffff,-33.49785734160756,151.31591011488783,0.0,0.0,0.0,0.0,0.0,0.0,0.0,0.0,4.0,0.0,0.0,7.0,0.0,0.0,0.0,0.0,0.0,19034.557378981608,0.0,0.0,0.0,nothing,4.0,66000.0,0,41.7609370316485
88be0e29a9fffff,-33.50732907168953,151.3310128421181,0.0,1.0,0.0,0.0,0.0,0.0,0.0,0.0,0.0,3.0,0.0,12.0,0.0,0.0,0.0,0.0,0.0,2370.3152916475165,8139.888888888889,0.0,0.0,nothing,11.0,0.0,0,41.07665930517809
88be0e29abfffff,-33.50623323469668,151.32018133654978,0.0,0.0,0.0,1.0,0.0,0.0,0.0,0.0,1.0,1.0,0.0,9.0,0.0,0.0,0.0,0.0,0.0,1509.735241562545,0.0,0.0,0.0,nothing,4.0,66000.0,0,40.9465455126444
88be0e29adfffff,-33.500048706907904,151.33757117865088,0.0,0.0,0.0,0.0,0.0,0.0,0.0,0.0,0.0,1.0,0.0,0.0,0.0,0.0,0.0,0.0,0.0,1838.3999022010905,0.0,1.0,1.0,kW,0.0,0.0,1,42.015796646590495
88be0e29b1fffff,-33.50403877819074,151.2985195917897,0.0,0.0,0.0,0.0,0.0,0.0,0.0,0.0,0.0,1.0,0.0,6.0,0.0,0.0,0.0,0.0,0.0,884.8216780203079,0.0,0.0,0.0,nothing,0.0,66000.0,0,40.7607746231664
88be0e29b5fffff,-33.49676026807291,151.3050802157695,0.0,0.0,0.0,2.0,0.0,0.0,0.0,0.0,0.0,4.0,0.0,10.0,0.0,0.0,0.0,0.0,0.0,653.7834092899594,0.0,0.0,0.0,nothing,0.0,66000.0,0,41.66993093942187
88be0e29b7fffff,-33.49566226749081,151.29425073949216,0.0,0.0,0.0,0.0,0.0,0.0,0.0,0.0,0.0,0.0,0.0,0.0,0.0,0.0,0.0,0.0,0.0,0.0,0.0,0.0,0.0,nothing,0.0,66000.0,0,41.60343260610246
88be0e29bdfffff,-33.50513647014487,151.30935025285717,0.0,0.0,0.0,0.0,0.0,0.0,0.0,0.0,4.0,0.0,0.0,6.0,0.0,0.0,0.0,0.0,0.0,3373.093710233452,0.0,0.0,0.0,nothing,5.0,66000.0,0,40.841186977594575
88be0e29c5fffff,-33.53245543213955,151.34383527406584,0.0,0.0,0.0,0.0,0.0,0.0,0.0,0.0,2.0,1.0,0.0,0.0,0.0,0.0,0.0,0.0,0.0,0.0,0.0,0.0,0.0,nothing,0.0,0.0,0,38.736792288208484
88be0e29d1fffff,-33.544823289667995,151.30904071919804,0.0,0.0,0.0,1.0,0.0,1.0,1.0,0.0,12.0,6.0,0.0,0.0,0.0,0.0,0.0,0.0,0.0,603.8193300458455,0.0,0.0,0.0,nothing,0.0,0.0,0,36.543035395432625
88be0e29d3fffff,-33.543725287428096,151.29820497745314,0.0,0.0,0.0,0.0,0.0,0.0,0.0,0.0,1.0,1.0,0.0,0.0,0.0,0.0,0.0,0.0,0.0,0.0,0.0,0.0,0.0,nothing,0.0,0.0,0,36.4392679056582
88be0e29d5fffff,-33.53754417689583,151.31560368739406,0.0,0.0,0.0,0.0,0.0,0.0,0.0,0.0,0.0,4.0,0.0,0.0,0.0,0.0,0.0,0.0,0.0,0.0,0.0,0.0,0.0,nothing,0.0,0.0,0,37.47298678355634
88be0e29d7fffff,-33.53644679376023,151.30476870829975,0.0,1.0,0.0,0.0,0.0,1.0,0.0,0.0,0.0,1.0,0.0,1.0,0.0,0.0,0.0,0.0,0.0,2925.3545391530624,0.0,0.0,0.0,nothing,0.0,11000.0,0,37.35800719249605
88be0e29dbfffff,-33.552102026921794,151.30247667167728,0.0,0.0,0.0,0.0,0.0,0.0,0.0,0.0,0.0,1.0,0.0,0.0,0.0,0.0,0.0,0.0,0.0,0.0,0.0,0.0,0.0,nothing,0.0,0.0,0,35.61753894291187
88be0e29e1fffff,-33.51679918992878,151.34611922794758,1.0,0.0,0.0,1.0,0.0,0.0,0.0,1.0,6.0,3.0,0.0,0.0,0.0,0.0,0.0,2.0,0.0,3431.5370857662606,0.0,0.0,0.0,nothing,4.0,0.0,0,40.45680026605751
88be0e29e3fffff,-33.51570459064083,151.3352861169744,0.0,0.0,0.0,6.0,3.0,0.0,1.0,0.0,3.0,12.0,0.0,8.0,1.0,1.0,0.0,0.0,0.0,22847.32710954786,0.0,2.0,2.0,22 kW,34.0,0.0,1,40.28647991907224
88be0e29e7fffff,-33.50842398096702,151.3418447688125,0.0,0.0,0.0,0.0,0.0,0.0,0.0,0.0,1.0,0.0,0.0,0.0,0.0,0.0,0.0,0.0,0.0,3910.529503081837,0.0,0.0,0.0,nothing,4.0,0.0,0,41.23129501777794
88be0e29ebfffff,-33.52408004429112,151.33956026088447,0.0,0.0,0.0,1.0,0.0,0.0,1.0,0.0,1.0,0.0,0.0,1.0,0.0,0.0,0.0,0.0,0.0,391.3089526446438,0.0,0.0,0.0,nothing,0.0,0.0,0,39.50632210632698
88be0e2a13fffff,-33.64314647491835,151.33867317788955,0.0,0.0,0.0,0.0,0.0,0.0,0.0,0.0,0.0,1.0,0.0,0.0,0.0,0.0,0.0,0.0,0.0,0.0,0.0,0.0,0.0,nothing,0.0,0.0,0,27.095500145205516
88be0e2a81fffff,-33.63147805042127,151.30185050808313,0.0,0.0,0.0,0.0,0.0,0.0,0.0,0.0,0.0,0.0,0.0,0.0,0.0,0.0,0.0,2.0,0.0,0.0,0.0,0.0,0.0,nothing,0.0,0.0,0,27.090915800196207
88be0e2a83fffff,-33.63037880975794,151.2910038267963,0.0,0.0,0.0,0.0,0.0,0.0,0.0,0.0,0.0,0.0,0.0,0.0,0.0,0.0,0.0,2.0,0.0,0.0,0.0,0.0,0.0,nothing,0.0,0.0,0,26.932334854724594
88be0e2a87fffff,-33.62310074951143,151.2975748613775,0.0,0.0,0.0,0.0,0.0,0.0,0.0,0.0,0.0,1.0,0.0,0.0,0.0,0.0,0.0,0.0,0.0,0.0,0.0,0.0,0.0,nothing,0.0,0.0,0,27.87147797427944
88be0e2a89fffff,-33.639855281191764,151.30612702587317,0.0,1.0,0.0,0.0,0.0,1.0,0.0,0.0,0.0,31.0,0.0,7.0,0.0,0.0,0.0,0.0,0.0,0.0,0.0,0.0,0.0,nothing,0.0,0.0,0,26.32598004707901
88be0e2a8bfffff,-33.63875635172555,151.29527915593596,0.0,0.0,0.0,1.0,0.0,0.0,1.0,0.0,0.0,1.0,0.0,0.0,0.0,1.0,0.0,4.0,0.0,0.0,0.0,0.0,0.0,nothing,0.0,0.0,0,26.143170984931412
88be0e2a8dfffff,-33.632576359099396,151.31269761378962,0.0,0.0,0.0,0.0,0.0,0.0,0.0,0.0,1.0,1.0,0.0,5.0,0.0,0.0,0.0,0.0,0.0,1663.949718840487,0.0,0.0,0.0,nothing,2.0,0.0,0,27.28626460812997
88be0e2a91fffff,-33.63655569640094,151.27358469168087,0.0,0.0,0.0,0.0,0.0,0.0,0.0,0.0,0.0,5.0,0.0,0.0,0.0,1.0,0.0,6.0,0.0,0.0,0.0,0.0,0.0,nothing,0.0,0.0,0,25.893008838258226
88be0e2a95fffff,-33.62927863726683,151.2801575706816,0.0,0.0,0.0,0.0,0.0,0.0,0.0,0.0,1.0,4.0,0.0,0.0,0.0,0.0,0.0,0.0,0.0,0.0,0.0,0.0,0.0,nothing,0.0,0.0,0,26.811172615098698
88be0e2a99fffff,-33.64493378994859,151.2778585137577,0.0,2.0,0.0,0.0,0.0,0.0,0.0,0.0,0.0,1.0,0.0,4.0,0.0,1.0,0.0,0.0,0.0,2543.5314648079056,0.0,0.0,0.0,nothing,0.0,0.0,0,25.0709835913805
88be0e2a9bfffff,-33.643832374833735,151.26701073150673,0.0,0.0,0.0,0.0,0.0,0.0,0.0,0.0,0.0,2.0,0.0,0.0,0.0,0.0,0.0,0.0,0.0,623.8491670158463,0.0,0.0,0.0,nothing,0.0,0.0,0,24.98206807240644
88be0e2a9dfffff,-33.63765649007607,151.28443171095432,0.0,0.0,0.0,0.0,0.0,0.0,0.0,0.0,0.0,0.0,0.0,0.0,0.0,0.0,0.0,6.0,0.0,0.0,0.0,0.0,0.0,nothing,0.0,0.0,0,25.998634154365142
88be0e2aa3fffff,-33.6074451808284,151.29986972158113,0.0,0.0,0.0,0.0,0.0,0.0,0.0,0.0,0.0,1.0,0.0,0.0,0.0,1.0,0.0,2.0,0.0,0.0,0.0,0.0,0.0,nothing,0.0,0.0,0,29.602258323133974
88be0e2aa5fffff,-33.60126429437401,151.3172814784974,0.0,0.0,0.0,0.0,0.0,0.0,0.0,0.0,0.0,4.0,0.0,6.0,0.0,0.0,0.0,0.0,0.0,5537.426452629136,0.0,0.0,0.0,nothing,2.0,0.0,0,30.716558600292096
88be0e2aa9fffff,-33.61692030931243,151.31498996814702,0.0,0.0,0.0,0.0,0.0,0.0,0.0,0.0,0.0,0.0,0.0,4.0,0.0,0.0,0.0,0.0,0.0,0.0,0.0,0.0,0.0,nothing,0.0,0.0,0,28.999367582720318
88be0e2aadfffff,-33.609640870542435,151.32155807625216,0.0,0.0,0.0,0.0,0.0,0.0,0.0,0.0,0.0,0.0,0.0,4.0,0.0,0.0,0.0,0.0,0.0,0.0,0.0,0.0,0.0,nothing,0.0,0.0,0,29.959249415815098
88be0e2ab3fffff,-33.612522723516896,151.27161190234,0.0,0.0,0.0,0.0,0.0,0.0,0.0,0.0,0.0,1.0,0.0,0.0,0.0,0.0,0.0,0.0,0.0,44.74892034994951,0.0,0.0,0.0,nothing,0.0,0.0,0,28.474230825024044
88be0e2ab5fffff,-33.60634593927817,151.28902618034567,0.0,0.0,0.0,6.0,0.0,1.0,2.0,0.0,22.0,3.0,0.0,0.0,0.0,0.0,0.0,4.0,0.0,0.0,0.0,0.0,0.0,nothing,0.0,0.0,0,29.474486660255558
88be0e2abdfffff,-33.61472337896337,151.29330008553788,0.0,0.0,0.0,0.0,0.0,0.0,0.0,0.0,0.0,1.0,0.0,0.0,0.0,0.0,0.0,0.0,0.0,0.0,0.0,0.0,0.0,nothing,0.0,0.0,0,28.666388946749787
88be0e2ac1fffff,-33.64933012659718,151.3212538976779,0.0,0.0,0.0,2.0,0.0,0.0,0.0,0.0,4.0,6.0,0.0,4.0,0.0,0.0,0.0,0.0,0.0,10677.004742060182,0.0,0.0,0.0,nothing,11.0,0.0,0,25.824602514964077
88be0e2ac3fffff,-33.64823244132173,151.3104044149662,0.0,0.0,0.0,1.0,0.0,0.0,1.0,0.0,0.0,94.0,1.0,6.0,0.0,0.0,0.0,0.0,0.0,0.0,0.0,0.0,0.0,nothing,1.0,0.0,0,25.578074021029455
88be0e2ac5fffff,-33.6420503429452,151.327824037603,0.0,0.0,0.0,9.0,1.0,7.0,1.0,0.0,4.0,19.0,0.0,13.0,0.0,0.0,0.0,0.0,0.0,16697.113807725724,0.0,0.0,0.0,nothing,13.0,0.0,0,26.803125022637264
88be0e2ac7fffff,-33.64095327831736,151.31697532001317,0.0,0.0,0.0,1.0,1.0,4.0,0.0,0.0,0.0,236.0,0.0,14.0,0.0,0.0,0.0,0.0,1.0,335.7860683127412,0.0,0.0,0.0,nothing,2.0,0.0,0,26.5462722681082
88be0e2ac9fffff,-33.65770690343761,151.32553334700245,0.0,0.0,0.0,4.0,0.0,0.0,0.0,0.0,3.0,5.0,0.0,0.0,0.0,0.0,0.0,0.0,0.0,13485.581178439363,0.0,0.0,0.0,nothing,5.0,0.0,0,25.12283569461136
88be0e2acbfffff,-33.656609530309964,151.31468267558088,0.0,1.0,1.0,12.0,1.0,0.0,0.0,0.0,0.0,10.0,0.0,12.0,0.0,1.0,0.0,0.0,0.0,4713.535415120115,0.0,1.0,1.0,22 kW,12.0,0.0,1,24.848736800069286
88be0e2ad1fffff,-33.65441198505753,151.2929826047967,2.0,0.0,0.0,1.0,0.0,1.0,1.0,0.0,0.0,0.0,0.0,9.0,0.0,0.0,0.0,0.0,0.0,1369.8505816504826,0.0,2.0,2.0,kW,2.0,0.0,1,24.41786559431774
88be0e2ad3fffff,-33.65331181324745,151.28213320694064,0.0,0.0,0.0,0.0,0.0,0.0,0.0,0.0,0.0,0.0,0.0,12.0,0.0,0.0,0.0,2.0,0.0,0.0,0.0,0.0,0.0,nothing,0.0,0.0,0,24.263173408779544
88be0e2ad5fffff,-33.64713382335024,151.29955535624023,0.0,0.0,0.0,0.0,0.0,0.0,0.0,0.0,0.0,0.0,0.0,0.0,0.0,0.0,0.0,2.0,0.0,0.0,0.0,0.0,0.0,nothing,0.0,0.0,0,25.369690695533702
88be0e2ad7fffff,-33.64603427284002,151.28870672225312,2.0,0.0,0.0,2.0,0.0,0.0,1.0,0.0,15.0,7.0,0.0,7.0,0.0,1.0,0.0,4.0,0.0,13993.648871690928,0.0,0.0,0.0,nothing,1.0,0.0,0,25.20039715524802
88be0e2ad9fffff,-33.66278962622742,151.29725935880376,1.0,1.0,0.0,4.0,0.0,1.0,0.0,0.0,12.0,16.0,0.0,10.0,0.0,0.0,0.0,2.0,0.0,3470.699712551753,0.0,0.0,0.0,nothing,7.0,0.0,0,23.652599734486095
88be0e2addfffff,-33.655511224130855,151.30383242792783,0.0,5.0,0.0,0.0,0.0,0.0,0.0,0.0,1.0,3.0,0.0,0.0,0.0,0.0,0.0,0.0,0.0,0.0,0.0,0.0,0.0,nothing,0.0,0.0,0,24.613373957226443
88be0e2ae1fffff,-33.62639381379229,151.33011388451047,0.0,1.0,0.0,0.0,0.0,0.0,0.0,0.0,2.0,13.0,0.0,12.0,0.0,0.0,0.0,0.0,0.0,3446.5804180817127,0.0,0.0,0.0,nothing,9.0,0.0,0,28.49173679035594
88be0e2ae3fffff,-33.62529705759044,151.31926712008394,0.0,0.0,0.0,0.0,0.0,0.0,0.0,0.0,0.0,0.0,0.0,10.0,0.0,0.0,0.0,2.0,0.0,0.0,0.0,0.0,0.0,nothing,0.0,0.0,0,28.250137270066535
88be0e2ae5fffff,-33.619113513306324,151.3366815441498,0.0,0.0,0.0,1.0,0.0,0.0,0.0,0.0,2.0,12.0,0.0,4.0,0.0,0.0,0.0,0.0,0.0,10070.783679772998,0.0,0.0,0.0,nothing,2.0,0.0,0,29.46840498604349
88be0e2ae7fffff,-33.618017377182234,151.3258355448504,0.0,0.0,0.0,1.0,0.0,0.0,1.0,0.0,1.0,6.0,0.0,5.0,0.0,0.0,0.0,2.0,0.0,9333.401494055082,0.0,0.0,0.0,nothing,1.0,0.0,0,29.217243211461128
88be0e2ae9fffff,-33.6347701798714,151.33439309545068,0.0,0.0,0.0,18.0,2.0,2.0,0.0,1.0,7.0,39.0,0.0,8.0,0.0,0.0,0.0,0.0,1.0,14772.99252455334,8275.222222222223,0.0,0.0,nothing,31.0,0.0,0,27.78402392815902
88be0e2aebfffff,-33.63367373563509,151.3235451431631,0.0,0.0,0.0,3.0,1.0,0.0,0.0,0.0,2.0,28.0,0.0,7.0,0.0,2.0,0.0,0.0,0.0,7291.778771309677,0.0,0.0,0.0,nothing,9.0,0.0,0,27.517599771764957
88be0e2aedfffff,-33.627489637893206,151.34096107131563,0.0,0.0,0.0,0.0,0.0,0.0,0.0,0.0,2.0,15.0,0.0,0.0,0.0,0.0,0.0,0.0,0.0,0.0,0.0,0.0,0.0,nothing,1.0,0.0,0,28.767056435074394
88be0e2c01fffff,-33.61600394242675,151.15003593439633,1.0,0.0,0.0,2.0,0.0,1.0,0.0,0.0,3.0,10.0,0.0,0.0,0.0,0.0,0.0,0.0,0.0,2147.9923617864706,0.0,6.0,0.0,nothing,18.0,132000.0,1,28.30170594738243
88be0e2c03fffff,-33.61489167060558,151.13919527391457,0.0,3.0,0.0,2.0,2.0,0.0,1.0,0.0,0.0,1.0,0.0,1.0,1.0,1.0,0.0,0.0,0.0,9423.658784177887,0.0,0.0,0.0,nothing,32.0,0.0,0,28.65635779251548
88be0e2c05fffff,-33.60873396962926,151.15661685056463,0.0,0.0,0.0,0.0,0.0,0.0,0.0,0.0,2.0,0.0,0.0,0.0,0.0,1.0,0.0,0.0,0.0,1788.8490569104372,2691.0126050420167,2.0,0.0,nothing,0.0,132000.0,1,28.966524062037706
88be0e2c07fffff,-33.60762232129496,151.14577694644785,0.0,0.0,0.0,0.0,0.0,0.0,0.0,0.0,0.0,0.0,0.0,0.0,0.0,0.0,0.0,0.0,0.0,0.0,0.0,0.0,0.0,nothing,1.0,0.0,0,29.295556231841196
88be0e2c09fffff,-33.624385497584925,151.1542957914759,2.0,0.0,0.0,4.0,0.0,0.0,3.0,0.0,25.0,14.0,0.0,5.0,1.0,0.0,0.0,0.0,0.0,21156.871783524304,0.0,0.0,0.0,nothing,29.0,66000.0,0,27.309043404497487
88be0e2c0bfffff,-33.62327353197832,151.14345393933752,0.0,0.0,0.0,0.0,0.0,0.0,0.0,0.0,1.0,1.0,0.0,4.0,0.0,0.0,0.0,0.0,0.0,1056.9785605238021,0.0,3.0,0.0,nothing,19.0,132000.0,1,27.657911761677624
88be0e2c0dfffff,-33.61711528448768,151.1608770298162,0.0,0.0,0.0,0.0,0.0,0.0,0.0,0.0,0.0,1.0,0.0,0.0,0.0,0.0,0.0,0.0,0.0,0.0,0.0,0.0,0.0,nothing,0.0,66000.0,0,27.97928719726813
88be0e2c11fffff,-33.621046811058015,151.1217715422371,0.0,0.0,0.0,0.0,0.0,0.0,0.0,0.0,0.0,1.0,0.0,0.0,0.0,0.0,0.0,0.0,0.0,0.0,0.0,0.0,0.0,nothing,0.0,0.0,0,28.451274990394246
88be0e2c15fffff,-33.61377846918481,151.12835504912084,0.0,0.0,0.0,1.0,0.0,0.0,0.0,0.0,8.0,8.0,0.0,0.0,0.0,0.0,0.0,0.0,0.0,588.5674277630366,0.0,0.0,0.0,nothing,0.0,0.0,0,29.042060338976672
88be0e2c19fffff,-33.62942921820893,151.12602869263654,0.0,0.0,0.0,0.0,0.0,0.0,0.0,0.0,0.0,4.0,0.0,0.0,0.0,0.0,0.0,0.0,0.0,0.0,0.0,0.0,0.0,nothing,0.0,0.0,0,27.445229188515643
88be0e2c1bfffff,-33.62831476865983,151.1151869567395,0.0,0.0,0.0,4.0,0.0,3.0,0.0,0.0,9.0,20.0,0.0,0.0,0.0,0.0,0.0,0.0,0.0,5152.456052094926,0.0,0.0,0.0,nothing,0.0,0.0,0,27.88467704311317
88be0e2c1dfffff,-33.62216063641575,151.13261252267458,0.0,0.0,0.0,0.0,0.0,0.0,0.0,0.0,1.0,1.0,0.0,0.0,0.0,0.0,0.0,0.0,0.0,0.0,0.0,0.0,0.0,nothing,0.0,0.0,0,28.039089005074075
88be0e2c21fffff,-33.59308247423862,151.1589370557604,0.0,0.0,0.0,0.0,0.0,0.0,0.0,0.0,0.0,0.0,0.0,0.0,0.0,0.0,0.0,0.0,0.0,0.0,0.0,3.0,0.0,nothing,0.0,132000.0,1,30.63420590270604
88be0e2c23fffff,-33.59197114310194,151.1480990990013,0.0,0.0,0.0,0.0,0.0,0.0,1.0,0.0,0.0,0.0,0.0,0.0,0.0,0.0,0.0,0.0,0.0,0.0,0.0,0.0,0.0,nothing,0.0,0.0,0,30.945410769974252
88be0e2c25fffff,-33.58581197752607,151.1655154927228,0.0,0.0,0.0,0.0,0.0,0.0,0.0,0.0,0.0,9.0,0.0,0.0,0.0,0.0,0.0,0.0,0.0,0.0,0.0,3.0,0.0,nothing,1.0,132000.0,1,31.331083508857738
88be0e2c29fffff,-33.601463614102464,151.1631966879341,0.0,0.0,0.0,0.0,0.0,0.0,0.0,0.0,0.0,1.0,0.0,0.0,0.0,0.0,0.0,0.0,0.0,0.0,0.0,4.0,0.0,nothing,1.0,132000.0,1,29.650952314196566
88be0e2c2bfffff,-33.600352589000444,151.15235754036595,0.0,0.0,0.0,0.0,0.0,0.0,0.0,0.0,2.0,1.0,0.0,0.0,0.0,0.0,0.0,0.0,0.0,0.0,0.0,2.0,0.0,nothing,0.0,132000.0,1,29.955280860825386
88be0e2c2dfffff,-33.594192876362975,151.16977544659645,0.0,0.0,0.0,2.0,0.0,0.0,2.0,0.0,7.0,5.0,0.0,3.0,0.0,1.0,0.0,0.0,0.0,1127.4980671825408,0.0,0.0,0.0,nothing,1.0,66000.0,0,30.35366452068469
88be0e2c31fffff,-33.59812775133242,151.1306805498206,0.0,0.0,0.0,1.0,0.0,0.0,0.0,0.0,1.0,3.0,0.0,0.0,0.0,1.0,0.0,0.0,0.0,2437.170448801632,0.0,1.0,0.0,nothing,0.0,0.0,1,30.655524339282422
88be0e2c33fffff,-33.597013939087724,151.1198427083423,0.0,2.0,0.0,6.0,0.0,5.0,1.0,0.0,11.0,8.0,0.0,1.0,0.0,0.0,0.0,2.0,0.0,8686.374856175247,0.0,1.0,0.0,nothing,1.0,0.0,1,31.049370908121837
88be0e2c35fffff,-33.5908588831133,151.13726157706867,0.0,0.0,0.0,0.0,0.0,0.0,0.0,0.0,1.0,2.0,0.0,0.0,0.0,0.0,0.0,0.0,0.0,0.0,0.0,0.0,0.0,nothing,0.0,0.0,0,31.28636266500161
88be0e2c37fffff,-33.58974569443331,151.12642449071177,0.0,0.0,0.0,0.0,0.0,0.0,0.0,0.0,2.0,1.0,0.0,0.0,0.0,0.0,0.0,0.0,0.0,0.0,0.0,0.0,0.0,nothing,0.0,0.0,0,31.65609899847923
88be0e2c39fffff,-33.60650974355672,151.13493747748188,0.0,0.0,0.0,0.0,0.0,0.0,1.0,0.0,0.0,0.0,0.0,1.0,0.0,0.0,0.0,0.0,0.0,0.0,0.0,0.0,0.0,nothing,7.0,0.0,0,29.65558792360954
88be0e2c3bfffff,-33.60539623657525,151.12409844441638,0.0,0.0,0.0,0.0,0.0,0.0,1.0,0.0,1.0,2.0,0.0,0.0,0.0,0.0,0.0,2.0,0.0,0.0,0.0,2.0,0.0,nothing,0.0,0.0,1,30.04550325725439
88be0e2c3dfffff,-33.599240634690254,151.1415188274116,0.0,0.0,0.0,0.0,0.0,0.0,1.0,0.0,0.0,2.0,0.0,0.0,0.0,0.0,0.0,0.0,0.0,0.0,0.0,0.0,0.0,nothing,0.0,0.0,0,30.290476194476415
88be0e2c45fffff,-33.62660663828811,151.1759807991779,0.0,0.0,0.0,0.0,0.0,0.0,0.0,0.0,0.0,1.0,0.0,0.0,0.0,0.0,0.0,0.0,0.0,0.0,0.0,0.0,0.0,nothing,0.0,0.0,0,26.713186696764538
88be0e2c49fffff,-33.642258829433,151.1736627840772,0.0,0.0,0.0,0.0,0.0,0.0,0.0,0.0,0.0,2.0,0.0,0.0,0.0,0.0,0.0,0.0,0.0,0.0,0.0,0.0,0.0,nothing,0.0,0.0,0,25.02850733819434
88be0e2c51fffff,-33.638924772738996,151.14113007720616,0.0,0.0,0.0,0.0,0.0,0.0,0.0,0.0,0.0,3.0,0.0,2.0,0.0,0.0,0.0,0.0,0.0,127.71282062896942,0.0,0.0,0.0,nothing,0.0,132000.0,0,26.034784427980505
88be0e2c53fffff,-33.63781155927737,151.13028671218225,0.0,0.0,0.0,0.0,0.0,0.0,0.0,0.0,0.0,1.0,0.0,6.0,0.0,0.0,0.0,0.0,0.0,0.0,0.0,0.0,0.0,nothing,0.0,132000.0,0,26.439487295638116
88be0e2c55fffff,-33.631655327174236,151.1477134739698,0.0,2.0,0.0,1.0,0.0,0.0,0.0,0.0,2.0,0.0,0.0,12.0,0.0,0.0,0.0,0.0,0.0,0.0,2932.1111111111113,2.0,0.0,nothing,7.0,132000.0,1,26.660339231255243
88be0e2c57fffff,-33.630542737767385,151.13687086529666,0.0,0.0,0.0,0.0,0.0,0.0,0.0,0.0,0.0,1.0,0.0,6.0,0.0,0.0,0.0,0.0,0.0,0.0,0.0,3.0,0.0,nothing,1.0,132000.0,1,27.036643028846292
88be0e2c59fffff,-33.64730674082981,151.14539015862215,0.0,0.0,0.0,0.0,0.0,0.0,0.0,0.0,0.0,3.0,0.0,0.0,0.0,0.0,0.0,0.0,0.0,0.0,0.0,0.0,0.0,nothing,0.0,0.0,0,25.033585101352394
88be0e2c5bfffff,-33.6461938337626,151.1345456010934,0.0,0.0,0.0,0.0,0.0,0.0,1.0,0.0,0.0,2.0,0.0,2.0,0.0,0.0,0.0,0.0,0.0,0.0,0.0,0.0,0.0,nothing,0.0,132000.0,0,25.434086724058638
88be0e2c89fffff,-33.61658221489955,151.0784119977363,0.0,0.0,0.0,0.0,0.0,0.0,0.0,0.0,0.0,0.0,0.0,5.0,0.0,0.0,0.0,0.0,0.0,0.0,0.0,0.0,0.0,nothing,0.0,0.0,0,30.383423703884418
88be0e2c8bfffff,-33.6154637429861,151.06757320967031,0.0,0.0,0.0,0.0,0.0,0.0,0.0,0.0,0.0,0.0,0.0,4.0,0.0,0.0,0.0,0.0,0.0,0.0,0.0,0.0,0.0,nothing,0.0,0.0,0,30.930666536746276
88be0e2c93fffff,-33.61210275494246,151.03505949279807,0.0,0.0,0.0,0.0,0.0,0.0,0.0,0.0,0.0,0.0,0.0,0.0,0.0,0.0,0.0,0.0,0.0,0.0,0.0,2.0,0.0,nothing,0.0,330000.0,1,32.70608767511758
88be0e2c95fffff,-33.60596004399262,151.05248573778582,0.0,0.0,0.0,0.0,0.0,0.0,0.0,0.0,0.0,0.0,0.0,0.0,0.0,0.0,0.0,0.0,0.0,920.827984973283,0.0,0.0,0.0,nothing,0.0,0.0,0,32.50739312980577
88be0e2c97fffff,-33.604839411585594,151.041649025472,0.0,0.0,0.0,0.0,0.0,0.0,0.0,0.0,0.0,0.0,0.0,0.0,0.0,0.0,0.0,0.0,0.0,0.0,0.0,2.0,0.0,nothing,0.0,330000.0,1,33.09705245833381
88be0e2c99fffff,-33.62160855060515,151.0501457553676,0.0,0.0,0.0,0.0,0.0,0.0,0.0,0.0,0.0,0.0,0.0,5.0,0.0,0.0,0.0,0.0,0.0,0.0,0.0,0.0,0.0,nothing,0.0,0.0,0,31.089760097503746
88be0e2c9bfffff,-33.62048759564803,151.03930709780082,0.0,0.0,0.0,0.0,0.0,0.0,0.0,0.0,0.0,0.0,0.0,5.0,0.0,0.0,0.0,0.0,1.0,0.0,0.0,0.0,0.0,nothing,0.0,0.0,0,31.705893740783303
88be0e2c9dfffff,-33.61434434224713,151.05673486232618,0.0,0.0,0.0,0.0,0.0,0.0,0.0,0.0,0.0,1.0,0.0,2.0,0.0,0.0,0.0,0.0,0.0,0.0,0.0,0.0,0.0,nothing,0.0,0.0,0,31.501006061340238
88be0e2cb1fffff,-33.59031156802708,151.0548248597812,0.0,0.0,0.0,0.0,0.0,0.0,0.0,0.0,0.0,0.0,0.0,0.0,0.0,0.0,0.0,0.0,0.0,0.0,0.0,2.0,0.0,nothing,0.0,330000.0,1,33.95595132542295
88be0e2cb5fffff,-33.583047068857695,151.06141116159628,0.0,0.0,0.0,0.0,0.0,0.0,0.0,0.0,0.0,0.0,0.0,0.0,0.0,0.0,0.0,0.0,0.0,0.0,0.0,2.0,0.0,nothing,0.0,330000.0,1,34.42196555582692
88be0e2cbbfffff,-33.597575682441764,151.04823748110311,0.0,0.0,0.0,0.0,0.0,0.0,0.0,0.0,0.0,0.0,0.0,0.0,0.0,0.0,0.0,0.0,0.0,0.0,0.0,2.0,0.0,nothing,0.0,330000.0,1,33.51399250866528
88be0e2cc5fffff,-33.618816371601405,151.10009089303782,0.0,0.0,0.0,0.0,0.0,0.0,0.0,0.0,0.0,0.0,0.0,1.0,0.0,0.0,0.0,0.0,0.0,0.0,0.0,0.0,0.0,nothing,0.0,0.0,0,29.36334581787892
88be0e2cc7fffff,-33.61769975782531,151.08925122577517,0.0,0.0,0.0,0.0,0.0,0.0,0.0,0.0,0.0,0.0,0.0,4.0,0.0,0.0,0.0,0.0,0.0,0.0,0.0,0.0,0.0,nothing,0.0,0.0,0,29.860549003228122
88be0e2cc9fffff,-33.63446633745435,151.09775923941584,0.0,0.0,0.0,0.0,0.0,0.0,0.0,0.0,0.0,0.0,0.0,0.0,0.0,0.0,0.0,0.0,0.0,0.0,0.0,3.0,0.0,nothing,0.0,330000.0,1,27.840264489811588
88be0e2ccbfffff,-33.633349403571856,151.08691762509565,0.0,0.0,0.0,0.0,0.0,0.0,0.0,0.0,0.0,0.0,0.0,0.0,0.0,0.0,0.0,0.0,0.0,0.0,0.0,4.0,0.0,nothing,0.0,330000.0,1,28.36428668231146
88be0e2ccdfffff,-33.627199389281294,151.10434565835558,0.0,0.0,0.0,0.0,0.0,0.0,0.0,0.0,0.0,2.0,0.0,0.0,0.0,0.0,0.0,0.0,0.0,3969.647837061728,0.0,0.0,0.0,nothing,0.0,0.0,0,28.353550054162078
88be0e2cd1fffff,-33.63111274686525,151.06523571585655,0.0,0.0,0.0,0.0,0.0,0.0,0.0,0.0,0.0,0.0,0.0,0.0,0.0,0.0,0.0,0.0,0.0,0.0,0.0,3.0,0.0,nothing,0.0,132000.0,1,29.488960621494
88be0e2cd3fffff,-33.629993024365454,151.05439542243644,0.0,0.0,0.0,0.0,0.0,0.0,0.0,0.0,0.0,0.0,0.0,0.0,0.0,0.0,0.0,0.0,0.0,0.0,0.0,1.0,0.0,nothing,0.0,132000.0,1,30.086744920778212
88be0e2cd7fffff,-33.622728576704844,151.0609848549433,0.0,0.0,0.0,0.0,0.0,0.0,0.0,0.0,0.0,0.0,0.0,1.0,0.0,0.0,0.0,0.0,0.0,2452.531076696049,0.0,0.0,0.0,nothing,0.0,0.0,0,30.494853490762186
88be0e2cd9fffff,-33.639496852227786,151.06948744528515,0.0,0.0,0.0,0.0,0.0,0.0,0.0,0.0,0.0,0.0,0.0,0.0,0.0,0.0,0.0,0.0,0.0,0.0,0.0,1.0,0.0,nothing,0.0,330000.0,1,28.483356203380712
88be0e2cdbfffff,-33.638377433625436,151.05864595787838,0.0,0.0,0.0,0.0,0.0,0.0,0.0,0.0,0.0,0.0,0.0,0.0,0.0,0.0,0.0,0.0,0.0,0.0,0.0,4.0,0.0,nothing,0.0,330000.0,1,29.084210069649234
88be0e2cddfffff,-33.63223153998813,151.07607645032604,0.0,0.0,0.0,0.0,0.0,0.0,0.0,0.0,0.0,0.0,0.0,0.0,0.0,0.0,0.0,0.0,0.0,0.0,0.0,4.0,0.0,nothing,0.0,330000.0,1,28.91433808951315
88be0e2d01fffff,-33.56510611361133,151.1960796960125,0.0,0.0,0.0,0.0,0.0,0.0,0.0,0.0,0.0,1.0,0.0,0.0,0.0,0.0,0.0,0.0,0.0,0.0,0.0,0.0,0.0,nothing,0.0,132000.0,0,33.32378177859461
88be0e2d05fffff,-33.55783347255843,151.20265306251832,0.0,0.0,0.0,0.0,0.0,0.0,0.0,0.0,0.0,2.0,0.0,0.0,0.0,0.0,0.0,0.0,0.0,0.0,0.0,0.0,0.0,nothing,0.0,66000.0,0,34.10092795198654
88be0e2d07fffff,-33.55672618150122,151.19181845808814,0.0,0.0,0.0,0.0,0.0,0.0,0.0,0.0,0.0,3.0,0.0,0.0,0.0,0.0,0.0,0.0,0.0,0.0,25054.150997151,0.0,0.0,nothing,0.0,132000.0,0,34.27580902783725
88be0e2d0bfffff,-33.57237837503494,151.18950525125953,0.0,0.0,0.0,1.0,0.0,0.0,0.0,0.0,0.0,4.0,0.0,0.0,0.0,0.0,0.0,0.0,0.0,2319.1315336788302,0.0,0.0,0.0,nothing,0.0,132000.0,0,32.55951763235247
88be0e2d19fffff,-33.57854109937942,151.17209285134496,0.0,0.0,0.0,0.0,0.0,0.0,0.0,0.0,0.0,0.0,0.0,0.0,0.0,0.0,0.0,0.0,0.0,0.0,0.0,0.0,0.0,nothing,0.0,132000.0,0,32.044742752553155
88be0e2d21fffff,-33.54218100521724,151.2049634725675,0.0,0.0,0.0,0.0,0.0,0.0,0.0,0.0,0.0,1.0,0.0,0.0,0.0,0.0,0.0,0.0,0.0,0.0,0.0,0.0,0.0,nothing,0.0,0.0,0,35.82886713164428
88be0e2d23fffff,-33.541074029164065,151.19413081430278,0.0,0.0,0.0,1.0,0.0,0.0,0.0,0.0,0.0,2.0,0.0,3.0,0.0,0.0,0.0,0.0,0.0,0.0,1470.6380952380953,0.0,0.0,nothing,0.0,132000.0,0,35.995264206719284
88be0e2d27fffff,-33.5338014943981,151.20070246247215,0.0,0.0,0.0,0.0,0.0,5.0,0.0,0.0,0.0,6.0,0.0,0.0,0.0,0.0,0.0,0.0,0.0,20161.386891670245,24033.678571428572,0.0,0.0,nothing,0.0,132000.0,0,36.771412658799335
88be0e2d29fffff,-33.550560452392965,151.20922535086922,0.0,1.0,0.0,0.0,0.0,0.0,0.0,0.0,2.0,5.0,0.0,2.0,0.0,0.0,0.0,0.0,0.0,5061.451794673586,0.0,0.0,0.0,nothing,6.0,66000.0,0,34.89009560103364
88be0e2d2bfffff,-33.54945378278462,151.19839150426802,0.0,0.0,0.0,1.0,0.0,0.0,0.0,0.0,3.0,4.0,0.0,7.0,0.0,0.0,0.0,0.0,0.0,5906.148945033734,0.0,1.0,1.0,kW,4.0,132000.0,1,35.046342134822126
88be0e2d2dfffff,-33.543287053631694,151.2157965611575,1.0,0.0,1.0,3.0,0.0,0.0,0.0,0.0,2.0,5.0,0.0,2.0,0.0,0.0,0.0,0.0,0.0,0.0,0.0,0.0,0.0,nothing,3.0,0.0,0,35.69048753270894
88be0e2d31fffff,-33.54723766022161,151.1767251043963,0.0,0.0,0.0,0.0,0.0,0.0,0.0,0.0,0.0,1.0,0.0,0.0,0.0,0.0,0.0,0.0,0.0,0.0,0.0,0.0,0.0,nothing,0.0,0.0,0,35.443815702759615
88be0e2d39fffff,-33.555617962412356,151.18098428505405,0.0,0.0,0.0,0.0,0.0,0.0,1.0,0.0,0.0,2.0,0.0,0.0,0.0,0.0,0.0,0.0,0.0,8349.152370449363,0.0,0.0,0.0,nothing,0.0,0.0,0,34.47960726256485
88be0e2d3dfffff,-33.54834618534104,151.18755808852742,0.0,0.0,0.0,0.0,0.0,0.0,0.0,0.0,0.0,3.0,0.0,0.0,0.0,0.0,0.0,0.0,0.0,8349.152370449363,0.0,0.0,0.0,nothing,0.0,0.0,0,35.23106432634312
88be0e2d41fffff,-33.58297215379282,151.2154429491628,0.0,0.0,0.0,0.0,0.0,0.0,0.0,0.0,0.0,2.0,0.0,0.0,0.0,0.0,0.0,0.0,0.0,0.0,0.0,0.0,0.0,nothing,0.0,0.0,0,31.288918172660843
88be0e2d43fffff,-33.581865783678715,151.20460477782586,0.0,0.0,0.0,0.0,0.0,0.0,0.0,0.0,0.0,1.0,0.0,0.0,0.0,0.0,0.0,0.0,0.0,0.0,0.0,0.0,0.0,nothing,0.0,0.0,0,31.430588305201788
88be0e2d4dfffff,-33.58407759464867,151.22628155050486,0.0,0.0,0.0,0.0,0.0,0.0,0.0,0.0,0.0,3.0,0.0,0.0,0.0,0.0,0.0,0.0,0.0,0.0,0.0,0.0,0.0,nothing,0.0,0.0,0,31.179570279608757
88be0e2d53fffff,-33.586921756927445,151.17635312664353,0.0,0.0,0.0,0.0,0.0,0.0,0.0,0.0,0.0,0.0,0.0,0.0,0.0,0.0,0.0,0.0,0.0,0.0,0.0,0.0,0.0,nothing,0.0,66000.0,0,31.073420563348243
88be0e2d55fffff,-33.580758484465505,151.19376703724407,0.0,0.0,0.0,0.0,0.0,0.0,0.0,0.0,1.0,1.0,0.0,0.0,0.0,0.0,0.0,0.0,0.0,0.0,0.0,0.0,0.0,nothing,0.0,15000.0,0,31.604144616503806
88be0e2d57fffff,-33.57965025631254,151.1829297281672,0.0,0.0,0.0,0.0,0.0,0.0,0.0,0.0,0.0,2.0,0.0,0.0,0.0,0.0,0.0,0.0,0.0,0.0,0.0,0.0,0.0,nothing,0.0,132000.0,0,31.809063785757598
88be0e2d5dfffff,-33.58913852864135,151.19802969210778,0.0,0.0,0.0,0.0,0.0,0.0,0.0,0.0,1.0,2.0,0.0,0.0,0.0,0.0,0.0,0.0,0.0,0.0,0.0,0.0,0.0,nothing,0.0,0.0,0,30.652276286396795
88be0e2d65fffff,-33.55277100746755,151.23089433365712,0.0,0.0,0.0,0.0,0.0,2.0,0.0,0.0,0.0,0.0,0.0,0.0,0.0,0.0,0.0,0.0,0.0,3517.801807094206,0.0,0.0,0.0,nothing,0.0,0.0,0,34.66450468466701
88be0e2d67fffff,-33.55166619400692,151.220059627582,0.0,0.0,0.0,0.0,0.0,0.0,0.0,0.0,0.0,0.0,0.0,2.0,0.0,0.0,0.0,0.0,0.0,0.0,0.0,0.0,0.0,nothing,1.0,66000.0,0,34.76270996766156
88be0e2d8dfffff,-33.558444716823495,151.13107401750827,0.0,0.0,0.0,0.0,0.0,0.0,0.0,0.0,0.0,1.0,0.0,0.0,0.0,0.0,0.0,0.0,0.0,0.0,0.0,0.0,0.0,nothing,0.0,0.0,0,34.91730272137436
88be0e2dadfffff,-33.53552523989817,151.13997400405876,0.0,0.0,0.0,0.0,0.0,0.0,0.0,0.0,2.0,0.0,0.0,0.0,0.0,0.0,0.0,0.0,0.0,0.0,0.0,0.0,0.0,nothing,0.0,0.0,0,37.23211158949573
88be0e2db3fffff,-33.53833608213749,151.09007685909083,0.0,0.0,0.0,0.0,0.0,0.0,0.0,0.0,0.0,0.0,0.0,0.0,0.0,0.0,0.0,0.0,0.0,507.6936417017896,0.0,3.0,0.0,nothing,0.0,330000.0,1,38.085435567084545
88be0e2db7fffff,-33.53106952729009,151.09665637804315,0.0,0.0,0.0,0.0,0.0,0.0,0.0,0.0,0.0,0.0,0.0,0.0,0.0,0.0,0.0,0.0,0.0,0.0,0.0,2.0,0.0,nothing,0.0,330000.0,1,38.67374990904815
88be0e2e01fffff,-33.67467341504338,151.1798731979724,0.0,0.0,0.0,0.0,0.0,0.0,0.0,0.0,0.0,0.0,0.0,0.0,0.0,0.0,0.0,0.0,0.0,0.0,0.0,0.0,0.0,nothing,2.0,0.0,0,21.38735044744284
88be0e2e05fffff,-33.66740176441586,151.18645636769705,0.0,0.0,0.0,0.0,0.0,0.0,0.0,0.0,0.0,1.0,0.0,0.0,0.0,0.0,0.0,0.0,0.0,0.0,0.0,0.0,0.0,nothing,0.0,0.0,0,22.09926032320778
88be0e2e07fffff,-33.66629226624397,151.1756081215061,0.0,0.0,0.0,0.0,0.0,0.0,0.0,0.0,0.0,4.0,0.0,0.0,0.0,0.0,0.0,0.0,0.0,0.0,0.0,0.0,0.0,nothing,0.0,0.0,0,22.369129156726274
88be0e2e09fffff,-33.68305449436313,151.18413914510361,0.0,0.0,0.0,1.0,0.0,0.0,0.0,0.0,0.0,2.0,0.0,5.0,0.0,0.0,0.0,0.0,0.0,0.0,0.0,0.0,0.0,nothing,2.0,0.0,0,20.40834152187848
88be0e2e0bfffff,-33.681944680591236,151.17328894742843,0.0,0.0,0.0,0.0,0.0,0.0,0.0,0.0,0.0,0.0,0.0,0.0,0.0,0.0,0.0,0.0,0.0,0.0,0.0,0.0,0.0,nothing,1.0,0.0,0,20.700405856812377
88be0e2e0dfffff,-33.67578260485867,151.19072263645035,0.0,0.0,0.0,0.0,0.0,0.0,0.0,0.0,0.0,1.0,0.0,9.0,0.0,0.0,0.0,0.0,0.0,1586.6430407233565,0.0,0.0,0.0,nothing,0.0,0.0,0,21.129187048191735
88be0e2e11fffff,-33.679722255855445,151.1515898547773,0.0,0.0,0.0,0.0,0.0,0.0,0.0,0.0,0.0,0.0,0.0,0.0,0.0,0.0,0.0,0.0,0.0,0.0,0.0,2.0,0.0,nothing,0.0,330000.0,1,21.416890776930153
88be0e2e13fffff,-33.67860964521251,151.14074096130528,0.0,0.0,0.0,0.0,0.0,0.0,0.0,0.0,0.0,0.0,0.0,0.0,0.0,0.0,0.0,0.0,0.0,0.0,0.0,2.0,0.0,nothing,0.0,330000.0,1,21.83696500138445
88be0e2e17fffff,-33.67134025271115,151.14732748621185,0.0,0.0,0.0,0.0,0.0,0.0,1.0,0.0,0.0,0.0,0.0,0.0,0.0,0.0,0.0,0.0,0.0,0.0,0.0,4.0,0.0,nothing,0.0,330000.0,1,22.4204073302806
88be0e2e19fffff,-33.688104189912295,151.15585309380475,0.0,0.0,0.0,2.0,0.0,0.0,0.0,0.0,2.0,16.0,0.0,0.0,0.0,0.0,0.0,0.0,0.0,2072.214117862829,0.0,0.0,0.0,nothing,0.0,0.0,0,20.41402683820225
88be0e2e1bfffff,-33.686991886795596,151.14500300690952,0.0,0.0,0.0,0.0,0.0,0.0,0.0,0.0,0.0,0.0,0.0,0.0,0.0,0.0,0.0,0.0,0.0,0.0,0.0,4.0,0.0,nothing,1.0,330000.0,1,20.829738542488293
88be0e2e1dfffff,-33.68083393436856,151.16243918373564,0.0,0.0,0.0,0.0,0.0,0.0,0.0,0.0,0.0,0.0,0.0,0.0,0.0,0.0,0.0,0.0,0.0,0.0,0.0,5.0,0.0,nothing,0.0,330000.0,1,21.037294693764263
88be0e2e29fffff,-33.66012972922549,151.19303845669467,0.0,1.0,0.0,0.0,0.0,0.0,0.0,0.0,0.0,1.0,0.0,0.0,0.0,0.0,0.0,0.0,0.0,0.0,0.0,0.0,0.0,nothing,0.0,0.0,0,22.833800977883282
88be0e2e2dfffff,-33.65285730998911,151.19961946505774,0.0,0.0,0.0,0.0,0.0,0.0,0.0,0.0,0.0,2.0,0.0,0.0,0.0,0.0,0.0,0.0,0.0,0.0,0.0,0.0,0.0,nothing,0.0,0.0,0,23.58885883188093
88be0e2e31fffff,-33.65680031069323,151.16049729531298,0.0,0.0,0.0,5.0,0.0,15.0,4.0,0.0,34.0,27.0,0.0,0.0,0.0,0.0,0.0,0.0,0.0,27636.969105352568,0.0,0.0,0.0,nothing,2.0,0.0,0,23.6739809762061
88be0e2e33fffff,-33.65568864153904,151.14965110976385,0.0,0.0,0.0,1.0,0.0,0.0,0.0,0.0,15.0,4.0,0.0,0.0,0.0,0.0,0.0,0.0,0.0,18202.71575907388,0.0,0.0,0.0,nothing,0.0,0.0,0,24.033128869793234
88be0e2e37fffff,-33.6484187170325,151.1562351517384,0.0,0.0,0.0,1.0,0.0,0.0,0.0,0.0,19.0,3.0,0.0,0.0,0.0,0.0,0.0,0.0,0.0,18202.71575907388,0.0,0.0,0.0,nothing,0.0,0.0,0,24.668244069871005
88be0e2e39fffff,-33.66518183617388,151.16476030897334,1.0,0.0,0.0,1.0,0.0,0.0,0.0,0.0,1.0,1.0,0.0,0.0,0.0,0.0,0.0,0.0,0.0,2939.6641123499694,0.0,0.0,0.0,nothing,0.0,0.0,0,22.681118206279326
88be0e2e3bfffff,-33.66407047436583,151.15391293085048,0.0,1.0,0.0,2.0,0.0,0.0,1.0,0.0,28.0,31.0,0.0,0.0,0.0,0.0,0.0,0.0,0.0,17210.6165626592,0.0,0.0,0.0,nothing,0.0,0.0,0,23.033514041418556
88be0e2e49fffff,-33.700924705518545,151.20352666841976,0.0,0.0,0.0,0.0,0.0,0.0,0.0,0.0,2.0,0.0,0.0,0.0,0.0,0.0,0.0,0.0,0.0,3609.8035034337777,0.0,3.0,0.0,nothing,0.0,330000.0,1,18.24510298777193
88be0e2e4bfffff,-33.699816442559516,151.19267365223823,0.0,0.0,0.0,0.0,0.0,0.0,0.0,0.0,0.0,0.0,0.0,0.0,0.0,0.0,0.0,0.0,0.0,0.0,0.0,4.0,0.0,nothing,0.0,330000.0,1,18.46040173147284
88be0e2e4dfffff,-33.693651714992846,151.21011004232892,0.0,0.0,0.0,0.0,0.0,0.0,0.0,0.0,1.0,0.0,0.0,2.0,0.0,0.0,0.0,0.0,0.0,4158.776588451464,0.0,0.0,0.0,nothing,0.0,0.0,0,19.021653203228347
88be0e2e51fffff,-33.69759711683048,151.17096891903245,0.0,0.0,0.0,0.0,0.0,0.0,0.0,0.0,1.0,5.0,0.0,0.0,0.0,0.0,0.0,0.0,0.0,0.0,0.0,0.0,0.0,nothing,0.0,0.0,0,19.046152284660597
88be0e2e53fffff,-33.69648605438073,151.16011720351358,0.0,0.0,0.0,0.0,0.0,0.0,0.0,0.0,0.0,0.0,0.0,0.0,0.0,0.0,0.0,0.0,0.0,0.0,0.0,2.0,0.0,nothing,0.0,330000.0,1,19.411918379524042
88be0e2e55fffff,-33.690325998526006,151.17755457266176,0.0,0.0,0.0,0.0,0.0,0.0,0.0,0.0,0.0,0.0,0.0,0.0,0.0,0.0,0.0,0.0,0.0,0.0,0.0,2.0,0.0,nothing,0.0,330000.0,1,19.71306338970276
88be0e2e57fffff,-33.68921556054261,151.1667036159729,0.0,0.0,0.0,0.0,0.0,0.0,0.0,0.0,1.0,0.0,0.0,0.0,0.0,0.0,0.0,0.0,0.0,0.0,0.0,3.0,0.0,nothing,0.0,330000.0,1,20.04099337353523
88be0e2e59fffff,-33.70597860273113,151.17523509313378,1.0,0.0,0.0,12.0,0.0,1.0,0.0,0.0,43.0,94.0,0.0,1.0,0.0,0.0,0.0,0.0,0.0,6320.070430721857,0.0,1.0,0.0,nothing,2.0,330000.0,1,18.05301466499738
88be0e2e5bfffff,-33.70486784875973,151.16438218412335,0.0,2.0,0.0,0.0,0.0,0.0,0.0,0.0,0.0,4.0,0.0,12.0,0.0,0.0,0.0,0.0,0.0,2908.207780760289,0.0,2.0,0.0,nothing,7.0,330000.0,1,18.4106905662916
88be0e2e5dfffff,-33.69870724627682,151.18182106885817,0.0,0.0,0.0,0.0,0.0,0.0,0.0,0.0,2.0,2.0,0.0,0.0,0.0,0.0,0.0,0.0,0.0,0.0,0.0,4.0,0.0,nothing,0.0,330000.0,1,18.728156330029133
88be0e2e61fffff,-33.669617964425086,151.20815415804603,0.0,1.0,0.0,0.0,0.0,0.0,0.0,0.0,0.0,0.0,0.0,0.0,0.0,0.0,0.0,0.0,0.0,0.0,0.0,0.0,0.0,nothing,0.0,0.0,0,21.691935173882786
88be0e2e63fffff,-33.66851033052949,151.19730504679436,0.0,0.0,0.0,0.0,0.0,0.0,0.0,0.0,0.0,0.0,0.0,2.0,0.0,0.0,0.0,0.0,0.0,11392.698801127033,0.0,0.0,0.0,nothing,0.0,0.0,0,21.873072824614194
88be0e2e69fffff,-33.67799818708591,151.21242281073046,0.0,0.0,0.0,0.0,0.0,0.0,0.0,0.0,0.0,0.0,0.0,5.0,0.0,0.0,0.0,0.0,0.0,2258.4747182067017,0.0,0.0,0.0,nothing,0.0,0.0,0,20.752211507983574
88be0e2e6bfffff,-33.67689086225942,151.20157250762045,0.0,0.0,0.0,0.0,0.0,0.0,0.0,0.0,0.0,0.0,0.0,6.0,0.0,0.0,0.0,0.0,0.0,11772.093075103805,0.0,0.0,0.0,nothing,0.0,0.0,0,20.917003218944153
88be0e2e81fffff,-33.66688299219568,151.10393930716228,0.0,0.0,0.0,1.0,0.0,0.0,0.0,0.0,1.0,7.0,0.0,7.0,0.0,0.0,0.0,0.0,0.0,0.0,0.0,0.0,0.0,nothing,0.0,132000.0,0,24.326449297735568
88be0e2e83fffff,-33.665766348842254,151.09309335728247,0.0,0.0,0.0,3.0,0.0,1.0,0.0,0.0,14.0,8.0,0.0,11.0,0.0,0.0,0.0,0.0,0.0,4510.6058646074425,1419.2624223602484,0.0,0.0,nothing,0.0,0.0,0,24.883461562560765
88be0e2e85fffff,-33.65961571296737,151.11052777748407,0.0,0.0,0.0,0.0,0.0,1.0,0.0,0.0,0.0,5.0,0.0,0.0,0.0,0.0,0.0,0.0,0.0,0.0,0.0,0.0,0.0,nothing,0.0,0.0,0,24.80975965418568
88be0e2e87fffff,-33.65849969488151,151.09968258267875,0.0,0.0,0.0,0.0,0.0,0.0,0.0,0.0,1.0,2.0,0.0,6.0,0.0,0.0,0.0,0.0,0.0,0.0,0.0,0.0,0.0,nothing,0.0,0.0,0,25.335839769995328
88be0e2e89fffff,-33.675266222114075,151.10819690132277,0.0,0.0,0.0,2.0,1.0,0.0,0.0,0.0,1.0,7.0,0.0,0.0,0.0,1.0,0.0,0.0,0.0,3888.2692951538784,0.0,0.0,0.0,nothing,11.0,132000.0,0,23.317117130178346
88be0e2e8bfffff,-33.674149884562325,151.09734975731075,0.0,1.0,0.0,4.0,1.0,0.0,1.0,0.0,4.0,5.0,0.0,10.0,0.0,3.0,0.0,0.0,0.0,803.3097898785231,0.0,0.0,0.0,nothing,6.0,0.0,0,23.87623138919038
88be0e2e8dfffff,-33.66799870442075,151.11478569574604,0.0,2.0,0.0,2.0,1.0,0.0,2.0,0.0,8.0,12.0,0.0,5.0,0.0,1.0,0.0,0.0,0.0,731.0008464597596,0.0,0.0,0.0,nothing,20.0,132000.0,0,23.79957106065521
88be0e2e91fffff,-33.671914415650484,151.07565678776578,0.0,0.0,0.0,0.0,0.0,0.0,0.0,0.0,0.0,1.0,0.0,0.0,0.0,0.0,0.0,0.0,0.0,0.0,0.0,0.0,0.0,nothing,0.0,0.0,0,25.08005341318782
88be0e2e95fffff,-33.664648774522256,151.0822478468572,0.0,0.0,0.0,0.0,0.0,0.0,1.0,0.0,2.0,0.0,0.0,0.0,0.0,0.0,0.0,0.0,0.0,133.75213887275825,2224.8888888888887,0.0,0.0,nothing,0.0,0.0,0,25.46862898525629
88be0e2e97fffff,-33.66353026939772,151.07140277663697,0.0,0.0,0.0,0.0,0.0,0.0,0.0,0.0,0.0,1.0,0.0,0.0,0.0,0.0,0.0,0.0,0.0,0.0,0.0,0.0,0.0,nothing,0.0,0.0,0,26.080054681697305
88be0e2e99fffff,-33.68029849489976,151.07991166836516,0.0,0.0,0.0,0.0,0.0,0.0,0.0,0.0,0.0,1.0,0.0,0.0,0.0,0.0,0.0,0.0,0.0,0.0,0.0,0.0,0.0,nothing,0.0,0.0,0,24.080890172808314
88be0e2e9dfffff,-33.67303261568714,151.08650305254153,0.0,0.0,0.0,0.0,0.0,0.0,0.0,0.0,0.0,1.0,0.0,0.0,0.0,0.0,0.0,0.0,0.0,0.0,0.0,0.0,0.0,nothing,0.0,0.0,0,24.46456278092889
88be0e2ea1fffff,-33.64396522767822,151.11285779580106,0.0,0.0,0.0,0.0,0.0,0.0,0.0,0.0,0.0,1.0,0.0,5.0,0.0,0.0,0.0,0.0,0.0,0.0,0.0,5.0,0.0,nothing,0.0,330000.0,1,26.33400794805558
88be0e2ea3fffff,-33.64284952898344,151.10201454953832,0.0,0.0,0.0,1.0,0.0,0.0,0.0,0.0,2.0,3.0,0.0,0.0,0.0,0.0,0.0,0.0,0.0,0.0,0.0,1.0,0.0,nothing,0.0,0.0,1,26.830106502853866
88be0e2ea5fffff,-33.63669741546858,151.1194437837091,0.0,0.0,0.0,0.0,0.0,0.0,0.0,0.0,0.0,11.0,0.0,0.0,0.0,0.0,0.0,0.0,0.0,0.0,0.0,2.0,0.0,nothing,0.0,0.0,1,26.87632973118171
88be0e2ea7fffff,-33.63558234147379,151.10860129253692,0.0,0.0,0.0,1.0,0.0,0.0,0.0,0.0,0.0,1.0,0.0,0.0,0.0,0.0,0.0,0.0,0.0,0.0,0.0,1.0,0.0,nothing,0.0,132000.0,1,27.3437697317669
88be0e2ea9fffff,-33.652348047393886,151.11711516836723,0.0,0.0,0.0,0.0,0.0,0.0,0.0,0.0,0.0,0.0,0.0,0.0,0.0,0.0,0.0,0.0,0.0,0.0,0.0,4.0,0.0,nothing,0.0,330000.0,1,25.32426828628829
88be0e2eabfffff,-33.651232654321355,151.1062707288213,0.0,0.0,0.0,1.0,0.0,0.0,0.0,0.0,3.0,7.0,0.0,10.0,0.0,0.0,0.0,0.0,0.0,0.0,0.0,2.0,0.0,nothing,0.0,0.0,1,25.819938181792327
88be0e2eadfffff,-33.645079995991715,151.12370147990288,0.0,0.0,0.0,0.0,0.0,0.0,0.0,0.0,0.0,4.0,0.0,0.0,0.0,0.0,0.0,0.0,0.0,0.0,0.0,1.0,0.0,nothing,0.0,132000.0,1,25.86811412398109
88be0e2eb1fffff,-33.648999076608554,151.0845831656118,0.0,0.0,0.0,0.0,0.0,0.0,0.0,0.0,0.0,0.0,0.0,0.0,0.0,0.0,0.0,0.0,0.0,0.0,0.0,2.0,0.0,nothing,0.0,0.0,1,26.898555176684216
88be0e2eb5fffff,-33.641732900068895,151.09117174186483,0.0,0.0,0.0,0.0,0.0,0.0,0.0,0.0,0.0,1.0,0.0,0.0,0.0,0.0,0.0,0.0,0.0,0.0,0.0,0.0,0.0,nothing,0.0,0.0,0,27.354764806074503
88be0e2eb9fffff,-33.657382746024076,151.0888378267893,0.0,0.0,0.0,0.0,0.0,0.0,0.0,0.0,2.0,2.0,0.0,0.0,0.0,0.0,0.0,0.0,0.0,122.6904573119545,0.0,0.0,0.0,nothing,1.0,0.0,0,25.89091148006004
88be0e2ebbfffff,-33.656264866556945,151.07799351056605,0.0,0.0,0.0,0.0,0.0,0.0,0.0,0.0,0.0,0.0,0.0,0.0,0.0,0.0,0.0,0.0,0.0,0.0,0.0,1.0,0.0,nothing,0.0,0.0,1,26.47314947570227
88be0e2ebdfffff,-33.65011633067235,151.09542672765272,0.0,0.0,0.0,0.0,0.0,0.0,0.0,0.0,0.0,1.0,0.0,0.0,0.0,0.0,0.0,0.0,0.0,0.0,0.0,2.0,0.0,nothing,0.0,0.0,1,26.345280548092067
88be0e2ec3fffff,-33.683649384135904,151.11245536537976,0.0,0.0,0.0,1.0,0.0,0.0,1.0,0.0,19.0,5.0,0.0,7.0,0.0,0.0,0.0,0.0,0.0,6783.717609072517,8208.175824175823,0.0,0.0,nothing,14.0,66000.0,0,22.30785270426656
88be0e2ec7fffff,-33.676381628180664,151.11904448382663,0.0,0.0,0.0,0.0,0.0,0.0,6.0,0.0,5.0,4.0,0.0,0.0,0.0,0.0,0.0,0.0,0.0,4481.061206585694,2720.4444444444443,0.0,0.0,nothing,3.0,66000.0,0,22.789372557780666
88be0e2ec9fffff,-33.69314727061678,151.1275646703217,0.0,0.0,0.0,0.0,0.0,0.0,0.0,0.0,0.0,1.0,0.0,3.0,0.0,0.0,0.0,0.0,0.0,0.0,0.0,0.0,0.0,nothing,0.0,0.0,0,20.76894655337385
88be0e2ecbfffff,-33.69203247776031,151.1167146995528,0.0,0.0,1.0,0.0,0.0,0.0,0.0,0.0,19.0,8.0,0.0,1.0,0.0,0.0,0.0,0.0,0.0,3486.913601168302,25790.479024390243,0.0,0.0,nothing,17.0,0.0,0,21.29866723548786
88be0e2ecdfffff,-33.68587865135327,151.13415335603915,0.0,0.0,0.0,0.0,0.0,0.0,0.0,0.0,0.0,1.0,0.0,0.0,0.0,0.0,0.0,0.0,0.0,0.0,0.0,0.0,0.0,nothing,0.0,0.0,0,21.285625982413382
88be0e2ed1fffff,-33.6898000956126,151.09501607296792,0.0,8.0,0.0,1.0,2.0,0.0,0.0,0.0,2.0,6.0,0.0,15.0,0.0,0.0,0.0,0.0,0.0,1005.646161863025,4768.851393188855,0.0,0.0,nothing,10.0,132000.0,0,22.458043007958697
88be0e2ed3fffff,-33.688682506644795,151.08416741865474,0.0,0.0,0.0,0.0,0.0,0.0,0.0,0.0,0.0,4.0,0.0,0.0,0.0,0.0,0.0,0.0,0.0,0.0,0.0,0.0,0.0,nothing,0.0,0.0,0,23.082675262328053
88be0e2ed5fffff,-33.68253335268353,151.10160702709376,0.0,0.0,0.0,5.0,0.0,1.0,0.0,0.0,8.0,7.0,0.0,7.0,0.0,0.0,0.0,0.0,0.0,6197.768874806575,0.0,0.0,0.0,nothing,3.0,132000.0,0,22.869251484453784
88be0e2ed7fffff,-33.68141638955084,151.09075912783854,0.0,0.0,0.0,1.0,0.0,0.0,0.0,0.0,2.0,5.0,0.0,0.0,0.0,0.0,0.0,0.0,0.0,0.0,0.0,0.0,0.0,nothing,0.0,0.0,0,23.461010646052745
88be0e2ed9fffff,-33.69818373337157,151.0992738881493,2.0,11.0,0.0,12.0,0.0,2.0,4.0,1.0,10.0,91.0,0.0,9.0,0.0,6.0,3.0,0.0,1.0,31986.667047947354,6045.888888888889,0.0,0.0,nothing,80.0,132000.0,0,21.455743409058893
88be0e2edbfffff,-33.69706645038482,151.08842403885424,0.0,0.0,0.0,2.0,0.0,1.0,0.0,0.0,1.0,3.0,0.0,0.0,0.0,0.0,0.0,0.0,0.0,0.0,0.0,0.0,0.0,nothing,1.0,0.0,0,22.08553880257152
88be0e2eddfffff,-33.69091675270504,151.10586516685103,0.0,1.0,0.0,4.0,1.0,1.0,2.0,0.0,21.0,13.0,0.0,5.0,0.0,0.0,0.0,0.0,0.0,16351.437572707553,0.0,1.0,1.0,22 kW,43.0,66000.0,1,21.862557979368066
88be0e2ee1fffff,-33.66184495617807,151.13221948084,0.0,0.0,0.0,0.0,0.0,1.0,0.0,0.0,1.0,3.0,0.0,0.0,0.0,0.0,0.0,0.0,0.0,0.0,0.0,9.0,0.0,nothing,3.0,330000.0,1,23.852150600788104
88be0e2ee3fffff,-33.660730800120035,151.12137341045474,2.0,1.0,0.0,3.0,0.0,0.0,0.0,0.0,9.0,6.0,0.0,2.0,0.0,0.0,0.0,0.0,0.0,2553.886188416883,0.0,3.0,0.0,nothing,7.0,330000.0,1,24.31455491649671
88be0e2ee5fffff,-33.65457604116386,151.1388053595892,0.0,0.0,0.0,1.0,1.0,0.0,2.0,0.0,6.0,7.0,0.0,3.0,0.0,2.0,0.0,0.0,0.0,0.0,25194.73846153846,0.0,0.0,nothing,10.0,66000.0,0,24.4290710233405
88be0e2ee7fffff,-33.65346250972846,151.12796004554008,0.0,0.0,0.0,0.0,0.0,1.0,0.0,0.0,0.0,0.0,0.0,0.0,0.0,0.0,0.0,0.0,0.0,0.0,0.0,5.0,0.0,nothing,0.0,330000.0,1,24.86004763270421
88be0e2ee9fffff,-33.6702273348397,151.13647978602194,0.0,0.0,0.0,0.0,0.0,0.0,0.0,0.0,0.0,0.0,0.0,0.0,0.0,0.0,0.0,0.0,0.0,0.0,0.0,2.0,0.0,nothing,0.0,330000.0,1,22.84444694946078
88be0e2eebfffff,-33.66911348535587,151.12563252228293,0.0,0.0,0.0,0.0,0.0,0.0,0.0,0.0,0.0,0.0,0.0,0.0,0.0,0.0,0.0,0.0,0.0,0.0,0.0,0.0,0.0,nothing,1.0,66000.0,0,23.30487272256278
88be0e2eedfffff,-33.66295818098032,151.14306598788895,0.0,0.0,0.0,0.0,0.0,1.0,0.0,0.0,0.0,0.0,0.0,0.0,0.0,0.0,0.0,0.0,0.0,0.0,0.0,2.0,0.0,nothing,0.0,330000.0,1,23.424491190594885
88be0e2f0bfffff,-33.63103775317259,151.21935600726488,0.0,0.0,0.0,0.0,0.0,0.0,0.0,0.0,0.0,0.0,0.0,0.0,0.0,0.0,0.0,0.0,0.0,551.3449567086135,0.0,0.0,0.0,nothing,0.0,0.0,0,25.958999375824266
88be0e2f39fffff,-33.61427826463298,151.21082287215972,0.0,0.0,0.0,0.0,0.0,0.0,0.0,0.0,0.0,0.0,0.0,0.0,0.0,0.0,0.0,0.0,0.0,1355.443656969454,0.0,0.0,0.0,nothing,0.0,0.0,0,27.82130284262106
88be0e2f43fffff,-33.640522537729645,151.2344699497447,0.0,0.0,0.0,0.0,0.0,0.0,0.0,0.0,1.0,1.0,0.0,0.0,0.0,0.0,0.0,0.0,0.0,0.0,0.0,0.0,0.0,nothing,0.0,0.0,0,24.96163497904585
88be0e2f49fffff,-33.650005702974845,151.24958757255192,0.0,0.0,0.0,0.0,0.0,0.0,0.0,0.0,0.0,1.0,0.0,0.0,0.0,0.0,0.0,0.0,0.0,0.0,0.0,0.0,0.0,nothing,0.0,0.0,0,24.050813903363508
88be0e2f4bfffff,-33.64890180179705,151.23873988332429,0.0,0.0,0.0,1.0,0.0,0.0,0.0,0.0,0.0,4.0,0.0,0.0,0.0,0.0,0.0,1.0,0.0,14558.931472874454,0.0,0.0,0.0,nothing,1.0,0.0,0,24.06516119666534
88be0e2f55fffff,-33.63941739530329,151.22362387999485,0.0,0.0,0.0,2.0,0.0,5.0,1.0,0.0,11.0,1.0,0.0,0.0,0.0,0.0,0.0,0.0,0.0,2498.854087011895,0.0,0.0,0.0,nothing,0.0,0.0,0,25.037034360981046
88be0e2f61fffff,-33.618696955057324,151.2541954456174,0.0,0.0,0.0,0.0,0.0,0.0,0.0,0.0,0.0,1.0,0.0,0.0,0.0,0.0,0.0,0.0,0.0,0.0,0.0,0.0,0.0,nothing,0.0,0.0,0,27.549620005128844
88be0e2f69fffff,-33.62707549743217,151.25846633697782,0.0,0.0,0.0,0.0,0.0,0.0,0.0,0.0,0.0,3.0,0.0,0.0,0.0,0.0,0.0,0.0,0.0,336.2212111692853,0.0,0.0,0.0,nothing,0.0,0.0,0,26.68297943828326
88be0e2f6dfffff,-33.61979930056368,151.26503965997065,0.0,0.0,0.0,0.0,0.0,0.0,0.0,0.0,0.0,1.0,0.0,0.0,0.0,0.0,0.0,0.0,0.0,253.76347404063765,0.0,0.0,0.0,nothing,0.0,0.0,0,27.574592990221664
88be0e3401fffff,-33.90158612346591,151.2234814848755,0.0,0.0,1.0,3.0,1.0,0.0,1.0,0.0,9.0,38.0,0.0,11.0,0.0,0.0,1.0,0.0,0.0,3264.9342120195806,14073.055555555555,0.0,0.0,nothing,42.0,0.0,0,4.103458318288863
88be0e3403fffff,-33.90047815519057,151.2126020457857,38.0,8.0,1.0,81.0,7.0,0.0,5.0,0.0,156.0,74.0,2.0,18.0,1.0,3.0,1.0,0.0,0.0,15264.006349858239,13193.041666666666,2.0,2.0,"22 kW, kW",154.0,0.0,1,3.944122184880389
88be0e3405fffff,-33.894312244023006,151.2300790003479,2.0,1.0,0.0,33.0,0.0,0.0,3.0,3.0,45.0,45.0,0.0,9.0,1.0,0.0,0.0,0.0,0.0,27634.21037468067,0.0,3.0,3.0,22 kW,52.0,132000.0,1,3.481675176999889
88be0e3407fffff,-33.89320490266164,151.2192003262923,11.0,1.0,0.0,15.0,2.0,0.0,1.0,0.0,22.0,26.0,0.0,14.0,0.0,0.0,0.0,0.0,0.0,13142.91219705825,12551.798761609907,0.0,0.0,nothing,81.0,132000.0,0,3.1320705293122413
88be0e3409fffff,-33.909967262837675,151.22776351930145,1.0,1.0,0.0,17.0,3.0,0.0,2.0,5.0,10.0,26.0,0.0,9.0,0.0,0.0,0.0,0.0,0.0,33143.31114029465,0.0,0.0,0.0,nothing,85.0,0.0,0,5.090096226450411
88be0e340bfffff,-33.908859608711104,151.21688288211968,4.0,4.0,1.0,10.0,3.0,0.0,0.0,0.0,14.0,64.0,0.0,10.0,0.0,1.0,0.0,0.0,0.0,2650.530939056558,17490.166666666668,4.0,5.0,22 kW,64.0,0.0,1,4.858122073634334
88be0e340dfffff,-33.90269315062007,151.23436135666523,5.0,1.0,0.0,9.0,0.0,1.0,1.0,0.0,66.0,59.0,0.0,9.0,0.0,0.0,0.0,0.0,0.0,5416.230234345815,0.0,0.0,0.0,nothing,54.0,0.0,0,4.491773115480912
88be0e3411fffff,-33.90664147666344,151.19512290824082,8.0,3.0,0.0,22.0,0.0,1.0,1.0,0.0,14.0,48.0,1.0,17.0,0.0,0.0,1.0,0.0,2.0,63020.78610519255,8641.666666666666,3.0,4.0,kW,90.0,132000.0,1,5.015161478686379
88be0e3413fffff,-33.90553099906291,151.18424357306108,16.0,3.0,1.0,40.0,3.0,6.0,1.0,1.0,65.0,82.0,0.0,15.0,1.0,1.0,0.0,0.0,0.0,13048.317411810764,15944.111111111111,0.0,0.0,nothing,88.0,132000.0,0,5.386083496786853
88be0e3415fffff,-33.89936924595403,151.20172304015458,14.0,2.0,1.0,39.0,2.0,1.0,4.0,1.0,48.0,83.0,0.0,28.0,1.0,5.0,0.0,0.0,1.0,22908.180157535135,7375.958333333333,10.0,10.0,kW,157.0,0.0,1,4.040931624848144
88be0e3417fffff,-33.89825939591653,151.19084446874055,14.0,6.0,0.0,28.0,2.0,8.0,6.0,1.0,44.0,34.0,0.0,16.0,1.0,1.0,0.0,0.0,0.0,0.0,0.0,6.0,6.0,kW,111.0,0.0,1,4.37691321343147
88be0e3419fffff,-33.915023476371594,151.19940222338127,4.0,2.0,2.0,24.0,1.0,0.0,2.0,0.0,5.0,42.0,0.0,12.0,0.0,0.0,0.0,0.0,0.0,43191.11297487044,0.0,2.0,3.0,"22 kW, kW",92.0,0.0,1,5.760940796369526
88be0e341bfffff,-33.913913312147066,151.1885216893189,4.0,2.0,0.0,12.0,0.0,2.0,1.0,0.0,30.0,25.0,0.0,8.0,0.0,2.0,1.0,0.0,0.0,43447.45741750591,0.0,3.0,3.0,22 kW,46.0,132000.0,1,6.001760268583252
88be0e341dfffff,-33.9077510132663,151.20600267817989,65.0,9.0,1.0,71.0,0.0,0.0,4.0,1.0,186.0,84.0,0.0,30.0,5.0,0.0,1.0,0.0,1.0,12063.865852988276,9935.543806646525,2.0,3.0,kW,174.0,0.0,1,4.832076908835735
88be0e3421fffff,-33.87865721631321,151.2323936263823,5.0,12.0,0.0,19.0,3.0,7.0,4.0,0.0,118.0,144.0,3.0,27.0,2.0,2.0,0.0,0.0,0.0,15813.641821576071,19326.42334322453,6.0,6.0,"22 kW, 7 kW",89.0,0.0,1,2.1112586565262093
88be0e3423fffff,-33.87755018764311,151.22151691478058,19.0,4.0,0.0,131.0,12.0,0.0,29.0,8.0,125.0,194.0,1.0,34.0,4.0,5.0,0.0,0.0,2.0,10215.21076211495,0.0,6.0,7.0,"22 kW, kW",192.0,0.0,1,1.463101078433177
88be0e3425fffff,-33.8713827835283,151.23898864615322,4.0,4.0,1.0,10.0,1.0,1.0,5.0,1.0,149.0,183.0,0.0,9.0,3.0,1.0,0.0,5.0,0.0,4302.520163602227,0.0,0.0,0.0,nothing,63.0,0.0,0,2.2025555429017087
88be0e3427fffff,-33.870276381202665,151.22811269959593,14.0,9.0,0.0,85.0,13.0,4.0,17.0,1.0,301.0,251.0,3.0,11.0,2.0,5.0,0.0,1.0,0.0,19820.531898917365,0.0,3.0,3.0,7 kW,67.0,0.0,1,1.2265809333746651
88be0e3429fffff,-33.8870379708997,151.23667542863063,5.0,1.0,0.0,23.0,3.0,3.0,7.0,0.0,52.0,81.0,0.0,23.0,0.0,2.0,0.0,0.0,0.0,4986.626319129458,28661.216748768475,2.0,2.0,22 kW,115.0,132000.0,1,3.0744844022646967
88be0e342bfffff,-33.885931256196756,151.22579751979328,7.0,2.0,0.0,42.0,2.0,3.0,8.0,3.0,49.0,88.0,2.0,15.0,1.0,2.0,0.0,0.0,0.0,34766.57898869309,9987.388888888889,7.0,14.0,"22 kW, 7 kW",87.0,132000.0,1,2.4719009055120584
88be0e342dfffff,-33.879763304613306,151.24327076981766,4.0,18.0,3.0,36.0,12.0,1.0,3.0,1.0,85.0,191.0,0.0,13.0,6.0,6.0,1.0,0.0,0.0,6563.50444240232,17193.777777777777,3.0,5.0,"22 kW, kW",59.0,132000.0,1,2.9714601318539726
88be0e3431fffff,-33.883715005249265,151.20404300000203,59.0,24.0,0.0,183.0,7.0,1.0,52.0,6.0,244.0,303.0,0.0,55.0,11.0,12.0,3.0,0.0,4.0,25655.300200834066,12064.866666666667,17.0,17.0,"22 kW, 7 kW, kW",225.0,132000.0,1,2.364744089857999
88be0e3433fffff,-33.88260546932474,151.19316639056453,18.0,12.0,1.0,69.0,5.0,0.0,7.0,1.0,48.0,107.0,0.0,20.0,1.0,7.0,1.0,0.0,0.0,8031.355472513337,20575.50704225352,6.0,8.0,"22 kW, kW",250.0,0.0,1,2.9009864690762877
88be0e3435fffff,-33.87644221876272,151.21064063577066,106.0,26.0,1.0,253.0,12.0,0.0,46.0,10.0,269.0,287.0,0.0,56.0,4.0,28.0,3.0,0.0,1.0,9549.57268483619,6028.107843137255,20.0,23.0,"11 kW, 20 kW, 22 kW, 4 kW, 7 kW, kW",280.0,132000.0,1,1.3708552929130413
88be0e3437fffff,-33.87533330983201,151.1997647901105,43.0,25.0,1.0,138.0,3.0,5.0,49.0,6.0,86.0,175.0,0.0,16.0,6.0,2.0,1.0,0.0,0.0,11548.21465911936,17154.361635220124,30.0,44.0,"22 kW, 4 - 22 kW, kW",155.0,132000.0,1,1.9165242168614798
88be0e3439fffff,-33.89209662053603,151.20832208515347,19.0,3.0,1.0,69.0,8.0,1.0,3.0,2.0,22.0,68.0,1.0,28.0,0.0,5.0,0.0,0.0,0.0,9695.260889880155,15738.009950248756,1.0,1.0,kW,132.0,0.0,1,3.0907939140107787
88be0e343bfffff,-33.89098739780626,151.19744427768978,56.0,4.0,1.0,96.0,0.0,2.0,12.0,3.0,125.0,196.0,0.0,13.0,3.0,6.0,0.0,0.0,3.0,15403.246570441435,18654.131736526946,5.0,7.0,"22 kW, kW",307.0,0.0,1,3.3691837654641326
88be0e343dfffff,-33.884823600926644,151.21492004333098,34.0,9.0,1.0,135.0,4.0,1.0,16.0,3.0,37.0,134.0,0.0,22.0,0.0,2.0,0.0,0.0,0.0,897.4429138971884,8483.050387596899,0.0,0.0,nothing,233.0,132000.0,0,2.19624898190372
88be0e3441fffff,-33.919454718119226,151.24292869747177,6.0,7.0,1.0,31.0,8.0,0.0,1.0,1.0,35.0,55.0,0.0,25.0,1.0,5.0,2.0,0.0,0.0,1487.8202525182278,0.0,3.0,3.0,"22 kW, kW",132.0,132000.0,1,6.512354922421321
88be0e3443fffff,-33.91834832027508,151.2320464297911,40.0,10.0,0.0,45.0,3.0,2.0,3.0,3.0,33.0,51.0,0.0,14.0,0.0,1.0,1.0,0.0,0.0,27450.25908240499,0.0,13.0,13.0,7 kW,134.0,0.0,1,6.084574805240103
88be0e3445fffff,-33.912179746496655,151.24952609035492,3.0,2.0,0.0,13.0,3.0,0.0,2.0,0.0,19.0,29.0,0.0,31.0,0.0,2.0,0.0,0.0,0.0,1746.45687854517,0.0,1.0,1.0,22 kW,59.0,132000.0,1,6.057303228516003
88be0e3447fffff,-33.91107397548609,151.23864458896625,10.0,4.0,0.0,33.0,8.0,1.0,4.0,2.0,60.0,67.0,0.0,21.0,0.0,9.0,1.0,0.0,0.0,9469.434396307759,0.0,1.0,2.0,22 kW,123.0,0.0,1,5.502021612672488
88be0e3449fffff,-33.927835378017555,151.24721368240282,1.0,0.0,0.0,3.0,0.0,0.0,0.0,0.0,14.0,8.0,0.0,18.0,0.0,0.0,0.0,0.0,0.0,5903.358629296227,0.0,2.0,3.0,"22 kW, 7 kW",47.0,132000.0,1,7.522742586346516
88be0e344bfffff,-33.92672929527626,151.23633021656545,0.0,1.0,0.0,1.0,0.0,0.0,0.0,0.0,1.0,4.0,0.0,15.0,0.0,0.0,0.0,0.0,0.0,9659.620353170305,0.0,0.0,0.0,nothing,47.0,132000.0,0,7.083596483742308
88be0e344dfffff,-33.9205601739686,151.25381139665893,10.0,0.0,0.0,57.0,0.0,4.0,2.0,0.0,35.0,77.0,0.0,21.0,0.0,2.0,0.0,0.0,0.0,16908.659985894352,0.0,3.0,4.0,22 kW,84.0,0.0,1,7.060810730595384
88be0e3451fffff,-33.92451430337717,151.21456458179605,1.0,1.0,0.0,3.0,1.0,1.0,0.0,0.0,9.0,12.0,0.0,14.0,0.0,1.0,0.0,0.0,0.0,6273.670710589979,42709.275132275136,5.0,5.0,22 kW,39.0,132000.0,1,6.5966052825400725
88be0e3453fffff,-33.92340539453921,151.2036824143829,0.0,1.0,0.0,15.0,3.0,0.0,0.0,0.0,5.0,39.0,0.0,23.0,0.0,1.0,2.0,0.0,0.0,3564.299607795452,0.0,0.0,0.0,nothing,83.0,132000.0,0,6.577781432572194
88be0e3455fffff,-33.917240980595814,151.22116459437632,6.0,2.0,0.0,8.0,0.0,0.0,0.0,0.0,8.0,9.0,0.0,10.0,0.0,1.0,0.0,0.0,0.0,11705.069073184644,0.0,8.0,11.0,"22 kW, 7 kW",40.0,132000.0,1,5.804206623569717
88be0e3457fffff,-33.91613269924128,151.2102831919867,3.0,1.0,1.0,15.0,3.0,1.0,0.0,0.0,16.0,23.0,1.0,12.0,0.0,2.0,0.0,0.0,0.0,12366.256863745097,0.0,0.0,0.0,nothing,68.0,0.0,0,5.693063561024945
88be0e3459fffff,-33.9328958251721,151.21884684782913,0.0,0.0,0.0,0.0,0.0,0.0,0.0,0.0,0.0,0.0,0.0,0.0,0.0,0.0,0.0,0.0,0.0,7476.718269478384,0.0,0.0,0.0,nothing,0.0,0.0,0,7.527397223515179
88be0e345bfffff,-33.931787230664455,151.20796348146698,0.0,0.0,0.0,1.0,0.0,0.0,0.0,0.0,2.0,2.0,0.0,15.0,0.0,0.0,0.0,0.0,0.0,8634.652478851316,0.0,0.0,0.0,nothing,25.0,0.0,0,7.442325583085282
88be0e345dfffff,-33.92562227034286,151.2254471827767,7.0,0.0,0.0,38.0,3.0,0.0,3.0,0.0,11.0,70.0,0.0,25.0,0.0,2.0,0.0,0.0,0.0,21677.453246332545,0.0,1.0,1.0,22 kW,129.0,132000.0,1,6.768940052242831
88be0e3461fffff,-33.89652410381398,151.25183764417488,9.0,9.0,0.0,21.0,3.0,0.0,5.0,1.0,58.0,70.0,0.0,25.0,1.0,2.0,0.0,0.0,0.0,8640.441737325658,0.0,4.0,7.0,"22 kW, 6.6 kW",118.0,132000.0,1,4.786732769863511
88be0e3463fffff,-33.89541864446033,151.24095810656166,3.0,3.0,0.0,7.0,0.0,1.0,0.0,2.0,32.0,35.0,0.0,4.0,1.0,0.0,0.0,0.0,0.0,9606.866227612745,0.0,0.0,0.0,nothing,30.0,132000.0,0,4.060748917001958
88be0e3465fffff,-33.889248577965645,151.25843254039663,5.0,3.0,0.0,15.0,3.0,4.0,5.0,1.0,53.0,53.0,0.0,23.0,0.0,2.0,1.0,0.0,0.0,611.6264491227785,12742.111111111111,1.0,2.0,22 kW,83.0,132000.0,1,4.722631154213615
88be0e3467fffff,-33.888143744875805,151.24755376908465,12.0,7.0,0.0,39.0,8.0,7.0,8.0,1.0,117.0,125.0,1.0,43.0,5.0,5.0,1.0,0.0,0.0,6553.086860186548,18443.04132231405,13.0,14.0,"22 kW, 7 kW, kW",117.0,132000.0,1,3.8535796577178094
88be0e3469fffff,-33.90490438092598,151.25612239530912,0.0,0.0,0.0,6.0,1.0,0.0,0.0,0.0,25.0,8.0,1.0,31.0,0.0,1.0,0.0,0.0,0.0,1797.7817461625277,0.0,2.0,2.0,22 kW,67.0,0.0,1,5.7461148005936
88be0e346bfffff,-33.90379923649326,151.24524166039615,5.0,1.0,0.0,8.0,1.0,0.0,1.0,0.0,34.0,18.0,0.0,14.0,1.0,1.0,0.0,0.0,0.0,6026.771678959464,0.0,2.0,2.0,"22 kW, kW",66.0,132000.0,1,5.056594930611749
88be0e346dfffff,-33.8976286219246,151.26271761242862,2.0,1.0,0.0,16.0,7.0,0.0,1.0,1.0,29.0,66.0,0.0,26.0,1.0,1.0,1.0,0.0,0.0,4330.110406314222,0.0,0.0,0.0,nothing,69.0,132000.0,0,5.602814808507863
88be0e3481fffff,-33.89381059096965,151.14733454041854,12.0,1.0,1.0,23.0,1.0,1.0,3.0,0.0,16.0,31.0,0.0,19.0,1.0,3.0,0.0,0.0,0.0,4142.022044758185,24971.928888888888,0.0,0.0,nothing,103.0,0.0,0,7.142878147546102
88be0e3483fffff,-33.89269603933892,151.1364581514607,4.0,3.0,0.0,13.0,1.0,0.0,6.0,0.0,23.0,14.0,1.0,12.0,0.0,2.0,0.0,0.0,0.0,7377.544093165543,10077.362637362638,0.0,0.0,nothing,127.0,132000.0,0,8.00772728953869
88be0e3485fffff,-33.886541104054935,151.15393739974712,9.0,5.0,0.0,20.0,1.0,0.0,4.0,1.0,6.0,27.0,0.0,24.0,0.0,4.0,0.0,0.0,0.0,28248.938871780076,24901.222222222223,1.0,1.0,kW,87.0,0.0,1,6.252658223466297
88be0e3487fffff,-33.885427180713414,151.14306177202812,3.0,4.0,0.0,6.0,0.0,0.0,1.0,0.0,4.0,16.0,0.0,16.0,0.0,0.0,0.0,0.0,0.0,5984.725043115092,8360.222222222223,0.0,0.0,nothing,76.0,0.0,0,7.153255971311283
88be0e3489fffff,-33.902193921882834,151.15160818366076,0.0,0.0,0.0,4.0,0.0,0.0,1.0,0.0,4.0,7.0,0.0,10.0,0.0,0.0,0.0,0.0,0.0,214.5648224153758,0.0,0.0,0.0,nothing,62.0,132000.0,0,7.274215642220575
88be0e348bfffff,-33.90107968190027,151.14073059510034,4.0,9.0,0.0,16.0,1.0,0.0,2.0,1.0,23.0,21.0,0.0,13.0,0.0,5.0,0.0,0.0,0.0,11077.252139060181,0.0,0.0,0.0,nothing,99.0,132000.0,0,8.061766594569333
88be0e348dfffff,-33.894924202604045,151.15821136738307,1.0,0.0,1.0,32.0,2.0,0.0,1.0,0.0,12.0,49.0,2.0,15.0,1.0,3.0,0.0,0.0,0.0,16210.315449150603,0.0,0.0,0.0,nothing,100.0,0.0,0,6.322380323840918
88be0e3491fffff,-33.89884838152036,151.1189767343852,0.0,0.0,0.0,3.0,0.0,0.0,1.0,0.0,9.0,4.0,0.0,15.0,0.0,1.0,0.0,0.0,0.0,2066.4994530757795,0.0,0.0,0.0,nothing,66.0,132000.0,0,9.76278263536168
88be0e3493fffff,-33.89773132144681,151.10810046374522,0.0,4.0,0.0,5.0,0.0,1.0,2.0,0.0,8.0,28.0,0.0,18.0,2.0,3.0,0.0,0.0,0.0,7802.475755612797,7488.588588588588,2.0,0.0,nothing,64.0,132000.0,1,10.656158897665948
88be0e3495fffff,-33.89158054787348,151.12558220126687,13.0,18.0,0.0,44.0,10.0,3.0,10.0,2.0,35.0,77.0,0.0,36.0,0.0,10.0,1.0,0.0,0.0,20863.954874468018,0.0,2.0,2.0,"22 kW, kW",165.0,132000.0,1,8.904008545143899
88be0e3497fffff,-33.890464116735195,151.1147066905943,1.0,1.0,0.0,0.0,0.0,0.0,0.0,0.0,1.0,8.0,0.0,20.0,0.0,0.0,0.0,0.0,0.0,7208.031517817318,0.0,0.0,0.0,nothing,76.0,132000.0,0,9.823117335037008
88be0e3499fffff,-33.907232567356324,151.12324765282185,0.0,3.0,0.0,5.0,0.0,0.0,0.0,0.0,9.0,24.0,0.0,13.0,0.0,1.0,0.0,0.0,0.0,25013.55257330859,0.0,0.0,0.0,nothing,88.0,132000.0,0,9.80673207673152
88be0e349bfffff,-33.90611581815678,151.11237018179347,1.0,0.0,0.0,3.0,0.0,0.0,0.0,0.0,10.0,38.0,0.0,0.0,0.0,0.0,0.0,0.0,0.0,9078.980348903136,0.0,4.0,0.0,nothing,25.0,132000.0,1,10.648416300378347
88be0e349dfffff,-33.89996450172551,151.12985344508934,1.0,3.0,0.0,3.0,0.0,1.0,1.0,0.0,1.0,8.0,0.0,21.0,0.0,0.0,0.0,0.0,0.0,325.90207391299214,0.0,0.0,0.0,nothing,91.0,132000.0,0,8.895205502299813
88be0e34a1fffff,-33.87088827681333,151.15626575612075,3.0,0.0,0.0,14.0,0.0,0.0,1.0,0.0,5.0,22.0,0.0,13.0,0.0,0.0,0.0,0.0,0.0,29135.497458061298,11233.861111111111,0.0,0.0,nothing,69.0,132000.0,0,5.603482738416968
88be0e34a3fffff,-33.86977467003858,151.14539208857266,1.0,1.0,0.0,2.0,0.0,0.0,0.0,0.0,0.0,2.0,0.0,14.0,0.0,0.0,0.0,0.0,0.0,2348.172859255804,21644.75,0.0,0.0,nothing,31.0,132000.0,0,6.593006550999557
88be0e34a5fffff,-33.86361823257264,151.16286611983085,1.0,7.0,0.0,11.0,0.0,0.0,0.0,0.0,5.0,9.0,0.0,7.0,0.0,0.0,0.0,0.0,0.0,11001.148014801749,20620.020746887967,0.0,0.0,nothing,41.0,132000.0,0,4.95819032901928
88be0e34a7fffff,-33.86250525351845,151.1519932135357,0.0,0.0,0.0,0.0,0.0,0.0,0.0,0.0,0.0,5.0,0.0,0.0,0.0,0.0,0.0,0.0,0.0,0.0,0.0,0.0,0.0,nothing,16.0,132000.0,0,5.9684702513150985
88be0e34a9fffff,-33.87927122167307,151.16053917317865,2.0,2.0,0.0,9.0,3.0,1.0,1.0,0.0,5.0,13.0,0.0,17.0,0.0,4.0,0.0,0.0,1.0,8365.188460196723,0.0,0.0,0.0,nothing,71.0,132000.0,0,5.405292833178187
88be0e34abfffff,-33.87815792636591,151.149664306884,4.0,0.0,0.0,9.0,0.0,0.0,1.0,0.0,3.0,2.0,0.0,5.0,0.0,1.0,0.0,0.0,0.0,10503.874374724768,0.0,0.0,0.0,nothing,47.0,132000.0,0,6.345142644423489
88be0e34adfffff,-33.87200094434106,151.1671398608057,5.0,1.0,0.0,3.0,0.0,0.0,0.0,0.0,10.0,37.0,0.0,7.0,0.0,1.0,0.0,0.0,0.0,8043.443282173473,21087.677655677657,0.0,0.0,nothing,46.0,132000.0,0,4.624403223969237
88be0e34b1fffff,-33.87592851758404,151.1279158880889,3.0,5.0,0.0,4.0,0.0,0.0,1.0,0.0,12.0,87.0,0.0,20.0,0.0,0.0,0.0,0.0,0.0,22171.87175661363,0.0,0.0,0.0,nothing,124.0,132000.0,0,8.277217252156051
88be0e34b3fffff,-33.87481240443261,151.11704233710216,0.0,1.0,0.0,8.0,0.0,0.0,0.0,0.0,9.0,77.0,0.0,11.0,0.0,0.0,0.0,0.0,0.0,12030.954333353,0.0,0.0,0.0,nothing,39.0,132000.0,0,9.258509192842313
88be0e34b5fffff,-33.86866012417815,151.1345188589184,6.0,4.0,0.0,23.0,2.0,1.0,4.0,0.0,13.0,42.0,0.0,21.0,0.0,3.0,0.0,0.0,0.0,9440.781468477064,0.0,0.0,0.0,nothing,107.0,132000.0,0,7.588884371571483
88be0e34b7fffff,-33.86754463939363,151.12364606791456,2.0,6.0,0.0,5.0,0.0,0.0,1.0,1.0,1.0,32.0,0.0,14.0,0.0,0.0,0.0,0.0,0.0,29015.549208221517,0.0,0.0,0.0,nothing,84.0,132000.0,0,8.588901055471412
88be0e34b9fffff,-33.884312317732984,151.13218658253058,0.0,1.0,0.0,7.0,0.0,0.0,1.0,0.0,1.0,15.0,0.0,22.0,0.0,1.0,0.0,0.0,0.0,2845.2206193842517,22903.251028806586,2.0,2.0,22 kW,58.0,0.0,1,8.080664006922067
88be0e34bbfffff,-33.88319651527533,151.12131183201154,3.0,2.0,2.0,4.0,2.0,1.0,2.0,1.0,5.0,74.0,0.0,15.0,0.0,1.0,0.0,0.0,0.0,15770.84195226229,0.0,0.0,0.0,nothing,125.0,0.0,0,9.026617579870017
88be0e34bdfffff,-33.877043691615725,151.13878987826843,8.0,1.0,0.0,16.0,8.0,0.0,1.0,1.0,1.0,43.0,0.0,19.0,0.0,3.0,0.0,0.0,0.0,3495.868247892121,0.0,0.0,0.0,nothing,71.0,132000.0,0,7.3047411427083535
88be0e34c1fffff,-33.91169016027602,151.16676192785783,4.0,4.0,0.0,21.0,0.0,2.0,3.0,2.0,28.0,39.0,1.0,11.0,1.0,0.0,2.0,0.0,0.0,27239.9046326394,8893.97619047619,0.0,0.0,nothing,97.0,132000.0,0,6.917500740961716
88be0e34c3fffff,-33.91057717295132,151.15588270197597,5.0,2.0,0.0,30.0,3.0,1.0,1.0,1.0,9.0,69.0,0.0,14.0,2.0,2.0,0.0,0.0,2.0,14435.832746659977,0.0,0.0,0.0,nothing,109.0,132000.0,0,7.5398702805011215
88be0e34c5fffff,-33.90441958062536,151.17336467339905,9.0,2.0,1.0,26.0,0.0,0.0,7.0,0.0,26.0,21.0,0.0,14.0,0.0,0.0,0.0,0.0,0.0,7720.811845425826,0.0,4.0,4.0,kW,116.0,132000.0,1,5.909571245945573
88be0e34c7fffff,-33.90330722151163,151.16248621001293,1.0,0.0,0.0,8.0,0.0,0.0,2.0,0.0,4.0,13.0,0.0,10.0,0.0,0.0,0.0,0.0,0.0,13554.791997476517,0.0,3.0,3.0,"7 kW, kW",55.0,132000.0,1,6.549134874293617
88be0e34c9fffff,-33.920073018395506,151.1710385211389,2.0,4.0,0.0,5.0,0.0,1.0,5.0,0.0,13.0,37.0,0.0,9.0,0.0,0.0,0.0,0.0,0.0,89275.1109772038,11002.065476190477,0.0,0.0,nothing,57.0,0.0,0,7.406382177753329
88be0e34cbfffff,-33.918960343673454,151.16015809558533,0.0,2.0,0.0,5.0,0.0,1.0,4.0,0.0,7.0,9.0,0.0,0.0,0.0,0.0,0.0,0.0,0.0,12626.698601539254,0.0,0.0,0.0,nothing,55.0,132000.0,0,7.926352102463778
88be0e34cdfffff,-33.91280220672828,151.17764159055824,3.0,2.0,0.0,6.0,0.0,0.0,6.0,0.0,18.0,30.0,0.0,10.0,0.0,1.0,0.0,0.0,0.0,21336.2156288459,0.0,2.0,2.0,22 kW,88.0,132000.0,1,6.396010321195517
88be0e34d1fffff,-33.91673217118491,151.13839855732053,0.0,2.0,0.0,2.0,0.0,0.0,0.0,0.0,3.0,10.0,0.0,7.0,0.0,0.0,0.0,0.0,0.0,5813.759672692489,7743.666666666667,0.0,0.0,nothing,31.0,0.0,0,9.216118917258013
88be0e34d3fffff,-33.91561667374151,151.12751944612555,0.0,0.0,0.0,5.0,0.0,0.0,0.0,0.0,13.0,12.0,0.0,12.0,0.0,0.0,0.0,0.0,0.0,1666.502567885428,0.0,0.0,0.0,nothing,18.0,0.0,0,9.953587294026805
88be0e34d5fffff,-33.909463244915436,151.14500391367076,1.0,0.0,0.0,5.0,1.0,0.0,0.0,0.0,1.0,7.0,0.0,20.0,1.0,0.0,0.0,0.0,0.0,1300.1792602568585,0.0,0.0,0.0,nothing,94.0,132000.0,0,8.24028772323274
88be0e34d7fffff,-33.90834837632986,151.13412556370014,3.0,2.0,0.0,7.0,0.0,0.0,2.0,0.0,6.0,9.0,1.0,14.0,1.0,1.0,0.0,0.0,0.0,2015.282858818624,0.0,0.0,0.0,nothing,69.0,132000.0,0,9.000545624026756
88be0e34d9fffff,-33.925115885789,151.1426724261718,1.0,1.0,0.0,6.0,0.0,0.0,1.0,0.0,10.0,25.0,0.0,6.0,0.0,0.0,0.0,0.0,0.0,1084.5745709569792,6363.333333333333,0.0,0.0,nothing,11.0,132000.0,0,9.53445423389071
88be0e34dbfffff,-33.9240007001743,151.1317921145176,0.0,1.0,0.0,2.0,0.0,0.0,0.0,0.0,0.0,2.0,0.0,12.0,0.0,1.0,0.0,0.0,0.0,511.5012370104875,0.0,0.0,0.0,nothing,41.0,132000.0,0,10.198906827915524
88be0e34ddfffff,-33.917846727882775,151.14927810739312,3.0,2.0,0.0,20.0,3.0,0.0,2.0,0.0,4.0,24.0,0.0,9.0,0.0,1.0,0.0,0.0,0.0,8005.891498566555,0.0,0.0,0.0,nothing,70.0,132000.0,0,8.53548694961747
88be0e34e1fffff,-33.88876613117564,151.17568996682027,2.0,13.0,0.0,35.0,2.0,0.0,4.0,0.0,24.0,50.0,1.0,21.0,0.0,3.0,1.0,0.0,0.0,37017.97052293764,25627.173295454544,1.0,1.0,22 kW,155.0,0.0,1,4.594952543011799
88be0e34e3fffff,-33.88765408759608,151.16481346493032,1.0,0.0,0.0,19.0,0.0,0.0,0.0,1.0,2.0,52.0,1.0,6.0,0.0,3.0,1.0,0.0,0.0,5442.149953638055,0.0,0.0,0.0,nothing,71.0,0.0,0,5.392328932604887
88be0e34e5fffff,-33.88149499331343,151.18229021577633,4.0,6.0,0.0,24.0,0.0,1.0,2.0,1.0,39.0,35.0,1.0,20.0,0.0,1.0,0.0,0.0,0.0,4997.376032345544,8568.0,1.0,2.0,kW,155.0,0.0,1,3.646168698130897
88be0e34e7fffff,-33.88038357737593,151.1714144763952,11.0,1.0,0.0,19.0,1.0,0.0,0.0,0.0,10.0,23.0,0.0,9.0,0.0,4.0,0.0,0.0,0.0,1387.8281379370749,0.0,0.0,0.0,nothing,77.0,0.0,0,4.49759915708205
88be0e34e9fffff,-33.89714860523853,151.17996633230192,19.0,1.0,0.0,89.0,4.0,0.0,5.0,1.0,30.0,77.0,2.0,18.0,0.0,5.0,0.0,0.0,1.0,5824.3538503350765,10661.339366515836,1.0,2.0,kW,108.0,0.0,1,4.903135260874028
88be0e34ebfffff,-33.89603687408073,151.1690886315968,2.0,0.0,0.0,38.0,7.0,1.0,5.0,0.0,17.0,46.0,0.0,9.0,1.0,2.0,0.0,0.0,0.0,3994.0323412181397,0.0,0.0,0.0,nothing,84.0,0.0,0,5.565890696349761
88be0e34edfffff,-33.88987723463262,151.18656690465937,37.0,6.0,0.0,59.0,3.0,4.0,2.0,2.0,169.0,96.0,0.0,12.0,6.0,5.0,3.0,0.0,0.0,28182.04452757448,17321.63703703704,1.0,2.0,kW,139.0,0.0,1,3.8993532310637997
88be0e3501fffff,-33.85066071818415,151.26964126548884,0.0,0.0,0.0,1.0,0.0,3.0,4.0,0.0,32.0,22.0,0.0,12.0,0.0,0.0,0.0,1.0,0.0,2942.3442182754115,0.0,0.0,0.0,nothing,9.0,0.0,0,5.177441097839641
88be0e3505fffff,-33.84338409384295,151.27623117260833,0.0,0.0,0.0,1.0,0.0,0.0,0.0,0.0,7.0,5.0,0.0,0.0,0.0,0.0,0.0,2.0,0.0,2049.299791286462,0.0,0.0,0.0,nothing,2.0,0.0,0,6.0346557342441836
88be0e3507fffff,-33.84228113372162,151.2653578589341,0.0,0.0,0.0,0.0,0.0,0.0,0.0,0.0,0.0,1.0,0.0,0.0,0.0,0.0,0.0,0.0,0.0,0.0,0.0,0.0,0.0,nothing,0.0,0.0,0,5.185974947900542
88be0e3509fffff,-33.859040222637766,151.27392554732495,1.0,0.0,0.0,5.0,1.0,0.0,1.0,0.0,4.0,18.0,1.0,19.0,0.0,2.0,0.0,0.0,0.0,797.088037210413,0.0,1.0,1.0,22 kW,24.0,0.0,1,5.36279702753322
88be0e350bfffff,-33.8579369519492,151.2630502717443,1.0,0.0,0.0,0.0,0.0,4.0,0.0,0.0,9.0,17.0,0.0,0.0,0.0,0.0,0.0,3.0,0.0,0.0,0.0,0.0,0.0,nothing,0.0,0.0,0,4.3865232814949175
88be0e350dfffff,-33.8517633636904,151.2805157743935,0.0,0.0,0.0,7.0,0.0,2.0,0.0,0.0,9.0,11.0,0.0,20.0,0.0,0.0,0.0,0.0,0.0,1955.4372985809039,0.0,0.0,0.0,nothing,22.0,0.0,0,6.111799280632456
88be0e3511fffff,-33.85572759092015,151.24130100969856,0.0,0.0,0.0,0.0,0.0,0.0,0.0,0.0,1.0,5.0,0.0,0.0,0.0,0.0,0.0,0.0,0.0,0.0,0.0,0.0,0.0,nothing,0.0,0.0,0,2.524346700893281
88be0e3513fffff,-33.854621500897885,151.23042702474936,0.0,0.0,0.0,0.0,0.0,0.0,0.0,0.0,1.0,4.0,0.0,0.0,0.0,0.0,0.0,4.0,0.0,0.0,0.0,0.0,0.0,nothing,0.0,0.0,0,1.7380739565977317
88be0e3515fffff,-33.84845260811267,151.24789353517352,0.0,1.0,0.0,5.0,0.0,1.0,1.0,0.0,13.0,6.0,0.0,0.0,0.0,0.0,0.0,0.0,0.0,499.8831339980736,0.0,0.0,0.0,nothing,0.0,0.0,0,3.4462109840501296
88be0e3517fffff,-33.84734714386534,151.23702031527853,1.0,0.0,0.0,4.0,0.0,0.0,0.0,3.0,22.0,17.0,0.0,1.0,0.0,0.0,0.0,4.0,0.0,0.0,0.0,0.0,0.0,nothing,3.0,0.0,0,2.737675674036263
88be0e3519fffff,-33.864107958359334,151.24558257919983,0.0,0.0,0.0,1.0,0.0,0.0,1.0,0.0,39.0,9.0,0.0,0.0,0.0,0.0,0.0,0.0,0.0,0.0,0.0,0.0,0.0,nothing,0.0,0.0,0,2.7003398162526033
88be0e3523fffff,-33.82662531523341,151.26766459442038,0.0,0.0,0.0,0.0,0.0,0.0,0.0,0.0,2.0,9.0,0.0,0.0,0.0,0.0,0.0,0.0,0.0,6652.805528263022,0.0,0.0,0.0,nothing,0.0,0.0,0,6.377252088983554
88be0e3525fffff,-33.82045079625283,151.28512336153742,0.0,0.0,0.0,0.0,0.0,0.0,0.0,0.0,2.0,1.0,0.0,0.0,0.0,0.0,0.0,0.0,0.0,0.0,0.0,0.0,0.0,nothing,1.0,0.0,0,8.057202341699801
88be0e3529fffff,-33.83610707944306,151.2828199931972,0.0,0.0,0.0,1.0,0.0,1.0,0.0,0.0,5.0,9.0,0.0,0.0,0.0,0.0,0.0,0.0,0.0,11943.678622699364,0.0,0.0,0.0,nothing,3.0,0.0,0,6.933623352299543
88be0e3531fffff,-33.832797256287506,151.2502036382036,1.0,0.0,0.0,2.0,0.0,0.0,0.0,0.0,0.0,7.0,0.0,22.0,0.0,0.0,0.0,0.0,0.0,13785.153100997439,0.0,0.0,0.0,nothing,33.0,0.0,0,4.752166415895283
88be0e3533fffff,-33.831692103955696,151.23933237907121,0.0,3.0,0.0,12.0,2.0,0.0,0.0,0.0,4.0,16.0,0.0,30.0,0.0,3.0,0.0,0.0,0.0,6880.892454735166,0.0,0.0,0.0,nothing,62.0,132000.0,0,4.26576912462468
88be0e3535fffff,-33.825521726776834,151.25679367078732,0.0,1.0,0.0,14.0,0.0,3.0,1.0,0.0,18.0,10.0,0.0,2.0,0.0,0.0,0.0,1.0,0.0,16911.867365831156,0.0,0.0,0.0,nothing,11.0,0.0,0,5.761717498606355
88be0e3537fffff,-33.82441719965038,151.24592317671843,1.0,2.0,0.0,17.0,1.0,2.0,2.0,1.0,33.0,32.0,0.0,27.0,1.0,1.0,0.0,0.0,0.0,3489.840509451601,22671.88888888889,0.0,0.0,nothing,67.0,0.0,0,5.270762563664775
88be0e3539fffff,-33.84117723421749,151.25448497438944,2.0,2.0,0.0,11.0,0.0,5.0,0.0,1.0,21.0,23.0,0.0,8.0,0.0,0.0,0.0,3.0,0.0,4882.0516943070525,0.0,0.0,0.0,nothing,3.0,0.0,0,4.40763016971555
88be0e353bfffff,-33.84007239548945,151.24361251973198,2.0,3.0,0.0,8.0,0.0,4.0,1.0,2.0,23.0,12.0,1.0,21.0,1.0,0.0,0.0,0.0,0.0,13895.670267090743,0.0,4.0,4.0,22 kW,27.0,0.0,1,3.7437397732143154
88be0e353dfffff,-33.833901469751936,151.26107532744035,0.0,1.0,0.0,1.0,0.0,0.0,0.0,0.0,21.0,28.0,0.0,4.0,0.0,0.0,0.0,0.0,0.0,11249.549857665057,0.0,0.0,0.0,nothing,12.0,0.0,0,5.387471869461845
88be0e3543fffff,-33.86741964658068,151.27821070466277,0.0,2.0,1.0,3.0,0.0,0.0,0.0,0.0,4.0,10.0,0.0,25.0,0.0,3.0,0.0,0.0,0.0,0.0,0.0,0.0,0.0,nothing,55.0,0.0,0,5.723240427550608
88be0e3547fffff,-33.860142553230595,151.28480125159987,0.0,0.0,0.0,6.0,0.0,0.0,0.0,0.0,14.0,13.0,0.0,10.0,0.0,0.0,0.0,0.0,0.0,951.547643660565,0.0,1.0,2.0,22 kW,12.0,0.0,1,6.350849856693512
88be0e354bfffff,-33.87579898951106,151.28249673772277,0.0,0.0,0.0,4.0,0.0,0.0,0.0,0.0,8.0,7.0,0.0,13.0,0.0,0.0,0.0,0.0,0.0,0.0,0.0,0.0,0.0,nothing,57.0,0.0,0,6.228452531056692
88be0e3551fffff,-33.873592767501954,151.26074183238669,2.0,2.0,0.0,12.0,1.0,1.0,2.0,0.0,12.0,18.0,0.0,15.0,0.0,0.0,0.0,2.0,0.0,31727.895868946103,0.0,0.0,0.0,nothing,38.0,0.0,0,4.208466682630959
88be0e3553fffff,-33.872488245681176,151.24986502400287,2.0,0.0,1.0,6.0,0.0,6.0,1.0,1.0,58.0,64.0,0.0,16.0,0.0,2.0,0.0,1.0,0.0,5057.707184213906,0.0,3.0,6.0,7 kW,38.0,0.0,1,3.2021013088571157
88be0e3555fffff,-33.86631669074744,151.26733423335415,0.0,3.0,0.0,15.0,1.0,1.0,1.0,0.0,16.0,38.0,1.0,13.0,0.0,5.0,0.0,2.0,0.0,1371.2496987279308,0.0,0.0,0.0,nothing,27.0,0.0,0,4.712957444840019
88be0e3557fffff,-33.865212794620675,151.25645819128036,0.0,0.0,0.0,0.0,0.0,0.0,0.0,0.0,4.0,3.0,0.0,0.0,0.0,0.0,0.0,0.0,0.0,783.6940803132882,0.0,0.0,0.0,nothing,2.0,0.0,0,3.7046071567622487
88be0e3559fffff,-33.88197265946568,151.2650263491556,0.0,2.0,0.0,3.0,0.0,0.0,0.0,0.0,7.0,12.0,1.0,16.0,0.0,1.0,1.0,0.0,0.0,5317.847918564655,0.0,0.0,0.0,nothing,35.0,132000.0,0,4.872420686344518
88be0e355bfffff,-33.880868452383886,151.25414834432829,2.0,1.0,0.0,4.0,0.0,4.0,2.0,0.0,24.0,25.0,0.0,23.0,0.0,0.0,0.0,0.0,0.0,0.0,0.0,1.0,2.0,7 kW,21.0,0.0,1,3.906051329506125
88be0e355dfffff,-33.87469634883154,151.27161907054617,1.0,4.0,0.0,1.0,4.0,0.0,1.0,0.0,2.0,12.0,0.0,14.0,0.0,4.0,0.0,0.0,0.0,13181.204535944229,0.0,1.0,2.0,22 kW,55.0,132000.0,1,5.2177153047952025
88be0e3561fffff,-33.845587195302784,151.29797908431405,0.0,0.0,0.0,0.0,0.0,0.0,1.0,0.0,0.0,0.0,0.0,0.0,0.0,0.0,0.0,0.0,0.0,0.0,0.0,0.0,0.0,nothing,0.0,0.0,0,7.850457233696052
88be0e3563fffff,-33.844486114422814,151.28710491465432,1.0,0.0,0.0,10.0,1.0,2.0,1.0,1.0,43.0,16.0,0.0,10.0,0.0,0.0,0.0,0.0,0.0,3053.7361804310967,0.0,1.0,1.0,kW,21.0,0.0,1,6.927877691753406
88be0e356bfffff,-33.85286506929879,151.29139071145207,0.0,0.0,0.0,0.0,0.0,0.0,0.0,0.0,14.0,7.0,0.0,2.0,0.0,0.0,0.0,0.0,0.0,0.0,0.0,0.0,0.0,nothing,1.0,0.0,0,7.068098606415074
88be0e3581fffff,-33.84291589585176,151.19353175512435,2.0,4.0,0.0,6.0,0.0,1.0,0.0,0.0,34.0,31.0,0.0,0.0,0.0,0.0,0.0,0.0,0.0,12603.938802930224,0.0,0.0,0.0,nothing,13.0,0.0,0,3.2437525948318457
88be0e3583fffff,-33.84180573689168,151.18266069872777,0.0,1.0,0.0,2.0,0.0,0.0,0.0,0.0,6.0,9.0,0.0,7.0,0.0,0.0,0.0,2.0,0.0,3097.901908990787,0.0,0.0,0.0,nothing,7.0,0.0,0,4.051731864415491
88be0e3585fffff,-33.83564365152437,151.20012701512113,1.0,1.0,0.0,11.0,2.0,0.0,3.0,1.0,20.0,33.0,0.0,20.0,0.0,2.0,0.0,0.0,0.0,5070.2330183495305,0.0,0.0,0.0,nothing,69.0,132000.0,0,3.5947976875244985
88be0e3587fffff,-33.83453411906843,151.18925672125815,2.0,1.0,0.0,8.0,1.0,0.0,0.0,0.0,23.0,42.0,0.0,10.0,0.0,2.0,0.0,0.0,0.0,986.6005771481223,0.0,0.0,0.0,nothing,18.0,0.0,0,4.217492843898369
88be0e3589fffff,-33.85129759471446,151.19780766328805,0.0,0.0,0.0,1.0,0.0,0.0,2.0,0.0,5.0,13.0,0.0,0.0,0.0,0.0,0.0,0.0,0.0,4104.534153522931,0.0,0.0,0.0,nothing,1.0,0.0,0,2.3018284224686054
88be0e358bfffff,-33.85018774781419,151.1869354097874,2.0,0.0,0.0,4.0,0.0,0.0,1.0,0.0,9.0,5.0,0.0,5.0,0.0,0.0,0.0,7.0,0.0,520.7198765772514,0.0,0.0,0.0,nothing,3.0,0.0,0,3.188713290068363
88be0e358dfffff,-33.84402511618927,151.20440324573462,2.0,7.0,0.0,32.0,0.0,1.0,7.0,0.0,71.0,45.0,0.0,25.0,0.0,2.0,0.0,0.0,0.0,18406.987111085433,0.0,2.0,4.0,22 kW,60.0,132000.0,1,2.5850294838526775
88be0e3591fffff,-33.84796523771695,151.16519220780762,0.0,0.0,0.0,2.0,0.0,0.0,0.0,0.0,3.0,9.0,0.0,0.0,0.0,0.0,0.0,0.0,0.0,0.0,0.0,0.0,0.0,nothing,1.0,0.0,0,5.106053855481151
88be0e3593fffff,-33.846852574841456,151.1543212608418,0.0,1.0,0.0,4.0,1.0,0.0,1.0,0.0,4.0,10.0,0.0,14.0,0.0,3.0,0.0,2.0,0.0,12161.994913038383,0.0,0.0,0.0,nothing,27.0,0.0,0,6.091471493821409
88be0e3595fffff,-33.84069463946948,151.1717900773016,1.0,0.0,0.0,2.0,0.0,0.0,1.0,0.0,9.0,14.0,0.0,9.0,0.0,0.0,0.0,4.0,0.0,12075.456976765454,0.0,0.0,0.0,nothing,11.0,0.0,0,4.9362020184499205
88be0e3597fffff,-33.83958260374587,151.16091989160228,0.0,0.0,0.0,0.0,0.0,0.0,0.0,0.0,6.0,3.0,0.0,12.0,0.0,1.0,0.0,2.0,0.0,0.0,0.0,0.0,0.0,nothing,11.0,0.0,0,5.862637683049926
88be0e3599fffff,-33.856347794160804,151.16946539810695,0.0,0.0,0.0,3.0,0.0,0.0,0.0,0.0,3.0,2.0,0.0,4.0,0.0,0.0,0.0,2.0,0.0,0.0,0.0,0.0,0.0,nothing,21.0,0.0,0,4.451377524486836
88be0e359bfffff,-33.85523544257226,151.15859325324985,1.0,11.0,0.0,8.0,4.0,0.0,1.0,0.0,9.0,42.0,1.0,7.0,0.0,1.0,0.0,0.0,0.0,27246.55732770609,0.0,2.0,4.0,22 kW,67.0,0.0,1,5.461133372947361
88be0e359dfffff,-33.84907696209481,151.17606359104164,0.0,0.0,0.0,7.0,0.0,1.0,0.0,0.0,24.0,38.0,0.0,0.0,2.0,1.0,0.0,2.0,1.0,0.0,0.0,0.0,0.0,nothing,6.0,0.0,0,4.134293051760749
88be0e35a1fffff,-33.81998970762983,151.20244551122343,1.0,3.0,0.0,16.0,3.0,0.0,0.0,2.0,3.0,28.0,0.0,7.0,0.0,1.0,1.0,0.0,0.0,1874.2615591671993,0.0,4.0,4.0,"22 kW, 7 kW, kW",101.0,132000.0,1,5.164152680129667
88be0e35a3fffff,-33.81888048954406,151.19157717632794,10.0,13.0,0.0,24.0,6.0,0.0,4.0,0.0,21.0,65.0,1.0,5.0,0.0,1.0,2.0,0.0,0.0,42156.19382407701,5963.666666666667,5.0,6.0,"22 kW, 7 kW, 7.6 kW, kW",95.0,132000.0,1,5.61500299925349
88be0e35a5fffff,-33.812716915048654,151.20903827884447,2.0,2.0,0.0,9.0,0.0,0.0,1.0,0.0,12.0,24.0,0.0,13.0,0.0,1.0,0.0,0.0,0.0,19798.479872808315,12907.777777777777,0.0,0.0,nothing,37.0,0.0,0,5.84628418186536
88be0e35a7fffff,-33.811608322897996,151.19817070649427,2.0,2.0,0.0,4.0,0.0,0.0,0.0,1.0,9.0,12.0,0.0,5.0,0.0,0.0,0.0,0.0,0.0,14335.622281605467,14246.903474903474,2.0,2.0,22 kW,29.0,132000.0,1,6.165129672783197
88be0e35a9fffff,-33.82837101534914,151.20672118987082,4.0,8.0,2.0,27.0,0.0,3.0,4.0,0.0,43.0,32.0,0.0,25.0,0.0,0.0,0.0,0.0,0.0,12918.043446836296,12888.62962962963,4.0,4.0,kW,138.0,132000.0,1,4.167713787324328
88be0e35abfffff,-33.82726210914212,151.1958516587257,8.0,10.0,1.0,56.0,6.0,1.0,5.0,0.0,21.0,58.0,0.0,34.0,2.0,7.0,0.0,0.0,0.0,3649.0551296036447,0.0,22.0,22.0,"11 kW, 22 kW, kW",127.0,132000.0,1,4.604839934230697
88be0e35adfffff,-33.82109798784319,151.2133142794667,1.0,0.0,0.0,6.0,2.0,0.0,1.0,0.0,8.0,12.0,0.0,13.0,0.0,1.0,0.0,0.0,0.0,7923.056033986689,10719.322147651006,2.0,2.0,"22 kW, 7 kW",82.0,132000.0,1,4.8850548711258215
88be0e35b1fffff,-33.8250414826812,151.17411389885692,0.0,0.0,0.0,0.0,0.0,0.0,0.0,0.0,1.0,13.0,0.0,19.0,0.0,0.0,0.0,0.0,0.0,3075.525127298709,9578.639455782313,0.0,0.0,nothing,28.0,0.0,0,5.919374626860127
88be0e35b3fffff,-33.82392976274824,151.16324567164557,0.0,1.0,0.0,2.0,0.0,1.0,0.0,0.0,0.0,15.0,0.0,14.0,0.0,0.0,0.0,0.0,0.0,1164.071002546285,0.0,0.0,0.0,nothing,40.0,0.0,0,6.711076869776965
88be0e35b5fffff,-33.81777033374606,151.18070927553632,1.0,8.0,0.0,2.0,0.0,0.0,4.0,0.0,1.0,30.0,0.0,25.0,0.0,0.0,0.0,0.0,0.0,804.1788645513191,0.0,2.0,2.0,kW,33.0,132000.0,1,6.2002444271761785
88be0e35b7fffff,-33.81665924039626,151.16984180960458,17.0,4.0,0.0,37.0,4.0,0.0,6.0,1.0,38.0,35.0,0.0,21.0,0.0,8.0,0.0,0.0,0.0,16350.053792326864,15926.357142857143,17.0,17.0,"19 kW, 22 kW, 7 kW",53.0,132000.0,1,6.885688189719924
88be0e35b9fffff,-33.83342364834684,151.1783868618245,0.0,0.0,0.0,0.0,0.0,0.0,0.0,0.0,0.0,0.0,0.0,3.0,0.0,0.0,0.0,4.0,0.0,0.0,0.0,0.0,0.0,nothing,4.0,0.0,0,4.970605489527538
88be0e35bbfffff,-33.83231223952013,151.16751743757644,0.0,0.0,0.0,0.0,0.0,0.0,0.0,0.0,1.0,3.0,0.0,8.0,0.0,0.0,0.0,2.0,0.0,0.0,0.0,0.0,0.0,nothing,28.0,0.0,0,5.803576626733891
88be0e35bdfffff,-33.82615226486602,151.18498256146898,1.0,1.0,0.0,6.0,0.0,1.0,0.0,1.0,10.0,22.0,0.0,28.0,0.0,0.0,0.0,0.0,0.0,9007.44943469019,0.0,2.0,2.0,kW,45.0,132000.0,1,5.205218467957062
88be0e35c1fffff,-33.86078781036064,151.21295833049803,35.0,22.0,0.0,143.0,2.0,0.0,44.0,6.0,278.0,230.0,1.0,15.0,5.0,9.0,1.0,20.0,1.0,162.61689449003907,27201.653605015676,13.0,17.0,"11 kW, 22 kW, kW",100.0,132000.0,1,0.5723561510175074
88be0e35c3fffff,-33.85967921515495,151.20208444596992,43.0,17.0,2.0,71.0,2.0,1.0,9.0,0.0,131.0,123.0,0.0,14.0,1.0,1.0,0.0,2.0,0.0,4137.926120271853,0.0,16.0,19.0,"22 kW, kW",77.0,0.0,1,1.454907148831306
88be0e35c5fffff,-33.853514471416354,151.21955347152627,0.0,0.0,0.0,1.0,0.0,0.0,2.0,0.0,11.0,8.0,0.0,2.0,0.0,0.0,0.0,4.0,0.0,859.1328820161553,0.0,2.0,2.0,22 kW,11.0,0.0,1,1.3133284229917577
88be0e35c7fffff,-33.85240650263523,151.20868035078672,9.0,5.0,0.0,12.0,0.0,0.0,2.0,3.0,34.0,32.0,0.0,5.0,0.0,0.0,1.0,4.0,0.0,4844.3008248028345,41584.362030905075,4.0,4.0,"22 kW, 6 kW",21.0,132000.0,1,1.5760810361733313
88be0e35c9fffff,-33.86916903886383,151.21723718508906,24.0,13.0,2.0,63.0,5.0,3.0,20.0,4.0,259.0,279.0,0.0,16.0,3.0,6.0,0.0,0.0,2.0,30609.79762759456,0.0,6.0,7.0,"22 kW, kW",126.0,132000.0,1,0.46164549682622935
88be0e35cbfffff,-33.86806075667159,151.20636210339055,214.0,36.0,1.0,337.0,18.0,0.0,96.0,7.0,304.0,578.0,0.0,83.0,5.0,28.0,0.0,12.0,4.0,6137.042007798386,33343.762886597935,27.0,30.0,"22 kW, 7 kW",310.0,132000.0,1,0.9884391818053451
88be0e35cdfffff,-33.861895466069804,151.22383264805077,1.0,0.0,0.0,6.0,0.0,1.0,0.0,2.0,101.0,47.0,0.0,4.0,1.0,0.0,0.0,0.0,0.0,13503.889998892575,0.0,0.0,0.0,nothing,14.0,0.0,0,0.7704931138027691
88be0e35d1fffff,-33.865841373367246,151.1846132414491,1.0,1.0,0.0,3.0,0.0,0.0,0.0,0.0,43.0,48.0,0.0,0.0,0.0,0.0,0.0,2.0,0.0,65849.74924309883,59440.13461538462,2.0,2.0,22 kW,18.0,132000.0,1,2.9445364523459157
88be0e35d3fffff,-33.86473027257589,151.173739462721,5.0,3.0,0.0,15.0,1.0,0.0,0.0,0.0,6.0,38.0,0.0,21.0,0.0,2.0,1.0,0.0,0.0,1229.8520396760528,14522.794871794871,0.0,0.0,nothing,82.0,132000.0,0,3.949621226360739
88be0e35d5fffff,-33.858569680612824,151.19121099522394,1.0,0.0,0.0,3.0,0.0,0.0,2.0,0.0,3.0,20.0,0.0,13.0,0.0,1.0,0.0,4.0,0.0,20771.277154627747,0.0,0.0,0.0,nothing,34.0,0.0,0,2.4415287272453994
88be0e35d7fffff,-33.85745920689459,151.18033797901725,3.0,2.0,0.0,30.0,8.0,2.0,1.0,1.0,28.0,31.0,2.0,22.0,0.0,9.0,0.0,0.0,0.0,4461.519830922828,0.0,1.0,1.0,kW,71.0,0.0,1,3.4438971293460656
88be0e35d9fffff,-33.87422346101118,151.18888937855792,4.0,2.0,1.0,43.0,2.0,5.0,7.0,0.0,40.0,75.0,0.0,6.0,0.0,0.0,0.0,2.0,0.0,28819.54713550779,23745.333333333332,0.0,0.0,nothing,71.0,0.0,0,2.742633848431328
88be0e35dbfffff,-33.87311267246064,151.1780144018705,12.0,2.0,0.0,26.0,2.0,12.0,0.0,0.0,47.0,45.0,0.0,13.0,0.0,2.0,0.0,0.0,0.0,32305.307151645622,0.0,1.0,2.0,22 kW,54.0,132000.0,1,3.6641619808653654
88be0e35ddfffff,-33.866951534785976,151.19548745525807,19.0,8.0,3.0,81.0,5.0,1.0,14.0,3.0,103.0,135.0,0.0,29.0,1.0,2.0,1.0,19.0,0.0,10537.354555157908,0.0,4.0,5.0,kW,123.0,132000.0,1,1.94835840871165
88be0e35e1fffff,-33.837859900998424,151.2218689031085,0.0,0.0,0.0,2.0,0.0,0.0,0.0,0.0,7.0,8.0,0.0,26.0,0.0,1.0,0.0,0.0,0.0,742.9954804538457,0.0,0.0,0.0,nothing,56.0,0.0,0,3.059176630184384
88be0e35e3fffff,-33.83675224555439,151.2109977426568,18.0,7.0,0.0,60.0,2.0,3.0,19.0,4.0,57.0,61.0,0.0,25.0,4.0,9.0,1.0,0.0,2.0,17266.464606249938,18938.068027210884,9.0,9.0,22 kW,113.0,132000.0,1,3.1800911909627527
88be0e35e5fffff,-33.83058601291571,151.2284615508003,6.0,5.0,1.0,31.0,4.0,0.0,1.0,1.0,12.0,34.0,0.0,27.0,0.0,1.0,0.0,0.0,0.0,6521.179337166757,0.0,0.0,0.0,nothing,100.0,132000.0,0,3.9831983716299053
88be0e35e7fffff,-33.82947898332697,151.2175911541479,2.0,2.0,0.0,30.0,4.0,0.0,1.0,0.0,12.0,26.0,0.0,11.0,0.0,3.0,0.0,0.0,0.0,6334.4400392028265,34734.37888198758,0.0,0.0,nothing,123.0,132000.0,0,3.948448903611218
88be0e35e9fffff,-33.846240740355945,151.2261475265688,1.0,0.0,0.0,3.0,0.0,0.0,1.0,0.0,18.0,10.0,0.0,10.0,0.0,0.0,0.0,2.0,0.0,0.0,0.0,0.0,0.0,nothing,7.0,0.0,0,2.273490572457834
88be0e35ebfffff,-33.845133397744,151.21527516980177,11.0,12.0,0.0,52.0,3.0,4.0,9.0,1.0,102.0,82.0,0.0,18.0,1.0,4.0,0.0,7.0,0.0,16250.759986086325,0.0,4.0,4.0,kW,82.0,132000.0,1,2.213133067883215
88be0e35edfffff,-33.838966617696634,151.23274049571924,0.0,0.0,0.0,7.0,0.0,0.0,1.0,0.0,8.0,7.0,0.0,12.0,0.0,1.0,0.0,0.0,0.0,1848.2506733384685,0.0,0.0,0.0,nothing,7.0,0.0,0,3.264873975843825
88be0e3601fffff,-33.96025236087996,151.25347413093178,0.0,1.0,0.0,3.0,0.0,5.0,0.0,0.0,6.0,21.0,0.0,0.0,0.0,0.0,0.0,0.0,0.0,12003.240690630173,0.0,0.0,0.0,nothing,14.0,0.0,0,11.100575518656344
88be0e3603fffff,-33.959146597916316,151.24258630223787,0.0,0.0,1.0,1.0,0.0,0.0,0.0,0.0,5.0,6.0,0.0,9.0,1.0,0.0,0.0,0.0,0.0,5243.792452544742,0.0,0.0,0.0,nothing,33.0,0.0,0,10.712670296011513
88be0e3605fffff,-33.95297685628416,151.26007389795953,0.0,0.0,0.0,0.0,0.0,2.0,0.0,0.0,2.0,0.0,0.0,0.0,0.0,0.0,0.0,0.0,0.0,7842.2814494192935,0.0,0.0,0.0,nothing,3.0,0.0,0,10.55410177121955
88be0e3607fffff,-33.95187172064315,151.24918683680755,0.0,1.0,0.0,1.0,1.0,0.0,0.0,0.0,5.0,6.0,0.0,17.0,0.0,1.0,0.0,0.0,0.0,9333.530096954271,0.0,0.0,0.0,nothing,52.0,0.0,0,10.09443734050736
88be0e3609fffff,-33.96863291617065,151.25776230244648,0.0,2.0,0.0,1.0,0.0,0.0,0.0,0.0,0.0,3.0,0.0,4.0,0.0,0.0,0.0,0.0,0.0,6896.8836831731005,0.0,0.0,0.0,nothing,3.0,0.0,0,12.107455567626445
88be0e360bfffff,-33.967527469446146,151.24687327467413,0.0,0.0,0.0,0.0,0.0,0.0,0.0,0.0,5.0,3.0,0.0,12.0,0.0,1.0,0.0,0.0,0.0,23122.46254870919,0.0,0.0,0.0,nothing,37.0,0.0,0,11.70910850252967
88be0e360dfffff,-33.96135718022355,151.26436239080337,0.0,0.0,0.0,0.0,0.0,0.0,0.0,0.0,0.0,1.0,0.0,0.0,0.0,0.0,0.0,0.0,0.0,0.0,0.0,0.0,0.0,nothing,0.0,0.0,0,11.564599534953523
88be0e3611fffff,-33.96531374470411,151.2250965150515,0.0,0.0,0.0,0.0,0.0,0.0,1.0,0.0,0.0,6.0,0.0,2.0,0.0,0.0,0.0,0.0,0.0,27646.975740807313,12489.333333333334,2.0,0.0,nothing,22.0,132000.0,1,11.148795690604178
88be0e3613fffff,-33.96420546700621,151.21420878472267,0.0,1.0,0.0,0.0,0.0,0.0,0.0,0.0,0.0,8.0,0.0,3.0,0.0,0.0,0.0,0.0,0.0,22930.305962446153,18832.555555555555,0.0,0.0,nothing,15.0,0.0,0,10.998870703029509
88be0e3615fffff,-33.958039891492156,151.2316989054823,0.0,0.0,0.0,1.0,1.0,0.0,1.0,0.0,1.0,8.0,0.0,17.0,0.0,0.0,0.0,0.0,0.0,8019.791410150838,0.0,1.0,2.0,22 kW,51.0,132000.0,1,10.409392954294361
88be0e3617fffff,-33.95693224176725,151.22081194142552,0.0,1.0,0.0,0.0,0.0,0.0,0.0,0.0,0.0,6.0,0.0,7.0,0.0,0.0,0.0,0.0,0.0,5794.321406448879,0.0,0.0,0.0,nothing,11.0,132000.0,0,10.198292114210545
88be0e3619fffff,-33.97369516308896,151.22938196586634,0.0,0.0,0.0,1.0,0.0,0.0,0.0,0.0,2.0,9.0,0.0,8.0,0.0,0.0,0.0,0.0,0.0,13912.729575662072,0.0,8.0,0.0,nothing,20.0,132000.0,1,12.109031163065405
88be0e361bfffff,-33.97258720085754,151.2184930356649,0.0,0.0,0.0,0.0,0.0,0.0,0.0,0.0,0.0,6.0,0.0,1.0,0.0,0.0,0.0,0.0,0.0,0.0,0.0,0.0,0.0,nothing,0.0,0.0,0,11.928220891460022
88be0e361dfffff,-33.96642107890407,151.2359846786222,0.0,0.0,0.0,0.0,0.0,0.0,0.0,0.0,0.0,1.0,0.0,15.0,0.0,0.0,0.0,0.0,0.0,1402.1727063354392,0.0,0.0,0.0,nothing,48.0,132000.0,0,11.387345546870568
88be0e3621fffff,-33.93732077931039,151.26238463918637,0.0,1.0,0.0,1.0,0.0,0.0,0.0,0.0,12.0,4.0,0.0,9.0,0.0,0.0,0.0,0.0,0.0,214.2285073420863,0.0,1.0,1.0,22 kW,19.0,0.0,1,9.072518335950084
88be0e3623fffff,-33.936215954679135,151.25149954398043,0.0,0.0,0.0,1.0,0.0,0.0,0.0,1.0,3.0,4.0,0.0,10.0,0.0,0.0,0.0,0.0,0.0,0.0,0.0,0.0,0.0,nothing,31.0,0.0,0,8.533168546483326
88be0e3627fffff,-33.92894051840717,151.25809757952908,0.0,0.0,0.0,3.0,1.0,1.0,2.0,0.0,26.0,27.0,0.0,14.0,0.0,0.0,0.0,0.0,0.0,5309.327025682564,0.0,0.0,0.0,nothing,41.0,0.0,0,8.066076200500609
88be0e3629fffff,-33.94570095617626,151.26667257585186,0.0,0.0,0.0,1.0,0.0,0.0,0.0,0.0,15.0,0.0,0.0,1.0,0.0,0.0,0.0,0.0,0.0,4045.99110485983,0.0,0.0,0.0,nothing,6.0,0.0,0,10.079787402119566
88be0e362bfffff,-33.94459644760201,151.2557862824256,3.0,1.0,0.0,19.0,1.0,2.0,4.0,0.0,14.0,24.0,0.0,15.0,0.0,1.0,0.0,0.0,0.0,11371.293959286499,0.0,0.0,0.0,nothing,56.0,0.0,0,9.543623523287252
88be0e3631fffff,-33.94238460141643,151.234014988893,2.0,3.0,0.0,4.0,0.0,0.0,1.0,0.0,8.0,17.0,0.0,17.0,0.0,5.0,0.0,0.0,0.0,31265.162988543696,0.0,0.0,0.0,nothing,59.0,132000.0,0,8.729550599866792
88be0e3633fffff,-33.9412772641242,151.22312999030703,2.0,9.0,0.0,2.0,0.0,0.0,1.0,2.0,1.0,19.0,0.0,14.0,0.0,0.0,0.0,0.0,0.0,4396.151072131452,0.0,7.0,7.0,"22 kW, kW",48.0,0.0,1,8.476470462241288
88be0e3635fffff,-33.9351101873393,151.24061487984557,0.0,0.0,0.0,1.0,1.0,0.0,0.0,1.0,0.0,7.0,0.0,14.0,0.0,0.0,0.0,0.0,0.0,15720.60765907947,0.0,0.0,0.0,nothing,78.0,132000.0,0,8.085480877043588
88be0e3637fffff,-33.934003477450375,151.22973064754186,0.0,0.0,0.0,0.0,0.0,0.0,0.0,0.0,0.0,5.0,0.0,9.0,0.0,0.0,0.0,0.0,0.0,10421.805842198388,0.0,0.0,0.0,nothing,34.0,132000.0,0,7.745360589355163
88be0e3639fffff,-33.950765641739075,151.23830020705125,0.0,0.0,0.0,1.0,0.0,0.0,0.0,0.0,1.0,2.0,0.0,15.0,0.0,0.0,0.0,0.0,0.0,18208.34913272973,0.0,1.0,2.0,7 kW,49.0,132000.0,1,9.71915292256968
88be0e363bfffff,-33.94965861973154,151.227414009451,0.0,2.0,0.0,2.0,1.0,0.0,1.0,0.0,4.0,12.0,0.0,10.0,0.0,2.0,0.0,0.0,0.0,28329.86028483497,0.0,1.0,1.0,22 kW,62.0,0.0,1,9.438314686444988
88be0e363dfffff,-33.94349099596226,151.24490041985257,0.0,1.0,1.0,8.0,1.0,0.0,0.0,1.0,0.0,13.0,0.0,27.0,0.0,3.0,0.0,0.0,1.0,6022.412541832724,0.0,0.0,0.0,nothing,75.0,0.0,0,9.08928442854755
88be0e3647fffff,-33.9697374189181,151.26865176117838,0.0,0.0,0.0,0.0,0.0,0.0,0.0,0.0,0.0,2.0,0.0,0.0,0.0,0.0,0.0,0.0,0.0,0.0,0.0,0.0,0.0,nothing,0.0,0.0,0,12.575114249827758
88be0e3651fffff,-33.98318319867362,151.24455885711345,0.0,13.0,0.0,1.0,0.0,0.0,0.0,0.0,2.0,6.0,0.0,6.0,0.0,0.0,0.0,0.0,0.0,18780.010351953457,0.0,0.0,0.0,nothing,32.0,0.0,0,13.357833142664964
88be0e3653fffff,-33.98207649641978,151.23366829409142,0.0,2.0,0.0,3.0,0.0,1.0,0.0,0.0,13.0,2.0,0.0,4.0,0.0,0.0,0.0,0.0,0.0,1916.9683636966342,0.0,0.0,0.0,nothing,19.0,132000.0,0,13.076856921321347
88be0e3655fffff,-33.97590825582651,151.25116112458136,1.0,8.0,0.0,1.0,0.0,1.0,0.0,0.0,13.0,10.0,0.0,12.0,0.0,0.0,0.0,0.0,0.0,1536.6096257844167,0.0,0.0,0.0,nothing,8.0,0.0,0,12.707782596243236
88be0e3657fffff,-33.97480218146524,151.2402713290921,0.0,2.0,0.0,0.0,0.0,0.0,0.0,0.0,2.0,9.0,0.0,23.0,0.0,0.0,0.0,0.0,0.0,6159.809763704453,0.0,0.0,0.0,nothing,28.0,132000.0,0,12.370544407107714
88be0e3659fffff,-33.991564130027115,151.24884726290765,0.0,1.0,0.0,0.0,0.0,0.0,1.0,0.0,0.0,2.0,0.0,0.0,0.0,0.0,0.0,0.0,0.0,1038.2294465560017,0.0,0.0,0.0,nothing,0.0,0.0,0,14.348369378715711
88be0e365bfffff,-33.990457744194494,151.2379554999483,0.0,1.0,0.0,2.0,0.0,0.0,0.0,0.0,19.0,19.0,0.0,1.0,0.0,0.0,0.0,0.0,0.0,3617.9637759593447,0.0,0.0,0.0,nothing,7.0,132000.0,0,14.050706475505477
88be0e365dfffff,-33.98428895655531,151.25544985218096,0.0,0.0,0.0,0.0,0.0,0.0,0.0,0.0,0.0,0.0,0.0,0.0,0.0,0.0,0.0,0.0,0.0,7357.169695098194,0.0,0.0,0.0,nothing,0.0,0.0,0,13.708205865510644
88be0e3681fffff,-33.9524922130637,151.1772684273903,0.0,0.0,0.0,0.0,0.0,0.0,0.0,0.0,0.0,2.0,0.0,0.0,0.0,0.0,0.0,0.0,0.0,0.0,0.0,0.0,0.0,nothing,0.0,0.0,0,10.351699397300305
88be0e3683fffff,-33.95137984923975,151.1663836382286,0.0,1.0,0.0,8.0,0.0,1.0,0.0,0.0,1.0,11.0,0.0,7.0,1.0,0.0,0.0,0.0,0.0,9216.968205680241,0.0,0.0,0.0,nothing,18.0,132000.0,0,10.634086981473002
88be0e3685fffff,-33.945221103867055,151.18387355581183,0.0,0.0,0.0,0.0,0.0,0.0,0.0,0.0,7.0,5.0,0.0,0.0,0.0,0.0,0.0,0.0,0.0,215409.52765965322,0.0,0.0,0.0,nothing,4.0,132000.0,0,9.386974732392204
88be0e3687fffff,-33.94410936874444,151.1729895303912,0.0,1.0,0.0,0.0,0.0,0.0,0.0,0.0,0.0,3.0,0.0,1.0,0.0,0.0,0.0,0.0,0.0,5422.148716571936,47211.4693877551,0.0,0.0,nothing,3.0,132000.0,0,9.644260833776366
88be0e3689fffff,-33.96087497452772,151.1815482007903,0.0,0.0,0.0,0.0,0.0,0.0,0.0,0.0,0.0,2.0,0.0,0.0,0.0,0.0,0.0,0.0,0.0,0.0,0.0,0.0,0.0,nothing,0.0,0.0,0,11.106118060151148
88be0e368dfffff,-33.95360363438924,151.18815365305048,1.0,0.0,0.0,0.0,0.0,0.0,2.0,0.0,1.0,6.0,0.0,0.0,0.0,0.0,0.0,0.0,0.0,0.0,0.0,0.0,0.0,nothing,0.0,0.0,0,10.163004781749486
88be0e3691fffff,-33.957535996347836,151.14889154339812,0.0,1.0,1.0,5.0,1.0,0.0,0.0,0.0,1.0,5.0,0.0,10.0,0.0,0.0,0.0,0.0,0.0,19149.920984802404,8700.333333333334,0.0,0.0,nothing,42.0,132000.0,0,12.008871178632752
88be0e3693fffff,-33.95642111866213,151.13800686704317,1.0,6.0,0.0,15.0,4.0,0.0,2.0,0.0,7.0,42.0,0.0,19.0,1.0,6.0,0.0,0.0,0.0,70223.05852826069,8416.566666666668,2.0,2.0,22 kW,96.0,0.0,1,12.46108359714953
88be0e3695fffff,-33.95026654307856,151.15549928632484,2.0,0.0,0.0,4.0,0.0,0.0,0.0,0.0,7.0,3.0,0.0,8.0,0.0,0.0,0.0,0.0,0.0,14639.613939969962,0.0,1.0,1.0,kW,18.0,132000.0,1,11.00295210645586
88be0e3697fffff,-33.94915229474154,151.14461537243815,0.0,5.0,1.0,1.0,0.0,1.0,0.0,1.0,2.0,13.0,0.0,10.0,0.0,0.0,0.0,0.0,0.0,13627.693836968221,0.0,1.0,1.0,22 kW,55.0,132000.0,1,11.44993623096309
88be0e3699fffff,-33.9659196154931,151.1531685905539,2.0,0.0,0.0,9.0,0.0,2.0,0.0,0.0,5.0,12.0,0.0,8.0,0.0,1.0,0.0,0.0,0.0,6178.780355862104,0.0,0.0,0.0,nothing,44.0,132000.0,0,12.624068724960333
88be0e369bfffff,-33.964805050771616,151.1422827128121,0.0,0.0,0.0,1.0,0.0,1.0,0.0,0.0,4.0,7.0,0.0,0.0,0.0,0.0,0.0,0.0,0.0,17794.050106797742,0.0,0.0,0.0,nothing,39.0,132000.0,0,13.015658508693113
88be0e369dfffff,-33.95864993166167,151.15977665831383,1.0,4.0,0.0,25.0,1.0,1.0,0.0,1.0,6.0,8.0,0.0,14.0,0.0,1.0,0.0,0.0,0.0,3410.8280936740134,28476.786163522014,1.0,1.0,22 kW,44.0,132000.0,1,11.627650867513246
88be0e36a1fffff,-33.929567215602034,151.18619805183195,1.0,21.0,0.0,10.0,0.0,0.0,0.0,0.0,8.0,30.0,0.0,9.0,0.0,0.0,0.0,0.0,0.0,94785.79549411286,15430.277777777777,12.0,14.0,"22 kW, kW",90.0,132000.0,1,7.68160630393357
88be0e36a3fffff,-33.928455795368365,151.1753159900774,1.0,5.0,0.0,17.0,1.0,0.0,0.0,0.0,10.0,30.0,0.0,1.0,0.0,1.0,0.0,0.0,0.0,55497.867415827095,0.0,0.0,0.0,nothing,12.0,0.0,0,7.993701638305618
88be0e36a5fffff,-33.92229554398924,151.1928006812964,5.0,5.0,0.0,21.0,1.0,0.0,1.0,0.0,27.0,35.0,0.0,24.0,1.0,4.0,0.0,0.0,1.0,29976.595876560772,12679.388888888889,3.0,3.0,22 kW,83.0,132000.0,1,6.713753416949282
88be0e36a7fffff,-33.92118475188776,151.18191938329545,9.0,5.0,0.0,15.0,1.0,0.0,0.0,0.0,27.0,24.0,1.0,10.0,0.0,1.0,0.0,0.0,0.0,30737.543174845017,9034.4,4.0,4.0,"11 kW, 7 kW",58.0,132000.0,1,6.995494514177737
88be0e36a9fffff,-33.937949597369304,151.19047759638892,0.0,1.0,0.0,0.0,0.0,0.0,0.0,0.0,0.0,8.0,0.0,2.0,0.0,0.0,0.0,0.0,0.0,138132.91449549832,16926.736842105263,2.0,2.0,kW,17.0,132000.0,1,8.433231885943659
88be0e36abfffff,-33.93683849069282,151.1795943348946,2.0,18.0,0.0,30.0,0.0,1.0,4.0,0.0,27.0,40.0,0.0,8.0,14.0,1.0,0.0,0.0,0.0,25517.07823610084,0.0,0.0,0.0,nothing,27.0,0.0,0,8.659456088276384
88be0e36adfffff,-33.93067769408762,151.1970805492148,2.0,3.0,0.0,7.0,1.0,1.0,1.0,1.0,7.0,16.0,0.0,16.0,0.0,6.0,0.0,0.0,0.0,9825.626396972832,12737.944444444445,1.0,1.0,kW,76.0,0.0,1,7.494666622764458
88be0e36b1fffff,-33.93461345166722,151.15782912117893,0.0,3.0,0.0,5.0,0.0,1.0,0.0,0.0,10.0,29.0,0.0,4.0,0.0,0.0,0.0,0.0,0.0,48844.203694043994,15603.626911314985,0.0,0.0,nothing,41.0,0.0,0,9.427882126667702
88be0e36b3fffff,-33.93349951964046,151.14694717047533,5.0,2.0,1.0,12.0,4.0,0.0,1.0,1.0,25.0,45.0,0.0,10.0,0.0,2.0,0.0,0.0,0.0,7597.987827341541,17035.333333333332,2.0,2.0,22 kW,47.0,132000.0,1,9.945691909230112
88be0e36b5fffff,-33.92734343354751,151.1644343647101,1.0,4.0,0.0,3.0,0.0,0.0,15.0,0.0,1.0,27.0,0.0,7.0,0.0,2.0,0.0,0.0,0.0,54991.959227593296,0.0,4.0,4.0,22 kW,36.0,0.0,1,8.41703699207018
88be0e36b7fffff,-33.9262301303006,151.1535531764887,6.0,2.0,0.0,23.0,1.0,1.0,3.0,0.0,38.0,47.0,0.0,6.0,3.0,0.0,0.0,0.0,0.0,26447.26399371151,28581.462365591397,1.0,1.0,22 kW,31.0,132000.0,1,8.935811381529247
88be0e36b9fffff,-33.94299669148086,151.16210594168507,0.0,0.0,0.0,2.0,0.0,0.0,0.0,0.0,1.0,1.0,0.0,0.0,0.0,0.0,0.0,0.0,0.0,15582.644726375835,0.0,0.0,0.0,nothing,3.0,0.0,0,9.998164981475652
88be0e36bbfffff,-33.94188307223757,151.15122279045252,0.0,0.0,0.0,1.0,0.0,0.0,0.0,0.0,1.0,11.0,0.0,6.0,0.0,1.0,0.0,0.0,0.0,0.0,0.0,0.0,0.0,nothing,61.0,0.0,0,10.438860791903897
88be0e36bdfffff,-33.93572644207177,151.1687115095716,5.0,24.0,0.0,46.0,2.0,1.0,3.0,0.0,38.0,61.0,0.0,13.0,4.0,11.0,0.0,0.0,0.0,78707.48729125167,0.0,0.0,0.0,nothing,26.0,0.0,0,8.99489092530757
88be0e36c3fffff,-33.96925765263461,151.18582885081278,0.0,0.0,0.0,0.0,0.0,0.0,0.0,0.0,0.0,1.0,0.0,0.0,0.0,0.0,0.0,0.0,0.0,0.0,0.0,0.0,0.0,nothing,0.0,0.0,0,11.898586300194857
88be0e36c5fffff,-33.96309624597054,151.20332148839606,0.0,0.0,0.0,0.0,0.0,0.0,1.0,0.0,0.0,20.0,0.0,0.0,0.0,0.0,0.0,0.0,0.0,28106.962679577206,11150.423076923076,0.0,0.0,nothing,7.0,0.0,0,10.941210487964177
88be0e36cdfffff,-33.971478294931075,151.2076045392485,0.0,0.0,0.0,0.0,0.0,0.0,0.0,0.0,0.0,5.0,0.0,0.0,0.0,0.0,0.0,0.0,0.0,0.0,0.0,0.0,0.0,nothing,0.0,0.0,0,11.831810388967986
88be0e36e1fffff,-33.94744174704568,151.2056429137593,0.0,3.0,0.0,1.0,0.0,0.0,0.0,0.0,5.0,3.0,0.0,10.0,0.0,0.0,0.0,0.0,0.0,4346.502430224321,0.0,1.0,1.0,22 kW,27.0,132000.0,1,9.191729436244078
88be0e36e3fffff,-33.94633189668773,151.1947580171877,3.0,1.0,0.0,3.0,2.0,0.0,1.0,0.0,1.0,12.0,0.0,8.0,0.0,1.0,0.0,0.0,0.0,2266.7182447311684,0.0,0.0,0.0,nothing,26.0,132000.0,0,9.23439079037961
88be0e36e5fffff,-33.940168984245474,151.21224542485456,0.0,1.0,0.0,0.0,0.0,0.0,0.0,0.0,3.0,4.0,0.0,11.0,0.0,0.0,0.0,0.0,0.0,2324.48844819889,20175.209821428572,0.0,0.0,nothing,29.0,0.0,0,8.33975414868668
88be0e36e7fffff,-33.93905976194039,151.20136129329535,0.0,1.0,0.0,2.0,0.0,0.0,0.0,0.0,1.0,7.0,0.0,6.0,0.0,1.0,0.0,0.0,0.0,15459.02742264519,47751.88888888889,0.0,0.0,nothing,17.0,132000.0,0,8.325131285815978
88be0e36e9fffff,-33.9558236489016,151.20992541082794,0.0,1.0,0.0,2.0,0.0,0.0,0.0,0.0,0.0,1.0,0.0,7.0,0.0,0.0,0.0,0.0,0.0,5794.321406448879,0.0,0.0,0.0,nothing,8.0,132000.0,0,10.08515346200205
88be0e36ebfffff,-33.95471411305544,151.1990393144496,2.0,3.0,0.0,2.0,0.0,0.0,0.0,0.0,9.0,7.0,0.0,5.0,0.0,0.0,0.0,1.0,0.0,26611.800374144575,0.0,0.0,0.0,nothing,13.0,0.0,0,10.07327407311877
88be0e36edfffff,-33.948550654780384,151.216528244767,0.0,0.0,0.0,1.0,0.0,0.0,0.0,0.0,0.0,0.0,0.0,0.0,0.0,0.0,0.0,0.0,0.0,2342.81409195682,0.0,0.0,0.0,nothing,0.0,0.0,0,9.2605146489819
88be0e3711fffff,-33.91438846296658,151.27129038526655,3.0,0.0,0.0,9.0,0.0,5.0,1.0,0.0,32.0,7.0,0.0,6.0,0.0,0.0,0.0,0.0,0.0,12236.007523004106,0.0,0.0,0.0,nothing,9.0,0.0,0,7.462920274458804
88be0e3713fffff,-33.913284575709895,151.26040802270822,0.0,0.0,0.0,6.0,0.0,0.0,0.0,1.0,5.0,7.0,0.0,21.0,0.0,1.0,0.0,1.0,0.0,4197.573826539609,0.0,0.0,0.0,nothing,43.0,0.0,0,6.720506419495538
88be0e3717fffff,-33.9060085837589,151.26700356064498,2.0,1.0,0.0,15.0,2.0,2.0,1.0,0.0,35.0,13.0,0.0,14.0,1.0,0.0,0.0,0.0,0.0,0.0,0.0,1.0,2.0,22 kW,14.0,0.0,1,6.520901759287157
88be0e371bfffff,-33.92166468766382,151.264694526593,0.0,0.0,0.0,1.0,0.0,1.0,1.0,0.0,7.0,3.0,0.0,0.0,0.0,0.0,0.0,0.0,0.0,4074.5077055318357,0.0,0.0,0.0,nothing,0.0,0.0,0,7.704218336755797
88be0e3731fffff,-33.89145542084995,151.28019137255902,14.0,12.0,0.0,41.0,4.0,6.0,6.0,0.0,70.0,35.0,0.0,8.0,2.0,3.0,0.0,0.0,0.0,29770.52737131458,0.0,3.0,4.0,22 kW,54.0,0.0,1,6.5860886198242685
88be0e3733fffff,-33.890352470010015,151.26931174180774,8.0,11.0,0.0,95.0,7.0,1.0,2.0,1.0,151.0,79.0,0.0,13.0,0.0,6.0,0.0,0.0,0.0,9719.354507655975,0.0,5.0,6.0,"22 kW, 7 kW",90.0,132000.0,1,5.640216827819675
88be0e3735fffff,-33.88417825092704,151.2867836467254,0.0,0.0,0.0,1.0,0.0,0.0,0.0,0.0,4.0,9.0,0.0,12.0,0.0,0.0,0.0,0.0,0.0,1196.0318845787074,0.0,1.0,1.0,22 kW,14.0,0.0,1,6.846463969080812
88be0e3737fffff,-33.883075925699664,151.27590478354094,6.0,4.0,3.0,20.0,3.0,0.0,4.0,0.0,34.0,35.0,0.0,12.0,0.0,0.0,0.0,0.0,0.0,671.7837316927264,0.0,3.0,3.0,"22 kW, 7 kW",169.0,415.0,1,5.854861158066282
88be0e373bfffff,-33.89873219863308,151.27359801056375,2.0,0.0,0.0,13.0,1.0,1.0,3.0,0.0,49.0,45.0,0.0,14.0,0.0,1.0,0.0,0.0,0.0,472.403866816418,0.0,0.0,0.0,nothing,23.0,0.0,0,6.475024020840553
88be0eacb3fffff,-33.999944975023595,151.25313654669628,0.0,0.0,0.0,0.0,0.0,0.0,0.0,0.0,0.0,1.0,0.0,0.0,0.0,0.0,0.0,0.0,0.0,0.0,0.0,0.0,0.0,nothing,0.0,0.0,0,15.341525817460735
