h3_index,latitude,longitude,bike_amenities,car_amenities,children_amenity,food_amenities,health_amenity,home_amenities,infrastructure_amenities,leisure_amenities,needs_amenities,other_amenities,pet_amenity,public_transport,shops_amenities,social_amenities,study_amenity,water_amenities,work_amenity,parking_area,traffic_count,number_stations,highway,subway,voltage,has_charging_station,distance_to_center
88194ac001fffff,51.324623374676925,-0.12928906783754526,0.0,0.0,0.0,1.0,3.0,0.0,0.0,0.0,3.0,6.0,0.0,10.0,0.0,2.0,0.0,0.0,0.0,5803.188433689107,24827.5,0.0,5.0,0.0,0.0,0,17.854568629829952
88194ac003fffff,51.31685868394604,-0.12504292502196285,0.0,0.0,0.0,0.0,0.0,0.0,0.0,0.0,2.0,0.0,0.0,10.0,0.0,0.0,0.0,0.0,0.0,54102.6572812768,0.0,0.0,0.0,0.0,0.0,0,18.71001220208069
88194ac005fffff,51.32670344133692,-0.1414437812039023,0.0,0.0,0.0,0.0,1.0,0.0,0.0,0.0,2.0,0.0,0.0,4.0,0.0,0.0,0.0,0.0,0.0,2919.3411949736296,17123.666666666668,0.0,0.0,0.0,0.0,0,17.674545124645803
88194ac007fffff,51.31893888729303,-0.1371953962985816,18.0,0.0,0.0,11.0,0.0,1.0,0.0,0.0,27.0,11.0,0.0,26.0,3.0,0.0,0.0,0.0,0.0,64926.18073456418,17536.125,0.0,29.0,0.0,0.0,0,18.513999795469093
88194ac009fffff,51.33030665907824,-0.12138171246229242,6.0,0.0,0.0,6.0,0.0,0.0,0.0,0.0,7.0,23.0,0.0,11.0,0.0,0.0,0.0,0.0,0.0,14612.684035428845,2796.9375,1.0,7.0,0.0,0.0,1,17.210841866875185
88194ac00bfffff,51.32254223017001,-0.11713650800221453,0.0,0.0,1.0,0.0,0.0,0.0,0.0,0.0,2.0,0.0,0.0,5.0,0.0,0.0,0.0,0.0,0.0,0.0,4147.833333333333,0.0,0.0,0.0,0.0,0,18.07549949013611
88194ac00dfffff,51.3323876670087,-0.1335365147121072,0.0,0.0,0.0,0.0,0.0,0.0,0.0,0.0,5.0,0.0,0.0,14.0,0.0,1.0,0.0,0.0,0.0,2919.3411949736296,4182.0,0.0,0.0,0.0,0.0,0,17.005154809874536
88194ac011fffff,51.30701217855616,-0.1086500086937225,0.0,0.0,0.0,1.0,0.0,0.0,0.0,0.0,1.0,2.0,0.0,10.0,0.0,0.0,0.0,0.0,0.0,2772.613286472574,0.0,0.0,0.0,0.0,0.0,0,19.817935836451504
88194ac013fffff,51.29924655662452,-0.1044087127383407,0.0,0.0,0.0,0.0,0.0,0.0,0.0,0.0,2.0,0.0,1.0,0.0,0.0,0.0,0.0,0.0,0.0,7262.145707149376,0.0,0.0,0.0,0.0,0.0,0,20.694617045782852
88194ac015fffff,51.3090935952031,-0.12079808571150717,5.0,0.0,0.0,4.0,2.0,0.0,0.0,1.0,5.0,8.0,0.0,9.0,0.0,5.0,0.0,0.0,0.0,17513.83723467116,8945.0,0.0,9.0,0.0,0.0,0,19.570698679126156
88194ac017fffff,51.3013281088352,-0.11655454935261327,3.0,0.0,0.0,4.0,3.0,0.0,0.0,0.0,4.0,10.0,0.0,17.0,0.0,2.0,0.0,0.0,0.0,7484.510627463875,1679.2666666666667,0.0,1.0,0.0,0.0,0,20.43596929448378
88194ac019fffff,51.312695045645036,-0.10074444254470433,0.0,0.0,0.0,0.0,0.0,0.0,0.0,0.0,1.0,2.0,0.0,0.0,0.0,0.0,0.0,0.0,0.0,0.0,0.0,0.0,0.0,0.0,0.0,0,19.21672488723709
88194ac01bfffff,51.30492968554763,-0.09650408503508325,0.0,0.0,0.0,0.0,0.0,0.0,0.0,0.0,4.0,4.0,0.0,0.0,0.0,0.0,0.0,0.0,0.0,3564.3277646321385,0.0,0.0,0.0,0.0,0.0,0,20.100504394173164
88194ac01dfffff,51.31477740320033,-0.11289260693056298,0.0,0.0,0.0,1.0,0.0,0.0,0.0,0.0,3.0,2.0,0.0,2.0,0.0,1.0,0.0,0.0,0.0,0.0,0.0,0.0,0.0,0.0,0.0,0,18.944730128468546
88194ac021fffff,51.323096059434484,-0.16150679632139067,0.0,0.0,0.0,0.0,0.0,2.0,0.0,0.0,1.0,1.0,0.0,7.0,0.0,0.0,0.0,0.0,0.0,2393.6655818467493,0.0,0.0,0.0,0.0,0.0,0,18.24288038165562
88194ac023fffff,51.31533138108424,-0.15725523171701603,1.0,0.0,0.0,0.0,0.0,0.0,0.0,0.0,4.0,1.0,0.0,8.0,1.0,0.0,0.0,0.0,0.0,446.95998166858726,3601.0,0.0,0.0,0.0,0.0,0,19.05385627973942
88194ac029fffff,51.32878242956078,-0.15360064757948272,1.0,0.0,0.0,1.0,0.0,0.0,0.0,0.0,3.0,2.0,0.0,3.0,1.0,3.0,0.0,0.0,0.0,8108.2775599435645,0.0,0.0,1.0,0.0,0.0,0,17.536700286307592
88194ac02bfffff,51.321018012652196,-0.14935002023913954,7.0,1.0,1.0,4.0,2.0,0.0,0.0,0.0,6.0,11.0,0.0,12.0,0.0,1.0,0.0,0.0,0.0,4545.35325366629,8546.8,0.0,1.0,0.0,0.0,0,18.357943706620585
88194ac02dfffff,51.330860338759315,-0.1657596664415131,0.0,0.0,0.0,0.0,0.0,0.0,0.0,0.0,0.0,4.0,0.0,2.0,0.0,0.0,0.0,0.0,0.0,3645.769083336104,0.0,0.0,1.0,0.0,0.0,0,17.44204567789628
88194ac031fffff,51.30548798315976,-0.14085267954122424,0.0,0.0,0.0,0.0,0.0,0.0,0.0,0.0,10.0,0.0,0.0,2.0,0.0,0.0,0.0,0.0,0.0,397.93823425730193,702.6,0.0,4.0,0.0,0.0,0,20.024423510627123
88194ac033fffff,51.29772237135038,-0.13660596507590472,1.0,0.0,0.0,1.0,0.0,0.0,0.0,0.0,12.0,7.0,0.0,0.0,0.0,0.0,0.0,0.0,0.0,3587.232105384507,0.0,0.0,0.0,0.0,0.0,0,20.867751098170547
88194ac035fffff,51.30756630409591,-0.15300497207415312,0.0,0.0,0.0,0.0,0.0,0.0,0.0,0.0,4.0,0.0,0.0,1.0,0.0,0.0,0.0,0.0,0.0,0.0,0.0,0.0,0.0,0.0,0.0,0,19.87373570663834
88194ac037fffff,51.29980082885683,-0.1487560168388267,0.0,1.0,0.0,0.0,0.0,0.0,0.0,0.0,0.0,1.0,0.0,1.0,0.0,0.0,0.0,0.0,0.0,0.0,35004.833333333336,0.0,3.0,0.0,0.0,0,20.701464435207484
88194ac039fffff,51.311173934899415,-0.13294831556864764,0.0,0.0,0.0,0.0,0.0,0.0,0.0,0.0,19.0,1.0,0.0,13.0,0.0,0.0,0.0,0.0,0.0,23256.44710336155,2962.2,0.0,0.0,0.0,0.0,0,19.36015694899007
88194ac03bfffff,51.30340858454324,-0.12870253846031657,0.0,0.0,0.0,0.0,1.0,0.0,0.0,0.0,2.0,0.0,0.0,4.0,0.0,0.0,0.0,0.0,0.0,3311.3523486880285,0.0,0.0,0.0,0.0,0.0,0,20.212178531823085
88194ac03dfffff,51.31325319705612,-0.14510069774439066,0.0,0.0,0.0,0.0,0.0,0.0,0.0,0.0,2.0,0.0,0.0,7.0,0.0,0.0,0.0,0.0,0.0,12727.992909561937,0.0,0.0,4.0,0.0,0.0,0,19.187529123474853
88194ac041fffff,51.343752508795575,-0.11771889976285298,2.0,0.0,1.0,1.0,3.0,0.0,0.0,0.0,3.0,2.0,0.0,8.0,0.0,0.0,0.0,0.0,0.0,8436.093619216894,26432.666666666668,0.0,13.0,0.0,0.0,0,15.715460356558628
88194ac043fffff,51.335988740367576,-0.11347333027400441,18.0,2.0,0.0,34.0,3.0,0.0,1.0,0.0,16.0,77.0,0.0,23.0,1.0,3.0,1.0,0.0,0.0,79252.58147440731,22135.75,1.0,23.0,0.0,0.0,1,16.584633403923803
88194ac045fffff,51.34583432116248,-0.1298760337636531,0.0,0.0,0.0,0.0,0.0,0.0,0.0,0.0,4.0,1.0,0.0,2.0,0.0,1.0,0.0,0.0,0.0,2250.2520875137316,8683.5,0.0,1.0,0.0,0.0,0,15.498284141838232
88194ac047fffff,51.338070689538036,-0.1256282208647104,0.0,0.0,0.0,0.0,5.0,0.0,1.0,0.0,6.0,1.0,0.0,7.0,0.0,1.0,0.0,0.0,0.0,0.0,0.0,0.0,3.0,0.0,0.0,0,16.35147814855266
88194ac049fffff,51.349433124652116,-0.10980855150788117,0.0,0.0,0.0,0.0,0.0,0.0,0.0,0.0,4.0,0.0,0.0,7.0,0.0,0.0,0.0,0.0,0.0,0.0,9733.923076923076,0.0,6.0,0.0,0.0,0,15.099316741651378
88194ac04bfffff,51.341669618415715,-0.10556392137406782,0.0,2.0,0.0,1.0,0.0,0.0,0.0,0.0,6.0,1.0,0.0,7.0,0.0,0.0,0.0,0.0,0.0,15230.783431438325,2117.0,0.0,10.0,0.0,0.0,0,15.977987650233263
88194ac04dfffff,51.35151587833908,-0.12196577363140976,0.0,0.0,0.0,0.0,0.0,0.0,0.0,0.0,4.0,4.0,0.0,0.0,0.0,1.0,0.0,0.0,0.0,39816.768102942086,0.0,0.0,0.0,0.0,0.0,0,14.85157554231586
88194ac051fffff,51.32614141068913,-0.09707857167753665,5.0,0.0,0.0,4.0,0.0,0.0,0.0,0.0,9.0,18.0,0.0,7.0,0.0,0.0,0.0,0.0,0.0,16035.351571405123,12599.8,1.0,2.0,0.0,0.0,1,17.745797586017037
88194ac053fffff,51.318376709972505,-0.09283785100705712,0.0,0.0,0.0,0.0,0.0,0.0,0.0,0.0,3.0,3.0,0.0,9.0,0.0,0.0,0.0,0.0,0.0,9948.830400769884,0.0,1.0,2.0,0.0,0.0,1,18.633951569763994
88194ac055fffff,51.32822457344191,-0.10922906461062702,1.0,0.0,0.0,4.0,0.0,0.0,0.0,0.0,5.0,9.0,0.0,12.0,0.0,0.0,0.0,0.0,0.0,1693.8248081830614,9096.0,1.0,1.0,0.0,0.0,1,17.45830916962953
88194ac057fffff,51.32046000840544,-0.10498610221875293,0.0,0.0,0.0,0.0,0.0,0.0,0.0,0.0,3.0,0.0,0.0,1.0,0.0,2.0,0.0,0.0,0.0,1203.291352482152,205.0,0.0,0.0,0.0,0.0,0,18.335848110158825
88194ac059fffff,51.33182160992228,-0.08917001540855678,0.0,0.0,0.0,2.0,0.0,0.0,0.0,0.0,1.0,3.0,0.0,8.0,1.0,0.0,0.0,0.0,0.0,1035.9234713418043,0.0,0.0,1.0,0.0,0.0,0,17.176505002289428
88194ac05bfffff,51.32405717140937,-0.0849302341824717,0.0,0.0,0.0,0.0,0.0,0.0,0.0,0.0,4.0,1.0,0.0,0.0,0.0,0.0,0.0,0.0,0.0,0.0,0.0,0.0,0.0,0.0,0.0,0,18.07138606500578
88194ac05dfffff,51.33390571363247,-0.10132059494862923,1.0,0.0,0.0,0.0,1.0,0.0,0.0,0.0,5.0,2.0,0.0,6.0,1.0,1.0,0.0,0.0,0.0,0.0,1712.9,0.0,0.0,0.0,0.0,0,16.860329019278133
88194ac061fffff,51.34223135282699,-0.1499444657573237,0.0,0.0,0.0,0.0,0.0,0.0,0.0,0.0,0.0,0.0,0.0,3.0,0.0,0.0,0.0,0.0,0.0,45637.724957055776,14729.791666666666,0.0,2.0,0.0,0.0,0,16.019931214824187
88194ac063fffff,51.33446759664395,-0.1456934708386979,0.0,0.0,0.0,0.0,0.0,0.0,0.0,0.0,1.0,0.0,0.0,2.0,0.0,2.0,0.0,0.0,0.0,2919.3411949736296,624.0,0.0,0.0,0.0,0.0,0,16.842790682888364
88194ac065fffff,51.34431006576657,-0.162105819014475,0.0,0.0,0.0,0.0,0.0,0.0,0.0,0.0,0.0,2.0,0.0,0.0,0.0,0.0,0.0,0.0,0.0,6455.437553699099,0.0,0.0,1.0,0.0,0.0,0,15.924370805055009
88194ac067fffff,51.336546447394625,-0.15785258031973895,0.0,0.0,0.0,0.0,0.0,0.0,0.0,0.0,0.0,0.0,0.0,0.0,0.0,0.0,0.0,0.0,0.0,0.0,22821.625,0.0,0.0,0.0,0.0,0,16.725023263893686
88194ac069fffff,51.34791505492683,-0.1420353228549802,0.0,0.0,0.0,0.0,0.0,1.0,0.0,0.0,6.0,1.0,0.0,11.0,1.0,0.0,0.0,0.0,0.0,0.0,1426.5,0.0,7.0,0.0,0.0,0,15.328399867593067
88194ac06bfffff,51.34015156055434,-0.1377852661997824,0.0,0.0,0.0,0.0,0.0,0.0,0.0,0.0,3.0,0.0,0.0,7.0,0.0,0.0,0.0,0.0,0.0,0.0,17719.5,0.0,0.0,0.0,0.0,0,16.162716790357017
88194ac06dfffff,51.34999470949899,-0.15419676651441913,0.0,0.0,0.0,0.0,0.0,1.0,0.0,0.0,4.0,0.0,0.0,3.0,0.0,0.0,0.0,0.0,0.0,16813.41956234508,1778.4545454545455,0.0,2.0,0.0,0.0,0,15.207405740304248
88194ac0cdfffff,51.29716392850014,-0.0922650291367716,0.0,0.0,0.0,0.0,0.0,0.0,0.0,0.0,3.0,0.0,0.0,0.0,0.0,0.0,0.0,0.0,0.0,0.0,0.0,0.0,0.0,0.0,0.0,0,20.986823475750295
88194ac0e1fffff,51.28787669149197,-0.12021489289468944,0.0,0.0,0.0,0.0,0.0,0.0,0.0,0.0,0.0,1.0,0.0,0.0,0.0,0.0,0.0,0.0,0.0,0.0,0.0,0.0,0.0,0.0,0.0,0,21.93109007491389
88194ac0e9fffff,51.293562225229444,-0.11231231539199453,0.0,1.0,0.0,1.0,0.0,0.0,0.0,0.0,9.0,2.0,0.0,2.0,0.0,0.0,0.0,0.0,0.0,8699.025884066601,9717.5,0.0,0.0,0.0,0.0,0,21.30526903080771
88194ac0edfffff,51.295642836611684,-0.1244580644200754,0.0,0.0,0.0,0.0,0.0,0.0,0.0,0.0,19.0,3.0,0.0,3.0,0.0,0.0,0.0,0.0,0.0,0.0,0.0,0.0,0.0,0.0,0.0,0,21.069356647850572
88194ac101fffff,51.339161173518356,-0.21441725626506244,0.0,0.0,0.0,0.0,0.0,0.0,0.0,0.0,1.0,0.0,0.0,0.0,0.0,0.0,0.0,0.0,0.0,0.0,0.0,0.0,0.0,0.0,0.0,0,17.5047787615304
88194ac103fffff,51.33139744901488,-0.21015541158889184,0.0,0.0,0.0,0.0,0.0,0.0,0.0,0.0,0.0,0.0,0.0,2.0,0.0,0.0,0.0,0.0,0.0,11309.116346940262,0.0,0.0,0.0,0.0,0.0,0,18.204171378505713
88194ac107fffff,51.333470094078244,-0.22232294051236812,0.0,0.0,0.0,0.0,0.0,0.0,0.0,0.0,3.0,0.0,0.0,8.0,0.0,0.0,0.0,0.0,0.0,0.0,0.0,0.0,0.0,0.0,0.0,0,18.300269417414945
88194ac109fffff,51.344851049766724,-0.20651054130789703,2.0,0.0,0.0,1.0,1.0,0.0,0.0,0.0,5.0,8.0,0.0,5.0,0.0,1.0,0.0,0.0,0.0,2268.7079028182443,4127.0,0.0,12.0,0.0,0.0,0,16.713665903287854
88194ac10bfffff,51.33708758631195,-0.20224963270416466,0.0,0.0,0.0,0.0,0.0,0.0,0.0,0.0,1.0,0.0,0.0,2.0,0.0,0.0,0.0,0.0,0.0,633.5713932949905,1681.5,0.0,0.0,0.0,0.0,0,17.422772690169268
88194ac10dfffff,51.346924497256204,-0.21868040969242816,0.0,0.0,0.0,0.0,0.0,0.0,0.0,0.0,1.0,0.0,0.0,1.0,0.0,0.0,0.0,0.0,0.0,0.0,0.0,0.0,0.0,0.0,0.0,0,16.82593063373994
88194ac141fffff,51.358302524075704,-0.20286407635094184,1.0,1.0,0.0,0.0,1.0,0.0,0.0,0.0,11.0,4.0,1.0,7.0,2.0,1.0,0.0,0.0,0.0,6408.058427391212,14583.486486486487,0.0,1.0,0.0,0.0,0,15.22884638245726
88194ac143fffff,51.350539722693064,-0.1986027957404863,2.0,0.0,0.0,0.0,0.0,0.0,0.0,0.0,8.0,0.0,0.0,12.0,0.0,0.0,0.0,0.0,0.0,16727.78511516543,332.45454545454544,0.0,7.0,0.0,0.0,0,15.927567681400957
88194ac145fffff,51.360376773844685,-0.2150362849807609,21.0,2.0,0.0,26.0,2.0,0.0,0.0,2.0,11.0,79.0,0.0,14.0,3.0,2.0,0.0,0.0,0.0,18773.279984697576,18200.979591836734,0.0,8.0,0.0,0.0,0,15.360361573542075
88194ac147fffff,51.35261411240679,-0.21077275854816765,6.0,1.0,0.0,3.0,1.0,1.0,0.0,0.0,11.0,2.0,0.0,5.0,5.0,1.0,0.0,0.0,0.0,6695.433467967292,26505.583333333332,0.0,5.0,0.0,0.0,0,16.02526894721073
88194ac149fffff,51.36398973213289,-0.19495436320050039,27.0,10.0,0.0,47.0,5.0,0.0,2.0,4.0,21.0,108.0,0.0,17.0,3.0,13.0,0.0,0.0,0.0,47263.22300499445,15579.470588235294,0.0,32.0,0.0,0.0,0,14.43734739304957
88194ac14bfffff,51.356227192167246,-0.1906940196626313,9.0,5.0,0.0,19.0,4.0,0.0,0.0,0.0,17.0,21.0,0.0,24.0,5.0,3.0,0.0,0.0,1.0,35132.60091332173,9132.030303030304,0.0,8.0,0.0,0.0,0,15.147248549157828
88194ac14dfffff,51.36606492420727,-0.20712666603889193,7.0,1.0,0.0,2.0,0.0,0.0,0.0,0.0,3.0,2.0,0.0,6.0,0.0,0.0,0.0,0.0,0.0,9691.233121595673,1149.7272727272727,0.0,3.0,0.0,0.0,0,14.553924443672663
88194ac151fffff,51.34070090988522,-0.1821772572509767,0.0,0.0,0.0,0.0,0.0,0.0,0.0,0.0,2.0,0.0,0.0,3.0,0.0,0.0,0.0,0.0,0.0,0.0,0.0,0.0,0.0,0.0,0.0,0,16.626758912270517
88194ac155fffff,51.3427765204467,-0.19434282365169797,4.0,1.0,0.0,1.0,1.0,0.0,0.0,0.0,3.0,6.0,0.0,13.0,1.0,0.0,0.0,0.0,0.0,84113.05626659156,0.0,0.0,6.0,0.0,0.0,0,16.647096394825127
88194ac159fffff,51.346387698783666,-0.17426932544740473,0.0,0.0,0.0,0.0,0.0,0.0,0.0,0.0,3.0,0.0,0.0,6.0,0.0,0.0,0.0,0.0,0.0,9507.027654852594,0.0,0.0,2.0,0.0,0.0,0,15.876900950440293
88194ac15bfffff,51.33862421867146,-0.17001384263191302,1.0,0.0,0.0,1.0,0.0,0.0,0.0,0.0,3.0,1.0,0.0,0.0,0.0,0.0,0.0,0.0,0.0,26335.595787094368,8708.636363636364,0.0,5.0,0.0,0.0,0,16.652810793385935
88194ac15dfffff,51.34846425128893,-0.1864349845313273,0.0,0.0,0.0,0.0,0.0,0.0,0.0,0.0,6.0,0.0,0.0,6.0,0.0,0.0,0.0,0.0,0.0,31205.987460068485,2288.375,0.0,3.0,0.0,0.0,0,15.877965621393967
88194ac169fffff,51.362449940884865,-0.22721064502389066,1.0,0.0,0.0,1.0,0.0,1.0,0.0,0.0,4.0,5.0,0.0,0.0,0.0,0.0,0.0,0.0,0.0,5827.598676872865,0.0,0.0,0.0,0.0,0.0,0,15.540539761169622
88194ac16bfffff,51.35468741984089,-0.22294487242670505,1.0,1.0,0.0,1.0,0.0,0.0,0.0,0.0,2.0,0.0,0.0,2.0,0.0,0.0,0.0,0.0,0.0,13536.373235912331,12892.458333333334,0.0,1.0,0.0,0.0,0,16.17020998700513
88194ac16dfffff,51.36452202460696,-0.2393871559511509,0.0,0.0,0.0,0.0,0.0,0.0,0.0,0.0,1.0,0.0,0.0,1.0,0.0,0.0,0.0,0.0,0.0,0.0,0.0,0.0,1.0,0.0,0.0,0,15.76772552004085
88194ac1e5fffff,51.30448387276153,-0.2174403721876368,0.0,0.0,0.0,0.0,0.0,0.0,0.0,0.0,0.0,0.0,0.0,0.0,0.0,0.0,0.0,0.0,0.0,0.0,0.0,1.0,0.0,0.0,0.0,1,21.197630206990638
88194ac201fffff,51.36438109561783,-0.07391602069165644,2.0,1.0,0.0,0.0,0.0,0.0,0.0,0.0,13.0,1.0,0.0,0.0,0.0,1.0,0.0,0.0,0.0,20823.946237222,17266.666666666668,0.0,3.0,0.0,400000.0,0,13.79712575364846
88194ac203fffff,51.35661824100194,-0.06967645563114545,0.0,0.0,0.0,0.0,0.0,0.0,0.0,0.0,3.0,5.0,0.0,4.0,0.0,0.0,0.0,0.0,0.0,0.0,7031.0,0.0,2.0,0.0,400000.0,0,14.705983324685137
88194ac205fffff,51.36646775052666,-0.08607134484032582,1.0,0.0,1.0,0.0,0.0,0.0,0.0,0.0,32.0,2.0,0.0,9.0,0.0,2.0,0.0,0.0,0.0,3876.205229998997,20771.28,0.0,3.0,0.0,400000.0,0,13.396952458885227
88194ac207fffff,51.358705031823284,-0.08182953542081177,0.0,0.0,0.0,0.0,0.0,0.0,0.0,0.0,4.0,3.0,0.0,6.0,0.0,2.0,0.0,0.0,0.0,9154.419527742046,1402.0,0.0,1.0,0.0,400000.0,0,14.299770812911097
88194ac209fffff,51.37005595552762,-0.06600147976045105,0.0,0.0,0.0,0.0,0.0,0.0,0.0,0.0,1.0,0.0,0.0,0.0,0.0,0.0,0.0,0.0,0.0,1155.635582651239,0.0,0.0,0.0,0.0,0.0,0,13.328333753985675
88194ac20bfffff,51.36229336385278,-0.06176285614468025,1.0,3.0,0.0,0.0,0.0,0.0,0.0,0.0,1.0,2.0,0.0,4.0,0.0,0.0,0.0,0.0,0.0,12000.473610668585,16386.444444444445,0.0,2.0,0.0,400000.0,0,14.240188431195877
88194ac20dfffff,51.3721435514909,-0.07815688898986356,2.0,0.0,0.0,1.0,0.0,0.0,0.0,0.0,8.0,1.0,0.0,7.0,0.0,0.0,0.0,0.0,0.0,11853.190771796815,17293.882352941175,0.0,9.0,0.0,0.0,0,12.88884517581274
88194ac211fffff,51.346766985673206,-0.053289516054608736,0.0,0.0,0.0,0.0,0.0,0.0,0.0,0.0,6.0,1.0,0.0,12.0,0.0,0.0,0.0,0.0,0.0,3153.095221466289,1418.3333333333333,4.0,6.0,0.0,132000.0,1,16.06426370548919
88194ac213fffff,51.339003199941025,-0.04905479847258548,0.0,0.0,0.0,0.0,0.0,0.0,0.0,0.0,2.0,0.0,0.0,11.0,0.0,0.0,0.0,0.0,0.0,1924.4991092484622,0.0,0.0,0.0,0.0,0.0,0,16.97645382883093
88194ac215fffff,51.34885498802958,-0.0654381932540914,0.0,0.0,0.0,0.0,1.0,0.0,0.0,0.0,4.0,2.0,0.0,6.0,0.0,0.0,0.0,0.0,0.0,1112.173574097897,0.0,3.0,1.0,0.0,400000.0,1,15.61532195764047
88194ac217fffff,51.34109133708713,-0.061201233006550886,6.0,1.0,0.0,4.0,2.0,0.0,0.0,1.0,3.0,7.0,0.0,16.0,0.0,1.0,0.0,0.0,0.0,18248.299671373417,18330.548387096773,0.0,5.0,0.0,0.0,0,16.52506678077669
88194ac219fffff,51.35244143072534,-0.045376774326854635,1.0,0.0,0.0,0.0,0.0,0.0,0.0,0.0,3.0,7.0,0.0,10.0,0.0,0.0,0.0,0.0,1.0,8435.213496705142,1688.0,0.0,4.0,0.0,400000.0,0,15.63489826094229
88194ac21bfffff,51.34467790794695,-0.04114299827531562,0.0,0.0,0.0,1.0,0.0,0.0,0.0,0.0,2.0,2.0,0.0,15.0,0.0,0.0,0.0,0.0,0.0,1804.2095835480354,5016.0,3.0,1.0,0.0,132000.0,1,16.547573158059027
88194ac21dfffff,51.354530373772555,-0.05752553509406302,3.0,0.0,0.0,0.0,0.0,0.0,0.0,0.0,12.0,15.0,0.0,2.0,0.0,0.0,0.0,0.0,0.0,2977.2218524497416,0.0,0.0,2.0,0.0,400000.0,0,15.152170770231274
88194ac221fffff,51.3628753818812,-0.10614217068398245,0.0,0.0,0.0,0.0,0.0,0.0,0.0,0.0,6.0,4.0,0.0,9.0,0.0,0.0,0.0,0.0,0.0,11037.447275586037,9351.0,0.0,10.0,0.0,400000.0,0,13.6212904193486
88194ac223fffff,51.35511253697868,-0.1018971762013109,7.0,1.0,4.0,14.0,2.0,0.0,0.0,0.0,8.0,41.0,0.0,11.0,0.0,2.0,0.0,0.0,0.0,20662.683927639035,10498.0,0.0,7.0,0.0,0.0,0,14.50556304966927
88194ac225fffff,51.36495893993756,-0.11830172511810011,8.0,2.0,0.0,4.0,1.0,0.0,0.0,0.0,5.0,24.0,0.0,18.0,2.0,0.0,0.0,0.0,0.0,85960.8890310497,26215.625,0.0,44.0,0.0,400000.0,0,13.355858790912604
88194ac227fffff,51.357196231954966,-0.11405448590436579,5.0,0.0,0.0,5.0,0.0,0.0,0.0,0.0,3.0,9.0,0.0,5.0,0.0,0.0,0.0,0.0,0.0,114856.24438634141,30360.541666666668,0.0,15.0,0.0,0.0,0,14.224991194423888
88194ac229fffff,51.368553327988984,-0.0982288280719193,22.0,12.0,0.0,20.0,4.0,0.0,0.0,3.0,15.0,52.0,0.0,19.0,1.0,1.0,0.0,0.0,0.0,65186.45906091934,20126.82474226804,2.0,59.0,0.0,400000.0,1,13.043632042426974
88194ac22bfffff,51.36079074564642,-0.09398477394482925,8.0,1.0,0.0,4.0,1.0,0.0,0.0,0.0,11.0,29.0,0.0,19.0,2.0,2.0,0.0,0.0,1.0,18446.817272624154,17779.02857142857,0.0,30.0,0.0,400000.0,0,13.937043458842865
88194ac22dfffff,51.370637827414576,-0.11038846986669444,3.0,0.0,1.0,4.0,0.0,0.0,0.0,0.0,17.0,11.0,0.0,11.0,5.0,0.0,1.0,0.0,1.0,5292.545923067914,21122.41176470588,0.0,16.0,0.0,400000.0,0,12.741078678120756
88194ac231fffff,51.34526438425334,-0.08550057721994991,0.0,0.0,0.0,0.0,1.0,0.0,0.0,0.0,7.0,7.0,0.0,0.0,0.0,1.0,0.0,0.0,0.0,1292.8636790837334,0.0,0.0,0.0,0.0,0.0,0,15.73063145223602
88194ac233fffff,51.33750060597591,-0.08126043351361803,0.0,0.0,0.0,0.0,1.0,0.0,0.0,0.0,4.0,1.0,0.0,12.0,0.0,1.0,0.0,0.0,0.0,1881.9985347039399,0.0,0.0,6.0,0.0,0.0,0,16.630087450281135
88194ac235fffff,51.3473492930936,-0.0976534858640356,9.0,3.0,2.0,6.0,4.0,0.0,0.0,0.0,6.0,26.0,0.0,10.0,0.0,2.0,0.0,0.0,1.0,17783.836407315423,1575.0,0.0,4.0,0.0,0.0,0,15.39320163695455
88194ac237fffff,51.339585650612584,-0.09341109911780919,0.0,0.0,0.0,0.0,0.0,0.0,0.0,0.0,4.0,0.0,0.0,4.0,0.0,0.0,0.0,0.0,0.0,0.0,0.0,0.0,0.0,0.0,0.0,0,16.28366036327774
88194ac239fffff,51.35094191442598,-0.07758902935701098,0.0,0.0,0.0,0.0,0.0,0.0,0.0,0.0,4.0,1.0,0.0,5.0,0.0,0.0,0.0,0.0,0.0,0.0,6698.0,0.0,0.0,0.0,0.0,0,15.203805906878326
88194ac23bfffff,51.343178398721214,-0.07334982609473728,0.0,0.0,0.0,0.0,0.0,0.0,0.0,0.0,4.0,0.0,0.0,6.0,0.0,0.0,0.0,0.0,0.0,0.0,2085.2727272727275,0.0,1.0,0.0,0.0,0,16.108857556292875
88194ac23dfffff,51.35302776427236,-0.08974202384564257,0.0,0.0,0.0,0.0,0.0,1.0,0.0,0.0,4.0,1.0,0.0,9.0,0.0,0.0,0.0,0.0,1.0,0.0,0.0,0.0,1.0,0.0,0.0,0,14.832844407576424
88194ac241fffff,51.383491541158286,-0.062324897460251494,7.0,0.0,0.0,12.0,1.0,2.0,0.0,1.0,8.0,30.0,1.0,13.0,0.0,2.0,2.0,0.0,0.0,0.0,24352.5,0.0,6.0,0.0,0.0,0,11.984526018816041
88194ac243fffff,51.37572961142447,-0.058085912729677835,2.0,1.0,0.0,2.0,4.0,0.0,0.0,0.0,3.0,8.0,0.0,11.0,0.0,0.0,0.0,0.0,0.0,5809.58496588124,21862.160714285714,0.0,5.0,0.0,0.0,0,12.897067737475666
88194ac245fffff,51.3855799421162,-0.07448263690499113,2.0,0.0,0.0,1.0,1.0,0.0,0.0,0.0,15.0,4.0,1.0,6.0,0.0,1.0,0.0,0.0,0.0,8147.511994012135,4680.181818181818,0.0,8.0,0.0,0.0,0,11.505102620664546
88194ac247fffff,51.37781814841083,-0.0702414064956973,4.0,1.0,1.0,14.0,2.0,0.0,0.0,0.0,7.0,39.0,0.0,11.0,1.0,1.0,0.0,0.0,0.0,0.0,17645.0,0.0,5.0,0.0,0.0,0,12.416628803186061
88194ac249fffff,51.38916372960528,-0.05440736198613719,2.0,0.0,1.0,3.0,2.0,0.0,0.0,0.0,9.0,9.0,0.0,10.0,1.0,0.0,0.0,0.0,1.0,13277.04150344659,20628.8064516129,0.0,7.0,0.0,0.0,0,11.59700026833514
88194ac24bfffff,51.38140206318034,-0.05016931970199132,1.0,0.0,0.0,0.0,0.0,0.0,0.0,0.0,4.0,0.0,0.0,6.0,0.0,0.0,0.0,0.0,0.0,4887.054599223828,680.7272727272727,0.0,0.0,0.0,0.0,0,12.507190407106027
88194ac24dfffff,51.39125307166562,-0.06656518574645431,9.0,2.0,0.0,0.0,2.0,0.0,0.0,0.0,14.0,4.0,0.0,9.0,2.0,0.0,0.0,0.0,0.0,8137.751839491984,3765.0,0.0,7.0,0.0,0.0,0,11.072021287616604
88194ac251fffff,51.36587753404935,-0.04169714322621223,0.0,0.0,0.0,0.0,0.0,0.0,0.0,0.0,2.0,0.0,0.0,0.0,0.0,0.0,0.0,0.0,0.0,0.0,0.0,0.0,1.0,0.0,0.0,0,14.328549671862982
88194ac253fffff,51.358114672115384,-0.03746300792605603,2.0,0.0,0.0,0.0,0.0,0.0,0.0,0.0,1.0,0.0,0.0,9.0,0.0,0.0,0.0,0.0,0.0,21083.608625947356,0.0,0.0,18.0,0.0,400000.0,0,15.23961167568203
88194ac255fffff,51.36796728285028,-0.053848231000110346,0.0,0.0,0.0,1.0,0.0,0.0,0.0,0.0,2.0,4.0,0.0,5.0,0.0,0.0,0.0,0.0,0.0,956.7595782473131,0.0,0.0,0.0,0.0,0.0,0,13.809644573885087
88194ac257fffff,51.360204555821845,-0.049611851717192124,0.0,0.0,0.0,0.0,0.0,0.0,0.0,0.0,1.0,0.0,0.0,4.0,0.0,0.0,0.0,0.0,0.0,2973.896472183441,0.0,0.0,0.0,0.0,400000.0,0,14.722255112819301
88194ac259fffff,51.37154930832711,-0.03378140972405192,0.0,0.0,0.0,5.0,1.0,0.0,0.0,0.0,7.0,4.0,0.0,12.0,1.0,1.0,0.0,0.0,0.0,0.0,0.0,0.0,1.0,0.0,0.0,0,13.974097662957062
88194ac25bfffff,51.363786709715335,-0.02954821695517859,0.0,0.0,0.0,0.0,0.0,0.0,0.0,0.0,1.0,1.0,0.0,2.0,0.0,0.0,0.0,0.0,0.0,0.0,0.0,0.0,2.0,0.0,0.0,0,14.88110331225139
88194ac25dfffff,51.37363999786635,-0.045932580300149094,3.0,0.0,0.0,13.0,6.0,0.0,0.0,1.0,4.0,40.0,0.0,14.0,1.0,1.0,0.0,0.0,0.0,0.0,14223.97435897436,0.0,9.0,0.0,0.0,0,13.417727147355896
88194ac261fffff,51.381991990305984,-0.09455887596464128,7.0,2.0,1.0,5.0,2.0,1.0,0.0,0.0,2.0,21.0,0.0,13.0,0.0,0.0,0.0,0.0,1.0,48827.30052182405,19905.67469879518,0.0,16.0,0.0,0.0,0,11.596076416325737
88194ac263fffff,51.374230070149686,-0.09031445817001715,25.0,5.0,1.0,54.0,1.0,0.0,0.0,0.0,57.0,29.0,0.0,26.0,0.0,2.0,2.0,0.0,0.0,32761.558291019217,24922.54054054054,0.0,47.0,0.0,0.0,0,12.495608553349658
88194ac265fffff,51.38407729403372,-0.10672085062887775,11.0,0.0,2.0,2.0,1.0,8.0,0.0,1.0,8.0,28.0,0.0,7.0,0.0,2.0,1.0,0.0,0.0,18053.059984038766,13463.32380952381,0.0,19.0,0.0,0.0,0,11.266223615468654
88194ac267fffff,51.37631551091358,-0.10247418678160887,30.0,12.0,2.0,32.0,5.0,0.0,0.0,7.0,25.0,78.0,0.0,39.0,8.0,5.0,1.0,0.0,1.0,96141.17315832102,34402.125,0.0,54.0,0.0,0.0,0,12.153130951406387
88194ac269fffff,51.38766726546339,-0.08664253751777985,4.0,0.0,1.0,2.0,0.0,0.0,0.0,0.0,6.0,2.0,0.0,9.0,0.0,0.0,0.0,0.0,0.0,2917.2769500944914,5951.5,0.0,7.0,0.0,0.0,0,11.07455556422754
88194ac26bfffff,51.37990560823485,-0.08239906108030239,12.0,0.0,1.0,18.0,3.0,0.0,0.0,0.0,7.0,46.0,0.0,13.0,0.0,2.0,0.0,0.0,0.0,8805.538833924937,7586.5,0.0,10.0,0.0,0.0,0,11.981266526329321
88194ac26dfffff,51.38975351060919,-0.09880459877923309,4.0,0.0,0.0,2.0,0.0,14.0,1.0,0.0,6.0,4.0,0.0,11.0,0.0,0.0,0.0,0.0,0.0,12703.601713771339,8269.756756756757,0.0,18.0,0.0,0.0,0,10.69880598396104
88194ac2a1fffff,51.308527102462584,-0.07645457696610408,0.0,0.0,0.0,0.0,0.0,0.0,0.0,0.0,0.0,0.0,0.0,0.0,0.0,0.0,0.0,0.0,0.0,0.0,0.0,1.0,0.0,0.0,0.0,1,19.866171140469255
88194ac2a5fffff,51.31061161186938,-0.08859843238374547,0.0,0.0,0.0,0.0,0.0,0.0,0.0,0.0,5.0,2.0,0.0,2.0,0.0,0.0,0.0,0.0,0.0,0.0,0.0,0.0,0.0,0.0,0.0,0,19.52442832902974
88194ac2adfffff,51.31629233546056,-0.08069175488605951,0.0,0.0,0.0,0.0,0.0,0.0,0.0,0.0,1.0,7.0,0.0,3.0,0.0,0.0,0.0,0.0,0.0,12458.76569581871,382.0,0.0,0.0,0.0,0.0,0,18.96801927164433
88194ac2c9fffff,51.33482370147279,-0.024768407131300477,0.0,0.0,0.0,0.0,0.0,0.0,0.0,0.0,0.0,0.0,0.0,0.0,0.0,0.0,0.0,0.0,0.0,3609.591382737765,0.0,0.0,0.0,0.0,0.0,0,17.973912100224435
88194ac2cdfffff,51.3369139878729,-0.03691052300907638,0.0,0.0,0.0,0.0,0.0,0.0,0.0,0.0,0.0,0.0,0.0,1.0,0.0,0.0,0.0,0.0,0.0,0.0,0.0,0.0,0.0,0.0,0.0,0,17.460279116196894
88194ac2e1fffff,51.32765017393515,-0.0648753257594326,0.0,0.0,0.0,0.0,0.0,0.0,0.0,0.0,2.0,0.0,0.0,3.0,0.0,0.0,0.0,0.0,0.0,9466.098320895171,0.0,0.0,0.0,0.0,0.0,0,17.921411051906652
88194ac2e3fffff,51.319885465626875,-0.06064002757945569,2.0,1.0,1.0,8.0,0.0,0.0,0.0,0.0,1.0,10.0,0.0,3.0,0.0,1.0,0.0,0.0,0.0,0.0,1076.0,0.0,0.0,0.0,0.0,0,18.828684979303773
88194ac2e5fffff,51.329736429826625,-0.07702159217279896,3.0,0.0,1.0,1.0,1.0,0.0,0.0,0.0,3.0,1.0,0.0,5.0,0.0,3.0,0.0,0.0,0.0,13288.216617727083,0.0,0.0,4.0,0.0,0.0,0,17.53095979525966
88194ac2e7fffff,51.32197185619211,-0.07278405264392983,0.0,0.0,0.0,0.0,0.0,0.0,0.0,0.0,0.0,0.0,0.0,2.0,0.0,0.0,0.0,0.0,0.0,0.0,0.0,0.0,0.0,0.0,0.0,0,18.433044887162122
88194ac2e9fffff,51.33332728856096,-0.05696557433483487,0.0,0.0,0.0,0.0,0.0,0.0,0.0,0.0,0.0,0.0,0.0,2.0,0.0,0.0,0.0,0.0,0.0,0.0,0.0,0.0,0.0,0.0,0.0,0,17.43515850955726
88194ac2ebfffff,51.32556284283752,-0.05273121668556399,0.0,0.0,0.0,0.0,0.0,0.0,0.0,0.0,0.0,1.0,0.0,0.0,0.0,0.0,0.0,0.0,0.0,0.0,0.0,0.0,0.0,0.0,0.0,0,18.345549594251793
88194ac2edfffff,51.335414485095434,-0.06911192508008168,0.0,0.0,0.0,0.0,0.0,0.0,0.0,0.0,0.0,0.0,0.0,2.0,0.0,0.0,0.0,0.0,0.0,5027.830855165213,0.0,0.0,0.0,0.0,0.0,0,17.01476795353985
88194ac301fffff,51.37896503294613,-0.15904861224928343,11.0,0.0,0.0,5.0,2.0,0.0,0.0,0.0,24.0,20.0,0.0,14.0,0.0,2.0,0.0,0.0,0.0,61585.09271376214,0.0,0.0,20.0,0.0,0.0,0,12.105601472070086
88194ac303fffff,51.37120313913574,-0.15479332937414772,4.0,0.0,0.0,6.0,0.0,0.0,1.0,0.0,11.0,12.0,0.0,8.0,0.0,0.0,0.0,0.0,0.0,43546.16009021894,12105.806451612903,0.0,17.0,0.0,0.0,0,12.889819563352743
88194ac305fffff,51.38104413333585,-0.17121903903028368,2.0,0.0,1.0,5.0,2.0,0.0,0.0,0.0,7.0,16.0,0.0,12.0,1.0,1.0,0.0,0.0,0.0,6613.520526249194,220.5,0.0,1.0,0.0,0.0,0,12.101821981754961
88194ac307fffff,51.3732823785783,-0.16696150936720724,9.0,1.0,1.0,14.0,5.0,1.0,0.0,0.0,6.0,26.0,0.0,11.0,0.0,1.0,0.0,0.0,0.0,67382.87929389028,9935.0,0.0,19.0,0.0,0.0,0,12.851265745855882
88194ac309fffff,51.38464648321378,-0.15113468512267805,2.0,0.0,0.0,2.0,0.0,0.0,0.0,0.0,3.0,3.0,0.0,0.0,0.0,0.0,0.0,0.0,0.0,15175.455633874933,0.0,4.0,1.0,0.0,275000.0,1,11.372977413914079
88194ac30bfffff,51.37688485156909,-0.14688034141835715,1.0,0.0,0.0,1.0,0.0,0.0,0.0,0.0,0.0,1.0,0.0,2.0,0.0,0.0,0.0,0.0,0.0,2463.251946867244,0.0,0.0,1.0,0.0,0.0,0,12.172913913303212
88194ac30dfffff,51.38672652564876,-0.16330520306827706,6.0,0.0,0.0,0.0,1.0,0.0,0.0,0.0,5.0,0.0,0.0,10.0,0.0,0.0,0.0,0.0,0.0,25778.205134122392,0.0,5.0,4.0,0.0,275000.0,1,11.340691111629972
88194ac311fffff,51.36136038635774,-0.13837557526927172,5.0,0.0,0.0,7.0,2.0,4.0,0.0,0.0,9.0,25.0,0.0,8.0,1.0,1.0,0.0,0.0,0.0,6246.845344815481,20038.727272727272,0.0,15.0,0.0,0.0,0,13.814948370621293
88194ac313fffff,51.353597553564676,-0.13412515171358022,3.0,2.0,0.0,3.0,2.0,0.0,0.0,1.0,6.0,2.0,0.0,8.0,1.0,1.0,0.0,0.0,0.0,3082.99351471246,1420.0625,0.0,10.0,0.0,0.0,0,14.652332527506879
88194ac315fffff,51.36344084460446,-0.15053935388703732,11.0,3.0,0.0,18.0,2.0,5.0,0.0,0.0,5.0,49.0,0.0,12.0,1.0,6.0,0.0,0.0,0.0,38177.25212522683,20321.125,0.0,11.0,0.0,0.0,0,13.690033257325759
88194ac317fffff,51.355678149739184,-0.1462866852324047,12.0,3.0,0.0,17.0,5.0,9.0,0.0,0.0,9.0,71.0,0.0,13.0,0.0,5.0,0.0,0.0,0.0,28914.505142488742,19896.5,0.0,27.0,0.0,0.0,0,14.503600413165433
88194ac319fffff,51.36704141922542,-0.13046343672605737,4.0,0.0,0.0,2.0,0.0,2.0,0.0,0.0,3.0,1.0,0.0,9.0,0.0,0.0,0.0,0.0,0.0,0.0,25523.714285714286,0.0,13.0,0.0,400000.0,0,13.143812845028398
88194ac31bfffff,51.35927884861129,-0.12621395243420716,3.0,0.0,0.0,0.0,1.0,3.0,0.0,0.0,4.0,2.0,0.0,12.0,0.0,2.0,0.0,0.0,0.0,8837.992291064626,12795.545454545454,0.0,11.0,0.0,400000.0,0,13.993952990208674
88194ac31dfffff,51.36912281915482,-0.142627304985754,0.0,0.0,0.0,0.0,0.0,1.0,0.0,0.0,5.0,0.0,0.0,5.0,0.0,0.0,0.0,0.0,0.0,4102.953343957079,0.0,0.0,5.0,0.0,0.0,0,12.987783121585567
88194ac321fffff,51.37743761348883,-0.19130433406644687,2.0,0.0,0.0,0.0,0.0,0.0,0.0,0.0,2.0,10.0,0.0,5.0,0.0,0.0,0.0,0.0,0.0,14645.822378729506,12063.461538461539,1.0,1.0,0.0,275000.0,1,12.953753754008803
88194ac323fffff,51.369675736448436,-0.18704361919679693,4.0,0.0,0.0,2.0,3.0,1.0,0.0,0.0,9.0,13.0,0.0,12.0,0.0,3.0,0.0,0.0,0.0,18107.969164821276,7575.1,0.0,8.0,0.0,0.0,0,13.651610298994013
88194ac325fffff,51.37951360777718,-0.20347897771976955,6.0,0.0,0.0,1.0,0.0,1.0,0.0,0.0,5.0,3.0,0.0,11.0,0.0,1.0,0.0,0.0,0.0,54913.21031103966,173.0,4.0,9.0,0.0,275000.0,1,13.093420499564086
88194ac327fffff,51.3717518707986,-0.19921601570082179,8.0,1.0,0.0,11.0,1.0,0.0,1.0,0.0,6.0,19.0,1.0,23.0,0.0,2.0,0.0,0.0,0.0,79913.2482576714,23491.266666666666,0.0,7.0,0.0,0.0,0,13.751480801707268
88194ac329fffff,51.38312215214825,-0.1833916212358492,8.0,0.0,0.0,7.0,3.0,0.0,0.0,0.0,3.0,6.0,0.0,11.0,0.0,2.0,0.0,0.0,0.0,55909.68696989093,11499.628571428571,4.0,6.0,0.0,275000.0,1,12.161651162418801
88194ac32bfffff,51.37536053689261,-0.179131844439956,4.0,1.0,0.0,4.0,1.0,0.0,0.0,0.0,6.0,7.0,0.0,12.0,0.0,0.0,0.0,0.0,0.0,6714.092249838386,15975.2,0.0,3.0,0.0,0.0,0,12.87267106104925
88194ac32dfffff,51.38519908879341,-0.19556635833949854,7.0,0.0,1.0,1.0,1.0,0.0,0.0,0.0,4.0,6.0,0.0,9.0,0.0,0.0,0.0,0.0,0.0,24167.085425634243,16945.615384615383,1.0,18.0,0.0,275000.0,1,12.284175961295015
88194ac331fffff,51.359836102576146,-0.17061621648718217,16.0,2.0,1.0,19.0,4.0,1.0,0.0,0.0,8.0,55.0,0.0,11.0,2.0,4.0,0.0,0.0,2.0,2910.3663669968487,0.0,0.0,4.0,0.0,0.0,0,14.363469495357634
88194ac333fffff,51.35207328428945,-0.16636036421857311,2.0,0.0,0.0,5.0,1.0,1.0,0.0,0.0,9.0,13.0,0.0,16.0,0.0,4.0,0.0,0.0,0.0,3638.5875601469634,120.58333333333333,0.0,15.0,0.0,0.0,0,15.13648748592876
88194ac335fffff,51.36191345805934,-0.18278421317432814,4.0,1.0,0.0,8.0,1.0,1.0,0.0,0.0,6.0,16.0,0.0,13.0,1.0,0.0,0.0,0.0,1.0,40021.19212375117,17724.46153846154,0.0,11.0,0.0,0.0,0,14.373632566627538
88194ac337fffff,51.354150778708686,-0.17852611544308528,1.0,0.0,0.0,0.0,1.0,0.0,0.0,0.0,8.0,0.0,0.0,5.0,2.0,1.0,0.0,0.0,0.0,1001.9700883259712,10251.2,0.0,0.0,0.0,0.0,0,15.116363189524323
88194ac339fffff,51.36552022276166,-0.16270528776400958,22.0,1.0,0.0,17.0,1.0,3.0,0.0,1.0,13.0,7.0,0.0,13.0,4.0,1.0,0.0,0.0,0.0,41166.18789862281,14411.5,1.0,13.0,0.0,0.0,1,13.620710627808574
88194ac33bfffff,51.357757666272896,-0.15845037366491047,3.0,0.0,1.0,1.0,0.0,0.0,0.0,0.0,4.0,4.0,0.0,9.0,1.0,0.0,0.0,0.0,0.0,8120.9283518020975,1538.875,0.0,16.0,0.0,0.0,0,14.40695758865547
88194ac33dfffff,51.36759852023956,-0.1748733763757362,9.0,0.0,0.0,7.0,1.0,0.0,0.0,0.0,4.0,14.0,0.0,9.0,1.0,3.0,0.0,0.0,0.0,2569.782595937668,8554.5,0.0,5.0,0.0,0.0,0,13.607844870339102
88194ac341fffff,51.3980876973669,-0.14747443989014922,3.0,0.0,0.0,0.0,0.0,0.0,0.0,0.0,10.0,5.0,0.0,8.0,0.0,0.0,0.0,0.0,0.0,5332.378187784769,25968.88888888889,0.0,5.0,0.0,0.0,0,9.856464472141456
88194ac343fffff,51.390326729252166,-0.1432197280882942,1.0,0.0,0.0,0.0,0.0,0.0,0.0,0.0,1.0,0.0,0.0,7.0,0.0,0.0,0.0,0.0,0.0,0.0,11301.0,0.0,3.0,0.0,0.0,0,10.656060344775668
88194ac345fffff,51.400168542647386,-0.15964729657033846,2.0,0.0,0.0,3.0,0.0,0.0,0.0,0.0,9.0,4.0,0.0,15.0,0.0,0.0,0.0,0.0,0.0,35038.339458321956,18037.057142857142,0.0,18.0,0.0,0.0,0,9.83239292985885
88194ac347fffff,51.39240771370212,-0.1553903366546145,3.0,1.0,0.0,0.0,0.0,0.0,0.0,0.0,3.0,0.0,0.0,7.0,0.0,0.0,0.0,0.0,0.0,8724.489438590716,23154.833333333332,0.0,7.0,0.0,0.0,0,10.591350484974518
88194ac349fffff,51.40376647651417,-0.13955751287593066,8.0,0.0,0.0,3.0,1.0,0.0,0.0,0.0,2.0,11.0,0.0,11.0,0.0,2.0,0.0,0.0,0.0,4462.573497698755,7963.526315789473,0.0,8.0,0.0,0.0,0,9.139493489640842
88194ac34bfffff,51.39600577093236,-0.13530374124721842,1.0,0.0,0.0,0.0,0.0,0.0,0.0,0.0,5.0,2.0,0.0,3.0,0.0,0.0,0.0,0.0,0.0,0.0,0.0,0.0,2.0,0.0,0.0,0,9.958218387441502
88194ac34dfffff,51.40584826389011,-0.15173045995937232,4.0,0.0,1.0,1.0,0.0,0.0,0.0,0.0,13.0,1.0,0.0,11.0,1.0,0.0,0.0,0.0,0.0,13989.917283673629,2266.818181818182,0.0,32.0,0.0,0.0,0,9.078274935341573
88194ac351fffff,51.38048315639531,-0.12680012021709386,3.0,0.0,0.0,7.0,1.0,0.0,0.0,1.0,4.0,8.0,0.0,13.0,0.0,0.0,0.0,0.0,0.0,387503.4136345057,0.0,6.0,24.0,0.0,275000.0,1,11.637795455477935
88194ac353fffff,51.37272124821322,-0.12255026970395792,7.0,2.0,0.0,3.0,0.0,5.0,0.0,0.0,5.0,16.0,0.0,5.0,1.0,0.0,0.0,0.0,0.0,220456.68236294398,183.0,7.0,11.0,0.0,400000.0,1,12.492997395738131
88194ac355fffff,51.38256535993256,-0.138966323997577,0.0,0.0,0.0,0.0,0.0,0.0,0.0,0.0,0.0,2.0,0.0,7.0,0.0,0.0,0.0,0.0,1.0,54899.8466273017,0.0,7.0,4.0,0.0,275000.0,1,11.472594230093035
88194ac357fffff,51.374803589794766,-0.13471422706205313,0.0,3.0,0.0,2.0,1.0,1.0,0.0,0.0,4.0,4.0,0.0,4.0,1.0,0.0,0.0,0.0,0.0,115347.6825612572,19215.0,0.0,4.0,0.0,275000.0,0,12.302700213569244
88194ac359fffff,51.386161518827606,-0.11888498455223094,11.0,0.0,0.0,4.0,2.0,0.0,0.0,0.0,6.0,5.0,0.0,13.0,0.0,1.0,0.0,0.0,0.0,38446.7668698064,20564.208333333332,0.0,21.0,0.0,0.0,0,10.996707144846633
88194ac35bfffff,51.37839987319222,-0.1146360743043726,4.0,1.0,0.0,0.0,0.0,0.0,0.0,0.0,11.0,4.0,0.0,10.0,0.0,1.0,0.0,0.0,1.0,58242.049490513586,618.0,5.0,13.0,0.0,400000.0,1,11.865825215900657
88194ac35dfffff,51.388244664097215,-0.13105127721293827,3.0,1.0,0.0,0.0,0.0,0.0,0.0,0.0,2.0,1.0,0.0,14.0,0.0,0.0,0.0,0.0,0.0,7077.233750678572,22375.333333333332,0.0,11.0,0.0,0.0,0,10.792066998686964
88194ac361fffff,51.39656643812592,-0.179738024760592,1.0,1.0,0.0,2.0,1.0,0.0,0.0,0.0,5.0,9.0,1.0,14.0,1.0,1.0,0.0,0.0,0.0,13767.827743390622,14674.266666666666,0.0,9.0,0.0,0.0,0,10.679653005544088
88194ac363fffff,51.38880548664736,-0.17547787730929842,4.0,0.0,0.0,4.0,1.0,0.0,0.0,1.0,5.0,8.0,0.0,8.0,0.0,1.0,0.0,0.0,0.0,7826.663089840704,8896.736842105263,2.0,16.0,0.0,275000.0,1,11.376326221277454
88194ac365fffff,51.39864417691931,-0.19191510324807085,29.0,1.0,0.0,19.0,3.0,0.0,0.0,1.0,12.0,41.0,0.0,21.0,0.0,2.0,0.0,0.0,3.0,45791.61270193867,20214.25,1.0,44.0,1.0,0.0,1,10.83092748543479
88194ac367fffff,51.39088336561949,-0.18765270731969855,0.0,0.0,0.0,0.0,1.0,0.0,0.0,0.0,3.0,0.0,0.0,17.0,0.0,0.0,0.0,0.0,0.0,9643.134968485463,919.8,0.0,11.0,0.0,0.0,0,11.479267675514752
88194ac369fffff,51.402248306183424,-0.17182231076259913,18.0,0.0,1.0,1.0,2.0,0.0,0.0,0.0,6.0,4.0,0.0,12.0,1.0,2.0,1.0,0.0,1.0,3586.2334080976307,21709.243902439026,2.0,27.0,0.0,275000.0,1,9.88659146877543
88194ac36bfffff,51.39448761685679,-0.16756310238724917,3.0,0.0,0.0,1.0,0.0,0.0,0.0,0.0,1.0,5.0,0.0,3.0,0.0,1.0,0.0,0.0,0.0,14155.117396335114,16343.291666666666,4.0,14.0,0.0,275000.0,1,10.5992622483895
88194ac36dfffff,51.40432698738466,-0.18399948194079752,5.0,0.0,0.0,2.0,1.0,0.0,0.0,0.0,14.0,16.0,0.0,8.0,1.0,0.0,0.0,0.0,0.0,9787.909737000948,0.0,2.0,0.0,0.0,275000.0,1,10.017809795518525
88194ac84bfffff,51.33084802337442,-0.3312645691483292,0.0,0.0,0.0,0.0,0.0,0.0,0.0,0.0,0.0,2.0,0.0,0.0,0.0,0.0,0.0,0.0,0.0,0.0,0.0,3.0,0.0,0.0,132000.0,1,22.588036266720405
88194ac85dfffff,51.32308424759535,-0.3269832752203743,1.0,0.0,0.0,1.0,0.0,0.0,0.0,0.0,0.0,0.0,0.0,0.0,0.0,0.0,0.0,0.0,0.0,7128.461432458109,20519.333333333332,0.0,0.0,0.0,0.0,0,23.06422962833439
88194aca01fffff,51.353645955812055,-0.299650787554854,0.0,0.0,0.0,0.0,0.0,0.0,0.0,0.0,0.0,0.0,0.0,0.0,0.0,0.0,0.0,0.0,0.0,0.0,0.0,2.0,0.0,0.0,275000.0,1,19.228726087088546
88194aca03fffff,51.345883219535516,-0.2953732242550587,0.0,0.0,0.0,0.0,0.0,0.0,0.0,0.0,0.0,0.0,0.0,0.0,0.0,0.0,0.0,0.0,0.0,0.0,0.0,1.0,0.0,0.0,275000.0,1,19.708088606411167
88194aca05fffff,51.3557108707671,-0.31183559512818043,0.0,0.0,0.0,0.0,1.0,0.0,0.0,0.0,1.0,2.0,0.0,11.0,0.0,0.0,0.0,0.0,0.0,60995.976087070296,0.0,0.0,4.0,0.0,0.0,0,19.62085025821635
88194aca07fffff,51.3479482774639,-0.3075557849529547,0.0,0.0,0.0,0.0,0.0,0.0,0.0,0.0,0.0,0.0,0.0,1.0,0.0,0.0,0.0,0.0,0.0,6429.66353258577,0.0,2.0,1.0,0.0,275000.0,1,20.06840275974353
88194aca09fffff,51.359342430766965,-0.29174475565319963,2.0,0.0,0.0,0.0,0.0,0.0,0.0,0.0,7.0,1.0,0.0,5.0,1.0,0.0,0.0,0.0,0.0,1171.8765184715373,2419.25,3.0,3.0,0.0,275000.0,1,18.389150579983628
88194aca0dfffff,51.36140828895125,-0.3039296642951039,9.0,1.0,0.0,2.0,0.0,0.0,0.0,0.0,5.0,7.0,0.0,13.0,0.0,0.0,0.0,0.0,0.0,5102.205471517236,8012.916666666667,0.0,15.0,0.0,0.0,0,18.781611291061736
88194aca21fffff,51.352075134040035,-0.331927341608215,0.0,0.0,0.0,0.0,0.0,0.0,0.0,0.0,0.0,1.0,0.0,0.0,0.0,0.0,0.0,0.0,0.0,0.0,0.0,0.0,0.0,0.0,0.0,0,20.88178463175386
88194aca23fffff,51.34431242426609,-0.327644351560682,0.0,0.0,0.0,0.0,0.0,0.0,0.0,0.0,0.0,0.0,0.0,0.0,0.0,0.0,0.0,0.0,0.0,220760.7592738322,0.0,5.0,1.0,0.0,275000.0,1,21.29972447804951
88194aca29fffff,51.35777469904158,-0.3240225483044032,0.0,0.0,0.0,0.0,0.0,0.0,0.0,0.0,0.0,1.0,0.0,0.0,0.0,0.0,0.0,0.0,0.0,0.0,0.0,0.0,0.0,0.0,0.0,0,20.04394229621229
88194aca2bfffff,51.35001224916155,-0.31974049091591433,0.0,0.0,0.0,5.0,0.0,0.0,0.0,0.0,1.0,12.0,0.0,2.0,0.0,0.0,0.0,0.0,0.0,369798.6825467495,0.0,0.0,0.0,0.0,0.0,0,20.460222716408794
88194aca31fffff,51.334486139506815,-0.3111803182484549,0.0,0.0,0.0,1.0,0.0,0.0,0.0,0.0,1.0,0.0,0.0,0.0,0.0,0.0,0.0,0.0,0.0,0.0,0.0,0.0,0.0,0.0,0.0,0,21.38582788807577
88194aca35fffff,51.33654931111348,-0.32336267584727724,0.0,0.0,0.0,0.0,0.0,0.0,0.0,0.0,0.0,2.0,0.0,2.0,0.0,0.0,0.0,0.0,0.0,0.0,0.0,2.0,1.0,0.0,132000.0,1,21.74805814779974
88194aca39fffff,51.34018528107231,-0.303277288330608,0.0,0.0,0.0,0.0,0.0,0.0,0.0,0.0,0.0,0.0,0.0,0.0,0.0,0.0,0.0,0.0,0.0,0.0,11003.8,0.0,0.0,0.0,0.0,0,20.54687130455656
88194aca3dfffff,51.34224939585386,-0.31545974774965385,0.0,0.0,0.0,0.0,0.0,0.0,0.0,0.0,1.0,0.0,0.0,4.0,0.0,0.0,0.0,0.0,0.0,260332.14321529822,19344.11111111111,2.0,2.0,0.0,275000.0,1,20.908180220378707
88194aca41fffff,51.37279951453031,-0.2881146978843569,0.0,0.0,0.0,0.0,0.0,0.0,0.0,0.0,4.0,5.0,0.0,6.0,0.0,0.0,0.0,0.0,0.0,15222.93183764526,112427.0,0.0,8.0,0.0,0.0,0,17.103554670660763
88194aca43fffff,51.36503770219746,-0.2838376893460272,0.0,0.0,0.0,0.0,0.0,0.0,0.0,0.0,9.0,2.0,0.0,0.0,0.0,0.0,0.0,0.0,0.0,10559.547837415974,587.0,3.0,0.0,0.0,275000.0,1,17.549676685828185
88194aca45fffff,51.37486617282428,-0.30030195526095893,9.0,0.0,0.0,4.0,1.0,0.0,0.0,1.0,6.0,10.0,0.0,4.0,1.0,0.0,0.0,0.0,0.0,20236.667816303085,36908.50602409639,1.0,24.0,0.0,0.0,1,17.532141880265378
88194aca47fffff,51.36710450358271,-0.29602269851449764,4.0,2.0,1.0,2.0,1.0,0.0,0.0,0.0,5.0,4.0,0.0,8.0,0.0,2.0,0.0,0.0,0.0,4794.546528861604,3725.3333333333335,0.0,3.0,0.0,0.0,0,17.942510782426947
88194aca49fffff,51.37849332166311,-0.2802056625028553,20.0,0.0,0.0,5.0,1.0,0.0,0.0,0.0,9.0,17.0,0.0,15.0,0.0,1.0,0.0,0.0,0.0,36775.55440989163,25868.333333333332,0.0,44.0,0.0,0.0,0,16.264750114877494
88194aca4bfffff,51.37073176997253,-0.2759295887315613,0.0,0.0,0.0,0.0,0.0,0.0,0.0,0.0,0.0,1.0,0.0,0.0,0.0,0.0,0.0,0.0,0.0,0.0,0.0,2.0,1.0,0.0,275000.0,1,16.710304939393772
88194aca4dfffff,51.380560923240296,-0.2923930201950293,5.0,0.0,0.0,1.0,0.0,0.0,0.0,0.0,4.0,3.0,0.0,9.0,0.0,1.0,2.0,0.0,0.0,103.3552778539011,18465.823529411766,0.0,18.0,0.0,0.0,0,16.695545606144133
88194aca61fffff,51.37123484655564,-0.3203991583664298,0.0,0.0,0.0,0.0,0.0,0.0,0.0,0.0,0.0,0.0,0.0,0.0,0.0,0.0,0.0,0.0,0.0,0.0,6100.0,0.0,0.0,0.0,0.0,0,18.827146003054942
88194aca63fffff,51.36347306059372,-0.31611671941349884,0.0,0.0,0.0,0.0,0.0,0.0,0.0,0.0,2.0,1.0,0.0,4.0,0.0,2.0,0.0,0.0,0.0,1021.133254164748,0.0,0.0,1.0,0.0,0.0,0,19.206371202745547
88194aca69fffff,51.37693174426539,-0.3124913603264039,0.0,0.0,0.0,0.0,0.0,0.0,0.0,0.0,0.0,0.0,0.0,0.0,0.0,0.0,0.0,0.0,0.0,4911.714465716105,46046.833333333336,0.0,0.0,0.0,0.0,0,17.99355275451381
88194aca6bfffff,51.369170218565046,-0.3082098550330963,10.0,1.0,0.0,7.0,1.0,0.0,0.0,1.0,4.0,16.0,0.0,9.0,0.0,1.0,0.0,0.0,0.0,6143.555503256328,34865.416666666664,0.0,7.0,0.0,0.0,0,18.369095009761622
88194ad001fffff,51.45839570507193,-0.04815994784801203,30.0,0.0,0.0,0.0,0.0,0.0,0.0,0.0,6.0,28.0,0.0,17.0,2.0,0.0,0.0,0.0,0.0,247.58791991029787,0.0,0.0,20.0,0.0,0.0,0,5.803291953441026
88194ad003fffff,51.45063749607132,-0.043917853673250205,18.0,0.0,0.0,14.0,1.0,0.0,1.0,0.0,11.0,24.0,0.0,15.0,4.0,0.0,0.0,0.0,0.0,5482.997169421755,456.0,0.0,22.0,0.0,0.0,0,6.524358708926623
88194ad005fffff,51.46048799129341,-0.060331601358402494,17.0,0.0,1.0,1.0,1.0,1.0,3.0,0.0,105.0,43.0,0.0,15.0,1.0,0.0,0.0,0.0,0.0,2489.642551373134,7350.428571428572,0.0,26.0,0.0,0.0,0,4.962416210142296
88194ad007fffff,51.45272991979215,-0.05608725583851212,7.0,1.0,0.0,0.0,0.0,0.0,0.0,0.0,15.0,8.0,0.0,10.0,0.0,2.0,0.0,0.0,0.0,0.0,4226.0,0.0,7.0,0.0,0.0,0,5.7108655469772245
88194ad009fffff,51.46406028445972,-0.04023161127818065,18.0,3.0,0.0,8.0,0.0,0.0,0.0,0.0,11.0,9.0,0.0,17.0,3.0,0.0,0.0,0.0,1.0,12026.72684658174,14679.833333333334,0.0,15.0,0.0,0.0,0,6.0119850922992235
88194ad00bfffff,51.456302339852556,-0.03599046247704044,19.0,1.0,0.0,26.0,5.0,0.0,0.0,2.0,5.0,49.0,0.0,14.0,1.0,3.0,0.0,0.0,0.0,0.0,9431.90909090909,0.0,23.0,0.0,0.0,0,6.65353216618117
88194ad00dfffff,51.46615351229093,-0.052403348318378784,18.0,1.0,1.0,7.0,1.0,1.0,0.0,0.0,26.0,15.0,0.0,14.0,0.0,1.0,0.0,0.0,0.0,1445.9642374973264,13040.923076923076,0.0,23.0,0.0,0.0,0,5.1432772032970915
88194ad011fffff,51.44078524669189,-0.027512081176800058,5.0,0.0,0.0,4.0,0.0,1.0,0.0,0.0,10.0,12.0,0.0,14.0,1.0,2.0,1.0,0.0,0.0,20500.024855349628,0.0,0.0,22.0,0.0,0.0,0,8.094004679105009
88194ad013fffff,51.4330260989091,-0.023274847565205998,5.0,1.0,0.0,16.0,2.0,0.0,0.0,1.0,15.0,37.0,0.0,14.0,0.0,2.0,1.0,0.0,0.0,36887.38580185391,4568.0,0.0,1.0,0.0,0.0,0,8.867418615487807
88194ad015fffff,51.442878885674524,-0.039677065237469215,12.0,2.0,0.0,9.0,2.0,2.0,0.0,0.0,9.0,11.0,0.0,11.0,2.0,4.0,0.0,0.0,0.0,0.0,15385.75,0.0,9.0,0.0,0.0,0,7.288390117044211
88194ad017fffff,51.435119874266974,-0.03543758198433598,10.0,0.0,0.0,3.0,2.0,0.0,0.0,0.0,16.0,10.0,0.0,11.0,0.0,0.0,0.0,0.0,0.0,49614.04324406524,310.0,0.0,8.0,0.0,0.0,0,8.083221632174627
88194ad019fffff,51.44644941357472,-0.019585553222807205,32.0,3.0,4.0,37.0,4.0,0.0,0.0,4.0,35.0,124.0,2.0,26.0,24.0,5.0,0.0,0.0,0.0,62443.179059239104,28841.03125,0.0,45.0,0.0,0.0,0,8.190792352964586
88194ad01bfffff,51.43869053020097,-0.01534926506882472,1.0,0.0,2.0,4.0,1.0,2.0,0.0,0.0,9.0,9.0,0.0,6.0,1.0,1.0,0.0,0.0,1.0,27454.998303261407,1199.9375,0.0,15.0,0.0,0.0,0,8.91309388118835
88194ad01dfffff,51.4485439938015,-0.0317506192953749,4.0,0.0,0.0,0.0,0.0,0.0,0.0,0.0,45.0,8.0,0.0,8.0,1.0,0.0,0.0,0.0,0.0,1843.423059644419,5610.909090909091,0.0,19.0,0.0,0.0,0,7.352488583417135
88194ad021fffff,51.45691152921878,-0.08043256145474258,25.0,0.0,0.0,2.0,2.0,0.0,0.0,0.0,35.0,5.0,0.0,13.0,2.0,0.0,1.0,0.0,0.0,3461.818200573172,17263.1875,0.0,15.0,0.0,0.0,0,4.162298537905751
88194ad023fffff,51.44915333165358,-0.07618501995698894,16.0,0.0,0.0,1.0,0.0,0.0,0.0,1.0,14.0,3.0,0.0,12.0,1.0,0.0,0.0,0.0,0.0,0.0,5684.5,0.0,5.0,0.0,0.0,0,5.0175789051817565
88194ad025fffff,51.459000713740686,-0.09260846386504529,10.0,1.0,0.0,0.0,0.0,0.0,0.0,0.0,16.0,7.0,0.0,17.0,0.0,1.0,0.0,0.0,0.0,970.914633403034,15704.967741935483,0.0,36.0,0.0,0.0,0,3.4625924183104364
88194ad027fffff,51.45124265468411,-0.08835867064494084,18.0,0.0,0.0,8.0,1.0,0.0,0.0,0.0,6.0,19.0,0.0,10.0,5.0,2.0,0.0,0.0,0.0,8632.754240850758,7641.714285714285,0.0,28.0,0.0,0.0,0,4.352014292947861
88194ad029fffff,51.46257919792487,-0.07250542248880183,47.0,5.0,0.0,2.0,1.0,0.0,0.0,0.0,18.0,9.0,0.0,17.0,3.0,1.0,0.0,0.0,0.0,1239.924518641284,21065.087719298244,0.0,25.0,0.0,0.0,0,4.13666808147067
88194ad02bfffff,51.45482126437196,-0.06825882527229345,23.0,2.0,0.0,0.0,0.0,0.0,0.0,0.0,16.0,0.0,0.0,14.0,2.0,0.0,0.0,0.0,0.0,0.0,7071.333333333333,0.0,10.0,0.0,0.0,0,4.919316597350882
88194ad02dfffff,51.46466932437422,-0.08468141071883946,37.0,2.0,0.0,5.0,0.0,0.0,0.0,1.0,42.0,41.0,0.0,17.0,4.0,0.0,0.0,0.0,0.0,28117.526138166144,14103.25,0.0,38.0,0.0,0.0,0,3.3373556869016574
88194ad031fffff,51.43930419143633,-0.059769551554311955,12.0,1.0,0.0,7.0,0.0,0.0,4.0,1.0,117.0,12.0,0.0,19.0,2.0,0.0,0.0,0.0,0.0,7353.920939243182,32057.958333333332,0.0,25.0,0.0,0.0,0,6.585485220621468
88194ad033fffff,51.431545052824845,-0.05552687393953604,4.0,2.0,0.0,5.0,1.0,0.0,1.0,0.0,21.0,19.0,0.0,14.0,1.0,0.0,0.0,0.0,0.0,1577.239722359986,12838.029411764706,0.0,7.0,0.0,0.0,0,7.4464896513763295
88194ad035fffff,51.441394732064275,-0.07193878566854416,9.0,1.0,0.0,1.0,0.0,0.0,0.0,0.0,8.0,5.0,0.0,9.0,1.0,0.0,0.0,0.0,0.0,8214.97804782647,29655.6875,0.0,4.0,0.0,0.0,0,5.890008741724959
88194ad037fffff,51.433635730836585,-0.06769385803268392,3.0,0.0,0.0,1.0,0.0,0.0,0.0,0.0,21.0,4.0,0.0,15.0,0.0,0.0,0.0,0.0,0.0,0.0,10919.333333333334,0.0,9.0,0.0,0.0,0,6.77297547068443
88194ad039fffff,51.44497144655694,-0.0518442167334519,4.0,2.0,0.0,1.0,0.0,0.0,0.0,0.0,8.0,8.0,0.0,7.0,1.0,0.0,0.0,0.0,0.0,1036.6436013715881,14450.0,0.0,2.0,0.0,0.0,0,6.501292199536101
88194ad03bfffff,51.43721257197331,-0.04760248348664702,7.0,2.0,0.0,0.0,0.0,6.0,0.0,0.0,10.0,6.0,0.0,13.0,0.0,4.0,0.0,0.0,1.0,12491.576274299521,3888.5454545454545,0.0,4.0,0.0,0.0,0,7.3201210620079555
88194ad03dfffff,51.44706292874724,-0.06401353514639244,3.0,2.0,0.0,0.0,0.0,0.0,0.0,0.0,6.0,2.0,0.0,10.0,1.0,0.0,0.0,0.0,0.0,0.0,3206.714285714286,0.0,1.0,0.0,0.0,0,5.740367791650593
88194ad041fffff,51.47748093600694,-0.036543755273127934,47.0,7.0,1.0,51.0,3.0,1.0,0.0,6.0,143.0,99.0,0.0,19.0,14.0,6.0,1.0,0.0,0.0,40777.39324404118,18152.50354609929,1.0,46.0,0.0,132000.0,1,5.857666382121721
88194ad043fffff,51.46972365782879,-0.03230224623249895,8.0,0.0,0.0,14.0,0.0,0.0,0.0,0.0,23.0,10.0,0.0,14.0,2.0,1.0,0.0,0.0,0.0,7347.145607793272,11204.541666666666,1.0,25.0,0.0,0.0,1,6.3254085084359195
88194ad045fffff,51.47957496780108,-0.04871782796587396,7.0,4.0,0.0,2.0,0.0,0.0,0.0,1.0,10.0,8.0,0.0,7.0,0.0,0.0,0.0,0.0,0.0,13866.235590874465,21256.862068965518,0.0,17.0,0.0,132000.0,0,4.988438536745204
88194ad047fffff,51.47181782723766,-0.04447406625546999,7.0,0.0,1.0,12.0,1.0,0.0,0.0,0.0,33.0,68.0,0.0,14.0,5.0,0.0,0.0,0.0,0.0,26485.46785588371,26698.064935064936,0.0,26.0,0.0,0.0,0,5.448151865945863
88194ad049fffff,51.48314283847227,-0.028612415474954373,19.0,2.0,3.0,11.0,0.0,0.0,0.0,1.0,32.0,42.0,0.0,7.0,2.0,4.0,0.0,0.0,0.0,14887.053108008522,24520.083333333332,0.0,64.0,0.0,132000.0,0,6.351574304724954
88194ad04bfffff,51.4753858250526,-0.02437185281462648,52.0,2.0,1.0,70.0,2.0,0.0,0.0,3.0,88.0,160.0,0.0,17.0,9.0,5.0,2.0,0.0,0.0,24122.48731446071,29769.31818181818,1.0,67.0,0.0,0.0,1,6.728906847829057
88194ad04dfffff,51.485237811923135,-0.04078657092723603,8.0,1.0,0.0,1.0,0.0,0.0,0.0,1.0,23.0,4.0,0.0,14.0,1.0,1.0,0.0,0.0,3.0,10267.053948984649,4781.4,0.0,19.0,0.0,132000.0,0,5.5024759691328535
88194ad051fffff,51.459870592825744,-0.01589464474685452,22.0,6.0,2.0,22.0,3.0,0.0,0.0,0.0,15.0,63.0,0.0,24.0,3.0,7.0,0.0,0.0,0.0,36472.358933381896,25764.58064516129,0.0,42.0,0.0,0.0,0,7.755000100242584
88194ad053fffff,51.452112374788804,-0.011657998226139445,7.0,2.0,0.0,22.0,2.0,8.0,0.0,0.0,22.0,59.0,0.0,10.0,3.0,1.0,0.0,0.0,1.0,15085.74807399754,2758.0,0.0,17.0,0.0,0.0,0,8.370572301643858
88194ad055fffff,51.46196597777389,-0.028062043248339063,4.0,0.0,0.0,3.0,0.0,0.0,0.0,0.0,9.0,158.0,0.0,15.0,1.0,1.0,0.0,0.0,0.0,3926.641724789919,5382.416666666667,0.0,4.0,0.0,0.0,0,6.882805184919297
88194ad057fffff,51.454207896227445,-0.02382314576392611,14.0,0.0,2.0,12.0,2.0,1.0,0.0,0.0,38.0,28.0,0.0,12.0,3.0,0.0,0.0,0.0,0.0,8377.207125709452,15010.0,0.0,12.0,0.0,0.0,0,7.5099302120505405
88194ad059fffff,51.465532083469924,-0.007965116348095876,27.0,4.0,2.0,32.0,4.0,0.0,4.0,2.0,49.0,75.0,0.0,25.0,6.0,6.0,2.0,0.0,1.0,26482.185199914325,24996.433734939757,0.0,42.0,0.0,0.0,0,8.07969791758759
88194ad05bfffff,51.45777413020764,-0.003729416290761694,2.0,3.0,0.0,13.0,2.0,0.0,0.0,0.0,11.0,253.0,1.0,12.0,4.0,2.0,0.0,0.0,0.0,20451.067702723853,20993.625,0.0,23.0,0.0,0.0,0,8.628129659388803
88194ad05dfffff,51.46762840970873,-0.020132596090850174,22.0,3.0,1.0,7.0,3.0,0.0,0.0,0.0,24.0,18.0,0.0,16.0,7.0,0.0,0.0,0.0,2.0,21306.23753808741,15567.877192982456,0.0,59.0,0.0,0.0,0,7.202590721651676
88194ad061fffff,51.47600292755212,-0.06882421387033366,35.0,4.0,0.0,20.0,4.0,1.0,0.0,0.0,83.0,71.0,1.0,25.0,11.0,7.0,0.0,0.0,1.0,72777.31020201658,22344.882352941175,0.0,66.0,0.0,0.0,0,3.693420328729619
88194ad063fffff,51.46824566067523,-0.06457725384996764,42.0,0.0,0.0,37.0,1.0,0.0,0.0,1.0,19.0,65.0,0.0,9.0,7.0,3.0,0.0,0.0,0.0,13707.274595567531,14358.09090909091,0.0,30.0,0.0,0.0,0,4.278015337774758
88194ad065fffff,51.478093857273,-0.08100254042225326,49.0,3.0,0.0,5.0,0.0,0.0,0.0,1.0,7.0,9.0,0.0,8.0,0.0,2.0,0.0,0.0,0.0,7375.444549919906,9562.866666666667,0.0,53.0,0.0,275000.0,0,2.8159518025999675
88194ad067fffff,51.470336729020396,-0.07675332735300128,46.0,1.0,0.0,5.0,1.0,0.0,0.0,0.0,25.0,26.0,0.0,5.0,2.0,0.0,0.0,0.0,0.0,13198.51324403432,0.0,0.0,41.0,0.0,66000.0,0,3.418875581046185
88194ad069fffff,51.481667919842494,-0.06089407037381342,24.0,3.0,0.0,4.0,0.0,0.0,0.0,2.0,10.0,37.0,0.0,12.0,4.0,5.0,0.0,0.0,0.0,54917.895589990345,33243.166666666664,0.0,60.0,0.0,275000.0,0,4.122545222963673
88194ad06bfffff,51.4739109173429,-0.05664805564125076,38.0,0.0,0.0,10.0,0.0,0.0,0.0,0.0,13.0,28.0,0.0,11.0,6.0,2.0,1.0,0.0,0.0,2634.1763242450925,19508.63953488372,0.0,38.0,0.0,0.0,0,4.570821815859664
88194ad06dfffff,51.48375979153868,-0.07307248197692244,29.0,2.0,0.0,4.0,2.0,0.0,1.0,1.0,16.0,16.0,0.0,10.0,2.0,2.0,0.0,0.0,0.0,33440.376926541954,31344.03448275862,0.0,53.0,0.0,275000.0,0,3.26270386847796
88194ad081fffff,51.40407982623943,-0.01849268968159042,1.0,0.0,0.0,7.0,1.0,0.0,0.0,0.0,72.0,20.0,0.0,11.0,0.0,0.0,0.0,0.0,0.0,0.0,0.0,0.0,1.0,0.0,0.0,0,11.439298796235407
88194ad083fffff,51.39631881556096,-0.014259724006667538,1.0,0.0,0.0,3.0,0.0,0.0,0.0,0.0,4.0,7.0,0.0,14.0,0.0,1.0,0.0,0.0,0.0,7237.563611430272,6220.0,0.0,1.0,0.0,0.0,0,12.304471411237126
88194ad085fffff,51.40617306786617,-0.030648597960715614,18.0,1.0,0.0,28.0,2.0,0.0,0.0,1.0,53.0,32.0,0.0,17.0,1.0,3.0,0.0,0.0,0.0,14103.535116976534,15954.3125,0.0,12.0,0.0,0.0,0,10.747198672161547
88194ad087fffff,51.39841219232435,-0.026413385666726182,1.0,0.0,0.0,0.0,0.0,0.0,0.0,0.0,40.0,2.0,0.0,11.0,0.0,0.0,1.0,0.0,0.0,0.0,11673.111111111111,0.0,0.0,0.0,0.0,0,11.62517613663136
88194ad089fffff,51.40974625537593,-0.010570968215560387,2.0,1.0,0.0,0.0,0.0,0.0,0.0,0.0,7.0,0.0,0.0,10.0,0.0,0.0,0.0,0.0,0.0,0.0,3675.1111111111113,0.0,2.0,0.0,0.0,0,11.312537471566879
88194ad08bfffff,51.40198550875481,-0.006338947076568332,0.0,0.0,0.0,0.0,0.0,0.0,0.0,1.0,5.0,0.0,0.0,16.0,0.0,0.0,0.0,0.0,0.0,0.0,22002.0,0.0,0.0,0.0,0.0,0,12.155276056791806
88194ad08dfffff,51.41184043783485,-0.022726957761768182,9.0,0.0,0.0,14.0,1.0,0.0,0.0,0.0,23.0,26.0,0.0,15.0,0.0,0.0,0.0,0.0,0.0,34012.640550758835,12813.5625,0.0,7.0,0.0,0.0,0,10.582075603507016
88194ad091fffff,51.38646281966056,0.002121190563596734,0.0,0.0,0.0,0.0,0.0,0.0,0.0,0.0,5.0,0.0,0.0,10.0,0.0,0.0,0.0,0.0,0.0,3607.242863768513,0.0,0.0,2.0,0.0,0.0,0,13.86725495108844
88194ad093fffff,51.37870087795854,0.006349308173267793,6.0,3.0,0.0,17.0,2.0,0.0,1.0,0.0,15.0,47.0,0.0,13.0,1.0,2.0,0.0,0.0,0.0,18069.97089033956,0.0,0.0,17.0,0.0,0.0,0,14.733426396185715
88194ad095fffff,51.38855740618507,-0.01002806018237229,0.0,0.0,0.0,0.0,0.0,0.0,2.0,0.0,2.0,1.0,0.0,4.0,0.0,0.0,0.0,0.0,0.0,5701.381098842752,5745.090909090909,0.0,1.0,0.0,0.0,0,13.17603333536237
88194ad097fffff,51.3807955984974,-0.005797697654367916,0.0,0.0,0.0,0.0,0.0,0.0,0.0,0.0,3.0,1.0,0.0,5.0,0.0,0.0,0.0,0.0,0.0,8421.30957657867,0.0,0.0,0.0,0.0,0.0,0,14.052801180508387
88194ad099fffff,51.39212883639626,0.01004110283411573,0.0,0.0,0.0,2.0,0.0,0.0,0.0,0.0,6.0,11.0,0.0,15.0,0.0,1.0,0.0,0.0,0.0,550.7556928282254,14343.818181818182,0.0,0.0,0.0,0.0,0,13.730388953494177
88194ad09bfffff,51.38436715876552,0.014268275826618763,0.0,0.0,0.0,1.0,0.0,0.0,0.0,0.0,8.0,0.0,0.0,9.0,0.0,0.0,0.0,0.0,0.0,0.0,12161.0,0.0,0.0,0.0,0.0,0,14.57844105608385
88194ad09dfffff,51.39422436338784,-0.002108227668315019,4.0,0.0,0.0,2.0,1.0,0.0,0.0,0.0,3.0,13.0,0.0,6.0,0.0,1.0,0.0,0.0,0.0,618.6802976305573,0.0,0.0,0.0,0.0,0.0,0,13.007424968738029
88194ad0a1fffff,51.40259571725704,-0.05072720289022505,0.0,0.0,0.0,0.0,0.0,0.0,0.0,0.0,11.0,7.0,0.0,14.0,0.0,0.0,0.0,0.0,0.0,15345.850815178117,14151.558823529413,0.0,7.0,0.0,0.0,0,10.356114558062881
88194ad0a3fffff,51.394834713623986,-0.046488800176160534,1.0,0.0,0.0,3.0,0.0,0.0,0.0,0.0,7.0,6.0,0.0,16.0,0.0,0.0,0.0,0.0,0.0,36585.79086160863,21459.602409638555,0.0,10.0,0.0,0.0,0,11.25863361508329
88194ad0a5fffff,51.404685864243994,-0.06288735742040324,3.0,0.0,0.0,0.0,0.0,0.0,0.0,0.0,12.0,6.0,0.0,17.0,2.0,0.0,0.0,0.0,3.0,0.0,11262.9,0.0,3.0,0.0,0.0,0,9.778016034091197
88194ad0a7fffff,51.39692499675516,-0.05864670770728283,2.0,0.0,0.0,0.0,0.0,0.0,0.0,0.0,8.0,12.0,0.0,2.0,1.0,0.0,0.0,0.0,1.0,4657.6960770655305,0.0,0.0,1.0,0.0,0.0,0,10.687238224255612
88194ad0a9fffff,51.408265233043686,-0.04280667139822969,14.0,1.0,0.0,4.0,0.0,0.0,0.0,1.0,8.0,12.0,0.0,13.0,1.0,0.0,0.0,0.0,0.0,18571.77640369605,1268.142857142857,0.0,16.0,0.0,0.0,0,10.083913180312727
88194ad0abfffff,51.40050449308677,-0.03856921213329622,6.0,3.0,0.0,10.0,4.0,0.0,0.0,0.0,10.0,23.0,0.0,9.0,1.0,2.0,0.0,0.0,0.0,7304.038000249013,14565.542857142857,0.0,1.0,0.0,0.0,0,10.973951744838615
88194ad0adfffff,51.410356321180664,-0.05496690947745949,5.0,1.0,0.0,5.0,1.0,0.0,0.0,0.0,19.0,18.0,1.0,13.0,4.0,1.0,0.0,0.0,0.0,29695.223088436258,12136.155172413793,0.0,9.0,0.0,0.0,0,9.45552938611416
88194ad0b1fffff,51.384981815442806,-0.03009820264573983,2.0,0.0,0.0,0.0,0.0,0.0,0.0,0.0,10.0,2.0,0.0,3.0,0.0,0.0,0.0,0.0,0.0,8245.569643496103,0.0,0.0,5.0,0.0,0.0,0,12.763583702059693
88194ad0b3fffff,51.37721987852735,-0.025864651313807288,4.0,1.0,0.0,12.0,3.0,0.0,0.0,0.0,15.0,30.0,0.0,11.0,1.0,1.0,0.0,0.0,0.0,20750.549268243212,21306.5,0.0,7.0,0.0,0.0,0,13.661936580798518
88194ad0b5fffff,51.387073310667375,-0.042251700780224694,2.0,0.0,0.0,1.0,0.0,0.0,0.0,0.0,4.0,4.0,0.0,6.0,0.0,0.0,0.0,0.0,0.0,4306.728405487447,4852.0,0.0,1.0,0.0,0.0,0,12.162662279113562
88194ad0b7fffff,51.3793115087731,-0.03801590414767312,1.0,0.0,0.0,3.0,0.0,0.0,0.0,0.0,5.0,2.0,0.0,6.0,0.0,0.0,0.0,0.0,0.0,6129.0309523425,0.0,0.0,1.0,0.0,0.0,0,13.067893032863706
88194ad0b9fffff,51.390650917747884,-0.02217947589759268,4.0,3.0,0.0,2.0,0.0,0.0,0.0,0.0,6.0,1.0,0.0,10.0,0.0,0.0,0.0,0.0,0.0,14399.894187576978,11286.6,0.0,3.0,0.0,0.0,0,12.508102561688338
88194ad0bbfffff,51.38288924452249,-0.0179468680987573,4.0,0.0,0.0,7.0,1.0,0.0,0.0,0.0,25.0,19.0,0.0,9.0,1.0,0.0,0.0,0.0,0.0,18098.846035609444,0.0,0.0,3.0,0.0,0.0,0,13.395004992767158
88194ad0bdfffff,51.39274335375788,-0.034333056067401925,2.0,0.0,0.0,0.0,0.0,0.0,0.0,0.0,5.0,3.0,1.0,6.0,0.0,0.0,0.0,0.0,0.0,0.0,935.0,0.0,2.0,0.0,0.0,0,11.86741285232044
88194ad0c1fffff,51.423171562831705,-0.006880599699067665,4.0,3.0,0.0,24.0,4.0,0.0,0.0,1.0,14.0,69.0,0.0,11.0,3.0,1.0,2.0,0.0,0.0,4120.358403906908,21843.875,11.0,23.0,0.0,0.0,1,10.447228563570821
88194ad0c3fffff,51.41541147960686,-0.0026482213723990253,1.0,0.0,0.0,1.0,0.0,0.0,0.0,0.0,5.0,5.0,0.0,5.0,0.0,0.0,0.0,0.0,0.0,0.0,2425.3333333333335,0.0,1.0,0.0,0.0,0,11.246869230521511
88194ad0c5fffff,51.42526655083856,-0.019038917904776482,1.0,0.0,0.0,0.0,0.0,1.0,0.0,0.0,3.0,0.0,0.0,12.0,0.0,0.0,0.0,0.0,0.0,16155.599100918645,24334.62962962963,0.0,25.0,0.0,0.0,0,9.66508375899615
88194ad0c7fffff,51.41750660286567,-0.014804291639979922,9.0,1.0,0.0,5.0,0.0,0.0,0.0,0.0,54.0,29.0,0.0,0.0,0.0,0.0,0.0,0.0,0.0,7234.692445102399,0.0,0.0,0.0,0.0,0.0,0,10.48147209188401
88194ad0c9fffff,51.42883531760612,0.0010441179570662323,0.0,0.0,0.0,0.0,0.0,0.0,0.0,0.0,34.0,1.0,0.0,14.0,0.0,0.0,0.0,0.0,0.0,0.0,12731.947368421053,0.0,11.0,0.0,0.0,0,10.479971963463045
88194ad0cbfffff,51.42107549880537,0.005275550743956317,2.0,1.0,0.0,2.0,0.0,0.0,0.0,1.0,3.0,1.0,0.0,14.0,1.0,0.0,0.0,0.0,0.0,0.0,0.0,0.0,3.0,0.0,0.0,0,11.243342619111091
88194ad0cdfffff,51.430931246491525,-0.01111428074610623,4.0,1.0,0.0,3.0,0.0,0.0,0.0,0.0,4.0,2.0,0.0,12.0,0.0,1.0,0.0,0.0,0.0,20439.90158935594,32724.395833333332,1.0,18.0,0.0,0.0,1,9.667558823719505
88194ad0d1fffff,51.40555466390575,0.013734510737338326,20.0,4.0,1.0,78.0,6.0,0.0,1.0,9.0,47.0,237.0,0.0,24.0,14.0,17.0,1.0,0.0,1.0,62110.551547437964,28237.125,0.0,37.0,0.0,230.0,0,12.828573216616368
88194ad0d3fffff,51.39779364857753,0.017962039053118665,9.0,0.0,0.0,15.0,1.0,0.0,0.0,0.0,16.0,57.0,0.0,16.0,7.0,1.0,0.0,0.0,0.0,39622.08285580445,7468.0,0.0,25.0,0.0,0.0,0,13.643650167989248
88194ad0d5fffff,51.40765099720238,0.0015828547889123138,2.0,0.0,0.0,2.0,1.0,0.0,0.0,0.0,6.0,0.0,0.0,14.0,1.0,1.0,0.0,0.0,0.0,6434.345267823032,16467.25,0.0,4.0,0.0,0.0,0,12.062516057722185
88194ad0d7fffff,51.39989011600371,0.005812629339601738,0.0,0.0,0.0,0.0,0.0,0.0,0.0,0.0,6.0,0.0,0.0,12.0,0.0,0.0,0.0,0.0,0.0,4626.270793034278,588.0,0.0,2.0,0.0,0.0,0,12.891137048725883
88194ad0d9fffff,51.411218006967204,0.021657416420706135,3.0,1.0,0.0,5.0,0.0,0.0,0.0,0.0,8.0,0.0,0.0,10.0,1.0,3.0,0.0,0.0,0.0,31198.057998634937,20847.571428571428,0.0,6.0,0.0,0.0,0,12.820500748288707
88194ad0dbfffff,51.403457256077566,0.025883999116369228,1.0,1.0,0.0,0.0,1.0,0.0,0.0,0.0,9.0,3.0,0.0,3.0,0.0,0.0,1.0,0.0,0.0,22375.790524899487,595.5833333333334,0.0,5.0,0.0,0.0,0,13.607979027599344
88194ad0ddfffff,51.41331528077681,0.009505681485786161,1.0,0.0,0.0,0.0,0.0,0.0,0.0,0.0,5.0,2.0,0.0,9.0,0.0,1.0,0.0,0.0,0.0,2818.9304141201037,14206.351851851852,0.0,1.0,0.0,0.0,0,12.02747669282222
88194ad0e1fffff,51.42169362030305,-0.039122932342984085,1.0,3.0,0.0,0.0,0.0,0.0,0.0,0.0,4.0,2.0,0.0,6.0,0.0,0.0,0.0,0.0,0.0,0.0,5234.5,0.0,10.0,0.0,0.0,0,9.011836545205405
88194ad0e3fffff,51.41393354398762,-0.034885113334420924,3.0,0.0,1.0,0.0,0.0,0.0,0.0,0.0,22.0,4.0,0.0,13.0,1.0,0.0,0.0,0.0,0.0,11311.974638919854,8785.470588235294,0.0,12.0,0.0,0.0,0,9.875482555724249
88194ad0e5fffff,51.42378551329844,-0.05128550174584027,20.0,2.0,0.0,25.0,4.0,0.0,0.0,0.0,30.0,77.0,0.0,10.0,1.0,5.0,0.0,0.0,0.0,9052.540402172006,15105.513888888889,0.0,7.0,0.0,0.0,0,8.318458538421803
88194ad0e7fffff,51.41602557324281,-0.04704543441728968,9.0,1.0,0.0,9.0,0.0,0.0,0.0,0.0,20.0,17.0,0.0,13.0,3.0,0.0,0.0,0.0,0.0,386.2317136971602,6747.875,0.0,32.0,0.0,0.0,0,9.198282490485743
88194ad0e9fffff,51.42736046223417,-0.031199403357803124,9.0,3.0,0.0,1.0,0.0,0.0,0.0,0.0,14.0,7.0,0.0,15.0,0.0,0.0,0.0,0.0,0.0,119466.7427457969,3648.5,0.0,33.0,0.0,0.0,0,8.90061421054411
88194ad0ebfffff,51.41960064996161,-0.02696252880210796,1.0,3.0,1.0,0.0,0.0,0.0,0.0,0.0,4.0,1.0,0.0,12.0,0.0,0.0,0.0,0.0,0.0,6582.748912881574,0.0,0.0,10.0,0.0,0.0,0,9.734894285073036
88194ad0edfffff,51.42945329642682,-0.04336205554182271,4.0,2.0,0.0,5.0,0.0,0.0,0.0,1.0,13.0,15.0,0.0,15.0,1.0,0.0,0.0,0.0,0.0,5133.907390745487,25595.333333333332,0.0,8.0,0.0,0.0,0,8.158814506289536
88194ad101fffff,51.473019016510364,-0.1334070241939673,43.0,4.0,1.0,25.0,2.0,0.0,0.0,0.0,8.0,51.0,0.0,10.0,3.0,7.0,0.0,0.0,1.0,6845.828244363631,2146.0,0.0,59.0,0.0,275000.0,0,1.6261482975876138
88194ad103fffff,51.46526177943821,-0.1291491632404461,78.0,5.0,0.0,37.0,3.0,0.0,0.0,1.0,13.0,65.0,0.0,17.0,8.0,2.0,0.0,0.0,0.0,1267.452424202883,24376.375,0.0,75.0,1.0,275000.0,0,2.2861732497897025
88194ad105fffff,51.4751037331694,-0.1455938400826715,17.0,5.0,1.0,22.0,1.0,0.0,0.0,0.0,17.0,27.0,0.0,18.0,2.0,2.0,0.0,0.0,1.0,29970.021162202604,0.0,0.0,42.0,0.0,132000.0,0,2.0913269286724105
88194ad107fffff,51.46734663674196,-0.14133372533468824,50.0,3.0,1.0,26.0,3.0,0.0,1.0,2.0,6.0,38.0,0.0,11.0,4.0,2.0,0.0,0.0,0.0,1163.359779379733,11016.0,0.0,64.0,0.0,275000.0,0,2.4605827506347024
88194ad109fffff,51.47869019016645,-0.12547929064705898,77.0,2.0,1.0,27.0,1.0,0.0,0.0,1.0,13.0,40.0,0.0,14.0,6.0,1.0,0.0,0.0,0.0,9644.676092744474,19916.104166666668,1.0,72.0,1.0,275000.0,1,0.7985654536714308
88194ad10bfffff,51.47093321670943,-0.12122237278849868,39.0,1.0,1.0,17.0,4.0,0.0,0.0,0.0,17.0,38.0,0.0,20.0,12.0,2.0,0.0,0.0,0.0,7474.597157194804,15512.333333333334,1.0,69.0,1.0,275000.0,1,1.567336311418526
88194ad10dfffff,51.48077584943386,-0.13766619617441556,22.0,7.0,1.0,9.0,0.0,0.0,0.0,0.0,10.0,19.0,0.0,9.0,7.0,0.0,1.0,0.0,0.0,33569.22120333575,0.0,0.0,69.0,1.0,132000.0,0,1.314120474422538
88194ad111fffff,51.4554180587507,-0.11271246756696572,49.0,1.0,0.0,8.0,0.0,0.0,0.0,0.0,19.0,27.0,0.0,17.0,4.0,0.0,0.0,0.0,0.0,16417.14167495111,12649.034482758621,0.0,67.0,0.0,0.0,0,3.329933440040255
88194ad113fffff,51.44765987502078,-0.10845947908827776,10.0,0.0,0.0,4.0,0.0,0.0,0.0,1.0,34.0,12.0,1.0,8.0,5.0,0.0,0.0,0.0,0.0,98.04289105433774,17506.041666666668,0.0,34.0,0.0,0.0,0,4.231056785047391
88194ad115fffff,51.45750413860335,-0.1248926127556275,70.0,1.0,1.0,33.0,1.0,0.0,0.0,0.0,14.0,73.0,0.0,10.0,6.0,2.0,0.0,0.0,0.0,1913.9506739793835,12942.977777777778,0.0,85.0,0.0,33000.0,0,3.077946751842019
88194ad117fffff,51.44974609439176,-0.12063737218157063,61.0,2.0,0.0,15.0,3.0,0.0,0.0,0.0,15.0,28.0,0.0,7.0,5.0,4.0,1.0,0.0,0.0,19304.361732508987,0.0,0.0,58.0,0.0,0.0,0,3.92250128398989
88194ad119fffff,51.461088817345775,-0.10478653198142628,18.0,4.0,0.0,14.0,0.0,0.0,0.0,1.0,22.0,32.0,0.0,18.0,3.0,5.0,0.0,0.0,1.0,2994.5431213599213,7212.181818181818,0.0,62.0,0.0,132000.0,0,2.862608604807018
88194ad11bfffff,51.45333089724706,-0.1005344866890029,35.0,3.0,1.0,12.0,2.0,1.0,0.0,1.0,16.0,37.0,0.0,22.0,2.0,2.0,0.0,0.0,0.0,4384.509821030107,26155.050847457627,0.0,56.0,0.0,0.0,0,3.7741243151653636
88194ad11dfffff,51.46317583944222,-0.1169667652811333,126.0,3.0,1.0,73.0,2.0,0.0,2.0,3.0,26.0,117.0,0.0,35.0,22.0,7.0,0.0,0.0,3.0,20809.862685586264,20589.02380952381,0.0,107.0,2.0,33000.0,0,2.4372269334737178
88194ad121fffff,51.47151310090599,-0.16570933982433741,26.0,2.0,2.0,21.0,8.0,1.0,0.0,1.0,14.0,60.0,0.0,8.0,1.0,1.0,0.0,0.0,1.0,14433.873028262467,15936.953367875647,0.0,61.0,0.0,132000.0,0,3.5122537346892293
88194ad123fffff,51.46375588233894,-0.1614460289394796,25.0,5.0,1.0,54.0,5.0,0.0,1.0,1.0,19.0,89.0,0.0,15.0,9.0,4.0,0.0,0.0,0.0,31914.281073006132,21815.380952380954,0.0,88.0,0.0,0.0,0,3.7254264752623527
88194ad125fffff,51.47359470658295,-0.17790039116552148,37.0,6.0,0.0,8.0,0.0,0.0,3.0,0.0,55.0,24.0,0.0,14.0,2.0,0.0,1.0,2.0,0.0,9445.665416719614,0.0,0.0,22.0,0.0,400000.0,0,4.217855616903569
88194ad127fffff,51.46583762967146,-0.17363482611973383,42.0,4.0,2.0,50.0,5.0,0.0,0.0,1.0,27.0,76.0,0.0,31.0,18.0,5.0,0.0,0.0,1.0,36974.56015134071,21670.69135802469,0.0,67.0,3.0,132000.0,0,4.293196333316962
88194ad129fffff,51.47718736609472,-0.15778281992842455,18.0,2.0,1.0,16.0,3.0,2.0,6.0,0.0,127.0,27.0,0.0,4.0,3.0,0.0,0.0,0.0,0.0,39949.41149269963,20832.291666666668,11.0,20.0,0.0,132000.0,1,2.764925570134556
88194ad12bfffff,51.46943041076179,-0.15352045103818876,18.0,2.0,0.0,32.0,5.0,0.0,0.0,0.0,10.0,61.0,2.0,14.0,4.0,1.0,0.0,0.0,1.0,6400.288588212629,6529.673913043478,0.0,43.0,0.0,0.0,0,2.902432336698698
88194ad12dfffff,51.47926991469453,-0.16997396320405958,32.0,3.0,0.0,12.0,1.0,0.0,1.0,0.0,49.0,18.0,0.0,13.0,3.0,1.0,0.0,0.0,0.0,26451.902962821678,24219.235294117647,0.0,58.0,0.0,0.0,0,3.529625135553012
88194ad131fffff,51.45391528716263,-0.1449996481579405,29.0,5.0,1.0,33.0,1.0,3.0,0.0,0.0,12.0,64.0,1.0,19.0,3.0,1.0,0.0,0.0,0.0,10446.861050522986,21161.701754385966,0.0,72.0,3.0,275000.0,0,3.870169660674586
88194ad133fffff,51.446157119668676,-0.14074121305141604,14.0,2.0,2.0,2.0,0.0,0.0,0.0,0.0,5.0,9.0,0.0,6.0,0.0,1.0,0.0,0.0,0.0,0.0,0.0,0.0,63.0,0.0,0.0,0,4.555581288036554
88194ad135fffff,51.455998259379555,-0.1571840299908678,19.0,5.0,1.0,5.0,1.0,0.0,0.0,0.0,11.0,21.0,1.0,11.0,0.0,0.0,0.0,0.0,0.0,0.0,23577.75,0.0,25.0,0.0,275000.0,0,4.133646848375825
88194ad137fffff,51.44824023241407,-0.15292334242015462,20.0,4.0,0.0,23.0,4.0,0.0,0.0,0.0,14.0,44.0,0.0,9.0,4.0,9.0,0.0,0.0,0.0,10150.29172510945,17911.257142857143,0.0,62.0,0.0,0.0,0,4.686233227590781
88194ad139fffff,51.45958913621333,-0.13707492173084926,59.0,3.0,0.0,59.0,4.0,0.0,1.0,4.0,24.0,69.0,0.0,17.0,13.0,4.0,1.0,0.0,0.0,9934.260457491855,23481.647887323943,0.0,70.0,3.0,275000.0,0,3.0659930507959587
88194ad13bfffff,51.45183123196955,-0.13281742871298788,16.0,2.0,0.0,1.0,1.0,0.0,1.0,0.0,5.0,10.0,0.0,10.0,2.0,0.0,0.0,0.0,0.0,4047.2054648789954,0.0,0.0,59.0,0.0,0.0,0,3.7962270784226098
88194ad13dfffff,51.46167305098905,-0.14925939396749865,14.0,0.0,0.0,2.0,0.0,0.0,0.0,0.0,39.0,29.0,0.0,12.0,2.0,0.0,0.0,0.0,0.0,2396.1519109521046,16336.5,1.0,35.0,0.0,275000.0,1,3.296745166234018
88194ad141fffff,51.4921164630226,-0.12180780990656381,59.0,5.0,1.0,28.0,4.0,0.0,1.0,1.0,36.0,75.0,0.0,25.0,8.0,2.0,0.0,2.0,1.0,23577.09704483013,22326.64406779661,0.0,60.0,0.0,0.0,0,0.8016557910793528
88194ad143fffff,51.48436015758264,-0.11755052479585655,73.0,17.0,0.0,29.0,3.0,0.0,3.0,7.0,68.0,91.0,0.0,20.0,4.0,6.0,0.0,0.0,1.0,21569.675962987276,26209.345679012345,0.0,105.0,2.0,33000.0,0,0.18444131996283597
88194ad145fffff,51.49420292410662,-0.133997059651173,99.0,7.0,1.0,57.0,6.0,0.0,1.0,2.0,52.0,95.0,0.0,17.0,17.0,2.0,0.0,0.0,0.0,4002.232437985449,17733.20512820513,0.0,59.0,0.0,132000.0,0,1.411915117534423
88194ad147fffff,51.48644675942746,-0.12973751941509426,26.0,7.0,1.0,15.0,7.0,0.0,1.0,1.0,68.0,97.0,0.0,31.0,5.0,3.0,3.0,2.0,0.0,4126.44650340258,39702.31547619047,0.0,73.0,7.0,132000.0,0,0.6952783496187112
88194ad149fffff,51.497784960091906,-0.11387706775086913,98.0,5.0,1.0,64.0,6.0,0.0,0.0,2.0,43.0,206.0,0.0,27.0,21.0,2.0,3.0,0.0,2.0,40506.646162591474,17792.692708333332,0.0,112.0,1.0,0.0,0,1.4846340531060895
88194ad14bfffff,51.49002891863148,-0.10962072674244687,73.0,5.0,2.0,36.0,3.0,0.0,1.0,1.0,36.0,63.0,1.0,18.0,12.0,3.0,1.0,0.0,1.0,20359.210336348708,13538.441176470587,11.0,100.0,0.0,0.0,1,0.9125784074264345
88194ad14dfffff,51.499872363833525,-0.12606640636769284,35.0,1.0,0.0,17.0,2.0,0.0,4.0,0.0,21.0,137.0,0.0,29.0,17.0,3.0,3.0,2.0,0.0,54286.05297734688,25774.541666666668,0.0,83.0,5.0,0.0,0,1.7074629496834963
88194ad151fffff,51.47451562322459,-0.10111197618884615,34.0,4.0,3.0,8.0,5.0,0.0,0.0,1.0,31.0,28.0,1.0,14.0,2.0,2.0,0.0,0.0,0.0,13696.458217332873,15952.247524752474,0.0,61.0,0.0,275000.0,0,1.7556890342505973
88194ad153fffff,51.466758370049426,-0.09685956552716951,70.0,0.0,0.0,19.0,3.0,0.0,2.0,1.0,97.0,84.0,0.0,14.0,4.0,5.0,0.0,0.0,0.0,22781.15679988381,19320.28,0.0,69.0,0.0,132000.0,0,2.5891573862054114
88194ad155fffff,51.47660344789935,-0.11329455047694274,82.0,3.0,2.0,20.0,5.0,0.0,0.0,0.0,18.0,55.0,0.0,15.0,12.0,3.0,0.0,0.0,1.0,750.7646709437643,16686.428571428572,0.0,83.0,0.0,275000.0,0,1.043879308962365
88194ad157fffff,51.46884633435847,-0.10903988639148443,24.0,1.0,2.0,13.0,1.0,0.0,0.0,1.0,12.0,21.0,0.0,13.0,2.0,3.0,0.0,0.0,0.0,18135.76991504892,12962.5,0.0,81.0,0.0,275000.0,0,1.9518715351383085
88194ad159fffff,51.48018370591322,-0.09318303477557406,37.0,4.0,1.0,29.0,3.0,0.0,0.0,0.0,16.0,78.0,0.0,12.0,12.0,7.0,0.0,0.0,0.0,10349.35490468386,12933.2,0.0,38.0,0.0,275000.0,0,1.9384285583605931
88194ad15bfffff,51.47242671673424,-0.08893156830658648,56.0,3.0,0.0,69.0,9.0,0.0,0.0,0.0,35.0,120.0,0.0,19.0,4.0,2.0,0.0,0.0,2.0,32738.263996691705,23793.722222222223,0.0,37.0,0.0,0.0,0,2.5720781974616727
88194ad15dfffff,51.4822724728805,-0.1053656964078995,45.0,0.0,1.0,13.0,5.0,1.0,1.0,1.0,11.0,33.0,0.0,18.0,3.0,2.0,2.0,0.0,0.0,5221.573763641239,29293.675324675325,0.0,56.0,0.0,0.0,0,1.060903611524388
88194ad161fffff,51.49061671217661,-0.15411800524519897,60.0,8.0,0.0,36.0,4.0,0.0,5.0,1.0,83.0,145.0,0.0,33.0,20.0,2.0,2.0,0.0,0.0,5785.354795371098,13876.433962264151,0.0,59.0,1.0,132000.0,0,2.450810715828513
88194ad163fffff,51.48286042510961,-0.14985526653326414,17.0,5.0,0.0,25.0,0.0,0.0,1.0,1.0,32.0,52.0,0.0,7.0,0.0,0.0,0.0,3.0,0.0,11530.745665149509,29522.291666666668,0.0,24.0,0.0,0.0,0,2.087510889560069
88194ad165fffff,51.49270006189681,-0.1663114954025253,113.0,10.0,0.0,47.0,10.0,0.0,3.0,1.0,85.0,276.0,0.0,15.0,6.0,3.0,0.0,0.0,0.0,10389.71156906236,15185.341463414634,0.0,47.0,0.0,132000.0,0,3.3288047347866163
88194ad167fffff,51.48494391660174,-0.16204650119687677,51.0,4.0,1.0,7.0,2.0,0.0,0.0,0.0,94.0,43.0,0.0,6.0,4.0,2.0,0.0,2.0,0.0,10628.059740603143,21380.881355932204,0.0,27.0,0.0,0.0,0,2.920697540245316
88194ad169fffff,51.496288301291294,-0.14618847545042332,85.0,8.0,1.0,119.0,7.0,0.0,2.0,5.0,59.0,148.0,0.0,61.0,24.0,12.0,0.0,0.0,0.0,16693.32398082785,22438.902298850575,0.0,108.0,8.0,132000.0,0,2.2103746955501604
88194ad16bfffff,51.488532277822806,-0.14192667974030262,96.0,5.0,1.0,22.0,4.0,0.0,2.0,1.0,41.0,96.0,0.0,16.0,9.0,3.0,0.0,0.0,0.0,6864.838256839223,6081.194444444444,2.0,36.0,0.0,132000.0,1,1.572926195549838
88194ad16dfffff,51.498372593984435,-0.15838205677750675,80.0,10.0,0.0,48.0,5.0,0.0,0.0,1.0,44.0,181.0,0.0,16.0,11.0,8.0,0.0,0.0,0.0,3953.7768303139733,29919.406779661018,2.0,62.0,5.0,132000.0,1,3.0528360476306817
88194ad181fffff,51.41870989149868,-0.10362949784412885,1.0,0.0,0.0,6.0,1.0,0.0,0.0,0.0,11.0,13.0,0.0,9.0,0.0,1.0,0.0,0.0,0.0,0.0,15657.148148148148,0.0,22.0,0.0,0.0,0,7.462509234260412
88194ad183fffff,51.410949836194085,-0.09938079846475432,1.0,0.0,0.0,1.0,0.0,0.0,0.0,0.0,4.0,6.0,0.0,7.0,1.0,0.0,0.0,0.0,0.0,0.0,2423.8333333333335,0.0,0.0,0.0,0.0,0,8.362359851727064
88194ad185fffff,51.42079558556489,-0.11580055134795485,1.0,0.0,0.0,2.0,0.0,0.0,1.0,0.0,27.0,4.0,0.0,6.0,3.0,0.0,0.0,0.0,0.0,2773.048491953563,14645.285714285714,0.0,16.0,0.0,0.0,0,7.149148487278315
88194ad187fffff,51.4130356685371,-0.11154960289744498,0.0,0.0,0.0,0.0,0.0,0.0,0.0,0.0,3.0,0.0,0.0,5.0,0.0,0.0,0.0,0.0,0.0,1227.363135018992,10306.727272727272,0.0,10.0,0.0,0.0,0,8.028048004415785
88194ad189fffff,51.42438290946001,-0.09570836349229711,6.0,2.0,0.0,0.0,0.0,0.0,0.0,0.0,40.0,84.0,0.0,15.0,0.0,1.0,0.0,0.0,0.0,533.8300792193463,2790.4444444444443,0.0,27.0,0.0,0.0,0,6.952233286886199
88194ad18bfffff,51.416623117436025,-0.0914606063841442,2.0,0.0,0.0,1.0,0.0,0.0,0.0,0.0,24.0,3.0,0.0,14.0,0.0,0.0,0.0,0.0,0.0,5238.358026935316,15998.0625,0.0,16.0,0.0,0.0,0,7.8618367130200895
88194ad18dfffff,51.42646954535684,-0.10787950434883874,3.0,0.0,0.0,4.0,2.0,0.0,0.0,0.0,7.0,7.0,0.0,11.0,1.0,1.0,0.0,0.0,0.0,1233.646198022099,11156.472222222223,0.0,13.0,0.0,0.0,0,6.566192427732418
88194ad191fffff,51.401102330448715,-0.08296901096544233,2.0,1.0,0.0,0.0,0.0,0.0,0.0,0.0,17.0,0.0,0.0,14.0,0.0,0.0,0.0,0.0,1.0,35595.87079102417,9715.465517241379,0.0,5.0,0.0,0.0,0,9.682757290074674
88194ad193fffff,51.39334133625755,-0.07872517154318827,4.0,0.0,0.0,0.0,0.0,1.0,0.0,0.0,4.0,3.0,0.0,13.0,0.0,0.0,0.0,0.0,0.0,6743.037313815911,13073.541666666666,0.0,2.0,0.0,0.0,0,10.593794223315975
88194ad195fffff,51.40318937982923,-0.0951334056544843,3.0,0.0,0.0,6.0,3.0,1.0,0.0,0.0,21.0,29.0,1.0,7.0,1.0,1.0,0.0,0.0,0.0,0.0,348.0833333333333,0.0,4.0,0.0,0.0,0,9.264722872055613
88194ad197fffff,51.39542852279026,-0.09088731885738068,18.0,1.0,0.0,3.0,1.0,0.0,0.0,0.0,11.0,4.0,0.0,12.0,0.0,3.0,0.0,0.0,1.0,35595.87079102417,15738.685714285713,0.0,16.0,0.0,0.0,0,10.168936958862894
88194ad199fffff,51.406774933456546,-0.07504967520573329,0.0,0.0,0.0,1.0,0.0,0.0,0.0,0.0,2.0,8.0,0.0,8.0,0.0,0.0,0.0,1.0,0.0,582.8150442533203,0.0,0.0,0.0,0.0,0.0,0,9.247133884021478
88194ad19bfffff,51.39901420256039,-0.07080677814321835,9.0,1.0,0.0,7.0,1.0,0.0,1.0,0.0,12.0,8.0,0.0,13.0,0.0,2.0,0.0,0.0,0.0,12074.91850070313,10961.111111111111,0.0,16.0,0.0,0.0,0,10.159556072143245
88194ad19dfffff,51.40886292430358,-0.08721415572719055,2.0,1.0,0.0,3.0,1.0,0.0,0.0,0.0,12.0,10.0,0.0,15.0,0.0,0.0,0.0,0.0,1.0,0.0,17543.625,0.0,14.0,0.0,0.0,0,8.772067762522639
88194ad1a1fffff,51.4172040922168,-0.1358936947595091,18.0,1.0,0.0,4.0,2.0,0.0,0.0,0.0,6.0,15.0,0.0,7.0,0.0,1.0,0.0,0.0,0.0,27826.79217261726,1318.0,0.0,37.0,0.0,0.0,0,7.62325083851358
88194ad1a3fffff,51.40944405101527,-0.1316395557131895,0.0,0.0,0.0,0.0,0.0,0.0,0.0,0.0,5.0,1.0,0.0,5.0,0.0,0.0,0.0,0.0,0.0,5562.790026901283,4727.0,0.0,11.0,0.0,0.0,0,8.444972416562345
88194ad1a5fffff,51.41928668237174,-0.14806898114210906,5.0,0.0,0.0,1.0,2.0,0.0,0.0,0.0,4.0,1.0,0.0,11.0,1.0,2.0,0.0,0.0,0.0,0.0,639.3636363636364,0.0,29.0,0.0,0.0,0,7.5669453176419355
88194ad1a7fffff,51.411526780456136,-0.14381259265537052,12.0,3.0,0.0,8.0,1.0,0.0,0.0,0.0,7.0,16.0,0.0,16.0,0.0,0.0,0.0,0.0,0.0,857.939750393931,8981.0,0.0,23.0,0.0,0.0,0,8.340338204765267
88194ad1a9fffff,51.4228801990436,-0.1279737663731593,20.0,4.0,0.0,2.0,0.0,0.0,0.0,1.0,29.0,5.0,0.0,21.0,3.0,0.0,0.0,0.0,0.0,22538.749084572242,36544.192307692305,0.0,48.0,1.0,0.0,0,6.933449186862695
88194ad1abfffff,51.41512042074163,-0.12372056850332924,21.0,1.0,0.0,7.0,0.0,0.0,0.0,1.0,8.0,47.0,0.0,12.0,0.0,2.0,0.0,0.0,1.0,12880.11469454346,20684.208333333332,1.0,48.0,0.0,0.0,1,7.778884973360006
88194ad1adfffff,51.4249637313438,-0.14014914239631096,7.0,1.0,0.0,2.0,0.0,0.0,0.0,0.0,3.0,8.0,0.0,9.0,0.0,0.0,0.0,0.0,0.0,760.9167067591864,13850.083333333334,0.0,25.0,0.0,0.0,0,6.824706997518672
88194ad1b1fffff,51.399599659314994,-0.11521809595751052,11.0,0.0,0.0,0.0,1.0,0.0,0.0,0.0,7.0,3.0,0.0,8.0,0.0,0.0,0.0,0.0,1.0,8452.767308316576,372.0,11.0,28.0,0.0,0.0,1,9.5071781920206
88194ad1b3fffff,51.391838676963005,-0.11096882016899613,14.0,2.0,0.0,9.0,21.0,0.0,0.0,0.0,13.0,16.0,0.0,19.0,1.0,2.0,0.0,0.0,0.0,50535.01551183248,9704.916666666666,0.0,25.0,0.0,0.0,0,10.383823644587071
88194ad1b5fffff,51.4016836081256,-0.12738672470071952,7.0,0.0,1.0,1.0,1.0,0.0,0.0,0.0,6.0,6.0,0.0,13.0,0.0,0.0,0.0,0.0,0.0,6939.519590383669,0.0,0.0,12.0,0.0,0.0,0,9.283727451101162
88194ad1b7fffff,51.393922763934235,-0.12313520116575123,8.0,0.0,0.0,0.0,0.0,0.0,0.0,0.0,4.0,1.0,0.0,2.0,0.0,0.0,0.0,0.0,0.0,5104.806896716251,24794.8,21.0,4.0,0.0,0.0,1,10.13529547532242
88194ad1b9fffff,51.40527535011103,-0.10729996168989103,2.0,1.0,0.0,7.0,0.0,0.0,0.0,0.0,10.0,25.0,0.0,13.0,0.0,1.0,0.0,0.0,0.0,2206.1772707365017,12379.130434782608,0.0,7.0,0.0,0.0,0,8.913746939076615
88194ad1bbfffff,51.39751463067298,-0.10305162716911687,5.0,1.0,0.0,10.0,1.0,0.0,1.0,1.0,10.0,27.0,0.0,18.0,0.0,0.0,0.0,0.0,0.0,20773.459779564593,9837.0,0.0,22.0,0.0,0.0,0,9.80441050948438
88194ad1bdfffff,51.40736024070332,-0.11946867855024769,12.0,0.0,0.0,3.0,0.0,0.0,0.0,0.0,6.0,8.0,0.0,13.0,0.0,2.0,0.0,0.0,0.0,637.3867078670028,14339.885714285714,0.0,22.0,0.0,0.0,0,8.638030669138818
88194ad1c1fffff,51.437813849334894,-0.0920343212274169,15.0,1.0,0.0,3.0,2.0,0.0,0.0,0.0,12.0,26.0,0.0,15.0,3.0,0.0,0.0,0.0,0.0,8912.328884305258,0.0,0.0,47.0,0.0,0.0,0,5.598024917722626
88194ad1c3fffff,51.43005472229317,-0.087786199944142,17.0,7.0,1.0,1.0,1.0,0.0,0.0,0.0,39.0,260.0,0.0,14.0,11.0,0.0,0.0,0.0,0.0,2887.0831576690616,18508.0,0.0,42.0,0.0,0.0,0,6.510189817192518
88194ad1c5fffff,51.439901288638374,-0.1042077992876518,50.0,4.0,0.0,27.0,8.0,0.0,0.0,0.0,9.0,113.0,0.0,20.0,8.0,3.0,0.0,0.0,0.0,1922.594211043854,26019.229166666668,0.0,106.0,0.0,0.0,0,5.136183691346452
88194ad1c7fffff,51.432142299989465,-0.09995742760794209,51.0,3.0,0.0,41.0,2.0,0.0,1.0,3.0,14.0,97.0,0.0,15.0,2.0,3.0,0.0,0.0,1.0,5853.841051642255,12868.203703703704,0.0,41.0,0.0,0.0,0,6.043528275025177
88194ad1c9fffff,51.44348419326543,-0.08411018530959537,14.0,0.0,0.0,2.0,0.0,1.0,0.0,0.0,27.0,10.0,0.0,8.0,1.0,0.0,0.0,0.0,0.0,23944.763676809573,8368.857142857143,0.0,25.0,0.0,0.0,0,5.249317644238587
88194ad1cbfffff,51.43572532987045,-0.07986300730204027,5.0,1.0,0.0,0.0,0.0,0.0,0.0,0.0,5.0,1.0,0.0,1.0,1.0,0.0,0.0,0.0,0.0,8829.098222144346,0.0,0.0,7.0,0.0,0.0,0,6.151066677889699
88194ad1cdfffff,51.44557257444814,-0.09628374995673356,23.0,3.0,1.0,3.0,0.0,0.0,0.0,0.0,25.0,9.0,0.0,5.0,1.0,0.0,0.0,0.0,0.0,10357.44618810765,13246.916666666666,0.0,46.0,0.0,0.0,0,4.6859806793509575
88194ad1d1fffff,51.42020639869481,-0.0713725710438773,16.0,0.0,0.0,2.0,0.0,0.0,1.0,0.0,76.0,58.0,0.0,8.0,4.0,0.0,0.0,0.0,0.0,31932.363067121787,0.0,0.0,5.0,0.0,0.0,0,7.961892860916708
88194ad1d3fffff,51.412446331685864,-0.0671293116807533,14.0,0.0,2.0,3.0,2.0,1.0,0.0,1.0,16.0,12.0,0.0,19.0,4.0,0.0,0.0,0.0,0.0,34925.56165124192,13631.8125,0.0,9.0,0.0,0.0,0,8.869491182444257
88194ad1d5fffff,51.42229519370891,-0.08353938555028424,22.0,4.0,0.0,8.0,0.0,0.0,1.0,1.0,21.0,26.0,0.0,16.0,9.0,0.0,0.0,0.0,0.0,6965.188060172285,18196.125,0.0,44.0,0.0,0.0,0,7.422441178625284
88194ad1d7fffff,51.41453526396805,-0.07929387748950367,14.0,0.0,0.0,1.0,0.0,0.0,0.0,0.0,27.0,6.0,0.0,11.0,4.0,1.0,0.0,0.0,1.0,9561.061416475059,11700.371428571429,0.0,11.0,0.0,0.0,0,8.334759756367436
88194ad1d9fffff,51.42587632835623,-0.06345023649294318,3.0,0.0,0.0,0.0,0.0,0.0,0.0,0.0,38.0,3.0,0.0,14.0,0.0,0.0,0.0,0.0,0.0,10906.366643261057,19675.666666666668,0.0,9.0,0.0,0.0,0,7.662847508685009
88194ad1dbfffff,51.418116525009,-0.05920792049316324,16.0,0.0,1.0,12.0,0.0,0.0,1.0,1.0,55.0,32.0,0.0,15.0,6.0,1.0,0.0,0.0,0.0,18844.879685520355,18450.583333333332,0.0,13.0,0.0,0.0,0,8.557479826896477
88194ad1ddfffff,51.42796606488497,-0.07561713606559999,2.0,1.0,0.0,1.0,0.0,0.0,0.0,0.0,13.0,3.0,0.0,16.0,0.0,1.0,0.0,0.0,2.0,2061.889632867027,32004.854166666668,0.0,32.0,0.0,0.0,0,7.055567860363754
88194ad1e1fffff,51.43631421388087,-0.12430637220396194,50.0,1.0,0.0,28.0,2.0,0.0,0.0,1.0,9.0,52.0,1.0,21.0,3.0,3.0,0.0,0.0,0.0,3848.250129674154,14803.375,0.0,86.0,0.0,0.0,0,5.424900926553315
88194ad1e3fffff,51.42855510080821,-0.12005280759787619,3.0,0.0,0.0,0.0,0.0,0.0,0.0,0.0,7.0,4.0,0.0,11.0,3.0,0.0,0.0,0.0,0.0,5760.716124522163,0.0,0.0,37.0,0.0,0.0,0,6.279891725391697
88194ad1e5fffff,51.43839854889338,-0.13648408809009197,2.0,0.0,0.0,1.0,0.0,0.0,0.0,0.0,5.0,5.0,0.0,3.0,0.0,0.0,0.0,0.0,0.0,0.0,611.3636363636364,0.0,11.0,0.0,0.0,0,5.30980275613289
88194ad1e7fffff,51.43063957522293,-0.13222827271642135,33.0,2.0,0.0,12.0,3.0,0.0,0.0,1.0,11.0,45.0,0.0,22.0,4.0,9.0,0.0,0.0,0.0,6434.917949691237,17797.536842105263,1.0,74.0,0.0,0.0,1,6.10740696726981
88194ad1e9fffff,51.44198764718946,-0.11638344096061877,8.0,0.0,0.0,1.0,2.0,0.0,0.0,0.0,8.0,14.0,0.0,17.0,3.0,0.0,0.0,0.0,0.0,1634.3582192478734,26047.69230769231,0.0,77.0,0.0,0.0,0,4.79202692143215
88194ad1ebfffff,51.43422879738247,-0.11213081853540095,4.0,3.0,0.0,1.0,0.0,0.0,1.0,0.0,9.0,6.0,0.0,17.0,2.0,1.0,0.0,0.0,0.0,924.4842944539155,234.0,0.0,25.0,0.0,0.0,0,5.6750706221908835
88194ad1edfffff,51.444072924396686,-0.12856124572323055,35.0,0.0,0.0,8.0,1.0,0.0,0.0,1.0,7.0,10.0,0.0,18.0,3.0,2.0,0.0,0.0,0.0,2475.280097460216,31633.041666666668,1.0,63.0,0.0,0.0,1,4.592134700511752
88194ad201fffff,51.4980224299704,0.007360002499084184,35.0,1.0,0.0,17.0,1.0,0.0,1.0,2.0,102.0,29.0,0.0,14.0,6.0,0.0,0.0,0.0,0.0,229661.08766028253,62866.91428571429,0.0,69.0,3.0,0.0,0,8.96345606627757
88194ad203fffff,51.49026607505743,0.011595469746500149,18.0,7.0,0.0,9.0,0.0,0.0,4.0,1.0,26.0,19.0,0.0,15.0,2.0,0.0,0.0,0.0,1.0,109395.1209099728,29832.027027027027,0.0,114.0,0.0,0.0,0,9.159287134505854
88194ad205fffff,51.50012130678209,-0.004812224224503367,13.0,1.0,1.0,1.0,0.0,0.0,0.0,0.0,19.0,19.0,0.0,5.0,2.0,1.0,0.0,0.0,0.0,20785.297785375642,2705.9,0.0,28.0,0.0,0.0,0,8.174982504704955
88194ad207fffff,51.49236508858963,-0.0005745033672454187,2.0,1.0,0.0,1.0,0.0,0.0,0.0,0.0,11.0,4.0,0.0,3.0,1.0,0.0,0.0,0.0,0.0,5311.2408859058205,8801.5,0.0,9.0,0.0,0.0,0,8.335396040039898
88194ad209fffff,51.50367856457575,0.015295536216528972,2.0,2.0,0.0,2.0,0.0,3.0,0.0,3.0,31.0,47.0,0.0,0.0,0.0,1.0,0.0,2.0,0.0,9196.2070543739,19062.02857142857,0.0,20.0,0.0,0.0,0,9.623219680353476
88194ad20bfffff,51.49592247516699,0.019530054985958833,13.0,0.0,0.0,1.0,1.0,0.0,1.0,0.0,25.0,18.0,0.0,0.0,0.0,0.0,0.0,2.0,0.0,4006.915579870345,0.0,0.0,20.0,0.0,0.0,0,9.766953324408565
88194ad20dfffff,51.50577838277002,0.0031232297970454083,6.0,0.0,1.0,3.0,0.0,0.0,0.0,0.0,53.0,44.0,0.0,0.0,0.0,0.0,0.0,2.0,0.0,8628.734427109668,0.0,0.0,11.0,0.0,132000.0,0,8.857596300635011
88194ad211fffff,51.4804090914065,0.027995178752076993,5.0,0.0,2.0,1.0,2.0,0.0,0.0,0.0,14.0,50.0,0.0,10.0,2.0,2.0,0.0,0.0,0.0,15412.557641870224,74035.2,0.0,62.0,0.0,0.0,0,10.29342968881898
88194ad213fffff,51.47265179782406,0.03222578486202675,3.0,0.0,0.0,4.0,3.0,0.0,0.0,0.0,6.0,11.0,1.0,13.0,0.0,1.0,0.0,0.0,0.0,3579.2520716496365,86836.33333333333,0.0,70.0,0.0,0.0,0,10.66439396378581
88194ad215fffff,51.482509318415794,0.015829632096302785,8.0,3.0,1.0,11.0,2.0,0.0,0.0,1.0,33.0,20.0,1.0,15.0,2.0,1.0,2.0,0.0,0.0,5297.257813884435,42720.51282051282,0.0,98.0,0.0,0.0,0,9.439499683803168
88194ad217fffff,51.474752160430235,0.02006249010520313,6.0,1.0,0.0,12.0,5.0,0.0,0.0,0.0,43.0,49.0,0.0,21.0,9.0,1.0,1.0,0.0,0.0,11451.320350315034,50337.11842105263,111.0,86.0,0.0,0.0,1,9.79686370084721
88194ad219fffff,51.48606481595757,0.035928893815067094,3.0,22.0,0.0,7.0,0.0,0.0,3.0,0.0,11.0,63.0,0.0,20.0,2.0,1.0,0.0,0.0,0.0,91411.42833473664,1550.4,0.0,52.0,0.0,0.0,0,10.831856691601601
88194ad21bfffff,51.47830778789612,0.04015855136758261,6.0,0.0,0.0,9.0,3.0,0.0,0.0,0.0,34.0,18.0,0.0,5.0,2.0,0.0,0.0,0.0,0.0,19384.068210789716,10439.0625,0.0,49.0,0.0,0.0,0,11.150840407509078
88194ad21dfffff,51.48816598398236,0.023763268978882937,11.0,15.0,0.0,9.0,3.0,0.0,0.0,2.0,19.0,74.0,0.0,9.0,1.0,2.0,0.0,0.0,0.0,227809.0536807426,14046.69696969697,0.0,101.0,0.0,0.0,0,9.992135508402667
88194ad221fffff,51.496559880653244,-0.024920969174673527,13.0,2.0,0.0,10.0,1.0,0.0,0.0,0.0,36.0,40.0,0.0,8.0,1.0,1.0,1.0,0.0,1.0,22407.723702341907,6585.714285714285,0.0,13.0,0.0,0.0,0,6.727745334049366
88194ad223fffff,51.488803534507305,-0.020680046964765816,8.0,5.0,0.0,5.0,0.0,1.0,0.0,2.0,18.0,16.0,0.0,11.0,1.0,1.0,0.0,2.0,1.0,6086.850557113389,2377.2727272727275,0.0,13.0,0.0,11000.0,0,6.911771591780626
88194ad225fffff,51.49865565799862,-0.03709746083385521,14.0,1.0,1.0,4.0,1.0,0.0,1.0,0.0,15.0,12.0,0.0,10.0,1.0,0.0,0.0,0.0,5.0,26790.056193965418,0.0,0.0,18.0,0.0,0.0,0,5.954897412295392
88194ad227fffff,51.49089944958263,-0.03285428462891014,34.0,1.0,2.0,2.0,2.0,1.0,1.0,1.0,21.0,15.0,0.0,9.0,1.0,1.0,0.0,2.0,2.0,12650.982256004056,0.0,0.0,13.0,0.0,0.0,0,6.0885208379562705
88194ad229fffff,51.502219105008884,-0.0169866246684678,73.0,17.0,3.0,168.0,6.0,0.0,0.0,6.0,189.0,234.0,0.0,28.0,2.0,15.0,1.0,2.0,1.0,8801.519070316348,8163.666666666667,0.0,61.0,6.0,0.0,0,7.406359514887866
88194ad22bfffff,51.49446302398592,-0.01274664984655261,28.0,8.0,2.0,24.0,5.0,0.0,0.0,0.0,111.0,52.0,1.0,16.0,4.0,1.0,0.0,0.0,0.0,69069.6836502919,4646.0,0.0,17.0,0.0,0.0,0,7.523432212812374
88194ad22dfffff,51.504315824057635,-0.029163198315541195,34.0,10.0,3.0,16.0,1.0,0.0,1.0,0.0,70.0,64.0,0.0,12.0,3.0,1.0,0.0,4.0,2.0,11507.02381905845,4242.272727272727,0.0,26.0,0.0,66000.0,0,6.664488921164523
88194ad231fffff,51.47894965511344,-0.004270618405242291,20.0,1.0,0.0,60.0,0.0,3.0,6.0,1.0,178.0,135.0,0.0,9.0,16.0,1.0,1.0,0.0,0.0,49808.07446306683,9449.79411764706,0.0,41.0,0.0,0.0,0,8.067608983728631
88194ad233fffff,51.47119236803371,-3.456067175928538e-05,4.0,1.0,0.0,0.0,0.0,0.0,1.0,0.0,165.0,17.0,0.0,9.0,3.0,1.0,0.0,0.0,0.0,5132.520979113936,3433.0,0.0,34.0,0.0,0.0,0,8.474847090080607
88194ad235fffff,51.48104678600478,-0.01644043112840837,32.0,4.0,2.0,32.0,7.0,0.0,2.0,0.0,93.0,67.0,0.0,15.0,2.0,0.0,0.0,0.0,1.0,9756.483130026383,13643.142857142857,0.0,75.0,1.0,132000.0,0,7.2073333598169675
88194ad237fffff,51.473289635530655,-0.012202121108461824,21.0,14.0,0.0,17.0,2.0,0.0,1.0,0.0,24.0,33.0,2.0,16.0,2.0,1.0,0.0,0.0,2.0,15455.399904467431,9538.966101694916,0.0,73.0,0.0,0.0,0,7.601441553866294
88194ad239fffff,51.484608468331,0.0036619119145636266,25.0,3.0,1.0,49.0,2.0,2.0,0.0,3.0,57.0,103.0,0.0,15.0,12.0,2.0,2.0,0.0,0.0,18718.969444506456,22282.875,0.0,138.0,0.0,0.0,0,8.590111865298661
88194ad23bfffff,51.47685144639098,0.007897022177868048,2.0,0.0,1.0,2.0,0.0,0.0,1.0,0.0,96.0,18.0,0.0,8.0,1.0,0.0,0.0,0.0,0.0,8714.025805874233,2157.0,0.0,63.0,0.0,0.0,0,8.931073651831618
88194ad23dfffff,51.48670654055914,-0.008507981277872598,21.0,2.0,1.0,9.0,1.0,0.0,4.0,0.0,79.0,51.0,0.0,9.0,1.0,2.0,1.0,2.0,0.0,29644.43515789681,0.0,0.0,16.0,1.0,0.0,0,7.746786357127896
88194ad241fffff,51.517088913818675,0.018997222620244354,19.0,2.0,2.0,25.0,1.0,1.0,0.0,0.0,19.0,62.0,0.0,7.0,3.0,2.0,1.0,0.0,1.0,18329.532199428402,42491.666666666664,0.0,85.0,0.0,0.0,0,10.290941690509673
88194ad243fffff,51.509333492280156,0.023232097680315113,20.0,6.0,0.0,31.0,1.0,0.0,0.0,1.0,89.0,79.0,0.0,18.0,4.0,0.0,0.0,0.0,0.0,27820.4571286916,2379.25,3.0,56.0,0.0,400000.0,1,10.308577489100125
88194ad245fffff,51.519189536527286,0.006822582119648622,20.0,1.0,2.0,28.0,5.0,0.0,0.0,3.0,37.0,84.0,1.0,20.0,1.0,1.0,1.0,0.0,0.0,70693.04482690268,0.0,4.0,77.0,0.0,400000.0,1,9.592644332390858
88194ad247fffff,51.511434251824035,0.01105971211353881,47.0,5.0,2.0,25.0,3.0,0.0,0.0,2.0,69.0,94.0,2.0,25.0,0.0,1.0,0.0,0.0,7.0,15478.369515161616,18939.396226415094,4.0,101.0,5.0,400000.0,1,9.564599190474613
88194ad249fffff,51.52274236862862,0.026935761212248263,19.0,2.0,1.0,31.0,8.0,0.0,0.0,0.0,35.0,97.0,0.0,23.0,1.0,2.0,0.0,0.0,0.0,28231.275959187034,8040.3,0.0,75.0,0.0,0.0,0,11.032782395799318
88194ad24bfffff,51.51498721295827,0.031169686785490657,10.0,1.0,0.0,8.0,1.0,0.0,0.0,0.0,36.0,33.0,0.0,12.0,0.0,1.0,0.0,0.0,1.0,23720.83928093839,14868.76,0.0,80.0,0.0,0.0,0,11.014730534283455
88194ad24dfffff,51.524843932765215,0.014761041790506245,4.0,2.0,0.0,2.0,0.0,0.0,4.0,0.0,22.0,43.0,0.0,7.0,0.0,1.0,0.0,0.0,2.0,7892.496872681335,825.0,0.0,30.0,0.0,0.0,0,10.353840633083664
88194ad251fffff,51.49947569523854,0.0396336232169002,2.0,8.0,1.0,2.0,0.0,0.0,0.0,1.0,83.0,78.0,0.0,3.0,1.0,0.0,0.0,0.0,0.0,39160.54585772636,0.0,0.0,21.0,0.0,0.0,0,11.20328747714618
88194ad253fffff,51.49171933395797,0.04386363518910433,6.0,3.0,0.0,9.0,0.0,0.0,5.0,0.0,33.0,58.0,1.0,13.0,4.0,0.0,0.0,0.0,1.0,65445.88860848318,614.0,0.0,68.0,0.0,0.0,0,11.406196471958568
88194ad255fffff,51.50157766853413,0.0274656675281192,42.0,11.0,3.0,14.0,4.0,1.0,32.0,1.0,139.0,221.0,0.0,10.0,10.0,2.0,1.0,0.0,0.0,53053.27821809263,0.0,0.0,49.0,0.0,0.0,0,10.406345986527613
88194ad257fffff,51.49382144296509,0.03169793272076205,1.0,0.0,0.0,0.0,0.0,0.0,1.0,0.0,7.0,7.0,0.0,1.0,0.0,0.0,0.0,0.0,2.0,90226.66393153417,0.0,0.0,3.0,0.0,0.0,0,10.582033616890454
88194ad259fffff,51.505128740677435,0.047570340362084094,8.0,4.0,0.0,11.0,0.0,0.0,0.0,0.0,36.0,47.0,0.0,11.0,2.0,2.0,0.0,0.0,0.0,99085.90298101415,0.0,0.0,67.0,0.0,0.0,0,11.850946044208786
88194ad25bfffff,51.49737264528238,0.05179940276892613,0.0,0.0,0.0,0.0,0.0,0.0,1.0,0.0,38.0,9.0,0.0,3.0,1.0,1.0,0.0,0.0,0.0,16235.806053479122,0.0,0.0,8.0,0.0,0.0,0,12.01127787317725
88194ad25dfffff,51.50723165503344,0.03540230726798637,12.0,1.0,0.0,5.0,0.0,0.0,0.0,1.0,32.0,29.0,0.0,10.0,0.0,0.0,0.0,0.0,0.0,99590.47591709274,18439.333333333332,2.0,26.0,0.0,400000.0,1,11.071947664748942
88194ad261fffff,51.5156325354294,-0.013291584894582821,34.0,4.0,0.0,15.0,2.0,1.0,4.0,0.0,75.0,55.0,1.0,25.0,6.0,0.0,0.0,0.0,0.0,8348.628145054166,58101.32432432433,0.0,28.0,2.0,0.0,0,8.15603254781928
88194ad263fffff,51.50787712252359,-0.009051251214439157,38.0,12.0,1.0,35.0,3.0,0.0,4.0,0.0,82.0,88.0,0.0,27.0,6.0,2.0,0.0,0.0,0.0,53346.70231044164,64821.442748091606,0.0,70.0,2.0,0.0,0,8.114456453977043
88194ad265fffff,51.51773005830401,-0.02547049530213762,25.0,2.0,1.0,3.0,2.0,0.0,1.0,0.0,63.0,56.0,0.0,19.0,2.0,1.0,0.0,0.0,1.0,25771.09705922314,5305.722222222223,1.0,51.0,0.0,0.0,1,7.506409941979348
88194ad267fffff,51.509974783243194,-0.02122790630108194,68.0,8.0,3.0,18.0,1.0,0.0,2.0,1.0,109.0,104.0,0.0,23.0,8.0,2.0,1.0,1.0,0.0,26518.88521550878,29401.28431372549,0.0,73.0,8.0,0.0,0,7.400603486843904
88194ad269fffff,51.521289080490504,-0.0053542342003273435,8.0,1.0,0.0,4.0,0.0,0.0,0.0,0.0,18.0,46.0,0.0,7.0,4.0,0.0,0.0,0.0,0.0,20132.575724318624,0.0,1.0,28.0,0.0,400000.0,1,8.92584578510009
88194ad26bfffff,51.513533933071606,-0.0011148489168986574,32.0,4.0,2.0,5.0,2.0,0.0,7.0,0.0,111.0,60.0,0.0,11.0,0.0,3.0,0.0,0.0,0.0,16032.288480289692,58009.119791666664,1.0,72.0,0.0,132000.0,1,8.844930169196404
88194ad26dfffff,51.523387545114765,-0.017533225822742162,28.0,7.0,1.0,11.0,3.0,0.0,1.0,0.0,24.0,25.0,0.0,15.0,8.0,3.0,0.0,0.0,1.0,26039.63937067197,4872.25,0.0,33.0,1.0,66000.0,0,8.298166956000935
88194ad281fffff,51.44371952274442,0.03698088985612517,1.0,0.0,0.0,0.0,0.0,0.0,0.0,0.0,11.0,0.0,0.0,7.0,1.0,0.0,0.0,0.0,0.0,10143.36882143792,28831.0,0.0,17.0,0.0,0.0,0,11.836673445703166
88194ad283fffff,51.435960363811226,0.04120723450126639,4.0,0.0,0.0,0.0,0.0,0.0,0.0,0.0,12.0,7.0,0.0,7.0,0.0,0.0,0.0,0.0,0.0,26297.62788065045,0.0,0.0,6.0,0.0,0.0,0,12.461836388192857
88194ad285fffff,51.445819349514345,0.02482442417503782,3.0,0.0,0.0,0.0,0.0,0.0,0.0,0.0,29.0,313.0,0.0,11.0,0.0,0.0,0.0,0.0,0.0,17976.185859154022,34593.53125,0.0,31.0,0.0,0.0,0,10.967768962297367
88194ad287fffff,51.43806032494056,0.02905301769005575,0.0,3.0,0.0,0.0,1.0,0.0,0.0,0.0,11.0,161.0,0.0,3.0,0.0,0.0,0.0,0.0,0.0,22204.49234209801,3275.0,0.0,20.0,0.0,0.0,0,11.600974264510098
88194ad289fffff,51.44937751488422,0.04490978677293369,6.0,0.0,0.0,8.0,1.0,0.0,0.0,0.0,21.0,9.0,0.0,9.0,2.0,0.0,0.0,0.0,0.0,18616.843460777345,12407.193548387097,0.0,11.0,0.0,0.0,0,12.125622644815227
88194ad28bfffff,51.441618621122586,0.0491351837890202,5.0,0.0,0.0,0.0,0.0,0.0,0.0,0.0,13.0,6.0,0.0,7.0,0.0,0.0,0.0,0.0,1.0,15350.40926841518,9141.827586206897,0.0,17.0,0.0,0.0,0,12.706595893342767
88194ad28dfffff,51.451478282257774,0.032753243649379156,8.0,1.0,0.0,0.0,0.0,0.0,0.0,0.0,12.0,191.0,0.0,17.0,10.0,0.0,0.0,0.0,0.0,30325.927584846708,24830.616438356163,0.0,33.0,0.0,0.0,0,11.250770803820048
88194ad291fffff,51.426099636735536,0.05758207572063092,2.0,0.0,0.0,0.0,0.0,0.0,0.0,0.0,12.0,9.0,0.0,11.0,0.0,0.0,0.0,0.0,0.0,5845.940217429507,2078.0,0.0,16.0,0.0,0.0,0,13.97504093506025
88194ad293fffff,51.4183395468798,0.06180357174541228,6.0,0.0,0.0,7.0,3.0,0.0,0.0,0.0,2.0,8.0,0.0,6.0,1.0,1.0,0.0,0.0,0.0,24479.42573917812,8907.5,0.0,7.0,0.0,0.0,0,14.653307044664196
88194ad295fffff,51.42820080584309,0.0454322781398096,1.0,0.0,0.0,0.0,1.0,1.0,0.0,0.0,5.0,1.0,0.0,6.0,0.0,2.0,0.0,0.0,0.0,7078.279997491723,0.0,0.0,0.0,0.0,0.0,0,13.120654677318624
88194ad297fffff,51.42044084922495,0.04965602132646263,0.0,1.0,0.0,0.0,0.0,0.0,0.0,0.0,2.0,0.0,0.0,4.0,0.0,0.0,0.0,0.0,0.0,3115.3464312009423,0.0,0.0,9.0,0.0,0.0,0,13.80831737580394
88194ad299fffff,51.43175721893348,0.06550915343508756,6.0,0.0,0.0,3.0,1.0,0.0,0.0,0.0,11.0,11.0,0.0,10.0,0.0,0.0,0.0,0.0,0.0,5632.475278029277,28281.666666666668,1.0,14.0,0.0,0.0,1,14.189211878976824
88194ad29bfffff,51.423997394264404,0.06972970175410136,2.0,0.0,0.0,1.0,0.0,0.0,0.0,0.0,1.0,0.0,0.0,13.0,0.0,0.0,0.0,0.0,0.0,10503.085253642475,506.0,0.0,0.0,0.0,0.0,0,14.83196530368048
88194ad29dfffff,51.43385932827808,0.053359279919991585,3.0,0.0,0.0,0.0,0.0,0.0,0.0,0.0,17.0,16.0,0.0,7.0,0.0,0.0,0.0,0.0,0.0,9648.983033147713,331.5,0.0,9.0,0.0,0.0,0,13.324709260146225
88194ad2a1fffff,51.44225702161873,0.004738071939618386,0.0,1.0,0.0,1.0,0.0,0.0,0.0,0.0,5.0,4.0,0.0,10.0,0.0,0.0,0.0,0.0,0.0,7173.222759639018,0.0,0.0,4.0,0.0,0.0,0,9.887463422092925
88194ad2a3fffff,51.43449786706231,0.008969861224338117,2.0,0.0,0.0,1.0,0.0,0.0,0.0,0.0,2.0,4.0,0.0,8.0,1.0,0.0,1.0,0.0,0.0,1896.7339700245984,4366.0,0.0,27.0,0.0,0.0,0,10.579056962538488
88194ad2a5fffff,51.44435375598309,-0.007422655972482136,4.0,1.0,1.0,16.0,1.0,0.0,0.0,1.0,17.0,35.0,0.0,13.0,0.0,1.0,0.0,0.0,0.0,0.0,18160.176470588234,0.0,9.0,0.0,0.0,0,9.036416772614835
88194ad2a7fffff,51.43659473679378,-0.0031886174299592678,0.0,0.0,0.0,1.0,0.0,0.0,0.0,0.0,9.0,1.0,0.0,10.0,0.0,1.0,0.0,0.0,0.0,1515.5600039904757,2869.5,0.0,4.0,0.0,0.0,0,9.742239027438393
88194ad2a9fffff,51.44791810083995,0.012665787258400485,10.0,0.0,0.0,8.0,0.0,0.0,0.0,0.0,6.0,101.0,0.0,18.0,4.0,0.0,0.0,0.0,0.0,13654.631386010366,20628.583333333332,0.0,43.0,0.0,0.0,0,10.100165069875166
88194ad2abfffff,51.44015921107382,0.016896629998481457,7.0,23.0,0.0,2.0,1.0,0.0,1.0,0.0,32.0,39.0,0.0,7.0,2.0,0.0,0.0,0.0,0.0,28198.590187578946,13984.148148148148,0.0,75.0,0.0,0.0,0,10.74262501171173
88194ad2adfffff,51.45001577612888,0.0005049796198144356,19.0,1.0,1.0,17.0,3.0,0.0,1.0,1.0,13.0,509.0,0.0,15.0,2.0,0.0,0.0,0.0,0.0,5590.714826583866,3659.2,0.0,3.0,0.0,0.0,0,9.234250127059363
88194ad2b1fffff,51.4246402327995,0.025354408956899648,2.0,0.0,0.0,0.0,0.0,0.0,0.0,0.0,2.0,1.0,0.0,4.0,0.0,0.0,0.0,0.0,0.0,6968.362307004272,1266.5,0.0,4.0,0.0,0.0,0,12.13165513940245
88194ad2b3fffff,51.41688014506149,0.029581346285316182,0.0,0.0,0.0,0.0,0.0,0.0,0.0,0.0,0.0,0.0,0.0,0.0,0.0,0.0,0.0,0.0,0.0,9030.650244916782,0.0,0.0,0.0,0.0,0.0,0,12.867003007779783
88194ad2b5fffff,51.4267383128448,0.013200348029388062,9.0,0.0,0.0,0.0,1.0,0.0,0.0,1.0,2.0,1.0,0.0,11.0,3.0,0.0,1.0,0.0,0.0,17763.150711833594,2150.3636363636365,0.0,3.0,0.0,0.0,0,11.301993951748537
88194ad2b7fffff,51.41897835935135,0.017429532909897464,3.0,6.0,0.0,6.0,1.0,1.0,0.0,0.0,6.0,8.0,0.0,10.0,0.0,0.0,0.0,0.0,0.0,20552.01556045548,0.0,0.0,4.0,0.0,0.0,0,12.050640973253754
88194ad2b9fffff,51.430300900994844,0.03328030952226325,0.0,0.0,0.0,0.0,0.0,0.0,0.0,0.0,6.0,3.0,0.0,12.0,0.0,0.0,0.0,0.0,0.0,16482.50659294296,0.0,0.0,5.0,0.0,0.0,0,12.269353170046035
88194ad2bdfffff,51.43239992159863,0.02112617037958621,7.0,1.0,0.0,0.0,0.0,1.0,0.0,0.0,26.0,20.0,0.0,21.0,0.0,0.0,0.0,0.0,0.0,16852.412779385715,2488.909090909091,0.0,45.0,0.0,0.0,0,11.421843788363564
88194ad2c1fffff,51.46279253014978,0.04861395807194185,1.0,0.0,0.0,3.0,0.0,0.0,0.0,0.0,12.0,45.0,0.0,11.0,1.0,0.0,0.0,0.0,1.0,444.68592357131774,15977.5,1.0,26.0,0.0,0.0,1,11.97302859625467
88194ad2c3fffff,51.45503430123414,0.05283970833544032,17.0,2.0,0.0,15.0,3.0,0.0,0.0,0.0,55.0,64.0,1.0,13.0,4.0,3.0,0.0,0.0,0.0,37300.31626749176,47502.541666666664,0.0,41.0,0.0,0.0,0,12.464099186671522
88194ad2c5fffff,51.46489410361971,0.036455087864921104,1.0,1.0,2.0,0.0,0.0,0.0,0.0,0.0,8.0,130.0,0.0,8.0,0.0,0.0,0.0,0.0,0.0,13146.169896037722,0.0,0.0,18.0,0.0,0.0,0,11.098051021721862
88194ad2c7fffff,51.457136009178186,0.04068308831668339,2.0,0.0,0.0,0.0,0.0,0.0,0.0,0.0,3.0,1.0,0.0,5.0,1.0,0.0,0.0,0.0,0.0,1998.676989874233,28055.4375,1.0,26.0,0.0,0.0,1,11.587370754047184
88194ad2c9fffff,51.468447845046946,0.0565458528099752,6.0,0.0,0.0,1.0,0.0,0.0,0.0,0.0,28.0,304.0,0.0,10.0,0.0,0.0,0.0,0.0,0.0,32455.23328774854,2631.3333333333335,0.0,31.0,0.0,0.0,0,12.403149108500678
88194ad2cbfffff,51.460689881668536,0.060770654438418,3.0,0.0,0.0,8.0,2.0,0.0,0.0,0.0,9.0,247.0,0.0,7.0,1.0,1.0,0.0,0.0,0.0,992.288036106138,0.0,0.0,22.0,0.0,0.0,0,12.848170147154029
88194ad2cdfffff,51.470550359165316,0.04438690593455105,1.0,0.0,0.0,1.0,1.0,0.0,0.0,0.0,6.0,38.0,0.0,14.0,0.0,0.0,0.0,0.0,0.0,10794.002740510905,13258.257142857143,0.0,28.0,0.0,0.0,0,11.53325434024485
88194ad2d1fffff,51.445172756606944,0.06921635466065001,0.0,0.0,0.0,0.0,0.0,0.0,0.0,0.0,20.0,7.0,0.0,5.0,0.0,0.0,0.0,0.0,0.0,33761.83076726571,0.0,0.0,3.0,0.0,0.0,0,13.87583455395389
88194ad2d3fffff,51.43741359569298,0.0734372543644894,9.0,1.0,0.0,17.0,0.0,0.0,0.0,0.0,9.0,45.0,0.0,10.0,2.0,3.0,0.0,0.0,0.0,25727.556560923025,9737.791666666666,0.0,12.0,0.0,0.0,0,14.448703350968675
88194ad2d5fffff,51.44727567280308,0.057064157280437566,27.0,1.0,1.0,25.0,1.0,0.0,0.0,2.0,13.0,82.0,1.0,16.0,1.0,2.0,1.0,0.0,0.0,55643.92149768803,13443.979166666666,0.0,33.0,0.0,0.0,0,13.000660452263158
88194ad2d7fffff,51.43951664524128,0.061287305462044826,1.0,0.0,0.0,0.0,0.0,0.0,0.0,0.0,7.0,3.0,0.0,3.0,0.0,0.0,0.0,0.0,0.0,41934.83654667642,391.0,0.0,9.0,0.0,0.0,0,13.577325830236388
88194ad2d9fffff,51.45082766224951,0.07714642741033256,10.0,0.0,1.0,6.0,2.0,0.0,0.0,0.0,34.0,17.0,0.0,12.0,1.0,0.0,0.0,0.0,0.0,28011.492557324014,0.0,0.0,13.0,0.0,0.0,0,14.217327680048998
88194ad2dbfffff,51.443068766888445,0.08136637840330987,3.0,0.0,0.0,2.0,0.0,0.0,0.0,1.0,6.0,9.0,0.0,11.0,0.0,2.0,0.0,0.0,0.0,22083.200915933397,0.0,0.0,16.0,0.0,0.0,0,14.751107056585134
88194ad2ddfffff,51.452931518727006,0.06499415487025804,4.0,0.0,0.0,0.0,0.0,0.0,0.0,0.0,17.0,4.0,0.0,12.0,1.0,0.0,0.0,0.0,0.0,10957.231299268176,1083.0,0.0,28.0,0.0,0.0,0,13.340751516843426
88194ad2e1fffff,51.46133619900621,0.016363329875340168,2.0,0.0,0.0,0.0,0.0,0.0,0.0,0.0,13.0,15.0,0.0,1.0,0.0,0.0,0.0,0.0,0.0,4425.2012156261935,8857.8,0.0,3.0,0.0,0.0,0,9.833685913247782
88194ad2e3fffff,51.45357797433121,0.020594528421971008,0.0,0.0,0.0,1.0,0.0,0.0,0.0,0.0,7.0,410.0,0.0,8.0,0.0,0.0,0.0,0.0,0.0,15359.28699938563,0.0,0.0,27.0,0.0,0.0,0,10.376171339051238
88194ad2e5fffff,51.4634346797049,0.004200192479174016,11.0,0.0,3.0,7.0,0.0,3.0,1.0,0.0,21.0,26.0,0.0,11.0,4.0,3.0,1.0,0.0,0.0,24706.899489542357,4394.333333333333,0.0,28.0,0.0,0.0,0,8.956729729507021
88194ad2e7fffff,51.455676590511985,0.008433641603879565,14.0,2.0,1.0,17.0,2.0,0.0,0.0,0.0,11.0,449.0,0.0,11.0,3.0,4.0,0.0,0.0,1.0,16228.292822421035,16549.235294117647,0.0,45.0,0.0,0.0,0,9.501915087173927
88194ad2e9fffff,51.46699460148552,0.024294044329634983,2.0,0.0,0.0,4.0,1.0,0.0,1.0,0.0,72.0,16.0,0.0,11.0,0.0,1.0,0.0,0.0,0.0,27847.346228347753,34640.27272727273,0.0,41.0,0.0,0.0,0,10.223299181156726
88194ad2ebfffff,51.459236641966434,0.02852429532574113,9.0,1.0,1.0,3.0,2.0,0.0,1.0,0.0,27.0,29.0,0.0,14.0,0.0,1.0,0.0,0.0,0.0,46763.21745789632,35856.166666666664,0.0,29.0,0.0,0.0,0,10.710566297027038
88194ad2edfffff,51.46909402315443,0.01213082797933595,5.0,0.0,0.0,25.0,3.0,0.0,0.0,0.0,79.0,76.0,0.0,7.0,7.0,1.0,0.0,0.0,0.0,13124.99827946918,11817.904761904761,0.0,48.0,0.0,0.0,0,9.348857925659525
88194ad301fffff,51.51269189661065,-0.07789121455486668,15.0,0.0,0.0,16.0,0.0,0.0,2.0,1.0,26.0,54.0,0.0,8.0,2.0,0.0,0.0,0.0,3.0,0.0,18269.638157894737,0.0,43.0,2.0,0.0,0,4.247672687816614
88194ad303fffff,51.50493650817371,-0.07363996460589105,33.0,3.0,0.0,50.0,1.0,0.0,3.0,2.0,122.0,126.0,0.0,10.0,3.0,1.0,1.0,4.0,0.0,8002.889376096242,21251.294736842105,2.0,63.0,0.0,0.0,1,3.909715365549216
88194ad305fffff,51.5147832108734,-0.090078646424,0.0,0.0,0.0,0.0,0.0,0.0,0.0,0.0,0.0,0.0,0.0,0.0,0.0,0.0,0.0,0.0,0.0,0.0,17519.509615384617,1.0,0.0,0.0,0.0,1,3.911154560967339
88194ad307fffff,51.507027962302146,-0.08582514039256722,38.0,2.0,0.0,110.0,5.0,0.0,2.0,3.0,38.0,133.0,0.0,24.0,9.0,2.0,1.0,2.0,0.0,2920.384064170005,22251.662686567164,0.0,43.0,11.0,132000.0,0,3.411599483582754
88194ad309fffff,51.51835462391718,-0.0699562570281509,98.0,5.0,2.0,87.0,2.0,0.0,3.0,2.0,61.0,159.0,0.0,20.0,8.0,10.0,2.0,0.0,0.0,40634.14580669674,25467.8125,1.0,92.0,4.0,132000.0,1,5.083938650212197
88194ad30bfffff,51.510599500204734,-0.06570595328778842,31.0,7.0,2.0,23.0,4.0,0.0,2.0,4.0,41.0,57.0,0.0,9.0,5.0,1.0,0.0,0.0,2.0,70830.48371134311,15050.550387596899,0.0,66.0,0.0,132000.0,0,4.725224710597226
88194ad30dfffff,51.520446880568805,-0.08214377470378276,113.0,9.0,0.0,46.0,2.0,1.0,3.0,2.0,82.0,92.0,0.0,19.0,8.0,2.0,1.0,0.0,2.0,24077.884987682442,21059.102040816328,0.0,55.0,0.0,132000.0,0,4.739478517958118
88194ad311fffff,51.49508804074335,-0.05720927381527493,31.0,2.0,1.0,11.0,1.0,0.0,2.0,0.0,38.0,40.0,0.0,15.0,0.0,4.0,0.0,0.0,0.0,12768.551032490584,11362.5,0.0,45.0,0.0,132000.0,0,4.503279257512642
88194ad313fffff,51.48733170576472,-0.052962896966628904,13.0,0.0,0.0,7.0,0.0,0.0,0.0,1.0,7.0,24.0,0.0,11.0,2.0,0.0,0.0,0.0,0.0,31692.171430881437,19681.34736842105,0.0,40.0,0.0,132000.0,0,4.663720839405148
88194ad315fffff,51.49718071564319,-0.06939002429823009,65.0,1.0,0.0,28.0,2.0,0.0,1.0,1.0,14.0,30.0,0.0,13.0,7.0,1.0,0.0,0.0,1.0,27348.92634856004,22411.17777777778,0.0,74.0,1.0,132000.0,0,3.7672621722745596
88194ad317fffff,51.48942451940436,-0.0651413930735507,16.0,2.0,0.0,3.0,0.0,0.0,0.0,0.0,18.0,22.0,0.0,17.0,5.0,1.0,0.0,0.0,0.0,11845.098915917037,2430.2,0.0,47.0,0.0,132000.0,0,3.8421410478506375
88194ad319fffff,51.50075035542909,-0.049276124305401146,41.0,7.0,1.0,16.0,3.0,0.0,0.0,2.0,40.0,22.0,0.0,17.0,1.0,1.0,0.0,0.0,5.0,14834.482096379186,32624.833333333332,0.0,44.0,3.0,0.0,0,5.215090685208795
88194ad31bfffff,51.49299428519223,-0.04503069375212904,27.0,1.0,0.0,15.0,2.0,0.0,0.0,0.0,23.0,44.0,0.0,23.0,5.0,2.0,0.0,0.0,4.0,90316.1242622079,19836.440476190477,0.0,64.0,2.0,132000.0,0,5.282574961147923
88194ad31dfffff,51.50284397235175,-0.06145695906963044,22.0,3.0,1.0,12.0,2.0,0.0,0.0,0.0,80.0,32.0,0.0,12.0,0.0,1.0,0.0,0.0,1.0,32242.51746624542,3322.0,0.0,25.0,0.0,132000.0,0,4.524606171104548
88194ad321fffff,51.51120762310734,-0.11020200062586681,33.0,3.0,0.0,23.0,3.0,0.0,0.0,0.0,86.0,45.0,0.0,11.0,17.0,2.0,0.0,0.0,0.0,2104.4513018799953,33598.26388888889,0.0,28.0,1.0,132000.0,0,2.9941370306722033
88194ad323fffff,51.503452250508154,-0.10594529305023376,135.0,5.0,0.0,78.0,4.0,0.0,2.0,9.0,52.0,98.0,0.0,34.0,17.0,3.0,2.0,0.0,2.0,4599.871672256766,21238.602739726026,1.0,97.0,7.0,66000.0,1,2.273186383754159
88194ad325fffff,51.51329582859865,-0.12239368402439037,196.0,9.0,0.0,243.0,11.0,0.0,5.0,4.0,107.0,290.0,0.0,31.0,58.0,12.0,4.0,0.0,2.0,9295.307520975379,20086.494809688582,0.0,237.0,6.0,132000.0,0,3.1525173405716655
88194ad327fffff,51.50554059687615,-0.11813471999186408,61.0,9.0,0.0,76.0,1.0,0.0,1.0,4.0,40.0,82.0,0.0,38.0,9.0,2.0,0.0,6.0,0.0,7030.238505135823,27347.729166666668,0.0,51.0,10.0,66000.0,0,2.288968902439823
88194ad329fffff,51.516873442400076,-0.10226824837207832,20.0,1.0,0.0,11.0,0.0,0.0,0.0,1.0,8.0,40.0,0.0,5.0,5.0,0.0,0.0,0.0,0.0,0.0,21836.242424242424,0.0,14.0,2.0,0.0,0,3.7538472259114126
88194ad32bfffff,51.50911833414428,-0.09801248590707741,61.0,3.0,0.0,27.0,0.0,0.0,0.0,1.0,84.0,45.0,0.0,6.0,1.0,2.0,1.0,2.0,0.0,2497.858235692812,23465.28,1.0,13.0,2.0,132000.0,1,3.0873729508896677
88194ad32dfffff,51.51896259059782,-0.11446001987500663,157.0,3.0,0.0,114.0,5.0,0.0,5.0,3.0,111.0,171.0,0.0,25.0,17.0,8.0,3.0,0.0,2.0,22051.765784395197,20505.720812182743,0.0,129.0,4.0,132000.0,0,3.798136429786773
88194ad331fffff,51.49360690370741,-0.0895048934067914,47.0,5.0,1.0,19.0,1.0,0.0,0.0,0.0,19.0,44.0,0.0,19.0,11.0,2.0,1.0,0.0,0.0,15347.357713378675,26891.083333333332,1.0,57.0,0.0,0.0,1,2.3244953390921497
88194ad333fffff,51.48585058229717,-0.08525306225420497,26.0,1.0,0.0,8.0,1.0,0.0,1.0,0.0,18.0,30.0,0.0,10.0,1.0,0.0,0.0,0.0,0.0,6272.063891605265,0.0,0.0,37.0,0.0,275000.0,0,2.415469314093531
88194ad335fffff,51.495696473185724,-0.1016898965890895,103.0,8.0,0.0,55.0,3.0,0.0,0.0,4.0,39.0,56.0,0.0,38.0,11.0,3.0,2.0,0.0,0.0,13545.896237762614,18384.535256410258,0.0,109.0,5.0,20000.0,0,1.741710258778153
88194ad337fffff,51.48794029152557,-0.09743581068368794,68.0,1.0,1.0,40.0,7.0,0.0,0.0,1.0,32.0,111.0,0.0,20.0,15.0,9.0,0.0,0.0,0.0,12341.569174742117,16623.5,0.0,46.0,0.0,0.0,0,1.6011077809667056
88194ad339fffff,51.49927230929905,-0.08157294467990674,92.0,10.0,0.0,70.0,3.0,0.0,3.0,2.0,53.0,93.0,0.0,20.0,8.0,2.0,1.0,0.0,0.0,32405.01423987794,13248.03642384106,1.0,76.0,0.0,132000.0,1,3.105514358181736
88194ad33bfffff,51.49151625224945,-0.07732205872744903,31.0,4.0,0.0,15.0,7.0,0.0,0.0,0.0,14.0,15.0,1.0,18.0,3.0,5.0,1.0,0.0,1.0,42800.36184844305,0.0,0.0,72.0,0.0,0.0,0,3.0517060482416984
88194ad33dfffff,51.501362821118256,-0.0937580344382476,121.0,2.0,0.0,60.0,3.0,0.0,0.0,3.0,58.0,99.0,0.0,24.0,11.0,3.0,2.0,0.0,1.0,13516.210482322096,13126.797752808989,1111.0,92.0,1.0,20000.0,1,2.576002717905435
88194ad341fffff,51.531770598352466,-0.06627093496397116,86.0,1.0,0.0,19.0,2.0,0.0,0.0,0.0,30.0,59.0,0.0,10.0,3.0,1.0,1.0,0.0,0.0,6276.373721436533,14852.222222222223,0.0,97.0,0.0,400000.0,0,6.4025414375087
88194ad343fffff,51.52401614409533,-0.06202026791561138,36.0,3.0,0.0,21.0,6.0,0.0,0.0,2.0,51.0,80.0,0.0,12.0,2.0,6.0,0.0,0.0,0.0,40308.68095281415,4083.4545454545455,0.0,66.0,0.0,0.0,0,5.920273924700819
88194ad345fffff,51.53386365737995,-0.07846079531046678,139.0,2.0,0.0,35.0,2.0,0.0,1.0,5.0,44.0,49.0,1.0,22.0,6.0,5.0,0.0,0.0,2.0,10279.531525316379,1489.5,0.0,50.0,0.0,400000.0,0,6.154036736614808
88194ad347fffff,51.52610934310396,-0.07420787084938762,128.0,8.0,0.0,81.0,3.0,0.0,0.0,10.0,38.0,111.0,1.0,19.0,3.0,2.0,0.0,0.0,3.0,26132.987280656944,17511.80981595092,0.0,62.0,0.0,0.0,0,5.570274417606717
88194ad349fffff,51.537430646188135,-0.058332967150874854,167.0,2.0,2.0,35.0,3.0,2.0,0.0,3.0,61.0,98.0,1.0,24.0,5.0,1.0,0.0,0.0,3.0,12735.645563382122,16310.65625,0.0,83.0,2.0,400000.0,0,7.235737791120246
88194ad34bfffff,51.52967645701883,-0.054083247320637885,57.0,3.0,0.0,35.0,5.0,0.0,0.0,1.0,36.0,50.0,0.0,25.0,10.0,7.0,1.0,0.0,0.0,23705.59115372502,18935.35616438356,0.0,71.0,4.0,0.0,0,6.756616177900393
88194ad34dfffff,51.53952464765214,-0.07052291253293647,111.0,1.0,0.0,7.0,0.0,1.0,0.0,0.0,28.0,42.0,0.0,16.0,9.0,1.0,1.0,0.0,0.0,2888.037606868194,10205.451612903225,0.0,72.0,0.0,400000.0,0,6.971217491758546
88194ad351fffff,51.51416686520744,-0.04558773662755864,23.0,2.0,2.0,4.0,1.0,0.0,1.0,0.0,44.0,37.0,0.0,18.0,6.0,4.0,0.0,0.0,2.0,34239.22302914237,22517.714285714286,0.0,82.0,3.0,0.0,0,6.101721354816807
88194ad353fffff,51.50641146333523,-0.041341944647431496,4.0,6.0,0.0,3.0,0.0,0.0,1.0,0.0,6.0,11.0,0.0,10.0,1.0,0.0,0.0,0.0,0.0,6287.149820379914,49637.86111111111,0.0,6.0,0.0,0.0,0,5.9594038096877515
88194ad355fffff,51.5162612852657,-0.05777091082883649,79.0,1.0,0.0,42.0,7.0,0.0,1.0,0.0,53.0,81.0,0.0,22.0,19.0,7.0,0.0,0.0,2.0,67073.46592308159,22645.033333333333,0.0,91.0,3.0,0.0,0,5.5470125238756784
88194ad357fffff,51.5085060222486,-0.05352286314491686,31.0,3.0,0.0,11.0,2.0,1.0,0.0,0.0,66.0,43.0,0.0,22.0,2.0,0.0,0.0,0.0,0.0,30600.970866047854,27628.36842105263,0.0,61.0,0.0,0.0,0,5.305827509413237
88194ad359fffff,51.51982650110208,-0.03765157962120474,29.0,0.0,0.0,7.0,1.0,1.0,1.0,0.0,73.0,98.0,0.0,17.0,5.0,3.0,0.0,0.0,0.0,17646.532339237663,16494.24,0.0,74.0,0.0,132000.0,0,6.907181793643669
88194ad35bfffff,51.51207136433555,-0.033406734945055236,16.0,3.0,4.0,16.0,3.0,1.0,9.0,0.0,102.0,61.0,0.0,15.0,10.0,5.0,3.0,1.0,2.0,26586.047388288538,24725.454545454544,0.0,60.0,3.0,132000.0,0,6.725399495355202
88194ad35dfffff,51.52192186323028,-0.049834837332462155,45.0,2.0,0.0,20.0,1.0,0.0,0.0,1.0,36.0,37.0,0.0,22.0,7.0,2.0,0.0,0.0,0.0,65424.60046101791,3662.3333333333335,0.0,87.0,1.0,0.0,0,6.372611542923786
88194ad361fffff,51.53029249317921,-0.09858959167887603,80.0,5.0,1.0,16.0,0.0,0.0,0.0,0.0,68.0,62.0,0.0,14.0,12.0,5.0,0.0,0.0,1.0,9784.20116315091,20243.354166666668,0.0,60.0,0.0,400000.0,0,5.2538300496952415
88194ad363fffff,51.52253805462751,-0.09433346333305771,91.0,7.0,1.0,40.0,3.0,0.0,2.0,1.0,47.0,86.0,1.0,11.0,10.0,3.0,2.0,0.0,0.0,17129.050727738097,15186.426086956522,1.0,26.0,0.0,132000.0,1,4.540751196980371
88194ad365fffff,51.53238244305954,-0.11078370852719495,82.0,3.0,0.0,49.0,3.0,0.0,1.0,5.0,33.0,93.0,0.0,33.0,19.0,8.0,2.0,0.0,0.0,27007.204030167333,16662.013333333332,0.0,86.0,1.0,400000.0,0,5.310366241460436
88194ad367fffff,51.52462814550029,-0.10652532239232661,212.0,7.0,0.0,55.0,1.0,0.0,5.0,3.0,60.0,145.0,0.0,32.0,18.0,5.0,0.0,0.0,5.0,17941.536468547532,14991.049723756905,0.0,98.0,1.0,132000.0,0,4.507119559678984
88194ad369fffff,51.535955633507974,-0.09065282783735285,59.0,2.0,1.0,9.0,6.0,0.0,0.0,0.0,85.0,43.0,0.0,19.0,1.0,2.0,2.0,0.0,0.0,4613.664193704932,15006.548387096775,0.0,51.0,0.0,400000.0,0,6.0242141536047304
88194ad36bfffff,51.52820145966297,-0.08639764561154593,192.0,7.0,0.0,84.0,4.0,0.0,0.0,7.0,63.0,134.0,0.0,30.0,16.0,3.0,4.0,0.0,9.0,25800.76886677031,24812.04464285714,0.0,78.0,3.0,0.0,0,5.342800701604038
88194ad36dfffff,51.538046526143255,-0.10284703202088163,83.0,10.0,1.0,123.0,5.0,0.0,4.0,7.0,55.0,236.0,2.0,19.0,18.0,5.0,0.0,0.0,3.0,11103.80873501638,15456.344827586207,0.0,59.0,0.0,0.0,0,6.020789057202814
88194ad405fffff,51.3371568028053,0.08390648196592604,0.0,0.0,0.0,0.0,0.0,0.0,0.0,0.0,0.0,0.0,0.0,3.0,0.0,0.0,0.0,0.0,0.0,0.0,0.0,1.0,0.0,0.0,400000.0,1,21.72140741190911
88194ad409fffff,51.34071682578562,0.10394716610478856,0.0,0.0,0.0,0.0,0.0,0.0,0.0,0.0,0.0,1.0,0.0,2.0,0.0,0.0,0.0,0.0,0.0,0.0,0.0,3.0,0.0,0.0,400000.0,1,22.370402895945332
88194ad40dfffff,51.342819441998124,0.09182205017382043,0.0,0.0,0.0,0.0,0.0,0.0,0.0,0.0,0.0,0.0,0.0,0.0,0.0,0.0,0.0,0.0,0.0,0.0,0.0,2.0,0.0,0.0,400000.0,1,21.619303480089233
88194ad41dfffff,51.32518754030834,0.11236034297085772,0.0,0.0,0.0,0.0,0.0,0.0,0.0,0.0,0.0,0.0,0.0,0.0,0.0,0.0,0.0,0.0,0.0,0.0,0.0,0.0,0.0,0.0,33000.0,0,24.03243606619984
88194ad421fffff,51.333592628903084,0.0638647980570439,0.0,0.0,0.0,0.0,0.0,0.0,0.0,0.0,1.0,1.0,0.0,0.0,0.0,0.0,0.0,0.0,0.0,0.0,0.0,0.0,0.0,0.0,0.0,0,21.152160625566786
88194ad423fffff,51.32582791415306,0.06807840303937739,0.0,0.0,0.0,0.0,0.0,0.0,0.0,0.0,1.0,0.0,0.0,1.0,0.0,0.0,0.0,0.0,0.0,0.0,0.0,0.0,0.0,0.0,0.0,0,22.019982626790966
88194ad425fffff,51.3356912277446,0.05173549833809888,1.0,0.0,0.0,1.0,0.0,0.0,0.0,0.0,2.0,2.0,0.0,10.0,0.0,0.0,0.0,0.0,0.0,6327.700849931655,1281.6666666666667,0.0,0.0,0.0,0.0,0,20.462535873711907
88194ad427fffff,51.32792664364701,0.05595134313767706,0.0,0.0,0.0,1.0,0.0,1.0,0.0,0.0,0.0,0.0,0.0,4.0,0.0,0.0,0.0,0.0,0.0,0.0,0.0,0.0,0.0,0.0,0.0,0,21.3373444173273
88194ad429fffff,51.33925741078829,0.07177927275374298,0.0,0.0,0.0,0.0,0.0,0.0,0.0,0.0,2.0,1.0,0.0,0.0,0.0,0.0,0.0,0.0,0.0,0.0,0.0,5.0,0.0,0.0,400000.0,1,20.99879345363423
88194ad42bfffff,51.33149296014804,0.07599193288605262,0.0,0.0,0.0,0.0,0.0,0.0,0.0,0.0,1.0,0.0,0.0,2.0,0.0,0.0,0.0,0.0,0.0,0.0,0.0,0.0,0.0,0.0,0.0,0,21.85515559423285
88194ad42dfffff,51.34135694900156,0.05964989778951149,0.0,0.0,0.0,0.0,0.0,0.0,0.0,0.0,0.0,0.0,0.0,4.0,0.0,0.0,0.0,0.0,0.0,0.0,165.0,1.0,0.0,0.0,400000.0,1,20.288277982257693
88194ad435fffff,51.31806280513704,0.07229071328794172,0.0,0.0,0.0,1.0,0.0,0.0,0.0,0.0,2.0,0.0,0.0,7.0,0.0,0.0,0.0,0.0,0.0,5517.991166655991,0.0,0.0,0.0,0.0,0.0,0,22.89129920098357
88194ad437fffff,51.310297302240606,0.07650172935389836,0.0,0.0,0.0,0.0,0.0,0.0,0.0,0.0,1.0,0.0,0.0,3.0,0.0,0.0,0.0,0.0,0.0,0.0,0.0,0.0,0.0,0.0,0.0,0,23.765729105250273
88194ad441fffff,51.354141109484466,0.10765624355207469,4.0,0.0,0.0,3.0,0.0,0.0,0.0,0.0,2.0,5.0,1.0,6.0,0.0,2.0,0.0,0.0,0.0,11456.518714461638,0.0,0.0,0.0,0.0,0.0,0,21.511645256541737
88194ad443fffff,51.34637732237044,0.11186382576787597,0.0,2.0,0.0,1.0,0.0,0.0,0.0,0.0,0.0,1.0,0.0,6.0,0.0,0.0,0.0,0.0,0.0,0.0,27853.24,3.0,2.0,0.0,400000.0,1,22.31698130134058
88194ad445fffff,51.35624453495123,0.09552881445735062,3.0,0.0,0.0,0.0,0.0,0.0,0.0,0.0,3.0,0.0,0.0,13.0,0.0,0.0,0.0,0.0,0.0,7168.071824073129,3722.0,0.0,1.0,0.0,0.0,0,20.73580097794002
88194ad447fffff,51.34848087759997,0.09973863740438199,0.0,0.0,0.0,0.0,0.0,0.0,0.0,0.0,0.0,0.0,0.0,0.0,0.0,0.0,0.0,0.0,0.0,0.0,1022.0,0.0,0.0,0.0,0.0,0,21.54928215556227
88194ad449fffff,51.35980013752541,0.11557486851116673,0.0,0.0,0.0,0.0,0.0,0.0,0.0,0.0,1.0,0.0,0.0,8.0,0.0,0.0,0.0,0.0,0.0,10362.904952146187,0.0,0.0,6.0,0.0,0.0,0,21.506551325949363
88194ad44bfffff,51.352036615271565,0.11978150380326229,0.0,0.0,0.0,0.0,0.0,0.0,0.0,0.0,0.0,0.0,0.0,0.0,0.0,0.0,0.0,0.0,0.0,1593.6419966539138,0.0,2.0,0.0,0.0,400000.0,1,22.294890728530877
88194ad44dfffff,51.36190450208631,0.10344736721199231,0.0,0.0,0.0,1.0,0.0,0.0,0.0,0.0,4.0,0.0,0.0,14.0,0.0,0.0,0.0,0.0,0.0,0.0,2707.0,0.0,0.0,0.0,0.0,0,20.715190391636863
88194ad455fffff,51.338613141129265,0.11607011441080684,0.0,0.0,0.0,0.0,0.0,0.0,0.0,0.0,6.0,5.0,0.0,4.0,3.0,1.0,0.0,0.0,0.0,3092.896748699999,65.0,0.0,0.0,0.0,0.0,0,23.130274097544998
88194ad457fffff,51.330848566146074,0.12027511003200492,0.0,0.0,0.0,0.0,0.0,0.0,0.0,0.0,0.0,0.0,0.0,2.0,0.0,0.0,0.0,0.0,0.0,0.0,0.0,0.0,0.0,0.0,33000.0,0,23.950716194620934
88194ad45dfffff,51.34427269884146,0.12398684564512481,0.0,0.0,0.0,0.0,0.0,0.0,0.0,0.0,0.0,1.0,0.0,1.0,0.0,0.0,0.0,0.0,0.0,3164.1901997145555,0.0,0.0,0.0,0.0,0.0,0,23.09236815378865
88194ad461fffff,51.35268478079629,0.07548175723751048,1.0,0.0,0.0,1.0,0.0,1.0,0.0,0.0,3.0,5.0,0.0,4.0,0.0,0.0,0.0,0.0,0.0,11282.56472658653,0.0,0.0,0.0,0.0,0.0,0,20.040512691208885
88194ad463fffff,51.3449209891758,0.07969476712281708,0.0,0.0,0.0,0.0,0.0,0.0,0.0,0.0,2.0,5.0,0.0,2.0,0.0,0.0,0.0,0.0,0.0,0.0,0.0,1.0,0.0,0.0,400000.0,1,20.87793225550652
88194ad465fffff,51.354785127580925,0.06335006644592144,0.0,0.0,0.0,0.0,0.0,0.0,0.0,0.0,0.0,0.0,0.0,2.0,0.0,0.0,0.0,0.0,0.0,0.0,0.0,0.0,0.0,0.0,0.0,0,19.301544925110168
88194ad467fffff,51.34702146672772,0.06756531745762241,0.0,0.0,0.0,0.0,0.0,0.0,0.0,0.0,1.0,0.0,0.0,2.0,0.0,0.0,0.0,0.0,0.0,8416.263437084825,896.4,1.0,0.0,0.0,400000.0,1,20.14737318436492
88194ad469fffff,51.35834689108062,0.08339921702407581,3.0,2.0,0.0,4.0,1.0,0.0,0.0,0.0,9.0,8.0,0.0,15.0,0.0,0.0,0.0,0.0,0.0,1603.0670839153572,22050.08620689655,0.0,2.0,0.0,0.0,0,19.968230714404587
88194ad46bfffff,51.350583363938945,0.0876112810591197,1.0,1.0,0.0,4.0,0.0,0.0,0.0,0.0,3.0,1.0,0.0,7.0,0.0,1.0,0.0,0.0,0.0,9365.095083768754,0.0,0.0,6.0,0.0,0.0,0,20.79013207573349
88194ad46dfffff,51.360448177281434,0.07126745175818688,0.0,0.0,0.0,5.0,1.0,0.0,0.0,0.0,4.0,6.0,0.0,8.0,0.0,1.0,0.0,0.0,0.0,0.0,0.0,0.0,1.0,0.0,0.0,0,19.209936806863848
88194ad4e5fffff,51.30043121828817,0.09282963280270363,0.0,0.0,0.0,0.0,0.0,0.0,0.0,0.0,0.0,0.0,0.0,0.0,0.0,0.0,0.0,0.0,0.0,0.0,0.0,0.0,0.0,0.0,33000.0,0,25.320011493957722
88194ad501fffff,51.349744392342934,0.011110750571627312,0.0,0.0,0.0,0.0,0.0,0.0,0.0,0.0,0.0,0.0,0.0,0.0,0.0,0.0,0.0,0.0,0.0,0.0,0.0,3.0,0.0,0.0,400000.0,1,17.596391194997814
88194ad505fffff,51.35183857284707,-0.001029445524832422,0.0,0.0,0.0,0.0,0.0,0.0,0.0,0.0,0.0,0.0,0.0,0.0,0.0,0.0,0.0,0.0,0.0,0.0,0.0,3.0,0.0,0.0,400000.0,1,16.969958210431702
88194ad507fffff,51.344074912163876,0.0031966607311718163,0.0,0.0,0.0,0.0,0.0,0.0,0.0,0.0,0.0,0.0,0.0,0.0,0.0,0.0,0.0,0.0,0.0,0.0,2814.0,0.0,0.0,0.0,0.0,0,17.868502021808787
88194ad50bfffff,51.3476491391157,0.023248783461903014,0.0,0.0,0.0,0.0,0.0,0.0,0.0,0.0,0.0,0.0,0.0,0.0,0.0,0.0,0.0,0.0,0.0,0.0,0.0,3.0,0.0,0.0,400000.0,1,18.243453922002022
88194ad50dfffff,51.35750778942065,0.006885587691052191,0.0,0.0,0.0,0.0,0.0,0.0,0.0,0.0,1.0,0.0,0.0,0.0,0.0,0.0,0.0,0.0,0.0,628.6055270756692,0.0,0.0,0.0,0.0,0.0,0,16.706166468908084
88194ad511fffff,51.33212089187293,0.03169073175881914,0.0,0.0,0.0,1.0,0.0,0.0,0.0,0.0,1.0,0.0,0.0,2.0,1.0,0.0,0.0,0.0,0.0,14178.942153010423,0.0,0.0,0.0,0.0,0.0,0,20.01736785328229
88194ad515fffff,51.33421640942402,0.01955718129888509,0.0,0.0,0.0,0.0,0.0,0.0,0.0,0.0,2.0,0.0,0.0,0.0,0.0,0.0,0.0,0.0,0.0,0.0,0.0,0.0,0.0,0.0,0.0,0,19.383135444490286
88194ad517fffff,51.32645182435448,0.02377845025055128,0.0,0.0,0.0,0.0,0.0,0.0,0.0,0.0,1.0,0.0,0.0,4.0,0.0,0.0,0.0,0.0,0.0,0.0,0.0,0.0,0.0,0.0,0.0,0,20.279107710203423
88194ad51dfffff,51.33988521332466,0.027470406262126674,0.0,0.0,0.0,0.0,0.0,0.0,0.0,0.0,1.0,0.0,0.0,4.0,0.0,0.0,0.0,0.0,0.0,3781.097430310123,17446.041666666668,0.0,0.0,0.0,0.0,0,19.12919614456001
88194ad521fffff,51.348260319538475,-0.02108573416639059,1.0,1.0,0.0,0.0,0.0,0.0,0.0,0.0,3.0,3.0,0.0,16.0,0.0,0.0,0.0,0.0,0.0,18207.888784638464,3103.818181818182,0.0,16.0,0.0,400000.0,0,16.697013404589253
88194ad523fffff,51.340496528745454,-0.01685644303954376,9.0,0.0,0.0,12.0,4.0,0.0,0.0,1.0,38.0,46.0,1.0,18.0,13.0,4.0,0.0,0.0,0.0,26028.310866560067,0.0,0.0,21.0,0.0,0.0,0,17.60573051522164
88194ad525fffff,51.35035141245055,-0.033230173845843085,1.0,0.0,0.0,1.0,1.0,0.0,0.0,0.0,4.0,10.0,0.0,6.0,0.0,2.0,0.0,0.0,0.0,17620.407694605026,3215.0,0.0,5.0,0.0,400000.0,0,16.150877281798774
88194ad527fffff,51.342587755440974,-0.02899864043201375,0.0,0.0,0.0,0.0,0.0,0.0,0.0,0.0,1.0,0.0,0.0,0.0,0.0,0.0,0.0,0.0,0.0,5123.312852899056,0.0,0.0,0.0,0.0,0.0,0,17.06231826184409
88194ad529fffff,51.353931680037526,-0.013171804315432857,0.0,0.0,0.0,3.0,1.0,0.0,0.0,0.0,2.0,8.0,0.0,9.0,0.0,1.0,0.0,0.0,0.0,13160.023759092988,0.0,0.0,14.0,0.0,400000.0,0,16.366536272679813
88194ad52bfffff,51.34616815257946,-0.00894345580290629,3.0,0.0,0.0,2.0,0.0,0.0,0.0,0.0,4.0,9.0,0.0,12.0,0.0,1.0,0.0,0.0,0.0,9645.252126462356,3156.0,0.0,9.0,0.0,400000.0,0,17.270434274889716
88194ad52dfffff,51.35602371332379,-0.0253163252871606,1.0,1.0,0.0,3.0,2.0,0.0,0.0,0.0,5.0,5.0,0.0,9.0,0.0,2.0,0.0,0.0,0.0,32828.80980765554,22246.275862068964,0.0,15.0,0.0,0.0,0,15.788776694025728
88194ad531fffff,51.330639908036936,-0.0004906561892473482,0.0,0.0,0.0,0.0,0.0,0.0,0.0,0.0,0.0,16.0,0.0,0.0,0.0,0.0,0.0,0.0,0.0,4172.005011144885,0.0,0.0,2.0,0.0,0.0,0,19.08079310493971
88194ad535fffff,51.33273234133077,-0.012628451353573067,0.0,0.0,0.0,0.0,0.0,0.0,0.0,0.0,1.0,0.0,0.0,2.0,0.0,0.0,0.0,0.0,0.0,1205.5763383151793,0.0,0.0,0.0,0.0,0.0,0,18.51486132882099
88194ad539fffff,51.3363108551467,0.0074214683383497385,0.0,0.0,0.0,0.0,0.0,0.0,0.0,0.0,1.0,0.0,0.0,0.0,0.0,0.0,0.0,0.0,0.0,0.0,0.0,0.0,0.0,0.0,0.0,0,18.76842474628571
88194ad53dfffff,51.3384042284506,-0.0047164066117815024,1.0,0.0,0.0,4.0,0.0,0.0,0.0,0.0,8.0,4.0,0.0,15.0,1.0,0.0,0.0,0.0,0.0,12042.832604011786,7881.857142857143,0.0,4.0,0.0,0.0,0,18.175227708205288
88194ad541fffff,51.3688426109762,0.022718722520847237,0.0,0.0,0.0,0.0,0.0,0.0,0.0,0.0,4.0,4.0,0.0,6.0,0.0,0.0,0.0,0.0,0.0,3191.6313032947305,2100.0,0.0,0.0,0.0,0.0,0,16.29545520195049
88194ad543fffff,51.3610797415887,0.026941997329473555,0.0,0.0,0.0,2.0,0.0,0.0,0.0,0.0,1.0,6.0,0.0,4.0,0.0,0.0,0.0,0.0,0.0,2476.6511561434268,1057.2727272727273,0.0,1.0,0.0,0.0,0,17.162334173313283
88194ad545fffff,51.37093853866742,0.010576125714540335,0.0,1.0,0.0,0.0,0.0,0.0,0.0,0.0,17.0,2.0,0.0,2.0,0.0,0.0,0.0,0.0,0.0,6599.353795482564,22042.76923076923,0.0,4.0,0.0,0.0,0,15.604888183162604
88194ad547fffff,51.36317580217278,0.014801643740944316,0.0,0.0,0.0,0.0,0.0,1.0,0.0,0.0,1.0,1.0,0.0,0.0,0.0,0.0,0.0,0.0,0.0,0.0,1081.0,0.0,0.0,0.0,0.0,0,16.48080567029876
88194ad549fffff,51.374508215703806,0.030636823926582415,0.0,0.0,0.0,0.0,0.0,0.0,0.0,0.0,0.0,0.0,0.0,0.0,0.0,0.0,0.0,0.0,0.0,0.0,1758.8333333333333,0.0,0.0,0.0,0.0,0,16.151477281213516
88194ad54bfffff,51.36674561040096,0.03485915403861431,0.0,1.0,0.0,0.0,0.0,0.0,0.0,0.0,0.0,1.0,0.0,7.0,0.0,0.0,0.0,0.0,0.0,3040.40227044341,25351.166666666668,0.0,5.0,0.0,0.0,0,17.003171449827214
88194ad54dfffff,51.37660508349699,0.018494148870998078,1.0,0.0,0.0,3.0,0.0,0.0,0.0,0.0,16.0,3.0,0.0,8.0,0.0,1.0,0.0,0.0,0.0,5514.183208872252,13504.0,0.0,0.0,0.0,0.0,0,15.433847652198027
88194ad551fffff,51.351219210590706,0.0432999203129111,0.0,0.0,0.0,0.0,0.0,0.0,0.0,0.0,0.0,0.0,0.0,1.0,0.0,0.0,0.0,0.0,0.0,0.0,0.0,0.0,0.0,0.0,0.0,0,18.723778943148293
88194ad553fffff,51.34345541685436,0.0475183575804956,0.0,0.0,0.0,0.0,0.0,0.0,0.0,0.0,1.0,0.0,0.0,5.0,0.0,0.0,0.0,0.0,0.0,0.0,0.0,6.0,0.0,0.0,400000.0,1,19.591187670831374
88194ad555fffff,51.353316475720085,0.031163973849908173,0.0,0.0,0.0,0.0,0.0,0.0,0.0,0.0,0.0,1.0,0.0,5.0,0.0,0.0,0.0,0.0,0.0,2807.875665376876,11221.0,0.0,2.0,0.0,0.0,0,18.033728543830893
88194ad557fffff,51.345552813755965,0.035384652634900225,0.0,0.0,0.0,0.0,0.0,0.0,0.0,0.0,1.0,0.0,0.0,5.0,0.0,0.0,0.0,0.0,0.0,3034.4098009259023,0.0,6.0,0.0,0.0,400000.0,1,18.909018019327622
88194ad55bfffff,51.34912087406298,0.05543370168506315,0.0,0.0,0.0,0.0,0.0,0.0,0.0,0.0,0.0,0.0,0.0,1.0,0.0,0.0,0.0,0.0,0.0,0.0,0.0,3.0,0.0,0.0,400000.0,1,19.428856356729483
88194ad55dfffff,51.35898260856809,0.039080185983125806,0.0,0.0,0.0,0.0,0.0,0.0,0.0,0.0,1.0,0.0,0.0,4.0,0.0,0.0,0.0,0.0,0.0,5654.111633079777,8872.916666666666,0.0,0.0,0.0,0.0,0,17.86087948598447
88194ad561fffff,51.36736470366793,-0.009485556195088172,0.0,0.0,0.0,0.0,0.0,0.0,0.0,0.0,7.0,4.0,0.0,5.0,1.0,0.0,0.0,0.0,0.0,6294.74325395948,22583.166666666668,0.0,2.0,0.0,0.0,0,15.177966870078455
88194ad565fffff,51.369457543397395,-0.021632401517358176,0.0,0.0,0.0,0.0,0.0,0.0,0.0,0.0,3.0,0.0,0.0,1.0,0.0,0.0,0.0,0.0,0.0,0.0,0.0,0.0,0.0,0.0,0.0,0,14.562072829981021
88194ad567fffff,51.36169481043882,-0.01740145270245543,0.0,0.0,0.0,0.0,0.0,0.0,0.0,0.0,1.0,2.0,0.0,4.0,0.0,0.0,0.0,0.0,0.0,4816.3133068006655,0.0,0.0,0.0,0.0,0.0,0,15.463685886840024
88194ad569fffff,51.37303339288363,-0.001568635868601796,8.0,0.0,1.0,8.0,1.0,0.0,0.0,0.0,7.0,26.0,0.0,8.0,1.0,0.0,1.0,0.0,0.0,6530.8063176284995,17696.615384615383,0.0,10.0,0.0,0.0,0,14.93386309628182
88194ad56bfffff,51.36527078972947,0.0026591257287083506,1.0,0.0,0.0,1.0,0.0,0.0,0.0,0.0,3.0,5.0,0.0,9.0,0.0,0.0,0.0,0.0,0.0,3248.3216887753106,0.0,0.0,0.0,0.0,0.0,0,15.818506334327626
88194ad56dfffff,51.37512717303391,-0.0137155617159241,12.0,1.0,0.0,28.0,3.0,0.0,3.0,2.0,17.0,93.0,0.0,9.0,1.0,8.0,0.0,0.0,1.0,30416.917554277963,8281.57142857143,0.0,3.0,0.0,0.0,0,14.285148166360699
88194ad581fffff,51.29538953567979,0.040650562855909324,0.0,0.0,0.0,0.0,0.0,0.0,0.0,0.0,0.0,1.0,0.0,0.0,0.0,0.0,0.0,0.0,0.0,0.0,0.0,0.0,0.0,0.0,0.0,0,23.87584624802024
88194ad589fffff,51.30105965717494,0.04855907174853621,0.0,0.0,0.0,0.0,0.0,0.0,0.0,0.0,1.0,0.0,0.0,3.0,0.0,0.0,0.0,0.0,0.0,3067.869046621449,9908.375,0.0,0.0,0.0,0.0,0,23.588913423079223
88194ad58bfffff,51.293293363206885,0.05277291900379367,0.0,0.0,0.0,0.0,0.0,0.0,0.0,0.0,1.0,0.0,0.0,4.0,0.0,0.0,0.0,0.0,0.0,5858.444552754344,650.0,0.0,0.0,0.0,0.0,0,24.485498099923944
88194ad5c1fffff,51.31449421265762,0.052254401465407004,0.0,0.0,0.0,0.0,0.0,0.0,0.0,0.0,0.0,0.0,0.0,4.0,0.0,0.0,0.0,0.0,0.0,8920.087031699057,0.0,0.0,0.0,0.0,0.0,0,22.44004891333243
88194ad5c3fffff,51.30672857600113,0.056468599854435635,0.0,0.0,0.0,0.0,0.0,0.0,0.0,0.0,0.0,0.0,0.0,0.0,0.0,0.0,0.0,0.0,0.0,10601.27457333301,0.0,0.0,0.0,0.0,0.0,0,23.3285952673236
88194ad5c5fffff,51.3165910635305,0.040127493049825054,0.0,0.0,0.0,0.0,0.0,0.0,0.0,0.0,1.0,0.0,0.0,6.0,0.0,0.0,0.0,0.0,0.0,1011.1608475462627,4968.545454545455,0.0,0.0,0.0,0.0,0,21.799824809010172
88194ad5c7fffff,51.308825557411446,0.04434392994754396,0.0,0.0,0.0,0.0,0.0,0.0,0.0,0.0,2.0,1.0,0.0,8.0,0.0,0.0,0.0,0.0,0.0,0.0,2399.3,0.0,0.0,0.0,0.0,0,22.693636419021303
88194ad5c9fffff,51.32016166494724,0.06016589253089205,0.0,0.0,0.0,0.0,0.0,0.0,0.0,0.0,2.0,0.0,0.0,6.0,1.0,0.0,0.0,0.0,0.0,0.0,0.0,0.0,0.0,0.0,0.0,0,22.215207855881108
88194ad5cbfffff,51.31239629203092,0.0643791470691232,0.0,0.0,0.0,0.0,0.0,0.0,0.0,0.0,1.0,0.0,0.0,0.0,0.0,0.0,0.0,0.0,0.0,686.3132389036016,0.0,0.0,0.0,0.0,0.0,0,23.095781054894534
88194ad5cdfffff,51.3222594551471,0.04803890810040943,0.0,0.0,0.0,0.0,0.0,0.0,1.0,0.0,0.0,4.0,0.0,0.0,1.0,0.0,0.0,0.0,0.0,3546.020155054037,0.0,0.0,0.0,0.0,0.0,0,21.55353620879552
88194ad5d1fffff,51.29686436509137,0.07280177378477115,0.0,0.0,0.0,0.0,0.0,0.0,0.0,0.0,1.0,0.0,0.0,0.0,0.0,0.0,0.0,0.0,0.0,0.0,0.0,0.0,0.0,0.0,0.0,0,24.86391615731042
88194ad5dbfffff,51.29476511634891,0.08491988114116572,0.0,0.0,0.0,0.0,0.0,0.0,0.0,0.0,1.0,0.0,0.0,0.0,0.0,0.0,0.0,0.0,0.0,0.0,0.0,0.0,0.0,0.0,33000.0,0,25.52265938932917
88194ad5e1fffff,51.31301630995055,0.020088104791312674,0.0,0.0,0.0,0.0,0.0,0.0,0.0,0.0,1.0,0.0,0.0,1.0,0.0,0.0,0.0,0.0,0.0,0.0,178.2,0.0,0.0,0.0,0.0,0,21.4747662965622
88194ad5e3fffff,51.30525067145689,0.02430772332617454,0.0,0.0,0.0,0.0,0.0,0.0,0.0,0.0,2.0,0.0,0.0,6.0,0.0,0.0,0.0,0.0,0.0,0.0,0.0,0.0,0.0,0.0,0.0,0,22.378640711386208
88194ad5e9fffff,51.318686844059364,0.027998422330439154,0.0,0.0,0.0,0.0,0.0,0.0,0.0,0.0,5.0,0.0,0.0,5.0,0.0,0.0,0.0,0.0,0.0,16257.125698299495,5166.0,0.0,0.0,0.0,0.0,0,21.176524869036957
88194ad5ebfffff,51.3109214689246,0.03221709809033783,1.0,1.0,0.0,3.0,0.0,0.0,0.0,0.0,12.0,13.0,1.0,20.0,0.0,1.0,0.0,0.0,0.0,23809.967269700774,16830.875,0.0,3.0,0.0,0.0,0,22.07521406860668
88194ad605fffff,51.37676999732748,0.13933685519688338,0.0,0.0,0.0,0.0,0.0,0.0,0.0,0.0,1.0,0.0,0.0,0.0,0.0,0.0,0.0,0.0,0.0,0.0,0.0,0.0,0.0,0.0,0.0,0,21.685910309475247
88194ad60dfffff,51.382424208735614,0.14725955434069846,0.0,0.0,0.0,0.0,0.0,0.0,0.0,0.0,0.0,0.0,0.0,2.0,0.0,0.0,0.0,0.0,0.0,0.0,3626.0,0.0,0.0,0.0,0.0,0,21.809649908811892
88194ad621fffff,51.37322082422043,0.11928753036760283,2.0,0.0,0.0,2.0,2.0,0.0,0.0,0.0,3.0,7.0,0.0,11.0,0.0,1.0,0.0,0.0,0.0,9382.035902039315,0.0,0.0,1.0,0.0,0.0,0,20.775320464887756
88194ad623fffff,51.365457961596775,0.1234945121757558,0.0,0.0,0.0,0.0,0.0,0.0,0.0,0.0,0.0,0.0,0.0,0.0,0.0,0.0,0.0,0.0,0.0,0.0,1740.0,0.0,0.0,0.0,0.0,0,21.534011994501398
88194ad625fffff,51.375325997964545,0.10715771537011931,5.0,1.0,0.0,3.0,2.0,0.0,0.0,1.0,7.0,21.0,0.0,7.0,0.0,0.0,0.0,0.0,0.0,13413.508217051689,18251.916666666668,0.0,12.0,0.0,0.0,0,19.96159023507054
88194ad627fffff,51.367563265218045,0.11136693921736605,1.0,1.0,0.0,0.0,0.0,0.0,0.0,0.0,6.0,0.0,0.0,8.0,0.0,0.0,0.0,0.0,0.0,13595.443495050094,20906.4,0.0,11.0,0.0,0.0,0,20.72838899401236
88194ad629fffff,51.37887717896766,0.1272091405566524,0.0,0.0,0.0,0.0,0.0,0.0,0.0,0.0,1.0,1.0,0.0,7.0,0.0,0.0,0.0,0.0,0.0,5960.060788550315,119.0,0.0,0.0,0.0,0.0,0,20.855745241613867
88194ad62dfffff,51.3809832918491,0.11507925412876213,0.0,0.0,0.0,0.0,0.0,0.0,0.0,0.0,5.0,0.0,0.0,10.0,0.0,0.0,0.0,0.0,0.0,4357.677366903814,1365.3333333333333,0.0,2.0,0.0,0.0,0,20.029442855629704
88194ad631fffff,51.35558820319033,0.13982336148994626,0.0,0.0,0.0,0.0,0.0,0.0,0.0,0.0,0.0,0.0,0.0,0.0,0.0,0.0,0.0,0.0,0.0,2423.8898420091873,0.0,3.0,0.0,0.0,400000.0,1,23.10751477958198
88194ad635fffff,51.357694704362935,0.12770020010500802,0.0,0.0,0.0,1.0,1.0,0.0,0.0,0.0,1.0,0.0,0.0,3.0,1.0,0.0,0.0,0.0,0.0,12901.937806842454,18852.833333333332,0.0,2.0,0.0,0.0,0,22.304213203413696
88194ad637fffff,51.34993105290379,0.1319045947068915,1.0,0.0,0.0,0.0,0.0,0.0,0.0,0.0,0.0,1.0,0.0,1.0,0.0,0.0,0.0,0.0,0.0,31192.891856387458,863.0,2.0,0.0,0.0,400000.0,1,23.084775314599675
88194ad639fffff,51.3612441495753,0.14774314588794257,0.0,0.0,0.0,0.0,0.0,0.0,0.0,0.0,0.0,0.0,0.0,0.0,0.0,0.0,0.0,0.0,0.0,0.0,0.0,0.0,0.0,0.0,400000.0,0,23.160486548304945
88194ad663fffff,51.38453232933409,0.13513176967828153,0.0,0.0,0.0,0.0,0.0,0.0,0.0,0.0,1.0,0.0,0.0,4.0,0.0,0.0,0.0,0.0,0.0,0.0,0.0,0.0,0.0,0.0,0.0,0,20.969266176651615
88194ad665fffff,51.39440118824157,0.11879318931519407,3.0,0.0,0.0,4.0,1.0,0.0,0.0,0.0,6.0,15.0,0.0,19.0,0.0,2.0,0.0,0.0,0.0,57294.92384574171,5411.387096774193,0.0,10.0,0.0,0.0,0,19.423858071144437
88194ad667fffff,51.38663938131885,0.12300181236584616,0.0,0.0,0.0,0.0,0.0,0.0,0.0,0.0,0.0,0.0,0.0,4.0,0.0,0.0,0.0,0.0,0.0,12285.422984958268,2681.5,0.0,0.0,0.0,0.0,0,20.13187012898316
88194ad669fffff,51.397947946511685,0.13884998685036384,0.0,0.0,0.0,2.0,0.0,0.0,0.0,0.0,0.0,2.0,0.0,0.0,0.0,0.0,0.0,0.0,0.0,0.0,0.0,0.0,0.0,0.0,0.0,0,20.438145691104253
88194ad66dfffff,51.40005580768521,0.12671771553538289,0.0,0.0,0.0,0.0,0.0,0.0,0.0,0.0,3.0,0.0,0.0,3.0,0.0,0.0,0.0,0.0,0.0,473.1809709704992,0.0,0.0,0.0,0.0,0.0,0,19.58480230191592
88194ad701fffff,51.38939704395195,0.06653800063862488,5.0,0.0,0.0,10.0,0.0,0.0,0.0,0.0,4.0,37.0,0.0,11.0,0.0,1.0,0.0,0.0,0.0,10990.415732367554,0.0,0.0,5.0,0.0,0.0,0,16.774481037340617
88194ad703fffff,51.38163509985873,0.07075524987666565,0.0,0.0,0.0,0.0,0.0,0.0,0.0,0.0,2.0,0.0,0.0,3.0,0.0,0.0,0.0,0.0,0.0,2887.132613705494,0.0,0.0,0.0,0.0,0.0,0,17.556272671888596
88194ad705fffff,51.391497804163386,0.05439726285434246,1.0,0.0,0.0,7.0,1.0,0.0,0.0,0.0,5.0,18.0,0.0,11.0,0.0,0.0,0.0,0.0,0.0,7461.725600966016,6425.0,0.0,3.0,0.0,0.0,0,15.977204852893038
88194ad707fffff,51.38373599207216,0.05861675623363496,0.0,0.0,0.0,0.0,0.0,0.0,0.0,0.0,0.0,0.0,0.0,6.0,0.0,0.0,0.0,0.0,0.0,0.0,0.0,0.0,0.0,0.0,0.0,0,16.769356782552375
88194ad709fffff,51.39505689128248,0.07446026670521365,0.0,0.0,0.0,0.0,0.0,0.0,0.0,0.0,5.0,1.0,0.0,0.0,0.0,0.0,0.0,0.0,0.0,5646.876035679152,0.0,0.0,0.0,0.0,0.0,0,16.821305155348085
88194ad70bfffff,51.387295212023126,0.07867656916575295,5.0,1.0,0.0,28.0,5.0,0.0,0.0,0.0,12.0,66.0,1.0,18.0,0.0,1.0,0.0,0.0,0.0,21816.074431527515,1102.6666666666667,0.0,3.0,0.0,0.0,0,17.57926156928286
88194ad70dfffff,51.39715859132024,0.062319453718024075,0.0,0.0,0.0,1.0,1.0,0.0,0.0,0.0,1.0,2.0,0.0,3.0,0.0,0.0,0.0,0.0,0.0,6544.553993093336,13010.285714285714,0.0,0.0,0.0,0.0,0,16.006508308914473
88194ad711fffff,51.37177066472398,0.0871052836165251,3.0,0.0,0.0,4.0,0.0,0.0,0.0,0.0,11.0,4.0,0.0,14.0,1.0,1.0,0.0,0.0,0.0,20051.84989478999,18562.125,0.0,16.0,0.0,0.0,0,19.13563021582759
88194ad713fffff,51.36400779745426,0.09131769671204205,0.0,0.0,0.0,1.0,0.0,0.0,0.0,0.0,10.0,6.0,0.0,8.0,0.0,1.0,0.0,0.0,0.0,7784.060815874727,14036.793103448275,0.0,6.0,0.0,0.0,0,19.93089108171119
88194ad715fffff,51.37387275942567,0.07497120198514838,0.0,0.0,0.0,0.0,0.0,0.0,0.0,0.0,5.0,1.0,0.0,11.0,0.0,0.0,0.0,0.0,0.0,0.0,0.0,0.0,10.0,0.0,0.0,0,18.350121153954625
88194ad717fffff,51.36611002303792,0.07918585751680525,1.0,0.0,0.0,0.0,0.0,0.0,0.0,0.0,10.0,4.0,0.0,12.0,0.0,1.0,0.0,0.0,0.0,0.0,0.0,0.0,0.0,0.0,0.0,0,19.15453138206082
88194ad719fffff,51.37743010221336,0.09502572995192694,6.0,4.0,0.0,9.0,3.0,0.0,0.0,0.0,15.0,35.0,0.0,7.0,1.0,3.0,0.0,0.0,0.0,0.0,0.0,0.0,5.0,0.0,0.0,0,19.15332848902537
88194ad71bfffff,51.36966749979095,0.09923719619593356,1.0,1.0,0.0,2.0,1.0,0.0,0.0,0.0,14.0,5.0,0.0,15.0,0.0,1.0,1.0,0.0,0.0,0.0,18019.083333333332,0.0,10.0,0.0,0.0,0,19.92867781659108
88194ad71dfffff,51.37953313637528,0.08289157461859663,1.0,0.0,0.0,1.0,1.0,0.0,0.0,0.0,5.0,1.0,0.0,11.0,0.0,1.0,0.0,0.0,0.0,19215.396441324727,518.8,0.0,1.0,0.0,0.0,0,18.35126879179712
88194ad721fffff,51.387934560323,0.034333264279076146,0.0,0.0,0.0,3.0,1.0,0.0,0.0,0.0,15.0,5.0,0.0,5.0,0.0,0.0,0.0,0.0,0.0,23414.71231291214,0.0,0.0,2.0,0.0,0.0,0,15.224818257471608
88194ad723fffff,51.380172616228684,0.03855594785380221,0.0,0.0,0.0,0.0,0.0,0.0,0.0,0.0,0.0,1.0,0.0,6.0,0.0,0.0,0.0,0.0,0.0,8230.99050383902,1396.0,0.0,1.0,0.0,0.0,0,16.04996997165344
88194ad725fffff,51.390032235177536,0.0221882669873452,0.0,0.0,0.0,1.0,0.0,0.0,0.0,0.0,12.0,10.0,0.0,5.0,0.0,0.0,0.0,0.0,0.0,51194.740426159646,0.0,0.0,1.0,0.0,0.0,0,14.470350509118875
88194ad729fffff,51.39359749206585,0.04225435632187504,1.0,0.0,0.0,1.0,0.0,0.0,0.0,0.0,4.0,0.0,0.0,7.0,0.0,1.0,0.0,0.0,0.0,8293.334936008307,0.0,0.0,0.0,0.0,0.0,0,15.188628071595486
88194ad72bfffff,51.38583581242407,0.04647609419796709,0.0,0.0,0.0,0.0,0.0,0.0,0.0,0.0,2.0,0.0,0.0,6.0,1.0,0.0,0.0,0.0,0.0,9291.42450693551,0.0,0.0,1.0,0.0,0.0,0,15.991726597319053
88194ad72dfffff,51.39569610706775,0.03010928155116201,3.0,0.0,1.0,1.0,1.0,0.0,0.0,0.0,16.0,14.0,0.0,7.0,1.0,1.0,1.0,0.0,0.0,29277.663320118252,27618.791666666668,0.0,11.0,0.0,0.0,0,14.410192925881939
88194ad731fffff,51.370311262487114,0.05491567506727729,5.0,1.0,0.0,8.0,1.0,0.0,0.0,1.0,4.0,15.0,1.0,9.0,1.0,1.0,0.0,0.0,0.0,58442.789389269914,0.0,0.0,8.0,0.0,0.0,0,17.629861953312226
88194ad733fffff,51.36254839296251,0.059133519166581584,13.0,0.0,0.0,1.0,0.0,0.0,0.0,0.0,4.0,0.0,0.0,11.0,0.0,0.0,0.0,0.0,0.0,69775.66056247427,4170.5,0.0,26.0,0.0,0.0,0,18.462073240274737
88194ad735fffff,51.372410275170125,0.04277733282877474,3.0,1.0,0.0,1.0,0.0,0.0,0.0,0.0,2.0,1.0,0.0,9.0,0.0,0.0,0.0,0.0,0.0,3306.139941621916,15645.375,0.0,2.0,0.0,0.0,0,16.88410926567226
88194ad737fffff,51.36464753753271,0.04699741975711974,0.0,1.0,0.0,0.0,0.0,0.0,0.0,0.0,0.0,0.0,0.0,3.0,0.0,0.0,0.0,0.0,0.0,0.0,23801.125,0.0,6.0,0.0,0.0,0,17.725971615289588
88194ad739fffff,51.37597378330461,0.06283495180878966,0.0,0.0,0.0,0.0,0.0,0.0,0.0,0.0,1.0,0.0,0.0,0.0,0.0,0.0,0.0,0.0,0.0,0.0,0.0,0.0,0.0,0.0,0.0,0,17.57317303658934
88194ad73bfffff,51.368211178245964,0.06705185013274602,1.0,0.0,0.0,0.0,0.0,0.0,0.0,0.0,3.0,1.0,0.0,2.0,0.0,0.0,0.0,0.0,0.0,805.5171747754482,1966.6666666666667,0.0,0.0,0.0,0.0,0,18.387127991719804
88194ad73dfffff,51.3780737357694,0.050696533595371296,0.0,0.0,0.0,0.0,0.0,0.0,0.0,0.0,2.0,0.0,0.0,0.0,0.0,0.0,0.0,0.0,0.0,12841.40524179772,0.0,0.0,0.0,0.0,0.0,0,16.805985228178994
88194ad741fffff,51.40847655138166,0.07816690164677309,0.0,0.0,0.0,2.0,0.0,0.0,0.0,0.0,15.0,3.0,0.0,4.0,0.0,0.0,0.0,0.0,0.0,11543.264542752733,16007.666666666666,0.0,1.0,0.0,0.0,0,16.19522254236285
88194ad743fffff,51.400715533937635,0.08238355432809262,0.0,0.0,0.0,0.0,0.0,0.0,0.0,0.0,3.0,2.0,0.0,4.0,0.0,0.0,0.0,0.0,0.0,0.0,0.0,0.0,0.0,0.0,0.0,0,16.90946812225899
88194ad745fffff,51.41057905909577,0.0660237685485367,0.0,0.0,0.0,0.0,0.0,0.0,0.0,0.0,1.0,0.0,0.0,5.0,0.0,0.0,0.0,0.0,0.0,2419.2887128623993,19402.416666666668,0.0,2.0,0.0,0.0,0,15.35581136166364
88194ad747fffff,51.402818173768345,0.07024266668392852,0.0,0.0,0.0,0.0,0.0,0.0,0.0,0.0,1.0,0.0,0.0,0.0,0.0,0.0,0.0,0.0,0.0,0.0,0.0,0.0,0.0,0.0,0.0,0,16.07938200456053
88194ad749fffff,51.41413372403428,0.08609215850110119,0.0,0.0,0.0,1.0,0.0,0.0,0.0,0.0,11.0,4.0,0.0,4.0,0.0,0.0,0.0,0.0,0.0,3309.0290512705715,30137.625,0.0,0.0,0.0,0.0,0,16.353101752810996
88194ad74bfffff,51.40637297179148,0.09030786340175638,0.0,0.0,0.0,0.0,0.0,0.0,0.0,0.0,13.0,3.0,0.0,6.0,0.0,0.0,0.0,0.0,0.0,1856.2393170258492,8108.833333333333,0.0,1.0,0.0,0.0,0,17.03831374588154
88194ad74dfffff,51.41623717161887,0.073948950973336,0.0,0.0,0.0,6.0,0.0,0.0,0.0,0.0,13.0,6.0,0.0,8.0,0.0,1.0,0.0,0.0,0.0,2917.6371306139554,10624.8,0.0,3.0,0.0,0.0,0,15.501751867028402
88194ad751fffff,51.39085027707953,0.09873538180688284,0.0,0.0,0.0,0.0,0.0,0.0,0.0,0.0,2.0,0.0,0.0,19.0,0.0,0.0,0.0,0.0,0.0,6767.555637224834,0.0,0.0,3.0,0.0,0.0,0,18.46770908194142
88194ad753fffff,51.383088335379995,0.10294719641739992,1.0,0.0,0.0,3.0,1.0,0.0,0.0,0.0,16.0,9.0,0.0,10.0,1.0,0.0,0.0,0.0,0.0,4956.605643777811,11647.583333333334,0.0,21.0,0.0,0.0,0,19.207512176614728
88194ad755fffff,51.392954119671636,0.08659890957069888,0.0,0.0,0.0,0.0,0.0,0.0,0.0,0.0,11.0,1.0,0.0,15.0,0.0,0.0,0.0,0.0,0.0,0.0,1081.0,0.0,0.0,0.0,0.0,0,17.641969796192065
88194ad757fffff,51.38519230896858,0.09081296792769988,0.0,0.0,0.0,0.0,0.0,0.0,0.0,0.0,7.0,0.0,0.0,8.0,0.0,0.0,0.0,0.0,0.0,0.0,0.0,0.0,4.0,0.0,0.0,0,18.390550336328708
88194ad759fffff,51.39650704058227,0.10665881615038829,4.0,1.0,0.0,1.0,0.0,0.0,0.0,0.0,4.0,2.0,0.0,17.0,0.0,1.0,0.0,0.0,0.0,56486.23323155325,0.0,0.0,6.0,0.0,0.0,0,18.582259916208116
88194ad75bfffff,51.388745364097964,0.11086968290714501,3.0,0.0,0.0,4.0,3.0,0.0,0.0,0.0,13.0,13.0,0.0,15.0,0.0,2.0,0.0,0.0,0.0,45381.15830690303,18385.135135135137,0.0,29.0,0.0,0.0,0,19.297861159976748
88194ad75dfffff,51.3986118226783,0.09452227098596201,0.0,0.0,0.0,0.0,0.0,0.0,0.0,0.0,2.0,1.0,0.0,3.0,0.0,0.0,0.0,0.0,0.0,0.0,572.2727272727273,0.0,0.0,0.0,0.0,0,17.74396232967358
88194ad761fffff,51.407020236776276,0.04595438047006344,0.0,0.0,0.0,0.0,0.0,1.0,0.0,0.0,4.0,0.0,0.0,0.0,0.0,0.0,0.0,0.0,0.0,0.0,0.0,0.0,0.0,0.0,0.0,0,14.435527883524363
88194ad763fffff,51.39925921919315,0.05017647111765894,1.0,1.0,0.0,1.0,0.0,0.0,0.0,0.0,3.0,2.0,0.0,17.0,0.0,0.0,0.0,0.0,0.0,736.7499807859125,0.0,0.0,3.0,0.0,0.0,0,15.198536261552475
88194ad765fffff,51.40911965876976,0.03380698291944875,0.0,0.0,0.0,2.0,0.0,0.0,0.0,0.0,8.0,2.0,0.0,10.0,1.0,0.0,0.0,0.0,0.0,2828.4318856923555,0.0,0.0,10.0,0.0,0.0,0,13.623758540948698
88194ad767fffff,51.40135877430949,0.03803131941361714,3.0,0.0,0.0,1.0,0.0,2.0,0.0,0.0,9.0,8.0,0.0,9.0,0.0,0.0,0.0,0.0,0.0,23782.491226439255,3428.0,0.0,2.0,0.0,0.0,0,14.398551962449208
88194ad769fffff,51.412680494341764,0.05387846461566506,0.0,0.0,0.0,0.0,0.0,0.0,0.0,0.0,3.0,0.0,0.0,0.0,0.0,0.0,0.0,0.0,0.0,0.0,4480.0,0.0,0.0,0.0,0.0,0,14.520732288010139
88194ad76bfffff,51.40491974157852,0.058099608561566006,2.0,0.0,0.0,1.0,1.0,0.0,0.0,0.0,5.0,4.0,0.0,4.0,0.0,1.0,0.0,0.0,0.0,18094.609862249017,0.0,0.0,0.0,0.0,0.0,0,15.254436811472369
88194ad76dfffff,51.41478085652765,0.04173099035774083,1.0,0.0,0.0,0.0,0.0,2.0,0.0,0.0,0.0,1.0,0.0,7.0,0.0,0.0,0.0,0.0,0.0,70.70692783574376,0.0,0.0,0.0,0.0,0.0,0,13.690792768380224
88194ad801fffff,51.44781105987727,-0.27422075384444417,0.0,0.0,0.0,0.0,0.0,0.0,0.0,0.0,6.0,1.0,0.0,0.0,0.0,0.0,0.0,0.0,0.0,0.0,0.0,0.0,0.0,0.0,0.0,0,11.48799816759382
88194ad803fffff,51.44005298134985,-0.26994053597818674,2.0,0.0,0.0,1.0,0.0,0.0,0.0,0.0,12.0,1.0,0.0,1.0,0.0,0.0,0.0,0.0,0.0,7069.075667926361,0.0,0.0,0.0,0.0,0.0,0,11.558252125167977
88194ad805fffff,51.449881571952,-0.28642202066278905,0.0,0.0,0.0,2.0,0.0,0.0,0.0,0.0,8.0,3.0,0.0,0.0,0.0,0.0,0.0,0.0,0.0,0.0,0.0,0.0,1.0,0.0,0.0,0,12.206859063702357
88194ad807fffff,51.44212363799783,-0.28213954889931386,0.0,0.0,0.0,0.0,0.0,0.0,0.0,0.0,6.0,0.0,0.0,0.0,0.0,0.0,0.0,0.0,0.0,0.0,0.0,0.0,0.0,0.0,0.0,0,12.23618371500525
88194ad809fffff,51.453497276336066,-0.26630092186135984,1.0,0.0,0.0,1.0,0.0,0.0,0.0,0.0,7.0,0.0,0.0,1.0,0.0,0.0,0.0,0.0,0.0,12515.74527981627,0.0,0.0,2.0,0.0,0.0,0,10.753270776065538
88194ad80bfffff,51.445739459535275,-0.2620216416673326,0.0,0.0,0.0,0.0,0.0,0.0,0.0,0.0,1.0,0.0,0.0,0.0,0.0,0.0,0.0,0.0,0.0,2075.816665184239,0.0,0.0,0.0,0.0,0.0,0,10.792919484833826
88194ad80dfffff,51.45556873221583,-0.27850228826774653,0.0,0.0,0.0,0.0,0.0,0.0,0.0,0.0,26.0,0.0,0.0,0.0,0.0,0.0,0.0,0.0,0.0,0.0,0.0,0.0,0.0,0.0,0.0,0,11.490087466010758
88194ad811fffff,51.430222608772546,-0.25346702837134255,2.0,0.0,0.0,0.0,0.0,0.0,0.0,0.0,4.0,0.0,0.0,5.0,0.0,0.0,0.0,0.0,0.0,1541.7026910495606,0.0,0.0,22.0,0.0,0.0,0,11.099407836633835
88194ad813fffff,51.42246357558489,-0.2491916941512896,0.0,0.0,0.0,0.0,0.0,0.0,0.0,0.0,0.0,2.0,0.0,2.0,0.0,0.0,0.0,0.0,0.0,3920.593999455651,0.0,0.0,0.0,0.0,0.0,0,11.36013325255906
88194ad815fffff,51.43229449702077,-0.26566163410957294,3.0,0.0,0.0,0.0,0.0,0.0,0.0,0.0,14.0,2.0,0.0,6.0,0.0,0.0,0.0,0.0,0.0,42758.50085546904,0.0,0.0,23.0,0.0,0.0,0,11.699552785911544
88194ad817fffff,51.42453560727726,-0.2613840476794693,1.0,0.0,0.0,0.0,0.0,0.0,0.0,0.0,0.0,2.0,0.0,1.0,0.0,0.0,0.0,0.0,0.0,12023.502381305801,0.0,0.0,4.0,0.0,0.0,0,11.909378060410525
88194ad819fffff,51.43590840519382,-0.24554897357042563,4.0,1.0,0.0,1.0,1.0,0.0,0.0,0.0,10.0,4.0,0.0,4.0,0.0,0.0,0.0,0.0,0.0,26805.525200662607,0.0,0.0,7.0,0.0,0.0,0,10.29414476470208
88194ad81bfffff,51.42814963374812,-0.24127457712577272,1.0,0.0,0.0,0.0,0.0,0.0,0.0,0.0,4.0,2.0,0.0,0.0,0.0,0.0,0.0,0.0,0.0,1039.0415022888951,0.0,0.0,0.0,0.0,0.0,0,10.53849484279583
88194ad81dfffff,51.43798123688506,-0.257743677357055,3.0,0.0,0.0,1.0,0.0,0.0,0.0,0.0,3.0,3.0,0.0,5.0,0.0,1.0,0.0,0.0,0.0,15951.036724947342,78011.35416666667,1.0,14.0,0.0,0.0,1,10.909097130078784
88194ad821fffff,51.446261685482064,-0.30654403549859965,0.0,0.0,0.0,0.0,0.0,0.0,0.0,0.0,30.0,4.0,0.0,2.0,1.0,0.0,0.0,0.0,0.0,15162.179858855177,0.0,0.0,4.0,0.0,0.0,0,13.661127764223867
88194ad823fffff,51.43850363520584,-0.3022583729355853,2.0,0.0,0.0,0.0,0.0,0.0,0.0,0.0,5.0,0.0,0.0,6.0,0.0,0.0,0.0,0.0,0.0,11091.378294209218,3821.4,0.0,3.0,0.0,0.0,0,13.682316170714179
88194ad825fffff,51.44832907513781,-0.31874950810287594,12.0,1.0,1.0,2.0,0.0,0.0,0.0,0.0,30.0,7.0,0.0,6.0,1.0,0.0,0.0,5.0,0.0,16431.362983821575,15725.416666666666,0.0,6.0,0.0,0.0,0,14.401334322321013
88194ad827fffff,51.44057117044707,-0.3144615912949635,8.0,0.0,1.0,1.0,0.0,0.0,0.0,0.0,6.0,2.0,0.0,5.0,0.0,0.0,0.0,0.0,0.0,20801.50214313547,392.0,0.0,3.0,0.0,0.0,0,14.390109548547704
88194ad829fffff,51.45195099516901,-0.2986254415863326,5.0,0.0,0.0,4.0,0.0,0.0,1.0,0.0,59.0,6.0,0.0,9.0,2.0,0.0,0.0,0.0,0.0,13923.581654620928,12841.0,0.0,10.0,0.0,0.0,0,12.945556347256405
88194ad82bfffff,51.44419320623866,-0.2943407155849363,3.0,1.0,1.0,2.0,0.0,0.0,0.0,0.0,16.0,6.0,0.0,3.0,0.0,0.0,0.0,0.0,0.0,18263.442540191903,0.0,0.0,2.0,0.0,0.0,0,12.938384702161672
88194ad82dfffff,51.454019328937925,-0.31083101607808616,30.0,4.0,1.0,3.0,1.0,0.0,0.0,0.0,13.0,11.0,0.0,9.0,1.0,1.0,1.0,0.0,0.0,12722.219065744583,16425.3125,0.0,8.0,0.0,0.0,0,13.700896460071434
88194ad831fffff,51.42867640932324,-0.2857752150533444,0.0,1.0,0.0,0.0,0.0,0.0,0.0,0.0,3.0,1.0,0.0,0.0,0.0,0.0,0.0,0.0,0.0,565.8353365050726,0.0,0.0,1.0,0.0,0.0,0,13.116134254817695
88194ad833fffff,51.42091740211293,-0.28149443940427826,3.0,0.0,0.0,3.0,0.0,0.0,1.0,0.0,10.0,1.0,0.0,5.0,2.0,0.0,0.0,0.0,0.0,7691.488008486742,5421.0,0.0,10.0,0.0,0.0,0,13.298499775632834
88194ad835fffff,51.430745178496664,-0.2979740278292458,1.0,0.0,1.0,3.0,0.0,0.0,0.0,0.0,6.0,2.0,0.0,4.0,1.0,1.0,0.0,0.0,0.0,565.8353365050726,1690.0,0.0,2.0,0.0,0.0,0,13.764185795060595
88194ad837fffff,51.42298631574203,-0.2936909996200618,2.0,0.0,1.0,0.0,0.0,0.0,0.0,1.0,5.0,1.0,0.0,13.0,1.0,2.0,0.0,0.0,0.0,0.0,1191.25,0.0,12.0,0.0,0.0,0,13.90567045214426
88194ad839fffff,51.43436529790254,-0.2778583938064865,1.0,0.0,0.0,0.0,0.0,0.0,0.0,0.0,18.0,1.0,0.0,1.0,0.0,0.0,0.0,0.0,0.0,1836.213647288719,0.0,0.0,0.0,0.0,0.0,0,12.333220032130493
88194ad83bfffff,51.426606552053414,-0.27357855482495796,2.0,0.0,0.0,1.0,0.0,0.0,0.0,0.0,5.0,2.0,0.0,6.0,0.0,1.0,0.0,0.0,0.0,3331.212763078617,15947.72,0.0,9.0,0.0,0.0,0,12.496396921085594
88194ad83dfffff,51.436435010827616,-0.29005730692713094,0.0,0.0,0.0,0.0,0.0,0.0,0.0,0.0,1.0,0.0,0.0,0.0,0.0,0.0,0.0,0.0,0.0,0.0,0.0,0.0,2.0,0.0,0.0,0,12.995522179348235
88194ad841fffff,51.466939435875936,-0.26265971145433026,28.0,2.0,1.0,2.0,0.0,0.0,0.0,0.0,19.0,13.0,1.0,15.0,3.0,1.0,0.0,0.0,0.0,16759.902123492313,1794.5454545454545,0.0,10.0,0.0,0.0,0,10.113199937243857
88194ad843fffff,51.45918228724454,-0.258380053049073,3.0,0.0,1.0,2.0,0.0,0.0,0.0,0.0,5.0,2.0,0.0,0.0,0.0,0.0,0.0,0.0,0.0,3442.315535975824,9204.5,0.0,1.0,0.0,0.0,0,10.034933434534862
88194ad845fffff,51.469011690841114,-0.27486343213881576,3.0,0.0,0.0,0.0,0.0,0.0,0.0,0.0,6.0,6.0,0.0,12.0,0.0,0.0,0.0,0.0,0.0,1961.2660489026873,24544.93984962406,1.0,14.0,0.0,0.0,1,10.905259649332335
88194ad847fffff,51.46125468690037,-0.2705815184985989,12.0,0.0,1.0,0.0,0.0,0.0,1.0,0.0,19.0,1.0,0.0,5.0,0.0,0.0,0.0,0.0,0.0,8586.67904732991,24963.666666666668,11.0,4.0,0.0,0.0,1,10.790987428733885
88194ad849fffff,51.47262297901307,-0.2547368672340929,14.0,0.0,0.0,0.0,0.0,0.0,0.0,0.0,7.0,7.0,0.0,8.0,0.0,1.0,0.0,0.0,0.0,23162.73684427935,0.0,0.0,4.0,0.0,0.0,0,9.461280327944062
88194ad84bfffff,51.46486609247315,-0.2504581475067965,13.0,1.0,2.0,0.0,1.0,0.0,0.0,0.0,7.0,4.0,0.0,9.0,1.0,1.0,0.0,0.0,0.0,22124.56225347583,719.0,0.0,13.0,0.0,0.0,0,9.336743410186118
88194ad84dfffff,51.474696177836314,-0.26694068674855825,0.0,0.0,0.0,0.0,0.0,0.0,2.0,0.0,4.0,2.0,0.0,3.0,0.0,0.0,0.0,0.0,0.0,4961.449847689484,4590.0,0.0,6.0,0.0,0.0,0,10.272302338560886
88194ad851fffff,51.44935110078543,-0.2419046561372262,6.0,0.0,1.0,2.0,0.0,0.0,1.0,1.0,18.0,16.0,0.0,16.0,6.0,1.0,0.0,0.0,0.0,4836.939066718376,1090.909090909091,0.0,9.0,0.0,0.0,0,9.35371311454352
88194ad853fffff,51.44159299641142,-0.23762988337606014,0.0,0.0,1.0,0.0,0.0,0.0,0.0,0.0,6.0,2.0,0.0,6.0,0.0,0.0,0.0,0.0,0.0,23165.918496017723,0.0,0.0,6.0,0.0,0.0,0,9.494760549095677
88194ad855fffff,51.45142473232905,-0.2541017109729815,13.0,0.0,0.0,3.0,1.0,0.0,0.0,0.0,4.0,3.0,0.0,4.0,0.0,1.0,0.0,0.0,0.0,25369.016988082432,12438.8,0.0,11.0,0.0,0.0,0,10.039401302990449
88194ad857fffff,51.44366677151648,-0.24982468466650956,0.0,0.0,0.0,0.0,0.0,0.0,0.0,0.0,1.0,0.0,0.0,0.0,0.0,0.0,0.0,0.0,0.0,4650.64438868213,94623.41666666667,0.0,0.0,0.0,0.0,0,10.126501674562737
88194ad859fffff,51.45503422456247,-0.23398359186867354,1.0,1.0,0.0,2.0,2.0,1.0,0.0,0.0,14.0,30.0,0.0,8.0,2.0,2.0,0.0,0.0,0.0,39574.3569164057,721.1818181818181,0.0,6.0,0.0,0.0,0,8.593348851831712
88194ad85bfffff,51.447276382295875,-0.22970975788775175,1.0,0.0,0.0,0.0,0.0,0.0,0.0,0.0,4.0,3.0,0.0,3.0,0.0,0.0,0.0,0.0,0.0,2362.285833073467,71599.95833333333,0.0,0.0,0.0,0.0,0,8.7028469139137
88194ad85dfffff,51.457108799601635,-0.2461807439943704,9.0,0.0,0.0,6.0,0.0,0.0,1.0,0.0,17.0,10.0,0.0,4.0,2.0,0.0,0.0,0.0,0.0,51580.22531297876,23991.38888888889,11.0,10.0,0.0,0.0,1,9.300543017830872
88194ad861fffff,51.46539621988793,-0.29499091644050573,29.0,0.0,0.0,1.0,1.0,0.0,0.0,1.0,11.0,21.0,0.0,17.0,0.0,1.0,0.0,0.0,0.0,24011.468129026784,35030.96,1.0,19.0,0.0,0.0,1,12.352135197661056
88194ad863fffff,51.45763909937778,-0.29070580965653997,0.0,1.0,1.0,0.0,0.0,0.0,0.0,0.0,7.0,0.0,0.0,11.0,0.0,0.0,0.0,0.0,0.0,76.00409177070254,0.0,0.0,6.0,0.0,0.0,0,12.24572621508344
88194ad865fffff,51.46746535203829,-0.30719884785964724,8.0,4.0,0.0,2.0,0.0,0.0,0.0,0.0,1.0,5.0,0.0,2.0,1.0,0.0,0.0,0.0,0.0,62808.81632631265,43400.25,0.0,5.0,0.0,0.0,0,13.151439298625897
88194ad867fffff,51.45970837723132,-0.30291148549118735,66.0,10.0,0.0,45.0,6.0,0.0,0.0,2.0,141.0,97.0,1.0,20.0,10.0,4.0,1.0,4.0,0.0,26267.623303365974,9119.287128712871,0.0,25.0,0.0,0.0,0,13.016924873358166
88194ad869fffff,51.47108285677783,-0.28706930902455474,11.0,1.0,1.0,1.0,0.0,0.0,0.0,1.0,17.0,12.0,0.0,10.0,2.0,0.0,0.0,0.0,0.0,28345.10848751562,11941.548387096775,1.0,19.0,0.0,0.0,1,11.709773770945821
88194ad86bfffff,51.463325997978394,-0.2827851398077867,1.0,0.0,0.0,2.0,0.0,0.0,0.0,0.0,10.0,5.0,0.0,7.0,0.0,0.0,0.0,0.0,0.0,25053.43405393819,8116.916666666667,0.0,10.0,0.0,0.0,0,11.564474117748063
88194ad86dfffff,51.47315293309526,-0.29927734157487745,0.0,0.0,0.0,6.0,0.0,0.0,0.0,0.0,40.0,30.0,0.0,1.0,0.0,0.0,0.0,0.0,0.0,0.0,0.0,0.0,0.0,0.0,0.0,0,12.52435839449296
88194ad881fffff,51.393496001904175,-0.24428684517158986,10.0,0.0,0.0,8.0,1.0,0.0,0.0,2.0,9.0,21.0,0.0,6.0,2.0,0.0,1.0,0.0,0.0,20765.2967428669,107142.375,0.0,26.0,0.0,0.0,0,13.35385471943168
88194ad883fffff,51.385735090897725,-0.24001582755712159,2.0,0.0,0.0,0.0,0.0,8.0,0.0,0.0,5.0,1.0,0.0,4.0,0.0,0.0,0.0,0.0,0.0,2621.2719962791166,353.0,4.0,16.0,0.0,275000.0,1,13.84263440883812
88194ad885fffff,51.395567518865455,-0.25647234883471665,5.0,0.0,1.0,5.0,0.0,0.0,1.0,0.0,12.0,15.0,0.0,16.0,2.0,2.0,0.0,0.0,0.0,575.4047408659512,1362.0,0.0,29.0,0.0,0.0,0,13.749343489751697
88194ad887fffff,51.38780675005756,-0.25219908202935987,7.0,0.0,0.0,5.0,3.0,0.0,0.0,0.0,9.0,11.0,0.0,13.0,1.0,0.0,0.0,0.0,0.0,6050.261439352555,4290.125,3.0,29.0,0.0,275000.0,1,14.192809786350532
88194ad889fffff,51.39918404944285,-0.23637357450038707,3.0,3.0,0.0,5.0,1.0,0.0,1.0,0.0,9.0,17.0,0.0,13.0,0.0,2.0,1.0,0.0,0.0,65441.43529916054,0.0,0.0,46.0,0.0,0.0,0,12.515006941547776
88194ad88bfffff,51.391423399826586,-0.23210349375968553,2.0,0.0,0.0,0.0,0.0,0.0,0.0,0.0,1.0,0.0,0.0,2.0,0.0,1.0,0.0,0.0,0.0,14605.175667975604,0.0,0.0,1.0,0.0,0.0,0,13.005844231357969
88194ad88dfffff,51.4012565094327,-0.24855917543321807,11.0,9.0,0.0,4.0,1.0,0.0,0.0,0.0,12.0,11.0,0.0,5.0,0.0,0.0,0.0,0.0,0.0,67929.6476689359,85613.96,0.0,66.0,0.0,0.0,0,12.911255518599924
88194ad891fffff,51.37590089156433,-0.22356726764741028,9.0,1.0,0.0,4.0,0.0,0.0,0.0,0.0,7.0,3.0,0.0,14.0,0.0,1.0,0.0,0.0,0.0,27645.598611421494,21931.291666666668,0.0,10.0,0.0,0.0,0,14.114161853772764
88194ad893fffff,51.368139033693005,-0.21930112116172262,6.0,0.0,0.0,0.0,1.0,0.0,0.0,0.0,4.0,3.0,0.0,8.0,0.0,0.0,0.0,0.0,0.0,35354.85319699989,2218.818181818182,0.0,8.0,0.0,0.0,0,14.722121617822243
88194ad895fffff,51.37797377680075,-0.2357461220323924,15.0,0.0,0.0,4.0,0.0,0.0,0.0,0.0,9.0,5.0,0.0,4.0,0.0,1.0,0.0,0.0,0.0,16811.81831172354,3003.846153846154,0.0,14.0,0.0,0.0,0,14.372889282104364
88194ad897fffff,51.37021206000065,-0.23147772804026023,19.0,0.0,0.0,1.0,0.0,0.0,0.0,0.0,5.0,0.0,0.0,12.0,0.0,1.0,0.0,0.0,0.0,2417.733146263597,18430.583333333332,11.0,4.0,0.0,0.0,1,14.9402090060998
88194ad899fffff,51.381588519167906,-0.2156557748720421,5.0,0.0,0.0,3.0,1.0,0.0,0.0,0.0,5.0,4.0,0.0,7.0,1.0,1.0,0.0,0.0,0.0,2712.664938411056,0.0,3.0,30.0,0.0,275000.0,1,13.289839471529957
88194ad89bfffff,51.37382692270043,-0.21139056536046297,2.0,0.0,1.0,5.0,0.0,0.0,0.0,0.0,4.0,3.0,0.0,13.0,0.0,0.0,0.0,0.0,0.0,51154.53472592682,35569.25,0.0,23.0,0.0,0.0,0,13.906262055243412
88194ad89dfffff,51.3836623470713,-0.2278347249944278,1.0,1.0,0.0,0.0,0.0,0.0,0.0,0.0,3.0,3.0,0.0,5.0,0.0,0.0,0.0,0.0,0.0,1290.0833199220974,5453.272727272727,3.0,2.0,0.0,275000.0,1,13.540555946748976
88194ad8a1fffff,51.39194681201921,-0.27657204457454115,0.0,0.0,0.0,0.0,0.0,0.0,0.0,0.0,5.0,4.0,0.0,4.0,0.0,0.0,0.0,0.0,0.0,2249.4908786965343,1961.2083333333333,0.0,1.0,0.0,0.0,0,15.023596294229709
88194ad8a3fffff,51.38418592485029,-0.2722955924683594,0.0,0.0,0.0,0.0,0.0,0.0,0.0,0.0,6.0,2.0,0.0,10.0,0.0,0.0,0.0,0.0,0.0,0.0,101313.88461538461,2.0,9.0,0.0,275000.0,1,15.426105826251252
88194ad8a5fffff,51.39401521364204,-0.2887617515811045,2.0,0.0,0.0,0.0,0.0,0.0,0.0,0.0,5.0,1.0,0.0,9.0,2.0,0.0,0.0,0.0,0.0,0.0,621.4,0.0,2.0,0.0,0.0,0,15.497242316179008
88194ad8a7fffff,51.3862544696822,-0.28448304993345175,6.0,0.0,0.0,2.0,1.0,0.0,0.0,0.0,9.0,8.0,1.0,11.0,0.0,2.0,1.0,0.0,0.0,3153.968018360098,5364.857142857143,0.0,23.0,0.0,0.0,0,15.859347086137724
88194ad8a9fffff,51.39763795012076,-0.26866000421678743,4.0,1.0,0.0,0.0,0.0,0.0,0.0,0.0,16.0,5.0,0.0,11.0,0.0,1.0,0.0,0.0,0.0,4658.356901893158,0.0,0.0,9.0,0.0,0.0,0,14.18835493886068
88194ad8abfffff,51.38987732396123,-0.2643844878794001,0.0,0.0,0.0,0.0,0.0,0.0,0.0,0.0,5.0,2.0,0.0,9.0,0.0,0.0,0.0,0.0,0.0,4639.038762468155,80668.08571428571,0.0,9.0,0.0,0.0,0,14.587632513301982
88194ad8adfffff,51.39970729508045,-0.2808498107845641,4.0,0.0,0.0,1.0,0.0,0.0,0.0,0.0,12.0,28.0,0.0,5.0,0.0,0.0,0.0,0.0,0.0,0.0,2413.0,0.0,3.0,0.0,0.0,0,14.666995065731196
88194ad8b5fffff,51.376424633961314,-0.2680204539082068,0.0,0.0,0.0,0.0,0.0,0.0,0.0,0.0,0.0,0.0,0.0,0.0,0.0,0.0,0.0,0.0,0.0,8361.34999652892,3040.6153846153848,3.0,1.0,0.0,275000.0,1,15.871035985886328
88194ad8b9fffff,51.38004557782017,-0.24792712798517635,5.0,1.0,0.0,1.0,0.0,0.0,0.0,0.0,8.0,1.0,0.0,11.0,0.0,2.0,0.0,0.0,0.0,17235.741083753186,22702.3125,0.0,13.0,0.0,0.0,0,14.679770750293882
88194ad8bbfffff,51.3722840025408,-0.2436564861447956,1.0,0.0,0.0,0.0,0.0,0.0,0.0,0.0,3.0,0.0,0.0,4.0,0.0,0.0,0.0,0.0,0.0,0.0,0.0,0.0,0.0,0.0,0.0,0,15.206053333260066
88194ad8bdfffff,51.38211629403316,-0.26011028497455285,15.0,0.0,0.0,5.0,0.0,0.0,0.0,0.0,4.0,0.0,0.0,8.0,0.0,0.0,0.0,0.0,0.0,1730.184176702914,1470.0,4.0,20.0,0.0,275000.0,1,15.031870611745767
88194ad8c1fffff,51.412630877035895,-0.2327297259563347,25.0,2.0,3.0,18.0,7.0,1.0,0.0,0.0,16.0,65.0,0.0,17.0,2.0,1.0,0.0,0.0,1.0,26521.829243241726,0.0,0.0,52.0,0.0,0.0,0,11.235774733760826
88194ad8c3fffff,51.404870892543606,-0.2284592701150621,10.0,0.0,0.0,3.0,0.0,0.0,0.0,0.0,4.0,12.0,1.0,7.0,0.0,0.0,0.0,0.0,0.0,33359.85424897249,0.0,0.0,30.0,0.0,0.0,0,11.676268419205106
88194ad8c5fffff,51.41470413770924,-0.24491767413828477,5.0,1.0,0.0,1.0,2.0,0.0,0.0,0.0,4.0,22.0,0.0,9.0,0.0,0.0,0.0,0.0,1.0,9893.8995658676,29484.77536231884,0.0,30.0,0.0,0.0,0,11.686568085974724
88194ad8c7fffff,51.40694429553283,-0.2406449677739992,2.0,1.0,0.0,2.0,0.0,0.0,0.0,0.0,3.0,7.0,0.0,9.0,0.0,0.0,0.0,0.0,0.0,65246.93579474476,73931.25,0.0,21.0,0.0,0.0,0,12.073390006909474
88194ad8c9fffff,51.418316253812144,-0.22481345007968856,0.0,6.0,0.0,0.0,0.0,0.0,0.0,0.0,7.0,1.0,0.0,7.0,1.0,0.0,0.0,0.0,0.0,23926.587757340574,8438.5,0.0,22.0,0.0,0.0,0,10.398446411006182
88194ad8cbfffff,51.4105565310766,-0.22054393211512346,19.0,1.0,0.0,6.0,0.0,0.0,0.0,0.0,9.0,33.0,0.0,16.0,0.0,1.0,0.0,0.0,0.0,47170.117695845525,14802.9,0.0,84.0,0.0,0.0,0,10.83764172339465
88194ad8cdfffff,51.42039045756644,-0.23700149477387042,0.0,1.0,0.0,0.0,0.0,0.0,0.0,0.0,4.0,3.0,0.0,2.0,0.0,0.0,0.0,0.0,0.0,0.0,14234.0,0.0,14.0,0.0,0.0,0,10.854379828621468
88194ad8d1fffff,51.39503587512416,-0.21200883253961234,0.0,0.0,0.0,0.0,0.0,0.0,0.0,0.0,2.0,0.0,0.0,6.0,0.0,0.0,0.0,0.0,0.0,21123.7743533073,745.3636363636364,0.0,14.0,0.0,0.0,0,11.878996567952742
88194ad8d3fffff,51.387274942681415,-0.20774324981378225,10.0,0.0,1.0,3.0,2.0,0.0,0.0,0.0,7.0,9.0,0.0,7.0,1.0,0.0,0.0,0.0,0.0,12504.664541183496,25747.75,0.0,28.0,0.0,0.0,0,12.46756416447211
88194ad8d5fffff,51.39711050447672,-0.2241901266922256,4.0,0.0,0.0,2.0,0.0,0.0,0.0,0.0,5.0,12.0,0.0,10.0,0.0,0.0,0.0,0.0,0.0,23050.924157457623,6003.571428571428,0.0,25.0,0.0,0.0,0,12.169451328080395
88194ad8d7fffff,51.38934971322241,-0.2199222951303016,3.0,0.0,1.0,4.0,2.0,0.0,0.0,1.0,8.0,16.0,0.0,11.0,0.0,1.0,0.0,0.0,0.0,14738.102111675165,0.0,0.0,34.0,0.0,0.0,0,12.70919710561071
88194ad8d9fffff,51.40072083264679,-0.20409433732214197,8.0,0.0,1.0,0.0,1.0,0.0,0.0,0.0,9.0,6.0,0.0,13.0,0.0,1.0,0.0,0.0,0.0,0.0,15838.75,0.0,35.0,0.0,0.0,0,11.050193051728188
88194ad8dbfffff,51.39296016197508,-0.19982969257246053,9.0,0.0,0.0,0.0,0.0,0.0,0.0,0.0,5.0,0.0,0.0,16.0,0.0,1.0,0.0,0.0,0.0,45805.0913437755,13650.222222222223,1.0,20.0,0.0,0.0,1,11.647748274952729
88194ad8ddfffff,51.40279640471825,-0.2162757264542984,5.0,1.0,0.0,0.0,1.0,0.0,0.0,0.0,7.0,4.0,0.0,4.0,0.0,0.0,0.0,0.0,0.0,15803.722495808564,7832.0,0.0,32.0,0.0,0.0,0,11.33352185720328
88194ad8e1fffff,51.41108784464299,-0.26502282295979324,2.0,0.0,0.0,0.0,1.0,0.0,0.0,0.0,5.0,0.0,0.0,6.0,0.0,0.0,0.0,0.0,0.0,0.0,6530.235294117647,0.0,13.0,0.0,0.0,0,13.010237406762146
88194ad8e3fffff,51.40332788385641,-0.26074692895888596,22.0,1.0,0.0,22.0,2.0,0.0,0.0,2.0,12.0,36.0,0.0,10.0,0.0,6.0,1.0,0.0,0.0,18705.55368698825,11644.142857142857,0.0,37.0,0.0,0.0,0,13.353700112616858
88194ad8e5fffff,51.41315798958411,-0.27721497942093,5.0,0.0,0.0,1.0,0.0,0.0,0.0,0.0,5.0,2.0,0.0,15.0,1.0,1.0,0.0,0.0,0.0,9268.606693887345,12491.161290322581,0.0,15.0,0.0,0.0,0,13.54012947804227
88194ad8e7fffff,51.40539817212422,-0.2729368345445789,5.0,0.0,0.0,3.0,0.0,0.0,0.0,0.0,24.0,5.0,0.0,7.0,0.0,0.0,0.0,0.0,0.0,17270.709537797422,20611.76923076923,0.0,20.0,0.0,0.0,0,13.837924758473722
88194ad8e9fffff,51.416776312506556,-0.2571077761290301,0.0,1.0,0.0,1.0,0.0,0.0,0.0,0.0,2.0,3.0,0.0,5.0,0.0,0.0,0.0,0.0,0.0,2252.5265348173402,5356.020833333333,0.0,27.0,0.0,0.0,0,12.184194573232167
88194ad8ebfffff,51.409016613095936,-0.2528328188997005,1.0,0.0,0.0,0.0,0.0,0.0,2.0,0.0,3.0,0.0,0.0,4.0,0.0,0.0,0.0,0.0,0.0,8789.970436592943,11268.636363636364,0.0,9.0,0.0,0.0,0,12.519729389687024
88194ad8edfffff,51.418847400837784,-0.2693000313956523,0.0,0.0,0.0,0.0,0.0,0.0,0.0,0.0,2.0,0.0,0.0,2.0,0.0,0.0,0.0,0.0,0.0,0.0,0.0,0.0,2.0,0.0,0.0,0,12.723175902264513
88194ad901fffff,51.46228175772652,-0.3596748389531939,3.0,0.0,0.0,1.0,0.0,0.0,0.0,0.0,3.0,3.0,0.0,12.0,0.0,1.0,0.0,0.0,0.0,7407.750291037537,6108.941176470588,0.0,3.0,0.0,0.0,0,16.84346214540995
88194ad903fffff,51.4545247006775,-0.3553788366704742,19.0,0.0,0.0,3.0,0.0,0.0,1.0,0.0,16.0,6.0,0.0,13.0,2.0,0.0,0.0,0.0,0.0,10538.018539504517,8515.545454545454,0.0,8.0,0.0,0.0,0,16.7033801032411
88194ad905fffff,51.4643446354008,-0.3718911731969974,12.0,2.0,0.0,6.0,2.0,0.0,0.0,0.0,2.0,15.0,0.0,9.0,0.0,0.0,0.0,0.0,0.0,24098.72602516028,13574.15,0.0,3.0,0.0,0.0,0,17.651371112231093
88194ad907fffff,51.45658772608126,-0.3675929146434469,3.0,0.0,0.0,0.0,0.0,0.0,0.0,0.0,6.0,5.0,0.0,6.0,0.0,0.0,0.0,0.0,0.0,2043.8304293243157,9080.363636363636,0.0,2.0,0.0,0.0,0,17.491956297306064
88194ad909fffff,51.467974583752515,-0.3517557225228977,5.0,0.0,0.0,27.0,0.0,0.0,0.0,0.0,7.0,51.0,0.0,16.0,4.0,3.0,0.0,0.0,1.0,7854.61924281093,12165.75,0.0,12.0,0.0,0.0,0,16.212545194646278
88194ad90bfffff,51.46021778765293,-0.34746065557803424,0.0,0.0,0.0,0.0,0.0,0.0,0.0,0.0,2.0,0.0,0.0,9.0,0.0,0.0,0.0,0.0,0.0,68276.35460688146,11421.5,0.0,1.0,0.0,0.0,0,16.043149290548996
88194ad90dfffff,51.47003840620767,-0.36397216250426867,31.0,6.0,0.0,40.0,4.0,7.0,0.0,2.0,27.0,135.0,0.0,26.0,1.0,11.0,1.0,0.0,0.0,53245.340795216856,14190.392156862745,0.0,17.0,1.0,0.0,0,17.03141909862613
88194ad911fffff,51.444702971158335,-0.3388744829140416,24.0,1.0,3.0,5.0,1.0,1.0,1.0,0.0,43.0,38.0,0.0,8.0,10.0,2.0,1.0,0.0,0.0,14676.18489956626,0.0,0.0,13.0,0.0,0.0,0,15.857417724433711
88194ad913fffff,51.43694495153863,-0.33458337607366734,7.0,1.0,0.0,3.0,0.0,0.0,0.0,0.0,9.0,3.0,0.0,11.0,1.0,0.0,0.0,0.0,0.0,2022.8822664776753,10522.3125,0.0,7.0,0.0,0.0,0,15.84288635147068
88194ad915fffff,51.44676723544834,-0.35108415509510676,1.0,0.0,0.0,4.0,1.0,0.0,0.0,0.0,44.0,17.0,0.0,10.0,0.0,0.0,0.0,0.0,0.0,73259.5074004114,6493.159090909091,0.0,10.0,0.0,0.0,0,16.612388801625265
88194ad917fffff,51.43900936242678,-0.3467907936663976,3.0,0.0,0.0,0.0,0.0,0.0,0.0,0.0,6.0,7.0,0.0,8.0,2.0,0.0,0.0,0.0,0.0,43696.499252924645,10059.837837837838,0.0,6.0,0.0,0.0,0,16.57130160692901
88194ad919fffff,51.45039537461573,-0.33095713285935713,24.0,5.0,2.0,8.0,1.0,0.0,1.0,1.0,47.0,46.0,0.0,16.0,15.0,0.0,0.0,0.0,0.0,50791.265321477265,12117.44,0.0,24.0,0.0,0.0,0,15.156459120617892
88194ad91bfffff,51.44263761596124,-0.3266669614673888,20.0,0.0,0.0,3.0,1.0,0.0,2.0,1.0,51.0,21.0,0.0,7.0,7.0,0.0,0.0,0.0,0.0,29566.851277440925,22911.583333333332,0.0,11.0,0.0,0.0,0,15.115965958775082
88194ad91dfffff,51.45246058332565,-0.3431669092286726,10.0,0.0,0.0,0.0,0.0,0.0,1.0,0.0,6.0,5.0,0.0,6.0,0.0,0.0,0.0,0.0,0.0,88321.43422687113,46426.846153846156,0.0,9.0,0.0,0.0,0,15.924392580201259
88194ad921fffff,51.460710498684506,-0.39202752001278923,1.0,0.0,0.0,2.0,0.0,0.0,0.0,0.0,1.0,2.0,0.0,7.0,0.0,0.0,0.0,0.0,0.0,60700.997658785935,17906.375,0.0,3.0,0.0,0.0,0,19.093150247174083
88194ad923fffff,51.45295347697689,-0.38772607063219683,0.0,0.0,0.0,0.0,0.0,0.0,0.0,0.0,1.0,0.0,0.0,1.0,0.0,0.0,0.0,0.0,0.0,46277.0053906712,0.0,0.0,0.0,0.0,0.0,0,18.942220329815235
88194ad925fffff,51.46277024470417,-0.4042480463216536,1.0,0.0,0.0,0.0,0.0,0.0,1.0,0.0,0.0,4.0,0.0,1.0,0.0,0.0,0.0,0.0,0.0,16631.256539129303,0.0,0.0,1.0,0.0,0.0,0,19.903854044611695
88194ad927fffff,51.455013371739774,-0.39994434033345744,2.0,1.0,0.0,3.0,0.0,0.0,0.0,0.0,7.0,7.0,0.0,12.0,0.0,0.0,0.0,0.0,0.0,3068.3401888250946,8330.79411764706,0.0,1.0,0.0,0.0,0,19.736246869351465
88194ad929fffff,51.466406420085654,-0.3841096577666078,14.0,0.0,0.0,7.0,0.0,0.0,0.0,0.0,1.0,17.0,0.0,15.0,0.0,2.0,3.0,0.0,0.0,8624.647139978355,13972.538461538461,0.0,4.0,0.0,0.0,0,18.4658899798997
88194ad92bfffff,51.45864965894691,-0.37980914260530824,0.0,0.0,0.0,0.0,0.0,0.0,0.0,0.0,1.0,1.0,0.0,2.0,0.0,0.0,1.0,0.0,0.0,24963.108341792697,0.0,0.0,0.0,0.0,0.0,0,18.288891769942705
88194ad92dfffff,51.46846711119104,-0.3963302921182134,5.0,0.0,0.0,0.0,1.0,0.0,0.0,0.0,3.0,5.0,0.0,8.0,0.0,1.0,0.0,0.0,0.0,28583.60925454781,4901.285714285715,0.0,7.0,0.0,0.0,0,19.286191615553644
88194ad931fffff,51.44313491047529,-0.3712120778787879,1.0,0.0,0.0,0.0,0.0,0.0,0.0,0.0,28.0,7.0,0.0,6.0,1.0,0.0,2.0,0.0,0.0,3721.592909163627,49325.583333333336,0.0,13.0,0.0,0.0,0,18.068668264119204
88194ad933fffff,51.435376923918206,-0.3669155271915511,1.0,0.0,0.0,0.0,0.0,0.0,0.0,0.0,10.0,0.0,0.0,8.0,0.0,0.0,0.0,0.0,0.0,19298.663370759812,27497.0,0.0,7.0,0.0,0.0,0,18.027085880710235
88194ad935fffff,51.44519604645614,-0.3834259434150635,1.0,0.0,0.0,0.0,0.0,0.0,1.0,0.0,27.0,5.0,0.0,8.0,0.0,1.0,0.0,0.0,0.0,15220.939104809733,16730.548387096773,0.0,4.0,0.0,0.0,0,18.834418412767022
88194ad937fffff,51.43743820751025,-0.37912713780029156,6.0,3.0,0.0,4.0,1.0,0.0,0.0,0.0,7.0,6.0,0.0,14.0,0.0,1.0,0.0,0.0,0.0,87082.7946626708,26079.8125,0.0,27.0,0.0,0.0,0,18.770491730421927
88194ad939fffff,51.448830408241356,-0.36329597746981834,7.0,0.0,0.0,2.0,2.0,0.0,0.0,0.0,5.0,3.0,0.0,16.0,1.0,1.0,0.0,0.0,0.0,20222.561038382988,771.8571428571429,0.0,8.0,0.0,0.0,0,17.379128861297552
88194ad93bfffff,51.44107268226892,-0.35900036111517425,3.0,3.0,1.0,0.0,0.0,0.0,0.0,0.0,25.0,4.0,0.0,13.0,1.0,1.0,0.0,0.0,0.0,13439.12837090495,0.0,0.0,13.0,0.0,0.0,0,17.313804098273664
88194ad93dfffff,51.45089248894749,-0.3755099494964181,9.0,0.0,0.0,0.0,0.0,0.0,0.0,0.0,10.0,1.0,0.0,8.0,0.0,0.0,0.0,0.0,0.0,0.0,11127.486486486487,0.0,2.0,0.0,0.0,0,18.156157916280623
88194ad941fffff,51.48142233035765,-0.3481310176545052,9.0,0.0,0.0,1.0,0.0,0.0,0.0,0.0,18.0,4.0,0.0,16.0,0.0,0.0,0.0,0.0,0.0,8998.223004827863,40901.166666666664,1.0,16.0,2.0,0.0,1,15.85234716634686
88194ad943fffff,51.47366620402863,-0.34383556544997823,27.0,0.0,0.0,14.0,4.0,1.0,0.0,0.0,7.0,26.0,0.0,13.0,0.0,3.0,0.0,0.0,0.0,23826.866509939096,16545.836734693876,0.0,8.0,0.0,0.0,0,15.60132220727108
88194ad945fffff,51.48348694971824,-0.3603498204436108,0.0,0.0,0.0,0.0,0.0,0.0,0.0,0.0,0.0,1.0,0.0,2.0,0.0,0.0,0.0,0.0,0.0,10695.108087116383,998.0,0.0,4.0,0.0,0.0,0,16.69661135036303
88194ad947fffff,51.47573097123681,-0.3560521106243149,6.0,0.0,0.0,1.0,0.0,11.0,0.0,0.0,13.0,0.0,0.0,10.0,0.0,0.0,1.0,0.0,0.0,29597.18557679953,7839.25,0.0,10.0,1.0,0.0,0,16.431009428734075
88194ad949fffff,51.48711248343984,-0.34020888369239616,0.0,0.0,0.0,0.0,0.0,0.0,0.0,0.0,1.0,2.0,0.0,9.0,0.0,0.0,0.0,0.0,0.0,55365.08533721116,6180.5,0.0,4.0,0.0,0.0,0,15.297884217605146
88194ad94bfffff,51.479356618424475,-0.3359143678320264,2.0,0.0,0.0,1.0,2.0,0.0,0.0,0.0,5.0,5.0,0.0,12.0,1.0,0.0,0.0,0.0,0.0,30892.31603669276,13755.583333333334,0.0,17.0,0.0,0.0,0,15.012182432149274
88194ad94dfffff,51.48917804763656,-0.3524277914649474,1.0,0.0,0.0,1.0,0.0,0.0,0.0,0.0,17.0,9.0,0.0,0.0,0.0,1.0,0.0,0.0,0.0,15387.073765611849,0.0,0.0,0.0,0.0,0.0,0,16.151149634055454
88194ad951fffff,51.46384366265135,-0.32732929834689606,13.0,3.0,0.0,2.0,0.0,0.0,0.0,0.0,15.0,6.0,1.0,10.0,2.0,1.0,0.0,0.0,0.0,15909.376116322372,20874.26923076923,0.0,14.0,0.0,0.0,0,14.59614470824565
88194ad953fffff,51.456086572668404,-0.32303874360008245,12.0,0.0,0.0,3.0,1.0,0.0,0.0,0.0,8.0,6.0,0.0,9.0,0.0,1.0,0.0,0.0,0.0,5706.372086844599,19638.183333333334,0.0,16.0,0.0,0.0,0,14.470287183461839
88194ad955fffff,51.46590966903697,-0.33954143428996514,0.0,0.0,0.0,1.0,0.0,0.0,0.0,0.0,1.0,0.0,0.0,6.0,0.0,0.0,0.0,0.0,0.0,0.0,0.0,0.0,3.0,0.0,0.0,0,15.400416307508857
88194ad957fffff,51.458152725770155,-0.3352486236133673,4.0,2.0,0.0,0.0,0.0,0.0,0.0,0.0,6.0,14.0,0.0,25.0,1.0,0.0,0.0,0.0,0.0,109637.2981754336,22438.25,0.0,33.0,0.0,0.0,0,15.251615326124238
88194ad959fffff,51.469533393838894,-0.31940893352713345,14.0,0.0,0.0,3.0,0.0,0.0,2.0,0.0,16.0,7.0,0.0,2.0,0.0,0.0,0.0,0.0,0.0,10740.783766974208,13231.916666666666,0.0,11.0,0.0,0.0,0,13.960400979727437
88194ad95bfffff,51.461776565186,-0.31511931523413944,0.0,0.0,0.0,2.0,0.0,0.0,0.0,0.0,33.0,6.0,0.0,0.0,0.0,0.0,0.0,0.0,0.0,0.0,42599.6875,0.0,0.0,0.0,0.0,0,13.801089696703192
88194ad95dfffff,51.471600344699176,-0.33162117290391663,13.0,1.0,0.0,9.0,0.0,0.0,0.0,0.0,8.0,16.0,0.0,16.0,0.0,0.0,0.0,0.0,0.0,6147.758208967079,15794.648648648648,0.0,10.0,0.0,0.0,0,14.777447760658426
88194ad961fffff,51.47985722692769,-0.3804916566889835,9.0,0.0,0.0,0.0,0.0,0.0,0.0,0.0,1.0,0.0,0.0,17.0,0.0,1.0,0.0,0.0,0.0,3452.6546343599207,5697.625,0.0,19.0,0.0,0.0,0,18.104664267254677
88194ad963fffff,51.47210113581219,-0.37619075369167615,5.0,0.0,0.0,0.0,2.0,0.0,0.0,0.0,14.0,2.0,0.0,11.0,2.0,0.0,0.0,0.0,0.0,1191.3308208307271,13411.42857142857,0.0,17.0,0.0,0.0,0,17.856121225578818
88194ad965fffff,51.48191871422972,-0.39271465649245507,4.0,0.0,0.0,2.0,0.0,0.0,0.0,0.0,0.0,5.0,0.0,16.0,0.0,1.0,0.0,0.0,0.0,0.0,0.0,0.0,18.0,0.0,0.0,0,18.947391525034227
88194ad967fffff,51.47416277197587,-0.38841149554175153,15.0,0.0,0.0,3.0,0.0,0.0,1.0,0.0,8.0,15.0,0.0,7.0,1.0,0.0,0.0,0.0,0.0,39370.287272720474,29124.65306122449,1.0,38.0,0.0,0.0,1,18.685890559132694
88194ad969fffff,51.485550475915694,-0.37257077565683544,20.0,0.0,0.0,1.0,1.0,0.0,0.0,0.0,4.0,9.0,0.0,6.0,0.0,0.0,0.0,0.0,0.0,24838.05149147131,14907.333333333334,0.0,17.0,0.0,0.0,0,17.544394525568514
88194ad96bfffff,51.477794645733276,-0.3682708078849603,16.0,1.0,0.0,6.0,0.0,0.0,0.0,0.0,13.0,7.0,0.0,15.0,8.0,0.0,0.0,0.0,0.0,3269.116221283155,25748.691666666666,0.0,48.0,0.0,0.0,0,17.26568299622662
88194ad96dfffff,51.48761290835956,-0.3847938827506976,1.0,0.0,0.0,3.0,0.0,0.0,0.0,0.0,2.0,4.0,0.0,5.0,0.0,1.0,0.0,0.0,0.0,38086.36723216398,10509.666666666666,0.0,10.0,0.0,0.0,0,18.395220976787883
88194ad981fffff,51.40797380017212,-0.3296305382141223,3.0,0.0,0.0,2.0,0.0,0.0,0.0,0.0,6.0,1.0,0.0,3.0,0.0,0.0,0.0,0.0,0.0,16764.468738232477,20317.083333333332,0.0,1.0,0.0,0.0,0,16.906733624041735
88194ad983fffff,51.40021389400556,-0.32534376911817103,0.0,0.0,0.0,0.0,0.0,0.0,1.0,0.0,0.0,0.0,0.0,0.0,0.0,0.0,0.0,0.0,0.0,0.0,0.0,0.0,0.0,0.0,0.0,0,17.11188597578474
88194ad985fffff,51.41003770481095,-0.3418310926779961,3.0,0.0,0.0,0.0,0.0,0.0,1.0,0.0,4.0,2.0,0.0,7.0,0.0,0.0,0.0,0.0,0.0,14865.337690070732,0.0,0.0,3.0,0.0,0.0,0,17.53244876785221
88194ad987fffff,51.402277943993965,-0.33754207201441205,6.0,0.0,0.0,3.0,0.0,0.0,5.0,0.0,18.0,3.0,0.0,1.0,1.0,0.0,0.0,6.0,0.0,15012.73016153647,41494.583333333336,0.0,8.0,0.0,0.0,0,17.704895215418382
88194ad989fffff,51.41366845184228,-0.3217179667976385,1.0,0.0,0.0,0.0,0.0,0.0,0.0,0.0,5.0,0.0,0.0,4.0,0.0,0.0,0.0,0.0,0.0,1573.518869149947,11660.75,0.0,4.0,0.0,0.0,0,16.112859747440623
88194ad98dfffff,51.41573330048539,-0.33391862465750016,3.0,0.0,0.0,2.0,0.0,0.0,0.0,0.0,6.0,2.0,0.0,0.0,0.0,0.0,0.0,0.0,0.0,31199.545415317574,0.0,0.0,2.0,0.0,0.0,0,16.74895327241083
88194ad991fffff,51.39038829903311,-0.3088644126401545,42.0,2.0,0.0,12.0,3.0,0.0,1.0,1.0,27.0,25.0,0.0,15.0,12.0,3.0,0.0,0.0,0.0,38000.95897280419,16495.458333333332,0.0,18.0,0.0,0.0,0,16.830579736646012
88194ad993fffff,51.38262743810372,-0.3045825264502068,1.0,0.0,0.0,1.0,0.0,0.0,0.0,0.0,6.0,1.0,0.0,7.0,1.0,0.0,0.0,0.0,0.0,1745.401322766,6805.454545454545,0.0,7.0,0.0,0.0,0,17.160641700807066
88194ad995fffff,51.392453582373626,-0.32105831681065794,0.0,0.0,0.0,0.0,0.0,0.0,0.0,0.0,1.0,1.0,0.0,3.0,0.0,0.0,0.0,0.0,0.0,14297.069572786651,17569.833333333332,0.0,0.0,0.0,0.0,0,17.362735643810712
88194ad997fffff,51.38469286566425,-0.31677418073287633,0.0,0.0,0.0,0.0,0.0,0.0,0.0,0.0,1.0,0.0,0.0,0.0,0.0,0.0,0.0,0.0,0.0,0.0,0.0,0.0,0.0,0.0,0.0,0,17.65733948286366
88194ad999fffff,51.3960825282403,-0.3009536083644639,19.0,1.0,1.0,11.0,1.0,0.0,0.0,0.0,20.0,21.0,0.0,21.0,5.0,0.0,2.0,0.0,0.0,12839.858367110806,13204.76,0.0,67.0,0.0,0.0,0,16.005238003944683
88194ad99bfffff,51.388321927939565,-0.2966726568357423,7.0,2.0,1.0,14.0,5.0,0.0,0.0,0.0,31.0,25.0,0.0,11.0,3.0,1.0,1.0,0.0,0.0,6963.478931932275,4197.142857142857,0.0,32.0,0.0,0.0,0,16.32850211005708
88194ad99dfffff,51.39814875522458,-0.3131476143890059,0.0,0.0,0.0,3.0,0.0,0.0,0.0,0.0,3.0,7.0,0.0,4.0,0.0,0.0,0.0,0.0,0.0,20031.089130350374,17527.458333333332,0.0,21.0,0.0,0.0,0,16.544431624754385
88194ad9a5fffff,51.40846355531149,-0.37414986431567393,0.0,0.0,0.0,0.0,0.0,0.0,0.0,0.0,0.0,0.0,0.0,0.0,0.0,1.0,0.0,0.0,0.0,4297.551682691209,0.0,0.0,0.0,0.0,0.0,0,19.61368961439066
88194ad9a9fffff,51.412100519617354,-0.35403379510783245,1.0,0.0,0.0,0.0,0.0,0.0,0.0,0.0,5.0,3.0,0.0,5.0,0.0,0.0,0.0,0.0,0.0,4183.541019450127,0.0,0.0,2.0,0.0,0.0,0,18.179236335699237
88194ad9abfffff,51.40434090460053,-0.3497425225392235,0.0,1.0,0.0,0.0,0.0,0.0,0.0,0.0,0.0,0.0,0.0,0.0,0.0,0.0,0.0,0.0,0.0,0.0,33909.208333333336,0.0,0.0,0.0,0.0,0,18.320988944797016
88194ad9adfffff,51.414162244002064,-0.36623864496360076,7.0,2.0,0.0,5.0,0.0,1.0,0.0,1.0,22.0,14.0,0.0,9.0,1.0,3.0,0.0,2.0,0.0,14977.212223465101,15036.546391752578,0.0,3.0,0.0,0.0,0,18.844937323801826
88194ad9c1fffff,51.42712087770252,-0.3180905745288789,2.0,2.0,0.0,0.0,0.0,0.0,0.0,0.0,15.0,0.0,0.0,5.0,0.0,0.0,0.0,0.0,0.0,25398.25564386667,0.0,0.0,1.0,0.0,0.0,0,15.200146937848743
88194ad9c3fffff,51.419361898873525,-0.3138043578626931,5.0,1.0,0.0,0.0,0.0,0.0,0.0,0.0,6.0,0.0,0.0,7.0,0.0,0.0,0.0,0.0,0.0,3265.9508754209346,16036.375,0.0,4.0,0.0,0.0,0,15.323923865542213
88194ad9c5fffff,51.42918652485423,-0.3302935881473706,16.0,5.0,0.0,2.0,0.0,0.0,1.0,0.0,41.0,4.0,0.0,12.0,0.0,0.0,0.0,0.0,0.0,29956.299157367004,10716.888888888889,0.0,14.0,0.0,0.0,0,15.880947302788199
88194ad9c7fffff,51.42142769149287,-0.3260051185752314,1.0,0.0,0.0,0.0,0.0,0.0,0.0,0.0,4.0,1.0,0.0,4.0,0.0,0.0,0.0,0.0,0.0,6144.947298927964,1580.0,0.0,4.0,0.0,0.0,0,15.971229429893171
88194ad9c9fffff,51.432812858983674,-0.31017499261631315,13.0,0.0,0.0,0.0,1.0,0.0,0.0,0.0,14.0,5.0,0.0,16.0,0.0,0.0,0.0,0.0,0.0,0.0,13598.461538461539,0.0,10.0,0.0,0.0,0,14.436752882168587
88194ad9cbfffff,51.42505414113518,-0.30588971150719435,1.0,0.0,0.0,0.0,0.0,0.0,0.0,0.0,24.0,7.0,0.0,8.0,0.0,0.0,0.0,4.0,0.0,18805.418098689843,0.0,0.0,2.0,0.0,0.0,0,14.540712768949456
88194ad9cdfffff,51.4348794501943,-0.3223781088772176,2.0,0.0,0.0,2.0,1.0,0.0,0.0,0.0,12.0,6.0,1.0,2.0,0.0,1.0,0.0,0.0,0.0,6067.997198277465,2394.0,0.0,5.0,0.0,0.0,0,15.130579848021018
88194ad9d1fffff,51.4095354878332,-0.29732309975998833,33.0,12.0,0.0,32.0,2.0,0.0,0.0,4.0,27.0,55.0,0.0,39.0,10.0,7.0,0.0,0.0,0.0,33300.001465394744,30180.083333333332,0.0,59.0,0.0,0.0,0,14.915149097801502
88194ad9d3fffff,51.40177555315494,-0.2930417680038439,7.0,0.0,0.0,2.0,0.0,0.0,0.0,0.0,16.0,4.0,0.0,8.0,0.0,0.0,0.0,0.0,0.0,657.0878870413441,13352.285714285714,0.0,8.0,0.0,0.0,0,15.181529284078575
88194ad9d5fffff,51.41160251409502,-0.3095194583192537,57.0,12.0,0.0,42.0,1.0,0.0,3.0,0.0,38.0,71.0,0.0,21.0,10.0,6.0,0.0,2.0,0.0,44271.98519958164,44087.708333333336,0.0,38.0,0.0,0.0,0,15.500617019233315
88194ad9d7fffff,51.40384272375471,-0.30523587533945085,34.0,4.0,0.0,7.0,1.0,0.0,0.0,0.0,11.0,9.0,0.0,20.0,2.0,0.0,0.0,3.0,0.0,31408.759614254417,26255.521739130436,0.0,52.0,0.0,0.0,0,15.728448016803771
88194ad9d9fffff,51.41522704732942,-0.28940928774880575,22.0,2.0,0.0,3.0,3.0,0.0,0.0,0.0,11.0,3.0,1.0,16.0,1.0,1.0,0.0,0.0,0.0,22520.648397603298,26835.666666666668,0.0,30.0,0.0,0.0,0,14.104981758937146
88194ad9dbfffff,51.40746737364638,-0.2851288916565282,1.0,0.0,0.0,3.0,0.0,0.0,0.0,0.0,5.0,3.0,0.0,9.0,1.0,0.0,0.0,0.0,0.0,26468.923293698175,0.0,0.0,17.0,0.0,0.0,0,14.359717395760029
88194ad9ddfffff,51.41729501728915,-0.301605747408146,14.0,3.0,2.0,9.0,0.0,0.0,0.0,0.0,41.0,17.0,0.0,11.0,0.0,1.0,0.0,0.0,0.0,42227.96430227274,18796.4,0.0,20.0,0.0,0.0,0,14.70077852989786
88194ad9e1fffff,51.42555600747778,-0.35041308862059,12.0,0.0,1.0,3.0,1.0,0.0,0.0,0.0,25.0,6.0,0.0,9.0,3.0,1.0,0.0,0.0,0.0,40382.860717086056,15809.645833333334,0.0,7.0,0.0,0.0,0,17.32743895440585
88194ad9e3fffff,51.41779705943487,-0.3461214313602246,2.0,0.0,0.0,0.0,0.0,0.0,0.0,0.0,17.0,3.0,0.0,0.0,0.0,0.0,0.0,0.0,0.0,5908.268501566321,0.0,0.0,0.0,0.0,0.0,0,17.40629445364022
88194ad9e5fffff,51.42761852966421,-0.3626202968741283,5.0,0.0,0.0,0.0,0.0,0.0,0.0,0.0,7.0,1.0,1.0,8.0,1.0,0.0,0.0,0.0,0.0,20770.493476831707,15197.145833333334,0.0,8.0,0.0,0.0,0,18.0317326693871
88194ad9e7fffff,51.41985972810125,-0.3583263863662216,7.0,0.0,1.0,1.0,0.0,0.0,0.0,0.0,4.0,1.0,0.0,10.0,0.0,0.0,0.0,0.0,0.0,6967.333358700476,16155.708333333334,0.0,8.0,0.0,0.0,0,18.082577276260054
88194ad9e9fffff,51.43125108200056,-0.34249875182393547,7.0,1.0,0.0,0.0,1.0,0.0,0.0,0.0,4.0,2.0,0.0,10.0,0.0,0.0,0.0,0.0,0.0,31140.55151142684,1707.75,0.0,10.0,0.0,0.0,0,16.58049419657481
88194ad9ebfffff,51.423492394557485,-0.33820802900758445,25.0,3.0,0.0,2.0,0.0,0.0,1.0,0.0,41.0,12.0,0.0,11.0,1.0,0.0,0.0,0.0,0.0,82665.56872704973,8502.0,0.0,30.0,0.0,0.0,0,16.639887895524314
88194ad9edfffff,51.43331454855177,-0.3547060650188847,3.0,1.0,0.0,1.0,0.0,0.0,0.0,0.0,5.0,8.0,0.0,9.0,1.0,0.0,0.0,0.0,0.0,75836.71841507382,1732.5,0.0,16.0,0.0,0.0,0,17.296524725330087
88194ada01fffff,51.48758925400451,-0.21876016002827928,79.0,4.0,0.0,15.0,1.0,0.0,0.0,2.0,18.0,17.0,0.0,6.0,8.0,1.0,0.0,0.0,0.0,3780.145010497433,19201.02,0.0,14.0,0.0,132000.0,0,6.866058687743473
88194ada03fffff,51.47983301089465,-0.21448651522881626,64.0,1.0,1.0,8.0,1.0,0.0,0.0,0.0,7.0,9.0,0.0,15.0,1.0,1.0,0.0,0.0,0.0,2512.960172082878,18081.083333333332,0.0,13.0,0.0,0.0,0,6.588842458552699
88194ada05fffff,51.48966637210153,-0.2309621125119674,64.0,2.0,0.0,27.0,1.0,0.0,0.0,1.0,24.0,66.0,0.0,7.0,2.0,3.0,0.0,0.0,0.0,7581.396793807168,32604.26,0.0,30.0,0.0,0.0,0,7.72486723840048
88194ada07fffff,51.48191027278716,-0.22668621149480161,20.0,2.0,0.0,2.0,0.0,1.0,1.0,0.0,7.0,3.0,0.0,2.0,0.0,0.0,0.0,0.0,0.0,0.0,1493.375,0.0,2.0,0.0,0.0,0,7.418995218368833
88194ada09fffff,51.493267028896945,-0.21083307233055182,131.0,3.0,1.0,21.0,2.0,0.0,0.0,1.0,23.0,42.0,0.0,16.0,10.0,0.0,0.0,0.0,0.0,14143.197869662126,49147.46551724138,1.0,51.0,2.0,0.0,1,6.375687690207648
88194ada0bfffff,51.485511048623714,-0.20656036832411692,96.0,2.0,2.0,10.0,4.0,0.0,0.0,1.0,19.0,39.0,0.0,11.0,11.0,3.0,0.0,0.0,0.0,13199.64635766414,13679.791666666666,0.0,32.0,0.0,0.0,0,6.0130045210472405
88194ada0dfffff,51.495345090593474,-0.22303512058316077,98.0,11.0,0.0,62.0,10.0,0.0,0.0,0.0,38.0,112.0,0.0,37.0,9.0,5.0,1.0,0.0,0.0,11998.68805252415,28200.48611111111,0.0,73.0,6.0,132000.0,0,7.2483155855212935
88194ada11fffff,51.469997869918586,-0.19801890499195804,48.0,0.0,0.0,8.0,2.0,0.0,0.0,0.0,64.0,28.0,0.0,8.0,2.0,0.0,0.0,0.0,1.0,17700.897519979135,19121.958333333332,0.0,21.0,0.0,0.0,0,5.671505556336739
88194ada13fffff,51.4622406722595,-0.19375014454732922,36.0,2.0,2.0,2.0,1.0,0.0,2.0,1.0,32.0,32.0,1.0,7.0,10.0,0.0,0.0,2.0,0.0,5357.11986512358,27464.869158878504,0.0,35.0,0.0,400000.0,0,5.715698309334599
88194ada15fffff,51.47207636165035,-0.21021418562495486,62.0,1.0,1.0,18.0,1.0,0.0,1.0,0.0,50.0,48.0,0.0,20.0,5.0,1.0,0.0,0.0,0.0,2535.9967532670335,36107.25,0.0,27.0,0.0,0.0,0,6.430278621975354
88194ada17fffff,51.464319306658105,-0.20594317065715176,9.0,3.0,0.0,3.0,0.0,1.0,2.0,0.0,56.0,14.0,0.0,7.0,1.0,0.0,0.0,0.0,0.0,8978.492326678694,16958.833333333332,0.0,21.0,0.0,0.0,0,6.399205535905548
88194ada19fffff,51.47567522720106,-0.19009360453318633,39.0,3.0,0.0,12.0,4.0,1.0,1.0,0.0,24.0,44.0,0.0,23.0,10.0,0.0,0.0,0.0,1.0,8563.430382814522,2124.1428571428573,0.0,19.0,0.0,400000.0,0,4.978719967246152
88194ada1bfffff,51.467918292395154,-0.1858257849802268,39.0,3.0,2.0,13.0,3.0,0.0,1.0,0.0,31.0,28.0,0.0,16.0,5.0,2.0,2.0,2.0,1.0,20553.21975478957,42534.479166666664,0.0,30.0,0.0,400000.0,0,4.952486823441184
88194ada1dfffff,51.47775466216879,-0.202288979397786,93.0,4.0,0.0,22.0,3.0,0.0,0.0,1.0,21.0,50.0,0.0,14.0,6.0,6.0,1.0,0.0,1.0,9774.46945963674,11427.6875,0.0,19.0,2.0,0.0,0,5.773072458076052
88194ada21fffff,51.48606153370658,-0.25109208320084814,4.0,1.0,0.0,1.0,0.0,0.0,0.0,0.0,17.0,6.0,0.0,6.0,0.0,0.0,0.0,0.0,0.0,0.0,0.0,0.0,10.0,0.0,0.0,0,9.106748871927408
88194ada23fffff,51.47830531618245,-0.24681298593723663,0.0,0.0,2.0,0.0,0.0,0.0,0.0,0.0,13.0,3.0,0.0,8.0,0.0,0.0,0.0,0.0,0.0,1020.2710518023971,2923.4285714285716,0.0,1.0,0.0,0.0,0,8.840924878218903
88194ada25fffff,51.488135531550796,-0.2632982575730833,13.0,2.0,0.0,1.0,0.0,0.0,0.0,1.0,85.0,10.0,0.0,5.0,0.0,2.0,0.0,0.0,0.0,9441.825560017327,2550.0,1.0,23.0,0.0,0.0,1,9.959739618581484
88194ada27fffff,51.48037945883456,-0.2590169037361352,8.0,0.0,0.0,1.0,0.0,0.0,0.0,0.0,38.0,8.0,0.0,10.0,0.0,0.0,0.0,0.0,0.0,9712.297856400795,25760.576923076922,1.0,9.0,0.0,0.0,1,9.67073364058965
88194ada29fffff,51.49174240232326,-0.24316622524218393,89.0,1.0,0.0,22.0,1.0,0.0,0.0,0.0,39.0,26.0,0.0,13.0,2.0,0.0,0.0,0.0,0.0,18887.03683791098,56312.43925233645,0.0,54.0,2.0,0.0,0,8.587727201121414
88194ada2bfffff,51.48398644725493,-0.2388880676632901,2.0,0.0,0.0,0.0,0.0,0.0,0.0,0.0,7.0,0.0,0.0,16.0,0.0,0.0,0.0,0.0,0.0,19312.509362571516,4820.363636363636,0.0,4.0,0.0,0.0,0,8.259219110796785
88194ada2dfffff,51.49381734407822,-0.25537249768496467,141.0,4.0,0.0,30.0,6.0,2.0,1.0,3.0,106.0,65.0,0.0,23.0,13.0,1.0,0.0,0.0,0.0,4850.251690268341,11095.461538461539,0.0,57.0,1.0,0.0,0,9.453550387579192
88194ada31fffff,51.46847331706581,-0.23033570158230657,6.0,0.0,0.0,0.0,0.0,0.0,0.0,0.0,17.0,22.0,0.0,4.0,0.0,0.0,0.0,0.0,0.0,5865.733814739466,2735.2,0.0,20.0,0.0,0.0,0,7.883104086888831
88194ada33fffff,51.46071614271835,-0.22606149196052594,11.0,3.0,0.0,5.0,2.0,0.0,0.0,0.0,7.0,9.0,0.0,13.0,3.0,0.0,0.0,0.0,0.0,0.0,17163.833333333332,0.0,22.0,0.0,0.0,0,7.848988993936464
88194ada35fffff,51.47054869189255,-0.24253520533391185,16.0,1.0,0.0,4.0,1.0,0.0,0.0,0.0,32.0,7.0,0.0,11.0,3.0,1.0,0.0,0.0,0.0,5266.421504559806,13833.054054054053,0.0,8.0,0.0,0.0,0,8.663544507354574
88194ada37fffff,51.46279166122363,-0.23825874083094098,11.0,2.0,0.0,3.0,2.0,0.0,0.0,0.0,16.0,14.0,0.0,13.0,2.0,1.0,0.0,0.0,0.0,14908.993464705029,17247.571428571428,0.0,19.0,0.0,0.0,0,8.58010386797931
88194ada39fffff,51.47415376699911,-0.2224116263482714,11.0,2.0,0.0,1.0,0.0,1.0,1.0,0.0,76.0,8.0,0.0,2.0,0.0,1.0,0.0,0.0,0.0,0.0,0.0,0.0,0.0,0.0,0.0,0,7.216304388641996
88194ada3bfffff,51.466396855123946,-0.2181383565126067,47.0,2.0,0.0,9.0,0.0,0.0,2.0,0.0,117.0,31.0,0.0,15.0,4.0,0.0,0.0,2.0,0.0,0.0,31153.0,0.0,54.0,0.0,0.0,0,7.1256161770565205
88194ada3dfffff,51.476230085373565,-0.23461122662999542,8.0,1.0,0.0,2.0,0.0,0.0,0.0,0.0,17.0,3.0,0.0,8.0,2.0,2.0,0.0,0.0,0.0,39269.92596714455,0.0,0.0,1.0,0.0,0.0,0,8.021600364976363
88194ada41fffff,51.50669890799899,-0.20717802679365305,64.0,1.0,1.0,5.0,1.0,0.0,1.0,0.0,41.0,57.0,1.0,9.0,12.0,1.0,2.0,0.0,0.0,1974.240137103131,10337.0,0.0,69.0,1.0,0.0,0,6.517822116722505
88194ada43fffff,51.498943597335945,-0.20290494850192864,49.0,6.0,0.0,35.0,7.0,0.0,3.0,1.0,71.0,95.0,2.0,13.0,4.0,4.0,0.0,0.0,0.0,9023.211207151699,22915.116438356163,0.0,39.0,0.0,400000.0,0,5.963295266532756
88194ada45fffff,51.50877776935289,-0.21938242782354603,63.0,13.0,1.0,59.0,3.0,1.0,1.0,1.0,63.0,279.0,0.0,26.0,10.0,4.0,0.0,0.0,1.0,7162.289284137921,44980.82644628099,0.0,78.0,3.0,400000.0,0,7.391281994549802
88194ada47fffff,51.50102260260211,-0.21510709197697175,129.0,11.0,1.0,22.0,8.0,0.0,0.0,2.0,23.0,79.0,1.0,13.0,11.0,6.0,0.0,0.0,0.0,40711.267367687375,28839.050847457627,0.0,112.0,0.0,400000.0,0,6.8416168236402735
88194ada49fffff,51.512374006655826,-0.19924792513366194,115.0,8.0,5.0,65.0,7.0,0.0,0.0,3.0,38.0,262.0,1.0,23.0,10.0,5.0,1.0,0.0,0.0,4497.303654696736,17984.55319148936,0.0,42.0,4.0,0.0,0,6.289708852559394
88194ada4bfffff,51.50461895919319,-0.19497578864290724,83.0,7.0,1.0,48.0,3.0,0.0,0.0,0.0,39.0,207.0,1.0,13.0,8.0,6.0,0.0,0.0,1.0,28557.854729487877,13916.57142857143,0.0,20.0,1.0,0.0,0,5.645950597433461
88194ada4dfffff,51.51445381166067,-0.21145242116991866,103.0,6.0,1.0,31.0,6.0,0.0,0.0,0.0,20.0,82.0,0.0,19.0,1.0,2.0,0.0,0.0,0.0,1130.3485241403364,67037.25806451614,0.0,26.0,2.0,0.0,0,7.146179282845114
88194ada51fffff,51.489107644667655,-0.18643546132665487,61.0,5.0,0.0,28.0,8.0,0.0,0.0,3.0,31.0,52.0,0.0,10.0,8.0,2.0,0.0,0.0,0.0,1242.1391343124292,17943.75,0.0,32.0,0.0,400000.0,0,4.637194029499112
88194ada53fffff,51.48135137837709,-0.1821672693814508,80.0,17.0,1.0,27.0,12.0,0.0,6.0,2.0,56.0,124.0,1.0,19.0,7.0,2.0,1.0,0.0,0.0,21204.025252726744,22555.257575757576,0.0,49.0,0.0,400000.0,0,4.337553321159589
88194ada55fffff,51.49118788005776,-0.19863318573452202,46.0,7.0,1.0,36.0,4.0,0.0,1.0,1.0,17.0,81.0,0.0,13.0,4.0,7.0,0.0,0.0,0.0,25044.178421547524,37673.79775280899,0.0,29.0,2.0,400000.0,0,5.504969561368506
88194ada57fffff,51.48343175655071,-0.19436273793149172,55.0,5.0,0.0,32.0,4.0,0.0,2.0,0.0,39.0,52.0,0.0,21.0,4.0,5.0,1.0,0.0,0.0,14149.46391286959,16606.666666666668,0.0,21.0,6.0,400000.0,0,5.168516116901503
88194ada59fffff,51.4947823263914,-0.17850714968404655,118.0,5.0,1.0,115.0,10.0,0.0,0.0,6.0,74.0,122.0,0.0,33.0,18.0,8.0,2.0,0.0,0.0,5727.650021159511,16491.571428571428,0.0,82.0,3.0,0.0,0,4.206887211829268
88194ada5bfffff,51.48702632331838,-0.17423989963756392,82.0,11.0,1.0,54.0,4.0,0.0,0.0,3.0,62.0,148.0,1.0,18.0,4.0,4.0,2.0,0.0,1.0,14459.525418441084,17225.88888888889,0.0,20.0,0.0,0.0,0,3.7743383225600073
88194ada5dfffff,51.49686350506841,-0.19070496756057043,96.0,10.0,2.0,25.0,9.0,0.0,0.0,0.0,17.0,90.0,1.0,9.0,10.0,2.0,1.0,0.0,0.0,16669.586906401153,32770.245614035084,0.0,25.0,0.0,22000.0,0,5.085051621185324
88194ada61fffff,51.5051773497631,-0.2395178643986624,88.0,2.0,1.0,33.0,9.0,0.0,0.0,1.0,16.0,92.0,0.0,15.0,12.0,6.0,0.0,0.0,0.0,8731.106402846262,9046.0,0.0,35.0,0.0,0.0,0,8.598491032818947
88194ada63fffff,51.49742206455568,-0.23523932995980626,46.0,4.0,1.0,19.0,3.0,6.0,0.0,0.0,27.0,46.0,0.0,19.0,1.0,2.0,0.0,0.0,0.0,8097.482547143849,1319.952380952381,0.0,33.0,2.0,0.0,0,8.122262311617302
88194ada65fffff,51.50725309047439,-0.25172649227815963,22.0,3.0,1.0,12.0,4.0,1.0,0.0,2.0,44.0,34.0,0.0,13.0,3.0,2.0,0.0,0.0,0.0,39699.34496082187,12574.171428571428,0.0,13.0,0.0,0.0,0,9.477042954505617
88194ada67fffff,51.499497950191945,-0.2474456999269524,11.0,1.0,1.0,0.0,1.0,1.0,0.0,0.0,22.0,14.0,0.0,12.0,2.0,1.0,0.0,0.0,0.0,11918.074449491423,2263.9,0.0,17.0,0.0,0.0,0,8.997165740398312
88194ada69fffff,51.51085554266296,-0.2315889911999207,53.0,0.0,0.0,18.0,4.0,0.0,0.0,2.0,40.0,21.0,0.0,10.0,1.0,1.0,0.0,0.0,0.0,709.1952184928368,551.6666666666666,0.0,44.0,0.0,0.0,0,8.26585085978317
88194ada6bfffff,51.50310052027509,-0.22731139745357865,107.0,1.0,0.0,80.0,13.0,0.0,0.0,2.0,19.0,156.0,1.0,25.0,14.0,6.0,2.0,0.0,2.0,10662.50897328183,22988.025,0.0,151.0,4.0,132000.0,0,7.720015560032971
88194ada6dfffff,51.512932227337295,-0.2437977163891595,23.0,0.0,0.0,6.0,3.0,1.0,0.0,0.0,24.0,23.0,0.0,21.0,4.0,3.0,0.0,0.0,0.0,9983.777309185856,69736.66666666667,1.0,53.0,0.0,0.0,1,9.141232242311995
88194ada81fffff,51.4332870369407,-0.1888722459657822,9.0,2.0,1.0,13.0,0.0,0.0,0.0,1.0,9.0,46.0,1.0,10.0,7.0,2.0,0.0,0.0,1.0,28277.266423568344,15995.583333333334,1.0,31.0,0.0,400000.0,1,7.484344724705678
88194ada83fffff,51.42552795900722,-0.1846077957952036,11.0,2.0,0.0,1.0,0.0,1.0,0.0,0.0,9.0,7.0,0.0,8.0,2.0,2.0,0.0,0.0,0.0,44432.256517782764,0.0,4.0,57.0,0.0,275000.0,1,7.996726209160742
88194ada85fffff,51.43536515448462,-0.20105841909326627,17.0,3.0,0.0,3.0,1.0,1.0,0.0,0.0,13.0,16.0,0.0,5.0,2.0,1.0,0.0,1.0,0.0,11114.59723457874,0.0,0.0,27.0,1.0,0.0,0,7.888783526664675
88194ada87fffff,51.42760621797348,-0.19679171742543797,6.0,2.0,1.0,1.0,1.0,0.0,0.0,0.0,10.0,4.0,0.0,10.0,1.0,1.0,0.0,0.0,0.0,11113.168879148456,10773.0,0.0,31.0,0.0,0.0,0,8.322473760832114
88194ada89fffff,51.43896665069364,-0.18095174139178904,18.0,2.0,0.0,11.0,5.0,1.0,0.0,0.0,13.0,34.0,0.0,8.0,1.0,1.0,1.0,0.0,0.0,7572.029985914464,0.0,0.0,33.0,0.0,275000.0,0,6.646365931677372
88194ada8bfffff,51.43120783526384,-0.17668823120454827,14.0,0.0,1.0,8.0,1.0,0.0,1.0,0.0,21.0,36.0,0.0,14.0,16.0,0.0,3.0,0.0,0.0,28726.414292134214,18949.97142857143,0.0,36.0,0.0,0.0,0,7.16529437794032
88194ada8dfffff,51.44104571105916,-0.19313800797900785,30.0,4.0,1.0,23.0,1.0,0.0,0.0,1.0,34.0,60.0,0.0,12.0,3.0,1.0,0.0,0.0,0.0,1381.336051333135,0.0,0.0,42.0,0.0,400000.0,0,7.053345506185073
88194ada91fffff,51.41568899436184,-0.16816514377926473,2.0,0.0,0.0,0.0,0.0,0.0,0.0,0.0,12.0,9.0,0.0,3.0,0.0,0.0,0.0,0.0,0.0,7712.340416919526,0.0,0.0,89.0,0.0,0.0,0,8.406860315096539
88194ada93fffff,51.40792896966284,-0.16390556542630758,33.0,0.0,1.0,15.0,6.0,0.0,1.0,1.0,8.0,32.0,1.0,17.0,0.0,8.0,0.0,0.0,0.0,48855.90945569081,16606.338983050846,0.0,146.0,0.0,0.0,0,9.101769056832422
88194ada95fffff,51.41776847764538,-0.18034465690946055,28.0,3.0,0.0,10.0,2.0,0.0,0.0,1.0,17.0,21.0,0.0,15.0,1.0,1.0,1.0,0.0,0.0,125116.81608195366,19100.408163265307,4.0,145.0,1.0,275000.0,1,8.575924354846558
88194ada97fffff,51.41000859324186,-0.1760828287510151,7.0,1.0,0.0,3.0,1.0,1.0,0.0,0.0,7.0,17.0,0.0,11.0,0.0,0.0,0.0,0.0,0.0,36274.71661435282,0.0,0.0,51.0,0.0,0.0,0,9.209349299379038
88194ada99fffff,51.421368190615645,-0.16024642712628717,10.0,3.0,0.0,19.0,1.0,0.0,0.0,0.0,8.0,85.0,1.0,17.0,0.0,3.0,0.0,0.0,0.0,11398.332689948957,0.0,0.0,58.0,0.0,0.0,0,7.612199189658129
88194ada9bfffff,51.41360842843522,-0.1559877888524874,3.0,2.0,0.0,1.0,0.0,0.0,0.0,0.0,3.0,3.0,0.0,7.0,0.0,2.0,0.0,0.0,0.0,20298.102556586964,16844.916666666668,0.0,61.0,0.0,0.0,0,8.327485906349143
88194ada9dfffff,51.42344861635771,-0.17242603218623898,32.0,1.0,0.0,17.0,3.0,1.0,0.0,0.0,19.0,35.0,0.0,13.0,2.0,0.0,1.0,0.0,0.0,70680.76159662816,20984.458333333332,1.0,108.0,0.0,0.0,1,7.757261063017237
88194adaa1fffff,51.43175948249373,-0.22116603263391935,0.0,0.0,0.0,0.0,0.0,0.0,0.0,0.0,12.0,0.0,0.0,4.0,0.0,0.0,0.0,0.0,0.0,10903.87604418507,0.0,0.0,7.0,0.0,0.0,0,9.193871602472111
88194adaa3fffff,51.42400042573194,-0.21689614024371376,10.0,1.0,0.0,7.0,2.0,0.0,0.0,0.0,19.0,13.0,0.0,11.0,4.0,0.0,0.0,0.0,0.0,0.0,0.0,0.0,18.0,0.0,0.0,0,9.561454585514493
88194adaa5fffff,51.43383448686655,-0.23335642515185265,0.0,0.0,0.0,0.0,0.0,0.0,0.0,0.0,11.0,0.0,0.0,0.0,0.0,0.0,0.0,0.0,0.0,14209.42980771756,0.0,0.0,0.0,0.0,0.0,0,9.719868378857855
88194adaa7fffff,51.4260755725378,-0.22908428090587782,1.0,0.0,0.0,0.0,0.0,0.0,1.0,0.0,6.0,1.0,1.0,1.0,0.0,0.0,0.0,0.0,0.0,13302.334053402898,0.0,0.0,4.0,0.0,0.0,0,10.023382329918435
88194adaa9fffff,51.437442187304846,-0.21324675005777696,0.0,2.0,0.0,1.0,0.0,0.0,0.0,0.0,8.0,1.0,0.0,8.0,0.0,0.0,0.0,0.0,0.0,2126.9490608745127,2217.3333333333335,0.0,8.0,0.0,0.0,0,8.366260358538685
88194adaabfffff,51.42968339266585,-0.20897779654823057,1.0,0.0,0.0,0.0,0.0,1.0,0.0,0.0,7.0,0.0,0.0,2.0,0.0,0.0,0.0,0.0,0.0,450.16156701819847,13328.42857142857,0.0,5.0,0.0,0.0,0,8.724867780013009
88194adaadfffff,51.43951813481067,-0.2254372383291036,1.0,0.0,0.0,1.0,0.0,0.0,0.0,0.0,6.0,4.0,0.0,6.0,0.0,0.0,0.0,0.0,0.0,23555.990638066243,24455.708333333332,0.0,10.0,0.0,0.0,0,8.905056796180451
88194adab1fffff,51.41416459145696,-0.2004438268661133,23.0,1.0,0.0,1.0,2.0,0.0,0.0,0.0,8.0,6.0,0.0,9.0,0.0,0.0,0.0,0.0,0.0,26014.99400940216,17990.625,0.0,102.0,0.0,0.0,0,9.663431962036134
88194adab3fffff,51.40640458566079,-0.19617880957783093,10.0,0.0,0.0,5.0,2.0,0.0,0.0,0.0,15.0,11.0,0.0,12.0,1.0,2.0,0.0,0.0,0.0,37374.66706150543,27690.541666666668,0.0,85.0,0.0,0.0,0,10.223102174062214
88194adab5fffff,51.41624096491221,-0.21262756060025764,6.0,2.0,0.0,3.0,1.0,0.0,0.0,0.0,8.0,5.0,1.0,7.0,0.0,0.0,0.0,0.0,0.0,13616.77660620082,2903.6363636363635,0.0,31.0,0.0,0.0,0,9.999130282825464
88194adab7fffff,51.408481100421504,-0.20836029314562335,13.0,1.0,0.0,11.0,3.0,0.0,0.0,0.0,10.0,17.0,0.0,11.0,1.0,1.0,0.0,0.0,0.0,27119.011059753808,0.0,0.0,54.0,0.0,0.0,0,10.498142991707585
88194adab9fffff,51.41984687769526,-0.1925263277158821,24.0,1.0,0.0,9.0,2.0,0.0,0.0,0.0,13.0,25.0,0.0,10.0,0.0,2.0,1.0,0.0,0.0,17182.020218704918,13162.0,0.0,130.0,0.0,0.0,0,8.829550192191327
88194adabbfffff,51.41208713403671,-0.18826224940683065,10.0,4.0,0.0,15.0,1.0,0.0,0.0,0.0,5.0,87.0,0.0,8.0,1.0,0.0,0.0,0.0,0.0,33706.320199416485,21481.178082191782,2.0,71.0,1.0,275000.0,1,9.398149824157986
88194adabdfffff,51.421924193920944,-0.20471015567034204,48.0,11.0,0.0,33.0,2.0,0.0,0.0,3.0,78.0,65.0,0.0,26.0,13.0,4.0,0.0,0.0,0.0,49835.07895987561,4334.470588235294,0.0,97.0,0.0,0.0,0,9.160738776124477
88194adac1fffff,51.452403207959975,-0.17729408517432652,4.0,1.0,1.0,2.0,0.0,0.0,0.0,0.0,15.0,7.0,0.0,12.0,0.0,0.0,0.0,0.0,0.0,6522.112242765973,27628.416666666668,1.0,23.0,0.0,275000.0,1,5.385427475702342
88194adac3fffff,51.44464505910347,-0.17303020380407963,4.0,1.0,0.0,6.0,0.0,0.0,0.0,0.0,13.0,16.0,0.0,10.0,0.0,1.0,0.0,0.0,0.0,0.0,3271.0,0.0,59.0,0.0,275000.0,0,5.8085598641364875
88194adac5fffff,51.45448306957798,-0.18948269750486468,62.0,4.0,1.0,20.0,3.0,0.0,1.0,3.0,78.0,64.0,0.0,17.0,8.0,2.0,1.0,0.0,0.0,56623.6849066357,23023.81118881119,0.0,53.0,0.0,400000.0,0,5.902390684737715
88194adac7fffff,51.446725062260526,-0.18521656330583522,12.0,3.0,2.0,10.0,0.0,0.0,0.0,0.0,7.0,15.0,0.0,8.0,0.0,0.0,0.0,0.0,1.0,5262.558221711828,7295.5,0.0,40.0,0.0,275000.0,0,6.218774432135213
88194adac9fffff,51.458080148028905,-0.1693705736852311,31.0,2.0,1.0,58.0,8.0,0.0,0.0,0.0,34.0,129.0,0.0,15.0,9.0,2.0,2.0,0.0,0.0,726.3128376799073,16729.384615384617,0.0,79.0,0.0,0.0,0,4.553922432862628
88194adacbfffff,51.450322262041595,-0.16510763330344783,10.0,1.0,0.0,6.0,0.0,0.0,0.0,0.0,25.0,19.0,0.0,10.0,2.0,0.0,0.0,0.0,0.0,3648.9312636268214,0.0,0.0,33.0,0.0,275000.0,0,4.970964142564204
88194adacdfffff,51.46016095251934,-0.1815592787135438,38.0,4.0,0.0,4.0,3.0,1.0,0.0,0.0,33.0,32.0,0.0,14.0,6.0,0.0,0.0,0.0,1.0,6878.255553720735,26189.57396449704,0.0,90.0,0.0,132000.0,0,5.092360272387228
88194adad1fffff,51.43480527857804,-0.15658568646518353,28.0,3.0,3.0,35.0,3.0,0.0,0.0,0.0,20.0,68.0,0.0,16.0,4.0,5.0,3.0,0.0,0.0,1599.7642617568881,16738.117647058825,0.0,31.0,4.0,0.0,0,6.136159271476031
88194adad3fffff,51.42704618187452,-0.1523266788929962,8.0,2.0,0.0,2.0,1.0,1.0,0.0,0.0,6.0,3.0,0.0,10.0,0.0,0.0,0.0,0.0,0.0,1374.2496774511117,5049.5,0.0,17.0,0.0,0.0,0,6.828063328526855
88194adad5fffff,51.43688650633627,-0.16876763404456863,11.0,1.0,1.0,1.0,0.0,0.0,0.0,0.0,4.0,3.0,0.0,3.0,0.0,0.0,0.0,0.0,0.0,0.0,0.0,0.0,39.0,0.0,0.0,0,6.335763788529785
88194adad7fffff,51.42912755004483,-0.16450637533785584,24.0,0.0,1.0,101.0,2.0,0.0,0.0,1.0,23.0,166.0,1.0,21.0,11.0,20.0,0.0,0.0,1.0,15929.310013483253,17545.0,0.0,42.0,2.0,0.0,0,6.9433844734030545
88194adad9fffff,51.440481801828774,-0.14866396566928947,21.0,0.0,1.0,28.0,1.0,0.0,0.0,0.0,18.0,21.0,0.0,16.0,9.0,1.0,0.0,0.0,0.0,14207.115404401564,4292.0,1.0,44.0,5.0,0.0,1,5.3385572006906505
88194adadbfffff,51.432722968009905,-0.14440589918050323,7.0,0.0,0.0,1.0,0.0,0.0,2.0,0.0,48.0,6.0,0.0,10.0,2.0,0.0,0.0,0.0,0.0,14160.649317299314,9758.90909090909,0.0,10.0,0.0,0.0,0,6.058500073976667
88194adaddfffff,51.442563972095854,-0.16084600441609553,12.0,3.0,0.0,7.0,3.0,0.0,0.0,0.0,16.0,13.0,0.0,7.0,1.0,2.0,0.0,0.0,0.0,4334.307340363299,0.0,1.0,44.0,0.0,0.0,1,5.508948505899753
88194adae1fffff,51.450881814658715,-0.20959576053622564,7.0,2.0,0.0,1.0,0.0,0.0,0.0,0.0,10.0,2.0,0.0,6.0,5.0,0.0,0.0,0.0,0.0,0.0,4712.6,0.0,26.0,0.0,0.0,0,7.291853844454528
88194adae3fffff,51.44312368684194,-0.20532643327741495,10.0,1.0,0.0,0.0,0.0,0.0,0.0,0.0,10.0,10.0,0.0,7.0,1.0,0.0,0.0,0.0,0.0,16741.099731323226,0.0,0.0,38.0,0.0,0.0,0,7.541141235408014
88194adae5fffff,51.45295856271787,-0.22178859720521304,2.0,1.0,1.0,1.0,0.0,0.0,0.0,0.0,12.0,1.0,0.0,16.0,0.0,0.0,0.0,0.0,0.0,1732.0836501909212,26363.793103448275,0.0,32.0,0.0,0.0,0,7.920613721258037
88194adae7fffff,51.44520057745112,-0.2175170167572497,2.0,1.0,0.0,0.0,0.0,0.0,0.0,0.0,5.0,3.0,0.0,19.0,0.0,0.0,0.0,0.0,0.0,2462.0415471631254,0.0,0.0,12.0,0.0,0.0,0,8.09518159326562
88194adae9fffff,51.45656184630445,-0.2016734697661541,28.0,4.0,0.0,3.0,1.0,0.0,3.0,0.0,36.0,38.0,0.0,16.0,11.0,0.0,0.0,0.0,0.0,9578.240553513251,28005.627737226278,0.0,59.0,0.0,400000.0,0,6.497464477570632
88194adaebfffff,51.448803980975946,-0.19740508239299645,13.0,2.0,0.0,2.0,0.0,0.0,1.0,0.0,36.0,1.0,0.0,8.0,3.0,0.0,0.0,0.0,0.0,5698.924468245902,11784.882352941177,0.0,31.0,0.0,400000.0,0,6.719395584910031
88194adaedfffff,51.45863953754827,-0.21386640142832455,48.0,4.0,0.0,7.0,1.0,0.0,2.0,2.0,48.0,24.0,0.0,15.0,10.0,1.0,0.0,0.0,0.0,14198.268155567155,19311.083333333332,0.0,61.0,1.0,0.0,0,7.151203781474418
88194adb01fffff,51.5021062146025,-0.30421917386850367,59.0,3.0,1.0,24.0,3.0,0.0,0.0,1.0,27.0,80.0,0.0,10.0,3.0,2.0,1.0,0.0,0.0,8997.338230798709,1334.909090909091,1.0,37.0,0.0,0.0,1,12.934857442290607
88194adb03fffff,51.49435098752638,-0.29992972833930454,9.0,1.0,0.0,1.0,1.0,0.0,0.0,0.0,9.0,13.0,0.0,8.0,1.0,0.0,0.0,0.0,0.0,23742.25748082405,22085.809523809523,0.0,15.0,0.0,0.0,0,12.540462459897592
88194adb05fffff,51.50417570515313,-0.31643623683063776,63.0,0.0,4.0,31.0,5.0,0.0,0.0,1.0,70.0,90.0,1.0,5.0,3.0,1.0,0.0,0.0,0.0,0.0,7751.444444444444,0.0,47.0,0.0,0.0,0,13.808056888618742
88194adb07fffff,51.49642062502861,-0.3121445326868232,52.0,1.0,3.0,17.0,3.0,0.0,0.0,0.0,23.0,38.0,0.0,12.0,0.0,0.0,0.0,0.0,0.0,5212.2162333717115,9090.6,0.0,11.0,1.0,0.0,0,13.405677150505033
88194adb09fffff,51.507790597646554,-0.29629277499594536,9.0,0.0,0.0,1.0,0.0,0.0,1.0,0.0,17.0,5.0,0.0,4.0,0.0,0.0,0.0,0.0,0.0,17321.030734647004,31837.416666666668,0.0,14.0,0.0,0.0,0,12.502645940500939
88194adb0bfffff,51.500035632628425,-0.2920042679345265,10.0,3.0,0.0,5.0,0.0,1.0,0.0,0.0,58.0,20.0,0.0,4.0,0.0,0.0,0.0,1.0,0.0,27233.57815065686,0.0,0.0,11.0,0.0,0.0,0,12.062574542395918
88194adb0dfffff,51.50986103278026,-0.30850993987862296,72.0,2.0,0.0,65.0,2.0,2.0,0.0,9.0,140.0,78.0,1.0,13.0,8.0,4.0,2.0,0.0,0.0,73924.35746845945,7387.214285714285,0.0,16.0,0.0,0.0,0,13.379980743453281
88194adb11fffff,51.484524477303864,-0.28343121266862065,19.0,0.0,0.0,7.0,1.0,0.0,1.0,0.0,59.0,22.0,0.0,6.0,0.0,1.0,0.0,2.0,0.0,5234.588442662248,23447.823529411766,0.0,11.0,0.0,0.0,0,11.352652856486714
88194adb13fffff,51.476768287771286,-0.27914666334204563,14.0,2.0,1.0,4.0,1.0,0.0,4.0,0.0,13.0,21.0,0.0,8.0,3.0,0.0,0.0,0.0,0.0,56908.79015848713,0.0,0.0,11.0,0.0,0.0,0,11.093714987444137
88194adb15fffff,51.48659535193887,-0.2956416027296174,17.0,1.0,0.0,9.0,1.0,0.0,1.0,1.0,35.0,53.0,1.0,11.0,2.0,2.0,0.0,0.0,0.0,76386.36784688702,13835.846153846154,0.0,39.0,0.0,0.0,0,12.201722256387987
88194adb17fffff,51.47883930822701,-0.2913547964783155,14.0,3.0,0.0,15.0,2.0,0.0,0.0,0.0,148.0,90.0,0.0,10.0,1.0,0.0,0.0,0.0,0.0,2123.4217654186027,4405.0,0.0,2.0,0.0,0.0,0,11.923387735646806
88194adb19fffff,51.49020844019631,-0.27550659024463486,29.0,0.0,0.0,10.0,2.0,1.0,0.0,0.0,14.0,11.0,1.0,13.0,0.0,2.0,0.0,0.0,0.0,58229.88023366676,32431.16037735849,0.0,38.0,1.0,0.0,0,10.816917956620456
88194adb1bfffff,51.482452512738746,-0.2712229794918623,11.0,2.0,0.0,8.0,1.0,0.0,0.0,0.0,13.0,20.0,0.0,10.0,0.0,0.0,0.0,0.0,0.0,0.0,0.0,0.0,13.0,0.0,0.0,0,10.508562264902839
88194adb1dfffff,51.4922802590519,-0.2877170806791464,14.0,2.0,1.0,10.0,0.0,1.0,1.0,0.0,12.0,31.0,0.0,12.0,0.0,1.0,1.0,0.0,0.0,65244.503640913485,44255.032258064515,0.0,62.0,0.0,0.0,0,11.67737882894092
88194adb21fffff,51.500556624752086,-0.3365806092859049,5.0,0.0,0.0,0.0,0.0,0.0,0.0,0.0,11.0,9.0,0.0,3.0,0.0,0.0,0.0,0.0,0.0,4061.3690348537575,17235.5,0.0,1.0,0.0,0.0,0,15.141090192213525
88194adb23fffff,51.49280143035315,-0.33228570883572983,0.0,0.0,0.0,0.0,0.0,0.0,0.0,0.0,0.0,8.0,0.0,0.0,0.0,0.0,0.0,0.0,0.0,31995.490945004683,0.0,0.0,0.0,0.0,0.0,0,14.77032934299338
88194adb25fffff,51.5026229857913,-0.34880188045601046,2.0,0.0,0.0,1.0,0.0,1.0,0.0,0.0,2.0,7.0,0.0,0.0,0.0,0.0,0.0,0.0,0.0,10087.239336243056,0.0,0.0,1.0,0.0,0.0,0,16.010773246183117
88194adb27fffff,51.494867939357896,-0.3445047210464743,0.0,0.0,0.0,1.0,0.0,0.0,0.0,0.0,4.0,1.0,0.0,0.0,0.0,0.0,0.0,0.0,0.0,5397.603946604842,59028.80952380953,0.0,0.0,0.0,0.0,0,15.631753790171285
88194adb29fffff,51.50624410368914,-0.32865545628112086,27.0,3.0,3.0,13.0,5.0,0.0,0.0,2.0,13.0,45.0,0.0,6.0,3.0,1.0,0.0,0.0,0.0,1462.652888596345,12220.0,0.0,12.0,0.0,0.0,0,14.682022915652645
88194adb2bfffff,51.49848917096753,-0.3243614931824393,18.0,0.0,0.0,1.0,0.0,0.0,0.0,1.0,23.0,17.0,0.0,9.0,2.0,1.0,0.0,0.0,0.0,7711.476803608192,564.0909090909091,0.0,11.0,2.0,0.0,0,14.272649307373477
88194adb2dfffff,51.50831140961938,-0.34087683167917,50.0,3.0,0.0,30.0,2.0,0.0,1.0,1.0,32.0,81.0,0.0,14.0,2.0,3.0,2.0,0.0,0.0,30494.297368773994,17291.03125,0.0,44.0,0.0,0.0,0,15.556639123952268
88194adb31fffff,51.48297807833709,-0.3157775302293813,6.0,0.0,0.0,8.0,0.0,0.0,0.0,0.0,20.0,22.0,0.0,11.0,0.0,0.0,0.0,0.0,0.0,78359.33646309227,38403.416666666664,0.0,17.0,0.0,0.0,0,13.601512198210115
88194adb33fffff,51.475221919202625,-0.31148752925213813,2.0,0.0,0.0,1.0,0.0,0.0,0.0,0.0,9.0,12.0,0.0,0.0,0.0,0.0,0.0,0.0,0.0,32629.967101608057,0.0,0.0,1.0,0.0,0.0,0,13.34718476492065
88194adb35fffff,51.485045826809774,-0.3279921297668422,3.0,9.0,0.0,5.0,0.0,0.0,1.0,1.0,22.0,22.0,0.0,15.0,1.0,0.0,0.0,0.0,0.0,152647.60783422613,13655.2,0.0,85.0,0.0,0.0,0,14.447810474331517
88194adb37fffff,51.477289814509255,-0.32369987151771945,8.0,0.0,0.0,7.0,2.0,0.0,0.0,0.0,3.0,7.0,0.0,14.0,0.0,0.0,1.0,0.0,0.0,17581.698936764245,13703.8,0.0,22.0,0.0,0.0,0,14.17683195740734
88194adb39fffff,51.48866513605273,-0.30785414913710984,19.0,3.0,2.0,6.0,1.0,0.0,0.0,0.0,9.0,8.0,0.0,16.0,0.0,4.0,0.0,0.0,0.0,77496.35661965913,14920.166666666666,0.0,35.0,0.0,0.0,0,13.05481432386729
88194adb3bfffff,51.48090923861256,-0.3035650856201511,20.0,1.0,0.0,16.0,2.0,0.0,0.0,0.0,33.0,45.0,0.0,7.0,0.0,0.0,0.0,0.0,0.0,38653.636515856946,0.0,0.0,10.0,0.0,0.0,0,12.759725028601466
88194adb3dfffff,51.490733829054456,-0.3200688513523831,6.0,0.0,0.0,1.0,0.0,0.0,0.0,0.0,20.0,15.0,0.0,10.0,0.0,0.0,0.0,0.0,0.0,48491.48427280315,17299.833333333332,0.0,15.0,0.0,0.0,0,13.911203344865585
88194adb41fffff,51.521228067841115,-0.2926542245680713,3.0,0.0,0.0,1.0,1.0,0.0,1.0,0.0,6.0,2.0,0.0,5.0,1.0,0.0,0.0,0.0,0.0,10578.522821437975,30310.541666666668,0.0,4.0,0.0,0.0,0,12.647822113976842
88194adb43fffff,51.513473774031354,-0.28836533616786636,26.0,1.0,0.0,12.0,2.0,0.0,0.0,1.0,31.0,32.0,0.0,12.0,4.0,1.0,0.0,0.0,0.0,5576.010268537534,14803.366666666667,1.0,20.0,1.0,0.0,1,12.113155685899427
88194adb45fffff,51.523299300460046,-0.3048737507830798,2.0,0.0,0.0,0.0,0.0,0.0,0.0,0.0,11.0,1.0,0.0,16.0,0.0,1.0,0.0,0.0,0.0,0.0,0.0,0.0,11.0,0.0,0.0,0,13.52531697304669
88194adb47fffff,51.515545153719366,-0.30058260242487905,65.0,3.0,0.0,48.0,4.0,0.0,0.0,6.0,65.0,127.0,0.0,18.0,9.0,7.0,0.0,0.0,0.0,20209.19478230462,15437.272727272728,0.0,28.0,0.0,0.0,0,12.992011877618552
88194adb49fffff,51.5269097750163,-0.2847248064070516,6.0,0.0,0.0,0.0,0.0,0.0,0.0,0.0,9.0,7.0,0.0,10.0,0.0,0.0,0.0,0.0,0.0,52417.542883600094,882.6666666666666,0.0,24.0,2.0,0.0,0,12.351051973766777
88194adb4bfffff,51.519155743627685,-0.2804368574831613,10.0,0.0,0.0,1.0,0.0,0.0,0.0,1.0,14.0,10.0,0.0,5.0,4.0,1.0,0.0,0.0,0.0,509.26075317087145,11439.857142857143,0.0,3.0,1.0,0.0,0,11.770607372916094
88194adb4dfffff,51.52898195227197,-0.2969444337839598,10.0,1.0,0.0,8.0,2.0,1.0,0.0,0.0,11.0,11.0,0.0,21.0,0.0,1.0,0.0,0.0,0.0,45665.56989319867,0.0,0.0,6.0,1.0,22000.0,0,13.22390388645319
88194adb51fffff,51.503646454120336,-0.2718649194937715,34.0,0.0,2.0,22.0,4.0,6.0,0.0,2.0,55.0,60.0,1.0,11.0,2.0,6.0,0.0,0.0,0.0,6763.171990642052,12806.64705882353,0.0,49.0,0.0,0.0,0,10.748982281431271
88194adb53fffff,51.49589119677497,-0.2675809293053885,62.0,5.0,1.0,10.0,1.0,0.0,0.0,0.0,60.0,39.0,0.0,22.0,9.0,0.0,0.0,0.0,0.0,44873.06372481392,353.25,0.0,23.0,1.0,0.0,0,10.321610446297381
88194adb55fffff,51.50571907122944,-0.2840777680215266,26.0,0.0,0.0,10.0,4.0,0.0,0.0,0.0,34.0,29.0,0.0,12.0,1.0,1.0,0.0,0.0,0.0,9505.94289717884,8802.522727272728,0.0,8.0,0.0,0.0,0,11.625626870765435
88194adb57fffff,51.49796395982216,-0.27979151956753623,5.0,0.0,0.0,7.0,0.0,0.0,1.0,0.0,30.0,12.0,0.0,7.0,0.0,2.0,0.0,0.0,0.0,35071.12377846851,40790.416666666664,0.0,10.0,0.0,0.0,0,11.191404700846586
88194adb59fffff,51.50932774181729,-0.263937280557029,53.0,3.0,1.0,41.0,1.0,1.0,0.0,2.0,116.0,74.0,0.0,7.0,3.0,1.0,0.0,0.0,1.0,8113.3619654341755,8632.0,0.0,21.0,0.0,0.0,0,10.355671127108
88194adb5bfffff,51.501572746910675,-0.25965422995009685,26.0,0.0,0.0,4.0,2.0,6.0,0.0,1.0,29.0,18.0,0.0,8.0,0.0,0.0,0.0,0.0,0.0,14106.996456062081,0.0,0.0,8.0,0.0,0.0,0,9.872791740079537
88194adb5dfffff,51.51140130320014,-0.27615022869925837,22.0,1.0,0.0,22.0,2.0,0.0,0.0,3.0,70.0,48.0,0.0,14.0,3.0,0.0,0.0,0.0,0.0,22560.63655777467,17890.04109589041,0.0,20.0,0.0,0.0,0,11.234375407149434
88194adb61fffff,51.51968463729986,-0.3250236091473999,7.0,0.0,0.0,0.0,0.0,3.0,0.0,0.0,12.0,3.0,0.0,14.0,0.0,0.0,0.0,0.0,0.0,3327.458088778538,0.0,0.0,21.0,0.0,0.0,0,14.749951730878356
88194adb63fffff,51.51193037603923,-0.32072926213018976,92.0,4.0,1.0,48.0,7.0,0.0,0.0,4.0,37.0,124.0,0.0,20.0,13.0,5.0,0.0,0.0,1.0,31191.72587070622,0.0,0.0,41.0,0.0,0.0,0,14.257586963919172
88194adb65fffff,51.52175274000947,-0.33724734853211147,12.0,0.0,0.0,0.0,1.0,0.0,0.0,0.0,6.0,6.0,0.0,18.0,0.0,2.0,0.0,0.0,1.0,3934.044285996408,485.3636363636364,0.0,8.0,0.0,0.0,0,15.629035282336979
88194adb67fffff,51.513998626832155,-0.3329507412102955,20.0,0.0,0.0,8.0,5.0,0.0,0.0,0.0,5.0,31.0,0.0,12.0,0.0,0.0,0.0,0.0,0.0,8529.56278735611,14099.2,0.0,12.0,0.0,0.0,0,15.135430543821972
88194adb69fffff,51.52536944089286,-0.3170954355887035,19.0,0.0,0.0,6.0,2.0,0.0,0.0,0.0,19.0,13.0,0.0,8.0,0.0,1.0,0.0,0.0,0.0,3417.985491485867,13817.0,0.0,14.0,0.0,0.0,0,14.403054576775915
88194adb6bfffff,51.51761544167269,-0.3128020269313616,5.0,0.0,0.0,0.0,0.0,0.0,0.0,1.0,12.0,9.0,1.0,10.0,0.0,0.0,0.0,0.0,0.0,6407.792944323882,11010.0,0.0,13.0,0.0,0.0,0,13.87094391227932
88194adb6dfffff,51.52743848854802,-0.329319278444489,2.0,0.0,0.0,0.0,0.0,0.0,0.0,0.0,12.0,2.0,0.0,6.0,0.0,0.0,0.0,0.0,0.0,46204.58242785535,27550.14285714286,0.0,28.0,0.0,0.0,0,15.281006121500244
88194e6001fffff,51.60168710593444,0.25937697109729374,0.0,0.0,0.0,0.0,0.0,0.0,0.0,0.0,0.0,0.0,0.0,0.0,0.0,0.0,0.0,0.0,0.0,0.0,0.0,1.0,0.0,0.0,35000.0,1,29.346857423643524
88194e6003fffff,51.59393543177021,0.2635766149165353,0.0,0.0,0.0,0.0,0.0,0.0,0.0,0.0,0.0,0.0,0.0,0.0,0.0,0.0,0.0,0.0,0.0,0.0,0.0,1.0,0.0,0.0,0.0,1,29.242603017970133
88194e6005fffff,51.60381325665514,0.24721854462298354,1.0,1.0,0.0,4.0,1.0,0.0,0.0,0.0,1.0,4.0,0.0,13.0,0.0,0.0,0.0,0.0,0.0,0.0,0.0,1.0,9.0,0.0,35000.0,1,28.700486387664313
88194e6007fffff,51.59606171372776,0.25142044622145615,0.0,0.0,0.0,0.0,0.0,0.0,0.0,0.0,0.0,0.0,0.0,0.0,0.0,0.0,0.0,0.0,0.0,2926.5811091156847,4977.0,1.0,1.0,0.0,35000.0,1,28.57814545878178
88194e6009fffff,51.60731128901825,0.26733451771283295,0.0,0.0,0.0,0.0,0.0,0.0,0.0,0.0,0.0,0.0,0.0,0.0,0.0,0.0,0.0,0.0,0.0,0.0,116686.125,0.0,3.0,0.0,0.0,0,30.118955704262255
88194e600dfffff,51.60943837936602,0.2551760292036373,0.0,0.0,0.0,0.0,0.0,0.0,0.0,0.0,0.0,0.0,0.0,0.0,0.0,0.0,0.0,0.0,0.0,0.0,0.0,2.0,3.0,0.0,0.0,1,29.478856473519876
88194e6011fffff,51.584055874540816,0.27992667749610345,0.0,1.0,0.0,0.0,0.0,0.0,0.0,0.0,0.0,0.0,0.0,0.0,0.0,0.0,0.0,0.0,0.0,791.3828663657874,0.0,0.0,0.0,0.0,0.0,0,29.85840959465297
88194e6013fffff,51.57630326994032,0.28412147079342953,0.0,0.0,0.0,0.0,0.0,0.0,0.0,0.0,0.0,0.0,0.0,0.0,0.0,0.0,0.0,0.0,0.0,23486.466464745878,67109.95833333333,0.0,4.0,0.0,0.0,0,29.82665514799098
88194e6015fffff,51.58618335725535,0.2677749612178184,0.0,2.0,0.0,0.0,0.0,0.0,0.0,0.0,0.0,0.0,0.0,2.0,0.0,0.0,0.0,0.0,0.0,391.30219114685696,116686.125,0.0,0.0,0.0,0.0,0,29.166393422192918
88194e6017fffff,51.57843088277189,0.2719720105572998,0.0,0.0,0.0,0.0,0.0,0.0,0.0,0.0,0.0,0.0,0.0,0.0,0.0,0.0,0.0,0.0,0.0,0.0,38814.875,0.0,0.0,0.0,0.0,0,29.118451482946853
88194e6021fffff,51.6003110643449,0.22710152375868617,12.0,0.0,0.0,1.0,0.0,0.0,0.0,0.0,2.0,1.0,0.0,17.0,0.0,0.0,0.0,0.0,0.0,0.0,0.0,0.0,4.0,0.0,0.0,0,27.284718401917605
88194e6023fffff,51.59255938387637,0.23130664245041554,5.0,0.0,0.0,6.0,1.0,0.0,0.0,0.0,6.0,10.0,0.0,16.0,0.0,2.0,0.0,0.0,0.0,23046.024233332857,15822.857142857143,0.0,29.0,0.0,35000.0,0,27.153389023445403
88194e6025fffff,51.602434131811634,0.21493877099319228,3.0,0.0,0.0,2.0,0.0,0.0,0.0,0.0,0.0,0.0,0.0,14.0,0.0,1.0,0.0,0.0,0.0,1643.2256042708436,15196.333333333334,0.0,5.0,0.0,0.0,0,26.6574859298531
88194e6027fffff,51.59468258358813,0.21914614788408357,6.0,2.0,0.0,2.0,0.0,0.0,0.0,0.0,1.0,10.0,0.0,16.0,0.0,0.0,0.0,0.0,0.0,52934.56349245018,19630.0,0.0,33.0,0.0,0.0,0,26.50608762473801
88194e6029fffff,51.605938336027265,0.23505792258910674,4.0,0.0,0.0,3.0,1.0,0.0,0.0,0.0,5.0,1.0,0.0,16.0,0.0,1.0,0.0,0.0,0.0,2006.0356867615305,5202.6,0.0,6.0,0.0,0.0,0,28.066454748333392
88194e602bfffff,51.598186924784805,0.23926208233530213,1.0,0.0,0.0,0.0,0.0,0.0,0.0,0.0,3.0,1.0,0.0,7.0,0.0,0.0,0.0,0.0,0.0,1340.7280188555183,38620.333333333336,0.0,9.0,0.0,35000.0,0,27.92523839661983
88194e602dfffff,51.60806234345424,0.22289510549679795,7.0,0.0,0.0,4.0,2.0,0.0,0.0,0.0,9.0,12.0,0.0,15.0,3.0,3.0,0.0,0.0,1.0,26746.220434497376,0.0,0.0,10.0,0.0,0.0,0,27.4456250128611
88194e6031fffff,51.58268289961344,0.24766650572592286,1.0,0.0,0.0,0.0,0.0,0.0,0.0,0.0,7.0,3.0,0.0,0.0,0.0,0.0,0.0,0.0,0.0,1027.6339213840045,0.0,3.0,1.0,0.0,0.0,1,27.73042363537536
88194e6033fffff,51.57493028644893,0.2518667704833483,0.0,0.0,0.0,0.0,0.0,0.0,0.0,0.0,0.0,0.0,0.0,2.0,0.0,0.0,0.0,0.0,0.0,2793.345294763462,0.0,2.0,7.0,0.0,0.0,1,27.67744753058082
88194e6035fffff,51.58480730243096,0.23551046212885993,1.0,0.0,0.0,0.0,0.0,0.0,0.0,0.0,14.0,1.0,0.0,1.0,0.0,0.0,0.0,0.0,0.0,9253.873422642853,0.0,0.0,13.0,0.0,0.0,0,27.052070503802778
88194e6037fffff,51.577054820390934,0.2397129833506174,0.0,0.0,0.0,0.0,0.0,0.0,0.0,0.0,2.0,1.0,0.0,4.0,0.0,0.0,0.0,0.0,0.0,0.0,0.0,0.0,3.0,0.0,0.0,0,26.98110379328248
88194e6039fffff,51.58830977011368,0.25562104961786064,0.0,0.0,0.0,0.0,0.0,0.0,0.0,0.0,0.0,0.0,0.0,0.0,0.0,0.0,0.0,0.0,0.0,0.0,0.0,2.0,2.0,0.0,35000.0,1,28.484379045963347
88194e603bfffff,51.580557426195014,0.25982035536859854,0.0,0.0,0.0,0.0,0.0,0.0,0.0,0.0,0.0,0.0,0.0,0.0,0.0,0.0,0.0,0.0,0.0,0.0,0.0,0.0,7.0,0.0,0.0,0,28.419472699376445
88194e603dfffff,51.590435112519465,0.2434649431953626,0.0,0.0,0.0,0.0,0.0,0.0,0.0,0.0,3.0,0.0,0.0,6.0,0.0,0.0,0.0,0.0,0.0,2554.059426353888,10123.166666666666,0.0,2.0,0.0,35000.0,0,27.813109480413914
88194e6047fffff,51.61506229279623,0.26313453596726655,0.0,0.0,0.0,0.0,0.0,0.0,0.0,0.0,0.0,1.0,0.0,0.0,0.0,0.0,0.0,0.0,0.0,0.0,0.0,0.0,0.0,0.0,0.0,0,30.260099556570786
88194e6063fffff,51.61156439851373,0.24301534426574603,1.0,0.0,0.0,0.0,0.0,0.0,0.0,0.0,0.0,0.0,0.0,2.0,0.0,0.0,0.0,0.0,0.0,524.0094025378189,0.0,0.0,0.0,0.0,0.0,0,28.85103565114518
88194e6065fffff,51.621439953914916,0.22664570421029764,0.0,0.0,0.0,0.0,0.0,0.0,0.0,0.0,0.0,0.0,0.0,0.0,0.0,0.0,1.0,0.0,0.0,0.0,0.0,0.0,0.0,0.0,0.0,0,28.434316142852182
88194e6067fffff,51.61368934586468,0.23085246339984167,0.0,0.0,0.0,0.0,0.0,0.0,0.0,0.0,0.0,0.0,0.0,5.0,0.0,0.0,1.0,0.0,0.0,0.0,0.0,0.0,0.0,0.0,0.0,0,28.23631938013115
88194e606bfffff,51.61718925168296,0.25097378867882725,0.0,0.0,0.0,0.0,0.0,0.0,0.0,0.0,0.0,0.0,0.0,0.0,0.0,0.0,0.0,0.0,0.0,0.0,0.0,1.0,0.0,0.0,0.0,1,29.63822686389175
88194e606dfffff,51.62706547749632,0.234605045046786,0.0,0.0,0.0,0.0,0.0,0.0,0.0,0.0,0.0,0.0,0.0,0.0,0.0,0.0,0.0,0.0,0.0,0.0,125752.58333333333,0.0,0.0,0.0,0.0,0,29.234923837715712
88194e6081fffff,51.54741699279392,0.2887472494104596,0.0,0.0,0.0,0.0,0.0,0.0,0.0,0.0,1.0,0.0,0.0,3.0,0.0,0.0,0.0,0.0,0.0,0.0,0.0,5.0,0.0,0.0,132000.0,1,29.210965610325378
88194e6083fffff,51.539662524199095,0.29293782227334536,0.0,0.0,0.0,0.0,0.0,0.0,0.0,0.0,1.0,0.0,0.0,5.0,2.0,0.0,0.0,0.0,0.0,0.0,9992.142857142857,0.0,0.0,0.0,0.0,0,29.304841139006253
88194e6085fffff,51.54954405511776,0.27660461303280137,0.0,0.0,0.0,0.0,0.0,0.0,0.0,0.0,0.0,1.0,0.0,0.0,0.0,0.0,0.0,0.0,0.0,0.0,0.0,2.0,0.0,0.0,132000.0,1,28.451135166863697
88194e6087fffff,51.54178971540889,0.28079743889115516,0.0,0.0,0.0,0.0,0.0,0.0,0.0,0.0,1.0,1.0,0.0,6.0,0.0,0.0,0.0,0.0,0.0,0.0,115910.95833333333,3.0,0.0,0.0,132000.0,1,28.531764970797393
88194e6089fffff,51.5530430621626,0.2966980785730573,0.0,0.0,0.0,0.0,0.0,0.0,0.0,0.0,1.0,0.0,0.0,3.0,0.0,0.0,0.0,0.0,0.0,0.0,0.0,9.0,0.0,0.0,275000.0,1,29.89793941818854
88194e608dfffff,51.55517106333078,0.2845553823622823,2.0,0.0,0.0,1.0,0.0,0.0,0.0,0.0,1.0,2.0,0.0,2.0,0.0,0.0,0.0,0.0,0.0,21893.14284947552,0.0,0.0,0.0,0.0,0.0,0,29.14524170408618
88194e60a1fffff,51.54604089393164,0.2565100947924414,1.0,0.0,0.0,0.0,0.0,0.0,0.0,0.0,4.0,0.0,0.0,2.0,0.0,0.0,0.0,0.0,0.0,11337.945489475647,5236.5,0.0,0.0,0.0,0.0,0,27.0040629669497
88194e60a3fffff,51.53828641465399,0.26070613206951143,0.0,0.0,0.0,0.0,0.0,0.0,0.0,0.0,0.0,0.0,0.0,0.0,0.0,0.0,0.0,0.0,0.0,0.0,0.0,6.0,0.0,0.0,132000.0,1,27.086425902561388
88194e60a5fffff,51.54816488005338,0.24436313507084298,0.0,0.0,0.0,0.0,0.0,0.0,0.0,0.0,4.0,0.0,0.0,4.0,0.0,0.0,0.0,0.0,0.0,7292.455993408218,6078.136363636364,0.0,7.0,0.0,0.0,0,26.250526255138606
88194e60a7fffff,51.540410530668076,0.24856142576587856,0.0,0.0,0.0,0.0,0.0,0.0,0.0,0.0,1.0,0.0,0.0,4.0,0.0,0.0,0.0,0.0,0.0,4180.153777785817,0.0,2.0,0.0,0.0,132000.0,1,26.318173489875857
88194e60abfffff,51.54391583885161,0.2686548628985269,0.0,0.0,0.0,0.0,0.0,0.0,0.0,0.0,0.0,0.0,0.0,2.0,0.0,0.0,0.0,0.0,0.0,0.0,4011.0,6.0,0.0,0.0,132000.0,1,27.76466661456681
88194e60adfffff,51.55379497452659,0.25231276183731405,15.0,0.0,0.0,1.0,1.0,0.0,0.0,0.0,17.0,8.0,0.0,9.0,8.0,1.0,0.0,0.0,0.0,23578.469097359823,793.3333333333334,0.0,15.0,0.0,0.0,0,26.95222798942008
88194e60bdfffff,51.53616123012904,0.2728486471254287,0.0,0.0,0.0,0.0,0.0,0.0,0.0,0.0,0.0,1.0,0.0,0.0,0.0,0.0,0.0,0.0,0.0,0.0,0.0,0.0,0.0,0.0,0.0,0,27.860914866525576
88194e60c1fffff,51.5664214551116,0.30045997816563047,0.0,0.0,0.0,0.0,0.0,0.0,0.0,0.0,0.0,1.0,0.0,0.0,0.0,0.0,0.0,0.0,0.0,0.0,0.0,0.0,0.0,0.0,0.0,0,30.554248554455146
88194e60c3fffff,51.55866792339358,0.3046499262684744,0.0,0.0,0.0,0.0,0.0,0.0,0.0,0.0,1.0,0.0,0.0,3.0,0.0,0.0,0.0,0.0,0.0,0.0,0.0,2.0,0.0,0.0,0.0,1,30.592154658823784
88194e60c5fffff,51.56855026608908,0.2883149683685151,0.0,0.0,0.0,0.0,0.0,0.0,0.0,0.0,0.0,1.0,0.0,0.0,0.0,0.0,0.0,0.0,0.0,0.0,0.0,1.0,5.0,0.0,0.0,1,29.82266240015464
88194e60c7fffff,51.56079686336917,0.2925071707767009,0.0,0.0,0.0,0.0,0.0,0.0,0.0,0.0,0.0,2.0,0.0,2.0,0.0,0.0,0.0,0.0,0.0,9284.703022588768,13214.0,2.0,0.0,0.0,0.0,1,29.846445063714924
88194e60cbfffff,51.56429157636564,0.31260279238605726,0.0,0.0,0.0,0.0,0.0,0.0,0.0,0.0,0.0,1.0,0.0,2.0,0.0,0.0,0.0,0.0,0.0,2222.445516176678,0.0,0.0,0.0,0.0,0.0,0,31.29312149885629
88194e60d3fffff,51.54102940249415,0.32516199570762055,0.0,0.0,0.0,0.0,0.0,0.0,0.0,0.0,0.0,0.0,0.0,0.0,0.0,0.0,0.0,0.0,0.0,0.0,0.0,0.0,0.0,0.0,275000.0,0,31.52587217110582
88194e60d5fffff,51.55091399352447,0.3088385804427352,0.0,0.0,0.0,0.0,0.0,0.0,0.0,0.0,0.0,0.0,0.0,0.0,0.0,0.0,0.0,0.0,0.0,0.0,0.0,7.0,0.0,0.0,275000.0,1,30.65705573724454
88194e60d7fffff,51.543159665886286,0.3130259412429432,0.0,0.0,0.0,0.0,0.0,0.0,0.0,0.0,0.0,0.0,0.0,0.0,0.0,0.0,0.0,0.0,0.0,0.0,0.0,2.0,0.0,0.0,275000.0,1,30.74878334084334
88194e60ddfffff,51.55653791609681,0.31679048655378444,0.0,0.0,0.0,0.0,0.0,0.0,0.0,0.0,0.0,0.0,0.0,0.0,0.0,0.0,0.0,0.0,0.0,0.0,0.0,2.0,0.0,0.0,132000.0,1,31.344471536006804
88194e60e1fffff,51.56505153897251,0.268215076157224,7.0,0.0,0.0,2.0,1.0,0.0,0.0,0.0,5.0,2.0,0.0,13.0,0.0,1.0,0.0,0.0,0.0,9557.445445857935,7767.444444444444,0.0,3.0,0.0,0.0,0,28.376955149133714
88194e60e3fffff,51.55729799643306,0.2724104923064807,0.0,0.0,0.0,0.0,0.0,0.0,0.0,0.0,1.0,0.0,0.0,5.0,0.0,0.0,0.0,0.0,0.0,2519.5261483380173,6749.333333333333,0.0,2.0,0.0,0.0,0,28.399480048423797
88194e60e5fffff,51.56717727340822,0.2560657380236821,0.0,0.0,0.0,0.0,0.0,0.0,0.0,0.0,4.0,0.0,0.0,8.0,0.0,0.0,0.0,0.0,0.0,13828.553753047316,0.0,0.0,10.0,0.0,0.0,0,27.65435469073696
88194e60e7fffff,51.559423860873544,0.2602634089027113,0.0,0.0,0.0,1.0,0.0,0.0,0.0,0.0,2.0,0.0,0.0,7.0,0.0,0.0,0.0,0.0,0.0,36989.23674817214,3953.0,0.0,3.0,0.0,0.0,0,27.66122273796401
88194e60e9fffff,51.5706780087019,0.2761677634908592,0.0,0.0,0.0,0.0,0.0,0.0,0.0,0.0,1.0,0.0,0.0,4.0,0.0,0.0,0.0,0.0,0.0,3130.8529205893033,0.0,2.0,0.0,0.0,0.0,1,29.098919562006934
88194e60ebfffff,51.56292473542749,0.28036222057408705,0.0,0.0,0.0,0.0,0.0,0.0,0.0,0.0,0.0,0.0,0.0,0.0,0.0,0.0,0.0,0.0,0.0,545.865411460886,0.0,0.0,0.0,0.0,0.0,0,29.10785748944155
88194e60edfffff,51.5728046823539,0.26401836402977863,0.0,0.0,0.0,0.0,0.0,0.0,0.0,0.0,1.0,0.0,0.0,5.0,0.0,0.0,0.0,0.0,0.0,4880.3097392874315,0.0,3.0,0.0,0.0,0.0,1,28.38362712103152
88194e6101fffff,51.61654764178102,0.174221896599983,0.0,0.0,0.0,0.0,0.0,0.0,0.0,0.0,3.0,2.0,0.0,0.0,0.0,0.0,0.0,0.0,0.0,0.0,0.0,0.0,0.0,0.0,0.0,0,25.11376190998788
88194e6103fffff,51.608796895688215,0.17843735259387863,0.0,0.0,0.0,0.0,0.0,0.0,0.0,0.0,0.0,0.0,0.0,6.0,0.0,0.0,0.0,0.0,0.0,0.0,0.0,0.0,0.0,0.0,0.0,0,24.86554526935664
88194e6105fffff,51.61866628053525,0.16204811176657885,0.0,0.0,0.0,0.0,0.0,0.0,0.0,0.0,2.0,0.0,0.0,0.0,0.0,0.0,0.0,0.0,0.0,0.0,0.0,0.0,0.0,0.0,0.0,0,24.57409097127849
88194e6107fffff,51.61091566881819,0.1662658281081716,2.0,0.0,0.0,0.0,0.0,0.0,0.0,0.0,0.0,0.0,0.0,6.0,0.0,0.0,0.0,0.0,0.0,0.0,0.0,0.0,0.0,0.0,0.0,0,24.30185533182469
88194e6109fffff,51.62217840536807,0.18217899070383145,0.0,0.0,0.0,0.0,0.0,0.0,0.0,0.0,0.0,0.0,0.0,4.0,0.0,0.0,0.0,0.0,0.0,0.0,0.0,0.0,0.0,0.0,0.0,0,25.927005439628278
88194e610bfffff,51.61442792809941,0.18639348889521923,0.0,0.0,0.0,1.0,0.0,0.0,0.0,0.0,1.0,4.0,0.0,4.0,0.0,0.0,0.0,0.0,1.0,20465.101854551023,7752.5,0.0,0.0,0.0,0.0,0,25.671903363102555
88194e6111fffff,51.59892576569115,0.19481857929637292,0.0,0.0,0.0,0.0,0.0,0.0,0.0,0.0,0.0,0.0,0.0,0.0,0.0,0.0,0.0,0.0,0.0,12521.806772467668,0.0,0.0,0.0,0.0,0.0,0,25.252575866812112
88194e6115fffff,51.601045746890016,0.18265150628197857,0.0,0.0,0.0,1.0,0.0,0.0,0.0,0.0,1.0,0.0,0.0,10.0,0.0,0.0,0.0,0.0,0.0,2547.87930484113,6576.0,0.0,1.0,0.0,0.0,0,24.64847160465694
88194e6117fffff,51.593294195769005,0.18686435822211012,5.0,0.0,0.0,0.0,0.0,0.0,0.0,0.0,16.0,4.0,0.0,1.0,0.0,0.0,0.0,0.0,0.0,12336.266515352301,0.0,0.0,8.0,0.0,0.0,0,24.46337313762168
88194e6119fffff,51.604556126588655,0.20277382454137838,0.0,0.0,0.0,0.0,0.0,0.0,0.0,0.0,0.0,0.0,0.0,3.0,0.0,0.0,0.0,0.0,0.0,0.0,0.0,0.0,0.0,0.0,0.0,0,26.044508726661675
88194e611bfffff,51.59680471105846,0.20698345999840284,2.0,0.0,0.0,0.0,1.0,0.0,0.0,0.0,0.0,1.0,0.0,6.0,0.0,0.0,0.0,0.0,0.0,0.0,650.5,0.0,1.0,0.0,0.0,0,25.872145215422876
88194e611dfffff,51.60667704807961,0.19060668490677504,1.0,0.0,0.0,1.0,0.0,0.0,0.0,0.0,1.0,0.0,0.0,0.0,0.0,0.0,0.0,0.0,0.0,13869.118362338915,0.0,0.0,0.0,0.0,0.0,0,25.446824872750636
88194e6123fffff,51.607399243922316,0.1461371384189955,0.0,0.0,0.0,0.0,0.0,0.0,0.0,0.0,0.0,0.0,0.0,0.0,0.0,0.0,0.0,0.0,0.0,0.0,763.8,0.0,0.0,0.0,0.0,0,22.94110087009304
88194e6125fffff,51.61726553537421,0.12973810668352664,2.0,0.0,0.0,2.0,0.0,0.0,0.0,0.0,6.0,2.0,0.0,0.0,0.0,0.0,0.0,0.0,0.0,14431.835449278818,0.0,0.0,0.0,0.0,0.0,0,22.729298090867836
88194e6127fffff,51.60951492542471,0.13396130121438826,0.0,0.0,0.0,0.0,0.0,0.0,0.0,0.0,0.0,0.0,0.0,4.0,0.0,0.0,0.0,0.0,0.0,17028.810432568556,0.0,0.0,1.0,0.0,0.0,0,22.411429824146726
88194e6131fffff,51.597531203333666,0.1625281556026206,11.0,1.0,0.0,2.0,1.0,0.0,0.0,0.0,3.0,6.0,0.0,12.0,0.0,2.0,0.0,0.0,0.0,16484.391342809013,20236.636363636364,0.0,10.0,0.0,0.0,0,23.258483871809048
88194e6133fffff,51.58977951745195,0.16674422331132965,2.0,0.0,1.0,0.0,0.0,0.0,0.0,0.0,2.0,0.0,1.0,8.0,0.0,1.0,0.0,0.0,0.0,14062.581314494855,6666.666666666667,0.0,3.0,0.0,0.0,0,23.059154946847304
88194e6135fffff,51.599648095253876,0.15035676839439896,1.0,1.0,0.0,0.0,0.0,0.0,0.0,0.0,2.0,0.0,0.0,7.0,0.0,1.0,0.0,0.0,0.0,0.0,6414.428571428572,0.0,0.0,0.0,0.0,0,22.68267068300892
88194e6137fffff,51.591896543634846,0.15457509512954487,2.0,0.0,0.0,0.0,0.0,0.0,0.0,0.0,1.0,0.0,0.0,6.0,0.0,0.0,0.0,0.0,0.0,0.0,0.0,0.0,0.0,0.0,0.0,0,22.458207243518864
88194e6139fffff,51.60316465405891,0.1704822414601721,4.0,0.0,0.0,0.0,0.0,0.0,0.0,0.0,0.0,0.0,0.0,14.0,0.0,0.0,0.0,0.0,0.0,0.0,0.0,0.0,0.0,0.0,0.0,0,24.06100565693366
88194e613bfffff,51.59541323664006,0.1746973523806453,2.0,0.0,1.0,0.0,0.0,0.0,0.0,0.0,7.0,3.0,0.0,6.0,0.0,3.0,0.0,0.0,0.0,1923.2092672695162,8478.375,0.0,2.0,0.0,0.0,0,23.852495980080075
88194e613dfffff,51.6052824866017,0.15831078533688062,0.0,0.0,0.0,0.0,0.0,0.0,0.0,0.0,0.0,0.0,0.0,5.0,0.0,0.0,0.0,0.0,0.0,852.357731198089,0.0,0.0,0.0,0.0,0.0,0,23.491434857852795
88194e6143fffff,51.627807959457385,0.19013711031105163,0.0,0.0,0.0,0.0,0.0,0.0,0.0,0.0,0.0,0.0,0.0,0.0,0.0,0.0,0.0,0.0,0.0,0.0,7344.0,0.0,0.0,0.0,0.0,0,26.741454695221357
88194e6151fffff,51.61793602278967,0.20652011589160102,0.0,0.0,0.0,0.0,0.0,0.0,0.0,0.0,0.0,1.0,0.0,0.0,0.0,0.0,0.0,0.0,0.0,0.0,0.0,0.0,0.0,0.0,0.0,0,27.049785060176422
88194e6153fffff,51.61018527833959,0.21073009384816713,2.0,0.0,0.0,0.0,0.0,0.0,0.0,0.0,1.0,1.0,0.0,7.0,0.0,0.0,0.0,0.0,0.0,0.0,941.0,0.0,8.0,0.0,0.0,0,26.83892083019489
88194e6155fffff,51.620057751170485,0.19435065025548617,0.0,0.0,0.0,0.0,0.0,0.0,0.0,0.0,0.0,1.0,0.0,0.0,0.0,0.0,0.0,0.0,0.0,0.0,0.0,0.0,0.0,0.0,0.0,0,26.479904470087334
88194e6157fffff,51.61230714008679,0.19856288814628895,0.0,0.0,0.0,0.0,0.0,0.0,0.0,0.0,0.0,0.0,0.0,0.0,0.0,0.0,0.0,0.0,0.0,6601.462195657222,0.0,0.0,0.0,0.0,0.0,0,26.247329402916986
88194e6159fffff,51.623563696066554,0.21447836803359077,0.0,0.0,0.0,0.0,0.0,0.0,0.0,0.0,1.0,0.0,0.0,0.0,0.0,0.0,0.0,0.0,0.0,0.0,0.0,0.0,0.0,0.0,0.0,0,27.854014332818654
88194e615bfffff,51.6158132208222,0.21868738710758776,3.0,0.0,0.0,0.0,0.0,0.0,0.0,0.0,1.0,0.0,0.0,11.0,0.0,0.0,0.0,0.0,0.0,4276.205359478617,10319.416666666666,0.0,3.0,0.0,0.0,0,27.635589423601424
88194e6181fffff,51.562283975708986,0.20370275964937282,7.0,2.0,0.0,0.0,0.0,0.0,0.0,0.0,5.0,1.0,0.0,5.0,0.0,0.0,0.0,0.0,0.0,42396.247302440985,0.0,0.0,5.0,0.0,0.0,0,24.05564866291077
88194e6183fffff,51.55453041871331,0.2079091112069661,1.0,0.0,0.0,0.0,0.0,0.0,0.0,0.0,6.0,0.0,0.0,5.0,0.0,0.0,0.0,0.0,0.0,24848.079269852235,12106.714285714286,0.0,2.0,0.0,0.0,0,24.039016938803016
88194e6185fffff,51.56440354802268,0.1915447828984406,2.0,1.0,0.0,1.0,0.0,0.0,0.0,0.0,3.0,1.0,0.0,9.0,0.0,0.0,0.0,0.0,0.0,72107.46494616313,34523.5,0.0,36.0,0.0,0.0,0,23.357235615684974
88194e6187fffff,51.55665012304653,0.1957533900221391,5.0,0.0,0.0,0.0,0.0,0.0,0.0,0.0,1.0,0.0,0.0,1.0,0.0,0.0,0.0,0.0,0.0,9605.543240308212,0.0,0.0,0.0,0.0,0.0,0,23.320829802654554
88194e6189fffff,51.56791662010084,0.2116531517826745,0.0,0.0,0.0,0.0,0.0,0.0,0.0,0.0,3.0,1.0,0.0,4.0,0.0,0.0,0.0,0.0,0.0,0.0,0.0,0.0,0.0,0.0,0.0,0,24.796706104767434
88194e618bfffff,51.56016333160693,0.21585854642057534,11.0,0.0,1.0,12.0,3.0,0.0,0.0,0.0,8.0,6.0,0.0,12.0,1.0,5.0,0.0,0.0,0.0,94597.23355315384,1763.9130434782608,0.0,25.0,0.0,0.0,0,24.76525261594691
88194e618dfffff,51.57003713229509,0.19949510912861793,4.0,0.0,0.0,0.0,0.0,0.0,0.0,0.0,3.0,0.0,0.0,9.0,0.0,0.0,0.0,0.0,0.0,0.0,536.0,0.0,1.0,0.0,0.0,0,24.106691276918163
88194e6191fffff,51.544655554781876,0.22426544141002783,0.0,0.0,0.0,0.0,0.0,0.0,0.0,0.0,7.0,3.0,0.0,0.0,0.0,0.0,0.0,0.0,0.0,0.0,0.0,0.0,9.0,0.0,0.0,0,24.802724293068845
88194e6193fffff,51.53690106721607,0.22846694287301747,0.0,0.0,0.0,0.0,0.0,0.0,0.0,0.0,1.0,2.0,0.0,0.0,0.0,0.0,0.0,0.0,0.0,0.0,0.0,0.0,1.0,0.0,0.0,0,24.871504397842006
88194e6195fffff,51.54677646169079,0.21211416435749655,0.0,0.0,0.0,0.0,0.0,0.0,0.0,0.0,6.0,0.0,0.0,7.0,0.0,0.0,0.0,0.0,0.0,25950.599898696903,0.0,0.0,6.0,0.0,0.0,0,24.056870670163338
88194e6197fffff,51.539022105024195,0.2163179196567778,0.0,0.0,0.0,1.0,0.0,0.0,1.0,0.0,26.0,53.0,0.0,0.0,0.0,0.0,0.0,0.0,0.0,6428.099322685439,0.0,0.0,2.0,0.0,0.0,0,24.109136426994603
88194e6199fffff,51.550287796621255,0.23221398423265163,1.0,0.0,0.0,1.0,0.0,0.0,0.0,0.0,11.0,13.0,0.0,3.0,0.0,0.0,0.0,0.0,0.0,12255.316009982333,13617.0,0.0,2.0,0.0,132000.0,0,25.50469075968723
88194e619bfffff,51.542533577575846,0.23641452871293409,0.0,0.0,0.0,0.0,0.0,0.0,0.0,0.0,0.0,1.0,0.0,0.0,0.0,0.0,0.0,0.0,0.0,0.0,0.0,3.0,0.0,0.0,132000.0,1,25.556727940222874
88194e619dfffff,51.55240964303973,0.22006264277774024,3.0,0.0,0.0,0.0,1.0,0.0,0.0,0.0,3.0,1.0,0.0,10.0,0.0,0.0,0.0,0.0,0.0,33653.38282542335,0.0,1.0,3.0,1.0,0.0,1,24.76726035530043
88194e61a1fffff,51.56088631531018,0.1714353808224552,0.0,0.0,0.0,0.0,0.0,0.0,0.0,0.0,11.0,0.0,0.0,7.0,0.0,0.0,0.0,0.0,0.0,34718.469593354486,0.0,0.0,4.0,0.0,0.0,0,21.918601646854878
88194e61a3fffff,51.55313275468145,0.17564719971996245,1.0,0.0,0.0,1.0,0.0,0.0,0.0,0.0,24.0,15.0,0.0,4.0,0.0,0.0,0.0,0.0,0.0,11214.50967411913,10433.0,0.0,1.0,0.0,0.0,0,21.876593902507064
88194e61a5fffff,51.563002802049844,0.15927309381609334,3.0,0.0,0.0,1.0,0.0,0.0,0.0,0.0,6.0,3.0,0.0,6.0,0.0,0.0,0.0,0.0,0.0,27026.05305072637,18210.708333333332,0.0,10.0,0.0,0.0,0,21.23683428164996
88194e61a7fffff,51.55524937444869,0.16348716869159718,2.0,0.0,0.0,0.0,0.0,0.0,0.0,0.0,9.0,2.0,0.0,8.0,0.0,0.0,0.0,0.0,0.0,31669.040234969543,0.0,0.0,15.0,0.0,0.0,0,21.17223882453887
88194e61a9fffff,51.56652204795247,0.1793846166710893,10.0,1.0,0.0,1.0,0.0,0.0,0.0,0.0,3.0,2.0,0.0,16.0,0.0,1.0,0.0,0.0,0.0,67343.47525309578,332.6,0.0,13.0,0.0,35000.0,0,22.671056619152004
88194e61abfffff,51.55876875544394,0.1835954797260477,0.0,0.0,0.0,0.0,0.0,0.0,0.0,0.0,3.0,0.0,0.0,3.0,0.0,0.0,0.0,0.0,0.0,1749.5408363771835,0.0,0.0,0.0,0.0,0.0,0,22.613665991810766
88194e61adfffff,51.568639474902824,0.16722226147161381,0.0,0.0,0.0,0.0,0.0,0.0,0.0,0.0,4.0,3.0,0.0,3.0,0.0,1.0,0.0,0.0,0.0,32741.81714577737,0.0,0.0,3.0,0.0,35000.0,0,21.998265667807846
88194e61b1fffff,51.54326096871116,0.19201330707837147,0.0,0.0,0.0,0.0,0.0,0.0,0.0,0.0,3.0,4.0,0.0,6.0,0.0,0.0,2.0,0.0,0.0,24781.658993238765,22951.916666666668,0.0,4.0,0.0,0.0,0,22.60877061017972
88194e61b3fffff,51.53550647525274,0.1962202724880218,1.0,0.0,0.0,0.0,0.0,0.0,0.0,0.0,6.0,6.0,0.0,6.0,0.0,0.0,0.0,0.0,0.0,18341.663110962076,0.0,0.0,14.0,0.0,0.0,0,22.661296375906097
88194e61b5fffff,51.54537879339963,0.17985771872065626,1.0,0.0,0.0,0.0,0.0,0.0,0.0,0.0,0.0,1.0,0.0,0.0,0.0,0.0,0.0,0.0,0.0,0.0,0.0,0.0,0.0,0.0,0.0,0,21.8724629211727
88194e61b7fffff,51.537624431847746,0.18406693838076105,2.0,0.0,0.0,0.0,0.0,0.0,0.0,0.0,1.0,0.0,0.0,0.0,0.0,0.0,0.0,0.0,0.0,39732.04158133542,0.0,0.0,1.0,0.0,0.0,0,21.906233639449553
88194e61b9fffff,51.54889629770724,0.19996069805663538,12.0,0.0,0.0,3.0,1.0,0.0,0.0,0.0,8.0,4.0,0.0,16.0,1.0,3.0,0.0,0.0,0.0,24016.98528668042,12555.727272727272,0.0,13.0,1.0,0.0,0,23.319957712002356
88194e61bbfffff,51.54114207238762,0.20416670755798585,2.0,1.0,0.0,0.0,0.0,0.0,0.0,0.0,6.0,0.0,0.0,8.0,0.0,0.0,0.0,0.0,0.0,34670.93990635994,11101.5,0.0,17.0,0.0,0.0,0,23.354626613946063
88194e61bdfffff,51.55101506223588,0.18780504300971332,0.0,0.0,0.0,0.0,3.0,0.0,0.0,0.0,4.0,2.0,0.0,4.0,0.0,0.0,0.0,0.0,0.0,6477.13577868098,8493.272727272728,0.0,0.0,0.0,0.0,0,22.59286919379972
88194e61c1fffff,51.58130067543158,0.2153988303273533,4.0,0.0,0.0,0.0,0.0,0.0,0.0,0.0,2.0,0.0,0.0,9.0,0.0,0.0,0.0,0.0,0.0,0.0,0.0,0.0,0.0,0.0,35000.0,0,25.621152037575374
88194e61c3fffff,51.57354805609981,0.21960456631313285,2.0,0.0,0.0,0.0,1.0,0.0,0.0,0.0,2.0,3.0,0.0,11.0,0.0,2.0,0.0,0.0,0.0,1999.4861182857042,3778.222222222222,0.0,0.0,0.0,0.0,0,25.54344948001347
88194e61c5fffff,51.58342199533822,0.20323846543976987,8.0,2.0,0.0,1.0,0.0,0.0,0.0,0.0,3.0,0.0,0.0,6.0,0.0,3.0,0.0,0.0,0.0,7900.755034389459,6464.363636363636,0.0,5.0,0.0,35000.0,0,24.959343855962416
88194e61c7fffff,51.575669508138795,0.20744645830788425,1.0,0.0,0.0,0.0,1.0,0.0,0.0,0.0,4.0,0.0,0.0,12.0,1.0,0.0,2.0,0.0,0.0,0.0,994.0,0.0,8.0,0.0,0.0,0,24.861490727803865
88194e61c9fffff,51.586930634051406,0.22335222507794897,1.0,0.0,0.0,0.0,0.0,0.0,0.0,0.0,3.0,1.0,0.0,7.0,0.0,0.0,2.0,0.0,0.0,4583.113960792005,41413.041666666664,0.0,24.0,0.0,35000.0,0,26.385245902565003
88194e61cbfffff,51.57917828358382,0.22755700313162583,0.0,0.0,0.0,0.0,0.0,0.0,0.0,0.0,2.0,0.0,0.0,0.0,0.0,0.0,0.0,0.0,0.0,0.0,1169.0,0.0,0.0,0.0,0.0,0,26.295384978142085
88194e61cdfffff,51.58905289387862,0.21119179507470365,1.0,0.0,0.0,0.0,0.0,0.0,0.0,0.0,2.0,1.0,0.0,10.0,0.0,0.0,0.0,0.0,0.0,0.0,19305.666666666668,0.0,7.0,0.0,0.0,0,25.730853958863197
88194e61d1fffff,51.563672381385736,0.23596266404426225,1.0,0.0,0.0,2.0,0.0,0.0,0.0,0.0,3.0,5.0,0.0,4.0,1.0,1.0,0.0,0.0,0.0,6461.378842500112,14021.5,0.0,5.0,0.0,0.0,0,26.209782078074795
88194e61d3fffff,51.5559188304201,0.2401635480154369,3.0,1.0,0.0,3.0,0.0,0.0,0.0,0.0,7.0,6.0,0.0,7.0,0.0,0.0,0.0,0.0,0.0,21531.98249314371,0.0,0.0,17.0,1.0,0.0,0,26.214353320339054
88194e61d5fffff,51.565795036265804,0.2238090035885201,4.0,1.0,0.0,0.0,0.0,0.0,0.0,0.0,2.0,1.0,0.0,7.0,0.0,2.0,0.0,0.0,0.0,57177.76012597678,12250.166666666666,0.0,5.0,1.0,0.0,0,25.498041855429356
88194e61d7fffff,51.558041616312096,0.2280121427097209,1.0,0.0,0.0,0.0,0.0,0.0,0.0,0.0,2.0,0.0,0.0,9.0,1.0,0.0,0.0,0.0,0.0,20720.42854198593,17034.333333333332,0.0,13.0,0.0,132000.0,0,25.485104807279637
88194e61d9fffff,51.56930193813863,0.24391420667198874,0.0,0.0,0.0,0.0,0.0,0.0,0.0,0.0,1.0,0.0,0.0,3.0,0.0,0.0,0.0,0.0,0.0,0.0,0.0,0.0,0.0,0.0,0.0,0,26.94073160968109
88194e61dbfffff,51.56154865605638,0.24811413264897575,6.0,1.0,0.0,0.0,0.0,0.0,0.0,0.0,4.0,3.0,0.0,9.0,1.0,0.0,0.0,0.0,0.0,38712.16838821541,106.5,0.0,7.0,0.0,0.0,0,26.93109440204231
88194e61ddfffff,51.571425532567794,0.23176048260164803,0.0,0.0,0.0,0.0,0.0,0.0,0.0,0.0,1.0,0.0,0.0,3.0,0.0,0.0,0.0,0.0,0.0,0.0,4501.181818181818,0.0,0.0,0.0,0.0,0,26.236826120665885
88194e61e1fffff,51.57990919535433,0.1831236691578221,26.0,3.0,1.0,37.0,3.0,0.0,0.0,2.0,6.0,128.0,0.0,16.0,0.0,11.0,1.0,0.0,0.0,199077.78001012767,27910.764150943396,0.0,25.0,0.0,35000.0,0,23.53581482187077
88194e61e3fffff,51.57215657225288,0.18733487612920682,12.0,1.0,0.0,4.0,1.0,0.0,0.0,2.0,6.0,14.0,1.0,19.0,0.0,3.0,0.0,0.0,0.0,75301.71028395214,18903.185185185186,0.0,44.0,0.0,35000.0,0,23.429006221873006
88194e61e5fffff,51.5820274293393,0.170958989020736,6.0,0.0,1.0,4.0,1.0,0.0,0.0,0.0,14.0,26.0,0.0,14.0,0.0,2.0,0.0,0.0,0.0,59779.12967448185,0.0,0.0,14.0,0.0,0.0,0,22.894329676281167
88194e61e7fffff,51.57427493937853,0.17517245328827488,1.0,2.0,0.0,5.0,1.0,0.0,0.0,1.0,4.0,9.0,0.0,12.0,0.0,0.0,0.0,0.0,0.0,94020.47222960109,31619.041666666668,0.0,11.0,0.0,35000.0,0,22.764760931138685
88194e61e9fffff,51.58554224270777,0.19107590897180762,1.0,1.0,0.0,0.0,0.0,0.0,0.0,0.0,52.0,9.0,0.0,7.0,0.0,1.0,0.0,0.0,0.0,3541.0024216760157,0.0,0.0,3.0,0.0,0.0,0,24.310983424166643
88194e61ebfffff,51.577789888088915,0.19528615908832123,0.0,1.0,0.0,0.0,0.0,0.0,0.0,0.0,11.0,3.0,0.0,5.0,0.0,3.0,0.0,0.0,0.0,15433.193970722903,770.0,0.0,2.0,0.0,35000.0,0,24.191923787916398
88194e61edfffff,51.58766141694431,0.1789111614273666,0.0,1.0,0.0,0.0,0.0,0.0,0.0,0.0,1.0,1.0,0.0,8.0,0.0,0.0,0.0,0.0,0.0,16628.765897312627,37327.709677419356,0.0,8.0,0.0,0.0,0,23.677183986601168
88194e6801fffff,51.59186018443442,0.033292027312960736,5.0,0.0,0.0,14.0,0.0,1.0,0.0,0.0,12.0,52.0,0.0,17.0,1.0,0.0,0.0,0.0,0.0,40893.90556829044,44453.10833333333,3.0,35.0,2.0,275000.0,1,15.95209470907019
88194e6803fffff,51.584108516531764,0.03752998983427528,0.0,0.0,0.0,0.0,0.0,0.0,0.0,0.0,4.0,2.0,0.0,1.0,0.0,0.0,0.0,0.0,0.0,0.0,95710.08333333333,3.0,1.0,0.0,275000.0,1,15.526335145669288
88194e6805fffff,51.59396468919493,0.02110344413540161,8.0,2.0,0.0,31.0,9.0,0.0,0.0,1.0,20.0,86.0,1.0,11.0,4.0,6.0,0.0,0.0,0.0,38708.40841879089,91492.83783783784,0.0,34.0,0.0,0.0,0,15.582486733827029
88194e6807fffff,51.5862131595957,0.025343667287226018,0.0,0.0,0.0,1.0,0.0,0.0,0.0,0.0,10.0,6.0,0.0,12.0,2.0,0.0,0.0,0.0,0.0,17396.781997499747,0.0,0.0,17.0,0.0,0.0,0,15.11656924548145
88194e6809fffff,51.59750600051678,0.041241417566118065,0.0,1.0,0.0,0.0,0.0,0.0,0.0,0.0,2.0,1.0,0.0,9.0,0.0,0.0,0.0,0.0,0.0,1196.2483609995984,22627.916666666668,2.0,7.0,0.0,275000.0,1,16.78752684291545
88194e680bfffff,51.58975459955119,0.04547842764556679,1.0,1.0,0.0,5.0,2.0,0.0,0.0,1.0,10.0,10.0,0.0,9.0,0.0,0.0,0.0,0.0,0.0,57710.901882253405,36506.166666666664,4.0,17.0,0.0,275000.0,1,16.36032100025955
88194e680dfffff,51.59961144720838,0.02905275627958001,0.0,0.0,0.0,0.0,0.0,14.0,0.0,0.0,16.0,4.0,0.0,5.0,0.0,0.0,0.0,0.0,0.0,6062.911785082659,5951.6,0.0,1.0,0.0,0.0,0,16.41740673166705
88194e6811fffff,51.57425058363096,0.053948524872637495,0.0,0.0,0.0,0.0,0.0,0.0,0.0,0.0,6.0,1.0,0.0,9.0,0.0,0.0,0.0,0.0,0.0,12495.140424713556,1822.5833333333333,0.0,20.0,0.0,0.0,0,15.630646629592821
88194e6813fffff,51.56649796944375,0.05818161313829548,0.0,0.0,0.0,0.0,0.0,0.0,0.0,0.0,9.0,2.0,0.0,6.0,0.0,1.0,0.0,0.0,0.0,2251.8825632171183,0.0,0.0,5.0,0.0,0.0,0,15.334125036923908
88194e6815fffff,51.57635644388418,0.04176664440291325,3.0,0.0,0.0,1.0,0.0,0.0,0.0,0.0,2.0,15.0,0.0,10.0,0.0,1.0,0.0,0.0,0.0,37460.869388636514,0.0,4.0,5.0,2.0,275000.0,1,15.14346962146896
88194e6817fffff,51.568603966875486,0.04600199157798011,3.0,0.0,0.0,0.0,0.0,0.0,0.0,0.0,7.0,4.0,0.0,0.0,0.0,0.0,0.0,0.0,0.0,0.0,93219.125,4.0,0.0,0.0,275000.0,1,14.80683115153153
88194e6819fffff,51.57989599197941,0.06189608695303144,8.0,1.0,1.0,3.0,2.0,0.0,0.0,0.0,32.0,11.0,0.0,23.0,1.0,1.0,0.0,0.0,0.0,11730.574374271075,29560.32,1.0,31.0,7.0,0.0,1,16.455553057676248
88194e681bfffff,51.572143644748905,0.06612822269919687,9.0,0.0,1.0,9.0,0.0,0.0,0.0,1.0,68.0,28.0,0.0,12.0,5.0,2.0,0.0,0.0,0.0,10099.719191379432,14680.28,0.0,23.0,3.0,0.0,0,16.15067438836067
88194e681dfffff,51.582002793794686,0.04971412989468588,0.0,0.0,0.0,0.0,0.0,0.0,0.0,0.0,10.0,0.0,0.0,2.0,0.0,0.0,0.0,0.0,0.0,9702.172038709656,980.5,0.0,5.0,0.0,0.0,0,15.973688891194847
88194e6821fffff,51.590419204324526,0.0009644767997790458,25.0,0.0,0.0,1.0,0.0,1.0,1.0,0.0,20.0,28.0,0.0,15.0,2.0,1.0,0.0,0.0,0.0,34923.65811690719,18865.5,0.0,8.0,0.0,0.0,0,14.422383365251784
88194e6823fffff,51.582667546922686,0.005207912288561204,9.0,0.0,0.0,1.0,0.0,0.0,0.0,0.0,8.0,9.0,0.0,18.0,0.0,0.0,0.0,0.0,0.0,36399.22151762227,32147.0,0.0,42.0,0.0,0.0,0,13.912574024161003
88194e6825fffff,51.59252060479969,-0.01122839010490443,10.0,4.0,1.0,8.0,0.0,0.0,0.0,0.0,34.0,15.0,0.0,11.0,1.0,0.0,0.0,0.0,0.0,57215.1025448417,11397.0,0.0,27.0,0.0,0.0,0,14.144144931270855
88194e6827fffff,51.584769086712576,-0.0069826935951426035,43.0,0.0,1.0,11.0,2.0,0.0,0.0,1.0,24.0,49.0,0.0,16.0,0.0,1.0,0.0,0.0,0.0,15369.730674746432,11050.42857142857,0.0,21.0,0.0,0.0,0,13.590812646413323
88194e6829fffff,51.59606811323767,0.008912678629820212,2.0,2.0,0.0,0.0,0.0,0.0,0.0,0.0,8.0,6.0,0.0,9.0,0.0,0.0,0.0,0.0,0.0,0.0,77509.61386138614,0.0,6.0,0.0,0.0,0,15.254317589371908
88194e682bfffff,51.588316722391575,0.013155162769938257,2.0,0.0,0.0,0.0,0.0,0.0,0.0,0.0,5.0,4.0,0.0,2.0,0.0,0.0,0.0,0.0,0.0,4818.010729062158,28520.9,0.0,2.0,0.0,0.0,0,14.747538278922327
88194e682dfffff,51.598170455967676,-0.003280268685893215,2.0,0.0,1.0,0.0,0.0,1.0,0.0,0.0,9.0,5.0,0.0,15.0,2.0,0.0,0.0,0.0,0.0,11415.845346634142,283.5,0.0,14.0,0.0,0.0,0,14.970326071235267
88194e6831fffff,51.572812724821375,0.021636203663134734,2.0,0.0,1.0,1.0,0.0,0.0,0.0,0.0,10.0,6.0,0.0,13.0,3.0,0.0,0.0,0.0,0.0,4870.045654325292,29131.5625,0.0,50.0,0.0,0.0,0,13.858622708607797
88194e6833fffff,51.565060118865205,0.025874761535067625,1.0,0.0,0.0,0.0,0.0,1.0,0.0,0.0,6.0,0.0,0.0,6.0,1.0,1.0,0.0,0.0,0.0,9367.587307834594,27307.48,0.0,6.0,0.0,0.0,0,13.48471702553776
88194e6835fffff,51.574915484146196,0.009450038340254738,7.0,0.0,2.0,1.0,0.0,0.0,0.0,0.0,9.0,6.0,0.0,9.0,1.0,0.0,0.0,0.0,0.0,44679.11163400204,19305.466666666667,0.0,11.0,0.0,0.0,0,13.445242321413273
88194e6837fffff,51.56716301637909,0.01369085551438654,48.0,2.0,1.0,16.0,1.0,0.0,1.0,0.0,58.0,71.0,0.0,19.0,16.0,3.0,0.0,0.0,0.0,70763.18195450463,14865.793103448275,1.0,62.0,4.0,0.0,1,13.024967303611128
88194e6839fffff,51.578461224913745,0.029582581804917744,10.0,2.0,1.0,16.0,2.0,0.0,0.0,0.0,12.0,18.0,0.0,18.0,4.0,2.0,0.0,0.0,0.0,12615.148192842218,54700.5,1.0,14.0,2.0,0.0,1,14.692425198222415
88194e683bfffff,51.57070888553292,0.03382018824781232,2.0,1.0,0.0,0.0,0.0,1.0,0.0,0.0,5.0,5.0,0.0,0.0,0.0,0.0,0.0,0.0,0.0,6652.508451376394,0.0,0.0,1.0,0.0,0.0,0,14.313773999545358
88194e683dfffff,51.58056492612483,0.01739633759451894,5.0,1.0,0.0,4.0,0.0,0.0,0.0,0.0,9.0,15.0,0.0,11.0,3.0,0.0,0.0,0.0,0.0,33386.11334696794,22459.5,0.0,35.0,3.0,0.0,0,14.280951392429973
88194e6841fffff,51.610901336369096,0.04495447248159352,1.0,0.0,0.0,1.0,0.0,0.0,0.0,0.0,9.0,0.0,0.0,2.0,0.0,0.0,0.0,0.0,0.0,2459.0938883556755,0.0,0.0,0.0,0.0,0.0,0,18.087122409672965
88194e6843fffff,51.603150607718725,0.049191837940891554,2.0,1.0,0.0,2.0,0.0,0.0,0.0,0.0,8.0,7.0,0.0,7.0,0.0,0.0,0.0,0.0,0.0,5556.791600642457,86953.375,0.0,7.0,0.0,0.0,0,17.62286488308547
88194e6845fffff,51.61300758654051,0.032763471678167025,0.0,0.0,0.0,1.0,0.0,0.0,0.0,0.0,6.0,0.0,0.0,2.0,0.0,0.0,0.0,0.0,0.0,2466.775553028179,2935.25,0.0,0.0,0.0,0.0,0,17.75165076134021
88194e6847fffff,51.605256996307766,0.037003099096892304,3.0,3.0,1.0,6.0,2.0,0.0,0.0,0.0,7.0,10.0,0.0,16.0,1.0,2.0,0.0,0.0,0.0,28592.01173450761,14517.870967741936,0.0,9.0,2.0,0.0,0,17.252288064816735
88194e6849fffff,51.61654446726853,0.05290687632774627,0.0,0.0,0.0,0.0,0.0,0.0,0.0,0.0,0.0,0.0,0.0,0.0,0.0,0.0,0.0,0.0,0.0,6514.653453560912,0.0,0.0,0.0,0.0,0.0,0,18.921902910833683
88194e684bfffff,51.608794005916394,0.057143288331314136,3.0,0.0,0.0,7.0,2.0,0.0,0.0,0.0,5.0,21.0,0.0,5.0,0.0,0.0,0.0,0.0,0.0,4450.125144672051,7398.916666666667,0.0,0.0,0.0,0.0,0,18.458108202065848
88194e684dfffff,51.6186516594155,0.040715798195267994,1.0,0.0,0.0,0.0,0.0,0.0,0.0,0.0,1.0,0.0,0.0,2.0,0.0,0.0,0.0,0.0,0.0,0.0,8298.0,0.0,0.0,0.0,0.0,0,18.584446686964775
88194e6851fffff,51.593291867797085,0.06561218846456773,0.0,0.0,0.0,0.0,0.0,0.0,0.0,0.0,19.0,6.0,0.0,6.0,1.0,1.0,0.0,0.0,0.0,4566.785367378989,1373.0,0.0,20.0,0.0,0.0,0,17.635346408022322
88194e6853fffff,51.58554019179686,0.06984467771305915,0.0,0.0,0.0,0.0,2.0,0.0,0.0,0.0,24.0,6.0,0.0,4.0,0.0,1.0,0.0,0.0,0.0,0.0,0.0,0.0,18.0,0.0,0.0,0,17.28137989888527
88194e6855fffff,51.59539947384794,0.05342789513294979,1.0,0.0,0.0,1.0,0.0,0.0,0.0,0.0,6.0,5.0,0.0,2.0,0.0,1.0,0.0,0.0,0.0,7347.573289469458,0.0,0.0,28.0,0.0,0.0,0,17.194357330747387
88194e6857fffff,51.5876479351403,0.0576626446172575,1.0,0.0,0.0,0.0,0.0,0.0,0.0,0.0,51.0,1.0,0.0,4.0,0.0,0.0,2.0,0.0,0.0,11312.45638376554,235.0,0.0,15.0,0.0,0.0,0,16.80433947755886
88194e6859fffff,51.59893459164124,0.07356276133037282,1.0,0.0,0.0,0.0,0.0,0.0,0.0,0.0,6.0,2.0,0.0,9.0,0.0,0.0,0.0,0.0,0.0,0.0,8898.176470588236,0.0,5.0,0.0,0.0,0,18.46664818095594
88194e685bfffff,51.59118318295946,0.07779429704643712,5.0,0.0,0.0,32.0,5.0,0.0,0.0,1.0,77.0,89.0,1.0,15.0,8.0,8.0,0.0,0.0,1.0,29499.891439458137,10878.15,0.0,53.0,0.0,0.0,0,18.10798756638828
88194e685dfffff,51.60104313929809,0.061378392190406326,2.0,0.0,0.0,0.0,0.0,0.0,0.0,0.0,9.0,0.0,0.0,2.0,0.0,0.0,0.0,0.0,0.0,0.0,6436.0,0.0,1.0,0.0,0.0,0,18.02842341085553
88194e6861fffff,51.60946653160977,0.01261906969056178,4.0,0.0,0.0,0.0,0.0,0.0,0.0,0.0,4.0,1.0,0.0,1.0,0.0,0.0,0.0,0.0,0.0,0.0,0.0,0.0,0.0,0.0,0.0,0,16.625266325202812
88194e6863fffff,51.60171581332755,0.016861911789822746,2.0,0.0,0.0,4.0,1.0,2.0,1.0,0.0,6.0,3.0,0.0,11.0,0.0,2.0,0.0,0.0,0.0,7357.675628085585,22538.625,0.0,14.0,0.0,0.0,0,16.086543543377555
88194e6865fffff,51.611569677132195,0.00042378016323230545,21.0,0.0,0.0,2.0,1.0,0.0,0.0,0.0,13.0,6.0,0.0,14.0,0.0,0.0,0.0,0.0,0.0,52825.51938903249,0.0,0.0,14.0,0.0,0.0,0,16.373217176163497
88194e6867fffff,51.60381909827918,0.004668884614304481,6.0,0.0,0.0,0.0,0.0,0.0,0.0,0.0,10.0,1.0,0.0,4.0,1.0,0.0,0.0,0.0,0.0,9345.617920929853,2082.7272727272725,0.0,4.0,0.0,0.0,0,15.797416744354676
88194e6869fffff,51.61511275583521,0.020570286437596497,0.0,1.0,1.0,3.0,0.0,0.0,0.0,0.0,5.0,0.0,0.0,4.0,0.0,1.0,0.0,0.0,0.0,13746.155102944784,22211.4,0.0,1.0,0.0,0.0,0,17.453752651792275
88194e686bfffff,51.60736230446988,0.024812176174447736,2.0,0.0,0.0,6.0,0.0,7.0,0.0,0.0,5.0,1.0,0.0,11.0,1.0,1.0,0.0,0.0,0.0,8756.238803079275,27162.395833333332,0.0,19.0,0.0,0.0,0,16.919003555704673
88194e686dfffff,51.617216843657786,0.008374917277426565,6.0,1.0,2.0,0.0,0.0,0.0,0.0,0.0,12.0,1.0,0.0,8.0,0.0,0.0,0.0,0.0,0.0,0.0,0.0,0.0,24.0,0.0,0.0,0,17.195392630783
88194e6881fffff,51.53759002290667,0.06293031751454488,10.0,0.0,1.0,10.0,1.0,0.0,0.0,0.0,10.0,31.0,0.0,5.0,1.0,0.0,0.0,0.0,0.0,28290.944807484364,34315.5,2.0,70.0,0.0,275000.0,1,13.982687015674019
88194e6883fffff,51.52983552985051,0.06715913609825107,2.0,0.0,0.0,0.0,0.0,0.0,0.0,0.0,3.0,29.0,0.0,12.0,2.0,0.0,0.0,0.0,0.0,20279.487999179706,201.72727272727272,2.0,30.0,0.0,275000.0,1,13.918885649244226
88194e6885fffff,51.53969548869973,0.05075754444812996,23.0,0.0,0.0,13.0,0.0,0.0,0.0,0.0,10.0,41.0,0.0,23.0,0.0,7.0,0.0,0.0,0.0,14338.149164517177,1188.6363636363637,0.0,41.0,3.0,0.0,0,13.324978879383265
88194e6887fffff,51.531941131583864,0.054988618897053976,35.0,0.0,0.0,42.0,7.0,0.0,0.0,0.0,36.0,104.0,0.0,20.0,3.0,9.0,1.0,0.0,0.0,11589.847360607266,25366.895833333332,0.0,66.0,0.0,66000.0,0,13.224013666839404
88194e6889fffff,51.543237706578964,0.07087304324587826,1.0,0.0,0.0,0.0,1.0,0.0,0.0,0.0,4.0,9.0,0.0,3.0,0.0,1.0,0.0,0.0,0.0,11631.310279429,25739.083333333332,2.0,6.0,0.0,275000.0,1,14.749615881700517
88194e688bfffff,51.53548348013572,0.07510091024530113,27.0,5.0,0.0,9.0,1.0,0.0,5.0,3.0,67.0,22.0,0.0,14.0,5.0,3.0,0.0,0.0,0.0,82728.89455908051,49073.916666666664,1.0,88.0,0.0,275000.0,1,14.663239531483796
88194e688dfffff,51.545344113521196,0.058700194328470956,7.0,1.0,0.0,4.0,0.0,0.0,0.0,0.0,9.0,8.0,0.0,7.0,0.0,1.0,1.0,0.0,0.0,13378.931537608485,4576.0,0.0,22.0,0.0,0.0,0,14.1051925592812
88194e6891fffff,51.51997382131997,0.08355273303452315,3.0,0.0,0.0,1.0,0.0,0.0,0.0,0.0,36.0,17.0,0.0,0.0,0.0,0.0,0.0,0.0,0.0,41895.947610300806,0.0,9.0,2.0,0.0,400000.0,1,14.659864189884852
88194e6893fffff,51.51221838971531,0.08777668993832166,0.0,0.0,0.0,0.0,0.0,0.0,0.0,0.0,4.0,17.0,0.0,0.0,0.0,0.0,0.0,0.0,0.0,3875.897773522842,0.0,0.0,7.0,0.0,0.0,0,14.742914418788612
88194e6895fffff,51.522080634736675,0.07138665063697165,9.0,0.0,0.0,3.0,0.0,0.0,0.0,0.0,21.0,26.0,0.0,6.0,0.0,0.0,0.0,0.0,0.0,146393.65586140065,93813.09090909091,10.0,45.0,0.0,132000.0,1,13.914601538853685
88194e6897fffff,51.51432533794918,0.075612861687802,7.0,0.0,0.0,1.0,0.0,0.0,0.0,0.0,47.0,6.0,0.0,7.0,0.0,0.0,0.0,0.0,0.0,155094.21643743746,34886.75,3.0,57.0,0.0,400000.0,1,13.969894951676842
88194e6899fffff,51.52562109739077,0.09149363005797384,0.0,0.0,0.0,0.0,0.0,0.0,0.0,0.0,2.0,12.0,0.0,10.0,0.0,0.0,0.0,0.0,0.0,2205.6553279560408,0.0,3.0,43.0,0.0,275000.0,1,15.364246773582266
88194e689bfffff,51.517865932416974,0.09571663530261347,1.0,0.0,0.0,0.0,0.0,0.0,0.0,0.0,9.0,8.0,0.0,1.0,0.0,0.0,0.0,0.0,0.0,10878.103291794681,0.0,10.0,24.0,0.0,400000.0,1,15.418854147289368
88194e689dfffff,51.52772885158808,0.07932747332246594,3.0,0.0,0.0,0.0,0.0,0.0,0.0,0.0,6.0,6.0,0.0,6.0,0.0,0.0,0.0,0.0,0.0,64403.01562245709,70896.82857142857,4.0,38.0,0.0,275000.0,1,14.633205117236686
88194e68a1fffff,51.53614910308692,0.030641046615480966,14.0,0.0,0.0,23.0,2.0,0.0,1.0,0.0,11.0,71.0,0.0,14.0,4.0,8.0,0.0,0.0,0.0,44278.763879557744,1847.9411764705883,0.0,21.0,0.0,0.0,0,11.906211992210745
88194e68a3fffff,51.528394616128736,0.034875327784456,23.0,3.0,0.0,13.0,0.0,0.0,0.0,0.0,10.0,63.0,0.0,12.0,6.0,2.0,0.0,0.0,0.0,14589.715576897928,222.0,0.0,21.0,0.0,0.0,0,11.78717450291568
88194e68a5fffff,51.53825147166847,0.018463992563422914,1.0,3.0,0.0,2.0,0.0,1.0,0.0,0.0,86.0,20.0,0.0,13.0,0.0,0.0,0.0,0.0,0.0,13431.689559000306,14190.26923076923,0.0,10.0,0.0,0.0,0,11.291717006916683
88194e68a7fffff,51.530497121660126,0.02270052999080496,24.0,59.0,0.0,9.0,3.0,0.0,0.0,0.0,17.0,42.0,0.0,22.0,1.0,4.0,1.0,0.0,1.0,43412.73287080986,18992.081632653062,0.0,36.0,3.0,0.0,0,11.125729950210978
88194e68a9fffff,51.54179987692066,0.03858259155928443,13.0,0.0,3.0,2.0,3.0,0.0,0.0,0.0,8.0,14.0,0.0,13.0,0.0,1.0,0.0,0.0,0.0,14350.288758343391,9028.8,0.0,69.0,0.0,0.0,0,12.693682388473169
88194e68abfffff,51.53404565619403,0.04281592223157212,19.0,2.0,0.0,14.0,0.0,0.0,0.0,0.0,3.0,50.0,0.0,9.0,0.0,2.0,1.0,0.0,0.0,554.9383533624083,13191.57142857143,0.0,29.0,0.0,0.0,0,12.551835423872024
88194e68adfffff,51.543903186975236,0.02640545936220858,13.0,3.0,0.0,9.0,2.0,0.0,12.0,1.0,11.0,45.0,0.0,17.0,1.0,4.0,1.0,0.0,0.0,23852.05864796621,0.0,0.0,55.0,0.0,0.0,0,12.092951191885762
88194e68b1fffff,51.51853600692787,0.05127866791996838,3.0,0.0,0.0,0.0,0.0,0.0,0.0,0.0,22.0,32.0,0.0,8.0,0.0,0.0,0.0,0.0,0.0,32614.927315165012,0.0,0.0,42.0,0.0,0.0,0,12.464750713946918
88194e68b3fffff,51.51078057915668,0.05550808405091597,0.0,0.0,0.0,2.0,3.0,0.0,0.0,1.0,37.0,13.0,0.0,8.0,0.0,2.0,2.0,0.0,0.0,69026.49003992286,22677.4,2.0,12.0,0.0,400000.0,1,12.520892805113906
88194e68b5fffff,51.52063972648491,0.03910830342692397,4.0,0.0,0.0,1.0,2.0,0.0,0.0,0.0,27.0,32.0,0.0,11.0,0.0,0.0,0.0,0.0,0.0,76699.83658384751,113306.91666666667,0.0,41.0,0.0,0.0,0,11.737905233649428
88194e68b7fffff,51.51288443453971,0.04333997410039106,1.0,0.0,0.0,1.0,0.0,0.0,0.0,0.0,17.0,32.0,0.0,8.0,0.0,0.0,0.0,0.0,0.0,42865.06080564318,354.0,3.0,32.0,0.0,400000.0,1,11.759287722905714
88194e68b9fffff,51.52418637207304,0.059218388621162625,7.0,1.0,0.0,13.0,2.0,0.0,0.0,0.0,37.0,78.0,0.0,17.0,4.0,2.0,0.0,0.0,0.0,1411.2098280271812,46754.1875,1.0,44.0,0.0,132000.0,1,13.185409303374028
88194e68bbfffff,51.51643121055134,0.06344685417779773,7.0,1.0,0.0,1.0,1.0,0.0,0.0,0.0,8.0,35.0,0.0,11.0,2.0,0.0,0.0,0.0,0.0,130957.33518183416,10398.5,2.0,53.0,0.0,400000.0,1,13.209718368972384
88194e68bdfffff,51.52629103273506,0.04704794749927719,3.0,0.0,0.0,0.0,0.0,0.0,1.0,0.0,18.0,9.0,0.0,4.0,0.0,0.0,0.0,0.0,0.0,0.0,8770.8,0.0,55.0,0.0,0.0,0,12.475121923256848
88194e68c1fffff,51.556637739613706,0.0745885766569729,23.0,5.0,1.0,35.0,7.0,0.0,1.0,3.0,21.0,95.0,0.0,20.0,11.0,12.0,0.0,0.0,0.0,69261.65573322169,29710.35593220339,0.0,59.0,0.0,0.0,0,15.682537585095748
88194e68c3fffff,51.54888418247641,0.07881679598498738,4.0,3.0,0.0,9.0,1.0,0.0,0.0,0.0,13.0,20.0,0.0,9.0,2.0,0.0,0.0,0.0,0.0,0.0,13845.791666666666,0.0,10.0,0.0,0.0,0,15.523560815311788
88194e68c5fffff,51.55874495161681,0.06241339525023306,8.0,1.0,0.0,0.0,1.0,0.0,0.0,0.0,4.0,7.0,0.0,5.0,1.0,1.0,0.0,0.0,0.0,51844.82404705409,40288.541666666664,4.0,24.0,0.0,275000.0,1,15.086872502901718
88194e68c7fffff,51.55099153053394,0.06664387176676323,0.0,0.0,0.0,0.0,0.0,0.0,0.0,0.0,2.0,4.0,0.0,2.0,0.0,1.0,0.0,0.0,0.0,1691.4090392451944,93917.71929824562,3.0,13.0,0.0,275000.0,1,14.891348594866077
88194e68c9fffff,51.56228274063634,0.08253430889289119,9.0,3.0,0.0,8.0,0.0,0.0,0.0,1.0,7.0,35.0,0.0,15.0,6.0,4.0,0.0,0.0,0.0,19361.272693975156,36491.958333333336,0.0,39.0,0.0,0.0,0,16.478019570728936
88194e68cbfffff,51.55452945047483,0.08676157562562314,1.0,1.0,0.0,2.0,0.0,0.0,0.0,0.0,3.0,3.0,0.0,8.0,0.0,1.0,0.0,0.0,0.0,0.0,2321.5,0.0,1.0,0.0,0.0,0,16.30350750101878
88194e68cdfffff,51.564390893832446,0.07035905241439434,7.0,3.0,0.0,21.0,2.0,1.0,2.0,0.0,64.0,56.0,0.0,10.0,3.0,3.0,0.0,0.0,0.0,32604.152449875208,914.5,0.0,25.0,0.0,0.0,0,15.892235557807275
88194e68d1fffff,51.53902166279162,0.0952121969476832,10.0,0.0,0.0,11.0,3.0,0.0,0.0,0.0,16.0,27.0,0.0,9.0,3.0,1.0,0.0,0.0,0.0,31598.52892037115,873.5,0.0,21.0,0.0,0.0,0,16.104131907927982
88194e68d3fffff,51.53126716603729,0.09943555265179255,3.0,0.0,0.0,4.0,0.0,0.0,0.0,1.0,13.0,21.0,0.0,6.0,0.0,1.0,0.0,0.0,0.0,7017.28902622077,1519.5,0.0,14.0,0.0,33000.0,0,16.08113345181097
88194e68d5fffff,51.5411302228043,0.08304371095621586,17.0,2.0,0.0,8.0,1.0,0.0,0.0,2.0,9.0,25.0,0.0,14.0,15.0,6.0,0.0,0.0,0.0,46893.92269272303,7665.805555555556,0.0,53.0,0.0,0.0,0,15.416879435934826
88194e68d7fffff,51.53337586098115,0.08726932212814387,11.0,2.0,0.0,3.0,2.0,0.0,0.0,0.0,7.0,20.0,0.0,10.0,2.0,4.0,0.0,0.0,0.0,22453.714086590124,56541.82,0.0,50.0,0.0,0.0,0,15.363587894689099
88194e68d9fffff,51.544666256895425,0.10315609767457035,0.0,0.0,0.0,0.0,0.0,0.0,0.0,1.0,7.0,0.0,0.0,0.0,0.0,0.0,2.0,0.0,0.0,3105.785845598456,441.0,0.0,1.0,0.0,0.0,0,16.853483083780777
88194e68dbfffff,51.53691202713541,0.10737850070943285,8.0,1.0,0.0,4.0,1.0,0.0,0.0,0.0,8.0,8.0,0.0,14.0,0.0,0.0,0.0,0.0,0.0,1763.516233266454,768.5,0.0,36.0,1.0,0.0,0,16.808909725142133
88194e68ddfffff,51.54677575773204,0.09098753812471065,13.0,0.0,0.0,4.0,1.0,0.0,2.0,0.0,8.0,8.0,0.0,16.0,0.0,1.0,0.0,0.0,0.0,19485.301149961033,20202.916666666668,0.0,40.0,0.0,0.0,0,16.178492425898618
88194e68e1fffff,51.55520299421039,0.04229147914512882,9.0,0.0,0.0,2.0,0.0,0.0,0.0,0.0,7.0,1.0,0.0,10.0,1.0,1.0,0.0,0.0,0.0,7650.897775441325,12054.145833333334,0.0,14.0,0.0,0.0,0,13.707607769724891
88194e68e3fffff,51.547449443036584,0.046525164716787894,24.0,2.0,2.0,10.0,1.0,0.0,0.0,1.0,6.0,6.0,0.0,12.0,3.0,2.0,0.0,0.0,0.0,22302.199069845665,16021.847222222223,0.0,55.0,0.0,0.0,0,13.486898758582509
88194e68e5fffff,51.55730710864032,0.030112011769309114,1.0,0.0,0.0,0.0,0.0,0.0,0.0,0.0,0.0,4.0,0.0,0.0,0.0,0.0,0.0,0.0,0.0,11116.303408282149,12401.125,0.0,8.0,0.0,0.0,0,13.163367270735955
88194e68e7fffff,51.54955369453078,0.03434795492457611,8.0,0.0,2.0,3.0,1.0,0.0,0.0,0.0,16.0,19.0,0.0,8.0,4.0,1.0,1.0,0.0,0.0,10021.709830723586,6322.6,0.0,62.0,0.0,0.0,0,12.898508156051356
88194e68e9fffff,51.56085108588951,0.050236031918289785,0.0,0.0,0.0,0.0,0.0,0.0,0.0,0.0,0.0,0.0,0.0,0.0,0.0,1.0,0.0,0.0,0.0,2100.236555691799,0.0,2.0,0.0,0.0,275000.0,1,14.519640777231983
88194e68ebfffff,51.55309780131011,0.05446876598236939,26.0,1.0,0.0,4.0,1.0,0.0,0.0,0.0,6.0,3.0,0.0,7.0,0.0,0.0,0.0,0.0,0.0,8255.539372686222,17878.5,0.0,39.0,0.0,0.0,0,14.284886632095796
88194e68edfffff,51.56295614183716,0.03805648717496432,7.0,1.0,0.0,4.0,1.0,0.0,0.0,0.0,21.0,9.0,0.0,8.0,0.0,0.0,0.0,0.0,0.0,22260.882302578375,15321.916666666666,0.0,7.0,0.0,0.0,0,13.984317114346357
88194e6901fffff,51.60656900186183,-0.05207386565779031,2.0,1.0,0.0,0.0,0.0,2.0,0.0,0.0,25.0,25.0,0.0,4.0,3.0,1.0,0.0,0.0,0.0,96465.25624426917,34350.791666666664,2.0,28.0,0.0,275000.0,1,14.322916740307145
88194e6903fffff,51.598818311530756,-0.047820071227973625,4.0,0.0,0.0,3.0,2.0,0.0,0.0,0.0,27.0,38.0,0.0,3.0,1.0,0.0,0.0,0.0,0.0,13568.587645322003,0.0,2.0,19.0,0.0,275000.0,1,13.617435169926267
88194e6905fffff,51.60866592910467,-0.06427771422142146,44.0,2.0,0.0,6.0,3.0,0.0,0.0,1.0,10.0,26.0,0.0,10.0,3.0,5.0,2.0,0.0,1.0,19285.981920189573,14603.083333333334,0.0,46.0,0.0,0.0,0,14.291575333585925
88194e6907fffff,51.600915380227256,-0.060021656667752075,20.0,2.0,1.0,4.0,1.0,1.0,0.0,0.0,34.0,15.0,0.0,14.0,4.0,6.0,2.0,0.0,0.0,3279.1158645130213,685.25,0.0,46.0,0.0,0.0,0,13.55123545712512
88194e6909fffff,51.61222141450862,-0.044125040562102084,14.0,3.0,0.0,1.0,1.0,0.0,0.0,1.0,11.0,16.0,0.0,6.0,0.0,1.0,0.0,0.0,0.0,80521.86274216586,62185.604166666664,1.0,34.0,0.0,275000.0,1,15.101353491027037
88194e690bfffff,51.60447099033191,-0.03987219630012246,0.0,0.0,0.0,0.0,0.0,0.0,0.0,0.0,13.0,13.0,0.0,5.0,0.0,0.0,0.0,0.0,0.0,17181.684850776666,57.0,8.0,2.0,0.0,275000.0,1,14.407668321158742
88194e690dfffff,51.61431928469673,-0.05632897337039758,6.0,0.0,0.0,0.0,0.0,0.0,0.0,0.0,6.0,4.0,0.0,7.0,0.0,0.0,0.0,0.0,0.0,917.8844258522516,46507.38888888889,0.0,18.0,0.0,0.0,0,15.050502778476481
88194e6911fffff,51.58896892088976,-0.031370445019637906,17.0,1.0,1.0,2.0,1.0,1.0,0.0,0.0,7.0,17.0,1.0,19.0,2.0,2.0,0.0,0.0,0.0,9554.597396227866,916.5263157894736,0.0,20.0,0.0,0.0,0,13.100447357766775
88194e6913fffff,51.58121727639281,-0.02712153687983318,45.0,3.0,0.0,22.0,1.0,0.0,0.0,0.0,43.0,63.0,0.0,20.0,10.0,5.0,1.0,0.0,0.0,29739.962112590678,0.0,0.0,56.0,0.0,66000.0,0,12.495311924377342
88194e6915fffff,51.591067214087815,-0.04356758951992312,16.0,2.0,0.0,12.0,0.0,5.0,0.0,0.0,18.0,20.0,0.0,10.0,0.0,1.0,1.0,0.0,2.0,14069.156491386562,0.0,0.0,16.0,0.0,66000.0,0,12.937680667022201
88194e6917fffff,51.583315709917315,-0.039316419972898,31.0,0.0,1.0,4.0,0.0,1.0,0.0,0.0,14.0,20.0,0.0,10.0,2.0,0.0,0.0,0.0,0.0,19724.033024589236,11910.86,0.0,30.0,0.0,0.0,0,12.287929938814816
88194e6919fffff,51.59462092322227,-0.023423437424785375,24.0,1.0,0.0,2.0,1.0,0.0,1.0,0.0,90.0,21.0,0.0,5.0,1.0,1.0,0.0,0.0,0.0,4048.775783119888,14247.166666666666,0.0,15.0,0.0,0.0,0,13.915651871638714
88194e691bfffff,51.58686954489982,-0.019175479537797368,72.0,1.0,0.0,19.0,1.0,0.0,0.0,2.0,47.0,45.0,0.0,22.0,11.0,5.0,0.0,0.0,0.0,22376.579292197745,16509.4,0.0,51.0,0.0,0.0,0,13.319061155011985
88194e691dfffff,51.59672015899755,-0.03562066463956585,18.0,0.0,1.0,0.0,0.0,0.0,0.0,0.0,28.0,12.0,0.0,25.0,0.0,1.0,0.0,0.0,0.0,10460.200131583171,0.0,0.0,23.0,0.0,0.0,0,13.739400836638556
88194e6921fffff,51.605106263731564,-0.08443136200753304,8.0,0.0,0.0,1.0,1.0,0.0,0.0,0.0,10.0,9.0,0.0,16.0,2.0,1.0,0.0,0.0,0.0,2877.1876737942753,33944.769230769234,11.0,47.0,0.0,0.0,1,13.5887664469839
88194e6923fffff,51.597355590985124,-0.08017209190935193,14.0,1.0,0.0,2.0,1.0,0.0,0.0,0.0,29.0,11.0,0.0,17.0,3.0,1.0,1.0,0.0,0.0,11628.904227592071,18825.428571428572,0.0,53.0,0.0,0.0,0,12.802278430814143
88194e6925fffff,51.60720007735026,-0.09663948085814494,3.0,0.0,0.0,1.0,0.0,0.0,0.0,0.0,18.0,20.0,0.0,4.0,0.0,0.0,0.0,0.0,0.0,41667.87849100868,0.0,0.0,31.0,0.0,0.0,0,13.692060527605255
88194e6927fffff,51.59944954707034,-0.09237794725644884,17.0,0.0,0.0,1.0,1.0,0.0,0.0,0.0,28.0,9.0,1.0,16.0,1.0,1.0,0.0,0.0,0.0,3132.5778751624216,25073.958333333332,0.0,45.0,0.0,0.0,0,12.87689038253523
88194e6929fffff,51.61076177146567,-0.07648374146725752,4.0,0.0,0.0,5.0,4.0,0.0,1.0,1.0,6.0,6.0,0.0,14.0,1.0,1.0,0.0,0.0,0.0,43506.18594647665,85918.0,0.0,27.0,0.0,0.0,0,14.314008890774447
88194e692bfffff,51.60301136449238,-0.0722254204356708,29.0,0.0,0.0,14.0,3.0,0.0,1.0,1.0,60.0,26.0,0.0,12.0,0.0,0.0,0.0,0.0,0.0,6445.052583243338,14603.083333333334,0.0,27.0,0.0,0.0,0,13.541634327953274
88194e692dfffff,51.61285652835013,-0.08869194687055681,0.0,0.0,0.0,4.0,0.0,0.0,0.0,0.0,12.0,7.0,0.0,14.0,1.0,0.0,0.0,0.0,0.0,0.0,35610.8,0.0,26.0,0.0,0.0,0,14.389979785396413
88194e6931fffff,51.58750932756297,-0.06371272006291968,19.0,2.0,0.0,16.0,2.0,0.0,0.0,0.0,60.0,32.0,0.0,24.0,1.0,1.0,0.0,0.0,1.0,35310.04584334478,23105.22340425532,0.0,76.0,0.0,0.0,0,12.0552017601339
88194e6933fffff,51.57975769837581,-0.05945833959964023,3.0,0.0,0.0,0.0,0.0,0.0,0.0,0.0,50.0,16.0,0.0,3.0,0.0,0.0,0.0,0.0,1.0,678.7148067773846,0.0,0.0,0.0,0.0,0.0,0,11.348798314774317
88194e6935fffff,51.58960451049534,-0.07591413601458355,21.0,0.0,0.0,12.0,2.0,0.0,0.0,1.0,4.0,15.0,0.0,10.0,4.0,1.0,0.0,0.0,0.0,7505.534145183257,31451.5,0.0,45.0,0.0,0.0,0,12.033409909566142
88194e6937fffff,51.58185302264679,-0.07165749376207893,23.0,0.0,0.0,23.0,1.0,0.0,0.0,1.0,32.0,102.0,0.0,28.0,3.0,3.0,0.0,0.0,0.0,21344.764273224024,35548.163265306124,0.0,40.0,5.0,0.0,0,11.285769526586545
88194e6939fffff,51.593164423899395,-0.055766912516929674,6.0,2.0,1.0,4.0,0.0,0.0,1.0,0.0,48.0,17.0,0.0,7.0,0.0,2.0,0.0,0.0,0.0,4529.16091699497,0.0,2.0,18.0,0.0,275000.0,1,12.832901854617155
88194e693bfffff,51.58541306050551,-0.05151348120798127,6.0,4.0,0.0,1.0,0.0,0.0,0.0,0.0,24.0,23.0,0.0,3.0,1.0,0.0,0.0,0.0,0.0,7969.048500143116,19433.291666666668,3.0,9.0,0.0,275000.0,1,12.140487856523718
88194e693dfffff,51.59526054972999,-0.06796841348795939,32.0,0.0,0.0,21.0,6.0,0.0,3.0,1.0,23.0,49.0,0.0,27.0,7.0,8.0,0.0,0.0,0.0,12589.393473361313,18011.84375,0.0,40.0,0.0,0.0,0,12.787552052850026
88194e6941fffff,51.62562236832013,-0.04042838817413769,0.0,0.0,0.0,0.0,0.0,0.0,0.0,0.0,2.0,1.0,0.0,5.0,0.0,0.0,0.0,0.0,0.0,15145.895485739073,0.0,1.0,12.0,0.0,275000.0,1,16.590310438678852
88194e6943fffff,51.6178726180427,-0.03617518148489349,0.0,0.0,0.0,0.0,0.0,0.0,0.0,0.0,0.0,0.0,0.0,0.0,0.0,0.0,0.0,0.0,0.0,22374.521915249377,0.0,6.0,26.0,0.0,275000.0,1,15.88553705360339
88194e6945fffff,51.627721039852396,-0.05263466913493047,7.0,1.0,0.0,5.0,1.0,0.0,0.0,0.0,2.0,8.0,0.0,23.0,0.0,1.0,0.0,0.0,0.0,9350.629411864113,0.0,0.0,16.0,0.0,0.0,0,16.55206297189661
88194e6947fffff,51.61997143114351,-0.048379197986580524,1.0,0.0,0.0,0.0,0.0,0.0,0.0,0.0,2.0,2.0,0.0,8.0,0.0,0.0,0.0,0.0,0.0,0.0,22436.12,0.0,10.0,0.0,0.0,0,15.817107526253778
88194e6949fffff,51.63127209610184,-0.032476544037437924,2.0,0.0,0.0,0.0,0.0,0.0,0.0,1.0,2.0,7.0,0.0,2.0,0.0,0.0,0.0,0.0,0.0,60615.70693820158,0.0,6.0,0.0,0.0,275000.0,1,17.36921612600428
88194e694bfffff,51.62352261233931,-0.0282242885305673,1.0,0.0,0.0,0.0,0.0,0.0,0.0,0.0,3.0,0.0,0.0,4.0,1.0,0.0,0.0,0.0,0.0,1475.8331125067352,0.0,3.0,0.0,0.0,275000.0,1,16.674641817068263
88194e694dfffff,51.63337171062605,-0.04468290846679201,0.0,0.0,0.0,0.0,0.0,0.0,0.0,0.0,4.0,2.0,0.0,5.0,0.0,0.0,3.0,0.0,0.0,60007.596837391284,0.0,0.0,2.0,0.0,0.0,0,17.31433377280327
88194e6951fffff,51.60802242229936,-0.019723715719326494,14.0,1.0,3.0,1.0,1.0,0.0,0.0,0.0,10.0,2.0,0.0,11.0,2.0,2.0,0.0,0.0,0.0,114215.77321416352,17221.16,0.0,15.0,0.0,0.0,0,15.35351818748528
88194e6953fffff,51.60027171678998,-0.015475397292855027,14.0,0.0,0.0,0.0,0.0,0.0,0.0,0.0,16.0,18.0,0.0,12.0,0.0,0.0,0.0,0.0,0.0,69597.75435062684,0.0,2.0,16.0,0.0,275000.0,1,14.733080652589841
88194e6955fffff,51.610122460177855,-0.03192328783763106,6.0,3.0,0.0,1.0,0.0,0.0,0.0,0.0,2.0,6.0,0.0,4.0,0.0,0.0,0.0,0.0,0.0,108945.14021612698,90424.25,4.0,13.0,0.0,275000.0,1,15.202696231703163
88194e6957fffff,51.60237189510968,-0.027672706671208334,11.0,1.0,0.0,2.0,0.0,0.0,0.0,1.0,26.0,42.0,0.0,11.0,1.0,0.0,0.0,0.0,0.0,24132.57235718463,105816.84,4.0,11.0,0.0,275000.0,1,14.544882726207232
88194e6959fffff,51.61367174044193,-0.01177369188857807,10.0,0.0,0.0,0.0,0.0,0.0,0.0,0.0,24.0,6.0,0.0,8.0,0.0,0.0,0.0,0.0,0.0,8147.733766971445,346.0,0.0,5.0,0.0,0.0,0,16.164818655321113
88194e695bfffff,51.60592130146813,-0.0075263247285523175,12.0,0.0,1.0,1.0,0.0,0.0,0.0,0.0,12.0,3.0,0.0,3.0,0.0,0.0,0.0,0.0,0.0,43916.10838219278,9973.272727272728,0.0,3.0,0.0,0.0,0,15.552367076524469
88194e695dfffff,51.615772720943816,-0.023973345944929225,6.0,0.0,0.0,1.0,0.0,0.0,0.0,0.0,4.0,3.0,0.0,13.0,0.0,1.0,0.0,0.0,0.0,16231.534301713773,14066.795180722891,0.0,17.0,0.0,0.0,0,16.001788791879836
88194e6961fffff,51.624165802970715,-0.072793771782627,2.0,0.0,0.0,0.0,0.0,0.0,0.0,0.0,4.0,0.0,0.0,8.0,0.0,1.0,0.0,0.0,0.0,892.0445011985145,2934.5,0.0,9.0,0.0,0.0,0,15.82581353854392
88194e6963fffff,51.61641607014727,-0.06853508573919599,19.0,2.0,0.0,6.0,1.0,1.0,2.0,0.0,68.0,20.0,0.0,19.0,3.0,1.0,0.0,0.0,0.0,30434.967033050005,0.0,0.0,52.0,0.0,0.0,0,15.050669153396644
88194e6965fffff,51.62626136050714,-0.08500432802829817,0.0,0.0,0.0,0.0,0.0,0.0,0.0,0.0,1.0,3.0,0.0,7.0,0.0,0.0,0.0,0.0,0.0,0.0,0.0,0.0,8.0,0.0,0.0,0,15.902894490628587
88194e6967fffff,51.61851177026539,-0.0807433771442062,10.0,0.0,0.0,4.0,3.0,0.0,0.0,0.0,28.0,11.0,0.0,11.0,0.0,1.0,0.0,0.0,0.0,7292.6046390816155,81362.0,0.0,18.0,0.0,0.0,0,15.10186414821592
88194e6969fffff,51.629818626340956,-0.06484313088952864,0.0,0.0,0.0,2.0,1.0,0.0,0.0,0.0,7.0,8.0,0.0,11.0,0.0,1.0,0.0,0.0,0.0,2213.906090882022,12947.545454545454,0.0,5.0,0.0,0.0,0,16.5602307806345
88194e696bfffff,51.62206915965118,-0.06058539492711192,19.0,0.0,1.0,15.0,3.0,0.0,1.0,1.0,13.0,23.0,0.0,23.0,1.0,4.0,0.0,0.0,1.0,40185.714633068055,5829.714285714285,0.0,46.0,0.0,0.0,0,15.797134327804988
88194e696dfffff,51.631915127190695,-0.07705377291354303,0.0,1.0,1.0,2.0,0.0,1.0,0.0,0.0,25.0,10.0,0.0,9.0,0.0,0.0,0.0,0.0,0.0,2447.4171989267406,0.0,0.0,25.0,0.0,0.0,0,16.614757423081965
88194e6981fffff,51.55230563364743,-0.02232485219042951,8.0,0.0,0.0,2.0,0.0,0.0,0.0,0.0,64.0,31.0,0.0,8.0,0.0,0.0,1.0,0.0,0.0,52856.685939923154,59404.066666666666,0.0,41.0,0.0,400000.0,0,10.101530741633765
88194e6983fffff,51.54455210160512,-0.018080235047576373,58.0,3.0,1.0,29.0,0.0,0.0,5.0,1.0,180.0,124.0,0.0,11.0,1.0,1.0,0.0,0.0,2.0,17626.988556483404,10796.727272727272,0.0,57.0,1.0,400000.0,0,9.693085828925032
88194e6985fffff,51.55440354395861,-0.034512873181671795,20.0,1.0,0.0,4.0,2.0,0.0,0.0,1.0,21.0,15.0,0.0,6.0,1.0,1.0,0.0,0.0,0.0,7991.876260700441,1062.7777777777778,0.0,6.0,0.0,400000.0,0,9.738262557087623
88194e6987fffff,51.54665015100156,-0.030265997677656822,32.0,0.0,0.0,13.0,2.0,0.0,0.0,1.0,39.0,51.0,0.0,21.0,5.0,1.0,0.0,0.0,0.0,52795.7573277779,50380.374193548385,0.0,68.0,0.0,0.0,0,9.26539903701002
88194e6989fffff,51.55795990840997,-0.014382675740437986,20.0,5.0,1.0,2.0,3.0,1.0,1.0,1.0,51.0,11.0,0.0,10.0,0.0,1.0,0.0,0.0,2.0,88020.14774695593,19220.09677419355,0.0,71.0,0.0,0.0,0,10.937584840518102
88194e698bfffff,51.55020664219948,-0.010139007921846051,65.0,20.0,0.0,14.0,2.0,0.0,3.0,0.0,118.0,118.0,0.0,8.0,0.0,2.0,0.0,0.0,0.0,185827.54397149308,0.0,0.0,112.0,0.0,400000.0,0,10.52546805153793
88194e698dfffff,51.56005876088426,-0.026570778694944414,0.0,0.0,0.0,0.0,0.0,0.0,0.0,0.0,17.0,3.0,0.0,0.0,1.0,0.0,0.0,0.0,0.0,7500.337879283485,13735.0,0.0,4.0,0.0,400000.0,0,10.572952058941757
88194e6991fffff,51.534698896760524,-0.001655597771648503,34.0,14.0,1.0,11.0,5.0,0.0,0.0,0.0,31.0,40.0,0.0,12.0,2.0,2.0,3.0,0.0,0.0,52985.051082382044,27770.571428571428,0.0,63.0,2.0,400000.0,0,9.903481427174642
88194e6993fffff,51.52694441830096,0.0025841456772260677,6.0,0.0,0.0,4.0,0.0,0.0,1.0,0.0,10.0,22.0,0.0,8.0,3.0,3.0,2.0,0.0,0.0,86340.30619160834,17890.791666666668,0.0,6.0,1.0,400000.0,0,9.706595987802007
88194e6995fffff,51.53679816514184,-0.013836926707371777,37.0,0.0,0.0,8.0,0.0,1.0,0.0,1.0,94.0,67.0,0.0,5.0,6.0,0.0,0.0,1.0,0.0,50226.077822897656,0.0,0.0,26.0,0.0,400000.0,0,9.355877260352582
88194e6997fffff,51.52904382464211,-0.009594926611105172,31.0,7.0,0.0,4.0,2.0,0.0,1.0,2.0,41.0,65.0,0.0,8.0,2.0,1.0,0.0,0.0,1.0,49208.0614628045,34197.2,0.0,50.0,0.0,400000.0,0,9.097838079434755
88194e6999fffff,51.54035276134466,0.006284760591008266,51.0,9.0,0.0,31.0,6.0,0.0,1.0,2.0,129.0,114.0,0.0,18.0,16.0,15.0,5.0,0.0,0.0,109896.6444488008,23189.471074380166,0.0,111.0,0.0,0.0,0,10.713726722268348
88194e699bfffff,51.53259854873536,0.01052355463342391,16.0,7.0,1.0,2.0,1.0,0.0,0.0,0.0,29.0,31.0,0.0,10.0,4.0,1.0,0.0,0.0,0.0,54640.97848492179,5910.333333333333,0.0,51.0,0.0,0.0,0,10.495819191567264
88194e699dfffff,51.54245297152152,-0.00589664878517781,74.0,20.0,1.0,131.0,4.0,0.0,2.0,9.0,107.0,271.0,0.0,33.0,4.0,7.0,1.0,0.0,1.0,208546.3267953792,20053.041666666668,0.0,107.0,5.0,400000.0,0,10.17848155225507
88194e69a1fffff,51.550843005357585,-0.05464404996189912,94.0,4.0,0.0,24.0,3.0,0.0,6.0,2.0,85.0,84.0,0.0,29.0,23.0,4.0,0.0,0.0,0.0,27667.854048033518,12866.410447761195,0.0,83.0,0.0,0.0,0,8.616523329838024
88194e69a3fffff,51.54308948648494,-0.050393967513622066,105.0,5.0,1.0,14.0,2.0,0.0,3.0,4.0,90.0,74.0,0.0,24.0,22.0,6.0,0.0,0.0,0.0,32509.629172001885,17062.2,0.0,144.0,0.0,0.0,0,8.069544973687199
88194e69a5fffff,51.55293780912958,-0.06683633857413034,102.0,0.0,0.0,8.0,0.0,0.0,0.0,3.0,38.0,26.0,0.0,16.0,7.0,1.0,0.0,0.0,1.0,6565.385302242466,0.0,0.0,60.0,0.0,0.0,0,8.411327077611535
88194e69a7fffff,51.545184430353345,-0.06258399738225041,160.0,2.0,0.0,12.0,2.0,2.0,2.0,0.0,57.0,43.0,0.0,16.0,9.0,2.0,0.0,0.0,0.0,8081.676118826269,567.6363636363636,0.0,58.0,0.0,0.0,0,7.792441224208391
88194e69a9fffff,51.556500372539034,-0.046703070375542666,64.0,2.0,0.0,2.0,0.0,0.0,0.0,0.0,34.0,32.0,0.0,15.0,6.0,0.0,0.0,0.0,0.0,1509.8144553173236,10204.142857142857,0.0,70.0,0.0,400000.0,0,9.442689281863139
88194e69abfffff,51.54874711911699,-0.042453936155923265,100.0,2.0,1.0,17.0,5.0,3.0,0.0,1.0,72.0,75.0,0.0,22.0,21.0,8.0,0.0,0.0,1.0,23765.33302818446,24073.458333333332,0.0,79.0,0.0,0.0,0,8.903763606962793
88194e69adfffff,51.5585961187948,-0.0588954432510323,54.0,1.0,1.0,1.0,0.0,0.0,1.0,2.0,24.0,24.0,0.0,26.0,4.0,1.0,0.0,0.0,0.0,7270.214492030967,24894.98181818182,0.0,77.0,0.0,0.0,0,9.221344434201725
88194e69b1fffff,51.53323939736605,-0.0339595976420373,45.0,2.0,0.0,19.0,1.0,0.0,1.0,2.0,24.0,38.0,0.0,8.0,8.0,2.0,0.0,0.0,1.0,13542.163985789606,8100.0,0.0,49.0,0.0,400000.0,0,8.030414148891355
88194e69b3fffff,51.52548492980656,-0.029714392229681724,27.0,1.0,1.0,4.0,3.0,1.0,1.0,0.0,70.0,77.0,0.0,16.0,8.0,3.0,0.0,0.0,1.0,31776.973348979536,29570.969696969696,0.0,70.0,2.0,0.0,0,7.719182702028581
88194e69b5fffff,51.535335562561606,-0.046145195346790326,39.0,1.0,0.0,14.0,1.0,0.0,2.0,0.0,146.0,76.0,0.0,8.0,11.0,3.0,0.0,0.0,0.0,12430.634766867373,14084.416666666666,0.0,58.0,0.0,400000.0,0,7.5929305380731815
88194e69b7fffff,51.52758123397238,-0.041897732902268225,48.0,0.0,0.0,8.0,3.0,0.0,0.0,1.0,79.0,94.0,0.0,14.0,6.0,3.0,0.0,0.0,0.0,25786.507180387704,11399.741935483871,0.0,46.0,0.0,132000.0,0,7.200676625996488
88194e69b9fffff,51.5388963532855,-0.02602043165575335,46.0,3.0,1.0,12.0,1.0,2.0,1.0,0.0,55.0,69.0,0.0,19.0,1.0,0.0,0.0,0.0,4.0,16616.628379229347,67036.75675675676,0.0,57.0,0.0,400000.0,0,8.861326420316866
88194e69bbfffff,51.53114215119502,-0.021776174557005923,15.0,5.0,2.0,13.0,1.0,0.0,1.0,1.0,25.0,27.0,0.0,18.0,4.0,3.0,0.0,0.0,1.0,30526.282340055863,88573.24074074074,0.0,52.0,0.0,400000.0,0,8.535828767944437
88194e69bdfffff,51.54099346059777,-0.03820611209781735,31.0,1.0,0.0,3.0,0.0,0.0,1.0,0.0,138.0,61.0,0.0,8.0,1.0,0.0,0.0,0.0,0.0,761.505498099278,8246.257142857143,0.0,27.0,0.0,0.0,0,8.42919597160677
88194e69c1fffff,51.57136557048643,-0.01068349560133375,47.0,2.0,0.0,11.0,0.0,2.0,0.0,0.0,65.0,44.0,0.0,18.0,5.0,1.0,0.0,0.0,0.0,43002.65021993147,14446.9,0.0,34.0,1.0,66000.0,0,12.242666004711843
88194e69c3fffff,51.56361297516395,-0.006439468432176728,39.0,0.0,0.0,14.0,1.0,0.0,0.0,0.0,6.0,31.0,0.0,8.0,2.0,1.0,0.0,0.0,0.0,7203.560614518603,15386.620689655172,0.0,29.0,0.0,0.0,0,11.773556860344158
88194e69c5fffff,51.57346522589099,-0.022873939659938322,21.0,5.0,0.0,11.0,3.0,0.0,0.0,1.0,30.0,71.0,0.0,10.0,5.0,3.0,1.0,0.0,1.0,11282.406814316073,0.0,0.0,21.0,0.0,66000.0,0,11.929148720574846
88194e69c7fffff,51.565712769768595,-0.018627652800016145,12.0,0.0,0.0,1.0,0.0,0.0,0.0,0.0,27.0,15.0,0.0,9.0,1.0,4.0,0.0,0.0,0.0,19395.465627604386,12214.208333333334,0.0,26.0,0.0,0.0,0,11.407768605322467
88194e69c9fffff,51.57701716291274,-0.0027383072035364175,11.0,1.0,0.0,3.0,0.0,0.0,0.0,0.0,9.0,11.0,0.0,10.0,0.0,0.0,0.0,0.0,0.0,37440.209222756166,848.0,0.0,34.0,0.0,0.0,0,13.077609858486458
88194e69cbfffff,51.569264833784324,0.0015047696296726688,7.0,1.0,0.0,4.0,1.0,0.0,0.0,0.0,9.0,5.0,0.0,16.0,6.0,1.0,0.0,0.0,0.0,9237.106341497167,8537.611111111111,0.0,28.0,0.0,0.0,0,12.609443511824377
88194e69cdfffff,51.57911776052646,-0.014928832449976892,41.0,1.0,0.0,7.0,1.0,0.0,0.0,0.0,32.0,33.0,0.0,9.0,5.0,1.0,0.0,0.0,0.0,13926.438079783788,14452.125,0.0,38.0,0.0,0.0,0,12.759695891109024
88194e69d1fffff,51.553758961078394,0.009986996858446265,26.0,3.0,0.0,24.0,7.0,0.0,0.0,0.0,33.0,81.0,0.0,12.0,3.0,1.0,4.0,0.0,0.0,23652.550564980862,12839.333333333334,0.0,45.0,0.0,0.0,0,11.829139688796584
88194e69d3fffff,51.54600541826932,0.014226148372069572,19.0,28.0,1.0,1.0,2.0,0.0,0.0,0.0,25.0,19.0,0.0,8.0,2.0,1.0,0.0,0.0,0.0,51998.27863387285,16360.645161290322,0.0,55.0,0.0,0.0,0,11.527582178341762
88194e69d5fffff,51.555859974943296,-0.0021967503831003235,30.0,1.0,0.0,17.0,3.0,0.0,1.0,1.0,33.0,69.0,0.0,14.0,0.0,0.0,0.0,0.0,0.0,99848.27747133723,20825.80769230769,0.0,77.0,1.0,0.0,0,11.358314390053895
88194e69d7fffff,51.54810657020875,0.0020446591050168315,33.0,11.0,6.0,22.0,3.0,0.0,1.0,0.0,37.0,121.0,0.0,16.0,3.0,3.0,0.0,0.0,0.0,89580.60084228555,10531.333333333334,0.0,88.0,0.0,0.0,0,11.003045959698134
88194e69d9fffff,51.55941014400548,0.01793036437017445,13.0,1.0,0.0,6.0,1.0,0.0,0.0,0.0,18.0,13.0,0.0,6.0,1.0,0.0,0.0,0.0,0.0,25283.672641160156,0.0,0.0,14.0,0.0,0.0,0,12.65644374501939
88194e69dbfffff,51.551656867409484,0.022168565466561208,25.0,6.0,5.0,14.0,3.0,0.0,1.0,0.0,14.0,46.0,0.0,14.0,0.0,4.0,1.0,0.0,0.0,27524.70204446694,10201.735294117647,0.0,55.0,0.0,0.0,0,12.34431373601805
88194e69ddfffff,51.56151209971148,0.0057465374639452844,19.0,4.0,1.0,5.0,1.0,0.0,1.0,1.0,35.0,41.0,0.0,14.0,3.0,2.0,0.0,0.0,0.0,50561.86339655395,0.0,0.0,52.0,0.0,0.0,0,12.191509443549919
88194e69e1fffff,51.56990911405736,-0.043010554873283445,2.0,0.0,0.0,2.0,0.0,0.0,0.0,0.0,12.0,4.0,0.0,1.0,0.0,7.0,0.0,0.0,0.0,8090.08872019643,0.0,2.0,8.0,0.0,400000.0,1,10.85312335717498
88194e69e3fffff,51.56215653177205,-0.03876105872703307,4.0,0.0,0.0,0.0,0.0,0.0,0.0,0.0,49.0,44.0,0.0,4.0,0.0,0.0,0.0,0.0,0.0,34761.69009038502,0.0,5.0,20.0,0.0,400000.0,1,10.270412130433602
88194e69e5fffff,51.57200566255306,-0.05520527153749419,9.0,0.0,0.0,1.0,0.0,0.0,0.0,0.0,45.0,28.0,0.0,0.0,0.0,0.0,0.0,0.0,0.0,4140.86568677656,0.0,1.0,1.0,0.0,400000.0,1,10.673502020446808
88194e69e7fffff,51.564253220479266,-0.0509535153161415,38.0,0.0,1.0,1.0,0.0,1.0,0.0,1.0,42.0,48.0,0.0,10.0,1.0,0.0,0.0,0.0,0.0,35829.54272758688,0.0,0.0,24.0,0.0,400000.0,0,10.03560225066631
88194e69e9fffff,51.57556379940363,-0.035066562026454313,15.0,0.0,0.0,7.0,0.0,1.0,0.0,0.0,14.0,20.0,0.0,9.0,1.0,0.0,0.0,0.0,0.0,7450.772452902792,0.0,0.0,12.0,0.0,0.0,0,11.67320096183459
88194e69ebfffff,51.56781148293114,-0.030818015120429584,30.0,0.0,0.0,11.0,0.0,0.0,0.0,0.0,24.0,52.0,0.0,7.0,2.0,0.0,0.0,0.0,0.0,12298.957028854276,23704.75,0.0,42.0,0.0,66000.0,0,11.09932128541613
88194e69edfffff,51.57766129043001,-0.04726136218022916,2.0,0.0,0.0,0.0,0.0,0.0,0.0,0.0,2.0,11.0,0.0,0.0,0.0,0.0,0.0,0.0,0.0,5341.260869716065,0.0,2.0,0.0,0.0,275000.0,1,11.478691798322561
88194e6a11fffff,51.61374305859082,0.10960305798136916,0.0,0.0,0.0,0.0,0.0,1.0,0.0,0.0,2.0,1.0,0.0,8.0,0.0,0.0,0.0,0.0,0.0,0.0,0.0,0.0,0.0,0.0,0.0,0,21.420186429517795
88194e6a13fffff,51.60599231641488,0.11382946926689892,0.0,0.0,0.0,0.0,0.0,0.0,0.0,0.0,1.0,0.0,0.0,12.0,0.0,0.0,0.0,0.0,0.0,21376.843777021462,6549.0,0.0,1.0,0.0,0.0,0,21.0792033117439
88194e6a15fffff,51.615855509062634,0.09742065297357504,0.0,0.0,0.0,0.0,0.0,0.0,0.0,0.0,0.0,0.0,0.0,4.0,0.0,0.0,0.0,0.0,0.0,0.0,0.0,0.0,1.0,0.0,0.0,0,20.961853703705522
88194e6a17fffff,51.60810490328248,0.10164932542110816,9.0,0.0,0.0,4.0,1.0,0.0,0.0,0.0,4.0,23.0,0.0,18.0,0.0,2.0,0.0,0.0,0.0,9619.813625123694,474.3333333333333,0.0,3.0,0.0,0.0,0,20.59143463783961
88194e6a19fffff,51.619380004627736,0.11755781858079246,0.0,0.0,0.0,0.0,0.0,0.0,0.0,0.0,1.0,0.0,0.0,2.0,0.0,0.0,0.0,0.0,0.0,0.0,0.0,0.0,0.0,0.0,0.0,0,22.249300595184963
88194e6a1bfffff,51.611629530512865,0.1217832742319047,2.0,1.0,0.0,1.0,0.0,0.0,0.0,0.0,4.0,19.0,0.0,5.0,1.0,0.0,0.0,0.0,0.0,2483.448932320208,29275.0,0.0,3.0,0.0,0.0,0,21.903929912982957
88194e6a33fffff,51.60457610654915,0.08151436310825298,0.0,0.0,0.0,0.0,2.0,0.0,0.0,0.0,1.0,9.0,0.0,3.0,0.0,0.0,0.0,0.0,0.0,4173.638965913789,0.0,0.0,0.0,0.0,0.0,0,19.29819387586457
88194e6a37fffff,51.60668559577791,0.06932991871174189,0.0,0.0,0.0,0.0,0.0,0.0,0.0,0.0,2.0,0.0,0.0,0.0,0.0,0.0,0.0,0.0,0.0,819.534385550064,0.0,0.0,1.0,0.0,0.0,0,18.862502179563208
88194e6a3bfffff,51.61021641239737,0.08946699369158752,0.0,0.0,0.0,0.0,0.0,0.0,0.0,0.0,0.0,0.0,0.0,0.0,0.0,0.0,0.0,0.0,0.0,5259.151862225231,0.0,0.0,0.0,0.0,0.0,0,20.12994097550016
88194e6a81fffff,51.57709844100105,0.11855096107194751,0.0,0.0,0.0,0.0,0.0,0.0,0.0,0.0,2.0,0.0,0.0,9.0,0.0,0.0,0.0,0.0,0.0,38689.04882372081,0.0,0.0,4.0,0.0,0.0,0,19.468553584094394
88194e6a83fffff,51.56934581755641,0.1227731092421872,7.0,0.0,0.0,1.0,0.0,0.0,0.0,0.0,1.0,8.0,0.0,10.0,0.0,2.0,0.0,0.0,0.0,13256.35820425042,0.0,0.0,8.0,0.0,0.0,0,19.285387880188797
88194e6a85fffff,51.57921049412286,0.10637766860998547,2.0,0.0,0.0,0.0,0.0,0.0,0.0,0.0,0.0,0.0,0.0,7.0,0.0,0.0,0.0,0.0,0.0,59233.06718307888,0.0,0.0,22.0,0.0,0.0,0,18.884653692132932
88194e6a87fffff,51.57145800583694,0.11060207489141503,0.0,0.0,0.0,0.0,0.0,0.0,0.0,0.0,7.0,1.0,0.0,6.0,0.0,0.0,0.0,0.0,0.0,0.0,0.0,0.0,3.0,0.0,0.0,0,18.67167718650837
88194e6a89fffff,51.582737667647855,0.12650087361996235,1.0,0.0,0.0,0.0,1.0,4.0,0.0,0.0,0.0,0.0,0.0,4.0,0.0,0.0,0.0,0.0,0.0,1650.4382044052813,0.0,0.0,6.0,0.0,0.0,0,20.268418788319874
88194e6a8bfffff,51.57498531192278,0.1307220670977429,10.0,0.0,0.0,0.0,2.0,0.0,0.0,0.0,0.0,1.0,0.0,5.0,0.0,0.0,0.0,0.0,0.0,21357.940104335103,14475.944444444445,0.0,2.0,0.0,0.0,0,20.073653168853905
88194e6a8dfffff,51.584850661679184,0.1143275091628967,0.0,0.0,0.0,1.0,0.0,0.0,0.0,0.0,1.0,1.0,0.0,6.0,1.0,0.0,1.0,0.0,0.0,31827.014618479567,19086.545454545456,0.0,13.0,0.0,0.0,0,19.69218194852983
88194e6a91fffff,51.55947939356739,0.13916054544067094,6.0,0.0,0.0,4.0,0.0,0.0,0.0,0.0,7.0,22.0,0.0,4.0,1.0,0.0,0.0,0.0,0.0,7554.531811042472,15485.68,0.0,10.0,0.0,0.0,0,19.80439642254252
88194e6a93fffff,51.55172583170349,0.14337783142057217,5.0,0.0,0.0,0.0,0.0,0.0,0.0,0.0,5.0,3.0,0.0,10.0,0.0,2.0,0.0,0.0,0.0,0.0,0.0,0.0,21.0,0.0,132000.0,0,19.73155446524736
88194e6a95fffff,51.561592791728536,0.1269939542313764,7.0,0.0,0.0,0.0,0.0,0.0,0.0,0.0,6.0,3.0,0.0,17.0,0.0,1.0,0.0,0.0,0.0,1903.8766620698711,14860.777777777777,0.0,23.0,0.0,0.0,0,19.143850341150948
88194e6a97fffff,51.5538393639007,0.13121349659697418,3.0,0.0,0.0,0.0,0.0,0.0,0.0,0.0,4.0,1.0,0.0,16.0,0.0,0.0,0.0,0.0,0.0,0.0,18309.583333333332,0.0,32.0,0.0,0.0,0,19.044873165162038
88194e6a99fffff,51.56511821506763,0.14710861921264753,11.0,0.0,0.0,1.0,1.0,0.0,0.0,0.0,6.0,4.0,0.0,7.0,0.0,0.0,0.0,0.0,0.0,40991.847203644975,0.0,0.0,18.0,0.0,132000.0,0,20.569695861877133
88194e6a9bfffff,51.557364920942405,0.1513249504297829,15.0,2.0,0.0,2.0,0.0,0.0,0.0,0.0,10.0,7.0,0.0,11.0,0.0,1.0,1.0,0.0,0.0,49280.763872144365,24425.745454545453,0.0,50.0,0.0,132000.0,0,20.481043638903348
88194e6a9dfffff,51.567232553768235,0.13494195751880347,2.0,1.0,0.0,1.0,0.0,0.0,0.0,0.0,3.0,2.0,0.0,4.0,0.0,2.0,0.0,0.0,0.0,11469.62283248509,0.0,0.0,8.0,0.0,0.0,0,19.918666432803874
88194e6aa1fffff,51.57567915349434,0.08625345000670938,5.0,5.0,0.0,4.0,2.0,0.0,0.0,0.0,3.0,10.0,0.0,15.0,1.0,1.0,0.0,0.0,0.0,100045.19721471482,53719.083333333336,1.0,13.0,1.0,0.0,1,17.511171025034848
88194e6aa3fffff,51.56792653347791,0.09048106836811899,1.0,0.0,0.0,0.0,0.0,0.0,0.0,0.0,1.0,0.0,0.0,0.0,0.0,0.0,0.0,0.0,0.0,0.0,0.0,0.0,2.0,0.0,0.0,0,17.277187270786474
88194e6aa5fffff,51.57778811168095,0.0740758604948652,2.0,0.0,0.0,0.0,2.0,1.0,0.0,0.0,33.0,3.0,0.0,12.0,5.0,2.0,0.0,0.0,0.0,23679.184238807902,0.0,2.0,17.0,0.0,0.0,1,16.968976142395757
88194e6aa7fffff,51.570035627832915,0.07830573736867043,0.0,0.0,0.0,0.0,0.0,0.0,0.0,0.0,9.0,4.0,0.0,5.0,0.0,0.0,0.0,0.0,0.0,3165.197100742079,0.0,0.0,4.0,0.0,0.0,0,16.7004724128559
88194e6aa9fffff,51.581321470692934,0.09420219022196263,0.0,0.0,0.0,0.0,0.0,0.0,0.0,0.0,1.0,1.0,0.0,0.0,0.0,0.0,0.0,0.0,0.0,45600.47323184651,158.0,0.0,0.0,0.0,0.0,0,18.323991158052603
88194e6aabfffff,51.57356911801463,0.09842885497607064,2.0,0.0,0.0,0.0,1.0,0.0,0.0,0.0,44.0,2.0,0.0,3.0,1.0,6.0,0.0,0.0,0.0,0.0,0.0,0.0,4.0,0.0,0.0,0,18.079538256284305
88194e6aadfffff,51.58343137011601,0.08202452641896711,2.0,2.0,0.0,1.0,0.0,0.0,2.0,0.0,47.0,11.0,0.0,9.0,2.0,0.0,0.0,0.0,0.0,85924.51599608942,0.0,0.0,26.0,0.0,0.0,0,17.78877456058459
88194e6ab1fffff,51.55806320386903,0.10687827140835315,1.0,0.0,0.0,0.0,0.0,0.0,0.0,0.0,2.0,1.0,0.0,4.0,0.0,0.0,0.0,0.0,0.0,7065.992235048123,0.0,0.0,11.0,0.0,0.0,0,17.721459683637285
88194e6ab3fffff,51.550309643168646,0.11110102420210143,13.0,0.0,0.0,1.0,0.0,0.0,0.0,0.0,3.0,18.0,0.0,10.0,1.0,1.0,0.0,0.0,0.0,10614.345165287632,11418.1,0.0,25.0,0.0,0.0,0,17.610503148535127
88194e6ab5fffff,51.560173510450255,0.09470738206136155,2.0,1.0,0.0,4.0,2.0,0.0,0.0,0.0,5.0,23.0,0.0,13.0,0.0,0.0,0.0,0.0,0.0,7085.867095153258,16135.851851851852,0.0,18.0,0.0,0.0,0,17.088619706071857
88194e6ab7fffff,51.5524200847949,0.09893239164431006,0.0,0.0,0.0,0.0,0.0,0.0,0.0,0.0,6.0,0.0,0.0,7.0,0.0,0.0,0.0,0.0,0.0,0.0,0.0,0.0,10.0,0.0,0.0,0,16.94698899343085
88194e6ab9fffff,51.563705114830704,0.11482517730998443,11.0,1.0,0.0,1.0,2.0,0.0,1.0,0.0,13.0,21.0,0.0,13.0,0.0,2.0,0.0,0.0,0.0,4888.381421301807,0.0,0.0,26.0,0.0,0.0,0,18.501140904140986
88194e6abbfffff,51.55595182148753,0.1190469764233912,4.0,1.0,0.0,0.0,0.0,0.0,0.0,0.0,14.0,4.0,0.0,6.0,0.0,1.0,0.0,0.0,0.0,0.0,0.0,0.0,4.0,0.0,0.0,0,18.374230793798738
88194e6abdfffff,51.565816362278845,0.1026542151855581,7.0,2.0,0.0,3.0,0.0,0.0,0.0,0.0,6.0,13.0,0.0,9.0,1.0,1.0,0.0,0.0,0.0,0.0,1424.8,0.0,12.0,0.0,0.0,0,17.878203089024375
88194e6ac3fffff,51.58837568565423,0.13445181242811108,4.0,0.0,0.0,0.0,0.0,0.0,0.0,0.0,1.0,3.0,0.0,8.0,0.0,1.0,0.0,0.0,0.0,356.206609901279,0.0,0.0,9.0,0.0,0.0,0,21.07092069404185
88194e6ac5fffff,51.598241170277014,0.11805457526277648,0.0,0.0,0.0,0.0,0.0,0.0,0.0,0.0,0.0,2.0,0.0,0.0,0.0,0.0,0.0,0.0,0.0,0.0,0.0,0.0,0.0,0.0,0.0,0,20.772568110550637
88194e6ac9fffff,51.60176391180473,0.13818319126332868,0.0,0.0,0.0,0.0,0.0,0.0,0.0,0.0,0.0,0.0,0.0,2.0,0.0,0.0,0.0,0.0,0.0,12427.296352618217,27617.75,0.0,3.0,0.0,0.0,0,22.126486338455493
88194e6acbfffff,51.594012494897164,0.14240377738882945,0.0,0.0,0.0,0.0,0.0,0.0,0.0,0.0,1.0,2.0,0.0,7.0,0.0,0.0,0.0,0.0,0.0,15957.211570615627,15410.24,0.0,8.0,0.0,0.0,0,21.875757819095295
88194e6acdfffff,51.60387865239036,0.12600742471773288,0.0,0.0,0.0,0.0,0.0,0.0,0.0,0.0,5.0,4.0,0.0,0.0,0.0,0.0,0.0,0.0,0.0,15352.555977870747,0.0,0.0,3.0,0.0,0.0,0,21.591457067899263
88194e6ad1fffff,51.57850845275098,0.1508410401020303,0.0,0.0,0.0,0.0,0.0,0.0,0.0,0.0,0.0,1.0,0.0,0.0,0.0,0.0,0.0,0.0,0.0,0.0,0.0,0.0,3.0,0.0,0.0,0,21.48158935512521
88194e6ad3fffff,51.57075582827829,0.1550577178052538,0.0,0.0,0.0,0.0,0.0,0.0,1.0,0.0,2.0,3.0,0.0,4.0,0.0,0.0,0.0,0.0,0.0,0.0,0.0,0.0,0.0,0.0,132000.0,0,21.340138469558074
88194e6ad5fffff,51.580623597806635,0.1386720507692351,6.0,0.0,0.0,0.0,0.0,0.0,0.0,0.0,0.0,2.0,0.0,8.0,0.0,0.0,1.0,0.0,0.0,18196.357124171656,40003.23376623377,0.0,18.0,0.0,0.0,0,20.865469506389456
88194e6ad7fffff,51.5728711074834,0.1428909861782263,4.0,1.0,0.0,0.0,0.0,0.0,0.0,0.0,0.0,0.0,0.0,9.0,0.0,1.0,1.0,0.0,0.0,0.0,22420.354166666668,0.0,11.0,0.0,132000.0,0,20.69808354493439
88194e6ad9fffff,51.58414458944807,0.15879211918239897,0.0,0.0,0.0,0.0,0.0,0.0,0.0,0.0,3.0,3.0,0.0,5.0,0.0,0.0,0.0,0.0,0.0,11745.305008743962,49057.916666666664,0.0,0.0,0.0,0.0,0,22.26874119107924
88194e6adbfffff,51.57639223307643,0.1630078411106286,0.0,0.0,0.0,0.0,0.0,0.0,0.0,0.0,3.0,1.0,0.0,5.0,1.0,0.0,0.0,0.0,0.0,11961.340973293309,18435.28,0.0,3.0,0.0,0.0,0,22.11517554193527
88194e6addfffff,51.58626067508494,0.1466230601490954,0.0,0.0,0.0,1.0,0.0,0.0,0.0,0.0,0.0,0.0,0.0,0.0,0.0,0.0,0.0,0.0,0.0,0.0,16324.875,0.0,3.0,0.0,0.0,0,21.660436043954643
88194e6ae1fffff,51.59471426100052,0.09792494222629643,0.0,1.0,0.0,2.0,0.0,0.0,0.0,0.0,1.0,8.0,0.0,4.0,0.0,0.0,0.0,1.0,0.0,22948.889668283464,0.0,0.0,1.0,0.0,0.0,0,19.432052453534794
88194e6ae3fffff,51.58696257930516,0.1021519579077035,0.0,0.0,0.0,0.0,0.0,0.0,0.0,0.0,1.0,0.0,0.0,0.0,0.0,0.0,0.0,0.0,0.0,7277.15738975855,0.0,0.0,2.0,0.0,0.0,0,19.13864958775083
88194e6ae5fffff,51.59682496534356,0.08574494484670792,6.0,0.0,0.0,2.0,0.0,0.0,0.0,1.0,15.0,7.0,0.0,14.0,2.0,0.0,0.0,0.0,0.0,47632.72534909118,0.0,1.0,32.0,1.0,0.0,1,18.93526073812267
88194e6ae7fffff,51.58907341993037,0.08997422036501339,2.0,1.0,0.0,1.0,1.0,0.0,0.0,0.0,4.0,5.0,0.0,6.0,2.0,0.0,0.0,0.0,0.0,20169.572359786922,0.0,1.0,29.0,1.0,0.0,1,18.609858561331077
88194e6ae9fffff,51.600353893203085,0.1058766918959448,0.0,0.0,0.0,0.0,0.0,0.0,0.0,0.0,1.0,9.0,0.0,2.0,0.0,0.0,0.0,0.0,0.0,37083.18106971747,0.0,0.0,9.0,0.0,0.0,0,20.255208868902592
88194e6aebfffff,51.592602479207606,0.1101027529570033,0.0,0.0,0.0,0.0,0.0,0.0,0.0,0.0,0.0,0.0,0.0,0.0,0.0,0.0,0.0,0.0,0.0,11479.57689122485,0.0,0.0,0.0,0.0,0.0,0,19.95490877582822
88194e6aedfffff,51.602465538825676,0.0936966210072095,3.0,1.0,0.0,5.0,1.0,0.0,0.0,0.0,2.0,10.0,0.0,6.0,0.0,0.0,0.0,0.0,0.0,6870.257734413954,0.0,1.0,1.0,1.0,0.0,1,19.763103325239026
88194e6b03fffff,51.638361670717444,0.007836753832711499,2.0,0.0,0.0,0.0,0.0,0.0,0.0,0.0,0.0,0.0,0.0,0.0,0.0,0.0,0.0,0.0,0.0,32703.809917279843,173.28571428571428,0.0,4.0,0.0,0.0,0,19.228377204317525
88194e6b05fffff,51.64821402183292,-0.008614806728052662,0.0,0.0,0.0,1.0,0.0,0.0,0.0,0.0,0.0,0.0,0.0,4.0,0.0,0.0,0.0,0.0,0.0,0.0,0.0,0.0,1.0,0.0,0.0,0,19.733247961350667
88194e6b07fffff,51.64046533855909,-0.004365407451606893,0.0,0.0,0.0,0.0,0.0,0.0,0.0,0.0,2.0,1.0,0.0,6.0,0.0,0.0,0.0,0.0,0.0,268.06964864299306,0.0,0.0,8.0,0.0,0.0,0,19.065224874947482
88194e6b11fffff,51.628507548796854,0.024280287751809747,1.0,0.0,0.0,0.0,0.0,0.0,0.0,0.0,0.0,0.0,0.0,2.0,0.0,0.0,0.0,0.0,0.0,0.0,9942.458333333334,0.0,1.0,0.0,0.0,0,18.84297286550724
88194e6b13fffff,51.6207577708314,0.028522534749908568,1.0,0.0,0.0,0.0,0.0,0.0,0.0,0.0,3.0,0.0,0.0,9.0,0.0,0.0,1.0,0.0,0.0,3171.7123872481257,16627.472222222223,0.0,8.0,0.0,0.0,0,18.282775628979287
88194e6b15fffff,51.630612439342634,0.012082575827419353,11.0,0.0,0.0,2.0,1.0,0.0,0.0,0.0,10.0,5.0,0.0,19.0,2.0,0.0,0.0,0.0,0.0,17817.407299008803,10193.709677419354,0.0,21.0,0.0,0.0,0,18.61108656476661
88194e6b17fffff,51.62286280092068,0.016327086508770006,0.0,0.0,0.0,0.0,0.0,0.0,0.0,0.0,0.0,0.0,0.0,2.0,0.0,0.0,0.0,0.0,0.0,3369.906854362946,0.0,0.0,0.0,0.0,0.0,0,18.018698285940644
88194e6b1dfffff,51.636256920053306,0.020036730123261754,3.0,0.0,0.0,1.0,0.0,0.0,1.0,0.0,1.0,2.0,0.0,0.0,0.0,0.0,0.0,0.0,0.0,44231.246593180505,6433.25,0.0,2.0,0.0,0.0,0,19.42972394876337
88194e6b21fffff,51.644669423392145,-0.0287762829200786,0.0,1.0,0.0,0.0,0.0,0.0,0.0,0.0,1.0,3.0,0.0,9.0,1.0,0.0,0.0,0.0,0.0,19526.264453728047,0.0,4.0,36.0,0.0,275000.0,1,18.857279604041974
88194e6b23fffff,51.6369206143641,-0.024523665681000607,0.0,0.0,0.0,0.0,0.0,0.0,0.0,0.0,0.0,0.0,0.0,0.0,0.0,0.0,0.0,0.0,0.0,0.0,0.0,2.0,0.0,0.0,275000.0,1,18.153076893563355
88194e6b25fffff,51.646769839192274,-0.040984996061060874,9.0,0.0,0.0,1.0,0.0,0.0,1.0,1.0,36.0,12.0,0.0,15.0,1.0,0.0,3.0,0.0,3.0,16512.989653378034,21935.56,0.0,16.0,0.0,0.0,0,18.81381613730641
88194e6b27fffff,51.639021171847475,-0.03673011302701343,5.0,0.0,0.0,0.0,0.0,2.0,0.0,1.0,2.0,11.0,0.0,4.0,0.0,0.0,0.0,0.0,0.0,0.0,6243.0,2.0,18.0,0.0,275000.0,1,18.083004565934
88194e6b29fffff,51.65031646513572,-0.02082141825069192,0.0,0.0,0.0,0.0,0.0,0.0,0.0,0.0,2.0,1.0,0.0,0.0,0.0,0.0,0.0,0.0,0.0,55120.009291637216,0.0,4.0,5.0,0.0,275000.0,1,19.636483361657607
88194e6b2bfffff,51.64256792298254,-0.016569753209567772,0.0,0.0,0.0,0.0,0.0,0.0,0.0,0.0,0.0,2.0,0.0,5.0,0.0,0.0,0.0,0.0,0.0,1472.3358583364457,15074.25,0.0,5.0,0.0,0.0,0,18.94126450680494
88194e6b2dfffff,51.652417823974105,-0.03303021408276269,5.0,0.0,0.0,2.0,0.0,0.0,0.0,1.0,4.0,8.0,0.0,7.0,0.0,0.0,0.0,0.0,0.0,29254.86254382027,0.0,0.0,5.0,0.0,0.0,0,19.578528573713058
88194e6b31fffff,51.627069614737344,-0.008070362287571338,5.0,0.0,0.0,1.0,0.0,1.0,0.0,0.0,38.0,8.0,0.0,14.0,0.0,1.0,0.0,0.0,0.0,8606.845727298127,6301.888888888889,0.0,10.0,0.0,0.0,0,17.609895667063007
88194e6b33fffff,51.61931984941287,-0.00382263528381376,6.0,0.0,0.0,0.0,0.0,0.0,0.0,0.0,6.0,3.0,0.0,9.0,0.0,1.0,0.0,0.0,0.0,28266.46510792825,11361.666666666666,0.0,13.0,0.0,0.0,0,16.97838752493216
88194e6b35fffff,51.62917139727383,-0.020272361803698565,0.0,0.0,0.0,0.0,0.0,0.0,0.0,0.0,2.0,8.0,0.0,5.0,0.0,0.0,0.0,0.0,0.0,5205.017521862779,0.0,0.0,3.0,0.0,0.0,0,17.467986692772826
88194e6b37fffff,51.62142177250514,-0.01602237072663547,7.0,0.0,0.0,0.0,0.0,0.0,0.0,0.0,4.0,0.0,0.0,7.0,0.0,1.0,0.0,0.0,0.0,7451.349489212828,8029.970588235294,0.0,6.0,0.0,0.0,0,16.804351432439322
88194e6b39fffff,51.63271624751616,-0.00011732073273276282,11.0,0.0,0.0,2.0,1.0,0.0,0.0,0.0,14.0,14.0,0.0,11.0,1.0,1.0,0.0,0.0,0.0,8786.413982814342,2177.7,0.0,7.0,0.0,0.0,0,18.418016849251206
88194e6b3bfffff,51.624966749087825,0.004129453989923847,3.0,0.0,0.0,0.0,0.0,1.0,0.0,0.0,17.0,2.0,0.0,13.0,0.0,2.0,2.0,0.0,0.0,873.4659457895457,14077.8,0.0,4.0,0.0,0.0,0,17.793899747625133
88194e6b3dfffff,51.63481897272184,-0.012319401409058467,2.0,1.0,0.0,0.0,1.0,0.0,0.0,0.0,2.0,0.0,0.0,19.0,0.0,0.0,0.0,0.0,0.0,26551.373673351172,17145.40594059406,0.0,18.0,0.0,0.0,0,18.265005630395326
88194e6b61fffff,51.663710163538774,-0.017117545200561975,2.0,0.0,0.0,0.0,0.0,0.0,0.0,0.0,13.0,10.0,0.0,1.0,0.0,0.0,0.0,0.0,0.0,3195.974058189626,0.0,10.0,23.0,0.0,275000.0,1,21.1237651967332
88194e6b65fffff,51.665812323584625,-0.029328690302616315,0.0,0.0,0.0,0.0,0.0,0.0,0.0,0.0,2.0,2.0,0.0,8.0,0.0,0.0,0.0,0.0,0.0,681.4167503619702,15608.971428571429,2.0,5.0,0.0,132000.0,1,21.076231234842176
88194e6b67fffff,51.658064598797644,-0.025074397094318832,3.0,2.0,0.0,0.0,0.0,0.0,0.0,0.0,1.0,0.0,0.0,4.0,0.0,1.0,0.0,0.0,0.0,83853.38619297823,0.0,4.0,10.0,0.0,275000.0,1,20.348715084795117
88194e6b69fffff,51.669354518073526,-0.009159658506519864,2.0,0.0,0.0,0.0,0.0,0.0,0.0,0.0,21.0,12.0,0.0,3.0,1.0,0.0,0.0,0.0,0.0,8712.542489384625,0.0,4.0,17.0,0.0,275000.0,1,21.90315131473748
88194e6b6dfffff,51.67145762120358,-0.021370885520785147,9.0,2.0,1.0,3.0,2.0,0.0,1.0,1.0,22.0,16.0,0.0,7.0,1.0,3.0,1.0,0.0,0.0,46570.3099789267,442.8,3.0,38.0,0.0,0.0,1,21.842784729230686
88194e6c01fffff,51.468525235446215,0.1775426486084862,2.0,0.0,0.0,0.0,0.0,0.0,0.0,0.0,5.0,6.0,0.0,9.0,0.0,0.0,0.0,0.0,0.0,10349.45270974583,32391.5,0.0,16.0,0.0,0.0,0,20.753108307673514
88194e6c03fffff,51.46076701352572,0.18174660286860647,1.0,0.0,0.0,4.0,1.0,0.0,0.0,0.0,4.0,6.0,0.0,9.0,1.0,1.0,0.0,0.0,0.0,17904.86039573549,0.0,0.0,11.0,0.0,0.0,0,21.13849743510418
88194e6c05fffff,51.470639150144585,0.16540090774404462,3.0,0.0,0.0,1.0,0.0,0.0,0.0,0.0,6.0,1.0,0.0,10.0,0.0,2.0,0.0,0.0,0.0,12582.841279016706,10434.266666666666,0.0,4.0,0.0,0.0,0,19.892261876221333
88194e6c07fffff,51.462881058670725,0.1696071105914043,2.0,0.0,0.0,0.0,0.0,0.0,0.0,0.0,21.0,7.0,0.0,4.0,1.0,0.0,0.0,0.0,0.0,5074.7375393433695,0.0,0.0,0.0,0.0,0.0,0,20.271844666131166
88194e6c09fffff,51.474168205922275,0.1854792067960688,2.0,0.0,0.0,0.0,0.0,0.0,0.0,0.0,3.0,2.0,0.0,6.0,1.0,0.0,0.0,0.0,0.0,5214.08893304384,380.1818181818182,0.0,37.0,0.0,0.0,0,21.256284067230503
88194e6c0bfffff,51.46641025106472,0.18968220810924272,4.0,0.0,0.0,0.0,0.0,0.0,0.0,0.0,4.0,1.0,0.0,18.0,1.0,0.0,0.0,0.0,0.0,1530.9321092471587,29963.041666666668,0.0,7.0,0.0,0.0,0,21.615085567505936
88194e6c0dfffff,51.47628305996843,0.17333739839194376,1.0,0.0,0.0,0.0,0.0,0.0,0.0,1.0,5.0,0.0,0.0,7.0,0.0,0.0,0.0,0.0,0.0,9132.690879933625,0.0,0.0,2.0,0.0,0.0,0,20.401179828032017
88194e6c11fffff,51.45089315054628,0.19808432545625412,0.0,0.0,0.0,0.0,0.0,0.0,0.0,0.0,0.0,0.0,0.0,0.0,0.0,0.0,0.0,0.0,0.0,0.0,0.0,2.0,0.0,0.0,0.0,1,22.426770513648002
88194e6c15fffff,51.45300839459059,0.18594926172604398,15.0,0.0,0.0,3.0,0.0,0.0,0.0,0.0,7.0,16.0,0.0,7.0,0.0,1.0,0.0,0.0,0.0,34967.462677569914,19382.24,4.0,16.0,0.0,0.0,1,21.555556077530824
88194e6c17fffff,51.44524937902454,0.19015062573425875,0.0,0.0,0.0,0.0,0.0,0.0,0.0,0.0,0.0,4.0,0.0,0.0,0.0,0.0,0.0,0.0,0.0,0.0,0.0,0.0,0.0,0.0,0.0,0,22.00248684692081
88194e6c19fffff,51.45653571612178,0.2060190439186966,1.0,0.0,0.0,0.0,0.0,0.0,0.0,0.0,0.0,0.0,0.0,0.0,0.0,0.0,0.0,0.0,0.0,0.0,0.0,0.0,0.0,0.0,0.0,0,22.873677143167054
88194e6c1dfffff,51.458651899144854,0.19388391414480496,0.0,0.0,0.0,0.0,0.0,0.0,0.0,0.0,4.0,1.0,0.0,6.0,0.0,0.0,0.0,0.0,0.0,4313.913185242978,0.0,0.0,16.0,0.0,0.0,0,22.00580260201107
88194e6c21fffff,51.46710593887886,0.14532158504403161,3.0,0.0,0.0,0.0,0.0,0.0,0.0,0.0,10.0,3.0,0.0,9.0,0.0,1.0,0.0,0.0,0.0,4404.537463519773,0.0,0.0,4.0,0.0,0.0,0,18.540905666947516
88194e6c23fffff,51.45934771161762,0.1495309887136788,8.0,0.0,1.0,3.0,0.0,0.0,2.0,1.0,26.0,11.0,0.0,24.0,3.0,2.0,0.0,0.0,0.0,62518.86585305856,10563.03738317757,0.0,31.0,0.0,0.0,0,18.94397396562573
88194e6c25fffff,51.4692167727549,0.13317555278129597,0.0,0.0,0.0,0.0,1.0,0.0,0.0,0.0,3.0,0.0,0.0,11.0,0.0,0.0,0.0,0.0,0.0,2188.1534567539366,9306.166666666666,0.0,2.0,0.0,0.0,0,17.676873961598194
88194e6c27fffff,51.4614586769465,0.13738720544469396,10.0,0.0,0.0,0.0,0.0,0.0,0.0,0.0,25.0,11.0,0.0,7.0,5.0,1.0,0.0,0.0,0.0,53649.667182701756,8041.2,0.0,8.0,0.0,0.0,0,18.07433628329441
88194e6c29fffff,51.4727519945661,0.15325698601872298,1.0,1.0,1.0,1.0,0.0,0.0,0.0,0.0,29.0,8.0,0.0,0.0,1.0,0.0,0.0,0.0,0.0,5078.137038871142,7470.9375,0.0,1.0,0.0,0.0,0,19.03271029990705
88194e6c2bfffff,51.464994033986294,0.1574654378154637,8.0,0.0,1.0,0.0,1.0,0.0,0.0,0.0,21.0,2.0,0.0,11.0,1.0,0.0,0.0,0.0,0.0,12878.154274495195,7429.0,0.0,6.0,0.0,0.0,0,19.405942086034408
88194e6c2dfffff,51.47486376811711,0.1411108839362739,0.0,0.0,0.0,0.0,0.0,0.0,0.0,0.0,6.0,0.0,0.0,10.0,0.0,0.0,0.0,0.0,0.0,4874.326076291533,0.0,0.0,1.0,0.0,0.0,0,18.174648377096425
88194e6c31fffff,51.449476920150225,0.16587845168382673,2.0,0.0,0.0,0.0,0.0,0.0,0.0,0.0,36.0,4.0,0.0,8.0,1.0,0.0,0.0,0.0,0.0,23198.847346613453,16746.458333333332,0.0,10.0,0.0,0.0,0,20.255083388028797
88194e6c33fffff,51.441717767661665,0.170083014863012,0.0,0.0,0.0,0.0,0.0,0.0,0.0,0.0,3.0,2.0,0.0,0.0,0.0,0.0,0.0,0.0,0.0,0.0,0.0,0.0,0.0,0.0,275000.0,0,20.726794094268218
88194e6c35fffff,51.451589086717284,0.1537390954993767,3.0,1.0,0.0,1.0,0.0,0.0,0.0,0.0,10.0,0.0,0.0,11.0,0.0,1.0,0.0,0.0,0.0,7974.437890799916,20974.791666666668,0.0,30.0,0.0,0.0,0,19.381560698929494
88194e6c37fffff,51.44383006456181,0.1579459059549898,0.0,0.0,0.0,0.0,0.0,0.0,0.0,0.0,16.0,7.0,0.0,4.0,0.0,0.0,0.0,0.0,0.0,11453.741993371159,41072.645833333336,0.0,9.0,0.0,275000.0,0,19.85138712423725
88194e6c39fffff,51.45512256984623,0.17381201735755172,0.0,1.0,0.0,15.0,1.0,0.0,0.0,0.0,38.0,41.0,0.0,15.0,1.0,0.0,0.0,0.0,0.0,34592.89306983366,19133.569444444445,0.0,24.0,0.0,0.0,0,20.68464975376339
88194e6c3bfffff,51.447363684054864,0.178015628596186,15.0,2.0,1.0,7.0,1.0,0.0,0.0,0.0,12.0,35.0,0.0,10.0,1.0,0.0,0.0,0.0,0.0,108763.90828853294,19649.125,3.0,26.0,0.0,275000.0,1,21.128733552814555
88194e6c3dfffff,51.45723567571972,0.1616725928525263,1.0,0.0,0.0,0.0,0.0,0.0,0.0,0.0,22.0,0.0,0.0,7.0,2.0,1.0,0.0,0.0,0.0,2748.9716146005376,8282.0,0.0,3.0,0.0,0.0,0,19.814102343892337
88194e6c41fffff,51.487567260117565,0.18921344141484756,0.0,0.0,0.0,0.0,0.0,0.0,0.0,0.0,2.0,1.0,0.0,0.0,0.0,0.0,0.0,0.0,0.0,0.0,0.0,0.0,0.0,0.0,0.0,0,21.48026903656985
88194e6c43fffff,51.479809969975186,0.19341678504627627,0.0,0.0,0.0,0.0,0.0,0.0,0.0,0.0,0.0,5.0,0.0,4.0,0.0,0.0,0.0,0.0,0.0,0.0,4549.0,0.0,6.0,0.0,0.0,0,21.779841959171392
88194e6c45fffff,51.48968292291632,0.17706931612144297,0.0,0.0,0.0,0.0,0.0,0.0,0.0,0.0,3.0,3.0,0.0,0.0,0.0,0.0,0.0,0.0,0.0,18483.031601329392,0.0,0.0,0.0,0.0,0.0,0,20.640923430348113
88194e6c47fffff,51.481925763334,0.18127490965148926,15.0,4.0,0.0,5.0,0.0,0.0,0.0,1.0,27.0,14.0,0.0,17.0,0.0,5.0,0.0,0.0,0.0,68037.3097289525,4712.2,0.0,64.0,0.0,0.0,0,20.93103584508329
88194e6c49fffff,51.49320755019561,0.19715299357396412,0.0,0.0,0.0,0.0,0.0,0.0,0.0,0.0,0.0,0.0,0.0,0.0,0.0,0.0,0.0,0.0,0.0,4623.110790843762,0.0,0.0,1.0,0.0,0.0,0,22.047420102546255
88194e6c4bfffff,51.48545052748136,0.20135538325103017,0.0,0.0,0.0,0.0,0.0,0.0,0.0,0.0,2.0,0.0,0.0,0.0,0.0,0.0,0.0,0.0,0.0,0.0,0.0,0.0,0.0,0.0,0.0,0,22.32233680689156
88194e6c4dfffff,51.495324152383155,0.1850088015231398,0.0,0.0,0.0,0.0,0.0,0.0,0.0,0.0,5.0,1.0,0.0,0.0,0.0,0.0,0.0,0.0,0.0,2853.76383263873,0.0,0.0,0.0,0.0,0.0,0,21.215630246775763
88194e6c55fffff,51.47205228233946,0.197618832971548,0.0,0.0,0.0,1.0,0.0,0.0,0.0,0.0,2.0,0.0,0.0,4.0,0.0,0.0,0.0,0.0,0.0,0.0,2289.1111111111113,0.0,4.0,0.0,0.0,0,22.11293268992209
88194e6c59fffff,51.47557517568146,0.21769398605396614,0.0,0.0,0.0,0.0,0.0,0.0,0.0,0.0,0.0,1.0,0.0,0.0,0.0,0.0,0.0,0.0,0.0,0.0,0.0,0.0,0.0,0.0,0.0,0,23.48316126034795
88194e6c61fffff,51.486154139505466,0.15698461158955976,0.0,0.0,0.0,0.0,0.0,1.0,0.0,0.0,2.0,2.0,0.0,11.0,1.0,0.0,0.0,0.0,0.0,4003.224834878419,10286.666666666666,0.0,4.0,0.0,0.0,0,19.2404419447667
88194e6c63fffff,51.47839684388406,0.16119340826151607,0.0,0.0,0.0,0.0,0.0,0.0,0.0,0.0,7.0,35.0,0.0,12.0,1.0,1.0,0.0,0.0,0.0,0.0,0.0,0.0,4.0,0.0,0.0,0,19.54783295256893
88194e6c65fffff,51.48826672113022,0.14483618992909514,0.0,0.0,0.0,1.0,0.0,2.0,0.0,0.0,7.0,4.0,0.0,11.0,1.0,3.0,0.0,0.0,0.0,12635.315448458816,6307.727272727273,0.0,20.0,0.0,0.0,0,18.399320926842236
88194e6c67fffff,51.480509557075344,0.14904723690810315,5.0,0.0,0.0,1.0,1.0,0.0,0.0,0.0,41.0,11.0,0.0,15.0,1.0,0.0,0.0,0.0,0.0,11274.94921863999,1931.2727272727273,0.0,3.0,0.0,0.0,0,18.696494843262354
88194e6c69fffff,51.491797515283544,0.1649230078732454,0.0,0.0,0.0,2.0,0.0,0.0,0.0,0.0,1.0,1.0,0.0,8.0,0.0,2.0,0.0,0.0,0.0,66356.60174062099,3120.714285714286,0.0,12.0,0.0,0.0,0,19.804656266335943
88194e6c6bfffff,51.48404048670874,0.1691308516649627,1.0,2.0,0.0,1.0,0.0,0.0,9.0,0.0,8.0,44.0,0.0,14.0,0.0,1.0,0.0,0.0,1.0,25869.166189172887,0.0,0.0,19.0,0.0,0.0,0,20.084467234867766
88194e6c6dfffff,51.493911036625114,0.15277451717362373,5.0,0.0,0.0,1.0,0.0,0.0,0.0,0.0,3.0,5.0,0.0,9.0,0.0,0.0,0.0,0.0,0.0,60204.448101949376,8018.666666666667,0.0,20.0,0.0,0.0,0,18.97188524773494
88194e6cedfffff,51.43960440168041,0.1822179448607167,0.0,0.0,0.0,0.0,0.0,0.0,0.0,0.0,0.0,0.0,0.0,0.0,0.0,0.0,0.0,0.0,0.0,0.0,0.0,0.0,1.0,0.0,0.0,0,21.60217061844817
88194e6d01fffff,51.483300141743825,0.09250468214404034,1.0,0.0,0.0,1.0,0.0,0.0,0.0,1.0,31.0,892.0,0.0,3.0,0.0,0.0,0.0,0.0,0.0,1071.4184575853005,931.5555555555555,0.0,9.0,0.0,0.0,0,14.76275917506221
88194e6d03fffff,51.47554284234919,0.09672438410177485,1.0,0.0,0.0,0.0,0.0,0.0,0.0,0.0,5.0,1.0,0.0,9.0,0.0,0.0,0.0,0.0,0.0,901.249145581141,1426.0,0.0,5.0,0.0,0.0,0,15.092665159183307
88194e6d05fffff,51.485406552038455,0.08034768586604095,6.0,2.0,1.0,4.0,1.0,0.0,0.0,0.0,30.0,1094.0,0.0,13.0,1.0,4.0,0.0,0.0,0.0,8326.690197984737,0.0,0.0,12.0,0.0,0.0,0,13.916820587911488
88194e6d07fffff,51.477649386224634,0.08456963893513747,10.0,1.0,0.0,4.0,0.0,0.0,0.0,0.0,31.0,12.0,0.0,16.0,0.0,0.0,0.0,0.0,0.0,0.0,1307.7777777777778,0.0,9.0,0.0,0.0,0,14.234733524752917
88194e6d09fffff,51.48894969072182,0.10044074936450814,0.0,0.0,0.0,1.0,0.0,0.0,0.0,0.0,5.0,28.0,0.0,14.0,1.0,0.0,0.0,0.0,0.0,15464.536655422035,0.0,0.0,12.0,0.0,0.0,0,15.318181057101324
88194e6d0bfffff,51.481192657610876,0.1046595005981552,2.0,0.0,0.0,0.0,0.0,0.0,0.0,0.0,19.0,14.0,0.0,10.0,0.0,0.0,0.0,0.0,0.0,0.0,13841.020833333334,0.0,2.0,0.0,0.0,0,15.611983765562274
88194e6d0dfffff,51.49105704138529,0.08828367947957953,5.0,1.0,0.0,4.0,1.0,0.0,0.0,1.0,3.0,179.0,0.0,17.0,0.0,2.0,0.0,0.0,0.0,31812.45867937619,23731.15702479339,0.0,32.0,0.0,0.0,0,14.482797106889404
88194e6d11fffff,51.465677393523784,0.11309310353584649,1.0,1.0,0.0,3.0,0.0,0.0,0.0,0.0,2.0,3.0,0.0,13.0,0.0,2.0,0.0,0.0,0.0,34923.777285048374,8311.387096774193,0.0,5.0,0.0,0.0,0,16.33689571640126
88194e6d13fffff,51.457919163315864,0.11730795634987516,3.0,1.0,0.0,1.0,0.0,0.0,0.0,0.0,15.0,7.0,0.0,7.0,0.0,0.0,0.0,0.0,0.0,39289.58583292821,18417.375,0.0,5.0,0.0,0.0,0,16.762076967812988
88194e6d15fffff,51.46778514358555,0.10094278590815879,5.0,2.0,0.0,0.0,0.0,0.0,0.0,0.0,1.0,1.0,0.0,10.0,0.0,0.0,0.0,0.0,0.0,7304.945173360677,16018.125,0.0,5.0,0.0,0.0,0,15.469324933789796
88194e6d17fffff,51.460027045837116,0.10515988811828164,13.0,0.0,0.0,5.0,0.0,0.0,0.0,0.0,2.0,5.0,0.0,11.0,0.0,0.0,0.0,0.0,0.0,22783.448456131162,0.0,0.0,23.0,0.0,0.0,0,15.889418728546362
88194e6d19fffff,51.47132653502093,0.12102734153243111,0.0,0.0,0.0,0.0,0.0,0.0,0.0,0.0,1.0,0.0,0.0,5.0,0.0,2.0,0.0,0.0,0.0,0.0,1781.0,0.0,0.0,0.0,0.0,0,16.814013833856862
88194e6d1bfffff,51.463568571113,0.12524124355021246,0.0,1.0,0.0,0.0,0.0,0.0,0.0,1.0,2.0,2.0,0.0,7.0,0.0,0.0,1.0,0.0,0.0,13970.0384930846,0.0,0.0,5.0,0.0,0.0,0,17.205275408415982
88194e6d1dfffff,51.4734352250835,0.10887695180355768,1.0,0.0,0.0,1.0,0.0,0.0,0.0,0.0,2.0,1.0,0.0,9.0,0.0,0.0,0.0,0.0,0.0,1544.1889398412777,7435.545454545455,0.0,4.0,0.0,0.0,0,15.952528010462665
88194e6d21fffff,51.481859251431416,0.06025361824437505,1.0,0.0,0.0,0.0,0.0,0.0,0.0,0.0,6.0,14.0,0.0,11.0,1.0,0.0,0.0,0.0,0.0,26875.472824874425,13497.658536585366,0.0,34.0,0.0,0.0,0,12.526314560786373
88194e6d23fffff,51.474101953744274,0.06447877242540317,0.0,0.0,0.0,0.0,0.0,0.0,0.0,0.0,6.0,2.0,0.0,13.0,0.0,2.0,0.0,0.0,0.0,2927.3281138162774,1818.0555555555557,0.0,6.0,0.0,0.0,0,12.873257120821858
88194e6d25fffff,51.48396257157619,0.04809234374119795,1.0,0.0,0.0,1.0,0.0,0.0,0.0,0.0,18.0,17.0,0.0,5.0,0.0,2.0,0.0,0.0,0.0,4543.2964132527195,5088.5,0.0,18.0,0.0,0.0,0,11.676950861282915
88194e6d27fffff,51.47620540847768,0.0523197494294797,1.0,0.0,0.0,1.0,0.0,0.0,1.0,0.0,7.0,2.0,0.0,9.0,2.0,0.0,0.0,0.0,0.0,81196.10917689948,0.0,0.0,26.0,0.0,0.0,0,12.010969725993576
88194e6d29fffff,51.48751188790129,0.06818851227371421,19.0,7.0,0.0,20.0,5.0,0.0,0.0,4.0,14.0,711.0,0.0,28.0,6.0,6.0,0.0,0.0,0.0,23966.453027390908,17457.473684210527,0.0,58.0,2.0,0.0,0,13.074821205613008
88194e6d2bfffff,51.47975485611647,0.07241271681267218,3.0,0.0,0.0,6.0,2.0,0.0,0.0,0.0,14.0,172.0,0.0,13.0,0.0,3.0,0.0,0.0,0.0,2051.4029518344223,0.0,0.0,18.0,0.0,0.0,0,13.379119657352447
88194e6d2dfffff,51.48961614873892,0.056027161877575754,4.0,2.0,0.0,5.0,1.0,0.0,0.0,0.0,9.0,283.0,0.0,15.0,2.0,1.0,0.0,0.0,0.0,55448.17164411718,3652.3636363636365,0.0,71.0,0.0,0.0,0,12.237590579780107
88194e6d31fffff,51.464239592803246,0.08085722192311227,0.0,0.0,0.0,0.0,0.0,0.0,0.0,0.0,1.0,2.0,0.0,8.0,0.0,0.0,0.0,0.0,0.0,9754.76352342439,19789.5,2.0,18.0,0.0,132000.0,1,14.145221441653032
88194e6d33fffff,51.4564813620436,0.08507752360541428,0.0,0.0,0.0,2.0,0.0,0.0,0.0,0.0,5.0,1.0,0.0,8.0,0.0,0.0,0.0,0.0,0.0,11672.222272559176,88811.70833333333,2.0,4.0,0.0,132000.0,1,14.598772138463918
88194e6d35fffff,51.46634425606192,0.06870262497645518,1.0,0.0,0.0,3.0,0.0,0.0,0.0,0.0,48.0,86.0,0.0,8.0,1.0,0.0,0.0,0.0,0.0,23576.62208415766,19033.666666666668,0.0,22.0,0.0,0.0,0,13.27385976755532
88194e6d37fffff,51.458586158768846,0.07292517645302819,2.0,0.0,0.0,0.0,0.0,0.0,0.0,0.0,27.0,6.0,0.0,8.0,0.0,0.0,0.0,0.0,0.0,4454.102925093474,0.0,0.0,9.0,0.0,0.0,0,13.72342965764566
88194e6d39fffff,51.46989182070504,0.08879029117469643,0.0,0.0,0.0,0.0,0.0,0.0,0.0,0.0,5.0,2.0,0.0,1.0,0.0,0.0,0.0,0.0,0.0,375.1661674247048,6146.5,0.0,7.0,0.0,0.0,0,14.602721015161784
88194e6d3bfffff,51.462133855863954,0.09300964314003413,1.0,0.0,0.0,0.0,0.0,0.0,0.0,0.0,4.0,1.0,0.0,11.0,0.0,0.0,0.0,0.0,0.0,16252.833720387594,6593.8,2.0,25.0,0.0,132000.0,1,15.01710741747085
88194e6d3dfffff,51.47199742428901,0.07663561984395058,0.0,0.0,0.0,2.0,0.0,0.0,3.0,0.0,19.0,12.0,0.0,0.0,0.0,0.0,0.0,0.0,0.0,0.0,0.0,0.0,1.0,0.0,0.0,0,13.737281584484537
88194e6d41fffff,51.50235439985465,0.10415873996253346,0.0,1.0,0.0,0.0,0.0,0.0,0.0,0.0,6.0,5.0,0.0,6.0,0.0,0.0,0.0,0.0,0.0,71723.94210571775,12970.666666666666,0.0,55.0,0.0,0.0,0,15.687124059963196
88194e6d43fffff,51.49459803303393,0.1083778404902123,5.0,1.0,0.0,2.0,1.0,0.0,0.0,1.0,18.0,13.0,0.0,18.0,0.0,1.0,1.0,0.0,0.0,9282.017713603786,23336.0,0.0,24.0,0.0,0.0,0,15.898112515670434
88194e6d45fffff,51.50446255715806,0.09199934459044101,1.0,1.0,0.0,0.0,0.0,0.0,0.0,0.0,17.0,6.0,0.0,4.0,0.0,0.0,0.0,0.0,0.0,26706.405136708443,0.0,0.0,28.0,0.0,0.0,0,14.881416869395707
88194e6d47fffff,51.49670632403221,0.0962206975471719,1.0,0.0,0.0,0.0,0.0,0.0,0.0,0.0,3.0,7.0,0.0,7.0,0.0,0.0,0.0,0.0,0.0,79582.87729424884,0.0,0.0,13.0,0.0,0.0,0,15.073848175131086
88194e6d49fffff,51.50800126872819,0.11209780661918083,1.0,1.0,0.0,3.0,0.0,0.0,1.0,0.0,30.0,7.0,1.0,10.0,2.0,2.0,0.0,0.0,0.0,53345.06003832494,7670.458333333333,0.0,21.0,0.0,33000.0,0,16.32010432297647
88194e6d4bfffff,51.50024516855574,0.11631595541463496,2.0,0.0,0.0,1.0,0.0,0.0,0.0,0.0,3.0,8.0,0.0,11.0,0.0,4.0,0.0,0.0,0.0,2617.626915746669,24299.708333333332,0.0,16.0,0.0,33000.0,0,16.499954429026925
88194e6d4dfffff,51.51011036644365,0.09993833841868527,0.0,0.0,0.0,1.0,0.0,0.0,1.0,0.0,18.0,0.0,0.0,0.0,0.0,0.0,0.0,0.0,0.0,63562.27774758509,0.0,0.0,0.0,0.0,0.0,0,15.526845769042449
88194e6d51fffff,51.48473176890975,0.12474835255035877,0.0,0.0,0.0,0.0,0.0,0.0,0.0,0.0,9.0,8.0,0.0,7.0,0.0,0.0,0.0,0.0,0.0,0.0,0.0,0.0,9.0,0.0,0.0,0,17.00109870060341
88194e6d53fffff,51.47697447020397,0.12896260200140797,1.0,0.0,0.0,0.0,0.0,0.0,0.0,0.0,5.0,1.0,0.0,9.0,1.0,0.0,0.0,0.0,0.0,1387.2676091708508,10008.9,0.0,0.0,0.0,0.0,0,17.318309155792498
88194e6d55fffff,51.48684126636542,0.11259564055748077,0.0,0.0,0.0,0.0,0.0,0.0,0.0,0.0,6.0,5.0,0.0,11.0,0.0,0.0,0.0,0.0,0.0,0.0,5601.545454545455,0.0,3.0,0.0,0.0,0,16.1578294729414
88194e6d57fffff,51.47908410023308,0.11681214071982277,1.0,0.0,0.0,0.0,1.0,0.0,0.0,0.0,27.0,22.0,0.0,8.0,0.0,0.0,0.0,0.0,0.0,5208.0266865841795,0.0,0.0,0.0,0.0,0.0,0,16.463973670960375
88194e6d59fffff,51.49037823098913,0.13268558718838333,2.0,0.0,0.0,1.0,0.0,0.0,0.0,0.0,18.0,20.0,0.0,11.0,0.0,0.0,0.0,0.0,0.0,1338.1903009281104,6812.166666666667,0.0,17.0,0.0,0.0,0,17.561532952897423
88194e6d5bfffff,51.482621198948486,0.1368988848359661,0.0,0.0,0.0,1.0,0.0,0.0,0.0,0.0,13.0,3.0,1.0,5.0,0.0,0.0,0.0,0.0,0.0,0.0,0.0,0.0,2.0,0.0,0.0,0,17.84746424221292
88194e6d5dfffff,51.492488668488306,0.12053280387318073,6.0,1.0,1.0,1.0,0.0,0.0,0.0,1.0,15.0,7.0,0.0,24.0,1.0,1.0,0.0,0.0,0.0,46250.855995173595,265.0,0.0,76.0,3.0,0.0,0,16.727590857442035
88194e6d61fffff,51.500919683011794,0.07189987501650502,0.0,0.0,0.0,0.0,0.0,0.0,0.0,0.0,11.0,20.0,0.0,6.0,0.0,0.0,0.0,0.0,0.0,14662.61871966919,10711.25,0.0,16.0,0.0,0.0,0,13.444851654174238
88194e6d63fffff,51.49316331776225,0.07612443141179413,7.0,3.0,1.0,9.0,4.0,0.0,2.0,0.0,33.0,70.0,0.0,14.0,0.0,4.0,0.0,2.0,0.0,22213.38878948808,21022.62222222222,0.0,63.0,0.0,0.0,0,13.652475186587386
88194e6d65fffff,51.50302474980568,0.0597361964490987,5.0,1.0,1.0,3.0,2.0,0.0,0.0,1.0,8.0,21.0,0.0,11.0,3.0,1.0,0.0,0.0,0.0,71599.11101543327,5740.0,0.0,44.0,0.0,0.0,0,12.642668215926701
88194e6d67fffff,51.49526851925913,0.06396300567123026,22.0,3.0,0.0,15.0,2.0,0.0,0.0,1.0,24.0,99.0,1.0,16.0,2.0,1.0,1.0,4.0,0.0,56215.847979942635,15096.677083333334,0.0,58.0,0.0,0.0,0,12.828213937813196
88194e6d69fffff,51.506569639872076,0.0798377698075459,6.0,0.0,0.0,3.0,0.0,0.0,0.0,0.0,37.0,48.0,0.0,2.0,0.0,1.0,0.0,0.0,0.0,23069.772953915206,0.0,0.0,14.0,0.0,0.0,0,14.084069666249995
88194e6d6bfffff,51.49881354088941,0.08406137555273097,0.0,4.0,0.0,1.0,2.0,0.0,2.0,0.0,12.0,9.0,0.0,14.0,0.0,0.0,0.0,0.0,0.0,23009.947543330436,5787.333333333333,0.0,43.0,0.0,0.0,0,14.255716385205586
88194e6d6dfffff,51.508675647402875,0.06767401612399315,14.0,0.0,0.0,8.0,0.0,3.0,0.0,1.0,84.0,39.0,0.0,23.0,1.0,1.0,0.0,0.0,0.0,52524.213783759595,9900.357142857143,0.0,40.0,2.0,0.0,0,13.29660159643108
88194e6d81fffff,51.428990672680676,0.12201531208795824,0.0,0.0,0.0,0.0,0.0,0.0,0.0,0.0,6.0,2.0,0.0,11.0,0.0,0.0,0.0,0.0,0.0,606.5253534203732,0.0,0.0,1.0,0.0,0.0,0,17.938576577453826
88194e6d83fffff,51.42123058577243,0.1262259246331226,2.0,0.0,0.0,2.0,1.0,0.0,0.0,0.0,13.0,18.0,0.0,0.0,0.0,1.0,0.0,0.0,0.0,79215.16291258947,0.0,0.0,2.0,0.0,0.0,0,18.52779326780671
88194e6d85fffff,51.43109801097143,0.10987405935567963,0.0,0.0,0.0,0.0,0.0,0.0,0.0,0.0,3.0,0.0,0.0,13.0,0.0,0.0,0.0,0.0,0.0,33305.28438118582,3159.090909090909,0.0,1.0,0.0,0.0,0,17.065611197276272
88194e6d87fffff,51.42333805528816,0.11408691826976998,0.0,0.0,0.0,0.0,0.0,1.0,0.0,0.0,11.0,5.0,0.0,6.0,0.0,0.0,0.0,0.0,0.0,33422.920861197796,15716.833333333334,0.0,3.0,0.0,0.0,0,17.658498625703235
88194e6d89fffff,51.43464208464468,0.12994472682670685,2.0,1.0,0.0,2.0,1.0,0.0,0.0,0.0,12.0,32.0,0.0,7.0,0.0,0.0,0.0,0.0,0.0,7869.916248136444,10357.52,3.0,0.0,0.0,132000.0,1,18.25267744080802
88194e6d8bfffff,51.426882263685876,0.1341543895105601,0.0,0.0,0.0,0.0,0.0,0.0,0.0,0.0,20.0,19.0,0.0,2.0,0.0,1.0,0.0,0.0,0.0,0.0,22587.916666666668,0.0,4.0,0.0,0.0,0,18.811778621143972
88194e6d8dfffff,51.43675036252561,0.1178034027177024,0.0,0.0,0.0,0.0,0.0,0.0,0.0,0.0,2.0,0.0,0.0,14.0,0.0,0.0,0.0,0.0,0.0,7906.423610709347,7661.5,0.0,0.0,0.0,0.0,0,17.377250477927447
88194e6d91fffff,51.41136143197124,0.14256982698663037,0.0,0.0,0.0,2.0,0.0,0.0,0.0,0.0,1.0,1.0,0.0,4.0,0.0,0.0,0.0,0.0,0.0,5060.768705790007,0.0,0.0,3.0,0.0,0.0,0,20.00792714859379
88194e6d93fffff,51.403600421984045,0.1467756028848588,0.0,0.0,0.0,0.0,0.0,0.0,0.0,0.0,1.0,0.0,0.0,0.0,0.0,0.0,0.0,0.0,0.0,0.0,0.0,0.0,0.0,0.0,0.0,0,20.640465164175314
88194e6d95fffff,51.41347010218524,0.1304352409065595,5.0,2.0,1.0,3.0,0.0,0.0,0.0,0.0,1.0,6.0,0.0,8.0,0.0,0.0,0.0,0.0,0.0,101550.6260891727,37820.12903225807,0.0,12.0,0.0,0.0,0,19.1423291696447
88194e6d9dfffff,51.419122045999956,0.13836275604615558,1.0,0.0,0.0,0.0,0.0,0.0,0.0,0.0,1.0,1.0,0.0,2.0,0.0,0.0,0.0,0.0,0.0,144.50609080751067,0.0,0.0,2.0,0.0,0.0,0,19.397644266279737
88194e6da1fffff,51.42754978117933,0.08980238271456649,0.0,0.0,0.0,0.0,0.0,0.0,0.0,1.0,3.0,1.0,0.0,4.0,0.0,0.0,0.0,0.0,0.0,36708.47400461923,23346.25,0.0,2.0,0.0,0.0,0,15.921993481566842
88194e6da3fffff,51.419789691600464,0.09401843714127706,1.0,0.0,0.0,0.0,0.0,0.0,0.0,0.0,2.0,5.0,0.0,11.0,0.0,0.0,0.0,0.0,0.0,19866.562150182257,25284.666666666668,0.0,3.0,0.0,0.0,0,16.551801802316994
88194e6da5fffff,51.429654036369755,0.07765685453635308,0.0,0.0,0.0,1.0,0.0,0.0,0.0,0.0,2.0,8.0,0.0,8.0,0.0,0.0,0.0,0.0,0.0,22126.352121004602,0.0,0.0,0.0,0.0,0.0,0,15.055050130519106
88194e6da7fffff,51.421894079021946,0.081875155730546,1.0,0.0,0.0,0.0,0.0,0.0,0.0,0.0,0.0,2.0,0.0,0.0,0.0,0.0,0.0,0.0,0.0,17170.02102101461,0.0,0.0,0.0,0.0,0.0,0,15.690999125796338
88194e6da9fffff,51.43320427796548,0.09773063181960635,8.0,0.0,0.0,3.0,1.0,0.0,0.0,0.0,5.0,10.0,0.0,13.0,1.0,1.0,0.0,0.0,0.0,79121.96940763752,0.0,0.0,6.0,0.0,0.0,0,16.19293319654044
88194e6dabfffff,51.42544445395464,0.10194573746147674,12.0,0.0,0.0,2.0,0.0,0.0,0.0,0.0,57.0,5.0,0.0,15.0,3.0,0.0,1.0,0.0,0.0,104562.70768961895,12660.21875,0.0,18.0,0.0,0.0,0,16.789858757745193
88194e6dadfffff,51.43530947307019,0.08558502998660168,0.0,0.0,0.0,0.0,0.0,0.0,0.0,0.0,18.0,11.0,0.0,6.0,0.0,0.0,0.0,0.0,0.0,6951.293144977599,386.5,0.0,3.0,0.0,0.0,0,15.320604827941143
88194e6db1fffff,51.40992361426289,0.11037205642439596,1.0,0.0,0.0,0.0,0.0,0.0,0.0,0.0,6.0,8.0,0.0,13.0,0.0,0.0,0.0,0.0,0.0,38299.696508182074,0.0,0.0,7.0,0.0,0.0,0,18.062827712676714
88194e6db3fffff,51.40216259935113,0.11458327085228154,3.0,1.0,2.0,3.0,0.0,0.0,0.0,0.0,5.0,4.0,0.0,7.0,2.0,1.0,0.0,0.0,0.0,39742.44476419269,0.0,0.0,7.0,0.0,0.0,0,18.733503739737557
88194e6db5fffff,51.412029204718216,0.09823319382052997,1.0,0.0,0.0,0.0,0.0,0.0,0.0,0.0,6.0,4.0,0.0,3.0,0.0,0.0,0.0,0.0,0.0,1066.2371452283764,7341.0,0.0,0.0,0.0,0.0,0,17.206913801500747
88194e6db7fffff,51.40426832091726,0.1024466533058287,12.0,0.0,0.0,0.0,1.0,0.0,0.0,1.0,12.0,13.0,0.0,9.0,0.0,2.0,0.0,0.0,0.0,10831.933563407163,0.0,0.0,1.0,0.0,0.0,0,17.8845532800005
88194e6db9fffff,51.41557770258972,0.11829848023558119,0.0,2.0,0.0,3.0,1.0,0.0,2.0,0.0,32.0,8.0,0.0,11.0,2.0,0.0,0.0,0.0,0.0,188603.24322483037,19115.38888888889,0.0,33.0,0.0,0.0,0,18.277669492556182
88194e6dbbfffff,51.40781695326056,0.12250874580643911,0.0,0.0,0.0,0.0,0.0,0.0,0.0,0.0,0.0,3.0,0.0,0.0,0.0,0.0,0.0,0.0,0.0,56948.904974358105,0.0,0.0,0.0,0.0,0.0,0,18.920547591308914
88194e6dbdfffff,51.41768423259226,0.10615954547855128,4.0,0.0,0.0,2.0,0.0,0.0,0.0,0.0,17.0,5.0,0.0,3.0,0.0,0.0,0.0,0.0,0.0,81312.03467098017,64850.541666666664,0.0,10.0,0.0,0.0,0,17.414099460867455
88194e6dc1fffff,51.448051448746064,0.13366515341951093,0.0,0.0,0.0,0.0,0.0,0.0,0.0,0.0,3.0,0.0,0.0,12.0,0.0,0.0,0.0,0.0,0.0,5660.3975120404975,89945.96296296296,0.0,4.0,0.0,0.0,0,18.10050871838491
88194e6dc3fffff,51.440292291055265,0.13787516237941375,0.0,0.0,0.0,0.0,0.0,0.0,0.0,0.0,0.0,0.0,0.0,6.0,0.0,0.0,0.0,0.0,0.0,7847.806728121047,0.0,0.0,0.0,0.0,0.0,0,18.599064279847212
88194e6dc5fffff,51.45016053484392,0.12152151080022328,3.0,0.0,0.0,1.0,0.0,0.0,0.0,0.0,1.0,3.0,0.0,14.0,0.0,0.0,0.0,0.0,0.0,7406.59227666884,37753.993055555555,1.0,4.0,0.0,0.0,1,17.225054123336694
88194e6dc7fffff,51.44240150849211,0.12573376744116924,2.0,0.0,0.0,2.0,0.0,0.0,0.0,0.0,12.0,6.0,0.0,2.0,2.0,1.0,0.0,0.0,0.0,4934.820052948162,3671.0,3.0,2.0,0.0,132000.0,1,17.722869659547143
88194e6dc9fffff,51.453700183162745,0.14159756054598643,8.0,5.0,0.0,1.0,2.0,0.0,0.0,0.0,17.0,16.0,0.0,10.0,8.0,1.0,0.0,0.0,0.0,39696.38847836212,17239.333333333332,0.0,33.0,0.0,0.0,0,18.50819442240316
88194e6dcbfffff,51.445941291787655,0.14580661863928748,0.0,0.0,0.0,0.0,0.0,0.0,0.0,0.0,1.0,1.0,0.0,4.0,0.0,0.0,0.0,0.0,0.0,16231.20986038357,1761.857142857143,0.0,4.0,0.0,0.0,0,18.975956117230492
88194e6dcdfffff,51.45581020889335,0.1294538473277919,0.0,0.0,1.0,0.0,1.0,0.0,0.0,0.0,0.0,4.0,0.0,9.0,0.0,1.0,0.0,0.0,0.0,9837.167905410904,21196.625,0.0,13.0,0.0,0.0,0,17.635019220410474
88194e6dd1fffff,51.430422317799675,0.15422084601687225,0.0,0.0,0.0,0.0,0.0,0.0,0.0,0.0,0.0,0.0,0.0,0.0,0.0,0.0,0.0,0.0,0.0,0.0,0.0,3.0,1.0,0.0,275000.0,1,20.003521634838783
88194e6dd5fffff,51.43253273620508,0.14208387476125822,0.0,0.0,0.0,1.0,0.0,0.0,0.0,0.0,1.0,2.0,0.0,4.0,0.0,0.0,0.0,0.0,0.0,10233.28399021097,0.0,2.0,2.0,0.0,132000.0,1,19.12810452283362
88194e6dd9fffff,51.43607064553515,0.16215142063410426,0.0,0.0,0.0,0.0,0.0,0.0,0.0,0.0,2.0,0.0,0.0,6.0,0.0,0.0,0.0,0.0,0.0,2762.180968887464,17214.333333333332,0.0,0.0,0.0,275000.0,0,20.351224226066652
88194e6ddbfffff,51.428310830021324,0.16635564009001466,0.0,0.0,0.0,0.0,0.0,0.0,0.0,0.0,1.0,0.0,0.0,1.0,0.0,0.0,0.0,0.0,0.0,0.0,0.0,0.0,0.0,0.0,0.0,0,20.87892037670545
88194e6dddfffff,51.43818200320528,0.1500143802784054,3.0,0.0,0.0,0.0,0.0,0.0,1.0,0.0,8.0,10.0,0.0,10.0,3.0,1.0,0.0,0.0,0.0,52302.089633386655,23309.458333333332,2.0,10.0,0.0,275000.0,1,19.475182479274128
88194e6de1fffff,51.446616729754616,0.10144444846793209,5.0,0.0,0.0,5.0,1.0,0.0,0.0,0.0,14.0,10.0,0.0,14.0,4.0,0.0,0.0,0.0,0.0,8774.778135251547,0.0,0.0,1.0,0.0,0.0,0,15.970251292940347
88194e6de3fffff,51.43885756925505,0.10565990293970068,3.0,0.0,0.0,0.0,0.0,0.0,0.0,0.0,30.0,6.0,0.0,2.0,2.0,0.0,0.0,0.0,0.0,34750.972023887574,0.0,0.0,2.0,0.0,0.0,0,16.501835860455696
88194e6de5fffff,51.44872273239444,0.08929652544584589,0.0,0.0,0.0,0.0,0.0,0.0,0.0,0.0,10.0,0.0,0.0,4.0,1.0,0.0,0.0,0.0,0.0,16583.291735166775,14186.375,0.0,9.0,0.0,0.0,0,15.093827621389012
88194e6de7fffff,51.440963704240254,0.09351422799910751,0.0,0.0,0.0,0.0,0.0,0.0,0.0,0.0,2.0,1.0,0.0,10.0,0.0,1.0,0.0,0.0,0.0,6428.068336567961,638.0,0.0,0.0,0.0,0.0,0,15.626448550308114
88194e6de9fffff,51.45226854948814,0.10937569128695303,1.0,0.0,0.0,0.0,0.0,0.0,0.0,0.0,3.0,0.0,0.0,7.0,1.0,1.0,0.0,0.0,0.0,22582.261833556542,17660.375,2.0,7.0,0.0,132000.0,1,16.3496034933835
88194e6debfffff,51.444509654922875,0.11359019596868462,2.0,0.0,0.0,0.0,0.0,0.0,0.0,0.0,5.0,3.0,0.0,6.0,0.0,0.0,0.0,0.0,0.0,7965.569697954913,17395.166666666668,3.0,3.0,0.0,132000.0,1,16.846598651948423
88194e6dedfffff,51.454375492085695,0.09722769538619559,2.0,0.0,1.0,4.0,1.0,0.0,0.0,0.0,6.0,3.0,0.0,13.0,0.0,0.0,0.0,0.0,0.0,6249.8755884974735,1039.9166666666667,5.0,12.0,0.0,132000.0,1,15.474170511530112
88194e6e01fffff,51.508000689573315,0.2331199734476531,0.0,0.0,0.0,0.0,0.0,0.0,0.0,0.0,0.0,0.0,0.0,0.0,0.0,0.0,0.0,0.0,0.0,2410.4406370689985,0.0,4.0,0.0,0.0,33000.0,1,24.65584451828105
88194e6e05fffff,51.510121178963914,0.2209777713428155,0.0,0.0,0.0,0.0,0.0,0.0,1.0,0.0,1.0,3.0,0.0,2.0,1.0,0.0,0.0,0.0,0.0,12013.617858593547,15624.208333333334,5.0,5.0,0.0,33000.0,1,23.84329235936021
88194e6e07fffff,51.50236495948636,0.22517729650910412,0.0,0.0,0.0,1.0,0.0,0.0,0.0,0.0,0.0,0.0,0.0,2.0,0.0,0.0,0.0,0.0,0.0,12921.550957567577,0.0,1.0,16.0,0.0,400000.0,1,24.050305628925912
88194e6e09fffff,51.51363521249823,0.2410636697976258,0.0,0.0,0.0,0.0,0.0,0.0,0.0,0.0,0.0,0.0,0.0,0.0,0.0,0.0,0.0,0.0,0.0,0.0,0.0,2.0,0.0,0.0,0.0,1,25.2743935083095
88194e6e21fffff,51.50660299060078,0.20089083472998717,0.0,1.0,0.0,0.0,0.0,0.0,0.0,0.0,0.0,0.0,0.0,0.0,0.0,0.0,0.0,0.0,0.0,0.0,0.0,5.0,0.0,0.0,400000.0,1,22.414092341767823
88194e6e25fffff,51.50872040146848,0.18874432526079696,0.0,0.0,0.0,0.0,0.0,0.0,0.0,0.0,0.0,2.0,0.0,0.0,0.0,0.0,0.0,0.0,0.0,0.0,0.0,0.0,2.0,0.0,0.0,0,21.602628981383415
88194e6e27fffff,51.50096417498575,0.19294930776203892,0.0,0.0,0.0,0.0,0.0,0.0,0.0,0.0,0.0,0.0,0.0,0.0,0.0,0.0,0.0,0.0,0.0,266.3306956765495,1774.1818181818182,0.0,0.0,0.0,0.0,0,21.807133465955097
88194e6e29fffff,51.51224059910512,0.2088333823185949,0.0,0.0,1.0,0.0,0.0,0.0,0.0,0.0,0.0,0.0,0.0,4.0,0.0,0.0,0.0,0.0,0.0,9871.084353631251,1962.5,0.0,4.0,0.0,0.0,0,23.035274450428965
88194e6e2bfffff,51.50448450974189,0.2130351586464506,0.0,0.0,0.0,0.0,0.0,0.0,0.0,0.0,0.0,0.0,0.0,2.0,0.0,0.0,0.0,0.0,0.0,0.0,70564.29166666667,7.0,1.0,0.0,400000.0,1,23.230142998886066
88194e6e2dfffff,51.514358949402215,0.19668680687561535,4.0,0.0,0.0,0.0,0.0,0.0,0.0,0.0,21.0,3.0,0.0,6.0,3.0,0.0,0.0,0.0,0.0,38860.05995676183,0.0,5.0,8.0,0.0,400000.0,1,22.232294238847736
88194e6e35fffff,51.49108987831741,0.20929500130207654,0.0,0.0,0.0,0.0,0.0,0.0,0.0,0.0,2.0,1.0,0.0,0.0,0.0,0.0,0.0,0.0,0.0,1021.6978062241636,0.0,0.0,2.0,0.0,0.0,0,22.882410983602455
88194e6e37fffff,51.48333272560189,0.21349514112854232,0.0,0.0,0.0,0.0,0.0,0.0,0.0,0.0,0.0,1.0,0.0,0.0,0.0,0.0,0.0,0.0,0.0,0.0,0.0,0.0,0.0,0.0,0.0,0,23.166821211749802
88194e6e39fffff,51.49460834232614,0.22937552647250606,0.0,0.0,0.0,0.0,0.0,0.0,0.0,0.0,0.0,0.0,0.0,0.0,0.0,0.0,0.0,0.0,0.0,0.0,0.0,0.0,0.0,0.0,400000.0,0,24.289741852490142
88194e6e3dfffff,51.496728022360095,0.21723563909097865,0.0,0.0,0.0,0.0,0.0,0.0,0.0,0.0,0.0,0.0,0.0,0.0,0.0,0.0,0.0,0.0,0.0,0.0,0.0,3.0,0.0,0.0,400000.0,1,23.45879488103383
88194e6e41fffff,51.527023942951836,0.24481172876661908,0.0,0.0,0.0,0.0,0.0,0.0,0.0,0.0,0.0,0.0,0.0,0.0,0.0,0.0,0.0,0.0,0.0,873.8551758305466,0.0,0.0,0.0,0.0,0.0,0,25.757258503208565
88194e6e43fffff,51.51926852813856,0.24900838544984497,0.0,0.0,0.0,0.0,0.0,0.0,0.0,0.0,1.0,0.0,0.0,0.0,0.0,0.0,0.0,0.0,0.0,12312.635533429437,0.0,0.0,0.0,0.0,0.0,0,25.90501112692181
88194e6e45fffff,51.529146180725014,0.232667147721992,0.0,0.0,0.0,0.0,0.0,0.0,0.0,0.0,0.0,0.0,0.0,0.0,0.0,0.0,0.0,0.0,0.0,1888.0916321124157,0.0,0.0,0.0,0.0,0.0,0,24.973328463373633
88194e6e49fffff,51.532655782646735,0.25275842065564147,0.0,0.0,0.0,0.0,0.0,0.0,0.0,0.0,0.0,0.0,0.0,0.0,0.0,0.0,0.0,0.0,1.0,14984.244156276014,0.0,3.0,0.0,0.0,0.0,1,26.417056128936032
88194e6e4bfffff,51.52490063637192,0.2569541202949451,0.0,0.0,0.0,0.0,0.0,0.0,0.0,0.0,0.0,0.0,0.0,0.0,0.0,0.0,0.0,0.0,1.0,0.0,0.0,2.0,0.0,0.0,0.0,1,26.546828010976665
88194e6e4dfffff,51.53477895955849,0.2406137767059063,0.0,0.0,0.0,0.0,0.0,0.0,0.0,0.0,0.0,1.0,0.0,0.0,0.0,0.0,0.0,0.0,0.0,0.0,0.0,1.0,0.0,0.0,132000.0,1,25.64102176187104
88194e6e61fffff,51.52563242333898,0.21257483318399686,1.0,0.0,0.0,0.0,0.0,0.0,0.0,0.0,10.0,0.0,0.0,10.0,1.0,0.0,0.0,0.0,0.0,3741.237049656686,0.0,0.0,1.0,0.0,0.0,0,23.52981099647298
88194e6e63fffff,51.51787700037578,0.2167769504193204,0.0,0.0,0.0,0.0,0.0,0.0,0.0,0.0,2.0,9.0,0.0,0.0,0.0,0.0,0.0,0.0,0.0,5429.071457636263,0.0,3.0,0.0,0.0,33000.0,1,23.66954955672232
88194e6e65fffff,51.52775158224359,0.20042593979437243,0.0,0.0,0.0,0.0,0.0,0.0,0.0,0.0,11.0,16.0,0.0,0.0,0.0,0.0,0.0,0.0,0.0,403.13134125917867,0.0,0.0,0.0,0.0,0.0,0,22.750196186193843
88194e6e67fffff,51.5199962900667,0.20463030955285424,2.0,0.0,0.0,0.0,0.0,0.0,0.0,0.0,20.0,13.0,0.0,6.0,5.0,0.0,0.0,0.0,0.0,29900.250634811648,21228.85,1.0,6.0,0.0,33000.0,1,22.875049306411988
88194e6e69fffff,51.53126734909631,0.22052037766034616,0.0,0.0,0.0,0.0,0.0,0.0,0.0,0.0,3.0,0.0,0.0,0.0,0.0,0.0,0.0,0.0,0.0,3429.11744436937,0.0,0.0,0.0,0.0,0.0,0,24.195594372974767
88194e6e6bfffff,51.523512194289964,0.22472153892342847,0.0,0.0,0.0,0.0,0.0,0.0,0.0,0.0,0.0,2.0,0.0,0.0,0.0,0.0,0.0,0.0,0.0,3323.211179933276,6357.6,0.0,0.0,0.0,0.0,0,24.315882933504746
88194e6e6dfffff,51.533387447470574,0.2083714190819463,0.0,0.0,0.0,0.0,0.0,0.0,2.0,0.0,23.0,15.0,0.0,0.0,0.0,0.0,0.0,0.0,0.0,758.9107595903246,0.0,0.0,0.0,0.0,0.0,0,23.42468197956056
88194e6f01fffff,51.52282164025657,0.14807865096265885,7.0,1.0,0.0,0.0,0.0,0.0,0.0,0.0,0.0,0.0,0.0,5.0,1.0,0.0,0.0,0.0,0.0,46946.23611961298,77469.58333333333,6.0,14.0,0.0,400000.0,1,19.083624066819784
88194e6f03fffff,51.51506620817926,0.15229168856218667,1.0,0.0,0.0,0.0,0.0,0.0,0.0,0.0,0.0,0.0,0.0,1.0,0.0,0.0,0.0,0.0,0.0,107852.55548024381,0.0,0.0,20.0,0.0,0.0,0,19.201667766791193
88194e6f05fffff,51.52493463241368,0.13592115096925966,1.0,0.0,0.0,1.0,0.0,0.0,0.0,0.0,1.0,1.0,0.0,2.0,0.0,0.0,0.0,0.0,0.0,34012.17303465068,0.0,9.0,9.0,0.0,400000.0,1,18.316401976944775
88194e6f07fffff,51.51717933313722,0.1401364419122453,0.0,0.0,0.0,0.0,0.0,0.0,0.0,0.0,0.0,0.0,0.0,0.0,0.0,0.0,0.0,0.0,0.0,18893.72622047646,0.0,0.0,0.0,0.0,0.0,0,18.41494828719934
88194e6f09fffff,51.52846273996584,0.15602188327642671,0.0,1.0,0.0,0.0,0.0,0.0,0.0,0.0,7.0,0.0,0.0,11.0,0.0,0.0,0.0,0.0,0.0,2385.7846662445454,15361.458333333334,0.0,17.0,0.0,0.0,0,19.764914036177984
88194e6f0bfffff,51.52070757528231,0.1602339670549843,0.0,1.0,0.0,0.0,0.0,0.0,0.0,0.0,0.0,8.0,0.0,0.0,0.0,0.0,0.0,0.0,0.0,296608.38441521086,77469.58333333333,6.0,19.0,0.0,400000.0,1,19.859773548498147
88194e6f0dfffff,51.53057667225078,0.1438643135225466,11.0,4.0,0.0,1.0,1.0,0.0,0.0,0.0,5.0,15.0,1.0,10.0,0.0,2.0,0.0,0.0,0.0,140289.5306563171,24302.416666666668,0.0,59.0,0.0,132000.0,0,19.008564047143903
88194e6f11fffff,51.50519604705888,0.16865423768718915,0.0,0.0,0.0,0.0,0.0,0.0,0.0,0.0,0.0,1.0,0.0,0.0,0.0,0.0,0.0,0.0,0.0,565495.5280618249,0.0,0.0,0.0,0.0,0.0,0,20.17197206919962
88194e6f13fffff,51.49743968428578,0.17286242565155874,0.0,0.0,0.0,0.0,0.0,0.0,0.0,0.0,0.0,1.0,0.0,1.0,0.0,0.0,0.0,0.0,0.0,84084.81367723366,0.0,0.0,2.0,0.0,0.0,0,20.387443095675696
88194e6f15fffff,51.50731037640233,0.1565034268768785,0.0,0.0,0.0,0.0,0.0,0.0,0.0,0.0,0.0,2.0,0.0,0.0,0.0,0.0,0.0,0.0,0.0,6775.071971170995,0.0,0.0,1.0,0.0,0.0,0,19.361912940934822
88194e6f17fffff,51.499554145309254,0.1607138664621779,0.0,0.0,0.0,0.0,0.0,0.0,0.0,0.0,2.0,1.0,0.0,5.0,0.0,0.0,0.0,0.0,0.0,14951.249343967505,0.0,0.0,10.0,0.0,0.0,0,19.56332649307367
88194e6f19fffff,51.510836741750445,0.1765956307409311,0.0,0.0,0.0,0.0,0.0,0.0,0.0,0.0,0.0,1.0,0.0,0.0,0.0,0.0,0.0,0.0,0.0,565495.5280618249,77237.54166666667,0.0,0.0,0.0,0.0,0,20.79629958963194
88194e6f1bfffff,51.503080646388575,0.18080286481672614,0.0,0.0,0.0,0.0,0.0,0.0,0.0,0.0,1.0,0.0,0.0,0.0,0.0,0.0,0.0,0.0,0.0,12553.180692777074,0.0,0.0,3.0,0.0,0.0,0,20.98724351671611
88194e6f1dfffff,51.512952010852196,0.16444475167340272,0.0,0.0,0.0,0.0,0.0,0.0,0.0,0.0,0.0,0.0,0.0,0.0,0.0,0.0,0.0,0.0,0.0,1182759.418933283,0.0,0.0,3.0,0.0,0.0,0,19.99573532505581
88194e6f21fffff,51.52140236356831,0.11581940002079144,2.0,1.0,0.0,1.0,0.0,0.0,0.0,0.0,7.0,1.0,0.0,13.0,0.0,0.0,0.0,0.0,0.0,41480.62415077325,2642.0,12.0,48.0,0.0,400000.0,1,16.867704775803652
88194e6f23fffff,51.51364693052856,0.12003789741045039,2.0,0.0,0.0,0.0,0.0,0.0,0.0,0.0,1.0,0.0,0.0,0.0,0.0,0.0,0.0,2.0,0.0,15044.543732397235,0.0,0.0,0.0,0.0,0.0,0,16.970569701284013
88194e6f25fffff,51.52351226785276,0.10365760579401212,2.0,1.0,0.0,2.0,1.0,0.0,1.0,0.0,7.0,5.0,0.0,12.0,0.0,1.0,0.0,0.0,0.0,12651.165782997488,0.0,4.0,25.0,0.0,275000.0,1,16.10972181442216
88194e6f27fffff,51.515756968621794,0.10787835693100789,0.0,0.0,0.0,0.0,0.0,0.0,0.0,0.0,0.0,8.0,0.0,1.0,0.0,0.0,0.0,0.0,0.0,37225.04833882656,0.0,2.0,15.0,0.0,400000.0,1,16.18962846336517
88194e6f29fffff,51.527046551159145,0.12376146758121322,6.0,1.0,0.0,1.0,0.0,1.0,0.0,0.0,3.0,0.0,0.0,5.0,0.0,1.0,0.0,0.0,0.0,22635.341343238317,0.0,7.0,27.0,0.0,400000.0,1,17.55928896648123
88194e6f2bfffff,51.5192913851317,0.1279790122294893,0.0,0.0,0.0,0.0,0.0,0.0,0.0,0.0,0.0,0.0,0.0,0.0,0.0,0.0,0.0,0.0,0.0,1926.078232194841,0.0,0.0,0.0,0.0,0.0,0,17.63657164910773
88194e6f2dfffff,51.52915739589849,0.1115996013059309,9.0,0.0,0.0,2.0,1.0,0.0,0.0,0.0,8.0,10.0,0.0,10.0,1.0,0.0,0.0,0.0,0.0,13367.229647586122,0.0,0.0,23.0,0.0,0.0,0,16.813662668137294
88194e6f31fffff,51.50377985234198,0.13641020014657126,0.0,0.0,0.0,0.0,0.0,0.0,0.0,0.0,0.0,4.0,0.0,0.0,0.0,0.0,0.0,0.0,0.0,21548.588914145283,0.0,0.0,12.0,0.0,0.0,0,17.929592391707693
88194e6f33fffff,51.49602348634701,0.14062384452694027,1.0,0.0,0.0,0.0,0.0,0.0,2.0,0.0,1.0,4.0,0.0,5.0,0.0,1.0,0.0,0.0,0.0,24307.453789866722,6902.857142857143,0.0,19.0,0.0,0.0,0,18.143102895234236
88194e6f35fffff,51.50589109716295,0.12425509403106853,2.0,0.0,0.0,0.0,0.0,0.0,0.0,0.0,10.0,6.0,0.0,10.0,0.0,0.0,0.0,0.0,0.0,11964.417066396547,0.0,0.0,5.0,0.0,0.0,0,17.121381964914242
88194e6f37fffff,51.49813486385522,0.12847099043851942,0.0,0.0,0.0,0.0,1.0,0.0,0.0,1.0,10.0,0.0,0.0,5.0,0.0,0.0,0.0,0.0,0.0,13171.67601388446,0.0,0.0,5.0,0.0,0.0,0,17.318893459916055
88194e6f39fffff,51.5094236338246,0.14435043289022695,0.0,0.0,0.0,0.0,0.0,0.0,0.0,0.0,0.0,2.0,0.0,0.0,0.0,0.0,0.0,0.0,0.0,0.0,0.0,0.0,4.0,0.0,0.0,0,18.557759551131003
88194e6f3bfffff,51.501667534859365,0.14856312445888673,0.0,0.0,0.0,0.0,0.0,0.0,0.0,0.0,0.0,3.0,0.0,0.0,0.0,0.0,0.0,0.0,0.0,6775.071971170995,18924.208333333332,0.0,6.0,0.0,0.0,0,18.74382809858207
88194e6f3dfffff,51.511535818731424,0.132195256232631,0.0,0.0,0.0,0.0,0.0,0.0,0.0,0.0,0.0,4.0,0.0,0.0,0.0,0.0,0.0,0.0,0.0,1119.4783349435936,0.0,0.0,0.0,0.0,0.0,0,17.760325445282696
88194e6f41fffff,51.54185712909621,0.15975370963985916,3.0,2.0,0.0,0.0,1.0,0.0,0.0,0.0,5.0,0.0,0.0,9.0,1.0,1.0,0.0,0.0,0.0,11981.420623358385,0.0,0.0,5.0,0.0,0.0,0,20.42479847406259
88194e6f43fffff,51.53410263214159,0.16396613874592472,3.0,0.0,1.0,0.0,0.0,0.0,0.0,0.0,8.0,2.0,0.0,5.0,0.0,0.0,0.0,0.0,0.0,7024.285139022888,0.0,0.0,3.0,0.0,0.0,0,20.45754589459914
88194e6f45fffff,51.54397186855974,0.14759381601544347,11.0,0.0,0.0,0.0,1.0,1.0,0.0,0.0,12.0,5.0,0.0,17.0,0.0,0.0,0.0,0.0,0.0,14625.186489835194,12954.875,0.0,28.0,1.0,132000.0,0,19.700604014525155
88194e6f47fffff,51.53621750451942,0.15180849978194177,5.0,0.0,0.0,1.0,0.0,0.0,0.0,0.0,4.0,4.0,0.0,7.0,1.0,0.0,0.0,0.0,0.0,18157.727989073603,86.5,0.0,15.0,0.0,132000.0,0,19.711746304798574
88194e6f49fffff,51.547495545857906,0.16769994298851978,7.0,1.0,0.0,0.0,0.0,0.0,0.0,0.0,2.0,2.0,0.0,8.0,1.0,0.0,1.0,0.0,0.0,58503.17478483808,0.0,0.0,5.0,1.0,0.0,0,21.14671046890829
88194e6f4bfffff,51.53974131666056,0.17191141726332995,5.0,0.0,0.0,0.0,0.0,0.0,0.0,0.0,7.0,0.0,0.0,6.0,0.0,0.0,0.0,0.0,0.0,4125.522509769708,0.0,0.0,7.0,0.0,0.0,0,21.160394245653244
88194e6f4dfffff,51.54961122549088,0.15553998038662067,1.0,1.0,0.0,0.0,0.0,0.0,0.0,0.0,2.0,2.0,0.0,8.0,1.0,2.0,0.0,0.0,0.0,2837.662855330573,21264.458333333332,0.0,9.0,0.0,0.0,0,20.432647865780382
88194e6f51fffff,51.52423165797871,0.18033046797105637,1.0,1.0,0.0,0.0,0.0,0.0,0.0,0.0,12.0,6.0,0.0,13.0,0.0,0.0,0.0,0.0,0.0,25257.970904319085,15793.615384615385,0.0,20.0,0.0,0.0,0,21.304893882283636
88194e6f53fffff,51.51647622926055,0.18453804551548317,1.0,0.0,0.0,1.0,0.0,0.0,0.0,0.0,3.0,3.0,0.0,2.0,1.0,0.0,0.0,0.0,0.0,4172.608039431654,0.0,6.0,17.0,0.0,400000.0,1,21.434927281234035
88194e6f55fffff,51.526347735010255,0.1681772682609416,14.0,1.0,0.0,0.0,0.0,0.0,0.0,0.0,4.0,12.0,0.0,10.0,1.0,0.0,0.0,0.0,0.0,13296.68119664196,12895.94642857143,0.0,37.0,0.0,0.0,0,20.53069960605001
88194e6f57fffff,51.51859243808545,0.17238709874075786,3.0,0.0,0.0,0.0,0.0,0.0,0.0,0.0,3.0,2.0,0.0,4.0,0.0,0.0,0.0,0.0,0.0,834967.8463245083,4758.190476190476,7.0,18.0,0.0,400000.0,1,20.643833772764047
88194e6f59fffff,51.52986967040882,0.1882748592562288,7.0,0.0,0.0,0.0,0.0,0.0,0.0,0.0,5.0,4.0,0.0,11.0,0.0,0.0,0.0,0.0,0.0,21193.645279820827,18063.15625,0.0,10.0,0.0,0.0,0,21.977734831557036
88194e6f5bfffff,51.52211450946595,0.19248148190272574,10.0,2.0,0.0,1.0,1.0,0.0,0.0,0.0,89.0,44.0,0.0,12.0,4.0,2.0,0.0,0.0,0.0,85003.54043447028,7743.8,0.0,40.0,0.0,0.0,0,22.08660353308782
88194e6f5dfffff,51.53198668723979,0.1761215920722092,0.0,0.0,0.0,0.0,0.0,0.0,0.0,0.0,0.0,1.0,0.0,3.0,0.0,0.0,0.0,0.0,0.0,1438.7278119614336,21264.458333333332,0.0,1.0,0.0,0.0,0,21.21321789357728
88194e6f61fffff,51.540444029323965,0.1274866669640658,3.0,0.0,0.0,0.0,0.0,2.0,0.0,0.0,8.0,3.0,0.0,11.0,1.0,1.0,0.0,0.0,0.0,1188.8455916894784,0.0,0.0,16.0,1.0,0.0,0,18.25463311940356
88194e6f63fffff,51.53268953127042,0.1317045595052847,6.0,0.0,0.0,1.0,0.0,0.0,0.0,0.0,4.0,4.0,0.0,4.0,0.0,0.0,0.0,0.0,0.0,80613.46835187447,8968.5,0.0,50.0,0.0,0.0,0,18.262833000006605
88194e6f65fffff,51.54255568056118,0.11532247412416169,10.0,0.0,0.0,5.0,1.0,0.0,0.0,0.0,14.0,13.0,0.0,4.0,1.0,0.0,0.0,0.0,0.0,7867.257784961748,10182.25,0.0,9.0,0.0,0.0,0,17.54620653068694
88194e6f67fffff,51.53480131643016,0.1195426217316044,0.0,0.0,0.0,0.0,0.0,0.0,0.0,0.0,3.0,8.0,0.0,6.0,1.0,0.0,0.0,0.0,0.0,12560.969464031554,71029.96666666666,0.0,42.0,0.0,0.0,0,17.529087680991616
88194e6f69fffff,51.54608553445623,0.1354317368961596,2.0,0.0,0.0,0.0,0.0,0.0,0.0,0.0,2.0,10.0,0.0,4.0,0.0,0.0,0.0,0.0,0.0,10368.19891739359,8083.0,0.0,22.0,0.0,0.0,0,18.989125942114956
88194e6f6bfffff,51.53833130377847,0.13964867568581485,0.0,0.0,0.0,0.0,0.0,0.0,0.0,0.0,14.0,0.0,0.0,5.0,0.0,0.0,0.0,0.0,0.0,1594.965940164357,616.2,0.0,13.0,0.0,0.0,0,18.97699371634497
88194e6f6dfffff,51.54819812619081,0.12326747278904245,0.0,0.0,0.0,0.0,1.0,0.0,0.0,0.0,3.0,1.0,0.0,9.0,0.0,1.0,0.0,0.0,0.0,0.0,10902.57142857143,0.0,16.0,0.0,0.0,0,18.291859146227942
88194e78a5fffff,51.67150847009095,0.10013917250046674,0.0,0.0,0.0,0.0,0.0,0.0,0.0,0.0,0.0,0.0,0.0,0.0,0.0,0.0,0.0,0.0,0.0,0.0,0.0,1.0,0.0,0.0,0.0,1,25.757987866490303
88195d3449fffff,51.461645743433685,-0.48121415813866886,0.0,0.0,0.0,0.0,0.0,0.0,0.0,0.0,0.0,0.0,0.0,0.0,0.0,0.0,0.0,0.0,0.0,5329.160338118966,27565.909090909092,0.0,0.0,0.0,0.0,0,25.231655937275136
88195d344dfffff,51.463697022855435,-0.49344733807036584,0.0,0.0,0.0,0.0,0.0,0.0,0.0,0.0,1.0,0.0,0.0,0.0,0.0,0.0,0.0,0.0,0.0,0.0,21400.416666666668,0.0,2.0,0.0,132000.0,0,26.054926030107662
88195d3459fffff,51.444079370004566,-0.4603552488258908,0.0,0.0,0.0,0.0,0.0,0.0,4.0,0.0,0.0,1.0,0.0,1.0,0.0,0.0,0.0,0.0,0.0,18294.061685283265,0.0,0.0,2.0,0.0,0.0,0,24.086927949020513
88195d345bfffff,51.43632175652268,-0.4560433002615159,0.0,0.0,0.0,0.0,0.0,0.0,0.0,0.0,0.0,0.0,0.0,0.0,0.0,0.0,0.0,0.0,0.0,2697.2566284185164,0.0,0.0,0.0,0.0,0.0,0,23.974791821960302
88195d34abfffff,51.378793469264856,-0.49055132547092684,0.0,0.0,0.0,0.0,0.0,0.0,0.0,0.0,0.0,0.0,0.0,0.0,0.0,0.0,0.0,0.0,0.0,0.0,0.0,1.0,0.0,0.0,0.0,1,28.349462906681424
88195d3601fffff,51.47669892801863,-0.44523431643446626,0.0,1.0,0.0,0.0,0.0,0.0,0.0,0.0,0.0,5.0,0.0,2.0,0.0,0.0,0.0,0.0,0.0,132057.7447774866,0.0,0.0,3.0,0.0,0.0,0,22.612752143411285
88195d3603fffff,51.46894291455737,-0.44092251319960746,0.0,0.0,0.0,2.0,1.0,0.0,0.0,0.0,3.0,3.0,0.0,0.0,5.0,0.0,0.0,0.0,0.0,0.0,0.0,0.0,0.0,0.0,0.0,0,22.367691330863217
88195d3605fffff,51.47875414237766,-0.45746569150491273,0.0,0.0,0.0,0.0,0.0,0.0,0.0,0.0,0.0,5.0,0.0,4.0,0.0,0.0,0.0,0.0,0.0,480762.1695049652,21858.0,0.0,51.0,0.0,0.0,0,23.453360951645582
88195d3607fffff,51.470998279807354,-0.45315162965218697,2.0,1.0,0.0,32.0,1.0,0.0,1.0,0.0,73.0,52.0,0.0,28.0,52.0,5.0,0.0,0.0,0.0,86872.76722608664,0.0,0.0,23.0,3.0,0.0,0,23.19770236362
88195d3609fffff,51.48239837041974,-0.4373159586670641,10.0,2.0,0.0,6.0,0.0,0.0,0.0,0.0,5.0,2.0,0.0,8.0,1.0,0.0,1.0,0.0,0.0,151246.84977386188,0.0,7.0,17.0,0.0,0.0,1,22.044326897139506
88195d360bfffff,51.47464261713063,-0.43300508841238794,0.0,0.0,0.0,0.0,0.0,1.0,0.0,0.0,0.0,1.0,0.0,1.0,0.0,0.0,0.0,0.0,0.0,0.0,0.0,0.0,0.0,0.0,0.0,0,21.775327128578365
88195d360dfffff,51.48445453052784,-0.4495474456457252,0.0,2.0,1.0,2.0,0.0,0.0,0.0,0.0,3.0,10.0,0.0,7.0,0.0,0.0,0.0,0.0,0.0,131614.72698874457,24455.75,0.0,19.0,0.0,0.0,0,22.891653878134836
88195d3611fffff,51.45912987910714,-0.42438732325277845,0.0,0.0,0.0,1.0,0.0,0.0,0.0,0.0,1.0,4.0,0.0,4.0,0.0,0.0,0.0,0.0,0.0,6599.649785975069,0.0,0.0,16.0,0.0,0.0,0,21.344665798501925
88195d3613fffff,51.45137289514911,-0.4200804272234681,3.0,0.0,0.0,0.0,0.0,25.0,0.0,0.0,1.0,6.0,0.0,9.0,1.0,1.0,0.0,0.0,0.0,6868.985721703369,0.0,0.0,40.0,0.0,0.0,0,21.18519375509601
88195d3615fffff,51.46118649053228,-0.43661203537859095,2.0,0.0,0.0,0.0,0.0,0.0,0.0,0.0,1.0,0.0,0.0,4.0,0.0,0.0,0.0,0.0,0.0,17396.344964014257,0.0,0.0,18.0,0.0,0.0,0,22.157597840126513
88195d3617fffff,51.45342965633164,-0.43230288240914766,17.0,1.0,0.0,5.0,0.0,0.0,1.0,0.0,11.0,27.0,0.0,11.0,3.0,2.0,0.0,0.0,0.0,14066.181436521436,1243.1666666666667,0.0,74.0,0.0,0.0,0,21.983477791367978
88195d3619fffff,51.46482889641606,-0.41647072098669863,4.0,0.0,0.0,1.0,0.0,0.0,0.0,0.0,1.0,32.0,0.0,4.0,0.0,0.0,0.0,0.0,0.0,148688.46472626747,38221.479166666664,0.0,32.0,0.0,0.0,0,20.720256238762147
88195d361bfffff,51.45707217264643,-0.41216475805552916,2.0,1.0,0.0,3.0,0.0,0.0,0.0,0.0,2.0,7.0,0.0,9.0,0.0,1.0,0.0,0.0,0.0,66764.97666049456,17048.402597402597,0.0,12.0,0.0,0.0,0,20.53732350684477
88195d361dfffff,51.466886453230366,-0.42869554346173594,1.0,2.0,0.0,0.0,0.0,0.0,0.0,0.0,5.0,1.0,0.0,11.0,0.0,0.0,0.0,0.0,0.0,212336.92379417983,0.0,1.0,14.0,5.0,0.0,1,21.541718189660394
88195d3621fffff,51.475105719717796,-0.47761630050405485,0.0,0.0,0.0,0.0,0.0,0.0,0.0,0.0,0.0,0.0,0.0,0.0,3.0,0.0,0.0,0.0,0.0,80309.33451137975,0.0,0.0,2.0,0.0,0.0,0,24.86825091204892
88195d3623fffff,51.46734974869872,-0.4732990478466846,0.0,0.0,0.0,0.0,0.0,0.0,0.0,0.0,1.0,0.0,0.0,1.0,0.0,0.0,0.0,0.0,0.0,15022.612612985089,0.0,0.0,1.0,0.0,0.0,0,24.62445872415132
88195d3625fffff,51.47715779319913,-0.4898518538022056,1.0,4.0,0.0,0.0,0.0,0.0,0.0,0.0,4.0,1.0,0.0,9.0,0.0,0.0,0.0,0.0,0.0,175968.31991540623,0.0,0.0,42.0,0.0,0.0,0,25.708119864922217
88195d3627fffff,51.46940197408625,-0.4855323422011475,1.0,0.0,0.0,11.0,0.0,0.0,0.0,1.0,28.0,15.0,0.0,31.0,1.0,1.0,0.0,0.0,0.0,64856.73419034264,20924.14285714286,0.0,15.0,0.0,0.0,0,25.454615665288504
88195d3629fffff,51.480808259617994,-0.46969921307406687,3.0,13.0,0.0,3.0,0.0,0.0,0.0,0.0,1.0,5.0,0.0,7.0,0.0,0.0,0.0,0.0,0.0,555252.5090078707,23170.166666666668,0.0,82.0,0.0,0.0,0,24.296831279051805
88195d362bfffff,51.47305254839069,-0.4653828922703649,0.0,0.0,0.0,2.0,0.0,0.0,0.0,0.0,3.0,1.0,0.0,0.0,0.0,0.0,0.0,0.0,0.0,0.0,0.0,0.0,0.0,0.0,0.0,0,24.03134117115331
88195d362dfffff,51.482861279149915,-0.48193488059130013,2.0,6.0,0.0,1.0,0.0,0.0,0.0,0.0,5.0,3.0,0.0,8.0,0.0,0.0,0.0,0.0,1.0,442835.66380287724,0.0,0.0,67.0,0.0,0.0,0,25.14288303969907
88195d3631fffff,51.45753989258705,-0.4567542303740495,0.0,3.0,0.0,0.0,0.0,0.0,0.0,0.0,0.0,3.0,0.0,7.0,0.0,0.0,0.0,0.0,0.0,224407.65328016298,0.0,0.0,21.0,0.0,0.0,0,23.597672327468576
88195d3633fffff,51.44978294878755,-0.45244188815629255,0.0,4.0,0.0,2.0,0.0,0.0,0.0,0.0,1.0,5.0,0.0,2.0,0.0,0.0,0.0,0.0,1.0,36631.626723904694,27706.76,0.0,21.0,0.0,0.0,0,23.431301401308513
88195d3635fffff,51.45959336648114,-0.46898312205624976,0.0,2.0,0.0,0.0,0.0,0.0,0.0,0.0,0.0,0.0,0.0,1.0,0.0,0.0,0.0,0.0,0.0,20584.62065106265,0.0,0.0,21.0,0.0,0.0,0,24.412433650280267
88195d3639fffff,51.46324200633227,-0.44883889388538695,2.0,0.0,0.0,3.0,0.0,0.0,0.0,0.0,5.0,9.0,0.0,3.0,2.0,0.0,0.0,0.0,0.0,29639.149957781614,0.0,0.0,0.0,2.0,0.0,0,22.975534956945058
88195d363bfffff,51.455485322340756,-0.4445274836420157,1.0,0.0,0.0,0.0,0.0,0.0,1.0,0.0,1.0,4.0,0.0,22.0,0.0,0.0,0.0,0.0,0.0,151293.31397406716,33406.179487179485,0.0,41.0,2.0,0.0,0,22.787841747329196
88195d363dfffff,51.46529642591758,-0.461067898224596,0.0,0.0,0.0,1.0,0.0,0.0,0.0,0.0,0.0,4.0,0.0,0.0,0.0,0.0,0.0,0.0,0.0,0.0,0.0,0.0,0.0,0.0,0.0,0,23.797969434435764
88195d3641fffff,51.49585168879147,-0.4337078190286363,0.0,0.0,0.0,1.0,0.0,0.0,0.0,0.0,2.0,3.0,1.0,13.0,0.0,1.0,0.0,0.0,0.0,11537.790527305076,121381.76,0.0,4.0,0.0,0.0,0,21.82200452575042
88195d3643fffff,51.48809660687919,-0.42939655644578206,1.0,0.0,0.0,0.0,0.0,0.0,0.0,0.0,2.0,1.0,0.0,4.0,0.0,2.0,0.0,0.0,0.0,16449.561868949884,12647.823529411764,0.0,2.0,0.0,0.0,0,21.493726223599474
88195d3645fffff,51.49790864361208,-0.44594167733924195,0.0,0.0,0.0,3.0,0.0,0.0,0.0,0.0,1.0,1.0,0.0,5.0,0.0,0.0,0.0,0.0,0.0,28984.514925908865,0.0,0.0,0.0,0.0,0.0,0,22.68328365317194
88195d3647fffff,51.49015371270959,-0.4416281547883832,1.0,0.0,0.0,0.0,1.0,0.0,0.0,0.0,1.0,9.0,0.0,0.0,0.0,0.0,0.0,0.0,0.0,14656.130240177215,0.0,0.0,1.0,0.0,0.0,0,22.34743600490972
88195d3649fffff,51.5015484586422,-0.4257864384624312,9.0,2.0,0.0,2.0,1.0,0.0,0.0,0.0,4.0,6.0,0.0,14.0,0.0,0.0,0.0,0.0,0.0,28028.5255902039,4044.88,0.0,28.0,0.0,0.0,0,21.31673706928477
88195d364bfffff,51.49379363726567,-0.4214761098666024,0.0,0.0,0.0,0.0,0.0,0.0,0.0,0.0,0.0,1.0,0.0,8.0,0.0,0.0,0.0,0.0,0.0,0.0,0.0,0.0,0.0,0.0,0.0,0,20.96234292335357
88195d364dfffff,51.503606359269355,-0.4380204079311081,1.0,0.0,0.0,4.0,0.0,0.0,0.0,0.0,4.0,7.0,0.0,6.0,1.0,0.0,0.0,0.0,0.0,1236.4201826390652,2913.0,0.0,0.0,0.0,0.0,0,22.18303781419722
88195d3651fffff,51.47828276162011,-0.4128594290515073,7.0,2.0,0.0,4.0,1.0,0.0,0.0,0.0,7.0,3.0,0.0,7.0,0.0,0.0,0.0,0.0,0.0,311284.98699211277,20386.897959183672,0.0,19.0,0.0,0.0,0,20.358187927751327
88195d3653fffff,51.470526708126954,-0.4085530757070434,0.0,3.0,0.0,0.0,0.0,0.0,0.0,0.0,4.0,4.0,0.0,6.0,0.0,0.0,1.0,0.0,0.0,155482.8962069991,44333.5,0.0,30.0,0.0,0.0,0,20.111578332352376
88195d3655fffff,51.4803411139205,-0.4250866196195798,1.0,2.0,0.0,3.0,0.0,0.0,0.0,0.0,1.0,3.0,0.0,10.0,0.0,0.0,0.0,0.0,0.0,529008.9200979231,0.0,0.0,81.0,0.0,0.0,0,21.19972830777775
88195d3657fffff,51.47258521030344,-0.42077800798735127,0.0,2.0,0.0,0.0,0.0,0.0,0.0,0.0,1.0,3.0,0.0,2.0,0.0,0.0,0.0,0.0,0.0,700865.597353163,5512.181818181818,0.0,18.0,0.0,0.0,0,20.941458368646597
88195d3659fffff,51.48397910704912,-0.40493980675047875,3.0,0.0,0.0,1.0,0.0,0.0,0.0,0.0,0.0,3.0,0.0,12.0,0.0,0.0,0.0,0.0,0.0,37763.942032828876,27395.75,0.0,13.0,0.0,0.0,0,19.79339635726337
88195d365bfffff,51.476223314108545,-0.40063438751012814,6.0,0.0,0.0,1.0,3.0,0.0,0.0,0.0,10.0,10.0,0.0,9.0,0.0,0.0,0.0,0.0,0.0,22469.8824845831,40610.916666666664,0.0,40.0,0.0,0.0,0,19.520091107531503
88195d365dfffff,51.486038404795664,-0.41716710691720604,3.0,0.0,0.0,0.0,0.0,0.0,0.0,0.0,4.0,0.0,0.0,0.0,0.0,0.0,0.0,0.0,0.0,0.0,0.0,0.0,1.0,0.0,0.0,0,20.642285417691046
88195d3661fffff,51.4942646332508,-0.4660977957195314,2.0,3.0,0.0,1.0,0.0,0.0,0.0,0.0,0.0,2.0,0.0,2.0,0.0,0.0,0.0,0.0,0.0,9514.633481743555,8967.1875,1.0,1.0,0.0,0.0,1,24.060728819413793
88195d3663fffff,51.48650959365491,-0.4617810800063376,1.0,1.0,0.0,0.0,0.0,0.0,0.0,0.0,0.0,0.0,0.0,2.0,0.0,0.0,0.0,0.0,0.0,10739.757868417486,656.8,0.0,1.0,0.0,0.0,0,23.74142549376341
88195d3665fffff,51.49631844678165,-0.4783358372075588,1.0,0.0,1.0,1.0,0.0,0.0,0.0,0.0,1.0,2.0,0.0,8.0,0.0,1.0,0.0,0.0,0.0,2809.195117556121,151008.41666666666,0.0,2.0,0.0,0.0,0,24.919923996202044
88195d3667fffff,51.488563559211094,-0.47401686119870234,1.0,0.0,0.0,1.0,0.0,0.0,0.0,0.0,8.0,2.0,0.0,4.0,1.0,0.0,0.0,0.0,0.0,0.0,12353.346153846154,0.0,1.0,0.0,0.0,0,24.59339641406576
88195d3669fffff,51.49996450113733,-0.45817768424907884,0.0,0.0,0.0,0.0,0.0,0.0,0.0,0.0,8.0,2.0,0.0,3.0,0.0,1.0,0.0,0.0,0.0,46524.85030062691,33742.208333333336,0.0,10.0,0.0,0.0,0,23.546011241591156
88195d366bfffff,51.4922097216968,-0.45386190139622284,1.0,1.0,0.0,2.0,0.0,0.0,0.0,0.0,1.0,5.0,0.0,4.0,0.0,1.0,0.0,0.0,0.0,34304.93448567006,35483.5,0.0,2.0,0.0,0.0,0,23.203172879922615
88195d366dfffff,51.502019260777104,-0.47041583920783087,5.0,4.0,0.0,3.0,0.0,0.0,0.0,1.0,4.0,8.0,0.0,9.0,2.0,0.0,1.0,0.0,0.0,18965.656334909127,0.0,0.0,23.0,0.0,0.0,0,24.41004184616773
88195d3689fffff,51.42809948814851,-0.4071676785972688,0.0,0.0,0.0,0.0,0.0,0.0,0.0,0.0,0.0,0.0,0.0,1.0,0.0,0.0,0.0,0.0,0.0,5372.286952531329,71729.83333333333,0.0,1.0,0.0,0.0,0,20.93987271623705
88195d368dfffff,51.43015669655933,-0.41938336699189405,2.0,0.0,0.0,2.0,1.0,0.0,0.0,0.0,0.0,5.0,0.0,2.0,0.0,0.0,0.0,0.0,0.0,2729.7103747300152,0.0,0.0,2.0,0.0,0.0,0,21.684766131578925
88195d3699fffff,51.41052324423762,-0.3863567544854567,0.0,0.0,0.0,0.0,0.0,0.0,0.0,0.0,0.0,0.0,0.0,0.0,0.0,0.0,0.0,0.0,0.0,1203.5805876503314,0.0,0.0,0.0,0.0,0.0,0,20.286460541136705
88195d36c1fffff,51.44155749701289,-0.4035568021546059,5.0,3.0,0.0,1.0,0.0,0.0,0.0,0.0,0.0,3.0,0.0,3.0,0.0,0.0,3.0,0.0,0.0,113134.7401319297,11003.333333333334,0.0,39.0,0.0,0.0,0,20.290205832875554
88195d36c3fffff,51.43379954592529,-0.3992548080620712,1.0,0.0,0.0,0.0,0.0,0.0,0.0,0.0,1.0,1.0,0.0,10.0,0.0,0.0,0.0,0.0,0.0,21635.256869798126,2941.0,0.0,5.0,0.0,0.0,0,20.2274793824675
88195d36c5fffff,51.44361550174449,-0.4157748548120473,13.0,2.0,1.0,10.0,0.0,0.0,0.0,0.0,7.0,40.0,0.0,18.0,2.0,2.0,0.0,0.0,0.0,61741.344027561885,4050.1052631578946,0.0,57.0,0.0,0.0,0,21.064159320981904
88195d36c7fffff,51.43585769928154,-0.4114706054570449,0.0,0.0,0.0,0.0,0.0,0.0,0.0,0.0,2.0,0.0,0.0,2.0,0.0,0.0,0.0,0.0,0.0,20723.573210074628,6562.727272727273,0.0,1.0,0.0,0.0,0,20.982231395377802
88195d36c9fffff,51.447256089621796,-0.39564195718084455,1.0,0.0,0.0,2.0,0.0,0.0,0.0,0.0,2.0,3.0,1.0,5.0,0.0,0.0,1.0,0.0,0.0,5612.428177381793,409.0,1.0,8.0,0.0,0.0,1,19.609789470782687
88195d36cbfffff,51.439498398738316,-0.39134089630250446,10.0,1.0,0.0,0.0,0.0,0.0,0.0,0.0,1.0,1.0,0.0,8.0,0.0,2.0,0.0,0.0,0.0,23366.16031810664,21858.39534883721,1.0,22.0,0.0,0.0,1,19.525285387523077
88195d36cdfffff,51.44931503938265,-0.40786011863201393,13.0,0.0,0.0,6.0,1.0,1.0,0.0,1.0,10.0,19.0,0.0,20.0,8.0,0.0,0.0,0.0,0.0,69553.77080709001,0.0,0.0,69.0,0.0,0.0,0,20.393693866948656
88195d36d1fffff,51.42398179222719,-0.3827427391248417,3.0,0.0,1.0,0.0,0.0,0.0,0.0,0.0,11.0,8.0,0.0,5.0,0.0,1.0,0.0,0.0,0.0,10409.308198728295,5715.909090909091,0.0,2.0,0.0,0.0,0,19.484065683944845
88195d36d3fffff,51.416222877375816,-0.378445641704321,6.0,2.0,2.0,1.0,0.0,0.0,0.0,0.0,4.0,8.0,0.0,8.0,1.0,0.0,0.0,0.0,0.0,11132.902822622198,18411.708333333332,0.0,4.0,0.0,0.0,0,19.52762775349107
88195d36d5fffff,51.42604118650806,-0.39495413579344,0.0,0.0,0.0,0.0,0.0,2.0,0.0,0.0,1.0,0.0,0.0,3.0,0.0,0.0,0.0,0.0,0.0,0.0,0.0,0.0,0.0,0.0,0.0,0,20.2058979830153
88195d36d7fffff,51.41828241914942,-0.39065478478803567,0.0,0.0,0.0,0.0,0.0,0.0,0.0,0.0,1.0,0.0,0.0,0.0,0.0,0.0,0.0,0.0,0.0,0.0,0.0,0.0,0.0,0.0,0.0,0,20.22559718163745
88195d36d9fffff,51.42967996052723,-0.3748296532270905,2.0,0.0,0.0,0.0,1.0,0.0,0.0,0.0,7.0,3.0,0.0,9.0,0.0,0.0,0.0,0.0,0.0,30218.269718558582,0.0,0.0,2.0,0.0,0.0,0,18.750893178623446
88195d36dbfffff,51.42192130589515,-0.3705334891349395,3.0,0.0,0.0,0.0,0.0,0.0,0.0,0.0,8.0,1.0,0.0,14.0,0.0,0.0,0.0,0.0,0.0,3217.4623969679214,5387.875,0.0,0.0,0.0,0.0,0,18.775765701531256
88195d36ddfffff,51.431740299477404,-0.3870411571374169,2.0,0.0,0.0,1.0,0.0,0.0,0.0,0.0,3.0,2.0,0.0,17.0,0.0,0.0,0.0,0.0,0.0,8388.048691900378,44841.23333333333,0.0,0.0,0.0,0.0,0,19.483284507214574
88195d36e1fffff,51.4399707243619,-0.4359086374770438,0.0,0.0,0.0,0.0,0.0,0.0,0.0,0.0,0.0,0.0,0.0,4.0,0.0,0.0,0.0,0.0,0.0,30181.280941658366,0.0,0.0,4.0,0.0,0.0,0,22.51918175935065
88195d36e3fffff,51.432212811151366,-0.43160120043189254,0.0,0.0,0.0,0.0,0.0,0.0,0.0,0.0,0.0,0.0,0.0,2.0,0.0,0.0,0.0,0.0,0.0,1068.1863244880924,6679.428571428572,0.0,0.0,0.0,0.0,0,22.439499771204943
88195d36e5fffff,51.442025594907534,-0.44813087100918536,2.0,2.0,0.0,1.0,0.0,0.0,0.0,0.0,2.0,9.0,0.0,0.0,0.0,0.0,0.0,0.0,0.0,62881.16415691903,16103.5,0.0,5.0,0.0,0.0,0,23.299586774301307
88195d36e7fffff,51.4342678313355,-0.44382117837088036,0.0,0.0,0.0,0.0,0.0,0.0,0.0,0.0,1.0,3.0,0.0,0.0,0.0,0.0,0.0,0.0,0.0,2429.7722887063865,0.0,0.0,1.0,0.0,0.0,0,23.203122007495807
88195d36e9fffff,51.44567241234372,-0.4279950537293,0.0,0.0,0.0,0.0,0.0,0.0,0.0,0.0,2.0,0.0,0.0,2.0,0.0,0.0,0.0,0.0,0.0,10361.866820045509,0.0,0.0,13.0,0.0,0.0,0,21.846194933610544
88195d36ebfffff,51.43791475895682,-0.42368854877735634,7.0,0.0,0.0,4.0,0.0,0.0,0.0,0.0,3.0,9.0,0.0,13.0,1.0,0.0,0.0,0.0,0.0,2150.3493117805074,13502.807692307691,0.0,32.0,0.0,0.0,0,21.746450513451244
88195d36edfffff,51.44772822822117,-0.44021739835987156,1.0,0.0,0.0,1.0,0.0,0.0,0.0,0.0,2.0,12.0,0.0,9.0,0.0,0.0,0.0,0.0,0.0,87388.67432385034,16028.42857142857,0.0,34.0,0.0,0.0,0,22.6354837870689
88195d3711fffff,51.47350313032306,-0.5100053629002738,0.0,0.0,0.0,0.0,0.0,0.0,0.0,0.0,0.0,2.0,0.0,0.0,0.0,0.0,0.0,0.0,0.0,0.0,0.0,0.0,0.0,0.0,0.0,0,27.124613336525456
88195d3713fffff,51.46574720415716,-0.5056826612994227,0.0,0.0,0.0,0.0,0.0,0.0,0.0,0.0,0.0,0.0,0.0,0.0,0.0,0.0,0.0,0.0,0.0,0.0,39600.583333333336,0.0,0.0,0.0,0.0,0,26.88187942133243
88195d3719fffff,51.47920876824521,-0.5020895516127851,0.0,0.0,0.0,0.0,0.0,0.0,0.0,0.0,0.0,2.0,0.0,2.0,0.0,0.0,0.0,0.0,0.0,0.0,195107.95833333334,0.0,0.0,0.0,132000.0,0,26.55067468559992
88195d371bfffff,51.471453101490816,-0.4977677807364976,0.0,1.0,0.0,0.0,0.0,0.0,0.0,0.0,0.0,2.0,0.0,0.0,0.0,0.0,0.0,0.0,0.0,14244.193085912739,30711.117647058825,0.0,1.0,0.0,0.0,0,26.28810035058097
88195d3751fffff,51.49266819525167,-0.49849486187299813,0.0,0.0,0.0,0.0,0.0,0.0,0.0,0.0,0.0,2.0,0.0,0.0,0.0,0.0,0.0,0.0,0.0,0.0,0.0,0.0,0.0,0.0,132000.0,0,26.303110982442373
88195d3753fffff,51.48491320038378,-0.4941726935050081,0.0,1.0,0.0,0.0,0.0,0.0,1.0,0.0,2.0,1.0,0.0,1.0,0.0,0.0,0.0,0.0,0.0,25782.24376642607,23874.854166666668,1.0,10.0,0.0,132000.0,1,25.991271786009374
88195d375bfffff,51.4906164266066,-0.4862547886716415,0.0,1.0,0.0,0.0,0.0,0.0,0.0,0.0,6.0,2.0,0.0,0.0,0.0,0.0,0.0,0.0,0.0,23765.561331012977,0.0,0.0,1.0,0.0,0.0,0,25.447353545794
88195da091fffff,51.63280477643084,-0.2879672627989997,0.0,0.0,0.0,0.0,0.0,0.0,0.0,0.0,0.0,0.0,0.0,0.0,0.0,0.0,0.0,0.0,0.0,0.0,0.0,2.0,0.0,0.0,275000.0,1,20.152334231522953
88195da093fffff,51.625056173468245,-0.28367079133285306,8.0,3.0,0.0,0.0,0.0,0.0,0.0,0.0,5.0,4.0,0.0,4.0,0.0,0.0,0.0,0.0,0.0,1129.815606977753,26426.52,0.0,5.0,0.0,0.0,0,19.2788638001334
88195da095fffff,51.634880193720505,-0.30021004466310935,0.0,0.0,0.0,0.0,0.0,0.0,0.0,0.0,0.0,0.0,0.0,0.0,0.0,0.0,0.0,0.0,0.0,0.0,16719.88888888889,0.0,1.0,0.0,275000.0,0,20.838874491803402
88195da097fffff,51.62713174056071,-0.29591130445379193,0.0,0.0,0.0,0.0,0.0,0.0,0.0,0.0,1.0,0.0,0.0,2.0,0.0,0.0,0.0,0.0,0.0,8694.24801372105,21772.75,0.0,1.0,0.0,0.0,0,19.9728067511829
88195da099fffff,51.63847660300841,-0.28002217694583587,0.0,0.0,0.0,0.0,0.0,0.0,0.0,0.0,0.0,0.0,0.0,0.0,0.0,0.0,0.0,0.0,0.0,0.0,0.0,2.0,0.0,0.0,275000.0,1,20.36469948513798
88195da09bfffff,51.630728263872506,-0.2757266487916965,0.0,0.0,0.0,0.0,0.0,0.0,0.0,0.0,0.0,0.0,0.0,2.0,0.0,0.0,0.0,0.0,0.0,10510.299611438215,0.0,0.0,3.0,0.0,0.0,0,19.481282208536214
88195da0b1fffff,51.6312795879227,-0.3203988310663142,0.0,0.0,0.0,0.0,0.0,0.0,0.0,0.0,0.0,1.0,0.0,0.0,0.0,0.0,0.0,0.0,0.0,0.0,0.0,0.0,1.0,0.0,0.0,0,21.40160770016693
88195da0b3fffff,51.6235310215722,-0.31609687958104765,1.0,0.0,0.0,1.0,0.0,0.0,0.0,0.0,1.0,9.0,1.0,5.0,1.0,0.0,0.0,0.0,0.0,0.0,5352.0,0.0,3.0,0.0,0.0,0,20.555732949381675
88195da0b5fffff,51.6333518670053,-0.33264584347145887,0.0,0.0,0.0,0.0,0.0,0.0,0.0,0.0,0.0,0.0,0.0,2.0,0.0,0.0,0.0,0.0,0.0,0.0,13414.52,0.0,3.0,0.0,0.0,0,22.133842606951767
88195da0b7fffff,51.625603451474426,-0.32834162289375735,0.0,0.0,0.0,0.0,0.0,0.0,1.0,0.0,8.0,8.0,0.0,2.0,0.0,0.0,0.0,0.0,0.0,9900.071199032662,10742.666666666666,0.0,3.0,0.0,0.0,0,21.295830757615207
88195da0b9fffff,51.6369545151479,-0.31245499384172665,0.0,0.0,0.0,0.0,0.0,0.0,0.0,0.0,0.0,0.0,0.0,0.0,0.0,0.0,0.0,0.0,0.0,0.0,88327.625,0.0,1.0,0.0,0.0,0,21.53943125550779
88195da0bbfffff,51.62920621224335,-0.308153984545855,0.0,0.0,0.0,1.0,1.0,0.0,0.0,0.0,3.0,3.0,0.0,4.0,0.0,0.0,0.0,0.0,0.0,8368.534444175979,0.0,0.0,2.0,0.0,0.0,0,20.680851483845007
88195da1a3fffff,51.65557399626717,-0.4227569756353658,0.0,0.0,0.0,0.0,0.0,0.0,0.0,0.0,0.0,0.0,0.0,0.0,0.0,0.0,0.0,0.0,0.0,0.0,0.0,1.0,0.0,0.0,0.0,1,28.29825842493186
88195da401fffff,51.58157772435913,-0.1931549898844855,4.0,0.0,0.0,2.0,0.0,0.0,0.0,0.0,24.0,0.0,0.0,15.0,3.0,2.0,1.0,0.0,0.0,5625.144857403239,0.0,0.0,1.0,0.0,0.0,0,11.883808781326824
88195da403fffff,51.57382618047609,-0.18887872362512637,3.0,0.0,0.0,1.0,0.0,0.0,0.0,0.0,13.0,2.0,0.0,14.0,0.0,1.0,0.0,0.0,0.0,658.9912771458248,15961.208333333334,0.0,1.0,1.0,0.0,0,10.977900511649782
88195da405fffff,51.583660436407946,-0.20537342994592525,5.0,2.0,0.0,0.0,0.0,0.0,0.0,0.0,3.0,7.0,0.0,5.0,0.0,1.0,0.0,0.0,0.0,7746.122515983349,50703.35294117647,0.0,5.0,0.0,0.0,0,12.473297653842243
88195da407fffff,51.57590903791643,-0.2010949004117818,10.0,1.0,1.0,7.0,6.0,1.0,0.0,0.0,7.0,14.0,1.0,12.0,0.0,2.0,0.0,0.0,0.0,1585.0934273041362,14627.137931034482,0.0,12.0,0.0,0.0,0,11.57453714028752
88195da409fffff,51.587245202475856,-0.18521404070181988,3.0,0.0,0.0,3.0,1.0,0.0,0.0,0.0,9.0,18.0,1.0,11.0,2.0,1.0,0.0,0.0,0.0,2929.2832461416474,871.6363636363636,11.0,26.0,0.0,0.0,1,12.242558868821007
88195da40bfffff,51.57949392286182,-0.1809387191765078,0.0,0.0,0.0,0.0,0.0,0.0,0.0,0.0,8.0,0.0,0.0,4.0,1.0,0.0,0.0,0.0,0.0,0.0,947.1428571428571,0.0,0.0,0.0,0.0,0,11.331798106229902
88195da40dfffff,51.589328858693285,-0.19743257501604075,0.0,0.0,0.0,1.0,0.0,0.0,0.0,0.0,11.0,5.0,1.0,12.0,0.0,0.0,1.0,0.0,0.0,6628.302929952783,97067.375,0.0,26.0,0.0,0.0,0,12.790548183867436
88195da411fffff,51.56399013639113,-0.1723920301435783,1.0,0.0,0.0,2.0,0.0,0.0,0.0,0.0,25.0,3.0,0.0,2.0,0.0,0.0,0.0,0.0,0.0,0.0,18787.545454545456,0.0,4.0,0.0,0.0,0,9.510843765368897
88195da413fffff,51.55623763030544,-0.16812066151222316,28.0,2.0,0.0,12.0,2.0,0.0,2.0,0.0,34.0,15.0,0.0,12.0,7.0,1.0,0.0,0.0,0.0,21695.492471426893,0.0,0.0,22.0,0.0,0.0,0,8.600788571133585
88195da415fffff,51.566074227429716,-0.18460377567570016,1.0,1.0,0.0,2.0,0.0,0.0,1.0,0.0,56.0,17.0,0.0,7.0,0.0,0.0,0.0,0.0,0.0,7926.978968272902,0.0,0.0,6.0,0.0,0.0,0,10.073055445106728
88195da417fffff,51.55832186560559,-0.18033014547425427,10.0,0.0,0.0,11.0,3.0,0.0,0.0,1.0,37.0,24.0,0.0,10.0,10.0,0.0,1.0,0.0,0.0,6202.239405164713,0.0,0.0,23.0,2.0,0.0,0,9.169596918156152
88195da419fffff,51.56965719919675,-0.16445287760188063,0.0,1.0,0.0,2.0,0.0,0.0,0.0,0.0,99.0,8.0,0.0,4.0,2.0,0.0,0.0,0.0,0.0,1669.324015438281,0.0,0.0,1.0,0.0,0.0,0,9.911170532056053
88195da41bfffff,51.561904957399484,-0.16018245380151694,2.0,0.0,0.0,0.0,0.0,1.0,0.0,0.0,78.0,6.0,0.0,0.0,0.0,0.0,0.0,0.0,0.0,367.0381524233192,0.0,0.0,0.0,0.0,0.0,0,8.999345550211423
88195da41dfffff,51.571742234038425,-0.17666471584443197,0.0,0.0,0.0,0.0,0.0,0.0,0.0,0.0,20.0,1.0,0.0,11.0,1.0,0.0,0.0,0.0,0.0,8630.575740576382,6167.0,0.0,4.0,0.0,0.0,0,10.421207366378084
88195da421fffff,51.580071483432214,-0.225533758869379,14.0,2.0,0.0,10.0,0.0,0.0,0.0,0.0,11.0,45.0,0.0,11.0,0.0,3.0,0.0,0.0,0.0,140454.06184069338,55352.48148148148,11.0,39.0,0.0,0.0,1,12.86512129453778
88195da423fffff,51.57231996689541,-0.22125202209110495,7.0,2.0,0.0,10.0,1.0,0.0,0.0,0.0,63.0,49.0,0.0,17.0,0.0,0.0,0.0,0.0,0.0,233172.98223784083,86131.8125,0.0,28.0,0.0,0.0,0,11.989809527396547
88195da425fffff,51.58215107032126,-0.23775643947106231,1.0,0.0,0.0,0.0,1.0,0.0,0.0,0.0,8.0,5.0,0.0,11.0,1.0,0.0,0.0,0.0,0.0,119242.55353762706,13098.395833333334,0.0,7.0,0.0,0.0,0,13.549832773088102
88195da427fffff,51.57439970019026,-0.2334724390572649,1.0,0.0,0.0,0.0,0.0,0.0,0.0,0.0,5.0,5.0,0.0,6.0,0.0,0.0,0.0,0.0,0.0,138386.02739662735,32047.931623931625,0.0,22.0,0.0,0.0,0,12.686184945062848
88195da429fffff,51.58574205841492,-0.21759403882711884,10.0,2.0,0.0,3.0,0.0,0.0,0.0,0.0,3.0,6.0,0.0,8.0,0.0,5.0,0.0,0.0,0.0,35844.39034805075,16043.333333333334,0.0,16.0,0.0,0.0,0,13.09521960023919
88195da42bfffff,51.57799080576621,-0.2133132456712514,3.0,1.0,0.0,4.0,1.0,1.0,0.0,1.0,24.0,27.0,0.0,20.0,0.0,3.0,0.0,0.0,0.0,36529.595725271094,63371.620689655174,1.0,28.0,0.0,0.0,1,12.205277245153123
88195da42dfffff,51.58782258978675,-0.22981681599337264,13.0,0.0,0.0,14.0,0.0,0.0,0.0,1.0,3.0,8.0,0.0,15.0,0.0,2.0,0.0,0.0,0.0,37103.235732323184,36772.98181818182,1.0,14.0,0.0,0.0,1,13.745187357714498
88195da431fffff,51.562487071326956,-0.20475561779866291,6.0,0.0,0.0,2.0,1.0,0.0,0.0,0.0,10.0,7.0,1.0,12.0,1.0,0.0,0.0,0.0,0.0,39993.913743102064,0.0,0.0,11.0,0.0,0.0,0,10.436751096760084
88195da433fffff,51.55473459030787,-0.200478781957408,13.0,0.0,1.0,10.0,4.0,0.0,0.0,0.0,19.0,44.0,0.0,16.0,2.0,1.0,0.0,0.0,0.0,4358.784067556481,13116.0,0.0,14.0,0.0,0.0,0,9.56028520852129
88195da435fffff,51.56456804056213,-0.21697160509590765,2.0,0.0,0.0,1.0,0.0,0.0,0.0,0.0,8.0,2.0,0.0,10.0,0.0,3.0,0.0,0.0,0.0,30430.146874001723,19458.875,0.0,5.0,0.0,0.0,0,11.120381879797057
88195da437fffff,51.55681570481818,-0.21269250732143488,13.0,3.0,0.0,43.0,8.0,0.0,0.0,0.0,12.0,98.0,0.0,24.0,2.0,4.0,0.0,0.0,0.0,82444.62979871924,13456.541666666666,0.0,50.0,0.0,400000.0,0,10.258342240652025
88195da439fffff,51.56815722992206,-0.19681768986623852,7.0,2.0,0.0,13.0,1.0,0.0,0.0,0.0,21.0,35.0,0.0,17.0,0.0,7.0,0.0,0.0,1.0,13433.05557533345,11535.645833333334,0.0,44.0,0.0,0.0,0,10.677991840946069
88195da43bfffff,51.56040501281044,-0.19254179774709745,1.0,2.0,0.0,5.0,0.0,0.0,0.0,0.0,17.0,10.0,0.0,10.0,0.0,0.0,0.0,0.0,0.0,1656.0929820608526,20189.222222222223,0.0,43.0,0.0,0.0,0,9.784278776517372
88195da43dfffff,51.57023914327499,-0.20903377218256977,0.0,0.0,0.0,0.0,0.0,0.0,0.0,0.0,19.0,0.0,0.0,9.0,0.0,0.0,0.0,0.0,0.0,3730.849198058916,66625.29166666667,0.0,15.0,0.0,0.0,0,11.318822335990195
88195da441fffff,51.60066207768636,-0.18154774794709014,1.0,0.0,0.0,0.0,0.0,0.0,0.0,0.0,23.0,4.0,0.0,8.0,2.0,0.0,0.0,0.0,0.0,33842.406970417134,8989.0,0.0,2.0,0.0,0.0,0,13.55831481306048
88195da443fffff,51.59291147213961,-0.17727205296508297,10.0,0.0,0.0,5.0,1.0,0.0,1.0,0.0,4.0,16.0,1.0,8.0,0.0,0.0,0.0,0.0,0.0,20195.62909412311,14651.8,0.0,9.0,0.0,0.0,0,12.646557819206947
88195da445fffff,51.6027465325341,-0.19376864058165252,18.0,1.0,0.0,23.0,6.0,0.0,0.0,1.0,5.0,54.0,0.0,14.0,2.0,3.0,0.0,0.0,0.0,30800.37871573212,10809.125,0.0,18.0,0.0,0.0,0,14.064435891585811
88195da447fffff,51.594996072495086,-0.1894906809826733,10.0,0.0,0.0,1.0,0.0,0.0,0.0,0.0,4.0,3.0,0.0,13.0,0.0,0.0,1.0,0.0,0.0,21353.70877455948,48979.88888888889,0.0,4.0,0.0,0.0,0,13.153448339099588
88195da449fffff,51.606326874140315,-0.1736037760107462,10.0,0.0,0.0,7.0,0.0,0.0,0.0,1.0,10.0,17.0,1.0,14.0,0.0,0.0,0.0,0.0,0.0,105704.5281987623,17337.5625,0.0,27.0,0.0,0.0,0,14.001489921415457
88195da44bfffff,51.598576533223536,-0.169329026775771,2.0,1.0,0.0,0.0,0.0,0.0,0.0,0.0,3.0,1.0,0.0,9.0,0.0,0.0,0.0,0.0,0.0,9589.795430972792,27527.083333333332,0.0,21.0,0.0,0.0,0,13.091598349046563
88195da44dfffff,51.60841227320714,-0.1858247621304077,6.0,0.0,2.0,3.0,1.0,0.0,0.0,0.0,18.0,34.0,0.0,9.0,0.0,0.0,2.0,0.0,0.0,11008.674535548476,13506.0,0.0,7.0,0.0,0.0,0,14.470049430763545
88195da451fffff,51.583074622715884,-0.16078348330807024,1.0,0.0,0.0,6.0,0.0,0.0,0.0,0.0,33.0,20.0,0.0,9.0,1.0,0.0,0.0,0.0,0.0,3878.9395633768418,21567.583333333332,0.0,28.0,0.0,0.0,0,11.272628983861415
88195da453fffff,51.57532305389548,-0.15651268795079332,0.0,0.0,0.0,0.0,0.0,0.0,0.0,0.0,9.0,4.0,0.0,8.0,1.0,0.0,0.0,0.0,0.0,0.0,15648.333333333334,0.0,4.0,0.0,0.0,0,10.363709250589995
88195da455fffff,51.585160456952195,-0.17299767662173915,0.0,0.0,1.0,1.0,0.0,0.0,0.0,0.0,10.0,2.0,0.0,9.0,0.0,0.0,0.0,0.0,0.0,707.8893604931843,33209.28,0.0,33.0,0.0,0.0,0,11.734779970920462
88195da457fffff,51.57740903250946,-0.16872461835469585,0.0,0.0,0.0,0.0,0.0,0.0,0.0,0.0,3.0,0.0,0.0,6.0,0.0,0.0,0.0,0.0,0.0,6354.818714996102,0.0,0.0,1.0,0.0,0.0,0,10.822983290673239
88195da459fffff,51.588739004530936,-0.152841310806317,3.0,0.0,2.0,5.0,0.0,0.0,0.0,0.0,36.0,19.0,1.0,6.0,2.0,0.0,0.0,0.0,0.0,7947.543051518029,11485.67924528302,0.0,13.0,0.0,0.0,0,11.764635941813943
88195da45bfffff,51.58098770036051,-0.14857146129211685,7.0,0.0,0.0,7.0,2.0,0.0,1.0,0.0,126.0,31.0,0.0,17.0,0.0,0.0,0.0,0.0,0.0,9979.374134226115,2232.0,1.0,22.0,3.0,0.0,1,10.861913214850766
88195da45dfffff,51.59082578262032,-0.16505559606235168,28.0,2.0,0.0,4.0,6.0,0.0,0.0,1.0,14.0,8.0,0.0,17.0,3.0,1.0,1.0,0.0,0.0,21674.10863416789,15467.75,1.0,17.0,3.0,0.0,1,12.1819556206061
88195da461fffff,51.599162003339906,-0.21393444823017882,1.0,0.0,0.0,0.0,1.0,0.0,0.0,0.0,10.0,5.0,0.0,6.0,0.0,2.0,0.0,0.0,0.0,0.0,15277.1,0.0,0.0,0.0,0.0,0,14.275767709973051
88195da463fffff,51.59141142501096,-0.20965327903114309,0.0,2.0,0.0,0.0,0.0,0.0,0.0,0.0,2.0,0.0,0.0,9.0,0.0,0.0,0.0,0.0,0.0,2888.9594242480316,69848.52083333333,0.0,18.0,0.0,0.0,0,13.37382088113599
88195da465fffff,51.60124333264207,-0.22615958639150613,1.0,0.0,0.0,0.0,0.0,0.0,0.0,0.0,2.0,1.0,0.0,0.0,0.0,0.0,0.0,0.0,0.0,41823.633994047574,0.0,0.0,4.0,0.0,0.0,0,14.88304075640407
88195da467fffff,51.59349290083543,-0.22187615221287374,6.0,1.0,0.0,12.0,0.0,0.0,0.0,0.0,5.0,0.0,0.0,7.0,1.0,1.0,0.0,0.0,0.0,7833.597312491547,37180.86111111111,0.0,32.0,0.0,0.0,0,13.987978135128682
88195da469fffff,51.60482989717297,-0.20599170414609924,2.0,1.0,0.0,4.0,1.0,0.0,0.0,0.0,9.0,25.0,2.0,8.0,0.0,1.0,0.0,0.0,0.0,25140.289032639143,2270.6666666666665,0.0,9.0,0.0,0.0,0,14.60587945933952
88195da46bfffff,51.597079583093056,-0.20171147958231037,5.0,1.0,0.0,4.0,0.0,0.0,0.0,0.0,7.0,6.0,0.0,12.0,1.0,1.0,0.0,0.0,0.0,14616.818075375297,16679.197916666668,0.0,3.0,0.0,0.0,0,13.69794790416394
88195da46dfffff,51.606912171009235,-0.21821693810608608,1.0,0.0,0.0,1.0,1.0,0.0,0.0,0.0,3.0,3.0,0.0,3.0,0.0,3.0,0.0,0.0,0.0,9281.708181179049,0.0,0.0,8.0,0.0,0.0,0,15.178879149918096
88195da481fffff,51.52730833824392,-0.1632487909192815,28.0,18.0,0.0,10.0,2.0,0.0,1.0,0.0,80.0,41.0,0.0,11.0,3.0,0.0,1.0,0.0,0.0,14686.588739607016,31800.285714285714,1.0,122.0,0.0,400000.0,1,5.583372317183433
88195da483fffff,51.51955393831557,-0.15898174103850252,116.0,24.0,0.0,113.0,17.0,1.0,2.0,4.0,71.0,273.0,2.0,31.0,14.0,6.0,1.0,0.0,0.0,17865.17884236266,27422.222222222223,0.0,300.0,5.0,0.0,0,4.701705729974553
88195da485fffff,51.52939206090567,-0.17545140230100584,26.0,11.0,0.0,2.0,2.0,0.0,0.0,1.0,53.0,27.0,0.0,18.0,9.0,2.0,0.0,0.0,0.0,22393.704163300095,22121.1,0.0,65.0,0.0,400000.0,0,6.262242114805267
88195da487fffff,51.52163780399362,-0.17118209389121655,87.0,20.0,2.0,57.0,8.0,0.0,1.0,1.0,43.0,193.0,0.0,27.0,21.0,9.0,1.0,0.0,2.0,28527.26068441028,39111.09523809524,0.0,184.0,2.0,132000.0,0,5.407923894902059
88195da489fffff,51.53297766527334,-0.15531445242220268,6.0,1.0,0.0,4.0,0.0,0.0,1.0,0.0,106.0,33.0,0.0,3.0,0.0,0.0,0.0,0.0,0.0,2298.2262692290774,0.0,0.0,5.0,0.0,400000.0,0,5.874040351052952
88195da48bfffff,51.5252235292896,-0.15104834645734624,41.0,2.0,0.0,6.0,7.0,1.0,2.0,3.0,182.0,57.0,0.0,6.0,10.0,0.0,0.0,0.0,0.0,8750.949778921266,0.0,0.0,108.0,1.0,132000.0,0,4.967358191549861
88195da48dfffff,51.5350623313228,-0.16751715574258585,43.0,9.0,1.0,22.0,4.0,0.0,1.0,1.0,64.0,86.0,2.0,8.0,7.0,4.0,0.0,0.0,0.0,1998.3852721549001,3971.0,22.0,33.0,0.0,400000.0,1,6.473465424979789
88195da491fffff,51.50971403817632,-0.14252007676317727,119.0,6.0,0.0,173.0,1.0,1.0,5.0,12.0,122.0,510.0,0.0,28.0,37.0,7.0,1.0,0.0,4.0,3483.5998945112165,24433.29487179487,0.0,200.0,6.0,132000.0,0,3.1632627668820725
88195da493fffff,51.50195868381817,-0.13825791191415,24.0,2.0,0.0,37.0,1.0,0.0,0.0,0.0,69.0,80.0,0.0,8.0,6.0,1.0,0.0,0.0,0.0,29862.976134918707,4963.0,0.0,44.0,4.0,0.0,0,2.2732859606718825
88195da495fffff,51.51179913192349,-0.154716005540016,63.0,6.0,1.0,57.0,5.0,2.0,3.0,2.0,77.0,146.0,0.0,32.0,18.0,4.0,1.0,0.0,0.0,82358.43964534007,22720.880208333332,0.0,199.0,6.0,132000.0,0,3.8343032608647105
88195da497fffff,51.504043919453466,-0.15045158386387095,29.0,4.0,0.0,42.0,1.0,0.0,1.0,2.0,83.0,58.0,0.0,28.0,16.0,6.0,0.0,0.0,0.0,14222.895733569696,4378.888888888889,0.0,108.0,6.0,0.0,0,2.99361591049308
88195da499fffff,51.515382950025526,-0.13458753557714837,173.0,10.0,0.0,303.0,6.0,1.0,5.0,23.0,152.0,372.0,0.0,24.0,55.0,15.0,9.0,0.0,8.0,833.0299359495999,11003.497297297297,2.0,287.0,6.0,132000.0,1,3.5288523297112575
88195da49bfffff,51.507627859629714,-0.13032631473815195,89.0,10.0,0.0,205.0,5.0,1.0,6.0,29.0,94.0,292.0,0.0,57.0,53.0,11.0,1.0,0.0,1.0,22687.52995353097,18264.01388888889,0.0,188.0,18.0,132000.0,0,2.617670144515242
88195da49dfffff,51.51746898679536,-0.14678355475767632,135.0,9.0,0.0,99.0,29.0,0.0,1.0,10.0,59.0,345.0,0.0,38.0,28.0,7.0,1.0,0.0,3.0,17902.35889397649,11624.078947368422,22.0,268.0,13.0,0.0,1,4.063072227977495
88195da4a1fffff,51.525802275453344,-0.19558929719375281,64.0,5.0,1.0,35.0,9.0,0.0,0.0,0.0,47.0,68.0,1.0,20.0,7.0,2.0,2.0,0.0,0.0,18706.423432737178,10906.953488372093,0.0,50.0,0.0,400000.0,0,6.939223035632709
88195da4a3fffff,51.518047898444486,-0.19131678709764388,86.0,3.0,0.0,52.0,7.0,1.0,0.0,4.0,42.0,142.0,1.0,19.0,5.0,3.0,1.0,0.0,0.0,34193.28804919207,36144.11111111111,0.0,34.0,1.0,22000.0,0,6.167862119656004
88195da4a5fffff,51.527882880050164,-0.20779614658186027,64.0,1.0,2.0,17.0,5.0,0.0,0.0,1.0,29.0,66.0,0.0,12.0,1.0,4.0,2.0,0.0,0.0,7137.132887524762,18299.166666666668,0.0,20.0,0.0,400000.0,0,7.7408776127068935
88195da4a7fffff,51.52012864707018,-0.20352137759312464,106.0,2.0,2.0,58.0,9.0,0.0,0.0,3.0,27.0,202.0,1.0,18.0,12.0,3.0,1.0,0.0,0.0,16724.55969747703,13469.166666666666,0.0,20.0,0.0,400000.0,0,6.993470679299849
88195da4a9fffff,51.531474696682245,-0.18765618007258741,30.0,2.0,0.0,12.0,5.0,1.0,1.0,0.0,119.0,45.0,0.0,12.0,3.0,1.0,0.0,0.0,0.0,23740.27175560585,16552.379310344826,0.0,48.0,1.0,400000.0,0,6.985695121249815
88195da4abfffff,51.52372058323703,-0.18338461278642146,45.0,3.0,0.0,20.0,6.0,0.0,1.0,2.0,52.0,56.0,1.0,13.0,9.0,2.0,0.0,4.0,1.0,25584.53043937649,1560.3333333333333,1.0,41.0,2.0,400000.0,1,6.158552395491197
88195da4adfffff,51.53355624498109,-0.19986312370312276,47.0,4.0,1.0,7.0,1.0,0.0,0.0,0.0,47.0,25.0,1.0,18.0,4.0,3.0,1.0,0.0,0.0,26653.46111833529,8835.142857142857,0.0,35.0,2.0,0.0,0,7.741267704753064
88195da4b1fffff,51.5082111353069,-0.17484542486269603,14.0,0.0,0.0,4.0,1.0,0.0,0.0,0.0,75.0,25.0,0.0,6.0,10.0,0.0,0.0,0.0,0.0,16015.93404955839,0.0,0.0,29.0,1.0,0.0,0,4.60170328744471
88195da4b3fffff,51.500455801593866,-0.17057780310461337,44.0,4.0,0.0,42.0,9.0,0.0,0.0,0.0,102.0,92.0,0.0,12.0,6.0,6.0,0.0,0.0,0.0,5912.002791228337,30406.416666666668,0.0,38.0,1.0,22000.0,0,3.9110176457231414
88195da4b5fffff,51.51029311434053,-0.1870455928541724,55.0,5.0,1.0,56.0,4.0,0.0,1.0,0.0,71.0,81.0,0.0,20.0,9.0,5.0,1.0,0.0,0.0,11125.571800858814,24033.677966101695,0.0,31.0,2.0,66000.0,0,5.440266735012314
88195da4b7fffff,51.50253792352748,-0.182775713902993,56.0,3.0,1.0,40.0,4.0,2.0,5.0,7.0,129.0,66.0,0.0,18.0,8.0,2.0,1.0,0.0,0.0,5730.980778495964,34079.5,1.0,16.0,0.0,22000.0,1,4.776495498539678
88195da4b9fffff,51.51388314027883,-0.1669141005407745,73.0,10.0,0.0,45.0,6.0,1.0,0.0,3.0,26.0,107.0,1.0,12.0,25.0,4.0,0.0,0.0,0.0,84580.27132615581,27927.25925925926,0.0,125.0,0.0,132000.0,0,4.57597499624441
88195da4bbfffff,51.506128070147135,-0.1626474216894959,5.0,0.0,0.0,6.0,0.0,1.0,0.0,0.0,76.0,17.0,0.0,0.0,0.0,0.0,0.0,1.0,0.0,75365.38575083077,0.0,0.0,7.0,0.0,0.0,0,3.7812102587046144
88195da4bdfffff,51.51596606264994,-0.17911436123659538,74.0,9.0,1.0,93.0,5.0,0.0,1.0,1.0,78.0,145.0,0.0,25.0,15.0,9.0,0.0,1.0,0.0,26974.80276135186,16374.6,1.0,85.0,6.0,0.0,1,5.359069686115881
88195da4c1fffff,51.546399249892936,-0.15164555481244443,70.0,0.0,1.0,16.0,4.0,1.0,0.0,0.0,33.0,32.0,0.0,26.0,6.0,2.0,0.0,0.0,0.0,6170.686574459562,0.0,0.0,76.0,2.0,275000.0,0,7.1756840447503665
88195da4c3fffff,51.5386457849546,-0.14737907850160362,60.0,5.0,0.0,80.0,3.0,3.0,1.0,5.0,74.0,164.0,0.0,19.0,11.0,5.0,1.0,4.0,6.0,22471.463304417568,15946.861111111111,0.0,73.0,2.0,400000.0,0,6.263869178206255
88195da4c5fffff,51.54848471616686,-0.16385060938892762,41.0,1.0,2.0,10.0,2.0,0.0,0.0,1.0,23.0,16.0,0.0,15.0,5.0,2.0,1.0,0.0,0.0,21968.842528678546,15961.208333333334,0.0,21.0,1.0,0.0,0,7.691161467533925
88195da4c7fffff,51.54073139436098,-0.15958187321254066,30.0,2.0,0.0,13.0,2.0,0.0,1.0,0.0,66.0,44.0,1.0,7.0,3.0,1.0,0.0,0.0,1.0,20389.66907807778,22631.875,0.0,28.0,0.0,275000.0,0,6.7821462600372096
88195da4c9fffff,51.55206589779157,-0.14370820064404363,55.0,5.0,0.0,22.0,3.0,1.0,0.0,0.0,39.0,53.0,0.0,14.0,3.0,4.0,0.0,0.0,0.0,29853.50199870327,19051.708333333332,0.0,29.0,1.0,0.0,0,7.6409463285138886
88195da4cbfffff,51.54431269716053,-0.139442669259269,91.0,5.0,1.0,22.0,3.0,1.0,1.0,4.0,89.0,55.0,0.0,23.0,11.0,1.0,0.0,0.0,0.0,14364.631072804044,16866.364806866954,0.0,92.0,0.0,400000.0,0,6.7356271355185315
88195da4cdfffff,51.55415230750305,-0.15591334639210905,35.0,2.0,0.0,7.0,1.0,1.0,0.0,0.0,24.0,23.0,0.0,13.0,4.0,0.0,0.0,0.0,0.0,14637.944715216616,8256.6,0.0,54.0,0.0,0.0,0,8.087513922845762
88195da4d1fffff,51.52880507531621,-0.13091554970136052,145.0,7.0,2.0,94.0,4.0,1.0,1.0,10.0,64.0,126.0,0.0,36.0,16.0,7.0,6.0,0.0,1.0,10380.123840420743,34797.358024691355,0.0,149.0,8.0,22000.0,0,4.932236661186949
88195da4d3fffff,51.52105065487384,-0.12665396040771196,159.0,12.0,0.0,97.0,7.0,1.0,2.0,2.0,186.0,139.0,0.0,22.0,34.0,8.0,20.0,0.0,1.0,27776.75133046072,13755.564245810056,0.0,204.0,2.0,33000.0,0,4.037442753849224
88195da4d5fffff,51.53089191307356,-0.14311391689895506,45.0,3.0,0.0,8.0,3.0,0.0,0.0,0.0,61.0,24.0,0.0,11.0,7.0,4.0,0.0,0.0,0.0,23754.868472582777,18679.96875,1.0,34.0,0.0,0.0,1,5.352091599065343
88195da4d7fffff,51.52313763463534,-0.13885006944416128,184.0,10.0,1.0,80.0,14.0,1.0,1.0,6.0,68.0,161.0,0.0,31.0,27.0,6.0,10.0,0.0,6.0,10663.90395310435,45709.31707317073,1.0,287.0,7.0,132000.0,1,4.440391849696459
88195da4d9fffff,51.53447130871091,-0.12297999563133903,107.0,7.0,1.0,127.0,2.0,1.0,0.0,10.0,110.0,165.0,0.0,32.0,15.0,9.0,2.0,0.0,0.0,1109.0851257305874,21276.291666666668,0.0,93.0,11.0,400000.0,0,5.507966726325704
88195da4dbfffff,51.52671715259416,-0.11871935135696332,134.0,10.0,0.0,53.0,4.0,0.0,1.0,2.0,68.0,108.0,0.0,16.0,11.0,8.0,0.0,0.0,0.0,17807.368302822837,13997.4824120603,0.0,104.0,1.0,0.0,0,4.64221633096666
88195da4ddfffff,51.536559089540255,-0.13517845246517882,67.0,3.0,0.0,7.0,3.0,0.0,2.0,2.0,64.0,39.0,1.0,24.0,14.0,3.0,1.0,0.0,1.0,9861.574659513903,13756.75,0.0,73.0,1.0,400000.0,0,5.832345447567588
88195da4e1fffff,51.54489935277828,-0.18399396654073566,24.0,1.0,0.0,21.0,2.0,0.0,0.0,1.0,67.0,63.0,0.0,17.0,6.0,1.0,0.0,0.0,0.0,56546.081486721465,0.0,0.0,38.0,1.0,66000.0,0,8.009178990512934
88195da4e3fffff,51.53714591062914,-0.1797220263306,16.0,6.0,0.0,10.0,3.0,0.0,0.0,0.0,45.0,39.0,0.0,11.0,2.0,1.0,1.0,0.0,0.0,18936.819934514155,0.0,0.0,22.0,1.0,0.0,0,7.130883359395535
88195da4e5fffff,51.54698170060352,-0.1962032640969601,30.0,2.0,0.0,11.0,1.0,1.0,1.0,0.0,40.0,19.0,0.0,17.0,4.0,1.0,0.0,0.0,0.0,12051.723711201508,2057.3076923076924,0.0,17.0,5.0,0.0,0,8.691129716226493
88195da4e7fffff,51.5392284025997,-0.19192906365577314,42.0,6.0,1.0,5.0,2.0,0.0,0.0,1.0,41.0,19.0,1.0,28.0,4.0,2.0,0.0,0.0,0.0,30204.58074801766,19406.37837837838,0.0,43.0,0.0,400000.0,0,7.831728918855573
88195da4e9fffff,51.55056909538931,-0.17605783245912124,7.0,2.0,0.0,5.0,0.0,0.0,0.0,0.0,16.0,16.0,0.0,12.0,0.0,2.0,3.0,0.0,0.0,21301.168992003382,39802.64705882353,0.0,13.0,0.0,0.0,0,8.26798897737445
88195da4ebfffff,51.542815917166486,-0.17178683606893172,28.0,2.0,0.0,22.0,8.0,0.0,3.0,1.0,37.0,63.0,0.0,23.0,10.0,3.0,0.0,0.0,0.0,36781.24060131145,23735.583333333332,0.0,55.0,4.0,0.0,0,7.36892157443936
88195da4edfffff,51.55265238696728,-0.18826722349246583,21.0,1.0,0.0,12.0,0.0,0.0,0.0,0.0,13.0,12.0,0.0,15.0,0.0,0.0,0.0,0.0,0.0,11314.262887099041,5208.333333333333,0.0,32.0,0.0,0.0,0,8.894260598983356
88195da501fffff,51.59613379705761,-0.27872959678131276,5.0,0.0,1.0,6.0,3.0,1.0,0.0,0.0,3.0,11.0,0.0,3.0,0.0,0.0,0.0,0.0,0.0,0.0,11901.0,0.0,16.0,0.0,0.0,0,16.55770226566968
88195da503fffff,51.58838328039578,-0.27443748033157017,5.0,0.0,1.0,0.0,1.0,0.0,0.0,1.0,5.0,15.0,0.0,7.0,0.0,0.0,2.0,0.0,0.0,6176.726431883713,0.0,0.0,3.0,0.0,0.0,0,15.72024903277022
88195da505fffff,51.598208866355435,-0.2909632073184865,4.0,1.0,0.0,0.0,0.0,0.0,0.0,0.0,1.0,3.0,0.0,13.0,0.0,0.0,0.0,0.0,0.0,25174.732346279998,20646.967741935485,0.0,31.0,0.0,0.0,0,17.301091259816708
88195da507fffff,51.59045849824633,-0.2866688251767126,4.0,1.0,0.0,4.0,0.0,0.0,0.0,0.0,3.0,12.0,0.0,7.0,0.0,0.0,0.0,0.0,0.0,36523.89598857543,0.0,1.0,10.0,0.0,0.0,1,16.474013112417964
88195da509fffff,51.60180788733319,-0.270789325887093,8.0,0.0,0.0,3.0,2.0,0.0,0.0,0.0,6.0,16.0,0.0,17.0,0.0,1.0,0.0,0.0,0.0,75641.9567731116,22631.22,0.0,25.0,0.0,0.0,0,16.683049344678835
88195da50bfffff,51.59405763415871,-0.2664981518411269,3.0,3.0,0.0,1.0,1.0,0.0,0.0,0.0,6.0,12.0,0.0,12.0,1.0,0.0,0.0,0.0,0.0,48314.086978826344,21450.15,0.0,10.0,0.0,0.0,0,15.828234786658717
88195da50dfffff,51.60388390179103,-0.28302303685412444,0.0,0.0,0.0,0.0,0.0,0.0,0.0,0.0,21.0,7.0,0.0,5.0,0.0,0.0,2.0,0.0,0.0,1413.0429824270875,15539.285714285714,0.0,10.0,0.0,0.0,0,17.402642869820383
88195da511fffff,51.57855589343131,-0.257919772019264,6.0,0.0,0.0,0.0,0.0,0.0,0.0,0.0,3.0,1.0,0.0,4.0,0.0,0.0,0.0,0.0,0.0,20060.03735351154,0.0,0.0,3.0,0.0,0.0,0,14.140024079341007
88195da513fffff,51.57080440665036,-0.25363256511642146,1.0,0.0,0.0,1.0,0.0,1.0,0.0,0.0,18.0,5.0,0.0,0.0,0.0,0.0,0.0,0.0,0.0,14754.756871596626,0.0,0.0,4.0,0.0,0.0,0,13.309356915863097
88195da515fffff,51.58063235219161,-0.2701466869410565,0.0,0.0,1.0,0.0,0.0,0.0,0.0,0.0,4.0,5.0,0.0,1.0,0.0,0.0,0.0,0.0,0.0,2558.4463077353653,16691.916666666668,0.0,3.0,0.0,0.0,0,14.891551755442276
88195da517fffff,51.572881012831175,-0.2658572160462081,7.0,0.0,0.0,0.0,0.0,0.0,0.0,0.0,4.0,0.0,0.0,5.0,0.0,1.0,0.0,0.0,0.0,0.0,0.0,0.0,20.0,0.0,0.0,0,14.073162934739392
88195da519fffff,51.584229565840246,-0.24998128694020502,4.0,0.0,0.0,8.0,1.0,0.0,0.0,0.0,7.0,22.0,0.0,8.0,1.0,1.0,0.0,0.0,0.0,101365.86525965325,16787.666666666668,0.0,10.0,0.0,400000.0,0,14.255842926890852
88195da51bfffff,51.57647834256655,-0.24569502254549982,8.0,1.0,1.0,2.0,0.0,0.0,0.0,0.0,17.0,19.0,0.0,2.0,1.0,1.0,0.0,0.0,0.0,28307.768451858487,13200.770833333334,0.0,13.0,0.0,0.0,0,13.404007058702334
88195da51dfffff,51.586306969396084,-0.2622083007397244,7.0,0.0,0.0,0.0,1.0,0.0,0.0,0.0,4.0,1.0,0.0,12.0,1.0,0.0,0.0,0.0,0.0,2104.200830584023,14924.57142857143,0.0,2.0,0.0,0.0,0,14.980153940547796
88195da521fffff,51.59460565212831,-0.31113800846583456,7.0,0.0,0.0,0.0,1.0,0.0,0.0,0.0,6.0,2.0,0.0,9.0,0.0,2.0,0.0,0.0,0.0,0.0,17392.0,0.0,11.0,0.0,0.0,0,18.0156997528507
88195da523fffff,51.58685516991732,-0.3068404190047698,6.0,1.0,2.0,3.0,1.0,0.0,1.0,0.0,14.0,5.0,0.0,11.0,2.0,1.0,2.0,0.0,1.0,0.0,10223.666666666666,0.0,9.0,0.0,0.0,0,17.21880750774757
88195da525fffff,51.59667758697403,-0.3233758458268496,1.0,0.0,0.0,0.0,0.0,0.0,0.0,0.0,3.0,1.0,0.0,3.0,0.0,0.0,0.0,0.0,0.0,20946.318220257977,3099.1,0.0,3.0,0.0,0.0,0,18.800842630794826
88195da527fffff,51.58892725433159,-0.31907599032394546,2.0,0.0,0.0,0.0,0.0,0.0,0.0,0.0,5.0,3.0,0.0,3.0,0.0,0.0,0.0,0.0,0.0,11628.373843224097,0.0,0.0,4.0,0.0,0.0,0,18.013605142136008
88195da529fffff,51.60028284145915,-0.30319898291209646,2.0,0.0,0.0,0.0,1.0,0.0,0.0,0.0,11.0,1.0,0.0,10.0,0.0,0.0,0.0,0.0,0.0,0.0,0.0,0.0,9.0,0.0,0.0,0,18.056693422416352
88195da52bfffff,51.59253262235479,-0.2989023347351316,5.0,0.0,0.0,1.0,1.0,0.0,0.0,0.0,1.0,5.0,0.0,4.0,0.0,0.0,0.0,0.0,0.0,0.0,0.0,0.0,6.0,0.0,0.0,0,17.239664870286518
88195da52dfffff,51.60235572177578,-0.3154369230205965,6.0,4.0,0.0,9.0,2.0,0.0,0.0,0.0,6.0,17.0,0.0,7.0,0.0,1.0,0.0,0.0,0.0,4833.173114111045,381.0,0.0,9.0,0.0,0.0,0,18.82304856821356
88195da531fffff,51.57703094786325,-0.29031301106399504,1.0,1.0,0.0,0.0,0.0,0.0,0.0,0.0,4.0,5.0,0.0,8.0,0.0,0.0,0.0,0.0,0.0,2644.3823823850835,29705.0,0.0,8.0,0.0,0.0,0,15.63715211453865
88195da533fffff,51.56927949324858,-0.28602033444209024,0.0,0.0,0.0,0.0,0.0,0.0,0.0,0.0,2.0,0.0,0.0,7.0,0.0,1.0,0.0,0.0,0.0,0.0,0.0,0.0,9.0,0.0,0.0,0,14.85508188196641
88195da535fffff,51.57910427552914,-0.30254415407315594,0.0,0.0,0.0,0.0,0.0,0.0,0.0,0.0,8.0,0.0,0.0,4.0,0.0,2.0,2.0,0.0,0.0,0.0,114.0,0.0,1.0,0.0,0.0,0,16.433897884489454
88195da537fffff,51.571352969350094,-0.29824921310704294,7.0,0.0,0.0,21.0,5.0,0.0,0.0,1.0,16.0,82.0,0.0,12.0,2.0,4.0,0.0,0.0,0.0,22111.60919369819,15023.727272727272,0.0,12.0,1.0,0.0,0,15.662777514162547
88195da539fffff,51.58270771825459,-0.2823757667723806,9.0,1.0,0.0,14.0,1.0,0.0,0.0,0.0,5.0,14.0,0.0,17.0,0.0,2.0,0.0,0.0,0.0,8844.164207402684,18651.79411764706,0.0,15.0,0.0,0.0,0,15.65636935181663
88195da53bfffff,51.57495652676638,-0.27808403154171374,0.0,0.0,0.0,0.0,0.0,0.0,0.0,0.0,7.0,7.0,0.0,0.0,0.0,0.0,0.0,0.0,0.0,3426.1755504498597,0.0,0.0,3.0,0.0,0.0,0,14.849723811346848
88195da53dfffff,51.58478199102742,-0.29460701097376707,1.0,0.0,0.0,0.0,2.0,0.0,0.0,0.0,8.0,1.0,0.0,6.0,0.0,1.0,0.0,0.0,0.0,0.0,15423.35294117647,0.0,9.0,0.0,0.0,0,16.432633431898918
88195da541fffff,51.61523034645509,-0.26713956718034054,1.0,0.0,0.0,0.0,0.0,0.0,0.0,0.0,3.0,2.0,0.0,8.0,0.0,0.0,1.0,0.0,0.0,0.0,16335.52,0.0,5.0,0.0,0.0,0,17.723034657739625
88195da543fffff,51.60748076894513,-0.26284801259375873,0.0,0.0,0.0,0.0,1.0,0.0,0.0,0.0,4.0,0.0,0.0,17.0,0.0,0.0,0.0,0.0,0.0,39859.12223245682,18757.625,0.0,4.0,0.0,0.0,0,16.849109959356948
88195da545fffff,51.617307157373865,-0.2793756450686162,4.0,0.0,0.0,18.0,1.0,0.0,0.0,0.0,19.0,31.0,0.0,7.0,1.0,3.0,1.0,0.0,0.0,1681.7234197432972,844.5384615384615,0.0,11.0,0.0,0.0,0,18.409103216280997
88195da547fffff,51.60955772853354,-0.2750818234415269,11.0,1.0,0.0,9.0,1.0,0.0,0.0,0.0,14.0,12.0,0.0,20.0,5.0,1.0,0.0,0.0,1.0,124744.52843938784,28017.0,0.0,42.0,0.0,0.0,0,17.54360881021544
88195da549fffff,51.62090175542797,-0.259196268170421,4.0,2.0,0.0,5.0,0.0,1.0,0.0,0.0,9.0,4.0,0.0,15.0,0.0,0.0,0.0,0.0,0.0,6484.6764489382995,45718.430555555555,0.0,27.0,0.0,0.0,0,17.93975267446896
88195da54bfffff,51.61315244176571,-0.2549056570011934,10.0,1.0,0.0,7.0,0.0,0.0,0.0,0.0,5.0,11.0,0.0,13.0,0.0,2.0,1.0,0.0,0.0,12005.388801955845,9924.176470588236,0.0,19.0,0.0,0.0,0,17.054680363324607
88195da54dfffff,51.622979511559485,-0.2714324457248047,1.0,0.0,0.0,1.0,3.0,1.0,0.0,0.0,3.0,15.0,0.0,11.0,1.0,7.0,0.0,0.0,0.0,585.7332903975505,39008.875,0.0,18.0,0.0,0.0,0,18.600590331458566
88195da551fffff,51.59765257863103,-0.24632840393439262,26.0,2.0,1.0,4.0,3.0,0.0,0.0,0.0,21.0,13.0,0.0,17.0,1.0,0.0,2.0,0.0,0.0,92898.37264089414,10813.5,0.0,10.0,1.0,0.0,0,15.293935897833242
88195da553fffff,51.58990202993012,-0.24204176090904994,3.0,1.0,0.0,0.0,0.0,0.0,0.0,0.0,7.0,6.0,0.0,5.0,0.0,0.0,0.0,0.0,0.0,10640.87773435122,47323.125,0.0,4.0,0.0,0.0,0,14.419422661334004
88195da555fffff,51.59973077941544,-0.25855778140080726,1.0,0.0,0.0,0.0,0.0,0.0,0.0,0.0,36.0,2.0,0.0,5.0,0.0,0.0,0.0,0.0,0.0,13899.985252871209,4787.5,0.0,2.0,0.0,0.0,0,15.979416972526638
88195da557fffff,51.59198037825184,-0.2542688730375106,14.0,0.0,0.0,4.0,0.0,0.0,0.0,0.0,9.0,12.0,0.0,13.0,1.0,0.0,0.0,0.0,0.0,120699.406955916,21016.65625,0.0,16.0,0.0,400000.0,0,15.114691448177764
88195da559fffff,51.60332357040597,-0.2383868935305352,1.0,1.0,0.0,1.0,0.0,0.0,0.0,0.0,4.0,2.0,0.0,9.0,0.0,0.0,2.0,0.0,0.0,47016.80379118753,24052.291666666668,0.0,24.0,0.0,0.0,0,15.516322056856096
88195da55bfffff,51.59557328557324,-0.23410119402602117,1.0,1.0,0.0,2.0,0.0,0.0,0.0,0.0,15.0,7.0,0.0,8.0,1.0,0.0,0.0,0.0,0.0,43871.16371539048,47914.625,0.0,12.0,0.0,0.0,0,14.629144303688658
88195da55dfffff,51.60540271603815,-0.25061636911052937,2.0,0.0,0.0,0.0,0.0,0.0,0.0,0.0,5.0,0.0,0.0,8.0,0.0,0.0,0.0,0.0,0.0,50811.96029766881,8025.6,0.0,2.0,0.0,0.0,0,16.172568926031804
88195da561fffff,51.613708365381264,-0.2995559450709661,3.0,0.0,0.0,1.0,0.0,0.0,0.0,0.0,46.0,6.0,0.0,3.0,0.0,1.0,0.0,0.0,0.0,26182.945942312013,0.0,0.0,5.0,0.0,0.0,0,18.978586777403738
88195da563fffff,51.60595882219578,-0.29525891376178376,2.0,0.0,0.0,0.0,2.0,0.0,3.0,0.0,10.0,4.0,0.0,9.0,1.0,0.0,0.0,0.0,0.0,15503.818242661708,0.0,0.0,15.0,0.0,0.0,0,18.13630873535648
88195da565fffff,51.615782041454025,-0.31179625477032474,7.0,2.0,1.0,4.0,0.0,0.0,0.0,1.0,4.0,6.0,1.0,14.0,2.0,1.0,0.0,0.0,0.0,0.0,23002.88,0.0,10.0,0.0,0.0,0,19.715739727930263
88195da567fffff,51.60803264795428,-0.30749695606896726,0.0,0.0,0.0,0.0,0.0,0.0,0.0,0.0,4.0,0.0,0.0,12.0,0.0,0.0,0.0,0.0,0.0,14098.284721102,0.0,0.0,12.0,0.0,0.0,0,18.882417215045628
88195da569fffff,51.61938287392857,-0.291613890125801,4.0,1.0,0.0,1.0,1.0,41.0,0.0,0.0,2.0,6.0,0.0,11.0,0.0,2.0,0.0,0.0,0.0,5235.9082607635355,24797.125,0.0,28.0,0.0,0.0,0,19.110988748080164
88195da56bfffff,51.61163359421002,-0.28731780111414873,0.0,0.0,0.0,2.0,0.0,0.0,0.0,0.0,6.0,8.0,0.0,7.0,0.0,0.0,0.0,0.0,0.0,1811.0184878736775,15247.742857142857,0.0,4.0,0.0,0.0,0,18.254026793369952
88195da56dfffff,51.621457495525796,-0.30385430181067596,1.0,3.0,0.0,0.0,0.0,0.0,0.0,0.0,5.0,12.0,0.0,7.0,1.0,0.0,0.0,0.0,0.0,28253.58716003194,0.0,0.0,12.0,1.0,0.0,0,19.82702155747947
88195da581fffff,51.54187155154972,-0.2487125461625198,6.0,1.0,0.0,15.0,4.0,0.0,0.0,0.0,22.0,54.0,0.0,10.0,6.0,6.0,1.0,0.0,0.0,7240.874147972692,16688.75,0.0,94.0,0.0,0.0,0,10.94872847795804
88195da583fffff,51.53411816220038,-0.24442967930277562,19.0,4.0,2.0,58.0,7.0,0.0,1.0,2.0,56.0,200.0,0.0,22.0,16.0,11.0,0.0,0.0,1.0,15330.532874228034,14135.704142011835,1.0,89.0,2.0,132000.0,1,10.222045414957451
88195da585fffff,51.543947653573206,-0.26093031109007697,2.0,0.0,0.0,1.0,1.0,0.0,0.0,0.0,19.0,45.0,0.0,12.0,1.0,2.0,0.0,0.0,0.0,0.0,11098.777777777777,0.0,54.0,0.0,132000.0,0,11.778076002579159
88195da587fffff,51.53619441039615,-0.25664518328104335,3.0,0.0,1.0,2.0,0.0,0.0,0.0,0.0,18.0,11.0,0.0,11.0,1.0,0.0,0.0,0.0,0.0,10370.853502426364,14681.0,0.0,42.0,1.0,400000.0,0,11.06507370117484
88195da589fffff,51.547547485271224,-0.24077886968463877,12.0,1.0,0.0,3.0,0.0,0.0,0.0,0.0,34.0,8.0,0.0,18.0,0.0,0.0,0.0,0.0,0.0,83.61036040864033,19696.3125,0.0,77.0,1.0,0.0,0,10.895744736479475
88195da58bfffff,51.539794359086414,-0.236496944424752,8.0,1.0,0.0,3.0,2.0,1.0,1.0,0.0,119.0,22.0,0.0,13.0,0.0,1.0,0.0,0.0,0.0,31321.13283600821,0.0,0.0,79.0,0.0,0.0,0,10.127747009353136
88195da58dfffff,51.549624531673686,-0.25299673270447426,5.0,5.0,0.0,2.0,0.0,0.0,0.0,0.0,6.0,5.0,0.0,10.0,0.0,1.0,0.0,0.0,0.0,69625.83722736887,2788.0,0.0,49.0,0.0,0.0,0,11.701427449432934
88195da591fffff,51.524286880446084,-0.22793705035924464,17.0,0.0,1.0,3.0,0.0,0.0,0.0,0.0,82.0,18.0,1.0,6.0,0.0,2.0,0.0,0.0,0.0,8096.595291326324,26865.375,3.0,34.0,0.0,400000.0,1,8.675948828218266
88195da593fffff,51.51653252876298,-0.22365908043072022,49.0,2.0,0.0,11.0,1.0,0.0,0.0,0.0,16.0,34.0,1.0,13.0,3.0,1.0,1.0,0.0,1.0,24064.006456044113,84846.625,0.0,37.0,0.0,400000.0,0,8.007448032042996
88195da595fffff,51.52636436401193,-0.24014813156340786,0.0,0.0,0.0,3.0,0.0,0.0,0.0,0.0,37.0,8.0,0.0,3.0,0.0,0.0,0.0,0.0,0.0,9013.085847533639,0.0,0.0,30.0,0.0,400000.0,0,9.52734133531017
88195da597fffff,51.518610157370695,-0.23586790238287103,13.0,0.0,0.0,0.0,0.0,0.0,0.0,0.0,71.0,10.0,0.0,4.0,0.0,0.0,0.0,0.0,0.0,47558.7757663164,10936.666666666666,0.0,25.0,0.0,0.0,0,8.872140294684758
88195da599fffff,51.52996239643516,-0.22000516041842286,26.0,5.0,0.0,18.0,3.0,0.0,0.0,0.0,38.0,58.0,0.0,17.0,5.0,1.0,1.0,0.0,3.0,36212.41293235184,0.0,0.0,55.0,1.0,400000.0,0,8.557644318261584
88195da59bfffff,51.52220830793478,-0.2157281321912452,61.0,3.0,0.0,12.0,2.0,0.0,0.0,0.0,9.0,49.0,0.0,20.0,4.0,1.0,2.0,0.0,0.0,40522.22662510655,6108.857142857143,0.0,25.0,0.0,0.0,0,7.8306036875672245
88195da59dfffff,51.53204082401598,-0.2322163381701533,19.0,0.0,2.0,11.0,1.0,0.0,0.0,0.0,39.0,36.0,1.0,13.0,3.0,1.0,0.0,0.0,0.0,7059.055219533713,12268.484848484848,0.0,86.0,0.0,0.0,0,9.38559989748749
88195da5a1fffff,51.54034363445313,-0.28108267762866085,5.0,0.0,0.0,4.0,0.0,0.0,0.0,0.0,7.0,4.0,0.0,8.0,3.0,0.0,0.0,0.0,0.0,9943.86606991916,100979.0,0.0,33.0,0.0,0.0,0,12.765715278821009
88195da5a3fffff,51.532590275115915,-0.27679434804086744,0.0,0.0,0.0,2.0,0.0,0.0,0.0,0.0,11.0,1.0,0.0,14.0,0.0,0.0,0.0,0.0,0.0,28481.54320241451,3642.5,0.0,25.0,0.0,0.0,0,12.105169138468264
88195da5a5fffff,51.542416609130136,-0.29330466692264023,12.0,1.0,0.0,6.0,2.0,0.0,0.0,0.0,9.0,17.0,0.0,7.0,5.0,1.0,0.0,0.0,0.0,4658.235300158484,1689.0,1.0,10.0,0.0,0.0,1,13.621536999584848
88195da5a7fffff,51.53466339697932,-0.28901407603282114,5.0,1.0,0.0,1.0,0.0,0.0,0.0,0.0,8.0,2.0,0.0,11.0,1.0,0.0,0.0,0.0,0.0,0.0,55705.333333333336,0.0,17.0,0.0,0.0,0,12.969768489852854
88195da5a9fffff,51.54602266456458,-0.2731502386706571,9.0,0.0,0.0,3.0,1.0,0.0,0.0,0.0,4.0,8.0,0.0,15.0,1.0,1.0,0.0,0.0,0.0,14185.438445118758,50739.79661016949,0.0,24.0,0.0,0.0,0,12.614155341849868
88195da5abfffff,51.538269568011096,-0.2688628495687398,2.0,0.0,0.0,0.0,0.0,0.0,0.0,0.0,2.0,1.0,0.0,1.0,0.0,0.0,0.0,0.0,0.0,0.0,0.0,0.0,19.0,0.0,0.0,0,11.913304100462579
88195da5adfffff,51.548096583931624,-0.2853723283665229,0.0,0.0,0.0,0.0,0.0,0.0,0.0,0.0,3.0,6.0,0.0,3.0,0.0,0.0,0.0,0.0,0.0,174.4093238233301,21701.625,0.0,1.0,0.0,0.0,0,13.45572649605706
88195da5b1fffff,51.52276214673439,-0.2602920322235934,19.0,2.0,0.0,21.0,1.0,0.0,0.0,1.0,34.0,17.0,0.0,23.0,1.0,1.0,0.0,0.0,0.0,15980.767115709259,21924.404761904763,0.0,73.0,2.0,0.0,0,10.608519173232281
88195da5b3fffff,51.51500782278405,-0.2560086028566637,3.0,1.0,0.0,0.0,0.0,0.0,0.0,1.0,24.0,9.0,0.0,11.0,0.0,1.0,0.0,0.0,0.0,5887.601198285185,53695.37837837838,0.0,12.0,0.0,0.0,0,10.017233042577674
88195da5b5fffff,51.52483650630651,-0.2725073390409064,2.0,0.0,0.0,1.0,1.0,1.0,0.0,0.0,11.0,3.0,0.0,17.0,0.0,0.0,0.0,0.0,0.0,36366.40242797702,75959.75,0.0,15.0,0.0,22000.0,0,11.479182578273434
88195da5b7fffff,51.51708232841144,-0.2682216500668459,36.0,3.0,1.0,6.0,3.0,0.0,0.0,0.0,49.0,24.0,1.0,18.0,1.0,1.0,0.0,0.0,0.0,2410.1940746455352,0.0,0.0,12.0,0.0,0.0,0,10.893722135246252
88195da5b9fffff,51.528440758040226,-0.25236137526901153,4.0,0.0,0.0,2.0,0.0,0.0,0.0,0.0,3.0,3.0,0.0,10.0,0.0,0.0,0.0,0.0,0.0,33441.332397722224,0.0,0.0,51.0,0.0,400000.0,0,10.383312931426348
88195da5bbfffff,51.52068669689181,-0.24807888649221224,3.0,0.0,0.0,0.0,0.0,0.0,0.0,0.0,33.0,15.0,0.0,12.0,2.0,0.0,0.0,0.0,0.0,2250.859138514469,0.0,0.0,9.0,1.0,0.0,0,9.739364738408181
88195da5bdfffff,51.53051606193889,-0.2645767809403834,9.0,2.0,0.0,5.0,0.0,7.0,0.0,0.0,14.0,9.0,0.0,23.0,3.0,1.0,0.0,0.0,1.0,71158.91401033683,8466.57142857143,0.0,57.0,0.0,0.0,0,11.242835507404477
88195da5c1fffff,51.560974664976676,-0.23712645661176948,2.0,6.0,0.0,0.0,0.0,0.0,0.0,0.0,5.0,2.0,0.0,9.0,0.0,0.0,0.0,0.0,0.0,7700.274199305136,2432.125,0.0,4.0,0.0,0.0,0,11.727501710132051
88195da5c3fffff,51.553222211432455,-0.23284415394741695,4.0,0.0,0.0,1.0,1.0,0.0,0.0,0.0,6.0,3.0,0.0,9.0,0.0,0.0,0.0,0.0,0.0,0.0,2359.4545454545455,0.0,31.0,1.0,0.0,0,10.90702322034044
88195da5c5fffff,51.56305250943931,-0.24934667946815933,16.0,0.0,0.0,3.0,1.0,0.0,0.0,1.0,10.0,14.0,1.0,11.0,2.0,3.0,0.0,0.0,0.0,935.54720881158,30583.55,1.0,7.0,0.0,0.0,1,12.49004691262354
88195da5c7fffff,51.555300202184235,-0.24506211451172108,2.0,1.0,0.0,0.0,0.0,0.0,0.0,0.0,7.0,3.0,0.0,18.0,0.0,0.0,0.0,0.0,0.0,16485.4757012332,20674.0,0.0,13.0,0.0,132000.0,0,11.68449014513482
88195da5c9fffff,51.56664791992301,-0.22918975910478478,3.0,4.0,0.0,4.0,0.0,0.0,0.0,0.0,4.0,14.0,0.0,19.0,0.0,1.0,0.0,0.0,0.0,48329.944814323535,25365.041666666668,0.0,13.0,0.0,0.0,0,11.829787352663875
88195da5cbfffff,51.55889572990538,-0.22490839905104662,3.0,0.0,0.0,0.0,0.0,0.0,0.0,0.0,6.0,6.0,0.0,6.0,0.0,0.0,0.0,0.0,0.0,18754.539028318253,0.0,0.0,9.0,0.0,0.0,0,10.982343422289626
88195da5cdfffff,51.568726708816705,-0.2414100792902895,0.0,0.0,0.0,0.0,0.0,0.0,0.0,0.0,7.0,3.0,0.0,6.0,0.0,0.0,0.0,0.0,0.0,0.0,105401.625,0.0,0.0,0.0,0.0,0,12.560616976752442
88195da5d1fffff,51.54339012216277,-0.21634963639088292,6.0,1.0,0.0,0.0,0.0,0.0,0.0,0.0,11.0,2.0,0.0,13.0,0.0,0.0,0.0,0.0,0.0,24695.33084388489,0.0,0.0,18.0,0.0,0.0,0,9.32409497837394
88195da5d3fffff,51.53563670520972,-0.2120722326607293,30.0,0.0,1.0,5.0,0.0,0.0,0.0,0.0,94.0,21.0,0.0,2.0,2.0,1.0,0.0,0.0,0.0,5608.289468729709,5604.416666666667,0.0,19.0,0.0,0.0,0,8.52044267621834
88195da5d5fffff,51.54546934857009,-0.22856317073499607,36.0,1.0,0.0,12.0,1.0,0.0,0.0,0.0,29.0,32.0,1.0,15.0,4.0,0.0,2.0,0.0,0.0,26570.964208399393,12421.28,0.0,100.0,0.0,0.0,0,10.102268745586578
88195da5d7fffff,51.53771607677563,-0.22428350641255068,18.0,2.0,0.0,3.0,0.0,0.0,0.0,1.0,16.0,45.0,0.0,14.0,3.0,0.0,2.0,0.0,0.0,10380.286488549478,8356.142857142857,0.0,59.0,0.0,22000.0,0,9.317321954693266
88195da5d9fffff,51.54906296004944,-0.20841472820561738,10.0,5.0,1.0,3.0,2.0,0.0,0.0,0.0,19.0,10.0,0.0,10.0,4.0,0.0,0.0,0.0,0.0,12152.364650705427,12568.0,11.0,24.0,1.0,0.0,1,9.405730541647543
88195da5dbfffff,51.54130980664178,-0.2041382671866796,50.0,3.0,0.0,6.0,1.0,0.0,0.0,0.0,27.0,16.0,0.0,12.0,3.0,3.0,1.0,0.0,0.0,22623.279868580186,7427.291666666667,0.0,21.0,0.0,400000.0,0,8.565371841237278
88195da5ddfffff,51.551143130523315,-0.22062835833374997,15.0,0.0,0.0,16.0,2.0,0.0,0.0,1.0,16.0,24.0,0.0,13.0,0.0,0.0,0.0,0.0,0.0,7504.204900488349,11709.36,0.0,36.0,2.0,0.0,0,10.146104707201298
88195da5e1fffff,51.55945291084536,-0.26950452834767286,3.0,0.0,0.0,0.0,0.0,0.0,0.0,0.0,1.0,3.0,0.0,4.0,0.0,0.0,0.0,0.0,0.0,45677.607227865345,11721.0,0.0,7.0,0.0,0.0,0,13.277444450322722
88195da5e3fffff,51.55170048718505,-0.2652167592581662,3.0,1.0,0.0,2.0,0.0,0.0,0.0,0.0,4.0,2.0,0.0,19.0,0.0,1.0,0.0,0.0,0.0,53834.810760896136,9225.045454545454,0.0,32.0,0.0,0.0,0,12.51697587985395
88195da5e5fffff,51.56152762756968,-0.28172898054461587,15.0,5.0,1.0,13.0,0.0,0.0,0.0,1.0,17.0,19.0,0.0,28.0,3.0,1.0,0.0,0.0,0.0,5389.9900628142195,17096.089285714286,11.0,29.0,9.0,0.0,1,14.088661905618853
88195da5e7fffff,51.5537753512129,-0.2774389488084261,3.0,4.0,0.0,2.0,0.0,0.0,1.0,0.0,2.0,4.0,0.0,1.0,0.0,0.0,0.0,0.0,0.0,64843.073322113734,0.0,0.0,8.0,0.0,0.0,0,13.340595717259747
88195da5e9fffff,51.5651292627006,-0.2615690670837742,6.0,0.0,0.0,0.0,0.0,0.0,0.0,0.0,4.0,2.0,0.0,11.0,1.0,0.0,0.0,0.0,0.0,6582.046407904604,40422.153846153844,0.0,39.0,0.0,0.0,0,13.266996339540059
88195da5ebfffff,51.55737710218605,-0.25728223949075746,2.0,2.0,0.0,2.0,1.0,0.0,0.0,0.0,2.0,4.0,0.0,4.0,1.0,1.0,0.0,0.0,0.0,64571.02587603244,77365.33333333333,0.0,22.0,0.0,132000.0,0,12.475427944435811
88195da5edfffff,51.567204924167896,-0.27379361892121484,4.0,0.0,0.0,2.0,2.0,0.0,0.0,0.0,2.0,1.0,0.0,8.0,0.0,2.0,0.0,0.0,0.0,34152.75557077499,18581.96,0.0,21.0,0.0,0.0,0,14.055975757088099
88195da601fffff,51.62122468923,-0.13754653952926607,1.0,0.0,0.0,2.0,0.0,0.0,0.0,0.0,32.0,15.0,0.0,10.0,0.0,0.0,0.0,0.0,0.0,21023.929345295957,19107.5,0.0,6.0,0.0,0.0,0,15.20498590199845
88195da603fffff,51.613474998538436,-0.13327689581596452,10.0,1.0,0.0,3.0,0.0,0.0,0.0,0.0,19.0,7.0,0.0,16.0,0.0,0.0,0.0,0.0,0.0,36584.69226823015,25815.819444444445,1.0,52.0,1.0,0.0,1,14.323608614787627
88195da605fffff,51.6233140098127,-0.14976562781449307,2.0,0.0,0.0,0.0,0.0,0.0,0.0,0.0,15.0,3.0,0.0,8.0,0.0,0.0,0.0,0.0,0.0,52278.020325265665,13789.166666666666,0.0,8.0,0.0,0.0,0,15.526524452095183
88195da607fffff,51.61556446373046,-0.14549371851016932,8.0,0.0,0.0,11.0,1.0,0.0,0.0,0.0,25.0,21.0,0.0,18.0,3.0,1.0,0.0,0.0,0.0,80015.71689464548,25493.791666666668,0.0,35.0,0.0,0.0,0,14.633681701826575
88195da609fffff,51.626883705518026,-0.12959832260608026,7.0,1.0,0.0,7.0,0.0,0.0,0.0,1.0,7.0,11.0,0.0,11.0,1.0,1.0,0.0,0.0,1.0,32575.73820264571,17260.84,0.0,9.0,0.0,0.0,0,15.799855170687554
88195da60bfffff,51.619134280197876,-0.12532962676311984,0.0,0.0,0.0,0.0,0.0,0.0,0.0,0.0,31.0,3.0,0.0,5.0,0.0,0.0,0.0,0.0,0.0,788.0125463407096,14307.1,0.0,6.0,0.0,0.0,0,14.928200426228146
88195da60dfffff,51.62897397005268,-0.1418175012933813,5.0,0.0,0.0,1.0,1.0,0.0,0.0,0.0,12.0,1.0,0.0,6.0,0.0,0.0,0.0,0.0,0.0,10743.340825665622,11837.117647058823,0.0,18.0,0.0,0.0,0,16.089696079685442
88195da611fffff,51.603634201353515,-0.11679618662427266,13.0,2.0,1.0,19.0,2.0,0.0,0.0,0.0,33.0,61.0,0.0,10.0,1.0,2.0,0.0,0.0,0.0,21873.868428293645,18373.310344827587,0.0,41.0,0.0,0.0,0,13.200955674173503
88195da613fffff,51.5958835485988,-0.11253144120384727,35.0,3.0,0.0,27.0,8.0,0.0,0.0,2.0,44.0,78.0,0.0,23.0,1.0,8.0,1.0,0.0,0.0,67370.56432246706,17080.508474576272,0.0,98.0,1.0,0.0,0,12.347625884621856
88195da615fffff,51.60572489836279,-0.12900856959081422,5.0,0.0,0.0,12.0,3.0,3.0,0.0,0.0,35.0,19.0,0.0,12.0,0.0,1.0,0.0,0.0,0.0,6864.089117661938,0.0,0.0,16.0,2.0,0.0,0,13.446225517906365
88195da617fffff,51.597974389087916,-0.12474156029146503,8.0,1.0,0.0,8.0,0.0,0.0,0.0,1.0,33.0,22.0,0.0,12.0,2.0,0.0,0.0,1.0,0.0,34840.72777813855,5386.0,0.0,13.0,0.0,0.0,0,12.573679061514484
88195da619fffff,51.60929280475393,-0.10884977646134257,7.0,2.0,0.0,11.0,1.0,0.0,0.0,0.0,12.0,37.0,0.0,14.0,0.0,1.0,0.0,0.0,0.0,2244.3721635185157,16804.875,0.0,30.0,0.0,0.0,0,13.850274481249707
88195da61bfffff,51.601542417391265,-0.10458597900362214,13.0,1.0,0.0,1.0,1.0,0.0,0.0,1.0,27.0,24.0,0.0,10.0,0.0,1.0,0.0,0.0,0.0,35327.82024452545,2022.75,0.0,78.0,0.0,0.0,0,13.01037299435077
88195da61dfffff,51.61138444534813,-0.1210622482899919,1.0,2.0,0.0,2.0,1.0,0.0,0.0,1.0,6.0,59.0,0.0,12.0,0.0,1.0,0.0,0.0,0.0,3496.3436410589907,47749.375,114.0,37.0,0.0,0.0,1,14.06156881983563
88195da621fffff,51.61974012774238,-0.16993388728197048,1.0,0.0,0.0,2.0,1.0,0.0,0.0,0.0,12.0,10.0,0.0,4.0,0.0,1.0,1.0,0.0,0.0,13230.439129142154,0.0,0.0,2.0,0.0,0.0,0,15.385918177332456
88195da623fffff,51.61199046173031,-0.165658765275283,5.0,0.0,0.0,5.0,1.0,0.0,0.0,0.0,9.0,20.0,0.0,11.0,0.0,2.0,0.0,0.0,0.0,13401.73733677478,1179.5,0.0,19.0,0.0,0.0,0,14.479439444705326
88195da625fffff,51.62182632537374,-0.18215723229646916,3.0,2.0,0.0,0.0,0.0,0.0,0.0,0.0,11.0,3.0,1.0,4.0,0.0,0.0,0.0,0.0,0.0,14947.401783466985,13329.813953488372,0.0,6.0,0.0,0.0,0,15.821827851281528
88195da627fffff,51.61407680498544,-0.1778798443299842,32.0,2.0,1.0,62.0,9.0,0.0,0.0,0.0,9.0,154.0,0.0,22.0,0.0,7.0,0.0,0.0,0.0,72999.78428556582,13577.285714285714,0.0,29.0,0.0,0.0,0,14.911579479898416
88195da629fffff,51.62540224135154,-0.16198689108816397,0.0,0.0,0.0,0.0,0.0,0.0,0.0,0.0,1.0,0.0,0.0,13.0,0.0,0.0,0.0,0.0,0.0,4642.257855467522,0.0,0.0,10.0,0.0,0.0,0,15.890112091313894
88195da62bfffff,51.61765284032987,-0.1577127158425228,1.0,0.0,1.0,1.0,0.0,0.0,1.0,0.0,66.0,13.0,0.0,7.0,1.0,0.0,0.0,0.0,0.0,4863.21451899023,6121.266666666666,0.0,12.0,0.0,0.0,0,14.988820683004365
88195da62dfffff,51.62748938325211,-0.17421032881869356,11.0,2.0,0.0,6.0,1.0,0.0,0.0,0.0,9.0,5.0,0.0,21.0,0.0,1.0,0.0,0.0,0.0,43252.38499235707,0.0,1.0,34.0,0.0,0.0,1,16.292946226895047
88195da631fffff,51.6021528081831,-0.14916832133681854,11.0,0.0,0.0,14.0,1.0,0.0,0.0,1.0,36.0,19.0,2.0,10.0,1.0,0.0,0.0,0.0,0.0,36744.46208266522,0.0,0.0,17.0,0.0,0.0,0,13.190403111468147
88195da633fffff,51.59440217782802,-0.1448981009513978,19.0,0.0,2.0,5.0,1.0,0.0,0.0,0.0,27.0,23.0,0.0,16.0,3.0,1.0,0.0,0.0,0.0,8154.143125519684,10647.432432432432,0.0,26.0,0.0,0.0,0,12.29389915268049
88195da635fffff,51.604240385600974,-0.16138496223557006,1.0,0.0,0.0,0.0,0.0,0.0,0.0,0.0,22.0,1.0,0.0,2.0,0.0,0.0,0.0,0.0,0.0,14647.485890503835,70527.79166666667,0.0,5.0,0.0,0.0,0,13.573625924584633
88195da637fffff,51.596489899739474,-0.15711247760007171,1.0,0.0,1.0,0.0,0.0,0.0,0.0,0.0,14.0,4.0,0.0,3.0,1.0,0.0,0.0,0.0,0.0,8075.825194143137,7202.0,0.0,6.0,0.0,0.0,0,12.668626555120742
88195da639fffff,51.60781450782483,-0.14122312737468745,4.0,0.0,0.0,0.0,0.0,0.0,0.0,0.0,48.0,11.0,0.0,3.0,0.0,0.0,0.0,0.0,0.0,83277.30583205751,67813.12,0.0,23.0,0.0,0.0,0,13.74326941448012
88195da63bfffff,51.60006414248073,-0.13695385384545244,6.0,0.0,0.0,0.0,0.0,0.0,0.0,0.0,46.0,3.0,0.0,8.0,0.0,0.0,0.0,0.0,0.0,9050.215748097602,0.0,0.0,9.0,0.0,0.0,0,12.855798767369004
88195da63dfffff,51.60990302914539,-0.1534398594463501,8.0,0.0,0.0,9.0,1.0,0.0,0.0,0.0,26.0,26.0,0.0,14.0,4.0,0.0,0.0,0.0,0.0,85991.07786098061,20424.916666666668,0.0,58.0,0.0,0.0,0,14.088827133187097
88195da641fffff,51.64029026230039,-0.12591813318167247,0.0,0.0,0.0,0.0,0.0,0.0,0.0,0.0,6.0,0.0,0.0,6.0,0.0,1.0,0.0,0.0,0.0,13224.282067537624,11768.333333333334,0.0,0.0,0.0,0.0,0,17.282317076283956
88195da643fffff,51.63254151246869,-0.12164906784322183,4.0,3.0,0.0,18.0,2.0,1.0,0.0,0.0,26.0,44.0,0.0,13.0,2.0,1.0,0.0,0.0,0.0,29855.999717102153,12621.0,0.0,17.0,0.0,0.0,0,16.415712795178905
88195da645fffff,51.64238132603064,-0.13813966865261995,0.0,0.0,1.0,0.0,1.0,0.0,0.0,0.0,15.0,0.0,0.0,8.0,0.0,0.0,0.0,0.0,0.0,23142.701322772195,0.0,0.0,8.0,0.0,0.0,0,17.55521904808702
88195da647fffff,51.63463272092383,-0.13386833638158488,5.0,2.0,0.0,22.0,6.0,0.0,0.0,0.0,9.0,67.0,0.0,11.0,0.0,3.0,0.0,0.0,0.0,40675.95101617603,0.0,0.0,11.0,0.0,0.0,0,16.67574063110746
88195da649fffff,51.64594659405672,-0.11796689179640467,3.0,0.0,0.0,3.0,0.0,1.0,0.0,0.0,6.0,1.0,0.0,8.0,0.0,1.0,0.0,0.0,0.0,25192.64838645181,0.0,0.0,1.0,0.0,0.0,0,17.907325280246077
88195da64bfffff,51.63819810995634,-0.1136987753434842,1.0,0.0,0.0,1.0,0.0,0.0,0.0,0.0,24.0,3.0,0.0,8.0,0.0,0.0,1.0,0.0,0.0,357.89211389737625,0.0,0.0,4.0,0.0,0.0,0,17.05027010809553
88195da64dfffff,51.648038601787825,-0.13018851689721453,3.0,1.0,0.0,15.0,2.0,0.0,0.0,1.0,16.0,32.0,0.0,13.0,0.0,3.0,1.0,0.0,0.0,29236.68527225734,3118.5,1.0,39.0,0.0,0.0,1,18.153280253943066
88195da651fffff,51.622699912125164,-0.10516649496075547,5.0,0.0,0.0,13.0,4.0,0.0,0.0,0.0,7.0,42.0,0.0,14.0,0.0,3.0,0.0,0.0,0.0,1149.41307623338,16659.916666666668,0.0,27.0,0.0,0.0,0,15.354841802939974
88195da653fffff,51.61495019916339,-0.10090232990559593,1.0,2.0,1.0,0.0,0.0,0.0,0.0,0.0,7.0,7.0,0.0,10.0,0.0,0.0,2.0,0.0,0.0,10946.947049990664,63190.0,0.0,17.0,0.0,0.0,0,14.518661361444366
88195da655fffff,51.624792352677304,-0.11738132031880895,0.0,0.0,0.0,6.0,0.0,1.0,0.0,0.0,6.0,13.0,1.0,5.0,1.0,1.0,0.0,0.0,0.0,13474.318469154921,12410.3,0.0,5.0,0.0,0.0,0,15.55420110131648
88195da657fffff,51.617042783310836,-0.11311489004567288,11.0,2.0,0.0,27.0,5.0,0.0,1.0,0.0,76.0,66.0,1.0,12.0,0.0,5.0,0.0,0.0,0.0,49287.64293580022,17252.5,0.0,19.0,0.0,0.0,0,14.69868286696409
88195da659fffff,51.628355831665516,-0.09721706313831141,16.0,3.0,0.0,14.0,1.0,3.0,0.0,0.0,7.0,50.0,1.0,9.0,1.0,1.0,0.0,0.0,0.0,35082.4171161684,1013.7272727272727,0.0,40.0,0.0,0.0,0,16.027691319576306
88195da65bfffff,51.62060638445627,-0.0929538470601442,2.0,0.0,0.0,2.0,0.0,0.0,0.0,0.0,28.0,0.0,0.0,8.0,0.0,0.0,0.0,0.0,0.0,0.0,18778.041666666668,0.0,6.0,0.0,0.0,0,15.203585411465992
88195da65dfffff,51.63044921585098,-0.1094319765858804,0.0,0.0,0.0,0.0,0.0,0.0,0.0,0.0,32.0,2.0,0.0,3.0,0.0,0.0,0.0,0.0,0.0,0.0,0.0,0.0,0.0,0.0,0.0,0,16.19911357415992
88195da661fffff,51.638811870967494,-0.15831340318146725,1.0,0.0,0.0,1.0,0.0,0.0,0.0,0.0,28.0,2.0,0.0,6.0,0.0,0.0,0.0,0.0,0.0,11397.57907580133,790.3181818181819,0.0,12.0,0.0,0.0,0,17.31797841890593
88195da663fffff,51.631063145686674,-0.1540388558505369,6.0,1.0,1.0,1.0,0.0,0.0,0.0,0.0,4.0,1.0,0.0,12.0,0.0,1.0,0.0,0.0,0.0,15130.772404218345,12088.333333333334,0.0,1.0,0.0,0.0,0,16.42139640637878
88195da665fffff,51.64089981136663,-0.1705392003805748,2.0,0.0,0.0,0.0,0.0,0.0,0.0,0.0,5.0,0.0,0.0,8.0,1.0,0.0,0.0,0.0,0.0,15786.281433481314,15263.0,0.0,8.0,0.0,0.0,0,17.69577703785566
88195da667fffff,51.63315123182543,-0.16626238574638383,0.0,0.0,1.0,0.0,0.0,0.0,0.0,0.0,6.0,0.0,0.0,7.0,0.0,0.0,0.0,0.0,0.0,7857.01900251482,0.0,0.0,2.0,0.0,0.0,0,16.79248765815683
88195da669fffff,51.64447130055223,-0.1503633812260661,2.0,0.0,0.0,0.0,1.0,0.0,0.0,0.0,13.0,3.0,0.0,8.0,4.0,0.0,0.0,0.0,0.0,15944.043001817083,16383.333333333334,0.0,21.0,0.0,0.0,0,17.867115212336902
88195da66bfffff,51.63672284062167,-0.1460897816712413,0.0,0.0,1.0,0.0,0.0,0.0,0.0,0.0,29.0,6.0,0.0,6.0,0.0,0.0,0.0,0.0,0.0,13245.057970300819,21700.884615384617,0.0,4.0,0.0,0.0,0,16.977213438295504
88195da66dfffff,51.64656018527035,-0.16258927037074805,8.0,1.0,1.0,3.0,0.0,0.0,0.0,0.0,7.0,9.0,0.0,8.0,0.0,1.0,0.0,0.0,0.0,15747.498479175056,3413.1,0.0,32.0,0.0,0.0,0,18.216013622547415
88195da681fffff,51.566968268694104,-0.10768668111494843,59.0,7.0,0.0,70.0,2.0,1.0,0.0,3.0,69.0,142.0,0.0,20.0,9.0,3.0,0.0,0.0,1.0,8754.963086829994,17871.366666666665,1.0,71.0,2.0,400000.0,1,9.15960320329427
88195da683fffff,51.55921571969682,-0.1034262480192804,62.0,5.0,3.0,38.0,3.0,0.0,0.0,2.0,36.0,75.0,2.0,9.0,3.0,0.0,0.0,0.0,0.0,6261.133810886589,1510.125,1.0,29.0,1.0,0.0,1,8.336855228349513
88195da685fffff,51.5690585944191,-0.1198899245493167,51.0,6.0,2.0,18.0,3.0,0.0,0.0,0.0,53.0,53.0,1.0,24.0,13.0,3.0,0.0,0.0,0.0,7281.825888015986,6863.428571428572,0.0,36.0,2.0,0.0,0,9.352223570583343
88195da687fffff,51.56130618765749,-0.11562723062257514,50.0,7.0,2.0,54.0,5.0,1.0,0.0,0.0,19.0,117.0,0.0,9.0,11.0,2.0,0.0,0.0,0.0,30734.87447931162,17919.25,11.0,42.0,0.0,400000.0,1,8.495117806154733
88195da689fffff,51.57262914162224,-0.09974509679733312,26.0,1.0,0.0,12.0,3.0,1.0,0.0,0.0,109.0,57.0,0.0,27.0,2.0,1.0,0.0,0.0,0.0,14965.802544666565,27342.708333333332,0.0,38.0,7.0,400000.0,0,9.850282762224719
88195da68bfffff,51.56487685767545,-0.0954856107425361,93.0,2.0,0.0,6.0,0.0,0.0,2.0,0.0,38.0,22.0,0.0,13.0,3.0,2.0,0.0,0.0,0.0,20081.893366900928,13773.735294117647,0.0,21.0,0.0,0.0,0,9.048356960776347
88195da68dfffff,51.574720410516846,-0.11194842832892976,12.0,1.0,0.0,3.0,0.0,0.0,0.0,0.0,26.0,14.0,0.0,9.0,3.0,1.0,0.0,0.0,0.0,11785.276674882629,7508.333333333333,0.0,34.0,0.0,0.0,0,9.997774784129184
88195da691fffff,51.549371069659436,-0.08697057838944296,62.0,3.0,0.0,17.0,4.0,0.0,0.0,0.0,63.0,39.0,0.0,30.0,13.0,4.0,0.0,0.0,0.0,22340.843254343672,12731.4375,0.0,66.0,0.0,0.0,0,7.519842235073808
88195da693fffff,51.541617566360124,-0.08271503097064062,58.0,2.0,0.0,4.0,1.0,0.0,0.0,0.0,25.0,20.0,0.0,14.0,8.0,0.0,1.0,0.0,0.0,9676.96036862786,1609.0,0.0,47.0,0.0,400000.0,0,6.810206316287411
88195da695fffff,51.551462763909996,-0.0991671284813057,31.0,4.0,0.0,12.0,1.0,0.0,1.0,0.0,93.0,24.0,0.0,10.0,2.0,2.0,0.0,0.0,0.0,12771.772357344133,15765.666666666666,0.0,17.0,0.0,0.0,0,7.5345955388260935
88195da697fffff,51.543709401718694,-0.09490932194068218,57.0,3.0,0.0,12.0,2.0,0.0,4.0,0.0,61.0,47.0,1.0,14.0,10.0,0.0,0.0,0.0,0.0,7023.9182327674125,15902.858823529412,0.0,64.0,0.0,0.0,0,6.760133994175812
88195da699fffff,51.55503152983923,-0.07903080147019384,152.0,3.0,0.0,18.0,2.0,0.0,0.0,3.0,73.0,57.0,0.0,9.0,6.0,3.0,0.0,0.0,0.0,9979.085324388834,2870.5,0.0,25.0,0.0,0.0,0,8.294290391270792
88195da69bfffff,51.547278291609366,-0.07477620118181527,147.0,4.0,0.0,40.0,1.0,0.0,0.0,0.0,39.0,81.0,0.0,32.0,12.0,2.0,1.0,0.0,0.0,38586.76994392826,15434.107438016528,0.0,84.0,1.0,0.0,0,7.606937444934193
88195da69dfffff,51.55712416689286,-0.09122743812670338,77.0,4.0,0.0,8.0,1.0,0.0,0.0,0.0,36.0,19.0,0.0,16.0,2.0,1.0,0.0,0.0,1.0,4226.095146457323,0.0,0.0,31.0,0.0,0.0,0,8.269181568691156
88195da6a1fffff,51.56548386667479,-0.1400357118550645,57.0,2.0,0.0,11.0,0.0,0.0,2.0,1.0,152.0,32.0,0.0,29.0,8.0,3.0,0.0,0.0,0.0,13642.048893975765,19665.65306122449,0.0,49.0,2.0,0.0,0,9.061821430923544
88195da6a3fffff,51.55773133792996,-0.13576981080927927,72.0,7.0,1.0,25.0,2.0,0.0,0.0,2.0,31.0,44.0,0.0,17.0,3.0,0.0,0.0,0.0,1.0,13993.699535663816,13250.129032258064,0.0,24.0,1.0,0.0,0,8.165651906808806
88195da6a5fffff,51.567571076544404,-0.1522432094286828,8.0,0.0,0.0,2.0,0.0,0.0,0.0,1.0,34.0,8.0,0.0,6.0,3.0,1.0,0.0,0.0,0.0,0.0,0.0,0.0,3.0,0.0,0.0,0,9.455322091567137
88195da6a7fffff,51.55981869104799,-0.14797504718018847,26.0,0.0,0.0,12.0,1.0,0.0,0.0,0.0,61.0,18.0,0.0,14.0,3.0,0.0,0.0,0.0,0.0,8516.433029854848,5575.7,0.0,15.0,0.0,0.0,0,8.54764649873893
88195da6a9fffff,51.57114783425674,-0.13209534051880378,26.0,2.0,2.0,1.0,0.0,0.0,0.0,0.0,40.0,31.0,0.0,13.0,18.0,2.0,0.0,0.0,0.0,8291.63933302629,13827.458333333334,0.0,14.0,0.0,0.0,0,9.621352693345685
88195da6abfffff,51.563395570181335,-0.12783038541026467,57.0,3.0,1.0,16.0,0.0,0.0,0.0,2.0,24.0,49.0,1.0,10.0,12.0,3.0,0.0,0.0,1.0,18702.421926998122,17835.238095238095,0.0,14.0,2.0,66000.0,0,8.739071896389758
88195da6adfffff,51.573235987613394,-0.14430292849556797,9.0,1.0,0.0,15.0,3.0,1.0,0.0,0.0,59.0,67.0,0.0,15.0,2.0,1.0,0.0,0.0,0.0,7499.969025847948,18565.0,1.0,27.0,0.0,0.0,1,9.960811004189136
88195da6b1fffff,51.54788982001403,-0.11930441937969438,38.0,0.0,0.0,11.0,2.0,1.0,0.0,0.0,18.0,30.0,0.0,16.0,1.0,1.0,0.0,0.0,1.0,19187.07991357096,13072.510204081633,0.0,30.0,0.0,132000.0,0,6.997171454854847
88195da6b3fffff,51.540136334692555,-0.11504340733633317,45.0,3.0,0.0,24.0,2.0,0.0,0.0,0.0,42.0,43.0,0.0,17.0,6.0,2.0,0.0,0.0,0.0,5782.309751113517,4452.2,0.0,38.0,1.0,0.0,0,6.1440053798824685
88195da6b5fffff,51.54997840176416,-0.13150522479717844,46.0,4.0,0.0,16.0,1.0,0.0,0.0,2.0,56.0,53.0,0.0,19.0,3.0,2.0,0.0,0.0,0.0,18973.96306463752,16970.944444444445,0.0,43.0,0.0,275000.0,0,7.2733556819910685
88195da6b7fffff,51.5422250585627,-0.1272419532580206,19.0,2.0,0.0,8.0,0.0,0.0,0.0,2.0,17.0,23.0,0.0,15.0,3.0,1.0,1.0,0.0,0.0,9625.859331133996,12771.708333333334,0.0,41.0,0.0,0.0,0,6.386568686905555
88195da6b9fffff,51.55355337376756,-0.1113658509325886,74.0,4.0,0.0,43.0,5.0,0.0,1.0,0.0,57.0,77.0,0.0,15.0,10.0,1.0,0.0,0.0,0.0,17288.76949843151,18867.021505376346,11.0,76.0,2.0,132000.0,1,7.650634293613333
88195da6bbfffff,51.54580015313443,-0.10710578491878435,61.0,4.0,1.0,55.0,9.0,0.0,2.0,4.0,129.0,84.0,0.0,16.0,18.0,3.0,2.0,0.0,0.0,17184.16641204853,23901.5,0.0,37.0,2.0,0.0,0,6.823472562584546
88195da6bdfffff,51.55564289863869,-0.12356674521749937,53.0,5.0,0.0,15.0,1.0,3.0,0.0,2.0,57.0,49.0,0.0,18.0,10.0,2.0,0.0,0.0,0.0,9617.173828836443,19443.010416666668,0.0,50.0,0.0,132000.0,0,7.863501275932908
88195da6c1fffff,51.58604041778744,-0.09606233022073644,34.0,2.0,1.0,39.0,8.0,0.0,0.0,1.0,42.0,95.0,1.0,17.0,7.0,4.0,2.0,0.0,0.0,12164.563937998964,18003.622641509435,0.0,30.0,0.0,0.0,0,11.36364694398602
88195da6c3fffff,51.57828880631576,-0.09180247777263977,25.0,3.0,0.0,7.0,2.0,0.0,2.0,0.0,17.0,31.0,0.0,8.0,1.0,1.0,2.0,0.0,0.0,37153.75222843603,3144.818181818182,0.0,25.0,0.0,400000.0,0,10.561995586026683
88195da6c5fffff,51.58813248746878,-0.10826801146686967,31.0,2.0,1.0,25.0,3.0,0.0,0.0,0.0,36.0,82.0,0.0,12.0,3.0,3.0,0.0,0.0,0.0,10852.31810211788,14333.808695652175,0.0,38.0,2.0,0.0,0,11.503207298587233
88195da6c7fffff,51.58038101834831,-0.1040058968517849,34.0,0.0,0.0,35.0,8.0,0.0,1.0,0.0,35.0,109.0,0.0,11.0,8.0,3.0,1.0,0.0,0.0,10002.052881561372,167.5,0.0,35.0,0.0,0.0,0,10.669823223045007
88195da6c9fffff,51.59169860870828,-0.0881177285388466,12.0,1.0,0.0,2.0,0.0,0.0,0.0,0.0,71.0,27.0,0.0,10.0,0.0,0.0,0.0,0.0,0.0,3331.6236321237434,0.0,0.0,28.0,0.0,0.0,0,12.07547260393113
88195da6cbfffff,51.583947262648714,-0.08385882414396446,23.0,0.0,1.0,16.0,4.0,0.0,0.0,0.0,35.0,31.0,0.0,11.0,5.0,2.0,0.0,0.0,0.0,6215.171778237999,11925.791666666666,0.0,23.0,0.0,0.0,0,11.290742972494016
88195da6cdfffff,51.593791621607515,-0.1003234971106242,32.0,3.0,0.0,20.0,0.0,0.0,0.0,0.0,41.0,99.0,0.0,16.0,3.0,8.0,0.0,0.0,0.0,6722.124510103422,11539.666666666666,0.0,26.0,2.0,0.0,0,12.180744743623812
88195da6d1fffff,51.56844334897587,-0.07534495607827198,56.0,3.0,1.0,13.0,0.0,0.0,0.0,2.0,21.0,26.0,0.0,11.0,7.0,5.0,2.0,0.0,1.0,16255.682751924553,24130.583333333332,1.0,23.0,0.0,0.0,1,9.787364208339923
88195da6d3fffff,51.56069078213201,-0.0710899912861581,104.0,6.0,0.0,52.0,2.0,1.0,0.0,1.0,55.0,126.0,0.0,18.0,12.0,5.0,1.0,0.0,0.0,2985.696476713794,17135.319444444445,0.0,61.0,0.0,0.0,0,9.079680309554163
88195da6d5fffff,51.57053678757729,-0.08754393920529652,31.0,2.0,0.0,5.0,1.0,0.0,1.0,0.0,16.0,15.0,0.0,4.0,1.0,7.0,0.0,0.0,0.0,2701.8369462177784,22388.04651162791,0.0,17.0,0.0,0.0,0,9.779597954887246
88195da6d7fffff,51.56278436195684,-0.083286713957968,93.0,0.0,0.0,21.0,2.0,0.0,3.0,0.0,110.0,38.0,0.0,11.0,1.0,0.0,0.0,0.0,0.0,5283.540945480083,8105.181818181818,0.0,33.0,0.0,66000.0,0,9.021473537322171
88195da6d9fffff,51.57410112782409,-0.0674021645909812,23.0,2.0,0.0,4.0,3.0,0.0,1.0,1.0,18.0,17.0,0.0,18.0,13.0,4.0,0.0,0.0,0.0,862.074479493793,35834.916666666664,1.0,35.0,0.0,400000.0,1,10.563872831082318
88195da6dbfffff,51.566348826411875,-0.06314814794072658,56.0,2.0,0.0,3.0,1.0,0.0,1.0,0.0,12.0,11.0,0.0,15.0,6.0,2.0,0.0,0.0,0.0,873.0945729712919,17608.685714285715,1.0,37.0,0.0,400000.0,1,9.873376162719893
88195da6ddfffff,51.576195509276346,-0.07960123351070279,27.0,2.0,0.0,10.0,0.0,0.0,0.0,0.0,17.0,25.0,0.0,20.0,2.0,2.0,0.0,0.0,0.0,11764.81788139743,19808.013513513513,0.0,40.0,0.0,400000.0,0,10.52644183853973
88195da6e1fffff,51.58456218501695,-0.12841925735683227,24.0,2.0,2.0,16.0,6.0,0.0,1.0,0.0,47.0,48.0,2.0,15.0,5.0,1.0,0.0,0.0,0.0,24770.530308647136,19692.074074074073,0.0,43.0,0.0,0.0,0,11.092533083689656
88195da6e3fffff,51.57681059366727,-0.12415393327368555,54.0,3.0,1.0,34.0,5.0,1.0,0.0,1.0,66.0,97.0,0.0,12.0,7.0,2.0,0.0,0.0,0.0,10666.715320691403,18341.847222222223,2.0,18.0,0.0,0.0,1,10.218768317272817
88195da6e5fffff,51.58665113846521,-0.14062919772784843,17.0,0.0,0.0,4.0,0.0,0.0,0.0,0.0,43.0,31.0,0.0,9.0,0.0,2.0,0.0,0.0,0.0,16557.830052561167,22984.833333333332,0.0,13.0,0.0,0.0,0,11.399775185383165
88195da6e7fffff,51.578899690479744,-0.13636161110420622,1.0,0.0,0.0,0.0,1.0,0.0,0.0,0.0,16.0,4.0,0.0,3.0,1.0,0.0,0.0,0.0,0.0,10136.587688041818,7519.545454545455,0.0,4.0,0.0,0.0,0,10.508646229523613
88195da6e9fffff,51.59022347109869,-0.12047586735584666,20.0,1.0,0.0,27.0,2.0,1.0,0.0,0.0,42.0,58.0,0.0,8.0,6.0,3.0,0.0,0.0,0.0,31666.948228069836,405.0,0.0,10.0,0.0,0.0,0,11.707057485052522
88195da6ebfffff,51.58247214478002,-0.1162114902221645,29.0,2.0,3.0,23.0,3.0,0.0,0.0,0.0,27.0,66.0,0.0,11.0,9.0,0.0,0.0,0.0,2.0,35459.46355189663,12296.967213114754,0.0,27.0,0.0,132000.0,0,10.847788147271107
88195da6edfffff,51.592313368083104,-0.13268589736017666,4.0,0.0,0.0,4.0,0.0,0.0,0.0,1.0,86.0,10.0,0.0,5.0,0.0,0.0,0.0,0.0,0.0,98176.4135659798,9056.57142857143,0.0,8.0,0.0,0.0,0,11.9719305618067
88195da701fffff,51.6358270425853,-0.223125813643042,0.0,0.0,0.0,0.0,0.0,0.0,0.0,0.0,0.0,0.0,0.0,2.0,0.0,0.0,0.0,0.0,0.0,0.0,0.0,0.0,0.0,0.0,0.0,0,18.24124815893041
88195da703fffff,51.628078373639106,-0.21884030345516933,0.0,0.0,0.0,0.0,0.0,0.0,0.0,0.0,0.0,0.0,0.0,0.0,0.0,0.0,0.0,0.0,0.0,0.0,0.0,0.0,4.0,0.0,0.0,0,17.33198336261606
88195da705fffff,51.6379087273801,-0.23536011564952578,0.0,0.0,0.0,0.0,0.0,0.0,0.0,0.0,1.0,0.0,0.0,0.0,0.0,0.0,0.0,0.0,0.0,0.0,0.0,0.0,0.0,0.0,0.0,0,18.799526805483524
88195da707fffff,51.63016020620429,-0.23107233742986424,0.0,0.0,0.0,0.0,0.0,0.0,0.0,0.0,0.0,2.0,0.0,6.0,0.0,0.0,0.0,0.0,0.0,0.0,9005.5,0.0,0.0,0.0,0.0,0,17.893392332141072
88195da709fffff,51.64149266953876,-0.21517824805924746,0.0,0.0,0.0,0.0,0.0,0.0,0.0,0.0,1.0,0.0,0.0,5.0,0.0,1.0,0.0,0.0,0.0,9941.56897655773,0.0,0.0,0.0,0.0,0.0,0,18.62019197927279
88195da70bfffff,51.633744265180916,-0.21089368342069872,0.0,0.0,0.0,0.0,0.0,0.0,0.0,0.0,0.0,0.0,0.0,4.0,0.0,0.0,0.0,0.0,0.0,0.0,17626.375,0.0,0.0,0.0,0.0,0,17.708974677981832
88195da70dfffff,51.64357529928466,-0.22741264664686925,0.0,0.0,0.0,0.0,0.0,0.0,0.0,0.0,1.0,0.0,0.0,0.0,0.0,0.0,0.0,0.0,0.0,9655.381799780058,8813.3,0.0,0.0,0.0,0.0,0,19.15072089313063
88195da711fffff,51.618246221130015,-0.20232851998578347,0.0,0.0,0.0,0.0,0.0,0.0,0.0,0.0,1.0,0.0,0.0,3.0,0.0,0.0,0.0,0.0,0.0,4261.142425855966,0.0,0.0,3.0,0.0,0.0,0,15.88661781426613
88195da713fffff,51.610496582207524,-0.19804792006163088,0.0,0.0,0.0,0.0,0.0,0.0,0.0,0.0,7.0,0.0,0.0,0.0,0.0,0.0,0.0,0.0,0.0,9673.23530934422,0.0,0.0,1.0,0.0,0.0,0,14.975498341830201
88195da715fffff,51.6203292928314,-0.2145561155189912,0.0,0.0,0.0,0.0,0.0,0.0,0.0,0.0,1.0,1.0,0.0,0.0,0.0,0.0,0.0,0.0,0.0,5484.573887363015,0.0,0.0,1.0,0.0,275000.0,0,16.422965897420507
88195da717fffff,51.61257980054756,-0.2102732492705247,4.0,0.0,0.0,0.0,0.0,0.0,0.0,0.0,13.0,9.0,0.0,15.0,1.0,0.0,1.0,0.0,0.0,5282.461024679385,9601.0,1.0,8.0,0.0,132000.0,1,15.514244370199853
88195da719fffff,51.62391143262974,-0.19438275035299915,0.0,0.0,0.0,0.0,0.0,0.0,0.0,0.0,3.0,0.0,0.0,2.0,0.0,0.0,0.0,0.0,0.0,1401.2107693397584,0.0,0.0,3.0,0.0,0.0,0,16.293447113871295
88195da71bfffff,51.61616205831669,-0.1901030960779684,7.0,0.0,1.0,2.0,0.0,0.0,0.0,0.0,20.0,8.0,0.0,14.0,1.0,0.0,0.0,0.0,0.0,11629.903400014464,6976.0,1.0,16.0,0.0,0.0,1,15.38176050292144
88195da721fffff,51.63432059248555,-0.2555429175417437,0.0,0.0,0.0,0.0,0.0,0.0,0.0,0.0,2.0,4.0,0.0,3.0,0.0,0.0,0.0,0.0,0.0,0.0,0.0,0.0,0.0,0.0,0.0,0,19.08815382791305
88195da723fffff,51.62657195532464,-0.2512519265118038,0.0,0.0,0.0,1.0,0.0,0.0,0.0,0.0,4.0,0.0,0.0,3.0,0.0,0.0,0.0,0.0,0.0,6903.479254534073,37234.4375,0.0,7.0,0.0,0.0,0,18.192416570585237
88195da725fffff,51.63639914501372,-0.26778146260208935,0.0,0.0,0.0,0.0,0.0,0.0,0.0,0.0,0.0,15.0,0.0,0.0,0.0,0.0,0.0,0.0,0.0,43389.022185174945,68897.58333333333,2.0,0.0,0.0,275000.0,1,19.717167571447952
88195da727fffff,51.6286506566392,-0.2634882031825201,0.0,1.0,0.0,3.0,0.0,0.0,0.0,0.0,1.0,13.0,0.0,2.0,0.0,0.0,0.0,0.0,0.0,80802.20286557662,0.0,0.0,2.0,0.0,275000.0,0,18.827364060798892
88195da729fffff,51.639989318971175,-0.2475965889026576,0.0,0.0,0.0,1.0,0.0,0.0,0.0,0.0,1.0,0.0,0.0,2.0,0.0,0.0,0.0,0.0,0.0,5626.410058628547,0.0,0.0,2.0,0.0,0.0,0,19.38157379661152
88195da72bfffff,51.63224094601776,-0.24330654230469898,0.0,0.0,0.0,0.0,0.0,0.0,0.0,0.0,3.0,0.0,0.0,0.0,0.0,0.0,0.0,0.0,0.0,0.0,0.0,0.0,0.0,0.0,0.0,0,18.47953858724569
88195da72dfffff,51.64206881676444,-0.25983523286397586,0.0,1.0,0.0,0.0,0.0,0.0,0.0,0.0,0.0,3.0,0.0,1.0,0.0,0.0,0.0,0.0,0.0,15578.358115724059,57190.125,1.0,8.0,0.0,0.0,1,19.9853225137564
88195da731fffff,51.616742962871236,-0.23473041938080816,1.0,0.0,0.0,0.0,0.0,0.0,0.0,0.0,10.0,0.0,0.0,7.0,0.0,0.0,0.0,0.0,0.0,9572.295349092317,0.0,0.0,9.0,0.0,0.0,0,16.678574557064398
88195da733fffff,51.6089933534492,-0.2304443419262964,0.0,0.0,0.0,0.0,0.0,2.0,0.0,0.0,4.0,1.0,0.0,6.0,0.0,0.0,0.0,0.0,0.0,28949.844277038443,8490.875,0.0,5.0,0.0,0.0,0,15.780010373864538
88195da735fffff,51.618822905667336,-0.2469622592094879,8.0,2.0,0.0,9.0,4.0,0.0,0.0,0.0,8.0,31.0,0.0,9.0,0.0,2.0,0.0,0.0,0.0,5487.995486659536,2785.8823529411766,0.0,22.0,0.0,0.0,0,17.298337725222904
88195da737fffff,51.61107344389922,-0.24267391507042513,0.0,0.0,0.0,4.0,1.0,0.0,0.0,0.0,12.0,13.0,0.0,14.0,0.0,0.0,0.0,0.0,0.0,12763.164142073923,60722.583333333336,0.0,8.0,0.0,0.0,0,16.40619328647069
88195da739fffff,51.6224112728269,-0.22678588214216167,0.0,0.0,0.0,2.0,0.0,0.0,0.0,0.0,1.0,1.0,0.0,2.0,1.0,0.0,0.0,0.0,0.0,9307.259774802256,0.0,0.0,2.0,0.0,275000.0,0,16.987833998841143
88195da73bfffff,51.61466192763339,-0.2225007492222025,0.0,0.0,0.0,0.0,0.0,0.0,0.0,0.0,8.0,0.0,0.0,6.0,0.0,0.0,0.0,0.0,0.0,6534.482869370669,8070.363636363636,0.0,8.0,0.0,0.0,0,16.082954080648335
88195da73dfffff,51.62449216052261,-0.23901781931889698,0.0,0.0,0.0,0.0,0.0,0.0,0.0,0.0,3.0,1.0,0.0,6.0,1.0,0.0,0.0,0.0,0.0,2019.310543600588,0.0,0.0,1.0,0.0,0.0,0,17.57848425453544
88195da741fffff,51.65490481421316,-0.21151458200241366,0.0,1.0,0.0,5.0,0.0,0.0,0.0,0.0,1.0,8.0,0.0,13.0,0.0,1.0,0.0,0.0,0.0,54316.40685309725,19459.916666666668,0.0,20.0,0.0,0.0,0,19.93993626431878
88195da743fffff,51.647157086937945,-0.2072296407794871,0.0,0.0,0.0,1.0,1.0,0.0,0.0,0.0,0.0,4.0,0.0,6.0,0.0,1.0,0.0,0.0,0.0,33664.84550714304,0.0,0.0,7.0,0.0,0.0,0,19.02835355222238
88195da745fffff,51.656988240993144,-0.22375134600009894,0.0,0.0,0.0,0.0,0.0,0.0,0.0,0.0,0.0,1.0,0.0,0.0,0.0,0.0,0.0,0.0,0.0,0.0,0.0,0.0,0.0,0.0,0.0,0,20.442667479997485
88195da747fffff,51.64924066160457,-0.21946413539750734,2.0,0.0,0.0,2.0,1.0,0.0,0.0,0.0,2.0,7.0,0.0,17.0,0.0,0.0,0.0,0.0,0.0,75599.69705920582,3699.6,0.0,8.0,0.0,0.0,0,19.53142491320046
88195da749fffff,51.66056775698391,-0.20356398656274735,4.0,0.0,0.0,8.0,1.0,0.0,0.0,0.0,27.0,21.0,0.0,8.0,0.0,0.0,0.0,0.0,0.0,12689.567330371068,10429.013513513513,0.0,3.0,0.0,0.0,0,20.374570249181616
88195da74bfffff,51.65282029465627,-0.1992799919049609,24.0,0.0,0.0,39.0,7.0,0.0,0.0,2.0,31.0,124.0,0.0,19.0,3.0,10.0,0.0,0.0,0.0,46729.895408977245,18291.672727272726,0.0,32.0,0.0,0.0,0,19.4638821404201
88195da74dfffff,51.662652128766105,-0.21580084637327634,0.0,0.0,0.0,0.0,0.0,0.0,0.0,0.0,0.0,0.0,0.0,0.0,0.0,0.0,0.0,0.0,0.0,3466.530623827041,0.0,1.0,0.0,0.0,132000.0,1,20.851491973703205
88195da751fffff,51.637324133239325,-0.19071596942462835,0.0,0.0,0.0,0.0,0.0,0.0,0.0,0.0,10.0,1.0,0.0,1.0,0.0,0.0,0.0,0.0,0.0,7059.2873281502825,0.0,0.0,0.0,0.0,0.0,0,17.642684702818958
88195da753fffff,51.62957543492006,-0.18643594047349477,1.0,1.0,0.0,0.0,0.0,0.0,0.0,0.0,2.0,0.0,0.0,7.0,0.0,0.0,0.0,0.0,0.0,7501.105204628006,0.0,0.0,2.0,0.0,0.0,0,16.732204373542853
88195da755fffff,51.63940894732554,-0.20294602213980772,3.0,0.0,0.0,0.0,0.0,0.0,0.0,0.0,4.0,1.0,0.0,1.0,1.0,0.0,1.0,0.0,0.0,7070.470146160276,0.0,0.0,2.0,0.0,0.0,0,18.116744175061317
88195da757fffff,51.63166039576109,-0.19866372551901054,0.0,0.0,0.0,0.0,0.0,0.0,2.0,0.0,1.0,0.0,0.0,5.0,0.0,0.0,0.0,0.0,0.0,5047.588778240335,18974.541666666668,0.0,3.0,0.0,0.0,0,17.205108534452098
88195da759fffff,51.642986661224455,-0.1827671727358867,1.0,0.0,0.0,1.0,0.0,0.0,0.0,0.0,5.0,5.0,0.0,12.0,0.0,0.0,0.0,0.0,0.0,14855.986239451144,26104.583333333332,0.0,16.0,0.0,0.0,0,18.10830250406365
88195da75bfffff,51.635238227874474,-0.1784880904487883,8.0,0.0,0.0,2.0,0.0,0.0,0.0,0.0,9.0,4.0,0.0,6.0,0.0,0.0,0.0,0.0,0.0,35227.53854535564,0.0,0.0,12.0,0.0,0.0,0,17.20043207557346
88195da75dfffff,51.64507241994641,-0.19499731971373765,1.0,0.0,0.0,0.0,0.0,0.0,0.0,0.0,20.0,1.0,0.0,6.0,1.0,0.0,0.0,0.0,0.0,19415.66664865086,8816.625,0.0,19.0,0.0,0.0,0,18.553249264854884
88195da761fffff,51.653404531585444,-0.24393964314294983,0.0,0.0,0.0,0.0,0.0,0.0,0.0,0.0,0.0,0.0,0.0,0.0,0.0,0.0,0.0,0.0,0.0,2779.372825762732,18209.125,0.0,0.0,0.0,0.0,0,20.6132047124561
88195da763fffff,51.64565683596894,-0.23964921736562692,0.0,0.0,0.0,0.0,0.0,0.0,0.0,0.0,0.0,1.0,0.0,4.0,0.0,0.0,0.0,0.0,0.0,6878.485712979187,10809.166666666666,0.0,0.0,0.0,0.0,0,19.706153891614115
88195da765fffff,51.655484825710936,-0.25618065519420224,0.0,0.0,0.0,0.0,0.0,0.0,0.0,0.0,0.0,0.0,0.0,0.0,0.0,0.0,0.0,0.0,0.0,0.0,18209.125,0.0,3.0,0.0,0.0,0,21.188070520464727
88195da767fffff,51.64773727899739,-0.25188795967749095,0.0,0.0,0.0,0.0,0.0,0.0,0.0,0.0,0.0,2.0,0.0,0.0,0.0,0.0,0.0,0.0,0.0,420.70114000578167,53885.958333333336,0.0,0.0,0.0,0.0,0,20.28445508718112
88195da76bfffff,51.651323143351874,-0.2317008030311916,0.0,0.0,0.0,0.0,0.0,0.0,0.0,0.0,0.0,0.0,0.0,4.0,0.0,0.0,0.0,0.0,0.0,0.0,0.0,0.0,0.0,0.0,0.0,0,20.060369302059488
88195da89bfffff,51.61987678056325,-0.5028687835159343,0.0,0.0,0.0,0.0,0.0,0.0,0.0,0.0,1.0,1.0,0.0,0.0,0.0,0.0,0.0,0.0,0.0,0.0,0.0,0.0,0.0,0.0,0.0,0,30.502609054423928
88195dac01fffff,51.570837480431955,-0.4199578598575496,2.0,0.0,1.0,0.0,0.0,0.0,3.0,0.0,11.0,3.0,0.0,14.0,5.0,1.0,0.0,0.0,0.0,60145.20855453829,4268.375,0.0,67.0,1.0,0.0,0,22.902635701187133
88195dac03fffff,51.563086178601424,-0.4156433086379499,5.0,0.0,0.0,1.0,0.0,0.0,0.0,0.0,11.0,19.0,0.0,7.0,0.0,1.0,0.0,0.0,0.0,24775.791662762764,16388.32,1.0,96.0,0.0,0.0,1,22.28222987182315
88195dac05fffff,51.57289825413022,-0.43220585263710415,1.0,0.0,0.0,1.0,0.0,0.0,0.0,0.0,3.0,3.0,0.0,10.0,0.0,1.0,0.0,0.0,0.0,34645.571590549465,8084.727272727273,0.0,30.0,0.0,0.0,0,23.770806397456976
88195dac07fffff,51.56514710479987,-0.4278890357073031,0.0,0.0,0.0,0.0,0.0,0.0,1.0,0.0,1.0,0.0,0.0,0.0,0.0,0.0,0.0,0.0,0.0,0.0,0.0,0.0,7.0,0.0,0.0,0,23.15413627081311
88195dac09fffff,51.57652664823279,-0.4120256369862337,10.0,0.0,0.0,2.0,0.0,0.0,0.0,0.0,0.0,3.0,0.0,10.0,0.0,0.0,0.0,0.0,0.0,26827.089932439005,12063.555555555555,0.0,42.0,0.0,0.0,0,22.67939629442035
88195dac0bfffff,51.56877560800631,-0.40771202266408113,7.0,0.0,0.0,0.0,0.0,0.0,0.0,0.0,3.0,0.0,0.0,7.0,0.0,2.0,0.0,0.0,0.0,0.0,738.1666666666666,0.0,173.0,0.0,0.0,0,22.03544408254404
88195dac0dfffff,51.57858836826974,-0.42427374022937997,3.0,2.0,0.0,2.0,0.0,0.0,0.0,1.0,17.0,7.0,0.0,4.0,6.0,1.0,0.0,0.0,0.0,9320.111474972697,17977.75,0.0,13.0,0.0,0.0,0,23.542072516796253
88195dac11fffff,51.553272286985965,-0.39908877888370536,4.0,0.0,0.0,2.0,0.0,0.0,0.0,0.0,8.0,6.0,0.0,7.0,0.0,0.0,0.0,0.0,0.0,41776.887538304174,0.0,1.0,123.0,0.0,0.0,1,20.807901566430285
88195dac13fffff,51.54552000696659,-0.39477914829621774,0.0,0.0,0.0,1.0,0.0,0.0,0.0,0.0,1.0,4.0,0.0,2.0,0.0,0.0,0.0,0.0,0.0,18045.715325190133,60636.0,0.0,10.0,0.0,0.0,0,20.227982541719292
88195dac15fffff,51.55533446316543,-0.41133008600557924,0.0,0.0,0.0,0.0,0.0,0.0,0.0,0.0,1.0,12.0,0.0,2.0,0.0,0.0,0.0,0.0,0.0,97378.76073885904,0.0,0.0,31.0,0.0,0.0,0,21.682492377713476
88195dac17fffff,51.547582334511326,-0.40701819139572804,0.0,0.0,0.0,0.0,0.0,0.0,0.0,0.0,1.0,1.0,0.0,0.0,0.0,0.0,0.0,0.0,0.0,31750.870963057536,0.0,0.0,1.0,0.0,0.0,0,21.10518903194705
88195dac19fffff,51.558961031972025,-0.39115832079688784,4.0,1.0,0.0,2.0,0.0,0.0,0.0,0.0,5.0,9.0,0.0,4.0,1.0,2.0,0.0,0.0,0.0,87177.8412111858,2511.0,0.0,92.0,0.0,0.0,0,20.540601388101024
88195dac1bfffff,51.551209013575836,-0.38684962722320576,2.0,0.0,0.0,0.0,0.0,0.0,0.0,0.0,1.0,1.0,0.0,0.0,0.0,0.0,0.0,0.0,0.0,4143.0235585898445,0.0,0.0,1.0,0.0,0.0,0,19.933816521679937
88195dac1dfffff,51.56102415412829,-0.4033997368181615,2.0,0.0,0.0,2.0,0.0,0.0,0.0,0.0,4.0,5.0,0.0,4.0,0.0,1.0,0.0,0.0,0.0,54054.594821681414,12302.75,0.0,111.0,0.0,0.0,0,21.411025040876794
88195dac21fffff,51.569265660006806,-0.45238695339404095,0.0,0.0,0.0,0.0,0.0,0.0,0.0,0.0,0.0,0.0,0.0,3.0,0.0,0.0,0.0,0.0,0.0,7044.776790693458,16171.181818181818,0.0,2.0,0.0,0.0,0,24.899790773486565
88195dac23fffff,51.56151440240578,-0.4480669346506112,7.0,0.0,0.0,1.0,0.0,0.0,0.0,0.0,6.0,1.0,0.0,12.0,1.0,1.0,0.0,0.0,0.0,25889.578592877395,18570.272727272728,0.0,1.0,1.0,0.0,0,24.308834983926136
88195dac25fffff,51.571323287832485,-0.464639142908642,0.0,0.0,0.0,0.0,0.0,0.0,0.0,0.0,0.0,1.0,0.0,2.0,0.0,0.0,0.0,0.0,0.0,13260.365162397766,0.0,0.0,0.0,0.0,0.0,0,25.7734295193237
88195dac27fffff,51.56357218374877,-0.46031685812424855,0.0,0.0,0.0,0.0,0.0,0.0,0.0,0.0,1.0,1.0,0.0,9.0,0.0,0.0,0.0,0.0,0.0,0.0,7254.583333333333,0.0,5.0,0.0,0.0,0,25.185016590844498
88195dac29fffff,51.57495792850953,-0.4444560004522696,0.0,0.0,0.0,0.0,0.0,0.0,0.0,0.0,0.0,3.0,0.0,0.0,0.0,0.0,0.0,0.0,0.0,0.0,0.0,0.0,0.0,0.0,0.0,0,24.63986072625099
88195dac2bfffff,51.56720693213214,-0.4401369174763032,4.0,1.0,0.0,4.0,0.0,0.0,1.0,0.0,5.0,2.0,0.0,6.0,1.0,1.0,0.0,0.0,0.0,21444.796800685366,14713.888888888889,1.0,10.0,0.0,0.0,1,24.026676114478075
88195dac2dfffff,51.577016502978324,-0.45670830275159724,0.0,0.0,0.0,0.0,0.0,0.0,0.0,0.0,0.0,1.0,0.0,0.0,0.0,0.0,0.0,0.0,0.0,0.0,0.0,0.0,3.0,0.0,0.0,0,25.50971614737923
88195dac31fffff,51.55170369690069,-0.4315027407748953,0.0,0.0,0.0,0.0,0.0,0.0,0.0,0.0,0.0,6.0,0.0,0.0,0.0,0.0,0.0,0.0,0.0,3496.324890758611,0.0,0.0,0.0,0.0,0.0,0,22.860351565382473
88195dac35fffff,51.5537627305628,-0.4437482459559252,4.0,0.0,0.0,0.0,0.0,0.0,0.0,0.0,0.0,0.0,0.0,9.0,0.0,0.0,0.0,0.0,0.0,17190.892380886417,30685.016666666666,0.0,19.0,1.0,0.0,0,23.73826890524352
88195dac37fffff,51.546010644865454,-0.4394308867448742,2.0,0.0,0.0,0.0,0.0,0.0,0.0,0.0,0.0,0.0,0.0,11.0,0.0,1.0,0.0,0.0,0.0,0.0,433.4,0.0,1.0,0.0,0.0,0,23.189601050709726
88195dac39fffff,51.557395541522816,-0.42357354804043307,0.0,0.0,0.0,0.0,0.0,0.0,0.0,0.0,0.0,0.0,0.0,0.0,0.0,0.0,0.0,0.0,0.0,24489.07321735746,0.0,0.0,16.0,0.0,0.0,0,22.557538925258825
88195dac3bfffff,51.549643564686455,-0.4192593890715565,0.0,0.0,0.0,0.0,0.0,0.0,0.0,0.0,0.0,18.0,0.0,0.0,0.0,0.0,0.0,0.0,0.0,34953.411193076725,106247.04166666667,0.0,4.0,0.0,0.0,0,21.982652336968197
88195dac3dfffff,51.5594555214667,-0.43581916443889707,0.0,0.0,0.0,0.0,0.0,0.0,0.0,0.0,2.0,2.0,0.0,4.0,0.0,0.0,0.0,0.0,0.0,11684.661580304235,751.0,0.0,6.0,0.0,0.0,0,23.43299862030672
88195dac41fffff,51.58996497245266,-0.40840637309474853,2.0,0.0,0.0,2.0,0.0,0.0,0.0,0.0,0.0,4.0,0.0,5.0,0.0,0.0,0.0,0.0,0.0,6565.311313163633,502.6666666666667,0.0,1.0,0.0,0.0,0,23.169089140403646
88195dac43fffff,51.58221460807238,-0.4040923671901376,4.0,2.0,0.0,3.0,0.0,0.0,0.0,1.0,4.0,3.0,0.0,12.0,1.0,1.0,0.0,0.0,0.0,31872.819185702723,0.0,0.0,9.0,0.0,0.0,0,22.485248812921043
88195dac45fffff,51.59202748618237,-0.4206568533197869,0.0,0.0,0.0,0.0,0.0,0.0,0.0,0.0,0.0,0.0,0.0,1.0,0.0,0.0,0.0,0.0,0.0,4855.566497843119,1758.3333333333333,0.0,0.0,0.0,0.0,0,24.019556039307908
88195dac47fffff,51.584277274420536,-0.4163405803496835,0.0,0.0,0.0,0.0,0.0,0.0,0.0,0.0,3.0,0.0,0.0,2.0,0.0,0.0,0.0,0.0,0.0,1751.301112423393,0.0,0.0,1.0,0.0,0.0,0,23.34126164061063
88195dac49fffff,51.59565146223631,-0.4004711185615026,0.0,0.0,0.0,0.0,0.0,0.0,0.0,0.0,0.0,1.0,0.0,3.0,0.0,0.0,0.0,0.0,0.0,10983.155759738564,16545.041666666668,0.0,6.0,0.0,0.0,0,23.02618668536745
88195dac4bfffff,51.58790135982087,-0.39615805056623116,0.0,0.0,0.0,0.0,0.0,0.0,1.0,0.0,1.0,2.0,0.0,4.0,0.0,0.0,0.0,0.0,0.0,0.0,2378.5454545454545,0.0,1.0,0.0,0.0,0,22.320941306691278
88195dac4dfffff,51.59771492236123,-0.4127217084949068,3.0,1.0,2.0,4.0,1.0,0.0,0.0,0.0,2.0,8.0,1.0,12.0,0.0,1.0,0.0,0.0,0.0,14263.911769965442,3661.923076923077,0.0,4.0,0.0,0.0,0,23.86821785384983
88195dac51fffff,51.572399912985475,-0.3875359004667125,0.0,0.0,0.0,0.0,1.0,0.0,0.0,0.0,9.0,2.0,0.0,2.0,0.0,0.0,0.0,0.0,0.0,6599.953673411368,0.0,0.0,89.0,0.0,0.0,0,20.958463350216178
88195dac53fffff,51.56464856933956,-0.3832268172323794,2.0,0.0,0.0,0.0,1.0,0.0,0.0,0.0,2.0,3.0,0.0,4.0,0.0,0.0,2.0,0.0,0.0,1921.1198253629784,3139.75,0.0,114.0,0.0,0.0,0,20.30446065758834
88195dac55fffff,51.574463829607446,-0.39977969021566134,2.0,3.0,0.0,8.0,1.0,0.0,0.0,0.0,5.0,3.0,0.0,14.0,0.0,1.0,0.0,0.0,0.0,29636.081385050747,0.0,0.0,110.0,0.0,0.0,0,21.81813812036597
88195dac57fffff,51.566712637444944,-0.39546834160618927,1.0,0.0,0.0,0.0,0.0,0.0,0.0,0.0,7.0,0.0,0.0,0.0,1.0,1.0,0.0,0.0,0.0,1678.6996712887276,604.0769230769231,0.0,114.0,0.0,0.0,0,21.169342495453957
88195dac59fffff,51.57808598062013,-0.3796024134969857,2.0,0.0,0.0,0.0,0.0,0.0,0.0,0.0,12.0,1.0,0.0,8.0,1.0,4.0,0.0,0.0,0.0,16432.17012301936,0.0,0.0,28.0,0.0,0.0,0,20.779313543626998
88195dac5bfffff,51.57033489895877,-0.37529426828747364,3.0,0.0,0.0,4.0,2.0,0.0,0.0,0.0,6.0,7.0,0.0,8.0,0.0,1.0,0.0,0.0,0.0,0.0,676.9090909090909,0.0,116.0,0.0,0.0,0,20.100565274911318
88195dac5dfffff,51.58015084327493,-0.391846311389697,0.0,1.0,0.0,0.0,0.0,0.0,0.0,0.0,4.0,0.0,0.0,2.0,0.0,0.0,0.0,0.0,0.0,20811.622056329717,0.0,0.0,7.0,0.0,0.0,0,21.631189022462756
88195dac61fffff,51.58839930940138,-0.44084347654668793,0.0,1.0,0.0,0.0,0.0,0.0,0.0,0.0,2.0,1.0,0.0,8.0,0.0,0.0,0.0,0.0,0.0,35931.63071042392,0.0,0.0,0.0,0.0,0.0,0,25.058377002679286
88195dac63fffff,51.58064898912651,-0.43652399939505887,0.0,0.0,0.0,0.0,0.0,0.0,0.0,0.0,0.0,0.0,0.0,10.0,0.0,0.0,0.0,0.0,0.0,0.0,15611.333333333334,0.0,1.0,0.0,0.0,0,24.406024540849803
88195dac65fffff,51.5904586768504,-0.45309815848198665,1.0,0.0,0.0,0.0,0.0,0.0,0.0,0.0,1.0,0.0,0.0,0.0,0.0,1.0,0.0,0.0,0.0,6793.414239462758,0.0,0.0,0.0,0.0,0.0,0,25.919157642841068
88195dac67fffff,51.582708510211425,-0.4487764139322523,0.0,0.0,0.0,0.0,0.0,0.0,0.0,0.0,0.0,0.0,0.0,1.0,0.0,0.0,0.0,0.0,0.0,4938.467672113054,0.0,0.0,0.0,0.0,0.0,0,25.271129361025345
88195dac69fffff,51.59408890041797,-0.4329094906911773,1.0,0.0,0.0,1.0,0.0,0.0,0.0,0.0,11.0,5.0,0.0,3.0,0.0,0.0,0.0,0.0,0.0,27269.75959143022,0.0,0.0,4.0,0.0,0.0,0,24.87211208189704
88195dac6bfffff,51.58633884172749,-0.42859095031873123,1.0,0.0,0.0,1.0,0.0,2.0,0.0,0.0,19.0,8.0,0.0,3.0,0.0,0.0,0.0,0.0,0.0,0.0,0.0,0.0,0.0,0.0,0.0,0,24.199028440233675
88195dac6dfffff,51.59614921456751,-0.44516428465778873,0.0,0.0,0.0,0.0,0.0,0.0,0.0,0.0,0.0,0.0,0.0,0.0,0.0,0.0,0.0,0.0,0.0,3438.5303385229354,19398.2,0.0,1.0,0.0,0.0,0,25.726557273324296
88195dac81fffff,51.516569695461385,-0.38978388189730273,5.0,0.0,0.0,2.0,0.0,0.0,0.0,0.0,3.0,1.0,0.0,5.0,0.0,0.0,0.0,0.0,0.0,0.0,28899.875,0.0,6.0,0.0,0.0,0,19.060023529808525
88195dac83fffff,51.50881550652769,-0.38547861893940955,24.0,1.0,0.0,2.0,0.0,0.0,0.0,0.0,4.0,4.0,0.0,2.0,0.0,0.0,0.0,0.0,0.0,7113.047494347192,0.0,0.0,9.0,0.0,0.0,0,18.625641085174433
88195dac85fffff,51.5186315294973,-0.40201602888732246,2.0,1.0,0.0,1.0,0.0,0.0,0.0,1.0,4.0,11.0,0.0,11.0,0.0,0.0,0.0,0.0,0.0,8803.28652690759,37414.34285714286,0.0,30.0,0.0,0.0,0,19.936825218853123
88195dac87fffff,51.51087749067661,-0.39770850494442067,1.0,0.0,0.0,0.0,0.0,0.0,0.0,0.0,0.0,5.0,0.0,0.0,0.0,0.0,0.0,0.0,0.0,32267.760980353672,10124.0,0.0,4.0,0.0,0.0,0,19.498803759387478
88195dac89fffff,51.522260693519144,-0.3818582149750291,1.0,1.0,0.0,0.0,0.0,0.0,0.0,0.0,0.0,3.0,0.0,1.0,0.0,1.0,0.0,0.0,0.0,101617.00030726696,0.0,0.0,2.0,0.0,0.0,0,18.64872135152853
88195dac8bfffff,51.514506765864716,-0.3775538881363066,18.0,0.0,0.0,12.0,2.0,0.0,0.0,0.0,15.0,35.0,0.0,14.0,5.0,7.0,0.0,0.0,1.0,12131.936257430529,26996.576923076922,0.0,11.0,0.0,0.0,0,18.183559751761514
88195dac8dfffff,51.524323473114066,-0.39409047005845893,6.0,0.0,1.0,1.0,0.0,0.0,1.0,0.0,0.0,1.0,0.0,8.0,0.0,0.0,0.0,0.0,0.0,51748.25364527889,11696.75,0.0,35.0,0.0,0.0,0,19.527444795552977
88195dac91fffff,51.49899767812232,-0.3689492074826142,3.0,0.0,0.0,0.0,0.0,2.0,0.0,0.0,6.0,3.0,0.0,9.0,0.0,0.0,0.0,0.0,0.0,1251.8208443204912,0.0,0.0,3.0,0.0,0.0,0,17.360174431758363
88195dac93fffff,51.49124251880925,-0.3646488525424114,0.0,0.0,0.0,1.0,0.0,0.0,0.0,0.0,17.0,5.0,0.0,2.0,0.0,0.0,0.0,0.0,0.0,7978.034597447432,20555.0,0.0,3.0,0.0,0.0,0,17.007138048265325
88195dac95fffff,51.50106090670048,-0.38117468062178944,28.0,0.0,0.0,1.0,2.0,0.0,0.0,1.0,7.0,8.0,0.0,18.0,0.0,1.0,0.0,0.0,0.0,17570.706431429124,0.0,0.0,21.0,0.0,0.0,0,18.226664104715546
88195dac97fffff,51.493305896367296,-0.3768720663817349,4.0,0.0,0.0,4.0,0.0,0.0,0.0,0.0,25.0,3.0,0.0,6.0,0.0,0.0,0.0,0.0,0.0,4276.527020684702,0.0,0.0,12.0,0.0,0.0,0,17.865469203653845
88195dac99fffff,51.504688253494216,-0.3610253061505726,4.0,0.0,0.0,0.0,3.0,0.0,0.0,0.0,6.0,9.0,0.0,3.0,1.0,0.0,0.0,0.0,0.0,20307.38209562904,0.0,0.0,11.0,0.0,0.0,0,16.88151828239383
88195dac9bfffff,51.49693335547787,-0.35672588744297756,0.0,0.0,0.0,0.0,0.0,0.0,0.0,0.0,1.0,3.0,0.0,0.0,0.0,0.0,0.0,0.0,0.0,8034.009370762839,0.0,0.0,0.0,0.0,0.0,0,16.49512866480336
88195dac9dfffff,51.50675242726996,-0.37325088582642213,16.0,0.0,0.0,14.0,2.0,0.0,0.0,0.0,9.0,42.0,0.0,13.0,0.0,4.0,0.0,0.0,0.0,22916.568145535944,20941.23076923077,0.0,14.0,0.0,0.0,0,17.753180246971624
88195daca1fffff,51.51499817128509,-0.42217473344517487,1.0,0.0,0.0,0.0,0.0,0.0,0.0,0.0,9.0,2.0,0.0,11.0,0.0,1.0,0.0,0.0,0.0,0.0,2290.684210526316,0.0,12.0,0.0,0.0,0,21.24692585467843
88195daca3fffff,51.507244022130685,-0.41786401318590655,17.0,0.0,0.0,20.0,2.0,0.0,0.0,1.0,9.0,54.0,0.0,10.0,0.0,9.0,1.0,0.0,0.0,15849.036591705086,10607.6,0.0,22.0,0.0,0.0,0,20.83308893727522
88195daca5fffff,51.51705686656334,-0.4344110748457921,2.0,1.0,0.0,0.0,0.0,0.0,0.0,0.0,8.0,3.0,0.0,12.0,0.0,0.0,0.0,0.0,0.0,0.0,1122.0,0.0,10.0,0.0,0.0,0,22.121761253605708
88195daca7fffff,51.50930286853738,-0.430098093267726,2.0,0.0,0.0,0.0,0.0,0.0,0.0,0.0,17.0,9.0,0.0,7.0,0.0,0.0,0.0,0.0,0.0,37880.84981411926,18062.875,0.0,0.0,0.0,0.0,0,21.703782278831046
88195daca9fffff,51.5206922673816,-0.4142503285597297,12.0,0.0,0.0,0.0,0.0,0.0,0.0,0.0,4.0,2.0,0.0,11.0,0.0,0.0,0.0,0.0,0.0,0.0,28974.333333333332,0.0,16.0,0.0,0.0,0,20.81393166145249
88195dacabfffff,51.51293837912598,-0.409940543295368,0.0,0.0,0.0,0.0,0.0,0.0,0.0,0.0,1.0,0.0,0.0,8.0,0.0,0.0,3.0,0.0,0.0,1842.2892560088972,1889.75,0.0,3.0,0.0,0.0,0,20.37258778504388
88195dacadfffff,51.522751908523496,-0.4264867803669003,5.0,0.0,0.0,0.0,0.0,0.0,0.0,0.0,0.0,2.0,0.0,8.0,0.0,0.0,1.0,0.0,0.0,1349.4403569152125,835.3333333333334,0.0,11.0,0.0,0.0,0,21.69131504624307
88195dacb1fffff,51.49742936827718,-0.40132495016887865,4.0,1.0,0.0,2.0,0.0,0.0,0.0,0.0,4.0,5.0,0.0,13.0,1.0,0.0,0.0,0.0,0.0,130864.91400940075,1966.5,0.0,2.0,0.0,0.0,0,19.587967672235017
88195dacb3fffff,51.48967424645942,-0.3970191411807335,3.0,0.0,0.0,3.0,0.0,0.0,0.0,0.0,3.0,9.0,0.0,0.0,1.0,0.0,0.0,0.0,0.0,29316.878956741748,0.0,0.0,0.0,0.0,0.0,0,19.24869748972703
88195dacb5fffff,51.499489461448015,-0.41355461902571083,4.0,0.0,0.0,1.0,0.0,0.0,0.0,0.0,7.0,5.0,0.0,8.0,0.0,0.0,0.0,0.0,0.0,41406.49377600575,28505.971014492752,0.0,7.0,0.0,0.0,0,20.451662899748616
88195dacb7fffff,51.491734489624896,-0.40924655040150393,1.0,0.0,0.0,0.0,0.0,0.0,0.0,0.0,11.0,4.0,0.0,1.0,1.0,0.0,0.0,0.0,0.0,46371.59433213614,80998.46268656716,0.0,2.0,0.0,0.0,0,20.104496458538836
88195dacb9fffff,51.50312304062168,-0.39340230631592155,2.0,0.0,0.0,2.0,0.0,0.0,0.0,0.0,3.0,3.0,0.0,2.0,0.0,0.0,0.0,0.0,0.0,0.0,585.3333333333334,0.0,6.0,0.0,0.0,0,19.094411531169733
88195dacbbfffff,51.49536817972012,-0.38909743243889466,2.0,0.0,0.0,2.0,0.0,0.0,0.0,0.0,4.0,6.0,0.0,8.0,0.0,0.0,0.0,0.0,0.0,5073.064382133132,0.0,0.0,1.0,0.0,0.0,0,18.725831576948703
88195dacbdfffff,51.50518407929527,-0.4056320840194676,0.0,0.0,0.0,0.0,0.0,0.0,0.0,0.0,0.0,0.0,0.0,0.0,0.0,0.0,0.0,0.0,0.0,2784.2600849905043,45015.117647058825,0.0,9.0,0.0,0.0,0,19.963262658498692
88195dacc1fffff,51.535703739562386,-0.37823621952594605,1.0,0.0,0.0,2.0,1.0,0.0,0.0,0.0,0.0,1.0,0.0,5.0,0.0,0.0,0.0,0.0,0.0,1012.3717107923611,0.0,0.0,6.0,0.0,0.0,0,18.794563666114954
88195dacc3fffff,51.52795048471958,-0.3739315042746994,13.0,0.0,0.0,5.0,0.0,0.0,0.0,0.0,6.0,14.0,0.0,7.0,2.0,1.0,0.0,0.0,0.0,11625.27013549503,0.0,0.0,4.0,0.0,0.0,0,18.2667399018365
88195dacc5fffff,51.53776731445743,-0.3904708444915081,4.0,1.0,0.0,5.0,3.0,1.0,0.0,0.0,13.0,19.0,0.0,7.0,0.0,1.0,0.0,0.0,0.0,3279.166056956729,31243.431034482757,0.0,13.0,0.0,0.0,0,19.6733241287138
88195dacc7fffff,51.53001420984584,-0.38616386690565124,2.0,0.0,0.0,0.0,0.0,0.0,0.0,0.0,3.0,1.0,0.0,9.0,0.0,0.0,0.0,0.0,0.0,4468.128516610974,45296.52,0.0,8.0,0.0,0.0,0,19.14612597049496
88195dacc9fffff,51.54139206213359,-0.3703075280165893,16.0,0.0,0.0,1.0,0.0,0.0,0.0,0.0,22.0,13.0,0.0,9.0,4.0,0.0,0.0,0.0,0.0,11423.638167250097,6177.705882352941,0.0,24.0,0.0,0.0,0,18.47444333871244
88195daccbfffff,51.533639068932565,-0.36600374989360684,10.0,1.0,0.0,2.0,1.0,0.0,0.0,0.0,11.0,11.0,0.0,19.0,1.0,1.0,0.0,0.0,0.0,10712.992905363393,16673.14285714286,0.0,30.0,0.0,0.0,0,17.915940891915174
88195daccdfffff,51.543456582643536,-0.38254226032088473,1.0,1.0,0.0,3.0,0.0,0.0,0.0,0.0,3.0,4.0,0.0,7.0,0.0,0.0,0.0,0.0,0.0,0.0,96340.25,0.0,8.0,0.0,0.0,0,19.35105753265761
88195dacd1fffff,51.518131848654924,-0.3574001676898646,9.0,0.0,0.0,0.0,1.0,0.0,0.0,0.0,8.0,5.0,0.0,10.0,1.0,1.0,0.0,0.0,0.0,1503.5125863490637,18578.96,0.0,7.0,0.0,0.0,0,16.891728878463304
88195dacd3fffff,51.510377622352735,-0.3531003624830357,7.0,0.0,0.0,1.0,0.0,0.0,0.0,0.0,22.0,3.0,0.0,11.0,0.0,0.0,0.0,0.0,0.0,10987.568507453998,36029.13698630137,0.0,24.0,0.0,0.0,0,16.43181380520818
88195dacd5fffff,51.52019681850242,-0.36962811400375156,15.0,0.0,0.0,0.0,1.0,0.0,0.0,0.0,3.0,0.0,0.0,10.0,1.0,3.0,0.0,0.0,0.0,8394.212969197031,2801.4,0.0,4.0,0.0,0.0,0,17.770145618918797
88195dacd7fffff,51.51244274129818,-0.3653260481499852,1.0,0.0,0.0,0.0,0.0,0.0,0.0,0.0,14.0,2.0,0.0,12.0,0.0,1.0,0.0,0.0,0.0,0.0,0.0,0.0,16.0,0.0,0.0,0,17.30747373620462
88195dacd9fffff,51.523819749210155,-0.3494732445436253,7.0,0.0,0.0,0.0,0.0,0.0,0.0,0.0,4.0,3.0,0.0,15.0,0.0,1.0,0.0,0.0,0.0,10261.105192986186,0.0,0.0,13.0,0.0,0.0,0,16.508194521387008
88195dacdbfffff,51.516065784567786,-0.34517437657762046,1.0,0.0,0.0,0.0,0.0,0.0,0.0,0.0,26.0,1.0,0.0,5.0,0.0,0.0,0.0,0.0,0.0,8804.584894330377,0.0,0.0,0.0,0.0,0.0,0,16.013484877424215
88195dacddfffff,51.525885664310614,-0.3617012966390938,6.0,1.0,0.0,0.0,1.0,3.0,0.0,0.0,6.0,1.0,0.0,6.0,0.0,0.0,0.0,0.0,0.0,0.0,9957.0,0.0,1.0,0.0,0.0,0,17.387429407099336
88195dace1fffff,51.53413837188565,-0.41063505496948655,5.0,0.0,0.0,0.0,0.0,0.0,0.0,0.0,1.0,1.0,0.0,7.0,0.0,0.0,0.0,0.0,0.0,0.0,0.0,0.0,0.0,0.0,0.0,0,20.905124698607015
88195dace3fffff,51.526385156696165,-0.40632487870784284,1.0,0.0,0.0,0.0,0.0,0.0,0.0,0.0,0.0,1.0,0.0,3.0,0.0,0.0,0.0,0.0,0.0,0.0,212.0,0.0,0.0,0.0,0.0,0,20.40630660665613
88195dace5fffff,51.53619880761703,-0.4228738793078875,2.0,0.0,0.0,0.0,0.0,0.0,0.0,0.0,0.0,1.0,0.0,7.0,0.0,0.0,0.0,0.0,0.0,0.0,1937.909090909091,0.0,0.0,0.0,0.0,0,21.784737296151246
88195dace7fffff,51.52844574367449,-0.41856144037599874,1.0,0.0,0.0,0.0,0.0,0.0,0.0,0.0,0.0,0.0,0.0,10.0,0.0,0.0,0.0,0.0,0.0,0.0,5989.125,0.0,0.0,0.0,0.0,0,21.285298977829193
88195dace9fffff,51.53982979302646,-0.4027076242439713,0.0,0.0,0.0,1.0,0.0,0.0,0.0,0.0,0.0,0.0,0.0,2.0,0.0,0.0,0.0,0.0,0.0,3274.7965804145338,0.0,0.0,4.0,0.0,0.0,0,20.552214283675937
88195dacebfffff,51.53207683909824,-0.3983983839861624,3.0,0.0,1.0,0.0,1.0,0.0,0.0,0.0,0.0,0.0,0.0,9.0,0.0,0.0,0.0,0.0,0.0,219.39259633795712,0.0,0.0,16.0,0.0,0.0,0,20.02558757994362
88195dacedfffff,51.54189117467825,-0.4149465582360332,0.0,1.0,0.0,0.0,0.0,0.0,0.0,0.0,0.0,2.0,0.0,0.0,0.0,0.0,0.0,0.0,0.0,0.0,0.0,0.0,0.0,0.0,0.0,0,21.43122744105358
88195dad09fffff,51.5909355850002,-0.497807614741341,0.0,0.0,0.0,0.0,0.0,0.0,0.0,0.0,0.0,5.0,0.0,0.0,0.0,0.0,0.0,0.0,0.0,0.0,0.0,0.0,0.0,0.0,0.0,0,28.741130482986094
88195dad11fffff,51.567684445281635,-0.4848231626470048,0.0,0.0,0.0,1.0,0.0,0.0,0.0,0.0,2.0,2.0,0.0,0.0,0.0,0.0,0.0,0.0,0.0,0.0,0.0,2.0,0.0,0.0,0.0,1,26.938310196708436
88195dad13fffff,51.559933234324966,-0.4804976768523977,0.0,0.0,0.0,0.0,0.0,0.0,0.0,0.0,0.0,0.0,0.0,0.0,0.0,0.0,0.0,0.0,0.0,0.0,99857.25,1.0,0.0,0.0,132000.0,1,26.373186934146407
88195dad19fffff,51.57337981501784,-0.4768934854672214,0.0,0.0,0.0,0.0,0.0,0.0,0.0,0.0,0.0,3.0,0.0,0.0,0.0,0.0,0.0,0.0,0.0,0.0,0.0,3.0,0.0,0.0,0.0,1,26.647548240458626
88195dad1bfffff,51.565628864904454,-0.4725689343074794,0.0,0.0,0.0,0.0,0.0,0.0,0.0,0.0,0.0,2.0,0.0,0.0,0.0,0.0,0.0,0.0,0.0,0.0,0.0,0.0,0.0,0.0,0.0,0,26.061516224656128
88195dad41fffff,51.60437945846746,-0.49420501541928297,0.0,0.0,0.0,0.0,0.0,0.0,0.0,0.0,2.0,2.0,0.0,2.0,0.0,0.0,0.0,0.0,0.0,12002.933613031752,4686.0,0.0,0.0,0.0,0.0,0,29.160038668597718
88195dad43fffff,51.59663017193093,-0.48987513300148683,0.0,0.0,0.0,0.0,0.0,0.0,0.0,0.0,0.0,0.0,0.0,1.0,0.0,0.0,0.0,0.0,0.0,0.0,0.0,0.0,0.0,0.0,0.0,0,28.50886326003403
88195dad49fffff,51.610072575933515,-0.4862705474971843,0.0,0.0,0.0,1.0,0.0,0.0,0.0,0.0,4.0,4.0,0.0,1.0,0.0,0.0,0.0,0.0,0.0,18635.997908769114,1408.0,0.0,3.0,0.0,0.0,0,28.96859501768684
88195dad4bfffff,51.60232355058082,-0.48194160060282826,6.0,0.0,0.0,0.0,1.0,0.0,0.0,0.0,1.0,0.0,0.0,14.0,0.0,1.0,1.0,0.0,0.0,25734.22056505026,3526.0,0.0,4.0,0.0,0.0,0,28.299584711451857
88195dad4dfffff,51.612128328140756,-0.4985362320683408,0.0,0.0,0.0,0.0,0.0,0.0,0.0,0.0,3.0,16.0,0.0,0.0,1.0,0.0,0.0,0.0,0.0,5957.216455273344,0.0,0.0,4.0,0.0,0.0,0,29.82492023679606
88195dad51fffff,51.5868242506991,-0.4732877069121842,0.0,0.0,0.0,0.0,0.0,0.0,0.0,0.0,0.0,1.0,0.0,1.0,0.0,0.0,0.0,0.0,0.0,5795.574924557387,10084.142857142857,3.0,0.0,0.0,0.0,1,27.004383422798274
88195dad53fffff,51.579073976945125,-0.4689627589826529,1.0,0.0,0.0,0.0,0.0,0.0,1.0,0.0,0.0,0.0,0.0,1.0,0.0,0.0,0.0,0.0,0.0,28834.33383987172,0.0,1.0,0.0,0.0,0.0,1,26.3803009264576
88195dad55fffff,51.588880468918724,-0.4855465842479612,0.0,0.0,0.0,2.0,1.0,0.0,0.0,0.0,1.0,5.0,0.0,8.0,0.0,1.0,0.0,0.0,0.0,16427.548349400076,3669.4285714285716,0.0,13.0,0.0,0.0,0,27.87235755604248
88195dad57fffff,51.58113034981849,-0.48121936859201303,0.0,0.0,0.0,0.0,0.0,0.0,0.0,0.0,0.0,1.0,0.0,0.0,0.0,0.0,0.0,0.0,0.0,14915.417743990114,0.0,1.0,1.0,0.0,0.0,1,27.251552430617497
88195dad59fffff,51.59251694348279,-0.46535499557208126,0.0,0.0,0.0,0.0,0.0,1.0,1.0,0.0,0.0,2.0,0.0,0.0,0.0,0.0,0.0,0.0,0.0,0.0,0.0,2.0,0.0,0.0,0.0,1,26.78123967075059
88195dad5bfffff,51.58476693093282,-0.46103098328895503,0.0,0.0,0.0,0.0,0.0,0.0,0.0,0.0,1.0,3.0,0.0,0.0,0.0,0.0,0.0,0.0,0.0,9393.275702263689,0.0,0.0,0.0,0.0,0.0,0,26.137280090429446
88195dad5dfffff,51.594574108706844,-0.477613987263418,0.0,0.0,0.0,0.0,0.0,0.0,1.0,0.0,0.0,0.0,0.0,2.0,0.0,0.0,0.0,0.0,0.0,2138.867402305438,0.0,0.0,1.0,0.0,0.0,0,27.644508499328648
88195dad81fffff,51.53097949385282,-0.4754540979566461,2.0,0.0,0.0,4.0,1.0,0.0,0.0,0.0,2.0,5.0,0.0,12.0,0.0,0.0,0.0,0.0,0.0,55072.24166530781,7569.611111111111,0.0,6.0,0.0,0.0,0,25.203196949172078
88195dad83fffff,51.523226365207115,-0.4711330010573595,1.0,0.0,0.0,1.0,0.0,0.0,0.0,0.0,5.0,6.0,0.0,1.0,0.0,1.0,0.0,0.0,0.0,2458.5009236212018,5753.8,0.0,1.0,0.0,0.0,0,24.748804103245075
88195dad85fffff,51.5330336424225,-0.4877013021891423,0.0,6.0,0.0,2.0,1.0,0.0,0.0,0.0,2.0,6.0,0.0,3.0,1.0,0.0,0.0,0.0,0.0,13974.60733272725,0.0,6.0,0.0,0.0,275000.0,1,26.081673973798697
88195dad87fffff,51.52528066705644,-0.48337794196118167,3.0,2.0,0.0,7.0,1.0,0.0,0.0,0.0,11.0,15.0,0.0,4.0,0.0,1.0,0.0,0.0,0.0,6417.517990072874,0.0,0.0,5.0,0.0,0.0,0,25.625211943079524
88195dad89fffff,51.536677113732765,-0.46752920625828226,1.0,0.0,0.0,1.0,1.0,0.0,0.0,0.0,5.0,3.0,0.0,7.0,0.0,0.0,0.0,0.0,0.0,36801.961818016505,0.0,0.0,10.0,0.0,0.0,0,24.80245649642042
88195dad8bfffff,51.52892424558751,-0.46320904310615524,4.0,3.0,0.0,1.0,0.0,0.0,0.0,0.0,9.0,5.0,0.0,10.0,0.0,1.0,0.0,0.0,0.0,60762.23338868367,3112.285714285714,0.0,2.0,0.0,0.0,0,24.32490875292657
88195dad8dfffff,51.538732208829686,-0.4797765247782155,3.0,1.0,0.0,1.0,0.0,0.0,0.0,0.0,3.0,3.0,0.0,7.0,0.0,0.0,2.0,0.0,0.0,21930.962110024313,308.4,0.0,6.0,0.0,0.0,0,25.68202049911486
88195dad91fffff,51.513417269702735,-0.4545727039826173,1.0,0.0,0.0,0.0,0.0,0.0,0.0,0.0,6.0,19.0,0.0,3.0,0.0,0.0,0.0,0.0,0.0,55802.11226699479,0.0,0.0,8.0,0.0,0.0,0,23.44741757051819
88195dad93fffff,51.50566316273915,-0.4502565268828265,1.0,2.0,0.0,0.0,0.0,0.0,0.0,0.0,1.0,5.0,0.0,6.0,1.0,0.0,0.0,0.0,0.0,72163.35964051117,0.0,0.0,15.0,0.0,0.0,0,23.050435457390403
88195dad95fffff,51.51547282328059,-0.46681323351580567,2.0,0.0,0.0,9.0,0.0,0.0,0.0,0.0,6.0,27.0,0.0,4.0,0.0,1.0,2.0,0.0,0.0,19177.752088144218,3361.5,0.0,5.0,0.0,0.0,0,24.320214633692142
88195dad97fffff,51.507718868461296,-0.46249479476770583,12.0,1.0,0.0,1.0,1.0,0.0,0.0,0.0,6.0,35.0,0.0,8.0,0.0,0.0,0.0,0.0,0.0,17070.472222929828,0.0,0.0,6.0,0.0,0.0,0,23.918818966022197
88195dad99fffff,51.5191144643701,-0.44664956694819336,1.0,0.0,0.0,0.0,0.0,0.0,0.0,0.0,3.0,1.0,0.0,3.0,0.0,0.0,0.0,0.0,0.0,567.1685038885724,20299.266666666666,0.0,12.0,0.0,0.0,0,22.997045859343945
88195dad9bfffff,51.51136061792487,-0.4423343237164488,1.0,0.0,0.0,3.0,0.0,0.0,0.0,0.0,5.0,13.0,0.0,6.0,0.0,0.0,0.0,0.0,0.0,32454.714490063503,4170.285714285715,0.0,0.0,0.0,0.0,0,22.575251158074206
88195dad9dfffff,51.521170964114866,-0.458890209202377,2.0,2.0,0.0,0.0,0.0,0.0,0.0,0.0,5.0,2.0,0.0,12.0,0.0,0.0,0.0,0.0,0.0,47438.85147415032,16694.52,0.0,2.0,0.0,0.0,0,23.87273857690105
88195dadb1fffff,51.51182698430187,-0.4869777751325015,0.0,1.0,0.0,0.0,0.0,0.0,0.0,0.0,0.0,7.0,0.0,0.0,0.0,0.0,0.0,0.0,0.0,0.0,0.0,0.0,0.0,0.0,0.0,0,25.6581740188438
88195dadb3fffff,51.504072921941344,-0.4826561416642008,0.0,3.0,0.0,0.0,0.0,0.0,0.0,0.0,1.0,2.0,0.0,4.0,0.0,0.0,0.0,0.0,0.0,8961.380192328113,0.0,0.0,0.0,0.0,0.0,0,25.27524969008747
88195dadb9fffff,51.517527278068094,-0.47905591176459367,5.0,4.0,2.0,1.0,0.0,0.0,0.0,0.0,21.0,25.0,0.0,10.0,0.0,1.0,1.0,0.0,0.0,64236.533540711374,2425.5,0.0,29.0,0.0,0.0,0,25.193584679772457
88195dadbbfffff,51.5097734758456,-0.474735211034878,7.0,2.0,1.0,29.0,4.0,0.0,2.0,0.0,20.0,105.0,0.0,14.0,2.0,2.0,0.0,0.0,0.0,12472.581207968113,534.0,0.0,13.0,0.0,0.0,0,24.788092736518365
88195dadbdfffff,51.51958063347499,-0.49130073817658476,0.0,0.0,0.0,0.0,0.0,0.0,0.0,0.0,19.0,8.0,0.0,0.0,0.0,0.0,0.0,0.0,0.0,1394.931677628278,0.0,0.0,0.0,0.0,0.0,0,26.067477726360146
88195dadc1fffff,51.55012572029032,-0.4639238256200478,1.0,0.0,0.0,1.0,0.0,0.0,0.0,0.0,2.0,14.0,0.0,5.0,0.0,0.0,0.0,0.0,0.0,44962.676510950514,2617.3333333333335,0.0,0.0,0.0,0.0,0,24.94840914140033
88195dadc3fffff,51.542373526565065,-0.4596032669615629,0.0,1.0,0.0,1.0,0.0,0.0,0.0,1.0,8.0,24.0,0.0,0.0,0.0,0.0,0.0,0.0,0.0,8516.187108804212,2292.0,0.0,0.0,0.0,0.0,0,24.424027672546384
88195dadc5fffff,51.55218160848937,-0.4761735225663469,2.0,0.0,1.0,1.0,2.0,0.0,0.0,0.0,8.0,7.0,1.0,5.0,0.0,1.0,0.0,0.0,0.0,34606.48508718743,23965.333333333332,0.0,6.0,0.0,0.0,0,25.82796757428692
88195dadc7fffff,51.544429568162684,-0.4718506992233731,10.0,4.0,0.0,4.0,1.0,0.0,0.0,1.0,6.0,12.0,0.0,12.0,0.0,0.0,0.0,0.0,0.0,68222.46538066702,35593.16,0.0,21.0,0.0,0.0,0,25.303941899568652
88195dadc9fffff,51.555820665081626,-0.45599590406385987,0.0,0.0,0.0,0.0,0.0,0.0,0.0,0.0,0.0,0.0,0.0,3.0,0.0,0.0,0.0,0.0,0.0,18312.6298061197,82233.71698113208,0.0,0.0,0.0,0.0,0,24.616389076728968
88195dadcbfffff,51.548068732218695,-0.4516762801621598,2.0,0.0,0.0,1.0,1.0,0.0,0.0,0.0,2.0,1.0,0.0,6.0,0.0,2.0,0.0,0.0,0.0,4345.958437526013,0.0,0.0,5.0,0.0,0.0,0,24.06895261829373
88195dadcdfffff,51.55787749986604,-0.46824571454693675,0.0,0.0,0.0,0.0,0.0,0.0,0.0,0.0,1.0,3.0,0.0,9.0,0.0,0.0,0.0,0.0,0.0,0.0,78293.5,0.0,10.0,0.0,0.0,0,25.49469889742734
88195dadd1fffff,51.53256362545627,-0.44304102057495226,5.0,0.0,0.0,7.0,0.0,0.0,0.0,0.0,0.0,8.0,0.0,7.0,0.0,1.0,0.0,0.0,0.0,0.0,4589.0,0.0,9.0,0.0,0.0,0,23.04365010258894
88195dadd3fffff,51.524810452332225,-0.4387253837602372,6.0,0.0,0.0,0.0,0.0,0.0,0.0,1.0,0.0,2.0,0.0,17.0,0.0,1.0,1.0,0.0,0.0,0.0,6046.382352941177,0.0,9.0,0.0,0.0,0,22.56895187271957
88195dadd5fffff,51.53462091907806,-0.45528403800649775,4.0,0.0,0.0,3.0,0.0,0.0,0.0,0.0,1.0,7.0,0.0,12.0,1.0,0.0,0.0,0.0,0.0,628.7382890072283,26764.4,0.0,10.0,0.0,0.0,0,23.922998519668774
88195dadd7fffff,51.52686789821712,-0.450966138190174,2.0,2.0,0.0,3.0,1.0,0.0,0.0,0.0,2.0,20.0,1.0,14.0,0.0,0.0,0.0,0.0,0.0,0.0,476.6363636363636,0.0,2.0,0.0,0.0,0,23.44682214734934
88195dadd9fffff,51.538258145701356,-0.43511485645265463,0.0,0.0,0.0,0.0,0.0,0.0,0.0,0.0,1.0,0.0,0.0,4.0,0.0,0.0,0.0,0.0,0.0,6043.565891892191,0.0,0.0,0.0,0.0,0.0,0,22.664425343234267
88195dadddfffff,51.54031638554767,-0.4473579858541037,2.0,0.0,0.0,0.0,2.0,0.0,0.0,0.0,0.0,0.0,0.0,7.0,0.0,0.0,0.0,0.0,0.0,0.0,15637.6,0.0,5.0,0.0,0.0,0,23.544188811324343
88195dade3fffff,51.540786203778175,-0.49202599301324884,2.0,0.0,0.0,1.0,0.0,0.0,0.0,0.0,0.0,12.0,0.0,6.0,0.0,0.0,0.0,0.0,0.0,8886.67031859891,0.0,2.0,3.0,0.0,275000.0,1,26.561687458245725
88195dade9fffff,51.55423639622493,-0.4884253704478752,0.0,0.0,0.0,0.0,0.0,0.0,0.0,0.0,0.0,0.0,0.0,0.0,0.0,0.0,0.0,0.0,0.0,3434.837786052376,0.0,0.0,1.0,0.0,0.0,0,26.707625268720218
88195dadebfffff,51.54648450974971,-0.48410028208691286,6.0,12.0,0.0,32.0,0.0,3.0,0.0,1.0,19.0,93.0,0.0,16.0,3.0,8.0,0.0,0.0,0.0,38536.97230416797,20886.49315068493,0.0,39.0,0.0,0.0,0,26.183931465504415
88195dae01fffff,51.61063628331314,-0.3644103177383755,6.0,0.0,0.0,1.0,1.0,0.0,0.0,1.0,10.0,3.0,0.0,5.0,1.0,1.0,0.0,0.0,0.0,32177.47719569195,18725.617647058825,0.0,13.0,0.0,0.0,0,21.973452964022073
88195dae03fffff,51.60288681601681,-0.3601023342572644,2.0,1.0,0.0,2.0,0.0,0.0,0.0,0.0,2.0,3.0,0.0,10.0,0.0,1.0,0.0,0.0,0.0,12686.043307834307,8150.5,0.0,4.0,0.0,0.0,0,21.200837558837055
88195dae05fffff,51.61270368080108,-0.37665907226388096,1.0,0.0,0.0,0.0,0.0,0.0,0.0,0.0,5.0,1.0,0.0,0.0,0.0,0.0,0.0,0.0,0.0,4446.747127756982,0.0,2.0,1.0,0.0,132000.0,1,22.777936221653682
88195dae07fffff,51.60495436522398,-0.37234882070011593,6.0,0.0,0.0,3.0,1.0,0.0,0.0,0.0,11.0,4.0,0.0,5.0,1.0,0.0,0.0,0.0,0.0,7957.360770302666,0.0,2.0,11.0,0.0,132000.0,1,22.013022132731468
88195dae09fffff,51.616316992664586,-0.35647076843646147,0.0,0.0,0.0,0.0,0.0,0.0,0.0,0.0,1.0,0.0,0.0,0.0,0.0,0.0,0.0,0.0,0.0,0.0,18354.875,0.0,0.0,0.0,0.0,0,21.96579751848315
88195dae0bfffff,51.608567788073856,-0.3521637250053367,2.0,0.0,0.0,0.0,0.0,0.0,0.0,0.0,0.0,0.0,0.0,6.0,0.0,0.0,0.0,0.0,0.0,1573.3824541352442,0.0,0.0,12.0,0.0,0.0,0,21.17497197505317
88195dae0dfffff,51.618385336296335,-0.36871962959032717,0.0,0.0,0.0,0.0,0.0,0.0,0.0,0.0,1.0,1.0,0.0,0.0,0.0,0.0,0.0,0.0,0.0,7235.133017726719,0.0,0.0,0.0,0.0,0.0,0,22.75639580891743
88195dae11fffff,51.593068137362486,-0.3435536206562247,4.0,0.0,0.0,1.0,0.0,0.0,0.0,0.0,5.0,8.0,0.0,9.0,0.0,0.0,0.0,0.0,0.0,0.0,0.0,0.0,12.0,0.0,0.0,0,19.62490966122798
88195dae13fffff,51.58531769201488,-0.33925055860810316,1.0,3.0,1.0,18.0,4.0,0.0,0.0,1.0,14.0,48.0,0.0,5.0,1.0,4.0,0.0,0.0,0.0,48828.27265879838,10795.955555555556,0.0,16.0,0.0,0.0,0,18.86827660735543
88195dae15fffff,51.59513693479391,-0.355795678581549,2.0,0.0,0.0,0.0,0.0,0.0,0.0,0.0,1.0,1.0,0.0,6.0,0.0,0.0,0.0,0.0,0.0,6707.7419291224505,0.0,0.0,4.0,0.0,0.0,0,20.43972466290312
88195dae17fffff,51.58738664003108,-0.3514903501460833,1.0,0.0,0.0,0.0,0.0,0.0,0.0,0.0,2.0,1.0,0.0,1.0,0.0,0.0,0.0,0.0,0.0,725.2941992611594,14053.692307692309,0.0,1.0,0.0,0.0,0,19.691452160326573
88195dae19fffff,51.59874842629916,-0.3356158462752156,5.0,1.0,0.0,4.0,0.0,0.0,0.0,0.0,14.0,8.0,0.0,7.0,0.0,1.0,0.0,0.0,0.0,4476.975167674539,12144.066666666668,0.0,9.0,0.0,0.0,0,19.594008783314678
88195dae1bfffff,51.59099824367752,-0.3313137243888997,24.0,1.0,0.0,13.0,1.0,0.0,0.0,1.0,26.0,36.0,0.0,14.0,5.0,3.0,0.0,0.0,0.0,77414.08435155697,0.0,0.0,41.0,1.0,0.0,0,18.815944131218387
88195dae1dfffff,51.600818169510994,-0.3478580092669938,0.0,0.0,0.0,0.0,0.0,0.0,0.0,0.0,3.0,2.0,0.0,7.0,0.0,0.0,0.0,0.0,0.0,0.0,3049.695652173913,0.0,9.0,0.0,0.0,0,20.394271852694047
88195dae21fffff,51.60908616937204,-0.3968482757550705,0.0,0.0,0.0,0.0,0.0,0.0,0.0,0.0,2.0,0.0,0.0,1.0,0.0,0.0,0.0,0.0,0.0,0.0,5054.222222222223,0.0,0.0,0.0,0.0,0,23.651962176339158
88195dae23fffff,51.60133674364189,-0.3925348168470441,1.0,1.0,0.0,3.0,1.0,2.0,0.0,0.0,13.0,8.0,1.0,13.0,1.0,0.0,0.0,0.0,0.0,5547.699703723725,14449.888888888889,0.0,8.0,0.0,0.0,0,22.913091127061513
88195dae25fffff,51.611150423127924,-0.4091012432704478,0.0,0.0,0.0,0.0,0.0,0.0,0.0,0.0,0.0,0.0,0.0,8.0,0.0,0.0,0.0,0.0,0.0,0.0,15209.32,0.0,6.0,0.0,0.0,0,24.47775824990459
88195dae27fffff,51.60340115013432,-0.40478551594098217,3.0,1.0,0.0,14.0,2.0,0.0,0.0,0.0,9.0,24.0,0.0,12.0,1.0,0.0,0.0,0.0,0.0,9439.753861891892,979.5,0.0,8.0,0.0,0.0,0,23.74554139240716
88195dae2bfffff,51.607020816539894,-0.3845974680486759,0.0,0.0,0.0,0.0,1.0,0.0,0.0,0.0,4.0,1.0,1.0,3.0,0.0,0.0,0.0,0.0,0.0,0.0,23411.041666666668,2.0,3.0,0.0,132000.0,1,22.830234597119784
88195dae31fffff,51.59152124629029,-0.37597641499414397,5.0,1.0,1.0,14.0,2.0,0.0,0.0,1.0,19.0,32.0,0.0,11.0,2.0,1.0,0.0,0.0,0.0,32515.261446897628,0.0,2.0,19.0,2.0,132000.0,1,21.35137538534023
88195dae33fffff,51.58377084021933,-0.3716678807944423,0.0,0.0,0.0,0.0,0.0,0.0,0.0,0.0,4.0,0.0,0.0,6.0,0.0,1.0,0.0,0.0,0.0,1338.9971574563847,0.0,4.0,7.0,0.0,132000.0,1,20.63270759742545
88195dae35fffff,51.5935869033486,-0.3882226872116658,18.0,1.0,1.0,11.0,1.0,0.0,1.0,0.0,29.0,36.0,0.0,5.0,1.0,9.0,0.0,0.0,0.0,26830.589502155926,0.0,0.0,12.0,0.0,0.0,0,22.187125573821838
88195dae37fffff,51.58583664887905,-0.3839118862833959,5.0,0.0,0.0,2.0,1.0,0.0,0.0,0.0,5.0,12.0,0.0,13.0,0.0,1.0,0.0,0.0,0.0,0.0,3695.0,0.0,11.0,0.0,0.0,0,21.47537807453481
88195dae39fffff,51.59720463537928,-0.36803989761951644,0.0,0.0,0.0,0.0,0.0,0.0,0.0,0.0,0.0,0.0,0.0,0.0,0.0,0.0,0.0,0.0,0.0,0.0,11963.125,2.0,0.0,0.0,132000.0,1,21.259725909800366
88195dae3bfffff,51.58945449165367,-0.3637323024566948,11.0,1.0,0.0,0.0,0.0,0.0,0.0,0.0,1.0,2.0,0.0,11.0,0.0,1.0,0.0,0.0,0.0,7710.569544063411,20341.583333333332,1.0,31.0,0.0,132000.0,1,20.51933101824806
88195dae3dfffff,51.59927123852608,-0.3802862772237879,0.0,0.0,0.0,0.0,0.0,1.0,0.0,0.0,4.0,1.0,0.0,0.0,0.0,0.0,0.0,0.0,0.0,10194.785267112034,0.0,1.0,0.0,0.0,132000.0,1,22.084344690977588
88195dae43fffff,51.6219964931495,-0.3485301728924532,0.0,0.0,0.0,0.0,0.0,0.0,0.0,0.0,4.0,2.0,0.0,2.0,0.0,0.0,0.0,0.0,0.0,34953.53207946489,0.0,0.0,3.0,0.0,0.0,0,21.990077870121628
88195dae47fffff,51.624065782896686,-0.36077914012586215,0.0,0.0,0.0,0.0,0.0,0.0,0.0,0.0,0.0,1.0,0.0,0.0,0.0,0.0,0.0,0.0,0.0,0.0,0.0,0.0,0.0,0.0,0.0,0,22.765689793268518
88195dae4bfffff,51.627674784639225,-0.340588531204635,1.0,0.0,0.0,1.0,0.0,0.0,0.0,0.0,1.0,4.0,0.0,6.0,0.0,1.0,0.0,0.0,0.0,17384.991759494893,0.0,0.0,3.0,0.0,0.0,0,22.046177274320026
88195dae51fffff,51.61217701316021,-0.3319795347125635,2.0,0.0,0.0,1.0,0.0,0.0,0.0,0.0,4.0,1.0,0.0,9.0,0.0,0.0,1.0,0.0,0.0,6519.333374615697,313.0,0.0,8.0,0.0,0.0,0,20.4065197511237
88195dae53fffff,51.60442750671236,-0.32767702710147134,3.0,2.0,0.0,0.0,0.0,0.0,0.0,0.0,3.0,1.0,0.0,6.0,0.0,0.0,0.0,0.0,0.0,1727.444650669538,0.0,0.0,9.0,0.0,0.0,0,19.598905483956646
88195dae55fffff,51.61424755142158,-0.34422406996186794,0.0,0.0,0.0,0.0,0.0,0.0,0.0,0.0,0.0,0.0,0.0,5.0,0.0,0.0,0.0,0.0,0.0,5884.57066534502,12065.25,0.0,4.0,0.0,0.0,0,21.182238445777983
88195dae57fffff,51.606498195676004,-0.33991929461120995,5.0,0.0,0.0,10.0,5.0,0.0,0.0,0.0,10.0,22.0,1.0,9.0,1.0,0.0,0.0,0.0,0.0,24487.344626550428,21291.083333333332,0.0,24.0,0.0,0.0,0,20.383188925176263
88195dae59fffff,51.61785462183508,-0.3240387296695954,0.0,0.0,0.0,0.0,0.0,0.0,0.0,0.0,2.0,0.0,0.0,3.0,0.0,0.0,0.0,0.0,0.0,525.3782831880008,21687.44,0.0,1.0,0.0,0.0,0,20.46413453207752
88195dae5bfffff,51.610105378473456,-0.31973716323357804,0.0,0.0,0.0,0.0,0.0,0.0,0.0,0.0,1.0,0.0,0.0,0.0,0.0,0.0,0.0,0.0,0.0,7510.554203570245,4691.3,0.0,0.0,0.0,0.0,0,19.639560384987153
88195dae5dfffff,51.61992610593126,-0.3362833692251721,0.0,0.0,0.0,0.0,0.0,0.0,0.0,0.0,1.0,1.0,0.0,1.0,0.0,0.0,0.0,0.0,0.0,0.0,6836.0,0.0,0.0,0.0,0.0,0,21.22259127520936
88195dae63fffff,51.620452581723974,-0.38097065287646675,0.0,0.0,0.0,0.0,0.0,0.0,0.0,0.0,0.0,1.0,0.0,0.0,0.0,0.0,0.0,0.0,0.0,0.0,0.0,3.0,0.0,0.0,132000.0,1,23.55333290469221
88195dae81fffff,51.556381333313425,-0.33428229751384886,8.0,0.0,1.0,13.0,2.0,0.0,0.0,0.0,13.0,41.0,0.0,11.0,1.0,1.0,0.0,0.0,0.0,38976.862321707245,22363.375,0.0,28.0,0.0,0.0,0,16.860645806972933
88195dae83fffff,51.548628976650996,-0.3299835968125086,3.0,1.0,0.0,1.0,0.0,0.0,0.0,0.0,19.0,10.0,0.0,0.0,0.0,1.0,1.0,0.0,0.0,11965.500866197159,0.0,0.0,14.0,0.0,0.0,0,16.204174513307795
88195dae85fffff,51.55844978567695,-0.3465151896858412,2.0,0.0,0.0,0.0,0.0,0.0,0.0,0.0,19.0,5.0,0.0,3.0,1.0,0.0,0.0,0.0,0.0,22339.741855561,0.0,0.0,0.0,0.0,0.0,0,17.71880656767339
88195dae87fffff,51.550697578348114,-0.3422142256414136,12.0,3.0,1.0,10.0,1.0,0.0,0.0,0.0,7.0,25.0,0.0,7.0,2.0,0.0,1.0,0.0,0.0,37333.23192025682,13302.038461538461,0.0,16.0,0.0,0.0,0,17.068874649371203
88195dae89fffff,51.562063880643215,-0.3263493261947478,0.0,0.0,0.0,1.0,1.0,0.0,0.0,0.0,7.0,3.0,0.0,7.0,1.0,0.0,0.0,0.0,0.0,18088.970904078567,17921.4,0.0,7.0,0.0,0.0,0,16.69197325857748
88195dae8bfffff,51.55431178636511,-0.3220515647537841,2.0,0.0,1.0,4.0,3.0,0.0,0.0,0.0,8.0,9.0,0.0,9.0,1.0,1.0,0.0,0.0,0.0,4240.303045865907,17989.875,0.0,8.0,0.0,0.0,0,16.004826054817162
88195dae8dfffff,51.56413327836939,-0.3385823226340272,0.0,1.0,1.0,0.0,0.0,3.0,0.0,0.0,11.0,2.0,0.0,4.0,5.0,0.0,0.0,0.0,0.0,18978.43417937908,0.0,0.0,9.0,0.0,0.0,0,17.54002251783607
88195dae91fffff,51.53880636439765,-0.31346001253575556,10.0,0.0,0.0,1.0,1.0,0.0,0.0,0.0,3.0,0.0,0.0,5.0,2.0,1.0,0.0,0.0,0.0,49420.046938373176,8199.333333333334,0.0,4.0,0.0,0.0,0,14.704218873991426
88195dae93fffff,51.53105303748173,-0.3091662206325925,0.0,0.0,0.0,2.0,1.0,0.0,0.0,0.0,5.0,0.0,0.0,4.0,1.0,0.0,0.0,0.0,0.0,12086.947923508724,0.0,0.0,6.0,0.0,0.0,0,14.097569943807589
88195dae95fffff,51.54087620876888,-0.325686219966577,5.0,0.0,0.0,1.0,0.0,0.0,0.0,1.0,12.0,10.0,0.0,6.0,0.0,0.0,0.0,0.0,0.0,66800.83480887854,0.0,0.0,9.0,0.0,0.0,0,15.57351058647773
88195dae97fffff,51.53312303005388,-0.32139016641292245,7.0,0.0,0.0,2.0,1.0,0.0,0.0,0.0,8.0,4.0,0.0,11.0,1.0,0.0,0.0,0.0,0.0,55845.195191984036,0.0,11.0,5.0,3.0,0.0,1,14.9719209165063
88195dae99fffff,51.544488491450096,-0.3055288169115278,1.0,0.0,0.0,0.0,0.0,0.0,0.0,0.0,5.0,8.0,0.0,2.0,1.0,0.0,0.0,0.0,0.0,1518.726382663092,24546.25,0.0,1.0,0.0,0.0,0,14.480178302092394
88195dae9bfffff,51.53673542693719,-0.3012359643776472,11.0,1.0,0.0,2.0,2.0,0.0,0.0,0.0,5.0,7.0,0.0,16.0,0.0,0.0,1.0,0.0,0.0,59225.42652314523,30252.75,0.0,11.0,1.0,0.0,0,13.83622321726378
88195dae9dfffff,51.54655928082102,-0.31775512705518366,0.0,0.0,0.0,0.0,0.0,0.0,0.0,0.0,2.0,0.0,0.0,4.0,1.0,0.0,0.0,0.0,0.0,5715.275219079331,0.0,0.0,1.0,0.0,0.0,0,15.341178730856262
88195daea1fffff,51.55483149697648,-0.3666819583407313,8.0,1.0,0.0,0.0,1.0,0.0,0.0,0.0,5.0,1.0,0.0,8.0,1.0,0.0,0.0,0.0,0.0,4397.3809524703665,26559.620689655174,0.0,9.0,0.0,0.0,0,18.802489257509826
88195daea3fffff,51.547079177429566,-0.3623777924750125,2.0,0.0,0.0,3.0,0.0,0.0,0.0,1.0,2.0,4.0,0.0,14.0,1.0,1.0,0.0,0.0,0.0,6139.70883199126,0.0,0.0,14.0,1.0,0.0,0,18.187411711156688
88195daea5fffff,51.55689681272421,-0.3789190611220823,8.0,2.0,0.0,3.0,0.0,0.0,0.0,0.0,3.0,10.0,0.0,12.0,0.0,1.0,0.0,0.0,0.0,47417.548572261265,0.0,1.0,37.0,0.0,0.0,1,19.671052523811884
88195daea7fffff,51.54914464352652,-0.3746126315714975,6.0,1.0,0.0,3.0,0.0,0.0,1.0,0.0,13.0,6.0,0.0,20.0,0.0,0.0,0.0,0.0,0.0,3490.675094748841,1532.0,0.0,12.0,0.0,0.0,0,19.060296409826215
88195daea9fffff,51.56051714286374,-0.3587502407261481,14.0,2.0,0.0,17.0,2.0,1.0,0.0,1.0,26.0,53.0,1.0,7.0,2.0,5.0,0.0,0.0,0.0,8892.280347908694,15732.083333333334,0.0,11.0,0.0,0.0,0,18.57899464360784
88195daeabfffff,51.55276508532054,-0.3544470129988318,8.0,0.0,0.0,5.0,1.0,0.0,0.0,0.0,4.0,9.0,0.0,16.0,0.0,0.0,1.0,0.0,0.0,0.0,17468.708333333332,0.0,10.0,0.0,0.0,0,17.93504370923475
88195daeadfffff,51.562583404281895,-0.37098745009018436,7.0,3.0,0.0,8.0,3.0,0.0,0.0,0.0,2.0,17.0,0.0,7.0,1.0,1.0,1.0,0.0,0.0,596.5870542717241,0.0,0.0,88.0,0.0,0.0,0,19.44095115233545
88195daeb1fffff,51.537259734918685,-0.3458445326037037,2.0,2.0,0.0,0.0,1.0,0.0,0.0,0.0,19.0,3.0,0.0,9.0,0.0,0.0,0.0,0.0,0.0,7728.323420354194,121590.57894736843,0.0,14.0,0.0,0.0,0,16.722295379638286
88195daeb3fffff,51.529506442834,-0.34154527880900537,2.0,0.0,0.0,1.0,0.0,0.0,0.0,0.0,18.0,5.0,0.0,6.0,0.0,0.0,0.0,0.0,0.0,6838.241315972119,0.0,0.0,19.0,0.0,0.0,0,16.159149049922565
88195daeb5fffff,51.53932644602815,-0.35807495192922806,0.0,0.0,0.0,1.0,0.0,0.0,0.0,0.0,5.0,2.0,0.0,0.0,0.0,0.0,0.0,0.0,0.0,14879.147464687145,86844.23529411765,0.0,16.0,0.0,0.0,0,17.59817511937292
88195daeb7fffff,51.53157330315931,-0.3537734361398434,23.0,0.0,0.0,10.0,2.0,0.0,1.0,1.0,21.0,25.0,0.0,14.0,1.0,4.0,0.0,0.0,0.0,15217.14752041748,0.0,0.0,9.0,0.0,0.0,0,17.03746544443805
88195daeb9fffff,51.54294495945908,-0.33791458612856745,5.0,0.0,0.0,4.0,2.0,0.0,0.0,0.0,6.0,14.0,0.0,1.0,0.0,0.0,0.0,0.0,0.0,73209.39316790874,26195.208333333332,0.0,19.0,0.0,0.0,0,16.443904908558594
88195daebbfffff,51.535191929396746,-0.3336162705839505,5.0,0.0,1.0,1.0,1.0,0.0,0.0,0.0,3.0,8.0,0.0,10.0,1.0,1.0,0.0,0.0,0.0,22011.313754293715,103550.5,0.0,27.0,0.0,0.0,0,15.846855990964766
88195daebdfffff,51.54501261587654,-0.3501451104792112,8.0,0.0,0.0,6.0,1.0,0.0,0.0,0.0,4.0,20.0,0.0,7.0,3.0,0.0,0.0,0.0,0.0,45747.40166428742,0.0,0.0,4.0,0.0,0.0,0,17.315247049062563
88195daec1fffff,51.5754966402456,-0.3227134577068056,1.0,0.0,0.0,1.0,2.0,0.0,0.0,0.0,4.0,4.0,0.0,13.0,0.0,0.0,0.0,0.0,0.0,61199.60541920637,27176.625,0.0,28.0,0.0,0.0,0,17.299158629381946
88195daec3fffff,51.56774522020836,-0.3184153117825109,0.0,0.0,0.0,0.0,1.0,0.0,0.0,0.0,4.0,1.0,0.0,3.0,1.0,0.0,0.0,0.0,0.0,0.0,39212.666666666664,0.0,7.0,0.0,0.0,0,16.564050521658423
88195daec5fffff,51.57756683385474,-0.3349488225579947,18.0,5.0,1.0,42.0,3.0,0.0,0.0,1.0,49.0,112.0,0.0,23.0,12.0,17.0,1.0,0.0,1.0,46809.11289320557,31665.125,1.0,21.0,2.0,0.0,1,18.125971214327386
88195daec7fffff,51.569815563268634,-0.33064841194156247,0.0,0.0,0.0,0.0,0.0,0.0,0.0,0.0,1.0,0.0,0.0,0.0,0.0,0.0,0.0,0.0,0.0,10746.09296873819,0.0,0.0,1.0,0.0,0.0,0,17.399831874070767
88195daec9fffff,51.58117650917141,-0.31477746002829815,12.0,0.0,1.0,0.0,0.0,0.0,0.0,0.0,29.0,5.0,0.0,10.0,5.0,4.0,1.0,0.0,0.0,53869.470818421265,0.0,0.0,20.0,1.0,0.0,0,17.238680783767457
88195daecbfffff,51.57342535187991,-0.3104802543757212,4.0,0.0,0.0,3.0,2.0,0.0,0.0,0.0,13.0,14.0,0.0,5.0,1.0,0.0,0.0,0.0,0.0,18802.01486024645,547.1818181818181,0.0,4.0,0.0,0.0,0,16.47781167031948
88195daecdfffff,51.5832476481975,-0.32701292838756324,9.0,3.0,0.0,18.0,1.0,1.0,0.0,0.0,9.0,19.0,0.0,8.0,1.0,3.0,1.0,0.0,0.0,44963.47301284694,24464.0,0.0,21.0,0.0,0.0,0,18.050436842322252
88195daed1fffff,51.557921802448796,-0.30188981474450577,0.0,0.0,0.0,0.0,0.0,0.0,0.0,0.0,4.0,2.0,0.0,0.0,1.0,0.0,0.0,0.0,0.0,0.0,3680.8,0.0,0.0,0.0,0.0,0,15.006774756104182
88195daed3fffff,51.550169411082145,-0.29759657963895975,15.0,1.0,0.0,4.0,0.0,0.0,1.0,0.0,15.0,24.0,0.0,17.0,9.0,0.0,0.0,0.0,0.0,10343.075709164852,14733.791666666666,0.0,8.0,0.0,0.0,0,14.301833941515671
88195daed5fffff,51.5599933884723,-0.3141184900508469,7.0,1.0,1.0,0.0,0.0,0.0,0.0,0.0,5.0,4.0,0.0,8.0,2.0,0.0,0.0,0.0,0.0,24325.850354432132,12775.971428571429,0.0,6.0,0.0,0.0,0,15.847367920761759
88195daed7fffff,51.552241145424006,-0.3098229919482723,3.0,0.0,0.0,1.0,2.0,0.0,0.0,0.0,29.0,14.0,0.0,19.0,0.0,0.0,0.0,0.0,0.0,15587.946587245959,20887.780821917808,0.0,8.0,1.0,0.0,0,15.151730879368701
88195daed9fffff,51.563601251766556,-0.29395559554276396,3.0,0.0,0.0,0.0,1.0,0.0,0.0,0.0,1.0,2.0,0.0,14.0,0.0,0.0,0.0,0.0,0.0,0.0,19139.208333333332,0.0,3.0,0.0,0.0,0,14.907591686047574
88195daedbfffff,51.55584912316491,-0.2896633008169568,20.0,0.0,0.0,16.0,0.0,0.0,0.0,1.0,23.0,44.0,0.0,21.0,11.0,0.0,0.0,0.0,0.0,24841.521942728057,14108.26923076923,0.0,28.0,0.0,0.0,0,14.170893734234772
88195daeddfffff,51.56567378284356,-0.30618437280232397,4.0,1.0,0.0,0.0,1.0,0.0,0.0,0.0,8.0,7.0,0.0,6.0,1.0,1.0,0.0,0.0,0.0,98.93497449117123,0.0,0.0,2.0,0.0,0.0,0,15.733042164917293
88195daee1fffff,51.57395296410666,-0.3551210936243448,8.0,1.0,0.0,4.0,4.0,0.0,0.0,0.0,17.0,7.0,0.0,8.0,2.0,0.0,0.0,0.0,0.0,16740.181569935092,9775.5,0.0,17.0,0.0,0.0,0,19.08324330524566
88195daee3fffff,51.56620158105874,-0.3508174788255074,13.0,1.0,1.0,15.0,9.0,0.0,0.0,2.0,42.0,49.0,0.0,10.0,18.0,6.0,0.0,0.0,0.0,39870.43673561454,0.0,1.0,15.0,0.0,0.0,1,18.39105009141581
88195daee5fffff,51.57602002070002,-0.36736067405964956,10.0,2.0,0.0,23.0,2.0,0.0,0.0,0.0,10.0,51.0,0.0,11.0,3.0,4.0,1.0,0.0,0.0,18626.4394672776,14921.85294117647,0.0,38.0,1.0,0.0,0,19.929892519306364
88195daee7fffff,51.568268788119205,-0.3630547942250326,5.0,1.0,0.0,1.0,1.0,1.0,1.0,0.0,4.0,7.0,0.0,10.0,0.0,3.0,0.0,0.0,0.0,5068.864626083331,0.0,0.0,21.0,0.0,0.0,0,19.244671190062274
88195daee9fffff,51.57963593211493,-0.34718634838600626,2.0,4.0,0.0,2.0,1.0,0.0,0.0,0.0,7.0,16.0,0.0,12.0,2.0,2.0,0.0,0.0,1.0,8674.755666154477,31002.923076923078,0.0,23.0,0.0,0.0,0,18.957544786235335
88195daeebfffff,51.57188481143214,-0.3428836727367503,0.0,1.0,0.0,11.0,2.0,0.0,1.0,0.0,39.0,26.0,1.0,11.0,10.0,1.0,0.0,0.0,0.0,9190.506881769299,16567.479166666668,0.0,16.0,0.0,0.0,0,18.239741004759072
88195daeedfffff,51.58170393443388,-0.359426034646571,6.0,0.0,0.0,0.0,0.0,0.0,0.0,1.0,6.0,3.0,1.0,12.0,0.0,0.0,0.0,0.0,0.0,0.0,11020.361111111111,0.0,26.0,0.0,0.0,0,19.793289319241534
88195daf03fffff,51.61733658401382,-0.4458730991671651,2.0,0.0,0.0,0.0,0.0,0.0,0.0,0.0,0.0,0.0,0.0,7.0,0.0,0.0,0.0,0.0,0.0,90151.76682560316,21314.083333333332,1.0,6.0,0.0,0.0,1,26.975885534883524
88195daf11fffff,51.60752666487979,-0.42929339034276776,1.0,0.0,0.0,0.0,0.0,0.0,0.0,0.0,5.0,0.0,0.0,7.0,0.0,0.0,0.0,0.0,0.0,18457.24382105867,15595.461538461539,0.0,0.0,0.0,0.0,0,25.420127517079145
88195daf13fffff,51.599777283131154,-0.42497445646216886,0.0,0.0,0.0,0.0,0.0,0.0,0.0,0.0,0.0,2.0,0.0,1.0,0.0,0.0,0.0,0.0,0.0,15361.918890768153,0.0,0.0,0.0,0.0,0.0,0,24.71292350964067
88195daf15fffff,51.609587771948306,-0.4415505645490947,1.0,0.0,0.0,0.0,0.0,0.0,0.0,0.0,0.0,0.0,0.0,6.0,0.0,0.0,0.0,0.0,0.0,36822.57429682149,21532.35,0.0,0.0,0.0,0.0,0,26.26166086470615
88195daf17fffff,51.60183854395398,-0.4372293619125767,0.0,0.0,0.0,0.0,0.0,0.0,0.0,0.0,1.0,0.0,0.0,0.0,0.0,0.0,0.0,0.0,0.0,0.0,0.0,0.0,0.0,0.0,0.0,0,25.560046247508065
88195daf19fffff,51.6132135772151,-0.4213563700449656,4.0,0.0,0.0,5.0,2.0,0.0,1.0,0.0,4.0,8.0,0.0,10.0,0.0,2.0,0.0,0.0,0.0,58473.495102624125,1455.4,0.0,18.0,0.0,0.0,0,25.307232375454195
88195daf1bfffff,51.605464457411045,-0.4170383739563157,5.0,0.0,1.0,9.0,3.0,0.0,0.0,2.0,3.0,36.0,0.0,7.0,0.0,2.0,1.0,0.0,0.0,24799.34723661765,26972.166666666668,0.0,4.0,0.0,0.0,0,24.581327261114506
88195daf1dfffff,51.61527563104118,-0.4336136555278029,0.0,0.0,0.0,0.0,0.0,0.0,0.0,0.0,0.0,0.0,0.0,6.0,0.0,0.0,0.0,0.0,0.0,33745.60490666768,8734.23076923077,0.0,2.0,0.0,0.0,0,26.140041997789602
88195daf25fffff,51.62556937552517,-0.4949324442192223,0.0,0.0,0.0,0.0,0.0,0.0,0.0,0.0,4.0,3.0,0.0,0.0,0.0,0.0,0.0,0.0,0.0,2847.3962899147473,0.0,0.0,0.0,0.0,0.0,0,30.344701864452
88195daf2dfffff,51.631260761604544,-0.4869950530030023,0.0,0.0,0.0,0.0,0.0,0.0,0.0,0.0,1.0,0.0,0.0,0.0,0.0,0.0,0.0,0.0,0.0,0.0,0.0,0.0,0.0,0.0,0.0,0,30.20927082722126
88195daf33fffff,51.598208428039065,-0.45742123466750373,0.0,0.0,0.0,0.0,0.0,0.0,46.0,0.0,0.0,6.0,0.0,0.0,0.0,0.0,0.0,0.0,0.0,1451.6640279249987,0.0,2.0,0.0,0.0,0.0,1,26.582716897174297
88195daf35fffff,51.60801572081933,-0.4740070176409022,0.0,0.0,1.0,0.0,0.0,0.0,0.0,0.0,0.0,0.0,0.0,3.0,0.0,1.0,0.0,0.0,0.0,0.0,2120.0,0.0,1.0,0.0,0.0,0,28.11379941882985
88195daf37fffff,51.60026654024077,-0.46968034016721544,0.0,0.0,0.0,0.0,0.0,4.0,0.0,0.0,0.0,1.0,0.0,0.0,0.0,0.0,0.0,0.0,0.0,0.0,0.0,0.0,0.0,0.0,0.0,0,27.44043769535797
88195daf39fffff,51.611647778024434,-0.45380989602305105,0.0,0.0,0.0,0.0,0.0,0.0,0.0,0.0,0.0,0.0,0.0,1.0,0.0,0.0,0.0,0.0,0.0,926.1218674818327,0.0,3.0,0.0,0.0,0.0,1,27.105680052401976
88195daf3bfffff,51.603898704237615,-0.4494864242944501,0.0,0.0,0.0,0.0,0.0,0.0,0.0,0.0,0.0,0.0,0.0,2.0,0.0,0.0,0.0,0.0,0.0,9158.026826446614,0.0,2.0,0.0,0.0,0.0,1,26.409360973158993
88195daf3dfffff,51.613706682516046,-0.46607138421141325,0.0,0.0,0.0,0.0,0.0,0.0,1.0,0.0,0.0,0.0,0.0,6.0,0.0,0.0,0.0,0.0,0.0,0.0,0.0,0.0,0.0,0.0,0.0,0,27.951966980176532
88195daf57fffff,51.62096228138642,-0.42567569732712945,0.0,0.0,0.0,0.0,0.0,0.0,0.0,0.0,0.0,0.0,0.0,0.0,0.0,0.0,0.0,0.0,0.0,0.0,4258.5,0.0,0.0,0.0,0.0,0,26.04486023641226
88195db413fffff,51.68970317809745,-0.08672579984085273,0.0,0.0,0.0,0.0,0.0,0.0,0.0,0.0,0.0,1.0,0.0,0.0,0.0,0.0,0.0,0.0,0.0,0.0,0.0,3.0,0.0,0.0,0.0,1,22.891632549310074
88195db417fffff,51.691799616231755,-0.09895240468201445,0.0,0.0,0.0,0.0,0.0,0.0,0.0,0.0,0.0,0.0,0.0,0.0,0.0,0.0,0.0,0.0,0.0,0.0,0.0,3.0,0.0,0.0,0.0,1,23.05462060789322
88195db433fffff,51.68824332823377,-0.11913935006698324,0.0,0.0,0.0,0.0,0.0,0.0,0.0,0.0,0.0,1.0,0.0,0.0,0.0,0.0,0.0,0.0,0.0,0.0,0.0,0.0,0.0,0.0,0.0,0,22.612826773904633
88195db437fffff,51.69033664292186,-0.13137023128913583,0.0,0.0,0.0,0.0,0.0,0.0,0.0,0.0,0.0,2.0,0.0,0.0,0.0,0.0,0.0,0.0,0.0,0.0,0.0,0.0,0.0,0.0,0.0,0,22.859240509676457
88195db43bfffff,51.693894965117885,-0.11118119262598902,0.0,0.0,0.0,0.0,0.0,0.0,0.0,0.0,0.0,0.0,0.0,0.0,0.0,0.0,0.0,0.0,0.0,0.0,0.0,1.0,0.0,0.0,0.0,1,23.249592256404455
88195db481fffff,51.66081240276952,-0.08188723003843477,20.0,2.0,0.0,22.0,0.0,0.0,0.0,0.0,3.0,30.0,0.0,16.0,1.0,3.0,0.0,0.0,0.0,11548.951070988101,15329.470588235294,0.0,19.0,0.0,0.0,0,19.73841323900688
88195db483fffff,51.65306457298027,-0.07762423083138305,15.0,7.0,0.0,27.0,3.0,0.0,0.0,2.0,12.0,60.0,0.0,22.0,2.0,7.0,2.0,0.0,0.0,62100.01699892608,14979.9375,0.0,49.0,0.0,0.0,0,18.92815001477454
88195db485fffff,51.66290833035072,-0.09410693955888194,2.0,3.0,0.0,2.0,0.0,0.0,0.0,0.0,2.0,0.0,0.0,13.0,0.0,0.0,0.0,0.0,0.0,16702.33149538018,12229.0,0.0,13.0,0.0,0.0,0,19.87517891864109
88195db487fffff,51.655160644387145,-0.08984167245388915,9.0,2.0,0.0,15.0,3.0,0.0,2.0,1.0,48.0,41.0,0.0,15.0,5.0,3.0,0.0,0.0,0.0,36703.838819834134,18692.125,0.0,17.0,0.0,0.0,0,19.04705487025516
88195db489fffff,51.666462951063124,-0.07393175040292488,1.0,0.0,0.0,0.0,0.0,0.0,0.0,0.0,12.0,2.0,1.0,7.0,0.0,1.0,0.0,0.0,0.0,2876.6490667991293,6465.333333333333,0.0,9.0,0.0,0.0,0,20.440475066275578
88195db48bfffff,51.65871538774568,-0.06966970220455507,7.0,0.0,0.0,0.0,0.0,0.0,0.0,0.0,1.0,0.0,0.0,4.0,0.0,0.0,0.0,0.0,0.0,34113.08475438162,6695.75,0.0,17.0,0.0,0.0,0,19.639910141490507
88195db48dfffff,51.668559822373346,-0.08615154646354027,0.0,1.0,0.0,1.0,0.0,0.0,0.0,0.0,14.0,3.0,0.0,2.0,1.0,0.0,0.0,0.0,0.0,3652.404335042762,8149.25,0.0,6.0,0.0,0.0,0,20.55709684044572
88195db491fffff,51.64321903195565,-0.061149554850170505,10.0,0.0,0.0,2.0,1.0,0.0,0.0,1.0,4.0,6.0,0.0,17.0,0.0,0.0,0.0,0.0,0.0,11050.854887486266,0.0,0.0,24.0,0.0,0.0,0,18.07013027441154
88195db493fffff,51.63547024025115,-0.056891454568807655,12.0,2.0,1.0,12.0,4.0,0.0,0.0,0.0,65.0,59.0,0.0,9.0,0.0,1.0,0.0,0.0,0.0,1677.3254214774686,12547.76923076923,0.0,7.0,0.0,0.0,0,17.303768776033124
88195db495fffff,51.645316333389665,-0.07336254827934373,0.0,0.0,0.0,3.0,1.0,0.0,0.0,0.0,7.0,6.0,0.0,11.0,0.0,1.0,0.0,0.0,0.0,4602.428094786281,4785.0,0.0,0.0,0.0,0.0,0,18.127440714426687
88195db497fffff,51.63756768438185,-0.06910218181954521,6.0,0.0,0.0,2.0,0.0,0.0,0.0,0.0,14.0,9.0,0.0,18.0,5.0,1.0,0.0,0.0,0.0,10219.237973465048,49247.25,0.0,17.0,0.0,0.0,0,17.33761366337501
88195db499fffff,51.64886916978736,-0.05319589210946124,1.0,1.0,0.0,3.0,0.0,0.0,0.0,0.0,3.0,17.0,0.0,12.0,2.0,2.0,1.0,0.0,0.0,189762.24862110155,21627.166666666668,0.0,14.0,0.0,0.0,0,18.81116559410531
88195db49bfffff,51.64112064457647,-0.048938742924564654,6.0,2.0,0.0,3.0,2.0,0.0,0.0,0.0,2.0,25.0,0.0,11.0,2.0,1.0,0.0,0.0,0.0,13702.108911542664,0.0,0.0,25.0,0.0,0.0,0,18.05528704366641
88195db49dfffff,51.65096741458185,-0.06540897054124621,8.0,1.0,0.0,5.0,0.0,0.0,0.0,0.0,1.0,2.0,0.0,10.0,0.0,0.0,0.0,0.0,0.0,202831.08220344034,0.0,0.0,28.0,0.0,0.0,0,18.84935577570167
88195db4a3fffff,51.651601716067375,-0.11001461232872907,2.0,0.0,0.0,1.0,0.0,0.0,0.0,0.0,3.0,1.0,0.0,9.0,0.0,0.0,0.0,0.0,0.0,26247.383400946124,6732.0,0.0,25.0,0.0,0.0,0,18.54888880901009
88195db4a5fffff,51.661442330704666,-0.12650708004088557,0.0,0.0,0.0,0.0,0.0,0.0,0.0,0.0,4.0,0.0,0.0,0.0,0.0,0.0,0.0,0.0,0.0,0.0,0.0,0.0,0.0,0.0,0.0,0,19.636020781077416
88195db4a7fffff,51.653694667767645,-0.1222363265077373,0.0,0.0,0.0,0.0,0.0,0.0,0.0,0.0,2.0,1.0,0.0,2.0,0.0,0.0,0.0,0.0,0.0,5693.558239874036,17471.541666666668,0.0,4.0,0.0,0.0,0,18.769466841652932
88195db4a9fffff,51.66500316989374,-0.1063288302383804,2.0,2.0,0.0,1.0,0.0,0.0,0.0,0.0,8.0,11.0,0.0,9.0,1.0,0.0,0.0,0.0,0.0,47446.74060938972,0.0,0.0,41.0,0.0,0.0,0,20.049434117354732
88195db4abfffff,51.657255628207075,-0.10206129488178105,0.0,0.0,0.0,0.0,0.0,0.0,0.0,0.0,1.0,2.0,0.0,8.0,0.0,0.0,0.0,0.0,0.0,5163.508924449914,15079.653846153846,0.0,10.0,0.0,0.0,0,19.205335730689143
88195db4adfffff,51.6670969208031,-0.1185529015484285,0.0,0.0,0.0,0.0,0.0,0.0,0.0,0.0,9.0,4.0,0.0,0.0,0.0,0.0,0.0,0.0,0.0,17673.641155765894,5796.571428571428,0.0,3.0,0.0,0.0,0,20.260221363448398
88195db4b1fffff,51.64175931377918,-0.09353017766647363,2.0,0.0,2.0,5.0,0.0,0.0,0.0,0.0,17.0,19.0,0.0,9.0,1.0,1.0,0.0,0.0,0.0,12307.46619377426,12002.0,0.0,2.0,0.0,0.0,0,17.537212785430405
88195db4b3fffff,51.634010541806525,-0.08926659468159899,8.0,0.0,0.0,12.0,1.0,0.0,0.0,0.0,7.0,30.0,0.0,8.0,0.0,1.0,0.0,0.0,0.0,11917.169042060334,0.0,0.0,34.0,0.0,0.0,0,16.71520115897208
88195db4b5fffff,51.64385349785548,-0.10574744520987493,3.0,0.0,0.0,0.0,0.0,0.0,0.0,0.0,13.0,2.0,0.0,18.0,0.0,0.0,0.0,0.0,0.0,19504.00973031992,0.0,0.0,5.0,0.0,0.0,0,17.701502223113845
88195db4b7fffff,51.636104869593396,-0.10148159566736033,1.0,0.0,0.0,8.0,1.0,0.0,0.0,0.0,9.0,21.0,0.0,10.0,2.0,1.0,0.0,0.0,0.0,3476.854707631758,8488.0,0.0,3.0,0.0,0.0,0,16.860753217123854
88195db4b9fffff,51.64741254828314,-0.08557772268661588,2.0,1.0,0.0,2.0,1.0,0.0,0.0,0.0,53.0,27.0,0.0,10.0,0.0,1.0,0.0,0.0,0.0,25087.53616005425,12712.875,0.0,11.0,0.0,0.0,0,18.22682872224969
88195db4bbfffff,51.63966404242293,-0.08131508969406682,4.0,98.0,0.0,2.0,1.0,0.0,0.0,1.0,10.0,11.0,0.0,9.0,0.0,0.0,0.0,0.0,0.0,0.0,18103.416666666668,0.0,27.0,0.0,0.0,0,17.4156209782498
88195db4bdfffff,51.6495076760408,-0.09779507754555479,0.0,0.0,0.0,0.0,0.0,0.0,0.0,0.0,3.0,3.0,0.0,1.0,0.0,0.0,0.0,0.0,0.0,4839.644839877063,0.0,0.0,2.0,0.0,0.0,0,18.36762211416269
88195db4c1fffff,51.679859175556686,-0.07023764737049192,0.0,0.0,0.0,0.0,0.0,0.0,0.0,0.0,2.0,0.0,0.0,0.0,0.0,0.0,0.0,0.0,0.0,16427.265856070255,4155.0,1.0,0.0,0.0,0.0,1,21.952591367860443
88195db4c3fffff,51.672112289143314,-0.06597523365127564,2.0,0.0,0.0,1.0,0.0,0.0,0.0,0.0,48.0,14.0,0.0,0.0,0.0,0.0,0.0,0.0,0.0,16936.11450014687,0.0,0.0,1.0,0.0,0.0,0,21.15216290014795
88195db4c5fffff,51.68195684662296,-0.0824597986575319,0.0,0.0,0.0,2.0,0.0,0.0,0.0,0.0,22.0,7.0,0.0,0.0,0.0,0.0,0.0,0.0,0.0,21436.11880351088,0.0,0.0,0.0,0.0,0.0,0,22.067250975132943
88195db4c7fffff,51.674210104150205,-0.07819511569944845,0.0,0.0,0.0,1.0,0.0,0.0,0.0,0.0,0.0,0.0,0.0,0.0,0.0,0.0,0.0,0.0,0.0,7927.640972377413,0.0,0.0,0.0,0.0,0.0,0,21.24991543019882
88195db4c9fffff,51.68550703646835,-0.06227914158073946,0.0,0.0,0.0,0.0,0.0,0.0,0.0,0.0,0.0,0.0,0.0,0.0,0.0,0.0,0.0,0.0,0.0,0.0,125648.79166666667,2.0,0.0,0.0,0.0,1,22.664196903469783
88195db4cbfffff,51.67776041688561,-0.0580176798876078,0.0,0.0,0.0,1.0,0.0,0.0,0.0,0.0,1.0,0.0,0.0,2.0,0.0,0.0,0.0,0.0,0.0,36319.79035998024,20101.666666666668,1.0,5.0,0.0,0.0,1,21.872525810602713
88195db4cdfffff,51.68760565131097,-0.07450137863119047,0.0,0.0,0.0,0.0,0.0,0.0,0.0,0.0,0.0,0.0,0.0,0.0,0.0,0.0,0.0,0.0,0.0,0.0,0.0,3.0,0.0,0.0,0.0,1,22.761306424712014
88195db4d1fffff,51.6622659471438,-0.04949870651113788,6.0,0.0,0.0,0.0,0.0,0.0,0.0,1.0,2.0,1.0,0.0,10.0,2.0,0.0,0.0,0.0,0.0,0.0,16253.0,0.0,13.0,0.0,0.0,0,20.319104461966724
88195db4d3fffff,51.654518097752344,-0.04524119370165371,16.0,0.0,0.0,0.0,0.0,0.0,0.0,0.0,29.0,5.0,0.0,8.0,0.0,2.0,0.0,0.0,0.0,5881.583397886738,15125.0,0.0,17.0,0.0,0.0,0,19.559738780138186
88195db4d5fffff,51.6643649924547,-0.06171413691008993,5.0,0.0,0.0,0.0,0.0,0.0,1.0,0.0,3.0,3.0,0.0,8.0,0.0,0.0,0.0,0.0,0.0,20067.494541153013,3243.7272727272725,0.0,17.0,0.0,0.0,0,20.361002243391667
88195db4d7fffff,51.656617285874745,-0.05745435658377413,10.0,0.0,0.0,5.0,1.0,0.0,0.0,0.0,2.0,2.0,0.0,9.0,0.0,1.0,2.0,0.0,0.0,120971.27574814644,52263.2,0.0,62.0,0.0,0.0,0,19.58023692236945
88195db4d9fffff,51.66791339826463,-0.04154202042770467,12.0,1.0,0.0,0.0,0.0,0.0,0.0,0.0,3.0,6.0,0.0,10.0,3.0,0.0,0.0,0.0,0.0,9241.900415813558,0.0,0.0,21.0,0.0,0.0,0,21.065106282495904
88195db4dbfffff,51.66016581572618,-0.03728545973117403,0.0,0.0,0.0,0.0,0.0,0.0,0.0,0.0,4.0,0.0,0.0,3.0,0.0,0.0,0.0,0.0,0.0,4001.9889269537,1987.5714285714287,0.0,0.0,0.0,0.0,0,20.31500439369251
88195db4ddfffff,51.67001338698284,-0.05375753505214658,0.0,0.0,0.0,0.0,0.0,0.0,0.0,0.0,3.0,0.0,0.0,4.0,0.0,0.0,0.0,0.0,0.0,14492.738963880704,45994.89473684211,0.0,8.0,0.0,0.0,0,21.090457412475573
88195db4e1fffff,51.67840247031995,-0.10264142803542729,0.0,0.0,0.0,0.0,0.0,0.0,0.0,0.0,0.0,0.0,0.0,8.0,0.0,0.0,0.0,0.0,0.0,19597.284572763965,0.0,0.0,0.0,0.0,0.0,0,21.551455807148365
88195db4e3fffff,51.6706556057897,-0.09837352456486993,0.0,0.0,0.0,0.0,0.0,0.0,0.0,0.0,2.0,0.0,1.0,1.0,0.0,0.0,0.0,0.0,0.0,8158.957080349832,0.0,0.0,0.0,0.0,0.0,0,20.71024962609037
88195db4e9fffff,51.68405342948848,-0.0946841332215577,0.0,0.0,0.0,0.0,0.0,0.0,0.0,0.0,1.0,2.0,0.0,4.0,0.0,0.0,0.0,0.0,0.0,13444.319362678732,0.0,0.0,0.0,0.0,0.0,0,22.215977971327394
88195db4ebfffff,51.67630683140768,-0.09041718067003779,0.0,0.0,0.0,0.0,0.0,0.0,0.0,0.0,0.0,0.0,0.0,4.0,0.0,0.0,0.0,0.0,0.0,23089.30998463941,0.0,0.0,0.0,0.0,0.0,0,21.383229963748878
88195db4edfffff,51.68614892355737,-0.10691065053441969,0.0,0.0,0.0,0.0,0.0,0.0,0.0,0.0,0.0,10.0,0.0,4.0,0.0,0.0,0.0,0.0,0.0,21124.36546792973,10942.5,2.0,0.0,0.0,0.0,1,22.39810261795642
88195db581fffff,51.675461026196,-0.16747098248972073,0.0,0.0,0.0,0.0,0.0,0.0,0.0,0.0,0.0,0.0,0.0,2.0,0.0,0.0,0.0,0.0,0.0,0.0,19011.166666666668,0.0,0.0,0.0,0.0,0,21.444544212443567
88195db583fffff,51.66771421266617,-0.16319210058896427,0.0,1.0,0.0,0.0,0.0,0.0,0.0,0.0,2.0,2.0,0.0,5.0,0.0,0.0,0.0,0.0,0.0,12343.755135319818,1909.0,0.0,6.0,0.0,0.0,0,20.547986408837392
88195db587fffff,51.669802658463205,-0.1754247967275849,1.0,1.0,0.0,1.0,2.0,0.0,0.0,0.0,1.0,7.0,0.0,3.0,0.0,0.0,0.0,0.0,0.0,2890.549087832603,0.0,0.0,2.0,0.0,0.0,0,20.916927136749205
88195db589fffff,51.681118183617706,-0.15951612716588404,0.0,0.0,0.0,0.0,0.0,0.0,0.0,0.0,1.0,0.0,0.0,3.0,0.0,0.0,0.0,0.0,0.0,0.0,12900.875,4.0,0.0,0.0,275000.0,1,21.991234976842943
88195db58bfffff,51.67337163577516,-0.15523819396212882,0.0,0.0,0.0,0.0,0.0,0.0,0.0,0.0,0.0,2.0,0.0,1.0,0.0,0.0,0.0,0.0,0.0,5900.600437592804,0.0,0.0,2.0,0.0,0.0,0,21.099975700834595
88195db591fffff,51.65787730380865,-0.14668629093471616,1.0,0.0,0.0,2.0,0.0,0.0,0.0,0.0,44.0,8.0,0.0,0.0,0.0,0.0,0.0,0.0,0.0,13760.973239099883,28241.833333333332,0.0,0.0,0.0,0.0,0,19.322974005456604
88195db593fffff,51.65012952045379,-0.14241231998247286,9.0,0.0,0.0,1.0,0.0,0.0,0.0,0.0,8.0,3.0,0.0,1.0,7.0,0.0,0.0,0.0,0.0,47187.54976268445,0.0,1.0,10.0,0.0,0.0,1,18.43777196857826
88195db595fffff,51.65996698695917,-0.1589145401209763,0.0,0.0,0.0,0.0,0.0,0.0,0.0,0.0,2.0,0.0,0.0,4.0,0.0,0.0,0.0,0.0,0.0,1601.5741140346345,0.0,0.0,0.0,0.0,0.0,0,19.6527593524442
88195db597fffff,51.652219349459635,-0.15463830052137587,3.0,1.0,0.0,1.0,0.0,0.0,0.0,0.0,16.0,1.0,0.0,16.0,3.0,0.0,0.0,0.0,0.0,55764.9754069752,0.0,0.0,25.0,4.0,0.0,0,18.75905782486659
88195db599fffff,51.66353404819173,-0.13873324171322687,0.0,1.0,0.0,0.0,0.0,0.0,0.0,0.0,45.0,10.0,0.0,0.0,0.0,0.0,0.0,0.0,0.0,0.0,0.0,0.0,0.0,0.0,0.0,0,19.905975961979543
88195db59bfffff,51.65578653054644,-0.1344602195531878,0.0,0.0,0.0,2.0,0.0,0.0,0.0,0.0,6.0,1.0,0.0,0.0,0.0,0.0,0.0,0.0,0.0,15730.531542655473,0.0,0.0,0.0,0.0,0.0,0,19.027999603203114
88195db59dfffff,51.665624675710625,-0.1509615820732198,0.0,0.0,0.0,1.0,0.0,0.0,0.0,0.0,0.0,0.0,0.0,0.0,0.0,0.0,0.0,0.0,0.0,2289.1483903732365,0.0,0.0,1.0,0.0,0.0,0,20.21047312961219
88195db5a3fffff,51.66622948979045,-0.19561234917984358,1.0,0.0,0.0,0.0,0.0,0.0,0.0,0.0,0.0,3.0,0.0,3.0,0.0,0.0,0.0,0.0,0.0,5109.335143662543,12335.583333333334,0.0,1.0,0.0,0.0,0,20.833680131464703
88195db5b1fffff,51.6563957361113,-0.17909679183193825,0.0,0.0,0.0,1.0,0.0,0.0,0.0,0.0,0.0,1.0,0.0,1.0,0.0,0.0,0.0,0.0,0.0,29780.759378290488,0.0,0.0,3.0,0.0,0.0,0,19.504572943520813
88195db5b3fffff,51.64864797959021,-0.1748173355544355,10.0,1.0,1.0,6.0,1.0,0.0,0.0,0.0,7.0,5.0,0.0,10.0,0.0,1.0,0.0,0.0,0.0,62520.24403147321,0.0,0.0,23.0,0.0,0.0,0,18.599842815760244
88195db5b5fffff,51.658482292567385,-0.19132930153705907,0.0,0.0,0.0,0.0,0.0,0.0,0.0,0.0,12.0,1.0,0.0,3.0,0.0,0.0,0.0,0.0,0.0,0.0,0.0,0.0,3.0,0.0,0.0,0,19.924970801009696
88195db5b7fffff,51.65073468291708,-0.18704757624390686,2.0,0.0,0.0,2.0,0.0,0.0,0.0,0.0,7.0,4.0,0.0,11.0,1.0,0.0,0.0,0.0,0.0,38286.63027295986,0.0,0.0,28.0,0.0,0.0,0,19.016498242032583
88195db5b9fffff,51.66205557940297,-0.1711449665796271,0.0,0.0,0.0,0.0,0.0,0.0,0.0,0.0,0.0,0.0,0.0,1.0,0.0,0.0,0.0,0.0,0.0,0.0,0.0,0.0,0.0,0.0,0.0,0,20.015644983716538
88195db5bbfffff,51.65430808821043,-0.1668664579821236,0.0,0.0,0.0,0.0,0.0,0.0,1.0,0.0,8.0,0.0,0.0,6.0,0.0,0.0,0.0,0.0,0.0,24553.9518129399,0.0,0.0,1.0,0.0,0.0,0,19.115293039977544
88195db5bdfffff,51.664143080545045,-0.18337756977734787,0.0,0.0,0.0,0.0,0.0,0.0,0.0,0.0,2.0,1.0,0.0,1.0,0.0,0.0,0.0,0.0,0.0,3638.0315146107396,3930.3809523809523,0.0,1.0,0.0,0.0,0,20.409875161253666
88195db5c3fffff,51.68677413060278,-0.15156023085840067,0.0,0.0,0.0,0.0,0.0,0.0,0.0,0.0,0.0,4.0,0.0,0.0,0.0,0.0,0.0,0.0,0.0,0.0,0.0,3.0,0.0,0.0,275000.0,1,22.555601601630375
88195db5c7fffff,51.68886431885377,-0.1637953822492269,0.0,0.0,0.0,0.0,0.0,0.0,0.0,0.0,0.0,1.0,0.0,0.0,0.0,0.0,0.0,0.0,0.0,0.0,0.0,0.0,0.0,0.0,0.0,0,22.884042203921265
88195db5d1fffff,51.676936422719386,-0.13505254582768514,0.0,0.0,0.0,0.0,0.0,0.0,0.0,0.0,2.0,1.0,0.0,2.0,0.0,0.0,0.0,0.0,0.0,0.0,0.0,0.0,0.0,0.0,0.0,0,21.380202216528847
88195db5d3fffff,51.66918958248338,-0.13077915295954126,0.0,0.0,0.0,2.0,0.0,0.0,0.0,0.0,2.0,0.0,0.0,0.0,0.0,0.0,0.0,0.0,0.0,0.0,0.0,0.0,0.0,0.0,0.0,0,20.506423849484307
88195db5d5fffff,51.67902784860434,-0.14728324680148575,0.0,0.0,0.0,0.0,0.0,0.0,0.0,0.0,0.0,0.0,0.0,1.0,0.0,0.0,0.0,0.0,0.0,4649.079166715678,0.0,0.0,0.0,0.0,0.0,0,21.670100052538107
88195db5d7fffff,51.67128115433918,-0.14300758394126104,0.0,0.0,0.0,0.0,0.0,0.0,0.0,0.0,1.0,2.0,0.0,0.0,0.0,0.0,0.0,0.0,0.0,563.8984203946982,0.0,0.0,1.0,0.0,0.0,0,20.786792795650967
88195db5dbfffff,51.67484390655827,-0.12282402477647346,0.0,0.0,0.0,0.0,0.0,0.0,0.0,0.0,5.0,2.0,0.0,2.0,0.0,0.0,0.0,0.0,0.0,7540.8553334526805,0.0,0.0,1.0,0.0,0.0,0,21.122818219977557
88195db5ddfffff,51.68468285102833,-0.13932725920957303,0.0,0.0,0.0,0.0,0.0,0.0,0.0,0.0,0.0,2.0,0.0,2.0,0.0,0.0,0.0,0.0,0.0,0.0,0.0,0.0,0.0,0.0,0.0,0,22.25695476459423
88195db697fffff,51.677101708459126,-0.013412045490663743,0.0,0.0,0.0,0.0,0.0,0.0,0.0,0.0,1.0,1.0,0.0,0.0,0.0,0.0,0.0,0.0,0.0,537.0701470765932,0.0,4.0,1.0,0.0,275000.0,1,22.614112262534427
88195db6b1fffff,51.68130654499916,-0.03784122206335783,2.0,1.0,0.0,0.0,0.0,0.0,0.0,0.0,9.0,0.0,0.0,10.0,0.0,0.0,0.0,0.0,0.0,6741.474844883306,26987.88,5.0,20.0,0.0,0.0,1,22.571160693309984
88195db6b3fffff,51.673559639113,-0.03358429843804479,8.0,0.0,0.0,0.0,2.0,3.0,0.0,1.0,5.0,2.0,1.0,11.0,2.0,0.0,0.0,0.0,0.0,4199.825106337453,11472.605263157895,0.0,10.0,0.0,0.0,0,21.817499227059074
88195db6b5fffff,51.68340733416571,-0.05005908921621441,2.0,1.0,0.0,1.0,0.0,0.0,0.0,0.0,0.0,0.0,0.0,2.0,0.0,0.0,0.0,0.0,0.0,23790.068848963383,38248.166666666664,3.0,20.0,0.0,0.0,1,22.600723345627866
88195db6b7fffff,51.67566057120572,-0.04579989673505727,4.0,0.0,0.0,0.0,0.0,0.0,0.0,0.0,7.0,2.0,0.0,3.0,0.0,0.0,0.0,0.0,0.0,0.0,0.0,0.0,4.0,0.0,0.0,0,21.82742586293612
88195db6bbfffff,51.67920466956489,-0.025625540646914063,0.0,1.0,0.0,0.0,0.0,0.0,0.0,0.0,0.0,2.0,0.0,2.0,0.0,0.0,0.0,0.0,0.0,21446.020338820275,124380.20833333333,2.0,11.0,0.0,0.0,1,22.575633336123474
