h3_index,bicycle_amenities,bike_amenities,children_amenity,food_amenities,health_amenity,home_amenities,infrastructure_amenities,leisure_amenities,other_amenities,pet_amenity,social_amenities,water_amenities,parking_area,traffic_count,сharger_number,highway,public_transport,railway,subway,voltage,distance_class,car_amenities,needs_amenities,shops_amenities,work_amenity,has_charging_station,usage_type,study_amenity,latitude,longitude,distance_to_center
88194ac001fffff,0.0,0.0,0.0,1.0,3.0,0.0,0.0,0.0,6.0,0.0,2.0,0.0,82820.46302563883,4956183.333333333,0.0,4.0,11.0,0.0,0.0,0.0,757,0.0,0.0,2.0,0.0,0,nothing,0.0,51.32462352352296,-0.12928893279998932,16999.39464800711
88194ac003fffff,0.0,0.0,0.0,0.0,0.0,0.0,0.0,0.0,0.0,0.0,0.0,0.0,2011217.2603392042,531011.0,0.0,0.0,9.0,0.0,0.0,0.0,762,0.0,0.0,2.0,0.0,0,nothing,0.0,51.31685883273679,-0.12504279000987573,16999.559595867693
88194ac005fffff,0.0,0.0,0.0,0.0,1.0,0.0,0.0,0.0,0.0,0.0,0.0,0.0,17516.04716984178,3574342.3333333335,0.0,0.0,6.0,0.0,0.0,0.0,773,0.0,0.0,4.0,0.0,0,nothing,0.0,51.326703590236136,-0.14144364618822855,17000.01981351315
88194ac007fffff,0.0,0.0,0.0,11.0,0.0,1.0,0.0,0.0,27.0,0.0,0.0,0.0,1858495.8821677223,3803852.1458333335,0.0,31.0,22.0,2.0,0.0,0.0,778,2.0,19.0,10.0,0.0,0,nothing,0.0,51.31893903613696,-0.13719526130834592,17000.18494769884
88194ac009fffff,0.0,0.0,0.0,6.0,0.0,0.0,0.0,0.0,28.0,0.0,0.0,0.0,441276.2192138191,935172.3055555556,1.0,7.0,8.0,1.0,0.0,0.0,738,1.0,0.0,6.0,0.0,1,Public use,0.0,51.33030680792637,-0.12138157737741882,16998.604416661936
88194ac00bfffff,0.0,0.0,1.0,0.0,0.0,0.0,0.0,0.0,0.0,0.0,0.0,0.0,0.0,552544.6888888889,0.0,0.0,4.0,0.0,0.0,0.0,742,0.0,0.0,4.0,0.0,0,nothing,0.0,51.32254237896286,-0.11713637294283838,16998.76942013458
88194ac00dfffff,0.0,0.0,0.0,0.0,0.0,0.0,0.0,0.0,0.0,0.0,2.0,0.0,17516.04716984178,1367860.9583333335,0.0,0.0,12.0,0.0,0.0,0.0,753,0.0,1.0,4.0,0.0,0,nothing,0.0,51.33238781591003,-0.13353637964908296,16999.229458260026
88194ac011fffff,0.0,0.0,0.0,1.0,0.0,0.0,0.0,0.0,2.0,0.0,0.0,0.0,49907.03915650634,0.0,0.0,0.0,10.0,0.0,0.0,0.0,750,0.0,0.0,1.0,0.0,0,nothing,0.0,51.30701232723844,-0.10864987368535398,16999.098701492767
88194ac013fffff,0.0,0.0,0.0,0.0,0.0,0.0,0.0,0.0,0.0,1.0,0.0,0.0,174291.49697158503,1370167.5,0.0,0.0,1.0,0.0,0.0,0.0,754,0.0,2.0,1.0,0.0,0,nothing,0.0,51.299246705251534,-0.10440857775546432,16999.262979235453
88194ac015fffff,0.0,0.0,0.0,4.0,2.0,0.0,0.0,1.0,13.0,0.0,1.0,0.0,397313.7342109392,2200938.3333333335,0.0,9.0,10.0,0.0,0.0,0.0,766,0.0,4.0,2.0,3.0,0,nothing,0.0,51.309093743938554,-0.12079795072488991,16999.72430177022
88194ac017fffff,0.0,0.0,0.0,4.0,3.0,0.0,0.0,0.0,13.0,0.0,2.0,0.0,121980.48778020119,596981.6,0.0,1.0,16.0,0.0,0.0,0.0,770,0.0,0.0,3.0,0.0,0,nothing,0.0,51.301328257515365,-0.11655441439147544,16999.888765643213
88194ac019fffff,0.0,0.0,0.0,0.0,0.0,0.0,0.0,0.0,2.0,0.0,0.0,0.0,0.0,1435.0,0.0,0.0,0.0,0.0,0.0,0.0,730,0.0,1.0,1.0,0.0,0,nothing,0.0,51.31269519432943,-0.10074430748909927,16998.30870552092
88194ac01bfffff,0.0,0.0,0.0,0.0,0.0,0.0,0.0,0.0,4.0,0.0,0.0,0.0,21385.966587792835,0.0,0.0,0.0,0.0,0.0,0.0,0.0,734,0.0,2.0,1.0,0.0,0,nothing,0.0,51.30492983417674,-0.09650395000499735,16998.47303916521
88194ac01dfffff,0.0,0.0,0.0,1.0,0.0,0.0,0.0,0.0,2.0,0.0,0.0,0.0,0.0,23165.0,0.0,0.0,4.0,0.0,0.0,0.0,746,0.0,1.0,3.0,0.0,0,nothing,0.0,51.31477755193789,-0.11289247189669754,16998.93418176868
88194ac021fffff,0.0,0.0,0.0,0.0,0.0,2.0,0.0,0.0,0.0,0.0,0.0,0.0,71809.96745540248,429557.89999999997,0.0,0.0,4.0,0.0,0.0,0.0,810,0.0,0.0,1.0,0.0,0,nothing,0.0,51.32309620838474,-0.1615066613750048,17001.435464080652
88194ac023fffff,0.0,0.0,0.0,0.0,0.0,0.0,0.0,0.0,2.0,0.0,0.0,0.0,5363.519780023047,1361076.2,0.0,0.0,10.0,1.0,0.0,0.0,815,0.0,0.0,5.0,0.0,0,nothing,0.0,51.31533152997919,-0.15725509679602265,17001.600729110585
88194ac027fffff,0.0,0.0,0.0,0.0,0.0,0.0,0.0,0.0,0.0,0.0,0.0,0.0,0.0,234065.0,0.0,0.0,0.0,0.0,0.0,0.0,830,0.0,0.0,0.0,0.0,0,nothing,0.0,51.317408635342964,-0.16941178206484908,17002.226079995842
88194ac029fffff,0.0,0.0,0.0,1.0,0.0,0.0,0.0,0.0,4.0,0.0,0.0,0.0,208395.95437033952,0.0,0.0,1.0,3.0,0.0,0.0,0.0,789,0.0,1.0,4.0,2.0,0,nothing,0.0,51.32878257851317,-0.1536005125857352,17000.644916533474
88194ac02bfffff,0.0,0.0,1.0,4.0,2.0,0.0,0.0,0.0,18.0,0.0,1.0,0.0,68915.73517690835,1282080.1333333333,0.0,1.0,12.0,0.0,0.0,0.0,794,1.0,1.0,4.0,0.0,0,nothing,0.0,51.321018161549304,-0.14934988527079618,17000.81023714292
88194ac02dfffff,0.0,0.0,0.0,0.0,0.0,0.0,0.0,0.0,4.0,0.0,0.0,0.0,174996.91600013297,2601665.25,0.0,2.0,2.0,0.0,0.0,0.0,806,0.0,0.0,0.0,0.0,0,nothing,0.0,51.33086048776489,-0.16575953146974057,17001.269956948767
88194ac031fffff,0.0,0.0,0.0,0.0,0.0,0.0,0.0,0.0,0.0,0.0,0.0,0.0,6069.390027704967,925142.0000000001,0.0,0.0,2.0,0.0,0.0,0.0,803,0.0,6.0,3.0,0.0,0,nothing,0.0,51.305488131946234,-0.14085254462373265,17001.140152128086
88194ac033fffff,0.0,0.0,0.0,1.0,0.0,0.0,0.0,0.0,8.0,0.0,0.0,0.0,76102.61203037131,0.0,0.0,0.0,0.0,0.0,0.0,0.0,807,0.0,13.0,0.0,0.0,0,nothing,0.0,51.29772252008157,-0.13660583018382416,17001.304746360544
88194ac035fffff,0.0,0.0,0.0,0.0,0.0,0.0,0.0,0.0,0.0,0.0,0.0,0.0,0.0,2380328.666666667,0.0,6.0,1.0,0.0,0.0,0.0,819,0.0,3.0,2.0,0.0,0,nothing,0.0,51.307566452935546,-0.15300483717855062,17001.765751966814
88194ac037fffff,0.0,0.0,0.0,0.0,0.0,0.0,0.0,0.0,1.0,0.0,0.0,0.0,0.0,7526039.166666667,0.0,1.0,1.0,0.0,0.0,0.0,823,1.0,0.0,0.0,0.0,0,nothing,0.0,51.29980097764115,-0.14875588196861564,17001.930532577644
88194ac039fffff,0.0,0.0,0.0,0.0,0.0,0.0,0.0,0.0,1.0,0.0,0.0,0.0,976770.7783411851,1728057.55,0.0,0.0,14.0,0.0,0.0,0.0,782,0.0,14.0,5.0,0.0,0,nothing,0.0,51.31117408368803,-0.1329481806038739,17000.349839878476
88194ac03bfffff,0.0,0.0,0.0,0.0,1.0,0.0,0.0,0.0,0.0,0.0,0.0,0.0,79472.45636851268,393876.2,0.0,0.0,3.0,0.0,0.0,0.0,786,0.0,2.0,2.0,0.0,0,nothing,0.0,51.30340873327657,-0.1287024035209666,17000.514489980476
88194ac03dfffff,0.0,0.0,0.0,0.0,0.0,0.0,0.0,0.0,0.0,0.0,0.0,0.0,396494.35757597873,1672292.5374999999,0.0,3.0,8.0,0.0,0.0,0.0,799,0.0,0.0,1.0,0.0,0,nothing,0.0,51.31325334589791,-0.14510056280147104,17000.975315698346
88194ac041fffff,0.0,0.0,1.0,1.0,1.0,0.0,0.0,0.0,6.0,0.0,0.0,0.0,192438.85805323743,3512977.0,0.0,5.0,9.0,0.0,0.0,0.0,713,0.0,0.0,1.0,0.0,0,nothing,0.0,51.34375265770104,-0.1177187646051505,16997.648953038577
88194ac043fffff,0.0,0.0,0.0,34.0,5.0,0.0,1.0,0.0,93.0,0.0,4.0,0.0,5807336.250003445,7061122.086111112,1.0,31.0,22.0,1.0,0.0,0.0,717,2.0,5.0,11.0,0.0,1,Public use,1.0,51.33598888921777,-0.11347319514182697,16997.814253702047
88194ac045fffff,0.0,0.0,0.0,0.0,1.0,0.0,0.0,0.0,2.0,0.0,2.0,0.0,27003.02505016478,2703923.6,0.0,1.0,2.0,0.0,0.0,0.0,729,0.0,0.0,5.0,0.0,0,nothing,0.0,51.34583447012119,-0.12987589862777188,16998.273684487238
88194ac047fffff,0.0,0.0,0.0,0.0,4.0,0.0,1.0,0.0,1.0,0.0,0.0,0.0,0.0,2973620.7708333335,0.0,3.0,7.0,0.0,0.0,0.0,733,0.0,0.0,7.0,0.0,0,nothing,0.0,51.338070838441446,-0.12562808575433565,16998.43917142228
88194ac049fffff,0.0,0.0,0.0,0.0,0.0,0.0,0.0,0.0,0.0,0.0,0.0,0.0,0.0,2621818.880952381,0.0,6.0,5.0,0.0,0.0,0.0,693,0.0,0.0,4.0,0.0,0,nothing,0.0,51.349433273559626,-0.10980841630283457,16996.858803147534
88194ac04bfffff,0.0,0.0,0.0,1.0,0.0,0.0,0.0,0.0,1.0,0.0,0.0,0.0,595220.9192016148,827506.4166666666,0.0,10.0,7.0,0.0,0.0,0.0,698,2.0,0.0,8.0,0.0,0,nothing,0.0,51.34166976726796,-0.1055637861945653,16997.02415916613
88194ac04dfffff,0.0,0.0,0.0,0.0,0.0,0.0,0.0,0.0,3.0,0.0,1.0,0.0,1194503.0430882624,446277.89999999997,0.0,0.0,2.0,0.0,0.0,0.0,709,0.0,4.0,0.0,0.0,0,nothing,0.0,51.351516027299816,-0.12196563844817486,16997.483410799126
88194ac051fffff,0.0,0.0,0.0,4.0,0.0,0.0,0.0,0.0,22.0,0.0,1.0,0.0,249899.68246234144,1916870.191666667,1.0,2.0,7.0,1.0,0.0,0.0,706,1.0,4.0,4.0,0.0,1,Public use,0.0,51.32614155943086,-0.09707843654913983,16997.35414654711
88194ac053fffff,0.0,0.0,0.0,0.0,0.0,0.0,0.0,0.0,2.0,0.0,0.0,0.0,107989.52965663723,893380.4361111112,1.0,2.0,10.0,0.0,0.0,0.0,710,1.0,0.0,3.0,0.0,1,Public use,0.0,51.318376858658965,-0.09283771590421551,16997.518777766552
88194ac055fffff,0.0,0.0,0.0,4.0,0.0,0.0,0.0,0.0,9.0,0.0,0.0,0.0,24906.570352750685,1232180.0166666666,1.0,1.0,12.0,0.0,0.0,0.0,721,1.0,0.0,5.0,0.0,1,Public use,0.0,51.32822472223683,-0.10922892950396715,16997.979312717933
88194ac057fffff,0.0,0.0,0.0,0.0,0.0,0.0,0.0,0.0,0.0,0.0,2.0,0.0,18332.031919644727,398114.0916666667,0.0,0.0,1.0,0.0,0.0,0.0,725,0.0,0.0,3.0,0.0,0,nothing,0.0,51.32046015714509,-0.10498596713761701,16998.144130014713
88194ac059fffff,0.0,0.0,0.0,2.0,0.0,0.0,0.0,0.0,3.0,0.0,0.0,0.0,12431.08165610165,56709.0,0.0,1.0,7.0,0.0,0.0,0.0,686,0.0,0.0,3.0,0.0,0,nothing,0.0,51.33182175866604,-0.08916988023289742,16996.56423140464
88194ac05bfffff,0.0,0.0,0.0,0.0,0.0,0.0,0.0,0.0,1.0,0.0,0.0,0.0,0.0,420537.875,0.0,0.0,0.0,0.0,0.0,0.0,690,0.0,4.0,0.0,0.0,0,nothing,0.0,51.32405732009788,-0.08493009903239779,16996.728918268465
88194ac05dfffff,0.0,0.0,0.0,0.0,1.0,0.0,0.0,0.0,3.0,0.0,0.0,0.0,0.0,1095690.1583333334,0.0,0.0,5.0,1.0,0.0,0.0,702,0.0,2.0,4.0,0.0,0,nothing,0.0,51.33390586242945,-0.10132045979469308,16997.189273656495
88194ac061fffff,0.0,0.0,0.0,0.0,0.0,0.0,0.0,0.0,0.0,0.0,0.0,0.0,1268385.4456234374,2375881.7094298247,0.0,0.0,4.0,0.0,0.0,0.0,764,0.0,0.0,0.0,0.0,0,nothing,0.0,51.342231501836814,-0.14994433069075103,16999.68881941027
88194ac063fffff,0.0,0.0,0.0,0.0,0.0,0.0,0.0,0.0,0.0,0.0,1.0,0.0,17516.04716984178,1743255.6754385964,0.0,0.0,2.0,0.0,0.0,0.0,769,0.0,0.0,1.0,0.0,0,nothing,0.0,51.33446774559847,-0.1456933357975776,16999.854437393045
88194ac065fffff,0.0,0.0,0.0,0.0,0.0,0.0,0.0,0.0,2.0,0.0,0.0,0.0,307747.45846920414,926126.6545454545,0.0,1.0,0.0,0.0,0.0,0.0,781,0.0,0.0,0.0,0.0,0,nothing,0.0,51.34431021482959,-0.1621056839698773,17000.313549439557
88194ac067fffff,0.0,0.0,0.0,0.0,0.0,0.0,0.0,0.0,0.0,0.0,0.0,0.0,0.0,2915763.647727273,0.0,0.0,0.0,0.0,0.0,0.0,785,0.0,0.0,0.0,0.0,0,nothing,0.0,51.336546596402336,-0.15785244530056342,17000.479353941744
88194ac069fffff,0.0,0.0,0.0,0.0,0.0,1.0,0.0,0.0,1.0,0.0,0.0,0.0,0.0,572032.0215909091,0.0,7.0,11.0,0.0,0.0,0.0,744,0.0,0.0,6.0,0.0,0,nothing,0.0,51.34791520393873,-0.1420351877410093,16998.898353392997
88194ac06bfffff,0.0,0.0,0.0,0.0,0.0,0.0,0.0,0.0,0.0,0.0,0.0,0.0,0.0,3549891.0949561405,0.0,0.0,7.0,0.0,0.0,0.0,748,0.0,0.0,3.0,0.0,0,nothing,0.0,51.34015170951096,-0.1377851311112888,16999.064026698084
88194ac06dfffff,0.0,0.0,0.0,0.0,0.0,1.0,0.0,0.0,0.0,0.0,0.0,0.0,699325.3922002078,233815.20367965367,0.0,4.0,2.0,0.0,0.0,0.0,760,0.0,0.0,4.0,0.0,0,nothing,0.0,51.34999485856411,-0.15419663142240256,16999.522959636626
88194ac0c5fffff,0.0,0.0,0.0,0.0,0.0,0.0,0.0,0.0,0.0,0.0,0.0,0.0,0.0,408135.0,0.0,0.0,0.0,0.0,0.0,0.0,758,0.0,0.0,0.0,0.0,0,nothing,0.0,51.29148068636419,-0.10016858355400009,16999.427014925448
88194ac0cdfffff,0.0,0.0,0.0,0.0,0.0,0.0,0.0,0.0,0.0,0.0,0.0,0.0,0.0,0.0,0.0,0.0,0.0,0.0,0.0,0.0,738,0.0,2.0,0.0,0.0,0,nothing,0.0,51.29716407707398,-0.09226489413220967,16998.63713087627
88194ac0e1fffff,0.0,0.0,0.0,0.0,0.0,0.0,0.0,0.0,1.0,0.0,0.0,0.0,0.0,0.0,0.0,0.0,0.0,0.0,0.0,0.0,794,0.0,0.0,0.0,0.0,0,nothing,0.0,51.28787684011472,-0.12021475800622781,17000.843063665692
88194ac0e9fffff,0.0,0.0,0.0,1.0,0.0,0.0,0.0,0.0,3.0,0.0,0.0,0.0,209372.26987635985,1325448.8,0.0,0.0,2.0,0.0,0.0,0.0,774,1.0,8.0,1.0,0.0,0,nothing,0.0,51.293562373854336,-0.11231218045633984,17000.052987415274
88194ac0edfffff,0.0,0.0,0.0,0.0,0.0,0.0,0.0,0.0,2.0,0.0,0.0,0.0,0.0,95370.59999999999,0.0,0.0,3.0,0.0,0.0,0.0,790,0.0,18.0,0.0,0.0,0,nothing,0.0,51.29564298528972,-0.12445792950616935,17000.678897933354
88194ac101fffff,0.0,0.0,0.0,0.0,0.0,0.0,0.0,0.0,0.0,0.0,0.0,0.0,0.0,34177.5,0.0,0.0,0.0,0.0,0.0,0.0,864,0.0,0.0,1.0,0.0,0,nothing,0.0,51.33916132273657,-0.21441712138175067,17003.769490170536
88194ac103fffff,0.0,0.0,0.0,0.0,0.0,0.0,0.0,0.0,0.0,0.0,0.0,0.0,374658.93513505755,0.0,0.0,0.0,2.0,0.0,0.0,0.0,868,0.0,0.0,0.0,0.0,0,nothing,0.0,51.33139759817775,-0.21015527673086973,17003.935744379378
88194ac107fffff,0.0,0.0,0.0,0.0,0.0,0.0,0.0,0.0,0.0,0.0,0.0,0.0,0.0,0.0,0.0,0.0,8.0,0.0,0.0,0.0,880,0.0,0.0,3.0,0.0,0,nothing,0.0,51.33347024329426,-0.22232280567655843,17004.560656993108
88194ac109fffff,0.0,0.0,0.0,1.0,1.0,0.0,0.0,0.0,11.0,0.0,1.0,0.0,40836.7422507284,1278276.1354166667,0.0,12.0,5.0,0.0,0.0,0.0,846,0.0,0.0,5.0,0.0,0,nothing,0.0,51.344851198987136,-0.20651040637706777,17002.978391905304
88194ac10bfffff,0.0,0.0,0.0,0.0,0.0,0.0,0.0,0.0,0.0,0.0,0.0,0.0,5360.6746317148745,248634.75,0.0,0.0,2.0,0.0,0.0,0.0,850,0.0,0.0,1.0,0.0,0,nothing,0.0,51.33708773547702,-0.20224949779866058,17003.144701370136
88194ac10dfffff,0.0,0.0,0.0,0.0,0.0,0.0,0.0,0.0,0.0,0.0,0.0,0.0,0.0,223936.0,0.0,0.0,1.0,0.0,0.0,0.0,860,0.0,0.0,1.0,0.0,0,nothing,0.0,51.34692464652977,-0.21868027478383945,17003.602993740667
88194ac141fffff,0.0,0.0,0.0,0.0,2.0,0.0,0.0,0.0,7.0,1.0,2.0,0.0,166631.57429723736,3696640.271422205,0.0,1.0,7.0,0.0,0.0,0.0,825,1.0,3.0,11.0,0.0,0,nothing,0.0,51.35830267335362,-0.2028639413472784,17002.020755602636
88194ac143fffff,0.0,0.0,0.0,0.0,0.0,0.0,0.0,0.0,2.0,0.0,0.0,0.0,460610.72084915603,1833918.5403860027,0.0,7.0,13.0,0.0,0.0,0.0,828,0.0,3.0,4.0,0.0,0,nothing,0.0,51.35053987191563,-0.19860266076215652,17002.18736223604
88194ac145fffff,0.0,0.0,0.0,26.0,2.0,0.0,0.0,2.0,101.0,0.0,4.0,0.0,528232.8074796902,4349131.823201553,0.0,9.0,14.0,0.0,0.0,0.0,839,2.0,3.0,9.0,0.0,0,nothing,0.0,51.360376923175785,-0.21503614999932424,17002.645046744463
88194ac147fffff,0.0,0.0,0.0,3.0,1.0,1.0,0.0,0.0,8.0,0.0,0.0,0.0,200863.00403901882,5843490.446580298,0.0,4.0,3.0,1.0,0.0,0.0,843,1.0,4.0,12.0,0.0,0,nothing,0.0,51.35261426168254,-0.21077262359203972,17002.811840339316
88194ac149fffff,0.0,0.0,0.0,48.0,5.0,0.0,2.0,4.0,135.0,0.0,13.0,0.0,1318604.1696801048,2816073.5924242423,0.0,30.0,16.0,0.0,0.0,0.0,805,10.0,9.0,12.0,1.0,0,nothing,0.0,51.363989881412934,-0.19495422814930408,17001.22973956915
88194ac14bfffff,0.0,0.0,0.0,15.0,3.0,0.0,0.0,0.0,24.0,0.0,3.0,0.0,881742.4348293983,3233779.0393939395,0.0,9.0,23.0,1.0,0.0,0.0,809,5.0,6.0,14.0,0.0,0,nothing,0.0,51.35622734139197,-0.19069388463680045,17001.396401201342
88194ac14dfffff,0.0,0.0,0.0,2.0,0.0,0.0,0.0,0.0,5.0,0.0,0.0,0.0,349448.9233888528,1330946.9222052458,0.0,4.0,5.0,1.0,0.0,0.0,821,1.0,0.0,2.0,0.0,0,nothing,0.0,51.36606507354051,-0.20712653100989484,17001.853907060147
88194ac151fffff,0.0,0.0,0.0,0.0,0.0,0.0,0.0,0.0,0.0,0.0,0.0,0.0,0.0,310279.6666666666,0.0,0.0,3.0,0.0,0.0,0.0,818,0.0,0.0,2.0,0.0,0,nothing,0.0,51.3407010589993,-0.18217712227586458,17001.72899880873
88194ac155fffff,0.0,0.0,0.0,1.0,1.0,0.0,0.0,0.0,8.0,0.0,0.0,0.0,3573553.5724323085,230130.44583333333,0.0,6.0,11.0,1.0,0.0,0.0,832,2.0,1.0,3.0,0.0,0,nothing,0.0,51.34277666961393,-0.19434268869871138,17002.353726888105
88194ac159fffff,0.0,0.0,0.0,0.0,0.0,0.0,0.0,0.0,0.0,0.0,0.0,0.0,230439.36209970943,608680.9696969697,0.0,2.0,5.0,0.0,0.0,0.0,797,0.0,0.0,2.0,0.0,0,nothing,1.0,51.34638784789987,-0.17426919042484937,17000.938216666593
88194ac15bfffff,0.0,0.0,0.0,1.0,0.0,0.0,0.0,0.0,2.0,0.0,0.0,0.0,1632628.4180844026,3129925.3863636362,0.0,4.0,0.0,0.0,0.0,0.0,802,0.0,3.0,0.0,0.0,0,nothing,0.0,51.33862436773236,-0.1700137076347501,17001.10420778677
88194ac15dfffff,0.0,0.0,0.0,0.0,0.0,0.0,0.0,0.0,0.0,0.0,0.0,0.0,2054403.5957914887,1506773.518421717,0.0,3.0,7.0,0.0,0.0,0.0,813,0.0,0.0,6.0,0.0,0,nothing,0.0,51.348464400458326,-0.1864348495308566,17001.562820971933
88194ac169fffff,0.0,0.0,0.0,1.0,0.0,1.0,0.0,0.0,5.0,0.0,0.0,0.0,34965.59206123719,1041479.5291666667,0.0,0.0,1.0,0.0,0.0,0.0,853,0.0,3.0,1.0,0.0,0,nothing,0.0,51.362450090269135,-0.2272105100647306,17003.269274507107
88194ac16bfffff,0.0,0.0,0.0,1.0,0.0,0.0,0.0,0.0,1.0,0.0,0.0,0.0,133774.6241476023,1911275.2430555555,0.0,1.0,3.0,0.0,0.0,0.0,857,1.0,1.0,2.0,0.0,0,nothing,0.0,51.35468756916982,-0.22294473749282986,17003.436255162058
88194ac16dfffff,0.0,0.0,0.0,0.0,0.0,0.0,0.0,0.0,0.0,0.0,0.0,0.0,0.0,0.0,0.0,1.0,1.0,0.0,0.0,0.0,867,0.0,0.0,1.0,0.0,0,nothing,0.0,51.364522174044396,-0.239387021014339,17003.893438770767
88194ac1cbfffff,0.0,0.0,0.0,0.0,0.0,0.0,0.0,0.0,0.0,0.0,0.0,0.0,0.0,840116.0,0.0,0.0,0.0,0.0,0.0,0.0,837,0.0,0.0,0.0,0.0,0,nothing,0.0,51.30187835737978,-0.1609080843389265,17002.556256465352
88194ac1e5fffff,0.0,0.0,0.0,0.0,0.0,0.0,0.0,0.0,0.0,0.0,0.0,0.0,0.0,0.0,1.0,0.0,0.0,0.0,0.0,0.0,906,0.0,0.0,0.0,0.0,1,Public use,0.0,51.30448402180922,-0.21744023747502803,17005.849595133393
88194ac201fffff,0.0,0.0,0.0,0.0,0.0,0.0,0.0,0.0,2.0,0.0,1.0,0.0,354882.7397680857,2621397.666666667,0.0,3.0,2.0,0.0,0.0,21282.79883381924,620,0.0,12.0,1.0,0.0,0,nothing,0.0,51.36438124447804,-0.07391588532291568,16993.864466034112
88194ac203fffff,0.0,0.0,0.0,0.0,0.0,0.0,0.0,0.0,5.0,0.0,0.0,0.0,0.0,2938183.611111111,0.0,1.0,4.0,0.0,0.0,12827.98833819242,624,0.0,1.0,1.0,0.0,0,nothing,0.0,51.35661838980692,-0.06967632028805482,16994.029801735967
88194ac205fffff,0.0,0.0,1.0,0.0,0.0,0.0,0.0,0.0,3.0,0.0,2.0,0.0,10864.808791615318,4522481.754861111,0.0,3.0,7.0,0.0,0.0,22448.979591836734,635,0.0,19.0,5.0,0.0,0,nothing,0.0,51.366467899440146,-0.08607120949325738,16994.488764815873
88194ac207fffff,0.0,0.0,0.0,0.0,0.0,0.0,0.0,0.0,3.0,0.0,1.0,0.0,228469.66831088185,321639.5,0.0,1.0,6.0,0.0,0.0,17492.71137026239,639,0.0,0.0,5.0,1.0,0,nothing,0.0,51.35870518068154,-0.08182940009937169,16994.65428648829
88194ac209fffff,0.0,0.0,0.0,0.0,0.0,0.0,0.0,0.0,0.0,0.0,0.0,0.0,13867.626991814868,777760.8392857143,0.0,0.0,1.0,0.0,0.0,0.0,601,0.0,0.0,1.0,0.0,0,nothing,0.0,51.37005610438977,-0.06600134434439424,16993.074714196595
88194ac20bfffff,0.0,0.0,0.0,0.0,0.0,0.0,0.0,0.0,4.0,0.0,0.0,0.0,238997.76389963017,4148882.0,0.0,3.0,4.0,0.0,0.0,17784.256559766764,605,4.0,3.0,0.0,0.0,0,nothing,0.0,51.362293512659704,-0.06176272075429795,16993.240105030018
88194ac20dfffff,0.0,0.0,0.0,0.0,0.0,0.0,0.0,0.0,3.0,0.0,0.0,0.0,257039.05032205812,2372179.860416667,0.0,9.0,7.0,0.0,0.0,0.0,616,0.0,3.0,5.0,0.0,0,nothing,0.0,51.37214370040635,-0.07815675359545786,16993.69888928074
88194ac211fffff,0.0,0.0,0.0,0.0,0.0,0.0,0.0,0.0,1.0,0.0,0.0,0.0,37837.142657595476,477565.12499999994,3.0,6.0,11.0,0.0,0.0,1154.5189504373177,613,0.0,1.0,5.0,0.0,1,Public use,0.0,51.34676713436967,-0.053289380715619956,16993.570163613647
88194ac213fffff,0.0,0.0,0.0,0.0,0.0,0.0,0.0,0.0,0.0,0.0,0.0,0.0,23093.989310981546,845369.5,0.0,0.0,11.0,0.0,0.0,0.0,617,0.0,1.0,0.0,0.0,0,nothing,0.0,51.33900334858228,-0.0490546631592765,16993.73483122121
88194ac215fffff,0.0,0.0,0.0,0.0,1.0,0.0,0.0,0.0,2.0,0.0,0.0,0.0,13346.082889174764,1676308.2083333335,3.0,1.0,6.0,0.0,0.0,10868.804664723031,628,0.0,0.0,4.0,0.0,1,Public use,0.0,51.348855136779335,-0.06543805793666042,16994.194896314846
88194ac217fffff,0.0,0.0,0.0,4.0,2.0,0.0,0.0,1.0,13.0,0.0,0.0,0.0,656177.5440747587,4988148.395833334,0.0,5.0,17.0,0.0,0.0,0.0,632,1.0,0.0,4.0,0.0,0,nothing,0.0,51.34109148578165,-0.06120109771479439,16994.35974969938
88194ac219fffff,0.0,0.0,0.0,0.0,0.0,0.0,0.0,0.0,8.0,0.0,1.0,0.0,97845.91139805989,577280.1666666666,0.0,4.0,10.0,0.0,0.0,36224.489795918365,594,0.0,0.0,2.0,0.0,0,nothing,0.0,51.35244157942375,-0.045376638940629856,16992.780645977567
88194ac21bfffff,0.0,0.0,0.0,1.0,0.0,0.0,0.0,0.0,2.0,0.0,0.0,0.0,20640.324538273613,703683.5,4.0,1.0,15.0,0.0,0.0,1924.198250728863,597,0.0,0.0,2.0,0.0,1,Public use,0.0,51.344678056590155,-0.04114286291480509,16992.945369005196
88194ac21dfffff,0.0,0.0,0.0,0.0,0.0,0.0,0.0,0.0,18.0,0.0,0.0,0.0,71453.3244587938,852152.7777777779,0.0,2.0,2.0,0.0,0.0,18367.34693877551,609,0.0,10.0,2.0,0.0,0,nothing,0.0,51.35453052252426,-0.057525399729376946,16993.405254859492
88194ac221fffff,0.0,0.0,0.0,0.0,0.0,0.0,0.0,0.0,5.0,0.0,0.0,0.0,204313.39224014131,3203277.5258333334,0.0,9.0,9.0,0.0,0.0,26822.157434402332,670,0.0,0.0,6.0,0.0,0,nothing,0.0,51.36287553084598,-0.10614203540600678,16995.903069145264
88194ac223fffff,0.0,0.0,4.0,14.0,2.0,0.0,0.0,0.0,47.0,0.0,2.0,0.0,700031.9478414505,4133156.5039682537,0.0,7.0,11.0,0.0,0.0,0.0,674,1.0,1.0,7.0,0.0,0,nothing,0.0,51.3551126858882,-0.10189704094892385,16996.068721787724
88194ac225fffff,0.0,0.0,0.0,4.0,1.0,0.0,0.0,0.0,31.0,0.0,0.0,0.0,5861440.391676271,8975406.707916666,0.0,45.0,15.0,1.0,0.0,28279.8833819242,685,2.0,2.0,5.0,0.0,0,nothing,0.0,51.364959088955594,-0.11830158986195471,16996.52736681209
88194ac227fffff,0.0,0.0,0.0,5.0,0.0,0.0,0.0,0.0,13.0,0.0,0.0,0.0,8206219.644177021,5549113.886904762,0.0,15.0,6.0,0.0,0.0,0.0,689,1.0,0.0,3.0,0.0,0,nothing,0.0,51.35719638091774,-0.11405435067375705,16996.693205672294
88194ac229fffff,0.0,0.0,0.0,24.0,3.0,0.0,0.0,3.0,73.0,0.0,0.0,0.0,2535553.982057623,6606623.754861111,2.0,59.0,16.0,0.0,0.0,33163.26530612245,650,15.0,11.0,12.0,0.0,1,Public use,0.0,51.36855347695575,-0.0982286927465841,16995.113001256497
88194ac22bfffff,0.0,0.0,0.0,4.0,1.0,0.0,0.0,0.0,38.0,0.0,6.0,0.0,706284.0077854759,4320183.802083333,0.0,30.0,18.0,1.0,0.0,24489.79591836735,655,1.0,0.0,10.0,0.0,0,nothing,0.0,51.36079089455794,-0.0939846386451007,16995.278708997677
88194ac22dfffff,0.0,0.0,1.0,6.0,0.0,0.0,0.0,0.0,17.0,0.0,0.0,0.0,109362.28893457154,6551846.340238095,0.0,16.0,13.0,0.0,0.0,40306.12244897959,666,0.0,17.0,10.0,0.0,0,nothing,1.0,51.370637976434615,-0.11038833456312963,16995.73717523709
88194ac231fffff,0.0,0.0,0.0,0.0,1.0,0.0,0.0,0.0,7.0,0.0,0.0,0.0,15514.3641490048,494075.0,0.0,0.0,1.0,0.0,0.0,0.0,663,0.0,2.0,6.0,0.0,0,nothing,0.0,51.34526453305436,-0.0855004419714336,16995.609400753958
88194ac233fffff,0.0,0.0,0.0,0.0,1.0,0.0,0.0,0.0,1.0,0.0,1.0,0.0,22583.98241644728,87725.6,0.0,7.0,12.0,0.0,0.0,0.0,668,0.0,0.0,3.0,0.0,0,nothing,0.0,51.33750075472168,-0.0812602982907089,16995.77438462601
88194ac235fffff,0.0,0.0,2.0,6.0,4.0,0.0,0.0,0.0,35.0,0.0,2.0,0.0,533887.9695397384,710305.0714285715,0.0,4.0,7.0,2.0,0.0,0.0,678,4.0,0.0,6.0,0.0,0,nothing,0.0,51.34734944194786,-0.09765335063723028,16996.234133092814
88194ac237fffff,0.0,0.0,0.0,0.0,0.0,0.0,0.0,0.0,0.0,0.0,0.0,0.0,0.0,44457.0,0.0,0.0,4.0,0.0,0.0,0.0,682,0.0,0.0,4.0,0.0,0,nothing,0.0,51.3395857994116,-0.09341096391658402,16996.399302988953
88194ac239fffff,0.0,0.0,0.0,0.0,0.0,0.0,0.0,0.0,1.0,0.0,0.0,0.0,0.0,1564237.0,0.0,0.0,5.0,0.0,0.0,0.0,643,0.0,3.0,1.0,0.0,0,nothing,0.0,51.35094206322901,-0.07758889406120406,16994.81956699011
88194ac23bfffff,0.0,0.0,0.0,0.0,0.0,0.0,0.0,0.0,0.0,0.0,0.0,0.0,0.0,1346606.6083333334,0.0,1.0,5.0,0.0,0.0,0.0,648,0.0,0.0,4.0,0.0,0,nothing,0.0,51.34317854746898,-0.07334969082457146,16994.984606249876
88194ac23dfffff,0.0,0.0,0.0,0.0,0.0,1.0,0.0,0.0,1.0,0.0,1.0,0.0,23587.118759771016,738122.4791666666,0.0,1.0,9.0,0.0,0.0,0.0,659,0.0,0.0,4.0,0.0,0,nothing,0.0,51.353027913128635,-0.08974188857152333,16995.444175520686
88194ac241fffff,0.0,0.0,0.0,12.0,1.0,2.0,0.0,1.0,36.0,1.0,1.0,0.0,0.0,6426655.933964646,0.0,6.0,13.0,0.0,0.0,0.0,577,0.0,3.0,5.0,1.0,0,nothing,1.0,51.38349169007757,-0.062324761971159076,16992.119344303966
88194ac243fffff,0.0,0.0,0.0,2.0,4.0,0.0,0.0,0.0,10.0,0.0,0.0,0.0,209145.05877172464,5759231.390376984,0.0,5.0,11.0,0.0,0.0,0.0,581,1.0,0.0,4.0,0.0,0,nothing,0.0,51.375729760288536,-0.05808577726631028,16992.285031014137
88194ac245fffff,0.0,0.0,0.0,4.0,1.0,0.0,0.0,0.0,12.0,1.0,0.0,0.0,141545.54702576852,1979766.621590909,0.0,7.0,6.0,0.0,0.0,0.0,592,0.0,4.0,9.0,0.0,0,nothing,0.0,51.3855800910888,-0.07448250143755725,16992.74320980373
88194ac247fffff,0.0,0.0,1.0,11.0,2.0,0.0,0.0,0.0,38.0,0.0,0.0,0.0,0.0,3266777.923611111,0.0,5.0,10.0,0.0,0.0,0.0,596,1.0,0.0,8.0,0.0,0,nothing,0.0,51.377818297328204,-0.07024127105394744,16992.90908243066
88194ac249fffff,0.0,0.0,1.0,3.0,2.0,0.0,0.0,0.0,11.0,0.0,1.0,0.0,278317.7776427141,6009047.286111111,0.0,7.0,9.0,0.0,0.0,0.0,558,0.0,5.0,5.0,0.0,0,nothing,0.0,51.38916387852643,-0.05440722644971654,16991.32967493895
88194ac24bfffff,0.0,0.0,0.0,0.0,0.0,0.0,0.0,0.0,1.0,0.0,1.0,0.0,55524.37770608603,974051.0227272727,0.0,0.0,6.0,0.0,0.0,0.0,562,0.0,0.0,3.0,0.0,0,nothing,0.0,51.381402212046304,-0.050169184191306664,16991.495416525086
88194ac24dfffff,0.0,0.0,0.0,0.0,2.0,0.0,0.0,0.0,13.0,0.0,0.0,0.0,67817.47194950482,3224412.817992424,0.0,7.0,8.0,0.0,0.0,0.0,573,2.0,10.0,9.0,0.0,0,nothing,1.0,51.3912532206401,-0.0665650502316556,16991.953416851728
88194ac251fffff,0.0,0.0,0.0,0.0,0.0,0.0,0.0,0.0,0.0,0.0,0.0,0.0,0.0,319224.9393939394,0.0,1.0,0.0,0.0,0.0,0.0,570,0.0,0.0,1.0,0.0,0,nothing,0.0,51.365877682804886,-0.041697007767012795,16991.82617754182
88194ac253fffff,0.0,0.0,0.0,0.0,0.0,0.0,0.0,0.0,2.0,0.0,0.0,0.0,449154.6718253407,2736155.2083333335,0.0,15.0,6.0,0.0,0.0,3571.4285714285716,575,0.0,0.0,2.0,0.0,0,nothing,0.0,51.35811482081572,-0.03746287249261644,16991.991196829673
88194ac255fffff,0.0,0.0,0.0,1.0,0.0,0.0,0.0,0.0,4.0,0.0,0.0,0.0,11481.114938967758,1537772.507936508,0.0,0.0,5.0,0.0,0.0,0.0,585,0.0,1.0,1.0,0.0,0,nothing,0.0,51.367967431659125,-0.05384809556246182,16992.45047691073
88194ac257fffff,0.0,0.0,0.0,0.0,0.0,0.0,0.0,0.0,0.0,0.0,0.0,0.0,17843.378833100644,65545.77777777778,0.0,0.0,4.0,0.0,0.0,6268.221574344023,590,0.0,0.0,0.0,0.0,0,nothing,0.0,51.36020470457549,-0.04961171630525255,16992.61568192233
88194ac259fffff,0.0,0.0,0.0,5.0,1.0,0.0,0.0,0.0,4.0,0.0,0.0,0.0,0.0,138178.54545454547,0.0,1.0,12.0,0.0,0.0,0.0,550,0.0,2.0,8.0,0.0,0,nothing,0.0,51.37154945708453,-0.03378127421759634,16991.036741756394
88194ac25bfffff,0.0,0.0,0.0,0.0,0.0,0.0,0.0,0.0,1.0,0.0,0.0,0.0,0.0,1067516.0,0.0,2.0,2.0,0.0,0.0,0.0,555,0.0,1.0,0.0,0.0,0,nothing,0.0,51.36378685841757,-0.029548081474502462,16991.201816208442
88194ac25dfffff,0.0,0.0,0.0,13.0,6.0,0.0,0.0,1.0,42.0,0.0,0.0,0.0,0.0,2824876.8095238092,0.0,9.0,13.0,0.0,0.0,0.0,566,1.0,0.0,6.0,0.0,0,nothing,0.0,51.373640146677104,-0.04593244481522109,16991.660917416513
88194ac261fffff,0.0,0.0,1.0,5.0,2.0,1.0,0.0,0.0,26.0,0.0,1.0,0.0,945439.7584188497,5022838.002110389,0.0,16.0,13.0,0.0,0.0,0.0,626,1.0,0.0,2.0,0.0,0,nothing,0.0,51.38199213932996,-0.09455874056630811,16994.156998245548
88194ac263fffff,1.0,0.0,1.0,59.0,2.0,0.0,0.0,0.0,56.0,0.0,9.0,0.0,602949.3440579687,7091300.644056638,0.0,51.0,23.0,1.0,0.0,0.0,630,6.0,45.0,5.0,0.0,0,nothing,2.0,51.37423021911842,-0.09031432279731132,16994.323002044413
88194ac265fffff,0.0,0.0,2.0,2.0,1.0,6.0,0.0,1.0,38.0,0.0,1.0,0.0,213572.0354743328,3515297.727011183,0.0,19.0,8.0,0.0,0.0,0.0,642,0.0,0.0,7.0,2.0,0,nothing,1.0,51.384077443110996,-0.10672071525232926,16994.78086240628
88194ac267fffff,0.0,0.0,2.0,24.0,5.0,0.0,0.0,8.0,107.0,0.0,16.0,0.0,2585761.127626123,10605983.193371212,0.0,51.0,41.0,1.0,0.0,0.0,646,10.0,9.0,14.0,1.0,0,nothing,1.0,51.37631565993559,-0.10247405143066864,16994.947052368796
88194ac269fffff,0.0,0.0,1.0,2.0,0.0,0.0,0.0,0.0,6.0,0.0,0.0,0.0,52510.98510170085,1892529.4941919192,0.0,7.0,10.0,0.0,0.0,0.0,608,0.0,2.0,4.0,0.0,0,nothing,0.0,51.38766741448929,-0.08664240207205484,16993.36701290567
88194ac26bfffff,0.0,0.0,1.0,18.0,3.0,0.0,0.0,0.0,59.0,0.0,2.0,0.0,167490.9452919844,2947991.8575757574,0.0,10.0,12.0,0.0,0.0,0.0,612,0.0,0.0,7.0,0.0,0,nothing,0.0,51.379905757205535,-0.08239892566023968,16993.53307154739
88194ac26dfffff,0.0,0.0,0.0,2.0,0.0,16.0,1.0,0.0,10.0,0.0,2.0,0.0,255390.28100039577,2706649.4208082096,0.0,17.0,11.0,0.0,0.0,0.0,623,0.0,0.0,4.0,0.0,0,nothing,0.0,51.38975365968842,-0.0988044633552673,16993.990753490973
88194ac28dfffff,0.0,0.0,0.0,0.0,0.0,0.0,0.0,0.0,0.0,0.0,0.0,0.0,0.0,47344.0,0.0,0.0,0.0,0.0,0.0,0.0,644,0.0,0.0,0.0,0.0,0,nothing,0.0,51.3177981488321,-0.04849802429084634,16994.85286197431
88194ac2a1fffff,0.0,0.0,0.0,0.0,0.0,0.0,0.0,0.0,0.0,0.0,0.0,0.0,0.0,6876.0,1.0,0.0,0.0,0.0,0.0,0.0,698,0.0,0.0,0.0,0.0,1,Public use,0.0,51.30852725104058,-0.07645444186718835,16997.057567055228
88194ac2a5fffff,0.0,0.0,0.0,0.0,0.0,0.0,0.0,0.0,2.0,0.0,0.0,0.0,0.0,41638.0,0.0,0.0,2.0,0.0,0.0,0.0,714,0.0,4.0,1.0,0.0,0,nothing,0.0,51.31061176050057,-0.08859829730646862,16997.683167243453
88194ac2adfffff,0.0,0.0,0.0,0.0,0.0,0.0,0.0,0.0,7.0,0.0,0.0,0.0,390917.23090979585,63030.0,0.0,0.0,2.0,0.0,0.0,0.0,694,0.0,1.0,0.0,0.0,0,nothing,0.0,51.316292484093815,-0.08069161976157953,16996.89336350908
88194ac2c9fffff,0.0,0.0,0.0,0.0,0.0,0.0,0.0,0.0,0.0,0.0,0.0,0.0,43315.09659285318,0.0,0.0,0.0,0.0,0.0,0.0,0.0,587,0.0,0.0,0.0,0.0,0,nothing,0.0,51.33482385000752,-0.024768271775080508,16992.484808956382
88194ac2cdfffff,0.0,0.0,0.0,0.0,0.0,0.0,0.0,0.0,0.0,0.0,0.0,0.0,0.0,0.0,0.0,0.0,1.0,0.0,0.0,0.0,602,0.0,0.0,0.0,0.0,0,nothing,0.0,51.3369141364609,-0.03691038767428222,16993.10985093402
88194ac2e1fffff,0.0,0.0,0.0,0.0,0.0,0.0,0.0,0.0,0.0,0.0,0.0,0.0,218749.2846229067,17216.0,0.0,0.0,4.0,0.0,0.0,0.0,656,0.0,0.0,2.0,0.0,0,nothing,0.0,51.327650322572445,-0.06487519054053732,16995.31396075772
88194ac2e3fffff,0.0,0.0,1.0,8.0,0.0,0.0,0.0,0.0,12.0,0.0,0.0,0.0,0.0,194756.0,0.0,0.0,3.0,0.0,0.0,0.0,660,1.0,0.0,2.0,0.0,0,nothing,0.0,51.31988561420894,-0.06063989238619145,16995.478275863275
88194ac2e5fffff,0.0,0.0,1.0,1.0,1.0,0.0,0.0,0.0,3.0,0.0,2.0,0.0,444353.50962387846,0.0,0.0,3.0,5.0,0.0,0.0,0.0,671,1.0,0.0,4.0,0.0,0,nothing,0.0,51.32973657851715,-0.07702145697550652,16995.939127065434
88194ac2e7fffff,0.0,0.0,0.0,0.0,0.0,0.0,0.0,0.0,0.0,0.0,0.0,0.0,0.0,0.0,0.0,0.0,1.0,0.0,0.0,0.0,675,0.0,0.0,0.0,0.0,0,nothing,0.0,51.32197200482739,-0.07278391747224776,16996.103628000907
88194ac2e9fffff,0.0,0.0,0.0,0.0,0.0,0.0,0.0,0.0,0.0,0.0,0.0,0.0,11546.994655490773,828070.0,0.0,0.0,2.0,0.0,0.0,0.0,636,0.0,0.0,1.0,0.0,0,nothing,0.0,51.33332743720025,-0.05696543906873804,16994.524361818265
88194ac2ebfffff,0.0,0.0,0.0,0.0,0.0,0.0,0.0,0.0,1.0,0.0,0.0,0.0,0.0,96840.0,0.0,0.0,0.0,0.0,0.0,0.0,640,0.0,0.0,0.0,0.0,0,nothing,0.0,51.32556299142159,-0.05273108144512258,16994.688732600287
88194ac2edfffff,0.0,0.0,0.0,0.0,0.0,0.0,0.0,0.0,0.0,0.0,0.0,0.0,11291.99120822364,73119.88333333333,0.0,0.0,2.0,0.0,0.0,0.0,651,0.0,0.0,0.0,0.0,0,nothing,0.0,51.33541463378796,-0.06911178983554848,16995.14940419618
88194ac301fffff,0.0,0.0,0.0,5.0,2.0,0.0,0.0,0.0,31.0,0.0,1.0,0.0,966576.8364025996,214090.35714285716,0.0,20.0,13.0,1.0,0.0,0.0,727,0.0,20.0,6.0,0.0,0,nothing,0.0,51.3789651821792,-0.1590484770334245,16998.233244178347
88194ac303fffff,0.0,0.0,0.0,6.0,0.0,0.0,1.0,0.0,17.0,0.0,0.0,0.0,1367658.2360853222,3279259.226190476,0.0,13.0,9.0,0.0,0.0,0.0,732,0.0,6.0,5.0,0.0,0,nothing,0.0,51.371203288313524,-0.15479319418376825,16998.39988373724
88194ac305fffff,0.0,0.0,1.0,7.0,3.0,0.0,0.0,1.0,21.0,0.0,0.0,0.0,95583.80983554364,890153.2361111111,0.0,2.0,12.0,0.0,0.0,0.0,744,0.0,0.0,9.0,1.0,0,nothing,0.0,51.38104428262216,-0.1712189038364957,16998.85710407245
88194ac307fffff,0.0,0.0,1.0,12.0,5.0,1.0,0.0,0.0,34.0,0.0,0.0,0.0,2265263.9463542625,2986100.40952381,0.0,18.0,11.0,0.0,0.0,0.0,748,1.0,1.0,5.0,0.0,0,nothing,0.0,51.37328252780932,-0.16696137419885362,16999.02393028983
88194ac309fffff,0.0,0.0,0.0,2.0,0.0,0.0,0.0,0.0,4.0,0.0,0.0,0.0,231087.4107469342,0.0,4.0,1.0,2.0,0.0,0.0,3206.997084548105,708,0.0,2.0,0.0,0.0,1,Public use,0.0,51.384646632448884,-0.1511345498593149,16997.442626893666
88194ac30bfffff,0.0,0.0,0.0,1.0,0.0,0.0,0.0,0.0,2.0,0.0,0.0,0.0,36026.8272427198,0.0,0.0,1.0,1.0,0.0,0.0,0.0,712,0.0,0.0,0.0,0.0,0,nothing,0.0,51.376885000748906,-0.146880206180492,16997.60932122849
88194ac30dfffff,0.0,0.0,0.0,0.0,1.0,0.0,0.0,0.0,7.0,0.0,0.0,0.0,532411.4159992539,755710.6666666666,5.0,4.0,7.0,0.0,0.0,4008.746355685131,723,0.0,1.0,5.0,0.0,1,Public use,0.0,51.38672667493713,-0.1633050678269557,16998.06636323609
88194ac311fffff,0.0,0.0,0.0,7.0,2.0,4.0,0.0,0.0,29.0,0.0,3.0,0.0,137479.07670327259,3361308.21875,0.0,14.0,7.0,0.0,0.0,0.0,720,0.0,2.0,8.0,0.0,0,nothing,0.0,51.36136053542699,-0.1383754400824073,16997.9419858179
88194ac313fffff,0.0,0.0,0.0,3.0,2.0,0.0,0.0,1.0,5.0,0.0,1.0,0.0,92489.80544137378,800285.6257575757,0.0,10.0,9.0,0.0,0.0,0.0,724,2.0,2.0,5.0,0.0,0,nothing,0.0,51.35359770257865,-0.13412501655221906,16998.10795592852
88194ac315fffff,0.0,0.0,0.0,15.0,1.0,5.0,0.0,0.0,50.0,0.0,3.0,0.0,1036162.0814504522,4697341.616666666,0.0,15.0,10.0,1.0,0.0,0.0,736,3.0,1.0,6.0,0.0,0,nothing,0.0,51.363440993726954,-0.1505392187221309,16998.566281840656
88194ac317fffff,0.0,0.0,0.0,20.0,6.0,9.0,0.0,0.0,95.0,0.0,6.0,0.0,645629.1823438919,3857051.5340367965,0.0,28.0,13.0,0.0,0.0,0.0,740,3.0,1.0,7.0,0.0,0,nothing,0.0,51.355678298806374,-0.14628655009297453,16998.732438416562
88194ac319fffff,0.0,0.0,0.0,2.0,0.0,4.0,0.0,0.0,7.0,0.0,0.0,0.0,0.0,6166003.700757575,0.0,13.0,9.0,0.0,0.0,21137.026239067054,701,0.0,0.0,3.0,0.0,0,nothing,0.0,51.36704156829672,-0.13046330149176927,16997.151601879123
88194ac31bfffff,0.0,0.0,0.0,0.0,1.0,3.0,0.0,0.0,4.0,0.0,1.0,0.0,371195.67622471426,3548021.9545454546,0.0,11.0,12.0,0.0,0.0,1166.1807580174927,705,0.0,1.0,4.0,0.0,0,nothing,0.0,51.3592789976273,-0.12621381722544883,16997.317627055385
88194ac31dfffff,0.0,0.0,0.0,0.0,0.0,1.0,0.0,1.0,0.0,0.0,0.0,0.0,88796.24738274721,2925255.1666666665,0.0,5.0,5.0,0.0,0.0,0.0,716,0.0,0.0,3.0,0.0,0,nothing,0.0,51.369122968279356,-0.14262716977339104,16997.775774227237
88194ac321fffff,0.0,0.0,0.0,0.0,0.0,0.0,0.0,0.0,12.0,0.0,0.0,0.0,569459.3020816562,2045224.3913329726,2.0,4.0,6.0,0.0,0.0,1603.4985422740524,780,0.0,0.0,2.0,0.0,1,Public use,0.0,51.37743776282631,-0.19130419894232256,17000.27183404522
88194ac323fffff,0.0,0.0,0.0,3.0,3.0,1.0,0.0,0.0,14.0,0.0,1.0,0.0,310551.3825311492,1573217.3142857144,0.0,9.0,13.0,0.0,0.0,0.0,784,0.0,0.0,9.0,1.0,0,nothing,0.0,51.369675885730594,-0.18704348409807206,17000.438792277342
88194ac325fffff,0.0,0.0,0.0,1.0,0.0,1.0,0.0,0.0,6.0,0.0,0.0,0.0,2782612.2295584506,2169289.5522186146,4.0,9.0,9.0,0.0,0.0,4008.746355685131,796,0.0,0.0,4.0,0.0,1,Public use,0.0,51.37951375716787,-0.20347884261784394,17000.895691009024
88194ac327fffff,0.0,0.0,0.0,14.0,1.0,0.0,1.0,0.0,35.0,1.0,2.0,0.0,724738.0750372406,4957298.083928572,0.0,7.0,23.0,1.0,0.0,0.0,800,2.0,2.0,4.0,0.0,0,nothing,0.0,51.37175202013397,-0.19921588062427115,17001.0628361476
88194ac329fffff,0.0,0.0,0.0,8.0,4.0,0.0,0.0,0.0,17.0,0.0,0.0,0.0,1974406.2053537567,2837021.629671717,3.0,6.0,13.0,0.0,0.0,2405.247813411079,759,0.0,0.0,4.0,0.0,1,Public use,0.0,51.383122301487816,-0.18339148606416344,16999.480900791397
88194ac32bfffff,0.0,0.0,0.0,4.0,1.0,0.0,0.0,0.0,11.0,0.0,0.0,0.0,135438.88107135,3737001.8000000003,0.0,2.0,11.0,0.0,0.0,0.0,763,1.0,0.0,5.0,0.0,0,nothing,1.0,51.375360686176855,-0.179131709293703,16999.647913765646
88194ac32dfffff,0.0,0.0,1.0,0.0,0.0,0.0,0.0,0.0,10.0,0.0,0.0,0.0,386374.5634111351,3637730.8005050505,1.0,16.0,8.0,0.0,0.0,801.7492711370262,775,0.0,1.0,3.0,0.0,1,Public use,0.0,51.3851992381862,-0.19556622318998865,17000.104634215724
88194ac331fffff,0.0,0.0,1.0,19.0,4.0,0.0,0.0,0.0,72.0,0.0,2.0,0.0,37048.88414727598,2957123.6166666667,0.0,4.0,10.0,1.0,0.0,0.0,772,2.0,1.0,8.0,2.0,0,nothing,1.0,51.35983625174978,-0.17061608139175072,16999.981214991545
88194ac333fffff,0.0,0.0,0.0,5.0,1.0,1.0,0.0,0.0,17.0,0.0,3.0,0.0,87308.87908748134,407275.56904761906,0.0,14.0,15.0,0.0,0.0,0.0,776,0.0,2.0,8.0,0.0,0,nothing,1.0,51.35207343340778,-0.1663602291485628,17000.14750309883
88194ac335fffff,0.0,0.0,0.0,9.0,1.0,1.0,0.0,0.0,28.0,0.0,0.0,0.0,1289848.695736742,3010380.7795454543,0.0,11.0,14.0,0.0,0.0,0.0,788,1.0,2.0,8.0,1.0,0,nothing,0.0,51.361913607286176,-0.18278407810098035,17000.605508839748
88194ac337fffff,0.0,0.0,0.0,0.0,1.0,0.0,0.0,0.0,0.0,0.0,1.0,0.0,12023.641059911655,1854653.0000000002,0.0,0.0,6.0,0.0,0.0,0.0,792,0.0,0.0,9.0,0.0,0,nothing,0.0,51.35415092788023,-0.17852598039512466,17000.77198366022
88194ac339fffff,0.0,0.0,0.0,19.0,1.0,4.0,0.0,1.0,28.0,0.0,3.0,0.0,701354.5771356323,4098026.2976190476,1.0,13.0,12.0,1.0,0.0,0.0,752,1.0,2.0,13.0,0.0,1,Public use,0.0,51.36552037193737,-0.16270515262110039,16999.190515004397
88194ac33bfffff,0.0,0.0,1.0,1.0,0.0,0.0,0.0,0.0,6.0,0.0,0.0,0.0,155965.76759458455,1566038.2592532467,0.0,17.0,10.0,0.0,0.0,0.0,756,0.0,1.0,6.0,0.0,0,nothing,0.0,51.35775781539331,-0.15845023854745313,16999.35685814401
88194ac33dfffff,0.0,0.0,0.0,5.0,1.0,0.0,0.0,0.0,19.0,0.0,2.0,0.0,9404.344316374687,2823407.9166666665,0.0,5.0,7.0,0.0,0.0,0.0,768,0.0,0.0,5.0,1.0,0,nothing,0.0,51.3675986694685,-0.17487324125488363,16999.814685189765
88194ac341fffff,0.0,0.0,0.0,0.0,0.0,0.0,0.0,0.0,8.0,0.0,0.0,0.0,95982.80738012584,5133628.632910053,0.0,5.0,8.0,0.0,0.0,0.0,684,0.0,6.0,4.0,0.0,0,nothing,0.0,51.39808784665929,-0.1474743045537616,16996.485088287016
88194ac343fffff,0.0,0.0,0.0,0.0,0.0,0.0,0.0,0.0,2.0,0.0,0.0,0.0,0.0,3264952.8333333335,0.0,3.0,8.0,0.0,0.0,0.0,688,0.0,0.0,1.0,0.0,0,nothing,0.0,51.39032687848928,-0.14321959277742788,16996.65207847409
88194ac345fffff,0.0,0.0,0.0,3.0,0.0,0.0,0.0,0.0,6.0,0.0,0.0,0.0,753634.1382406376,5710542.077733385,0.0,15.0,13.0,0.0,0.0,0.0,700,0.0,5.0,4.0,0.0,0,nothing,0.0,51.40016869199305,-0.15964716125597989,16997.10851450427
88194ac347fffff,0.0,0.0,0.0,0.0,0.0,0.0,0.0,0.0,3.0,0.0,0.0,0.0,297499.0408425173,6186007.831276455,0.0,7.0,7.0,1.0,0.0,0.0,704,1.0,1.0,2.0,0.0,0,nothing,0.0,51.39240786299251,-0.15539020136576026,16997.275691294864
88194ac349fffff,0.0,0.0,0.0,3.0,1.0,0.0,0.0,0.0,19.0,0.0,1.0,0.0,87760.41157257145,2664912.298160173,0.0,7.0,12.0,0.0,0.0,0.0,665,0.0,0.0,4.0,0.0,0,nothing,0.0,51.40376662580856,-0.1395573774920091,16995.694554250735
88194ac34bfffff,0.0,0.0,0.0,1.0,1.0,0.0,0.0,0.0,11.0,0.0,0.0,0.0,0.0,2422783.0,0.0,2.0,4.0,0.0,0.0,0.0,669,1.0,1.0,5.0,0.0,0,nothing,0.0,51.396005920171476,-0.13530360588884466,16995.86159895788
88194ac34dfffff,0.0,0.0,1.0,1.0,0.0,0.0,0.0,0.0,5.0,0.0,0.0,0.0,243236.4631775778,1709924.0192279941,0.0,34.0,12.0,1.0,0.0,0.0,680,0.0,11.0,3.0,0.0,0,nothing,0.0,51.405848413237784,-0.15173032459746763,16996.31785702745
88194ac351fffff,0.0,0.0,0.0,7.0,1.0,0.0,0.0,1.0,10.0,0.0,1.0,0.0,31782557.8554566,1777695.0833333333,7.0,24.0,14.0,0.0,0.0,3976.67638483965,677,0.0,0.0,4.0,0.0,1,Public use,0.0,51.38048330552388,-0.12679998490983377,16996.194965223884
88194ac353fffff,0.0,0.0,0.0,1.0,0.0,3.0,0.0,0.0,18.0,0.0,0.0,0.0,17362190.105678923,3389176.1273809522,6.0,9.0,4.0,0.0,0.0,39825.07288629738,681,2.0,2.0,3.0,0.0,1,Public use,0.0,51.37272139728652,-0.12255013442225622,16996.36128663868
88194ac355fffff,0.0,0.0,0.0,0.0,0.0,0.0,0.0,0.0,1.0,0.0,0.0,0.0,1976394.478582861,172935.0,6.0,4.0,5.0,0.0,0.0,4810.495626822158,692,0.0,0.0,0.0,1.0,1,Public use,0.0,51.38256550911441,-0.13896618871223518,16996.81882751651
88194ac357fffff,0.0,0.0,0.0,2.0,1.0,1.0,0.0,0.0,4.0,0.0,0.0,0.0,8768062.434891613,5423054.166666667,1.0,4.0,4.0,0.0,0.0,4008.746355685131,696,3.0,2.0,3.0,0.0,1,Public use,0.0,51.37480373892133,-0.13471409180224797,16996.98533534219
88194ac359fffff,0.0,0.0,0.0,4.0,2.0,0.0,0.0,0.0,19.0,0.0,0.0,0.0,1345477.7500871888,5528489.401388888,0.0,22.0,13.0,0.0,0.0,0.0,658,0.0,0.0,7.0,0.0,0,nothing,0.0,51.38616166795817,-0.11888484919750954,16995.404663910645
88194ac35bfffff,0.0,0.0,0.0,0.0,0.0,0.0,0.0,0.0,9.0,0.0,1.0,0.0,1921066.0221653709,2721512.003472222,5.0,14.0,11.0,0.0,0.0,15918.367346938776,662,1.0,4.0,2.0,0.0,1,Public use,0.0,51.37840002226752,-0.11463593897524195,16995.571040134946
88194ac35dfffff,0.0,0.0,0.0,0.0,0.0,0.0,0.0,0.0,4.0,0.0,0.0,0.0,254780.4150244286,4788321.333333333,0.0,11.0,14.0,0.0,0.0,0.0,673,1.0,0.0,2.0,0.0,0,nothing,0.0,51.388244813281055,-0.1310511418801394,16996.028402639622
88194ac361fffff,0.0,0.0,0.0,3.0,1.0,0.0,0.0,0.0,12.0,1.0,1.0,0.0,355004.70521530585,4409532.819444444,0.0,16.0,15.0,0.0,0.0,0.0,735,0.0,1.0,5.0,0.0,0,nothing,0.0,51.39656658752284,-0.17973788951591038,16998.52272741815
88194ac363fffff,0.0,0.0,0.0,2.0,0.0,0.0,0.0,1.0,8.0,0.0,0.0,0.0,149864.6575909978,1419244.5762698413,2.0,13.0,8.0,0.0,0.0,1603.4985422740524,740,0.0,1.0,3.0,0.0,1,Public use,0.0,51.38880563598898,-0.1754777420900639,16998.690036424454
88194ac365fffff,0.0,0.0,0.0,20.0,3.0,0.0,0.0,1.0,58.0,0.0,1.0,0.0,1987544.7584193149,6514174.278935185,1.0,40.0,18.0,0.0,1.0,0.0,750,3.0,9.0,6.0,3.0,1,Public use,0.0,51.39864432636949,-0.19191496802556565,16999.146150481854
88194ac367fffff,0.0,0.0,0.0,0.0,1.0,0.0,0.0,0.0,0.0,0.0,0.0,0.0,331320.6829505796,1594356.6851851852,0.0,12.0,17.0,0.0,0.0,0.0,755,0.0,0.0,3.0,1.0,0,nothing,0.0,51.39088351501436,-0.18765257212259165,16999.313646339335
88194ac369fffff,0.0,0.0,1.0,1.0,1.0,0.0,0.0,0.0,22.0,0.0,2.0,0.0,26516.089511421094,5593268.98737013,2.0,26.0,11.0,0.0,0.0,1603.4985422740524,715,0.0,0.0,7.0,0.0,1,Public use,1.0,51.40224845558238,-0.17182217547031997,16997.73187749036
88194ac36bfffff,0.0,0.0,0.0,1.0,1.0,0.0,0.0,0.0,9.0,0.0,1.0,0.0,189169.88047885487,4498216.305833333,4.0,12.0,4.0,0.0,0.0,4008.746355685131,719,3.0,0.0,2.0,0.0,1,Public use,0.0,51.39448776620044,-0.1675629671204627,16997.89924098267
88194ac36dfffff,0.0,0.0,0.0,1.0,1.0,0.0,0.0,0.0,14.0,0.0,0.0,0.0,104786.07654264361,5167109.847222222,2.0,0.0,9.0,0.0,0.0,1603.4985422740524,731,0.0,10.0,2.0,0.0,1,Public use,0.0,51.40432713683688,-0.18399934667067358,16998.35517712589
88194ac843fffff,0.0,0.0,0.0,0.0,0.0,0.0,0.0,0.0,0.0,0.0,0.0,0.0,0.0,41038.666666666664,0.0,0.0,0.0,0.0,0.0,0.0,990,0.0,0.0,0.0,0.0,0,nothing,0.0,51.325145682346964,-0.3391652930676066,17012.102086911695
88194ac849fffff,0.0,0.0,0.0,0.0,0.0,0.0,0.0,0.0,0.0,0.0,0.0,0.0,0.0,0.0,1.0,0.0,0.0,0.0,0.0,384.8396501457726,983,0.0,0.0,0.0,0.0,1,Public use,0.0,51.3386115458486,-0.3355470424044383,17011.142191142164
88194ac84bfffff,0.0,0.0,0.0,1.0,0.0,0.0,0.0,0.0,3.0,0.0,0.0,0.0,85541.5371894973,2564916.6666666665,3.0,0.0,0.0,0.0,0.0,1539.3586005830905,985,0.0,0.0,0.0,0.0,1,Public use,0.0,51.3308481729552,-0.33126443461272737,17011.309779300285
88194ac85dfffff,0.0,0.0,0.0,0.0,0.0,0.0,0.0,0.0,0.0,0.0,0.0,0.0,85541.5371894973,2708552.0,0.0,0.0,0.0,0.0,0.0,0.0,987,0.0,0.0,0.0,0.0,0,nothing,0.0,51.32308439712068,-0.326983140709752,17011.477124423032
88194aca01fffff,0.0,0.0,0.0,0.0,0.0,0.0,0.0,0.0,0.0,0.0,0.0,0.0,0.0,380344.60909090907,2.0,0.0,1.0,0.0,0.0,1603.4985422740524,946,0.0,0.0,0.0,0.0,1,Public use,0.0,51.3536461054022,-0.2996506528284534,17008.14123537826
88194aca03fffff,0.0,0.0,0.0,0.0,0.0,0.0,0.0,0.0,0.0,0.0,0.0,0.0,0.0,0.0,2.0,0.0,0.0,0.0,0.0,1603.4985422740524,948,0.0,0.0,0.0,0.0,1,Public use,0.0,51.34588336907025,-0.29537308955374886,17008.30880077631
88194aca05fffff,0.0,0.0,0.0,0.0,1.0,0.0,0.0,0.0,2.0,0.0,0.0,0.0,2529072.666090116,0.0,0.0,4.0,10.0,1.0,0.0,0.0,955,0.0,0.0,1.0,0.0,0,nothing,0.0,51.35571102041035,-0.3118354604244242,17008.765515196385
88194aca07fffff,0.0,0.0,0.0,0.0,0.0,0.0,0.0,0.0,0.0,0.0,0.0,0.0,337127.984481778,990128.0,1.0,1.0,0.0,0.0,0.0,801.7492711370262,958,0.0,0.0,0.0,0.0,1,Public use,0.0,51.34794842705173,-0.30755565027425597,17008.93326830284
88194aca09fffff,0.0,0.0,0.0,0.0,0.0,0.0,0.0,0.0,3.0,0.0,1.0,0.0,14062.518221658447,771270.18,3.0,3.0,6.0,0.0,0.0,2405.247813411079,933,0.0,4.0,4.0,0.0,1,Public use,0.0,51.359342580359396,-0.29174462087910547,17007.349271221992
88194aca0dfffff,0.0,0.0,0.0,2.0,0.0,0.0,0.0,0.0,14.0,0.0,0.0,0.0,108636.21527164475,3711185.5109090907,0.0,9.0,12.0,1.0,0.0,0.0,943,1.0,0.0,5.0,0.0,0,nothing,0.0,51.36140843859681,-0.3039295295436165,17007.9734274266
88194aca21fffff,0.0,0.0,0.0,0.0,0.0,0.0,0.0,0.0,1.0,0.0,0.0,0.0,0.0,0.0,0.0,0.0,0.0,0.0,0.0,0.0,974,0.0,0.0,0.0,0.0,0,nothing,0.0,51.352075283734045,-0.3319272069748858,17010.18201104122
88194aca23fffff,0.0,0.0,0.0,0.0,0.0,0.0,0.0,0.0,0.0,0.0,0.0,0.0,29140420.224145852,1151811.0833333333,5.0,1.0,0.0,0.0,0.0,5163.265306122449,976,0.0,0.0,0.0,0.0,1,Public use,0.0,51.34431257390467,-0.3276442169523636,17010.349897092772
88194aca29fffff,0.0,0.0,0.0,0.0,0.0,0.0,0.0,0.0,1.0,0.0,0.0,0.0,0.0,0.0,0.0,0.0,0.0,0.0,0.0,0.0,964,0.0,0.0,0.0,0.0,0,nothing,0.0,51.35777484873793,-0.32402241362332745,17009.38973085078
88194aca2bfffff,0.0,0.0,0.0,5.0,0.0,0.0,0.0,0.0,12.0,0.0,0.0,0.0,43983903.65970082,1473610.8333333335,0.0,0.0,3.0,0.0,0.0,0.0,967,0.0,1.0,0.0,0.0,0,nothing,0.0,51.350012398802484,-0.3197403562598728,17009.557671764633
88194aca31fffff,0.0,0.0,0.0,1.0,0.0,0.0,0.0,0.0,0.0,0.0,0.0,0.0,0.0,1552770.3,0.0,0.0,0.0,0.0,0.0,0.0,971,0.0,1.0,0.0,0.0,0,nothing,0.0,51.33448628903689,-0.3111801836424885,17009.892825355306
88194aca35fffff,0.0,0.0,0.0,0.0,0.0,0.0,0.0,0.0,1.0,0.0,0.0,0.0,0.0,642914.0,1.0,1.0,2.0,0.0,0.0,384.8396501457726,978,0.0,0.0,0.0,0.0,1,Public use,0.0,51.33654946069663,-0.32336254126395647,17010.51754030252
88194aca37fffff,0.0,0.0,0.0,0.0,0.0,0.0,0.0,0.0,0.0,0.0,0.0,0.0,0.0,1477392.0,0.0,0.0,0.0,0.0,0.0,0.0,980,0.0,0.0,0.0,0.0,0,nothing,0.0,51.328785944498286,-0.31908217935259325,17010.68494059745
88194aca39fffff,0.0,0.0,0.0,0.0,0.0,0.0,0.0,0.0,0.0,0.0,0.0,0.0,0.0,2099930.9,0.0,0.0,0.0,0.0,0.0,0.0,960,0.0,0.0,0.0,0.0,0,nothing,0.0,51.34018543060474,-0.3032771536769757,17009.100778735363
88194aca3bfffff,0.0,0.0,0.0,0.0,0.0,0.0,0.0,0.0,0.0,0.0,0.0,0.0,0.0,407140.6,0.0,0.0,0.0,0.0,0.0,0.0,962,0.0,0.0,0.0,0.0,0,nothing,0.0,51.332422031457554,-0.2989999700756048,17009.268046421035
88194aca3dfffff,0.0,0.0,0.0,0.0,0.0,0.0,0.0,0.0,1.0,0.0,0.0,0.0,22885844.646736138,4651690.905555556,2.0,2.0,4.0,0.0,0.0,1603.4985422740524,969,0.0,0.0,1.0,0.0,1,Public use,0.0,51.34224954543938,-0.31545961311864434,17009.72536995714
88194aca41fffff,0.0,0.0,0.0,0.0,0.0,0.0,0.0,0.0,5.0,0.0,0.0,0.0,434783.2247484962,19470919.49736842,0.0,7.0,5.0,0.0,0.0,0.0,916,0.0,1.0,4.0,0.0,0,nothing,0.0,51.372799664180405,-0.28811456303742433,17006.38945843653
88194aca43fffff,0.0,0.0,0.0,0.0,0.0,0.0,0.0,0.0,1.0,0.0,0.0,0.0,12146.326026575269,233861.54545454544,3.0,1.0,2.0,0.0,0.0,2405.247813411079,919,1.0,9.0,1.0,0.0,1,Public use,0.0,51.36503785179216,-0.2838375545242274,17006.55737587258
88194aca45fffff,0.0,0.0,0.0,4.0,1.0,0.0,0.0,1.0,19.0,0.0,1.0,0.0,1113600.209548679,12664199.600189393,1.0,24.0,4.0,0.0,0.0,0.0,928,0.0,0.0,6.0,0.0,1,Public use,0.0,51.37486632252752,-0.3003018204366189,17007.013303405263
88194aca47fffff,0.0,0.0,1.0,2.0,1.0,0.0,0.0,0.0,10.0,0.0,0.0,0.0,101023.9263836347,3390893.059090909,0.0,9.0,5.0,0.0,0.0,0.0,930,2.0,0.0,4.0,0.0,0,nothing,0.0,51.36710465323054,-0.29602256371528346,17007.181408493823
88194aca49fffff,0.0,0.0,0.0,5.0,1.0,0.0,0.0,0.0,37.0,0.0,1.0,0.0,1197352.4253886603,11399544.335726816,0.0,48.0,14.0,1.0,0.0,0.0,901,0.0,1.0,8.0,0.0,0,nothing,0.0,51.37849347131543,-0.2802055276081879,17005.597577293163
88194aca4bfffff,0.0,0.0,0.0,0.0,0.0,0.0,0.0,0.0,1.0,0.0,0.0,0.0,0.0,3203869.1725146202,2.0,1.0,0.0,0.0,0.0,1603.4985422740524,904,0.0,0.0,0.0,0.0,1,Public use,0.0,51.37073191956946,-0.2759294538620792,17005.76554936853
88194aca4dfffff,0.0,0.0,0.0,0.0,0.0,0.0,0.0,0.0,1.0,0.0,0.0,0.0,620.1316671234066,4588565.778964646,0.0,17.0,7.0,0.0,0.0,0.0,913,0.0,0.0,5.0,0.0,0,nothing,2.0,51.38056107294579,-0.29239288532294855,17006.221298760265
88194aca61fffff,0.0,0.0,0.0,0.0,0.0,0.0,0.0,0.0,0.0,0.0,0.0,0.0,0.0,1000400.0,0.0,0.0,0.0,0.0,0.0,0.0,950,0.0,0.0,0.0,0.0,0,nothing,0.0,51.37123499630973,-0.3203990236125422,17008.42928125367
88194aca63fffff,0.0,0.0,0.0,0.0,0.0,0.0,0.0,0.0,1.0,0.0,1.0,0.0,10054.53165041768,795960.0,0.0,1.0,4.0,0.0,0.0,0.0,953,0.0,0.0,2.0,1.0,0,nothing,0.0,51.363473210292405,-0.3161165846846724,17008.597519488972
88194aca69fffff,0.0,0.0,0.0,0.0,0.0,0.0,0.0,0.0,0.0,0.0,0.0,0.0,88410.86038288989,7533170.278282829,0.0,0.0,0.0,0.0,0.0,0.0,938,0.0,0.0,0.0,0.0,0,nothing,0.0,51.37693189402176,-0.3124912255247317,17007.637084154427
88194aca6bfffff,0.0,0.0,0.0,7.0,1.0,0.0,0.0,1.0,26.0,0.0,0.0,0.0,115882.18250706435,6917325.027146464,0.0,7.0,9.0,0.0,0.0,0.0,941,1.0,0.0,5.0,0.0,0,nothing,0.0,51.36917036826602,-0.308209720256516,17007.805376994304
88194ad001fffff,0.0,0.0,0.0,0.0,1.0,0.0,0.0,0.0,54.0,0.0,0.0,0.0,12951.915825591599,389268.0833333333,0.0,21.0,17.0,0.0,0.0,0.0,444,0.0,1.0,7.0,0.0,0,nothing,0.0,51.458395854331464,-0.04815981196713571,16987.170882795905
88194ad003fffff,1.0,0.0,0.0,14.0,1.0,0.0,0.0,0.0,41.0,0.0,1.0,0.0,97488.51297604208,738907.4393939393,0.0,22.0,13.0,1.0,0.0,0.0,449,0.0,6.0,9.0,0.0,0,nothing,0.0,51.450637645275684,-0.04391771781823074,16987.338283021156
88194ad005fffff,0.0,0.0,1.0,2.0,1.0,1.0,3.0,0.0,60.0,0.0,0.0,0.0,44813.565924716415,3165496.662202381,0.0,23.0,14.0,0.0,0.0,0.0,461,1.0,91.0,5.0,0.0,0,nothing,0.0,51.460488140606394,-0.06033146549918735,16987.793015693907
88194ad007fffff,0.0,0.0,0.0,0.0,0.0,0.0,0.0,0.0,17.0,0.0,2.0,0.0,0.0,2030756.0952380951,0.0,7.0,11.0,0.0,0.0,0.0,465,1.0,22.0,4.0,0.0,0,nothing,0.0,51.452730069049935,-0.05608712000514057,16987.960601863644
88194ad009fffff,0.0,0.0,0.0,7.0,0.0,0.0,0.0,0.0,28.0,0.0,1.0,0.0,116227.40057366996,1506955.8166666667,0.0,17.0,16.0,1.0,0.0,0.0,424,5.0,4.0,9.0,0.0,0,nothing,0.0,51.464060433720974,-0.04023147534981389,16986.38123308693
88194ad00bfffff,1.0,0.0,0.0,26.0,4.0,0.0,0.0,2.0,67.0,0.0,3.0,0.0,0.0,2592585.6106060604,0.0,23.0,15.0,1.0,0.0,0.0,428,1.0,1.0,6.0,0.0,0,nothing,0.0,51.45630248905864,-0.0359903265745459,16986.54868713688
88194ad00dfffff,0.0,0.0,0.0,5.0,1.0,1.0,0.0,0.0,34.0,0.0,0.0,0.0,16476.96456932276,2638617.06015873,0.0,23.0,13.0,1.0,0.0,0.0,440,2.0,20.0,7.0,0.0,0,nothing,0.0,51.46615366160564,-0.05240321241165357,16987.003242852403
88194ad011fffff,0.0,0.0,0.0,4.0,0.0,1.0,0.0,0.0,19.0,0.0,3.0,0.0,764867.5162849985,2739671.5435515875,0.0,20.0,17.0,2.0,0.0,0.0,436,0.0,6.0,6.0,0.0,0,nothing,1.0,51.44078539578765,-0.02751194532605632,16986.8828761498
88194ad013fffff,0.0,0.0,0.0,19.0,2.0,0.0,0.0,1.0,47.0,0.0,5.0,0.0,1000224.3312308681,1963810.0988888887,0.0,3.0,10.0,1.0,0.0,0.0,441,1.0,10.0,5.0,0.0,0,nothing,1.0,51.43302624794969,-0.023274711740337132,16987.049610969236
88194ad015fffff,0.0,0.0,0.0,9.0,2.0,2.0,0.0,0.0,23.0,0.0,3.0,0.0,0.0,2183585.367449495,0.0,9.0,11.0,0.0,0.0,0.0,453,2.0,0.0,12.0,0.0,0,nothing,0.0,51.442879034823704,-0.03967692940829388,16987.505443456248
88194ad017fffff,0.0,0.0,0.0,3.0,2.0,0.0,0.0,0.0,18.0,0.0,0.0,0.0,2113506.264394748,2672741.2507936507,0.0,9.0,12.0,0.0,0.0,0.0,457,1.0,7.0,6.0,0.0,0,nothing,0.0,51.43512002336098,-0.03543744618101431,16987.67236402936
88194ad019fffff,0.0,0.0,4.0,37.0,4.0,0.0,0.0,4.0,154.0,2.0,9.0,0.0,2359322.632064831,7075284.884623015,0.0,44.0,22.0,0.0,0.0,0.0,416,6.0,22.0,33.0,1.0,0,nothing,0.0,51.44644956267221,-0.019585417324640333,16986.093457463965
88194ad01bfffff,0.0,0.0,2.0,4.0,1.0,2.0,0.0,0.0,8.0,0.0,1.0,0.0,832513.0322535865,1663906.5054166666,0.0,13.0,8.0,0.0,0.0,0.0,420,0.0,2.0,8.0,1.0,0,nothing,0.0,51.43869067924331,-0.015349129196562939,16986.260246395737
88194ad01dfffff,0.0,0.0,0.0,0.0,0.0,0.0,0.0,0.0,12.0,0.0,2.0,0.0,11060.538357866511,1712755.5913600288,0.0,19.0,8.0,0.0,0.0,0.0,432,0.0,38.0,6.0,0.0,0,nothing,0.0,51.44854414295242,-0.03175048341875258,16986.71590151511
88194ad021fffff,0.0,0.0,0.0,2.0,2.0,0.0,0.0,0.0,31.0,0.0,1.0,0.0,53123.10630561785,5240398.426388889,0.0,15.0,14.0,0.0,0.0,0.0,501,0.0,27.0,8.0,0.0,0,nothing,1.0,51.45691167858342,-0.08043242566481423,16989.205051083733
88194ad023fffff,0.0,0.0,0.0,2.0,0.0,0.0,0.0,1.0,22.0,0.0,0.0,0.0,0.0,2902447.027777778,0.0,5.0,9.0,0.0,0.0,0.0,505,1.0,6.0,10.0,0.0,0,nothing,0.0,51.449153480963,-0.07618488419283845,16989.372769505113
88194ad025fffff,0.0,0.0,0.0,0.0,0.0,0.0,0.0,0.0,15.0,0.0,0.0,0.0,7791.678889060866,3948545.2125180373,0.0,36.0,17.0,0.0,0.0,0.0,518,3.0,9.0,8.0,0.0,0,nothing,0.0,51.45900086315873,-0.0926083280969419,16989.82718122401
88194ad027fffff,0.0,0.0,0.0,8.0,1.0,0.0,0.0,0.0,36.0,0.0,0.0,0.0,117129.79559101809,2449569.7291666665,0.0,28.0,9.0,1.0,0.0,0.0,522,0.0,3.0,8.0,1.0,0,nothing,0.0,51.45124280404694,-0.08835853490257237,16989.995085835926
88194ad029fffff,0.0,0.0,0.0,2.0,1.0,0.0,0.0,0.0,58.0,0.0,3.0,0.0,13305.248864251547,6376471.029166666,0.0,23.0,17.0,0.0,0.0,0.0,479,4.0,6.0,12.0,0.0,0,nothing,0.0,51.46257934729127,-0.07250528665133532,16988.415085712342
88194ad02bfffff,0.0,0.0,0.0,0.0,0.0,0.0,0.0,0.0,23.0,0.0,1.0,0.0,0.0,2488274.5833333335,0.0,11.0,16.0,0.0,0.0,0.0,482,2.0,8.0,9.0,0.0,0,nothing,0.0,51.45482141368316,-0.06825868946062866,16988.582857924044
88194ad02dfffff,0.0,0.0,0.0,5.0,0.0,0.0,0.0,1.0,71.0,0.0,1.0,0.0,1430362.7145840158,3498709.3680555555,0.0,37.0,16.0,1.0,0.0,0.0,496,4.0,34.0,10.0,0.0,0,nothing,0.0,51.46466947379405,-0.0846812749031518,16989.037092732564
88194ad031fffff,0.0,0.0,0.0,7.0,0.0,0.0,4.0,1.0,27.0,0.0,2.0,0.0,148025.37172010227,7778055.69781746,0.0,19.0,20.0,1.0,0.0,0.0,492,2.0,110.0,8.0,0.0,0,nothing,0.0,51.43930434063716,-0.059769415794236815,16988.917682625583
88194ad033fffff,0.0,0.0,0.0,5.0,1.0,0.0,1.0,0.0,24.0,0.0,2.0,0.0,9463.438334159917,3764098.631765873,0.0,8.0,11.0,1.0,0.0,0.0,497,1.0,13.0,8.0,0.0,0,nothing,0.0,51.431545201970465,-0.05552673820524619,16989.084734971482
88194ad035fffff,0.0,0.0,0.0,1.0,0.0,0.0,0.0,0.0,11.0,0.0,0.0,0.0,147869.60486087645,6206839.795634921,0.0,9.0,10.0,0.0,0.0,0.0,509,1.0,8.0,3.0,0.0,0,nothing,0.0,51.44139488131849,-0.07193864993016623,16989.54024792461
88194ad037fffff,0.0,0.0,0.0,1.0,0.0,0.0,0.0,0.0,7.0,0.0,0.0,0.0,0.0,3602774.142063492,0.0,8.0,14.0,0.0,0.0,0.0,514,0.0,7.0,5.0,0.0,0,nothing,0.0,51.433635880035595,-0.06769372232007326,16989.707486270192
88194ad039fffff,0.0,0.0,0.0,1.0,0.0,0.0,0.0,0.0,15.0,0.0,0.0,0.0,9744.743624233639,3910538.095833333,0.0,2.0,6.0,0.0,0.0,0.0,470,2.0,0.0,7.0,0.0,0,nothing,0.0,51.44497159575954,-0.051844080925901155,16988.127948196638
88194ad03bfffff,0.0,0.0,0.0,0.0,0.0,6.0,0.0,0.0,8.0,0.0,5.0,0.0,396532.45319625776,1272467.862550505,0.0,4.0,12.0,0.0,0.0,0.0,475,2.0,0.0,8.0,0.0,0,nothing,0.0,51.43721272112073,-0.04760234770491337,16988.295054620972
88194ad03dfffff,0.0,0.0,0.0,0.0,0.0,0.0,0.0,0.0,7.0,0.0,0.0,0.0,0.0,2832984.177083333,0.0,2.0,9.0,0.0,0.0,0.0,487,0.0,1.0,6.0,0.0,0,nothing,0.0,51.44706307800327,-0.06401339936051452,16988.750390252455
88194ad041fffff,1.0,0.0,1.0,51.0,3.0,0.0,0.0,6.0,138.0,0.0,15.0,0.0,1786640.5156034282,5443019.6101594735,1.0,45.0,16.0,2.0,0.0,384.8396501457726,399,7.0,129.0,21.0,0.0,1,Public use,2.0,51.47748108532506,-0.03654361927134813,16985.42390548572
88194ad043fffff,0.0,0.0,0.0,15.0,0.0,0.0,0.0,0.0,28.0,0.0,2.0,0.0,58352.777731673494,2452520.561300125,1.0,27.0,13.0,0.0,0.0,0.0,403,2.0,21.0,12.0,0.0,1,Public use,0.0,51.469723807091746,-0.03230211025663537,16985.59165277437
88194ad045fffff,0.0,0.0,0.0,2.0,0.0,0.0,0.0,2.0,15.0,0.0,1.0,0.0,320232.7542953763,5375975.438417508,0.0,17.0,7.0,0.0,0.0,769.6793002915452,415,4.0,1.0,8.0,0.0,0,nothing,0.0,51.47957511717267,-0.04871769198573466,16986.045606259486
88194ad047fffff,0.0,0.0,2.0,12.0,1.0,0.0,0.0,0.0,73.0,0.0,2.0,0.0,462412.07112449314,5823171.80073082,0.0,24.0,15.0,0.0,0.0,0.0,420,0.0,23.0,12.0,0.0,0,nothing,0.0,51.47181797655408,-0.04447393030121723,16986.213539437143
88194ad049fffff,1.0,0.0,3.0,10.0,0.0,0.0,0.0,1.0,60.0,0.0,2.0,0.0,238950.63568905924,6535653.99262294,0.0,57.0,6.0,0.0,0.0,2405.247813411079,378,2.0,24.0,7.0,2.0,0,nothing,0.0,51.48314298779205,-0.02861227942565285,16984.634341035675
88194ad04bfffff,0.0,0.0,1.0,69.0,2.0,0.0,0.0,3.0,214.0,0.0,12.0,0.0,765098.5230395589,7969657.821747033,1.0,72.0,17.0,2.0,0.0,0.0,383,3.0,70.0,15.0,0.0,1,Public use,2.0,51.475385974317234,-0.024371716791257606,16984.802141895816
88194ad04dfffff,1.0,0.0,0.0,2.0,0.0,0.0,0.0,1.0,13.0,0.0,3.0,0.0,175112.15361266912,2696239.1067926288,0.0,21.0,15.0,0.0,0.0,448.9795918367347,395,1.0,21.0,3.0,0.0,0,nothing,0.0,51.48523796129641,-0.040786434899551145,16985.255918787534
88194ad051fffff,0.0,0.0,2.0,20.0,3.0,0.0,0.0,0.0,87.0,0.0,5.0,0.0,986176.5131407293,6881005.914986172,0.0,43.0,23.0,1.0,0.0,0.0,391,6.0,13.0,12.0,0.0,0,nothing,0.0,51.459870741980076,-0.015894508775353068,16985.13702545461
88194ad053fffff,0.0,0.0,0.0,19.0,1.0,8.0,0.0,0.0,61.0,0.0,3.0,0.0,202347.65640127668,2943122.1828102455,0.0,16.0,10.0,0.0,0.0,0.0,395,3.0,7.0,10.0,1.0,0,nothing,0.0,51.452112523888,-0.011657862280560576,16985.304108009623
88194ad055fffff,0.0,0.0,0.0,3.0,0.0,0.0,0.0,0.0,158.0,0.0,0.0,0.0,32593.878530985636,2859812.269486532,0.0,3.0,14.0,0.0,0.0,0.0,408,0.0,3.0,6.0,1.0,0,nothing,0.0,51.46196612698169,-0.02806190729836732,16985.75916058153
88194ad057fffff,0.0,0.0,2.0,13.0,4.0,0.0,0.0,0.0,44.0,0.0,1.0,0.0,105919.8272757529,2670108.9801587304,0.0,15.0,12.0,0.0,0.0,0.0,412,0.0,25.0,9.0,0.0,0,nothing,0.0,51.454208045380085,-0.023823009839864226,16985.926428835322
88194ad059fffff,0.0,0.0,2.0,26.0,3.0,0.0,4.0,1.0,89.0,0.0,12.0,0.0,664356.5325051101,5370687.907575757,0.0,43.0,23.0,2.0,0.0,0.0,370,7.0,31.0,18.0,2.0,0,nothing,1.0,51.46553223262593,-0.007964980329159635,16984.347691410632
88194ad05bfffff,0.0,0.0,0.0,20.0,3.0,0.0,0.0,1.0,273.0,1.0,1.0,0.0,637086.4671715766,4914129.049305555,0.0,23.0,13.0,0.0,0.0,0.0,375,3.0,1.0,13.0,0.0,0,nothing,0.0,51.457774279308516,-0.003729280297773478,16984.514827824507
88194ad05dfffff,0.0,0.0,1.0,8.0,3.0,0.0,0.0,0.0,40.0,0.0,5.0,0.0,680293.8545323939,5694961.064529284,0.0,52.0,13.0,2.0,0.0,0.0,387,3.0,11.0,14.0,0.0,0,nothing,0.0,51.46762855891821,-0.020132460093419253,16984.969703392748
88194ad061fffff,0.0,0.0,0.0,18.0,4.0,1.0,0.0,0.0,105.0,1.0,13.0,0.0,2378601.1587354103,4276905.169444445,0.0,64.0,22.0,0.0,0.0,0.0,452,4.0,65.0,18.0,1.0,0,nothing,0.0,51.47600307697548,-0.06882407795948114,16987.4571241323
88194ad063fffff,1.0,0.0,0.0,38.0,1.0,0.0,0.0,1.0,97.0,0.0,5.0,0.0,648737.5140447902,4445998.435648148,0.0,31.0,9.0,1.0,0.0,0.0,456,6.0,8.0,13.0,1.0,0,nothing,0.0,51.468245810043385,-0.06457711796492797,16987.625189759437
88194ad065fffff,0.0,0.0,0.0,7.0,0.0,0.0,0.0,1.0,59.0,0.0,1.0,0.0,83908.7693514516,2550779.947222222,0.0,55.0,8.0,0.0,0.0,801.7492711370262,469,3.0,1.0,5.0,1.0,0,nothing,0.0,51.4780940067498,-0.08100240453317589,16988.07882192755
88194ad067fffff,0.0,0.0,0.0,5.0,1.0,0.0,0.0,0.0,76.0,0.0,1.0,0.0,107512.12245669054,1557019.943287037,0.0,42.0,8.0,0.0,0.0,192.4198250728863,474,1.0,15.0,12.0,0.0,0,nothing,0.0,51.470336878442,-0.07675319148971502,16988.247073689457
88194ad069fffff,0.0,0.0,0.0,4.0,0.0,0.0,0.0,2.0,60.0,0.0,5.0,0.0,1413574.6495917179,7693880.241161616,0.0,59.0,13.0,0.0,0.0,7760.932944606414,431,2.0,4.0,9.0,1.0,0,nothing,0.0,51.481668069267556,-0.060893934415376105,16986.667244098644
88194ad06bfffff,0.0,0.0,0.0,11.0,0.0,0.0,0.0,0.0,68.0,0.0,2.0,0.0,27151.159504012077,6568523.87432209,0.0,40.0,10.0,1.0,0.0,0.0,435,0.0,4.0,14.0,2.0,0,nothing,1.0,51.47391106671278,-0.056647919708667636,16986.835363262628
88194ad06dfffff,0.0,0.0,0.0,5.0,2.0,0.0,1.0,1.0,48.0,0.0,2.0,0.0,1474558.6990811063,5471015.863888889,0.0,56.0,10.0,0.0,0.0,11224.489795918367,447,2.0,9.0,8.0,0.0,0,nothing,0.0,51.4837599410172,-0.07307234604025177,16987.28881888464
88194ad081fffff,0.0,0.0,0.0,7.0,0.0,0.0,0.0,0.0,21.0,0.0,1.0,0.0,0.0,1085559.0,0.0,1.0,9.0,0.0,0.0,0.0,476,0.0,66.0,2.0,0.0,0,nothing,0.0,51.40407997511274,-0.018492553981666996,16988.337646268235
88194ad083fffff,0.0,0.0,0.0,3.0,1.0,0.0,0.0,0.0,8.0,0.0,0.0,0.0,269421.58926984906,3281545.9956709957,0.0,1.0,15.0,0.0,0.0,0.0,480,0.0,0.0,5.0,0.0,0,nothing,0.0,51.396318964379105,-0.014259588332594601,16988.503366456807
88194ad085fffff,1.0,0.0,0.0,25.0,2.0,0.0,0.0,1.0,41.0,0.0,5.0,0.0,317383.23569640936,5053414.268939394,0.0,12.0,15.0,0.0,0.0,0.0,493,1.0,44.0,4.0,0.0,0,nothing,0.0,51.406173216792865,-0.030648462282274712,16988.961079796114
88194ad087fffff,0.0,0.0,0.0,0.0,0.0,0.0,0.0,0.0,3.0,0.0,0.0,0.0,18236.030861025218,2943756.529040404,0.0,0.0,11.0,0.0,0.0,0.0,498,0.0,41.0,3.0,0.0,0,nothing,1.0,51.39841234119586,-0.026413250014110327,16989.126985601135
88194ad089fffff,0.0,0.0,0.0,0.0,0.0,0.0,0.0,0.0,2.0,0.0,0.0,0.0,0.0,2283884.9583333335,0.0,2.0,9.0,0.0,0.0,0.0,453,1.0,1.0,6.0,0.0,0,nothing,0.0,51.409746404251024,-0.010570832468342643,16987.548375819777
88194ad08bfffff,0.0,0.0,0.0,0.0,0.0,0.0,0.0,1.0,0.0,0.0,0.0,0.0,0.0,4342220.75,0.0,0.0,17.0,0.0,0.0,0.0,458,0.0,0.0,5.0,0.0,0,nothing,0.0,51.40198565757475,-0.006338811355215917,16987.714150662392
88194ad08dfffff,0.0,0.0,0.0,17.0,1.0,0.0,0.0,0.0,42.0,0.0,1.0,0.0,1351469.502270782,4281271.020833334,0.0,8.0,15.0,1.0,0.0,0.0,471,1.0,15.0,8.0,0.0,0,nothing,0.0,51.411840586763326,-0.022726822035986846,16988.171685859732
88194ad091fffff,0.0,0.0,0.0,0.0,0.0,0.0,0.0,0.0,0.0,0.0,0.0,0.0,86573.82873044431,488332.7272727273,0.0,2.0,10.0,0.0,0.0,0.0,468,0.0,1.0,4.0,0.0,0,nothing,0.0,51.38646296837016,0.002121326233191981,16988.044979758117
88194ad093fffff,0.0,0.0,0.0,17.0,2.0,0.0,1.0,0.0,46.0,0.0,1.0,0.0,686505.1927576468,360714.0,0.0,15.0,13.0,1.0,0.0,0.0,473,3.0,9.0,8.0,0.0,0,nothing,0.0,51.37870102661299,0.006349443816988697,16988.21003386879
88194ad095fffff,0.0,0.0,0.0,0.0,0.0,0.0,2.0,0.0,1.0,0.0,0.0,0.0,102624.85977916954,924959.6363636364,0.0,1.0,4.0,0.0,0.0,0.0,485,0.0,0.0,2.0,0.0,0,nothing,0.0,51.38855755494803,-0.010027924534166802,16988.6688463541
88194ad097fffff,0.0,0.0,0.0,0.0,0.0,0.0,0.0,0.0,1.0,0.0,0.0,0.0,190631.63392863498,0.0,0.0,0.0,6.0,0.0,0.0,0.0,490,0.0,0.0,3.0,0.0,0,nothing,0.0,51.380795747205184,-0.005797562031997015,16988.834085888833
88194ad099fffff,0.0,0.0,0.0,2.0,0.0,0.0,0.0,0.0,11.0,0.0,0.0,0.0,3304.534156969352,2221539.216666667,0.0,0.0,13.0,0.0,0.0,0.0,446,0.0,2.0,3.0,0.0,0,nothing,0.0,51.392128985107654,0.010041238550954405,16987.255942345764
88194ad09bfffff,0.0,0.0,0.0,1.0,0.0,0.0,0.0,0.0,0.0,0.0,0.0,0.0,0.0,2718470.0,0.0,0.0,9.0,0.0,0.0,0.0,451,0.0,1.0,8.0,0.0,0,nothing,0.0,51.384367307421755,0.0142684115175391,16987.421051397945
88194ad09dfffff,0.0,0.0,0.0,2.0,1.0,0.0,0.0,0.0,17.0,0.0,0.0,0.0,11136.245357350032,1800466.4363636363,0.0,0.0,7.0,0.0,0.0,0.0,463,0.0,0.0,4.0,0.0,0,nothing,0.0,51.39422451215261,-0.002108091972842779,16987.879685332256
88194ad0a1fffff,0.0,0.0,0.0,0.0,0.0,0.0,0.0,0.0,6.0,0.0,0.0,0.0,130431.74735197696,4524524.130952381,0.0,6.0,13.0,1.0,0.0,0.0,533,0.0,5.0,1.0,0.0,0,nothing,0.0,51.40259586623527,-0.050727067280699346,16990.374037475525
88194ad0a3fffff,0.0,0.0,0.0,3.0,0.0,0.0,0.0,0.0,8.0,0.0,0.0,0.0,2537103.6176698953,5691151.482323232,0.0,10.0,14.0,1.0,0.0,0.0,537,0.0,2.0,5.0,0.0,0,nothing,0.0,51.394834862547015,-0.046488664592393085,16990.540074373846
88194ad0a5fffff,0.0,0.0,0.0,0.0,0.0,0.0,0.0,0.0,8.0,0.0,4.0,0.0,0.0,2558952.650189394,0.0,6.0,18.0,0.0,0.0,0.0,550,0.0,3.0,7.0,0.0,0,nothing,0.0,51.404686013275594,-0.06288722183248677,16990.997469968595
88194ad0a7fffff,0.0,0.0,0.0,0.0,0.0,0.0,0.0,0.0,14.0,0.0,1.0,0.0,105713.56281080368,3179939.113131313,0.0,1.0,2.0,0.0,0.0,0.0,554,0.0,7.0,2.0,0.0,0,nothing,0.0,51.39692514573154,-0.058646572145114,16991.16369272959
88194ad0a9fffff,0.0,0.0,0.0,4.0,0.0,0.0,0.0,1.0,27.0,0.0,0.0,0.0,892444.8788511278,1514157.4274891776,0.0,14.0,13.0,1.0,0.0,0.0,511,1.0,9.0,5.0,0.0,0,nothing,0.0,51.408265382023735,-0.04280653574132803,16989.58445112764
88194ad0abfffff,0.0,0.0,0.0,10.0,4.0,0.0,0.0,0.0,28.0,0.0,1.0,0.0,138930.07166948085,3610306.42703824,0.0,1.0,8.0,0.0,0.0,0.0,515,3.0,8.0,6.0,0.0,0,nothing,0.0,51.40050464201164,-0.03856907650220053,16989.750542646852
88194ad0adfffff,0.0,0.0,0.0,5.0,1.0,0.0,0.0,0.0,25.0,0.0,2.0,0.0,692737.7239970384,2708066.586666667,0.0,13.0,10.0,0.0,0.0,0.0,529,1.0,11.0,12.0,0.0,0,nothing,0.0,51.41035647021408,-0.05496677384215539,16990.20776014432
88194ad0b1fffff,0.0,0.0,0.0,0.0,0.0,0.0,0.0,0.0,3.0,0.0,0.0,0.0,190594.76976438455,787310.0,0.0,3.0,3.0,0.0,0.0,0.0,525,0.0,5.0,1.0,0.0,0,nothing,0.0,51.384981964257285,-0.030098067066248638,16990.08200445667
88194ad0b3fffff,0.0,0.0,0.0,14.0,3.0,0.0,0.0,0.0,39.0,0.0,1.0,0.0,435779.9447723971,4005622.0,0.0,9.0,12.0,0.0,0.0,0.0,529,1.0,14.0,6.0,0.0,0,nothing,0.0,51.37722002728665,-0.02586451576009767,16990.247374604427
88194ad0b5fffff,0.0,0.0,0.0,1.0,0.0,0.0,0.0,0.0,6.0,0.0,0.0,0.0,129201.85216462341,1501816.5681818181,0.0,1.0,6.0,0.0,0.0,0.0,542,0.0,0.0,4.0,0.0,0,nothing,0.0,51.3870734595352,-0.04225156522222027,16990.705870767742
88194ad0b7fffff,0.0,0.0,0.0,3.0,0.0,0.0,0.0,0.0,3.0,0.0,0.0,0.0,110322.557142165,261798.6666666667,0.0,1.0,6.0,0.0,0.0,0.0,546,0.0,2.0,3.0,0.0,0,nothing,0.0,51.379311657585745,-0.03801576861544762,16990.87142658572
88194ad0b9fffff,0.0,0.0,0.0,2.0,0.0,0.0,0.0,0.0,6.0,0.0,0.0,0.0,325511.9400797602,3240338.6904761903,0.0,3.0,10.0,1.0,0.0,0.0,503,2.0,4.0,2.0,0.0,0,nothing,0.0,51.3906510665642,-0.022179340270804516,16989.292651067626
88194ad0bbfffff,0.0,0.0,0.0,7.0,1.0,0.0,0.0,0.0,25.0,0.0,1.0,0.0,659365.5444091,1340505.5,0.0,3.0,8.0,1.0,0.0,0.0,507,0.0,19.0,4.0,0.0,0,nothing,0.0,51.38288939328363,-0.01794673249779259,16989.45807612423
88194ad0bdfffff,0.0,0.0,0.0,0.0,0.0,0.0,0.0,0.0,5.0,1.0,1.0,0.0,0.0,2129002.376262626,0.0,2.0,7.0,0.0,0.0,0.0,520,0.0,0.0,4.0,0.0,0,nothing,0.0,51.39274350262757,-0.03433292046210423,16989.91639378035
88194ad0c1fffff,0.0,0.0,0.0,18.0,3.0,0.0,0.0,1.0,64.0,0.0,3.0,0.0,70203.66368263167,5635385.440972222,0.0,28.0,10.0,0.0,0.0,0.0,429,3.0,7.0,8.0,0.0,0,nothing,2.0,51.42317171176371,-0.0068804638786303714,16986.59310488218
88194ad0c3fffff,0.0,0.0,0.0,1.0,0.0,0.0,0.0,0.0,5.0,0.0,0.0,0.0,0.0,1270362.5,0.0,1.0,5.0,1.0,0.0,0.0,432,1.0,1.0,4.0,0.0,0,nothing,0.0,51.41541162848371,-0.0026480855778678795,16986.759174293813
88194ad0c5fffff,0.0,0.0,0.0,0.0,0.0,1.0,0.0,0.0,1.0,0.0,0.0,0.0,310181.45566734276,5935502.446527778,0.0,22.0,10.0,1.0,0.0,0.0,445,0.0,0.0,3.0,0.0,0,nothing,0.0,51.425266699823986,-0.01903878210579309,16987.216105901734
88194ad0c7fffff,0.0,0.0,0.0,5.0,0.0,0.0,0.0,0.0,38.0,0.0,0.0,0.0,260448.92802368634,1925306.0833333335,0.0,0.0,0.0,0.0,0.0,0.0,449,2.0,54.0,0.0,0.0,0,nothing,0.0,51.417506751795926,-0.014804155866883066,16987.382360875756
88194ad0c9fffff,0.0,0.0,0.0,0.0,0.0,0.0,0.0,0.0,1.0,0.0,0.0,0.0,0.0,1953107.56375,0.0,10.0,12.0,0.0,0.0,0.0,409,0.0,29.0,4.0,0.0,0,nothing,0.0,51.42883546653986,0.0010442538248307096,16985.803917916965
88194ad0cbfffff,0.0,0.0,0.0,8.0,1.0,0.0,0.0,1.0,9.0,0.0,0.0,0.0,0.0,1939217.5069444445,2.0,3.0,15.0,0.0,0.0,0.0,412,3.0,1.0,4.0,0.0,1,Public use,0.0,51.421075647683956,0.005275686585794503,16985.970041728368
88194ad0cdfffff,0.0,0.0,0.0,0.0,0.0,0.0,0.0,0.0,5.0,0.0,0.0,0.0,508951.8515901764,6280941.807638889,1.0,14.0,13.0,0.0,0.0,0.0,425,1.0,0.0,4.0,0.0,1,Public use,0.0,51.4309313954787,-0.011114144899763317,16986.426795558997
88194ad0d1fffff,0.0,0.0,1.0,78.0,6.0,0.0,0.0,9.0,258.0,0.0,24.0,0.0,2010279.9234859468,4779933.190972222,0.0,34.0,24.0,0.0,0.0,1.3411078717201166,421,5.0,29.0,26.0,1.0,0,nothing,1.0,51.40555481267404,0.013734646527322338,16986.301569686137
88194ad0d3fffff,1.0,0.0,0.0,15.0,1.0,0.0,0.0,0.0,64.0,0.0,1.0,0.0,1201609.0671909077,797779.0166666667,0.0,25.0,15.0,1.0,0.0,0.0,426,0.0,4.0,15.0,0.0,0,nothing,0.0,51.397793797290674,0.017962174817168438,16986.466973689967
88194ad0d5fffff,0.0,0.0,0.0,2.0,1.0,0.0,0.0,0.0,2.0,0.0,0.0,0.0,121512.57205674666,3967850.75,0.0,4.0,14.0,1.0,0.0,0.0,437,0.0,2.0,5.0,0.0,0,nothing,0.0,51.40765114602408,0.0015829905575404923,16986.925003722492
88194ad0d7fffff,0.0,0.0,0.0,0.0,0.0,0.0,0.0,0.0,0.0,0.0,0.0,0.0,74355.62273830253,1283355.9,0.0,2.0,13.0,0.0,0.0,0.0,441,0.0,2.0,7.0,0.0,0,nothing,0.0,51.39989026477026,0.0058127650823343695,16987.09059309689
88194ad0d9fffff,0.0,0.0,0.0,5.0,0.0,0.0,0.0,0.0,4.0,0.0,1.0,0.0,994867.8814411787,6269654.990575396,0.0,9.0,7.0,2.0,0.0,0.0,401,1.0,0.0,10.0,1.0,0,nothing,0.0,51.41121815573724,0.02165755225793888,16985.512615138083
88194ad0dbfffff,0.0,0.0,0.0,0.0,1.0,0.0,0.0,0.0,4.0,0.0,0.0,0.0,535418.9054345821,835859.25,0.0,8.0,3.0,0.0,0.0,0.0,405,1.0,4.0,5.0,0.0,0,nothing,1.0,51.40345740479246,0.025884134927639108,16985.678073828876
88194ad0ddfffff,0.0,0.0,0.0,0.0,0.0,0.0,0.0,0.0,2.0,0.0,2.0,0.0,41735.55522918799,3377949.9756944445,0.0,1.0,10.0,0.0,0.0,0.0,417,0.0,0.0,5.0,0.0,0,nothing,0.0,51.413315429600246,0.009505817301702297,16986.13592567519
88194ad0e1fffff,0.0,0.0,0.0,0.0,0.0,0.0,0.0,0.0,2.0,0.0,0.0,0.0,0.0,2316531.2215007218,0.0,9.0,6.0,0.0,0.0,0.0,484,3.0,2.0,1.0,0.0,0,nothing,0.0,51.421693769340116,-0.03912279661289151,16988.62854745639
88194ad0e3fffff,0.0,0.0,1.0,0.0,0.0,0.0,0.0,0.0,7.0,0.0,0.0,0.0,416976.8683807921,3452427.2098665223,0.0,11.0,12.0,1.0,0.0,0.0,488,0.0,17.0,6.0,0.0,0,nothing,0.0,51.413933692969486,-0.034884977630158166,16988.79493372403
88194ad0e5fffff,0.0,0.0,0.0,25.0,3.0,0.0,0.0,0.0,97.0,0.0,5.0,0.0,248635.11445605996,4621495.509920635,0.0,6.0,11.0,0.0,0.0,0.0,502,2.0,19.0,10.0,0.0,0,nothing,0.0,51.42378566238888,-0.051285366037343134,16989.251547218293
88194ad0e7fffff,0.0,0.0,0.0,8.0,0.0,0.0,1.0,0.0,24.0,1.0,0.0,0.0,5531.614284053008,2604883.2631673883,0.0,29.0,16.0,1.0,0.0,0.0,506,2.0,18.0,9.0,0.0,0,nothing,0.0,51.41602572227806,-0.0470452987345985,16989.418119294245
88194ad0e9fffff,0.0,0.0,0.0,1.0,0.0,0.0,0.0,0.0,18.0,0.0,1.0,0.0,7322748.37706835,3126007.103174603,0.0,36.0,14.0,1.0,0.0,0.0,462,3.0,7.0,5.0,0.0,0,nothing,0.0,51.427360611273,-0.031199267580332476,16987.839044668744
88194ad0ebfffff,0.0,0.0,1.0,0.0,0.0,0.0,0.0,0.0,2.0,0.0,0.0,0.0,213436.1848176986,569699.0,0.0,9.0,13.0,0.0,0.0,0.0,467,3.0,1.0,3.0,0.0,0,nothing,0.0,51.41960079894527,-0.026962393050484614,16988.005485302736
88194ad0edfffff,0.0,0.0,0.0,5.0,0.0,0.0,0.0,1.0,19.0,0.0,0.0,0.0,57930.13200311491,5895280.798809524,0.0,11.0,14.0,0.0,0.0,0.0,480,3.0,8.0,7.0,0.0,0,nothing,0.0,51.42945344551906,-0.04336191978590774,16988.461921064816
88194ad101fffff,3.0,0.0,1.0,26.0,2.0,0.0,0.0,0.0,98.0,0.0,5.0,0.0,121339.47699464162,1258252.9166666667,0.0,66.0,10.0,0.0,0.0,4008.746355685131,563,4.0,4.0,10.0,0.0,0,nothing,0.0,51.473019166143864,-0.1334068884659654,16991.524488455525
88194ad103fffff,1.0,0.0,0.0,34.0,4.0,0.0,0.0,1.0,135.0,0.0,2.0,0.0,58276.002646263456,6388276.093434343,0.0,72.0,13.0,2.0,1.0,20845.48104956268,567,5.0,2.0,15.0,0.0,0,nothing,0.0,51.465261929016464,-0.12914902753810917,16991.693192340095
88194ad105fffff,4.0,0.0,1.0,22.0,1.0,0.0,0.0,0.0,41.0,0.0,1.0,0.0,525947.2365499074,964511.8333333334,1.0,42.0,17.0,2.0,0.0,3463.5568513119533,578,6.0,12.0,9.0,2.0,1,Public use,0.0,51.475103882856295,-0.14559370437673153,16992.14617870213
88194ad107fffff,2.0,0.0,1.0,25.0,1.0,0.0,1.0,3.0,81.0,0.0,1.0,0.0,10129.69625376942,3436794.1533459597,0.0,63.0,9.0,1.0,0.0,9620.991253644315,582,3.0,1.0,8.0,1.0,0,nothing,0.0,51.46734678637361,-0.14133358965438514,16992.315069214044
88194ad109fffff,3.0,1.0,0.0,24.0,1.0,0.0,1.0,1.0,107.0,0.0,1.0,0.0,118215.36726821623,7015961.944965271,1.0,71.0,11.0,1.0,1.0,1603.4985422740524,542,2.0,6.0,12.0,0.0,1,Public use,0.0,51.478690339801766,-0.12547915487136307,16990.733977264816
88194ad10bfffff,4.0,0.0,2.0,20.0,4.0,0.0,0.0,0.0,70.0,0.0,5.0,0.0,214717.46981008697,3881529.2920634924,1.0,71.0,18.0,1.0,1.0,13629.737609329446,547,2.0,8.0,17.0,0.0,1,Taxi,0.0,51.47093336628951,-0.12122223703849266,16990.902734616247
88194ad10dfffff,3.0,0.0,1.0,12.0,0.0,0.0,0.0,0.0,35.0,0.0,2.0,0.0,1279310.0292259427,2453497.7916666665,0.0,69.0,6.0,1.0,1.0,5387.755102040816,559,7.0,5.0,9.0,1.0,0,nothing,1.0,51.48077599912259,-0.13766606042075136,16991.355544528116
88194ad111fffff,0.0,0.0,0.0,11.0,0.0,0.0,0.0,0.0,86.0,0.0,5.0,0.0,360987.57306985225,3833576.757981601,0.0,76.0,16.0,0.0,0.0,0.0,556,2.0,7.0,10.0,0.0,0,nothing,0.0,51.45541820822034,-0.112712331868332,16991.239529256894
88194ad113fffff,0.0,0.0,0.0,3.0,0.0,0.0,0.0,1.0,29.0,1.0,0.0,0.0,1764.7720389780793,5307170.320075758,0.0,40.0,9.0,0.0,0.0,0.0,560,0.0,31.0,8.0,0.0,0,nothing,0.0,51.44766002443518,-0.10845934341534454,16991.40756640126
88194ad115fffff,0.0,0.0,1.0,31.0,1.0,0.0,0.0,0.0,129.0,0.0,3.0,0.0,11483.704043876302,4432703.7233585855,0.0,74.0,10.0,0.0,0.0,288.6297376093294,571,3.0,6.0,12.0,0.0,0,nothing,0.0,51.45750428812637,-0.12489247707895075,16991.86165610928
88194ad117fffff,0.0,0.0,0.0,14.0,3.0,0.0,0.0,0.0,83.0,0.0,6.0,0.0,543747.6052031252,3040053.5208333335,0.0,55.0,7.0,0.0,0.0,0.0,575,2.0,9.0,10.0,0.0,0,nothing,1.0,51.44974624385955,-0.12063723653055089,16992.029879690588
88194ad119fffff,0.0,0.0,0.0,20.0,0.0,0.0,0.0,1.0,56.0,0.0,7.0,0.0,43886.0127929662,2929978.6467863154,0.0,66.0,18.0,0.0,0.0,769.6793002915452,535,4.0,10.0,16.0,2.0,0,nothing,0.0,51.461088966817236,-0.10478639623518443,16990.449248226083
88194ad11bfffff,0.0,0.0,1.0,12.0,2.0,1.0,0.0,1.0,74.0,0.0,2.0,0.0,80809.21936183426,6994082.774206349,0.0,58.0,21.0,1.0,0.0,0.0,540,3.0,6.0,12.0,1.0,0,nothing,0.0,51.45333104666329,-0.10053435096846788,16990.617339126136
88194ad11dfffff,3.0,2.0,1.0,66.0,2.0,0.0,1.0,3.0,233.0,0.0,15.0,0.0,720090.2729289407,6241831.074168771,0.0,106.0,30.0,2.0,2.0,192.4198250728863,552,4.0,13.0,28.0,1.0,0,nothing,0.0,51.46317598896707,-0.11696662955682402,16991.0712519711
88194ad121fffff,5.0,1.0,2.0,20.0,8.0,1.0,0.0,1.0,72.0,0.0,0.0,0.0,231928.53061118335,5331372.534609488,0.0,63.0,8.0,0.0,0.0,1539.3586005830905,612,5.0,5.0,11.0,1.0,0,nothing,0.0,51.47151325064442,-0.1657092041882525,16993.55863200025
88194ad123fffff,4.0,1.0,1.0,54.0,4.0,0.0,1.0,1.0,107.0,0.0,9.0,0.0,1066143.379866012,6145900.800060426,0.0,94.0,19.0,0.0,0.0,0.0,616,5.0,6.0,21.0,0.0,0,nothing,0.0,51.463756032022104,-0.16144589332896844,16993.72765580565
88194ad125fffff,3.0,0.0,0.0,8.0,0.0,0.0,3.0,0.0,59.0,0.0,2.0,1.0,163294.42482274811,5227433.526289683,0.0,23.0,12.0,1.0,0.0,8740.524781341108,627,6.0,45.0,11.0,0.0,0,nothing,1.0,51.47359485637475,-0.17790025555162675,16994.18031767402
88194ad127fffff,7.0,1.0,2.0,47.0,5.0,0.0,0.0,1.0,105.0,0.0,12.0,0.0,734603.5080404116,5495729.683354592,0.0,55.0,22.0,1.0,3.0,2116.6180758017495,631,5.0,10.0,20.0,1.0,0,nothing,0.0,51.46583777940799,-0.1736346905313954,16994.349528353592
88194ad129fffff,3.0,0.0,1.0,17.0,3.0,2.0,6.0,0.0,49.0,0.0,2.0,0.0,2320635.7712538787,4051530.010300926,1.0,22.0,3.0,0.0,0.0,1539.3586005830905,593,1.0,125.0,8.0,0.0,1,Taxi,0.0,51.477187515835006,-0.15778268424459369,16992.76780523692
88194ad12bfffff,4.0,0.0,0.0,34.0,6.0,0.0,0.0,0.0,80.0,2.0,3.0,0.0,91886.10386246242,2766991.742249279,0.0,39.0,14.0,0.0,0.0,0.0,597,3.0,0.0,11.0,1.0,0,nothing,0.0,51.46943056044682,-0.15352031537996985,16992.93688247383
88194ad12dfffff,2.0,0.0,0.0,12.0,1.0,0.0,1.0,0.0,45.0,0.0,3.0,1.0,661563.6094047026,6248835.093257275,0.0,56.0,15.0,0.0,0.0,0.0,608,4.0,33.0,7.0,0.0,0,nothing,0.0,51.47927006448822,-0.16997382754239718,16993.38936794068
88194ad131fffff,1.0,0.0,1.0,33.0,1.0,3.0,0.0,0.0,97.0,1.0,1.0,0.0,330894.12175600376,5456128.866901155,0.0,74.0,15.0,1.0,3.0,4008.746355685131,606,6.0,8.0,11.0,0.0,0,nothing,0.0,51.45391543673716,-0.1449995125509285,16993.274316251125
88194ad133fffff,0.0,0.0,2.0,1.0,0.0,0.0,0.0,0.0,22.0,0.0,0.0,0.0,0.0,1842391.2866161617,0.0,64.0,7.0,0.0,0.0,0.0,610,1.0,2.0,4.0,0.0,0,nothing,0.0,51.44615726918795,-0.14074107746999953,16993.44267264624
88194ad135fffff,0.0,0.0,1.0,5.0,1.0,0.0,0.0,0.0,40.0,1.0,0.0,0.0,0.0,5507692.731001984,0.0,28.0,11.0,0.0,0.0,13629.737609329446,621,6.0,5.0,7.0,0.0,0,nothing,0.0,51.45599840900745,-0.1571838944059474,16993.896439284108
88194ad137fffff,0.0,0.0,0.0,21.0,3.0,0.0,0.0,0.0,48.0,0.0,7.0,0.0,295320.5643109916,3149625.486111111,0.0,60.0,7.0,0.0,0.0,0.0,625,2.0,5.0,13.0,0.0,0,nothing,0.0,51.44824038198672,-0.15292320686080482,16994.064982362936
88194ad139fffff,1.0,0.0,0.0,66.0,5.0,0.0,1.0,3.0,142.0,0.0,6.0,0.0,383420.26206862874,5614939.540775098,0.0,71.0,17.0,1.0,3.0,7408.163265306122,586,3.0,12.0,22.0,1.0,0,nothing,1.0,51.45958928578974,-0.13707478607617188,16992.48371956428
88194ad13bfffff,0.0,0.0,0.0,1.0,1.0,0.0,1.0,0.0,29.0,0.0,0.0,0.0,48134.767025702924,4786585.77435065,0.0,58.0,8.0,0.0,0.0,0.0,591,2.0,0.0,7.0,0.0,0,nothing,0.0,51.45183138149071,-0.13281729308395213,16992.65212968023
88194ad13dfffff,2.0,0.0,0.0,2.0,0.0,0.0,0.0,0.0,37.0,0.0,0.0,0.0,71884.55732856314,6123576.538495671,1.0,35.0,11.0,0.0,0.0,6413.99416909621,602,1.0,31.0,6.0,0.0,1,Public use,0.0,51.46167320061884,-0.1492592583348731,16993.105719502793
88194ad141fffff,6.0,0.0,1.0,28.0,2.0,0.0,1.0,1.0,126.0,0.0,1.0,1.0,497725.1338290452,7635152.621839136,0.0,62.0,26.0,0.0,0.0,0.0,516,5.0,20.0,14.0,1.0,0,nothing,0.0,51.49211661271494,-0.12180767405746336,16989.7744851233
88194ad143fffff,5.0,0.0,0.0,31.0,9.0,0.0,1.0,6.0,174.0,0.0,7.0,0.0,305089.9828660121,8773198.93882674,0.0,99.0,16.0,1.0,2.0,96.20991253644316,521,20.0,55.0,17.0,5.0,0,nothing,1.0,51.48436030721975,-0.11755038897247673,16989.943535679486
88194ad145fffff,11.0,6.0,1.0,57.0,7.0,0.0,1.0,2.0,157.0,0.0,3.0,0.0,44991.94247429235,4611081.928011874,0.0,52.0,18.0,0.0,0.0,1154.5189504373177,534,9.0,32.0,28.0,0.0,0,nothing,0.0,51.49420307385239,-0.13399692382409473,16990.39574286245
88194ad147fffff,3.0,1.0,1.0,15.0,4.0,0.0,1.0,2.0,131.0,0.0,3.0,1.0,129638.89889517066,10670450.343407018,0.0,75.0,23.0,3.0,7.0,2309.0379008746354,538,6.0,63.0,11.0,1.0,0,nothing,3.0,51.486446909118,-0.12973738361370532,16990.564979989344
88194ad149fffff,11.0,0.0,1.0,68.0,7.0,0.0,0.0,2.0,294.0,0.0,1.0,0.0,828879.9875308204,5970833.934102666,0.0,122.0,26.0,1.0,1.0,0.0,494,6.0,33.0,33.0,3.0,0,nothing,3.0,51.49778510978601,-0.11387693185405134,16988.98405996744
88194ad14bfffff,7.0,1.0,2.0,36.0,3.0,0.0,1.0,1.0,129.0,1.0,3.0,0.0,302773.3267091088,5917987.381094577,2.0,101.0,17.0,1.0,0.0,0.0,498,7.0,26.0,22.0,1.0,1,Taxi,1.0,51.49002906827038,-0.10962059087136401,16989.15316373703
88194ad14dfffff,4.0,6.0,0.0,18.0,3.0,0.0,4.0,0.0,168.0,0.0,4.0,1.0,1682092.4249727195,7556338.2223066995,0.0,82.0,23.0,1.0,5.0,0.0,511,2.0,9.0,29.0,0.0,0,nothing,3.0,51.499872513581074,-0.1260662704928739,16989.605194834407
88194ad151fffff,0.0,0.0,2.0,8.0,4.0,0.0,0.0,1.0,58.0,1.0,2.0,0.0,158748.70213751626,4452831.22508658,0.0,62.0,16.0,0.0,0.0,22448.979591836734,508,6.0,20.0,11.0,0.0,0,nothing,0.0,51.474515772753065,-0.1011118403692533,16989.490652143697
88194ad153fffff,0.0,1.0,0.0,18.0,3.0,0.0,1.0,1.0,154.0,0.0,7.0,0.0,433008.63878483244,3412458.5437463922,0.0,69.0,12.0,1.0,0.0,1346.938775510204,513,10.0,86.0,10.0,1.0,0,nothing,0.0,51.466758519522685,-0.09685942973332165,16989.65903663584
88194ad155fffff,4.0,1.0,2.0,19.0,4.0,0.0,0.0,0.0,120.0,0.0,4.0,0.0,4504.588025662586,3032836.515746753,0.0,82.0,16.0,0.0,0.0,1603.4985422740524,525,3.0,8.0,18.0,2.0,0,nothing,0.0,51.47660359748125,-0.11329441467927821,16990.112346430345
88194ad157fffff,2.0,0.0,2.0,13.0,1.0,0.0,0.0,1.0,47.0,0.0,4.0,0.0,640414.0997603541,2936530.1814796776,0.0,74.0,14.0,0.0,0.0,8819.241982507288,530,1.0,4.0,8.0,0.0,0,nothing,0.0,51.46884648388515,-0.10903975061951825,16990.280917303364
88194ad159fffff,1.0,0.0,2.0,23.0,2.0,0.0,0.0,0.0,107.0,0.0,5.0,0.0,116916.70534100196,5140742.517361111,0.0,36.0,11.0,0.0,0.0,12827.98833819242,486,4.0,7.0,19.0,2.0,0,nothing,0.0,51.48018385544344,-0.09318289890834763,16988.700456529692
88194ad15bfffff,0.0,0.0,0.0,68.0,9.0,0.0,0.0,0.0,173.0,0.0,4.0,0.0,607286.6015517649,7275403.242261904,0.0,36.0,19.0,1.0,0.0,0.0,491,3.0,21.0,14.0,0.0,0,nothing,2.0,51.47242686620926,-0.08893143246511617,16988.868894523795
88194ad15dfffff,1.0,0.0,1.0,11.0,3.0,1.0,1.0,1.0,68.0,0.0,1.0,0.0,57275.80999966466,5624701.325429894,0.0,63.0,15.0,0.0,0.0,0.0,503,0.0,4.0,9.0,1.0,0,nothing,1.0,51.48227262246417,-0.10536556056257118,16989.322027819955
88194ad161fffff,5.0,7.0,0.0,34.0,4.0,0.0,6.0,1.0,190.0,0.0,9.0,0.0,49989.34241243821,4674358.523768038,0.0,60.0,27.0,1.0,1.0,769.6793002915452,570,11.0,71.0,30.0,0.0,0,nothing,2.0,51.49061686197399,-0.15411786948799164,16991.80767748389
88194ad163fffff,4.0,0.0,0.0,22.0,0.0,0.0,1.0,2.0,65.0,0.0,0.0,1.0,467095.57084130676,9779435.534722222,0.0,21.0,8.0,0.0,0.0,0.0,574,4.0,31.0,1.0,0.0,0,nothing,0.0,51.482860574851756,-0.14985513080168467,16991.977048101162
88194ad165fffff,7.0,25.0,0.0,45.0,9.0,0.0,2.0,0.0,338.0,0.0,3.0,0.0,147838.32791728977,4950059.166666667,0.0,52.0,14.0,0.0,0.0,384.8396501457726,585,15.0,77.0,24.0,1.0,0,nothing,0.0,51.49270021174762,-0.16631135966747793,16992.42893043029
88194ad167fffff,3.0,8.0,1.0,11.0,3.0,0.0,0.0,1.0,96.0,0.0,2.0,0.0,235458.28285307068,6655770.814920635,0.0,30.0,7.0,0.0,0.0,0.0,589,10.0,93.0,10.0,0.0,0,nothing,0.0,51.484944066397304,-0.16204636548743767,16992.598487864798
88194ad169fffff,9.0,8.0,1.0,119.0,7.0,0.0,2.0,5.0,222.0,0.0,20.0,0.0,726063.8899578778,6869876.240843169,0.0,109.0,56.0,2.0,8.0,1154.5189504373177,550,8.0,36.0,43.0,0.0,0,nothing,0.0,51.4962884510905,-0.14618833964544883,16991.016936835433
88194ad16bfffff,8.0,0.0,1.0,22.0,5.0,0.0,2.0,1.0,194.0,0.0,3.0,0.0,79253.15810428637,3252820.6171239177,2.0,38.0,17.0,0.0,0.0,769.6793002915452,554,9.0,24.0,25.0,1.0,1,Public use,0.0,51.48853242756679,-0.14192654396096605,16991.18636063051
88194ad16dfffff,4.0,8.0,0.0,49.0,6.0,0.0,0.0,1.0,241.0,0.0,9.0,0.0,91490.1454196885,8218700.967990621,2.0,56.0,9.0,1.0,5.0,1924.198250728863,566,14.0,23.0,33.0,0.0,1,Public use,0.0,51.49837274383707,-0.15838192099466042,16991.63806692312
88194ad181fffff,0.0,0.0,0.0,6.0,1.0,0.0,0.0,0.0,14.0,0.0,0.0,0.0,0.0,1905778.5157196969,0.0,23.0,11.0,0.0,0.0,0.0,591,0.0,7.0,5.0,0.0,0,nothing,0.0,51.418710040745516,-0.10362936229575781,16992.700370690185
88194ad183fffff,0.0,0.0,0.0,1.0,0.0,0.0,0.0,0.0,7.0,0.0,0.0,0.0,0.0,2424413.6096590906,0.0,0.0,7.0,0.0,0.0,0.0,595,0.0,0.0,4.0,0.0,0,nothing,0.0,51.4109499853857,-0.0993806629420392,16992.86739224764
88194ad185fffff,0.0,0.0,0.0,2.0,0.0,0.0,1.0,0.0,5.0,0.0,0.0,0.0,62964.61263892264,3181678.7531565656,0.0,16.0,6.0,0.0,0.0,0.0,607,0.0,24.0,7.0,0.0,0,nothing,0.0,51.42079573486507,-0.11580041582145487,16993.32336635259
88194ad187fffff,0.0,0.0,0.0,0.0,0.0,0.0,0.0,0.0,0.0,0.0,0.0,0.0,22023.97679789712,2459646.090909091,0.0,11.0,5.0,0.0,0.0,0.0,611,0.0,0.0,3.0,0.0,0,nothing,0.0,51.41303581778203,-0.11154946739657656,16993.490574211308
88194ad189fffff,1.0,0.0,0.0,0.0,0.0,0.0,0.0,0.0,88.0,0.0,1.0,0.0,6405.960950632156,1752882.4096031745,0.0,26.0,14.0,0.0,0.0,0.0,572,2.0,32.0,7.0,0.0,0,nothing,0.0,51.42438305870873,-0.09570822789641281,16991.910236263004
88194ad18bfffff,0.0,0.0,0.0,1.0,0.0,0.0,0.0,0.0,5.0,0.0,0.0,0.0,147651.07978404357,2557682.201715368,0.0,17.0,16.0,0.0,0.0,0.0,576,0.0,20.0,8.0,0.0,0,nothing,0.0,51.41662326662953,-0.09146047081395454,16992.0773121193
88194ad18dfffff,0.0,0.0,0.0,5.0,2.0,0.0,0.0,0.0,16.0,0.0,1.0,0.0,15509.73070544764,2342583.880007215,0.0,16.0,10.0,0.0,0.0,0.0,587,0.0,0.0,9.0,0.0,0,nothing,0.0,51.42646969465891,-0.10787936877481015,16992.533108583626
88194ad191fffff,0.0,0.0,0.0,0.0,0.0,1.0,0.0,0.0,4.0,0.0,0.0,0.0,505722.46674012346,1845336.5770896464,0.0,5.0,15.0,0.0,0.0,0.0,584,1.0,9.0,7.0,0.0,0,nothing,0.0,51.40110247953176,-0.08296887544663666,16992.410742253385
88194ad193fffff,0.0,0.0,0.0,1.0,0.0,0.0,0.0,0.0,8.0,0.0,0.0,0.0,121374.6716486864,1780172.0609108945,0.0,2.0,12.0,0.0,0.0,0.0,588,0.0,1.0,3.0,0.0,0,nothing,0.0,51.393341485285376,-0.07872503605005868,16992.577096387413
88194ad195fffff,0.0,0.0,0.0,9.0,3.0,1.0,0.0,0.0,36.0,1.0,1.0,0.0,0.0,1644748.146818182,0.0,5.0,7.0,0.0,0.0,0.0,599,0.0,12.0,8.0,0.0,0,nothing,0.0,51.40318952896559,-0.09513327015743256,16993.03417318398
88194ad197fffff,0.0,0.0,0.0,3.0,1.0,0.0,0.0,0.0,21.0,0.0,2.0,0.0,1934188.8094886937,4179923.9193272,0.0,17.0,12.0,1.0,0.0,0.0,604,1.0,3.0,10.0,0.0,0,nothing,0.0,51.39542867187141,-0.09088718338598328,16993.20071342727
88194ad199fffff,0.0,0.0,0.0,1.0,0.0,0.0,0.0,1.0,8.0,0.0,0.0,0.0,59277.21983634681,3467822.4749999996,0.0,0.0,7.0,0.0,0.0,0.0,565,0.0,0.0,3.0,0.0,0,nothing,0.0,51.406775082541465,-0.07504953963949812,16991.620840007457
88194ad19bfffff,0.0,0.0,0.0,6.0,1.0,0.0,1.0,0.0,17.0,0.0,2.0,0.0,180303.7248462731,2656898.393931277,0.0,17.0,13.0,1.0,0.0,0.0,569,1.0,1.0,10.0,1.0,0,nothing,0.0,51.399014351590104,-0.07080664260270486,16991.787248729
88194ad19dfffff,0.0,0.0,0.0,3.0,1.0,0.0,0.0,0.0,12.0,0.0,0.0,0.0,0.0,4518204.879834055,0.0,14.0,14.0,0.0,0.0,0.0,580,1.0,8.0,7.0,0.0,0,nothing,0.0,51.40886307344186,-0.08721402018268916,16992.2441474734
88194ad1a1fffff,0.0,0.0,0.0,5.0,2.0,0.0,0.0,0.0,36.0,0.0,0.0,0.0,262145.5286205139,1838335.2376893938,0.0,36.0,5.0,1.0,0.0,0.0,641,1.0,0.0,7.0,0.0,0,nothing,0.0,51.4172042415684,-0.13589355930248254,16994.73674923102
88194ad1a3fffff,0.0,0.0,0.0,0.0,0.0,0.0,0.0,0.0,1.0,0.0,0.0,0.0,133506.9606456308,1068248.264069264,0.0,10.0,4.0,0.0,0.0,0.0,645,0.0,0.0,4.0,0.0,0,nothing,0.0,51.40944420031161,-0.1316394202817367,16994.90408922418
88194ad1a5fffff,0.0,0.0,0.0,0.0,2.0,0.0,0.0,0.0,6.0,0.0,2.0,0.0,0.0,1759052.1742424243,0.0,29.0,11.0,0.0,0.0,0.0,657,0.0,1.0,4.0,0.0,0,nothing,0.0,51.41928683177665,-0.1480688457070797,16995.35974204891
88194ad1a7fffff,0.0,0.0,0.0,8.0,1.0,0.0,0.0,0.0,28.0,0.0,0.0,0.0,22138.504107274905,2837079.5064935065,0.0,25.0,17.0,0.0,0.0,0.0,661,3.0,1.0,7.0,0.0,0,nothing,0.0,51.41152692980578,-0.1438124572459054,16995.527268590336
88194ad1a9fffff,0.0,0.0,0.0,2.0,0.0,0.0,0.0,1.0,28.0,0.0,2.0,0.0,1352324.9450743343,5947827.098561508,1.0,45.0,18.0,1.0,1.0,0.0,622,3.0,19.0,8.0,0.0,1,Taxi,0.0,51.42288034839712,-0.12797363086857283,16993.946298987546
88194ad1abfffff,0.0,0.0,0.0,7.0,0.0,0.0,0.0,1.0,69.0,0.0,1.0,0.0,439065.76381193264,2832438.4311868683,1.0,50.0,11.0,1.0,0.0,0.0,626,2.0,0.0,7.0,1.0,1,Taxi,0.0,51.41512057003989,-0.12372043302435948,16994.113693245443
88194ad1adfffff,0.0,0.0,0.0,1.0,0.0,0.0,0.0,0.0,12.0,0.0,0.0,0.0,9131.000481110237,3364532.009152537,0.0,27.0,8.0,0.0,0.0,0.0,637,1.0,0.0,3.0,0.0,0,nothing,0.0,51.42496388075065,-0.1401490069137005,16994.569168475984
88194ad1b1fffff,0.0,0.0,0.0,0.0,1.0,0.0,0.0,0.0,16.0,0.0,1.0,0.0,202866.4153995978,1164596.88510101,1.0,31.0,9.0,0.0,0.0,0.0,634,0.0,0.0,7.0,0.0,1,Taxi,0.0,51.39959980850278,-0.11521796052973231,16994.44775954414
88194ad1b3fffff,0.0,0.0,0.0,9.0,21.0,0.0,0.0,0.0,32.0,0.0,2.0,0.0,1785367.2920520867,2739645.818262987,1.0,29.0,18.0,0.0,0.0,0.0,638,2.0,4.0,9.0,0.0,1,Public use,0.0,51.39183882609552,-0.11096868476683677,16994.61443144077
88194ad1b5fffff,0.0,0.0,1.0,0.0,0.0,0.0,0.0,0.0,4.0,0.0,0.0,0.0,134296.26246392794,1067383.7063492064,0.0,12.0,12.0,0.0,0.0,0.0,649,0.0,2.0,4.0,0.0,0,nothing,0.0,51.401683757366676,-0.12738658929485958,16995.07118838325
88194ad1b7fffff,0.0,0.0,0.0,0.0,0.0,0.0,0.0,0.0,6.0,0.0,0.0,0.0,122515.36552119002,3924993.8636363638,3.0,1.0,2.0,0.0,0.0,0.0,653,0.0,0.0,3.0,0.0,1,Public use,0.0,51.39392291312004,-0.12313506578547992,16995.23804663609
88194ad1b9fffff,0.0,0.0,0.0,7.0,0.0,0.0,0.0,0.0,25.0,0.0,0.0,0.0,39711.19087325703,3463076.359090909,0.0,9.0,13.0,0.0,0.0,0.0,615,1.0,3.0,8.0,0.0,0,nothing,0.0,51.40527549930074,-0.1072998262146457,16993.657541401946
88194ad1bbfffff,0.0,0.0,0.0,7.0,1.0,0.0,1.0,1.0,28.0,0.0,0.0,0.0,461629.3696596209,2081822.2145959595,0.0,20.0,17.0,1.0,0.0,0.0,619,1.0,2.0,10.0,0.0,0,nothing,0.0,51.39751477980744,-0.10305149171950734,16993.824267852484
88194ad1bdfffff,0.0,0.0,0.0,3.0,0.0,0.0,0.0,0.0,20.0,0.0,2.0,0.0,11472.96074160605,3201097.9406565656,0.0,17.0,13.0,0.0,0.0,0.0,630,0.0,0.0,7.0,0.0,0,nothing,0.0,51.40736038994633,-0.11946854309687503,16994.280846788348
88194ad1c1fffff,0.0,0.0,0.0,3.0,2.0,0.0,0.0,0.0,42.0,0.0,1.0,0.0,237919.16290670924,1293163.6845238095,0.0,52.0,12.0,1.0,0.0,0.0,548,1.0,5.0,11.0,0.0,0,nothing,0.0,51.43781399864069,-0.09203418555831144,16990.95280056914
88194ad1c3fffff,0.0,0.0,1.0,1.0,1.0,0.0,0.0,0.0,274.0,0.0,0.0,0.0,51967.49683804311,5220875.266666667,0.0,42.0,14.0,0.0,0.0,0.0,553,8.0,30.0,18.0,0.0,0,nothing,0.0,51.43005487154375,-0.08778606430077414,16991.120170967737
88194ad1c5fffff,0.0,0.0,0.0,25.0,6.0,0.0,0.0,0.0,158.0,0.0,3.0,0.0,30757.354680342207,7499947.645833333,0.0,104.0,18.0,1.0,0.0,0.0,564,3.0,1.0,16.0,0.0,0,nothing,0.0,51.43990143799756,-0.10420766364039624,16991.575363331867
88194ad1c7fffff,0.0,0.0,0.0,42.0,4.0,0.0,1.0,3.0,150.0,0.0,3.0,0.0,86524.25115453178,3380011.196111111,0.0,39.0,14.0,1.0,0.0,0.0,568,4.0,8.0,10.0,1.0,0,nothing,0.0,51.43214244929341,-0.09995729198637163,16991.742919976503
88194ad1c9fffff,1.0,0.0,0.0,1.0,0.0,1.0,0.0,0.0,19.0,0.0,1.0,0.0,750722.1602904038,2525555.8333333335,0.0,19.0,8.0,0.0,0.0,0.0,527,0.0,27.0,3.0,0.0,0,nothing,0.0,51.44348434257305,-0.08411004959297033,16990.162750399402
88194ad1cbfffff,0.0,0.0,0.0,0.0,0.0,0.0,0.0,0.0,7.0,0.0,0.0,0.0,158923.76799859825,625596.7142857143,0.0,7.0,0.0,1.0,0.0,0.0,532,1.0,5.0,3.0,0.0,0,nothing,0.0,51.43572547912286,-0.07986287161116658,16990.33017484232
88194ad1cdfffff,0.0,0.0,1.0,3.0,0.0,0.0,0.0,0.0,24.0,0.0,1.0,0.0,185759.8012721995,5127010.53125,0.0,43.0,7.0,0.0,0.0,0.0,544,3.0,15.0,5.0,0.0,0,nothing,0.0,51.445572723809164,-0.09628361426191917,16990.78518993123
88194ad1d1fffff,0.0,0.0,0.0,2.0,0.0,0.0,1.0,0.0,81.0,0.0,1.0,0.0,1184385.1386145195,5013161.288194445,0.0,5.0,9.0,1.0,0.0,0.0,541,0.0,78.0,7.0,0.0,0,nothing,0.0,51.42020654783681,-0.07137243540448938,16990.664303078338
88194ad1d3fffff,0.0,0.0,1.0,3.0,2.0,1.0,0.0,1.0,22.0,0.0,0.0,0.0,737891.1626275163,2932842.915972222,0.0,9.0,18.0,1.0,0.0,0.0,545,2.0,14.0,8.0,0.0,0,nothing,0.0,51.41244648077266,-0.06712917606708652,16990.831006727596
88194ad1d5fffff,0.0,0.0,0.0,8.0,0.0,0.0,0.0,1.0,42.0,0.0,0.0,0.0,64742.2951819253,4217631.140873016,0.0,43.0,13.0,1.0,0.0,0.0,557,4.0,9.0,15.0,0.0,0,nothing,0.0,51.422295342904285,-0.08353924993261475,16991.287301054967
88194ad1d7fffff,0.0,0.0,0.0,1.0,0.0,0.0,1.0,0.0,21.0,0.0,1.0,0.0,135420.446886011,3201625.061976912,0.0,11.0,13.0,0.0,0.0,0.0,561,0.0,14.0,15.0,1.0,0,nothing,0.0,51.41453541310819,-0.07929374189756061,16991.45419075884
88194ad1d9fffff,0.0,0.0,0.0,0.0,1.0,0.0,0.0,0.0,3.0,0.0,0.0,0.0,236277.0538425803,4738302.977777778,0.0,11.0,14.0,0.0,0.0,0.0,519,2.0,34.0,6.0,0.0,0,nothing,0.0,51.42587647750006,-0.0634501008061088,16989.8744844699
88194ad1dbfffff,0.0,0.0,2.0,13.0,0.0,0.0,0.0,1.0,48.0,0.0,2.0,0.0,474049.48562291625,5082385.49361111,0.0,13.0,9.0,2.0,0.0,0.0,524,0.0,44.0,15.0,0.0,0,nothing,0.0,51.418116674097625,-0.05920778483208923,16990.041242451876
88194ad1ddfffff,0.0,0.0,0.0,1.0,0.0,0.0,0.0,0.0,5.0,0.0,2.0,0.0,37114.01339160649,7505270.614583334,0.0,30.0,17.0,0.0,0.0,0.0,536,1.0,9.0,5.0,0.0,0,nothing,0.0,51.42796621408216,-0.07561700040046865,16990.497359092613
88194ad1e1fffff,0.0,0.0,0.0,27.0,2.0,0.0,0.0,1.0,98.0,1.0,3.0,0.0,69268.50233413477,3388549.706529582,0.0,83.0,20.0,1.0,0.0,0.0,598,1.0,2.0,9.0,0.0,0,nothing,0.0,51.43631436329154,-0.12430623662617817,16992.98822891943
88194ad1e3fffff,0.0,0.0,0.0,0.0,0.0,0.0,0.0,0.0,7.0,0.0,0.0,0.0,125631.27122304456,3922284.751839827,0.0,37.0,13.0,0.0,0.0,0.0,603,0.0,1.0,9.0,0.0,0,nothing,0.0,51.42855525016364,-0.12005267204574095,16993.155917897904
88194ad1e5fffff,0.0,0.0,0.0,1.0,0.0,0.0,0.0,0.0,7.0,0.0,0.0,0.0,0.0,1876375.174242424,0.0,10.0,1.0,0.0,0.0,0.0,614,0.0,1.0,4.0,0.0,0,nothing,0.0,51.43839869835741,-0.13648395253429008,16993.610788615628
88194ad1e7fffff,0.0,0.0,0.0,13.0,3.0,0.0,0.0,1.0,76.0,0.0,8.0,0.0,141864.07171854188,5858506.171576015,0.0,74.0,20.0,0.0,0.0,0.0,618,2.0,3.0,12.0,2.0,0,nothing,0.0,51.43063972463172,-0.13222813718622345,16993.778664086843
88194ad1e9fffff,0.0,0.0,0.0,1.0,2.0,0.0,0.0,0.0,22.0,0.0,1.0,0.0,16478.999730513235,5073773.625,0.0,75.0,17.0,0.0,0.0,0.0,579,0.0,0.0,10.0,0.0,0,nothing,0.0,51.44198779660201,-0.11638330533526293,16992.19786301162
88194ad1ebfffff,0.0,0.0,0.0,1.0,0.0,0.0,1.0,0.0,8.0,0.0,1.0,0.0,16640.71730017048,3278364.524801587,0.0,29.0,17.0,0.0,0.0,0.0,583,3.0,1.0,9.0,0.0,0,nothing,0.0,51.434228946739786,-0.11213068293570104,16992.365606000043
88194ad1edfffff,0.0,0.0,0.0,8.0,1.0,0.0,0.0,1.0,52.0,0.0,1.0,0.0,52384.821869516454,5506376.212121212,1.0,70.0,21.0,0.0,0.0,0.0,595,1.0,0.0,10.0,0.0,1,Public use,0.0,51.444073073862604,-0.12856111011981525,16992.82029948942
88194ad201fffff,2.0,0.0,0.0,18.0,1.0,0.0,1.0,2.0,57.0,0.0,1.0,0.0,25277764.919591706,11097563.06741342,0.0,70.0,12.0,1.0,3.0,0.0,298,3.0,91.0,6.0,0.0,0,nothing,0.0,51.49802257924154,0.007360138712449324,16981.644793471994
88194ad203fffff,1.0,0.0,0.0,11.0,0.0,0.0,0.0,1.0,46.0,0.0,0.0,0.0,11598053.55948128,8720738.310851743,0.0,116.0,17.0,0.0,0.0,0.0,302,4.0,21.0,6.0,1.0,0,nothing,0.0,51.49026622427345,0.011595605933813365,16981.812569054855
88194ad205fffff,2.0,0.0,1.0,0.0,0.0,0.0,0.0,0.0,22.0,0.0,0.0,0.0,406339.7733619238,8579355.511363637,0.0,28.0,5.0,0.0,0.0,0.0,314,1.0,17.0,2.0,0.0,0,nothing,0.0,51.500121456106775,-0.004812088032630295,16982.26606506846
88194ad207fffff,0.0,0.0,0.0,1.0,0.0,0.0,0.0,0.0,8.0,0.0,0.0,0.0,45100.34751883366,7768148.993160173,0.0,10.0,2.0,0.0,0.0,0.0,319,2.0,12.0,2.0,0.0,0,nothing,0.0,51.49236523785918,-0.0005743672013882246,16982.434026239476
88194ad209fffff,0.0,0.0,0.0,2.0,0.0,3.0,0.0,3.0,53.0,0.0,1.0,1.0,240505.3393824763,2983789.5340277776,0.0,23.0,1.0,0.0,0.0,0.0,276,3.0,29.0,2.0,0.0,0,nothing,0.0,51.50367871384845,0.015295672477377672,16980.855630325812
88194ad20bfffff,0.0,0.0,0.0,1.0,1.0,0.0,1.0,0.0,25.0,0.0,0.0,0.0,49763.08177405382,915455.3433862434,0.0,21.0,0.0,0.0,0.0,0.0,281,8.0,31.0,1.0,0.0,0,nothing,0.0,51.49592262438459,0.019530191220733878,16981.023459262156
88194ad20dfffff,0.0,0.0,1.0,3.0,0.0,0.0,0.0,0.0,47.0,0.0,1.0,1.0,214563.32956436655,8046030.647773832,0.0,11.0,1.0,0.0,0.0,384.8396501457726,293,1.0,62.0,0.0,0.0,0,nothing,0.0,51.50577853209627,0.0031233660364364964,16981.476778998353
88194ad211fffff,0.0,0.0,2.0,2.0,2.0,0.0,0.0,0.0,53.0,0.0,1.0,0.0,209178.0654452847,8236889.768154762,0.0,65.0,10.0,0.0,0.0,0.0,289,0.0,6.0,9.0,2.0,0,nothing,0.0,51.480409240513886,0.027995314934720097,16981.358400529258
88194ad213fffff,0.0,0.0,0.0,4.0,3.0,0.0,0.0,0.0,15.0,1.0,0.0,0.0,52503.98033737441,13574452.0982148,0.0,70.0,13.0,0.0,0.0,0.0,294,0.0,1.0,7.0,0.0,0,nothing,0.0,51.47265194687633,0.03222592101860149,16981.525512716682
88194ad215fffff,0.0,0.0,1.0,12.0,2.0,0.0,0.0,1.0,33.0,1.0,2.0,0.0,141890.16618082358,11294439.505185185,0.0,102.0,13.0,1.0,0.0,0.0,306,4.0,23.0,11.0,0.0,0,nothing,2.0,51.48250946757669,0.01582976825757097,16981.980105675135
88194ad217fffff,0.0,0.0,0.0,12.0,5.0,0.0,0.0,0.0,57.0,0.0,2.0,0.0,217101.12915266195,10639852.60564059,3.0,84.0,22.0,0.0,0.0,0.0,311,2.0,29.0,18.0,0.0,1,Public use,1.0,51.47475230953602,0.02006262624042416,16982.147403261108
88194ad219fffff,0.0,0.0,0.0,7.0,0.0,0.0,0.0,0.0,68.0,0.0,0.0,0.0,2700271.6076271376,3628835.4472222226,0.0,57.0,22.0,1.0,0.0,0.0,269,22.0,5.0,7.0,0.0,0,nothing,0.0,51.48606496506652,0.03592903004511053,16980.56946725458
88194ad21bfffff,0.0,0.0,0.0,9.0,3.0,0.0,0.0,0.0,25.0,0.0,0.0,0.0,521165.33007134893,2705072.202272727,0.0,48.0,4.0,0.0,0.0,0.0,273,0.0,30.0,6.0,0.0,0,nothing,0.0,51.47830793694998,0.04015868757154656,16980.736633082102
88194ad21dfffff,0.0,0.0,0.0,9.0,3.0,0.0,0.0,2.0,88.0,0.0,4.0,0.0,20310746.3581674,7785861.81446523,0.0,101.0,9.0,0.0,0.0,0.0,285,15.0,11.0,6.0,1.0,0,nothing,0.0,51.488166133144865,0.023763405187595985,16981.191049353874
88194ad221fffff,2.0,0.0,0.0,11.0,1.0,0.0,0.0,0.0,47.0,0.0,4.0,0.0,496332.7127921221,1348606.814520202,0.0,11.0,7.0,0.0,0.0,0.0,352,1.0,34.0,5.0,1.0,0,nothing,2.0,51.49656003002982,-0.024920833051896945,16983.676752587082
88194ad223fffff,2.0,0.0,0.0,6.0,0.0,1.0,0.0,2.0,29.0,0.0,0.0,1.0,0.0,1468322.005050505,0.0,13.0,11.0,0.0,0.0,64.1399416909621,356,5.0,17.0,5.0,0.0,0,nothing,0.0,51.48880368382875,-0.020679910867944684,16983.844846124495
88194ad225fffff,0.0,0.0,1.0,4.0,1.0,1.0,1.0,0.0,26.0,0.0,5.0,0.0,374007.98640897346,213839.25714285712,0.0,18.0,10.0,0.0,0.0,0.0,368,3.0,14.0,3.0,0.0,0,nothing,0.0,51.498655807428726,-0.03709732473268414,16984.29802151358
88194ad227fffff,0.0,0.0,2.0,2.0,2.0,0.0,0.0,1.0,50.0,0.0,6.0,1.0,207669.15061294023,1654796.2747474748,0.0,8.0,10.0,0.0,0.0,0.0,373,1.0,17.0,3.0,0.0,0,nothing,0.0,51.49089959895757,-0.03285414855367595,16984.466300884258
88194ad229fffff,5.0,2.0,3.0,170.0,7.0,0.0,0.0,7.0,306.0,0.0,20.0,0.0,80144.4255560459,4584980.103661616,0.0,62.0,17.0,4.0,6.0,0.0,330,19.0,172.0,13.0,1.0,0,nothing,0.0,51.50221925438709,-0.016986488498126024,16982.887273933397
88194ad22bfffff,4.0,0.0,2.0,15.0,4.0,0.0,0.0,0.0,79.0,1.0,6.0,0.0,5425681.960972861,1767794.481439394,0.0,16.0,14.0,2.0,0.0,0.0,335,8.0,101.0,12.0,0.0,0,nothing,0.0,51.49446317330899,-0.012746513702208688,16983.05542078962
88194ad22dfffff,2.0,0.0,3.0,18.0,1.0,0.0,1.0,0.0,93.0,0.0,4.0,2.0,126832.2698414937,2704573.984704185,0.0,28.0,14.0,0.0,0.0,192.4198250728863,347,13.0,66.0,7.0,0.0,0,nothing,0.0,51.50431597348936,-0.029163062166784257,16983.508419948594
88194ad231fffff,0.0,0.0,0.0,41.0,0.0,0.0,6.0,1.0,147.0,0.0,1.0,0.0,1070667.5267860293,2695982.311451247,0.0,39.0,8.0,0.0,0.0,0.0,344,1.0,175.0,21.0,0.0,0,nothing,1.0,51.478949804326234,-0.004270482312878173,16983.390997265295
88194ad233fffff,0.0,0.0,0.0,0.0,0.0,0.0,1.0,0.0,21.0,0.0,1.0,0.0,173884.91535983328,1250462.0854906205,0.0,33.0,10.0,0.0,0.0,0.0,348,1.0,165.0,6.0,0.0,0,nothing,0.0,51.47119251719138,-3.442460537075839e-05,16983.558426741016
88194ad235fffff,0.0,0.0,1.0,49.0,7.0,0.0,2.0,0.0,115.0,1.0,6.0,0.0,103839.3162374149,4048644.1856741807,0.0,81.0,13.0,2.0,1.0,769.6793002915452,361,6.0,69.0,8.0,0.0,0,nothing,0.0,51.48104693527108,-0.016440295057532077,16984.012700488816
88194ad237fffff,0.0,0.0,1.0,18.0,2.0,0.0,1.0,0.0,50.0,1.0,2.0,0.0,427615.98910697154,3258058.934821849,0.0,77.0,15.0,0.0,0.0,0.0,365,16.0,15.0,10.0,2.0,0,nothing,0.0,51.47328978474181,-0.012201985063556353,16984.18031560815
88194ad239fffff,0.0,0.0,1.0,45.0,2.0,2.0,0.0,3.0,122.0,0.0,5.0,0.0,280710.92485892493,5452330.416111111,0.0,132.0,11.0,1.0,0.0,0.0,323,4.0,42.0,18.0,0.0,0,nothing,2.0,51.48460861754541,0.003662048054413955,16982.601748401707
88194ad23bfffff,0.0,0.0,1.0,3.0,0.0,0.0,1.0,0.0,18.0,0.0,0.0,0.0,131421.32305273673,1817902.9994588743,0.0,63.0,9.0,0.0,0.0,0.0,327,0.0,90.0,5.0,0.0,0,nothing,0.0,51.47685159555028,0.007897158291691369,16982.769231483344
88194ad23dfffff,2.0,0.0,1.0,10.0,1.0,0.0,4.0,0.0,66.0,0.0,0.0,1.0,891760.0883674473,2330447.277777778,0.0,15.0,9.0,1.0,1.0,0.0,340,2.0,69.0,5.0,1.0,0,nothing,1.0,51.48670668982707,-0.008507845159516988,16983.223328590888
88194ad241fffff,0.0,0.0,2.0,29.0,1.0,1.0,0.0,0.0,94.0,0.0,8.0,0.0,199929.10054366672,7760575.872222222,0.0,87.0,8.0,0.0,0.0,0.0,252,5.0,9.0,8.0,1.0,0,nothing,0.0,51.51708906314803,0.01899735895468738,16979.898415960495
88194ad243fffff,1.0,0.0,0.0,32.0,1.0,0.0,0.0,0.0,101.0,0.0,2.0,0.0,530804.2474886272,1266145.0390277777,3.0,54.0,14.0,3.0,0.0,3498.542274052478,256,7.0,82.0,7.0,0.0,1,Public use,0.0,51.509333641554406,0.023232233988648432,16980.066536838232
88194ad245fffff,0.0,0.0,2.0,21.0,5.0,0.0,0.0,3.0,83.0,1.0,4.0,0.0,2212797.0532322144,13305766.955555556,5.0,71.0,14.0,1.0,0.0,17457.725947521867,267,2.0,29.0,5.0,0.0,1,Public use,1.0,51.51918968591022,0.006822718432631915,16980.519256206422
88194ad247fffff,1.0,0.0,2.0,24.0,3.0,0.0,0.0,2.0,148.0,1.0,5.0,0.0,273297.12005631987,10161051.089876423,4.0,104.0,21.0,1.0,5.0,6997.084548104956,272,6.0,60.0,1.0,5.0,1,Public use,0.0,51.51143440115185,0.011059848400450037,16980.68756261661
88194ad249fffff,0.0,0.0,1.0,35.0,8.0,0.0,0.0,0.0,123.0,0.0,10.0,0.0,581973.0782220806,3182398.7458333336,0.0,79.0,25.0,0.0,0.0,0.0,233,2.0,23.0,7.0,0.0,0,nothing,0.0,51.5227425179595,0.026935897594202944,16979.109339067203
88194ad24bfffff,0.0,0.0,0.0,8.0,1.0,0.0,0.0,0.0,39.0,0.0,1.0,0.0,558968.9315729024,2710371.309027778,0.0,80.0,10.0,0.0,0.0,0.0,237,1.0,32.0,2.0,0.0,0,nothing,0.0,51.514987362234045,0.03116982314132556,16979.27751304655
88194ad24dfffff,0.0,0.0,0.0,4.0,0.0,0.0,4.0,0.0,49.0,0.0,2.0,0.0,87090.30861555642,1278355.4256944444,0.0,31.0,8.0,0.0,0.0,0.0,248,3.0,19.0,3.0,2.0,0,nothing,1.0,51.52484408214969,0.01476117815104678,16979.7300564996
88194ad251fffff,0.0,0.0,1.0,2.0,0.0,0.0,0.0,1.0,82.0,0.0,0.0,0.0,674470.1959770168,493903.5,0.0,21.0,3.0,0.0,0.0,0.0,245,9.0,77.0,1.0,0.0,0,nothing,0.0,51.49947584440414,0.03963375952047488,16979.613145321913
88194ad253fffff,0.0,0.0,0.0,9.0,0.0,0.0,0.0,0.0,66.0,1.0,0.0,0.0,1824697.337629349,146831.8,0.0,59.0,10.0,0.0,0.0,0.0,249,3.0,31.0,8.0,1.0,0,nothing,0.0,51.49171948306848,0.04386377146656719,16979.780603474515
88194ad255fffff,0.0,0.0,3.0,13.0,4.0,1.0,32.0,1.0,254.0,0.0,1.0,1.0,862236.3321456852,782748.9672619047,0.0,47.0,9.0,2.0,0.0,0.0,261,11.0,133.0,12.0,1.0,0,nothing,1.0,51.50157781775329,0.027465803810360314,16980.234419060995
88194ad257fffff,0.0,0.0,0.0,0.0,0.0,0.0,0.0,0.0,15.0,0.0,0.0,0.0,2887571.9486073805,616246.5138888889,0.0,3.0,1.0,0.0,0.0,0.0,264,0.0,6.0,1.0,0.0,0,nothing,1.0,51.49382159212915,0.03169806897690672,16980.40206255701
88194ad259fffff,0.0,1.0,0.0,11.0,0.0,0.0,0.0,0.0,55.0,0.0,2.0,0.0,1873316.587183313,3055112.375,0.0,61.0,11.0,2.0,0.0,0.0,226,4.0,27.0,4.0,1.0,0,nothing,0.0,51.505128889844556,0.04757047671311317,16978.82429768594
88194ad25bfffff,0.0,0.0,0.0,0.0,0.0,0.0,0.0,0.0,12.0,0.0,0.0,0.0,324600.74948930636,2297810.4722222225,0.0,11.0,2.0,0.0,0.0,0.0,230,1.0,39.0,3.0,1.0,0,nothing,0.0,51.49737279439442,0.05179953909379781,16978.99180922648
88194ad25dfffff,0.0,0.0,0.0,5.0,0.0,0.0,0.0,2.0,41.0,0.0,1.0,0.0,2956402.2584661925,4638030.5,2.0,29.0,8.0,1.0,0.0,5830.903790087464,242,0.0,34.0,2.0,0.0,1,Public use,0.0,51.50723180425414,0.03540244359770892,16979.445448488696
88194ad261fffff,2.0,0.0,0.0,20.0,2.0,1.0,3.0,0.0,94.0,1.0,4.0,0.0,156374.7481793028,11773171.550030062,0.0,31.0,23.0,1.0,2.0,192.4198250728863,305,7.0,66.0,10.0,0.0,0,nothing,0.0,51.51563268486432,-0.013291448650672165,16981.929425987688
88194ad263fffff,4.0,3.0,1.0,29.0,3.0,0.0,4.0,0.0,103.0,0.0,3.0,0.0,3163755.5547073917,17219044.931014907,0.0,70.0,25.0,2.0,2.0,0.0,309,12.0,67.0,10.0,0.0,0,nothing,0.0,51.507877271903396,-0.00905111499655816,16982.09786496054
88194ad265fffff,6.0,0.0,1.0,3.0,2.0,0.0,1.0,0.0,77.0,0.0,2.0,0.0,402887.549063557,3111166.0817340068,0.0,48.0,15.0,0.0,0.0,0.0,321,2.0,60.0,5.0,1.0,0,nothing,0.0,51.51773020779248,-0.025470359079823462,16982.550263344092
88194ad267fffff,3.0,1.0,4.0,21.0,1.0,0.0,2.0,3.0,165.0,0.0,9.0,0.0,1217420.67078529,10272735.455363154,0.0,71.0,12.0,4.0,8.0,0.0,326,8.0,101.0,11.0,0.0,0,nothing,1.0,51.509974932676535,-0.021227770104762983,16982.718888094205
88194ad269fffff,0.0,0.0,0.0,2.0,0.0,0.0,0.0,0.0,53.0,0.0,0.0,0.0,736826.0966348958,9790804.936111111,0.0,25.0,9.0,0.0,0.0,23516.03498542274,283,3.0,18.0,5.0,0.0,0,nothing,0.0,51.52128922992701,-0.005354097908849902,16981.140033666277
88194ad26bfffff,2.0,1.0,2.0,8.0,2.0,0.0,7.0,0.0,96.0,1.0,3.0,0.0,364294.4857247713,20347817.403270755,1.0,72.0,9.0,1.0,0.0,769.6793002915452,288,5.0,110.0,5.0,2.0,1,Public use,0.0,51.51353408245298,-0.0011147126514551157,16981.308525705797
88194ad26dfffff,1.0,0.0,1.0,12.0,2.0,0.0,1.0,0.0,54.0,0.0,2.0,0.0,426885.4500104828,3416008.0361111113,0.0,35.0,14.0,3.0,1.0,192.4198250728863,300,7.0,20.0,12.0,3.0,0,nothing,0.0,51.52338769460483,-0.017533089552816156,16981.760748221946
88194ad281fffff,0.0,0.0,0.0,0.0,0.0,0.0,0.0,0.0,1.0,0.0,2.0,0.0,104213.81836866225,4443323.417857143,0.0,17.0,7.0,0.0,0.0,0.0,329,0.0,6.0,3.0,0.0,0,nothing,0.0,51.443719671629744,0.03698102588718356,16982.81420183039
88194ad283fffff,0.0,0.0,0.0,0.0,0.0,0.0,0.0,0.0,11.0,0.0,0.0,0.0,623061.5881950913,1737222.725,0.0,6.0,6.0,0.0,0.0,0.0,333,0.0,7.0,6.0,0.0,0,nothing,0.0,51.43596051264143,0.04120737050628717,16982.980303171826
88194ad285fffff,0.0,0.0,0.0,0.0,0.0,0.0,0.0,0.0,300.0,0.0,0.0,0.0,339708.01887401403,5747495.012926004,0.0,31.0,11.0,0.0,0.0,0.0,345,0.0,24.0,5.0,0.0,0,nothing,0.0,51.44581949845314,0.024824560184807172,16983.436771570374
88194ad287fffff,0.0,0.0,0.0,0.0,1.0,0.0,0.0,0.0,153.0,0.0,0.0,0.0,372019.4568216024,1129458.5837301586,0.0,19.0,3.0,0.0,0.0,0.0,350,3.0,9.0,2.0,0.0,0,nothing,0.0,51.438060473824244,0.029053153673804986,16983.603058174565
88194ad289fffff,0.0,0.0,0.0,4.0,1.0,0.0,0.0,0.0,11.0,0.0,0.0,0.0,320284.1839299255,3029825.6845238097,0.0,12.0,9.0,0.0,0.0,0.0,307,0.0,18.0,4.0,0.0,0,nothing,0.0,51.44937766377117,0.044909922851311845,16982.02541463612
88194ad28bfffff,0.0,0.0,0.0,0.0,0.0,0.0,0.0,0.0,11.0,0.0,1.0,0.0,287140.71438660147,2629836.774404762,0.0,17.0,6.0,1.0,0.0,0.0,312,0.0,9.0,4.0,0.0,0,nothing,0.0,51.44161876995443,0.049135319841310386,16982.19157015701
88194ad28dfffff,0.0,0.0,0.0,0.0,0.0,0.0,0.0,0.0,225.0,0.0,1.0,0.0,634872.1742887319,7115484.1636883095,0.0,28.0,15.0,0.0,0.0,0.0,324,0.0,6.0,13.0,0.0,0,nothing,0.0,51.45147843119822,0.03275337970648417,16982.647861097237
88194ad291fffff,0.0,0.0,0.0,0.0,0.0,0.0,0.0,0.0,10.0,0.0,0.0,0.0,84027.66392034947,577181.3142857143,0.0,14.0,12.0,0.0,0.0,0.0,321,0.0,5.0,3.0,0.0,0,nothing,0.0,51.42609978545717,0.057582211720790755,16982.523163092883
88194ad293fffff,0.0,0.0,0.0,8.0,3.0,0.0,0.0,0.0,14.0,0.0,0.0,0.0,657192.7407338172,2544956.236111111,0.0,8.0,6.0,0.0,0.0,0.0,325,0.0,0.0,4.0,0.0,0,nothing,0.0,51.41833969554634,0.06180370771950694,16982.688600365625
88194ad295fffff,0.0,0.0,0.0,0.0,1.0,1.0,0.0,0.0,2.0,0.0,1.0,0.0,127409.039954851,1708.5,0.0,0.0,6.0,0.0,0.0,0.0,337,0.0,1.0,5.0,0.0,0,nothing,0.0,51.42820095461818,0.0454324141187827,16983.146165050293
88194ad297fffff,0.0,0.0,0.0,0.0,0.0,0.0,0.0,0.0,0.0,0.0,0.0,0.0,31992.018716562146,35682.5,0.0,9.0,4.0,0.0,0.0,0.0,342,1.0,0.0,2.0,0.0,0,nothing,0.0,51.420440997944944,0.04965615727940978,16983.311787394607
88194ad299fffff,0.0,0.0,0.0,3.0,1.0,0.0,0.0,0.0,17.0,0.0,0.0,0.0,119852.31620461104,4554052.002876984,1.0,16.0,10.0,0.0,0.0,0.0,299,0.0,1.0,6.0,0.0,1,Public use,0.0,51.43175736765674,0.06550928948246698,16981.734607775903
88194ad29bfffff,0.0,0.0,0.0,1.0,0.0,0.0,0.0,0.0,2.0,0.0,0.0,0.0,242814.44102927754,336552.5416666667,0.0,0.0,12.0,0.0,0.0,0.0,304,0.0,0.0,1.0,0.0,0,nothing,0.0,51.423997542932575,0.06972983777538537,16981.900099514547
88194ad29dfffff,0.0,0.0,0.0,0.0,0.0,0.0,0.0,0.0,21.0,0.0,0.0,0.0,402744.4876478337,1375726.0461309524,0.0,11.0,7.0,0.0,0.0,0.0,316,0.0,23.0,3.0,0.0,0,nothing,0.0,51.43385947705482,0.05335941594623302,16982.35748633298
88194ad2a1fffff,0.0,0.0,0.0,1.0,0.0,0.0,0.0,0.0,5.0,0.0,0.0,0.0,260588.35633448194,2857236.683333333,0.0,4.0,13.0,0.0,0.0,0.0,384,1.0,0.0,5.0,0.0,0,nothing,0.0,51.44225717060932,0.004738207880682456,16984.848382199776
88194ad2a3fffff,0.0,0.0,0.0,1.0,0.0,0.0,0.0,0.0,8.0,0.0,0.0,0.0,22760.80764029518,1469826.0939393938,0.0,28.0,8.0,0.0,0.0,0.0,388,0.0,0.0,4.0,0.0,0,nothing,2.0,51.434498015997754,0.008969997139438789,16985.01480001803
88194ad2a5fffff,0.0,0.0,1.0,16.0,1.0,0.0,0.0,1.0,40.0,0.0,3.0,0.0,9781.055587530676,2326640.498611111,0.0,9.0,11.0,0.0,0.0,0.0,400,1.0,5.0,7.0,0.0,0,nothing,0.0,51.444353905027135,-0.007422520052839101,16985.47095098609
88194ad2a7fffff,0.0,0.0,0.0,1.0,0.0,0.0,0.0,0.0,1.0,0.0,0.0,0.0,18186.72004788571,1522031.7083333333,0.0,4.0,11.0,0.0,0.0,0.0,404,0.0,0.0,9.0,0.0,0,nothing,0.0,51.43659488578267,-0.0031884815362499454,16985.63755431239
88194ad2a9fffff,0.0,0.0,0.0,8.0,0.0,0.0,0.0,0.0,123.0,0.0,1.0,0.0,200177.1312157223,7275498.663194444,0.0,42.0,15.0,1.0,0.0,0.0,362,0.0,0.0,9.0,0.0,0,nothing,0.0,51.44791824983222,0.012665923246823014,16984.05927925896
88194ad2abfffff,0.0,0.0,0.0,2.0,1.0,0.0,1.0,0.0,46.0,0.0,1.0,0.0,517587.2556584303,2664609.0969444443,0.0,76.0,7.0,0.0,0.0,0.0,367,23.0,26.0,6.0,0.0,0,nothing,0.0,51.44015936001094,0.016896765960919383,16984.22575122323
88194ad2adfffff,1.0,0.0,1.0,17.0,3.0,0.0,1.0,1.0,509.0,0.0,2.0,0.0,52777.626001256416,2492794.35,0.0,3.0,14.0,1.0,0.0,0.0,379,3.0,2.0,9.0,0.0,0,nothing,0.0,51.4500159251746,0.0005051155868493256,16984.681724778093
88194ad2b1fffff,0.0,0.0,0.0,0.0,0.0,0.0,0.0,0.0,3.0,0.0,0.0,0.0,98514.76929555422,244596.89393939395,0.0,4.0,6.0,0.0,0.0,0.0,375,0.0,0.0,2.0,0.0,0,nothing,0.0,51.42464038162636,0.025354544867373142,16984.557976410448
88194ad2b3fffff,0.0,0.0,0.0,0.0,0.0,0.0,0.0,0.0,0.0,0.0,0.0,0.0,325103.4088170042,1429941.6428571427,0.0,0.0,0.0,0.0,0.0,0.0,380,0.0,0.0,0.0,0.0,0,nothing,0.0,51.41688029383323,0.029581482169795007,16984.723729490765
88194ad2b5fffff,1.0,0.0,0.0,0.0,1.0,0.0,0.0,1.0,8.0,0.0,0.0,0.0,585738.8501040773,557464.9532828283,0.0,4.0,10.0,0.0,0.0,0.0,392,0.0,2.0,2.0,0.0,0,nothing,0.0,51.4267384617251,0.01320048391855131,16985.1809781614
88194ad2b7fffff,0.0,0.0,0.0,6.0,2.0,0.0,0.0,0.0,10.0,0.0,0.0,0.0,340011.38268771797,475346.71969696967,0.0,1.0,9.0,0.0,0.0,0.0,396,6.0,4.0,1.0,0.0,0,nothing,0.0,51.41897850817652,0.017429668773084064,16985.346916558512
88194ad2b9fffff,0.0,0.0,0.0,0.0,0.0,0.0,0.0,0.0,2.0,0.0,0.0,0.0,361598.9622611251,0.0,0.0,6.0,12.0,0.0,0.0,0.0,354,1.0,4.0,4.0,0.0,0,nothing,0.0,51.4303010498234,0.03328044548001198,16983.769105268922
88194ad2bbfffff,0.0,0.0,0.0,0.0,0.0,0.0,0.0,0.0,0.0,0.0,0.0,0.0,0.0,0.0,0.0,0.0,1.0,0.0,0.0,0.0,358,0.0,0.0,0.0,0.0,0,nothing,0.0,51.422541226835634,0.03750643615833316,16983.934912782184
88194ad2bdfffff,0.0,0.0,0.0,0.0,1.0,0.0,0.0,0.0,27.0,0.0,0.0,0.0,350934.43451832584,977800.2798611111,0.0,44.0,19.0,1.0,0.0,0.0,371,1.0,20.0,4.0,0.0,0,nothing,0.0,51.43240007048064,0.021126306316042186,16984.391983630838
88194ad2c1fffff,0.0,0.0,0.0,1.0,0.0,0.0,0.0,0.0,55.0,0.0,0.0,0.0,6188.653014361542,2522704.1055555553,1.0,25.0,10.0,0.0,0.0,0.0,282,0.0,3.0,8.0,1.0,1,Public use,0.0,51.46279267909344,0.0486140942237129,16981.070247840962
88194ad2c3fffff,0.0,0.0,0.0,21.0,3.0,0.0,0.0,0.0,90.0,1.0,8.0,0.0,1329078.2829513564,10698518.166666666,0.0,46.0,12.0,1.0,0.0,0.0,286,2.0,43.0,12.0,1.0,0,nothing,0.0,51.45503445012272,0.052839844461107496,16981.236696629458
88194ad2c5fffff,0.0,0.0,2.0,0.0,0.0,0.0,0.0,0.0,131.0,0.0,0.0,0.0,503182.37873114814,8191673.361111111,0.0,17.0,8.0,0.0,0.0,0.0,298,1.0,5.0,3.0,0.0,0,nothing,0.0,51.46489425261688,0.0364552239954206,16981.6923858446
88194ad2c7fffff,0.0,0.0,0.0,0.0,0.0,0.0,0.0,0.0,3.0,0.0,0.0,0.0,19001.559676206984,11082237.80138889,1.0,27.0,8.0,0.0,0.0,0.0,303,0.0,1.0,4.0,0.0,1,Public use,0.0,51.45713615812026,0.04068322442112884,16981.85901984154
88194ad2c9fffff,0.0,0.0,0.0,1.0,0.0,0.0,0.0,0.0,296.0,0.0,0.0,0.0,955242.5856954854,1471006.779671717,0.0,29.0,10.0,0.0,0.0,0.0,261,0.0,23.0,5.0,0.0,0,nothing,0.0,51.468447993992186,0.05654598900907449,16980.28154513312
88194ad2cbfffff,0.0,0.0,0.0,8.0,2.0,0.0,0.0,0.0,241.0,0.0,0.0,0.0,43154.763957461495,3073055.5555555555,0.0,24.0,7.0,0.0,0.0,0.0,265,0.0,3.0,6.0,0.0,0,nothing,0.0,51.46069003055868,0.06077079061139592,16980.44804784812
88194ad2cdfffff,0.0,0.0,0.0,1.0,1.0,0.0,0.0,0.0,40.0,0.0,1.0,0.0,159655.13817931805,2041225.0789141413,0.0,29.0,13.0,0.0,0.0,0.0,277,0.0,0.0,4.0,0.0,0,nothing,0.0,51.470550508164074,0.044387042112407946,16980.90355996805
88194ad2d1fffff,0.0,0.0,0.0,0.0,0.0,0.0,0.0,0.0,6.0,0.0,0.0,0.0,1173460.2790904054,623218.6666666666,0.0,2.0,4.0,0.0,0.0,0.0,274,0.0,17.0,3.0,0.0,0,nothing,0.0,51.445172905386904,0.06921649078137726,16980.78033609349
88194ad2d3fffff,0.0,0.0,0.0,17.0,0.0,0.0,0.0,0.0,52.0,0.0,4.0,0.0,941422.4828694451,2325742.0,0.0,12.0,10.0,1.0,0.0,0.0,278,3.0,1.0,7.0,0.0,0,nothing,0.0,51.437413744417846,0.07343739045909846,16980.946121481527
88194ad2d5fffff,0.0,0.0,1.0,25.0,1.0,0.0,0.0,2.0,113.0,1.0,4.0,0.0,2665045.2874354287,3451542.988095238,0.0,31.0,15.0,0.0,0.0,0.0,290,1.0,6.0,8.0,0.0,0,nothing,1.0,51.447275821636545,0.05706429338002472,16981.40290626225
88194ad2d7fffff,0.0,0.0,0.0,0.0,0.0,0.0,0.0,0.0,5.0,0.0,0.0,0.0,1282704.8357197025,2513524.166071429,0.0,7.0,5.0,0.0,0.0,0.0,295,0.0,5.0,4.0,0.0,0,nothing,0.0,51.439516794019646,0.06128744153552863,16981.568876668116
88194ad2d9fffff,0.0,0.0,1.0,6.0,2.0,0.0,0.0,0.0,27.0,0.0,0.0,0.0,940194.9728529222,1049791.75,0.0,16.0,12.0,0.0,0.0,0.0,254,0.0,31.0,4.0,0.0,0,nothing,0.0,51.45082781103107,0.0771465635783149,16979.991864646858
88194ad2dbfffff,0.0,0.0,0.0,2.0,0.0,0.0,0.0,1.0,10.0,0.0,2.0,0.0,488607.04433214304,87118.0,0.0,14.0,9.0,0.0,0.0,0.0,258,0.0,2.0,3.0,0.0,0,nothing,0.0,51.44306891561491,0.08136651454514168,16980.15770424758
88194ad2ddfffff,0.0,0.0,0.0,0.0,0.0,0.0,0.0,0.0,4.0,0.0,0.0,0.0,159792.79973375867,2888144.986111111,0.0,26.0,12.0,0.0,0.0,0.0,270,0.0,14.0,4.0,0.0,0,nothing,0.0,51.45293166756206,0.06499429101711565,16980.614311525307
88194ad2e1fffff,0.0,0.0,0.0,0.0,0.0,0.0,0.0,0.0,17.0,0.0,0.0,0.0,105638.95451787738,1865640.5262037036,0.0,3.0,2.0,0.0,0.0,0.0,336,0.0,9.0,5.0,0.0,0,nothing,0.0,51.46133634805525,0.016363465937130145,16983.10348011795
88194ad2e3fffff,0.0,0.0,0.0,1.0,0.0,0.0,0.0,0.0,401.0,0.0,0.0,0.0,225811.1852744537,7611436.709777523,0.0,31.0,8.0,0.0,0.0,0.0,341,0.0,2.0,5.0,0.0,0,nothing,0.0,51.45357812332513,0.02059466445776366,16983.270245527696
88194ad2e5fffff,0.0,0.0,3.0,10.0,0.0,2.0,1.0,0.0,40.0,0.0,5.0,0.0,832506.328663045,2015322.0201388889,0.0,26.0,6.0,0.0,0.0,0.0,353,0.0,16.0,12.0,1.0,0,nothing,2.0,51.463434828807436,0.004200328519580062,16983.725616946307
88194ad2e7fffff,0.0,0.0,1.0,19.0,2.0,1.0,0.0,0.0,465.0,0.0,1.0,0.0,525625.0008492847,3238279.3666666667,0.0,45.0,12.0,0.0,0.0,0.0,358,4.0,5.0,11.0,2.0,0,nothing,0.0,51.455676739559394,0.008433777618304189,16983.892567809475
88194ad2e9fffff,0.0,0.0,0.0,4.0,1.0,0.0,1.0,0.0,22.0,0.0,2.0,0.0,766055.7409642007,10367017.193809522,0.0,44.0,8.0,0.0,0.0,0.0,315,0.0,63.0,5.0,0.0,0,nothing,0.0,51.466994750536195,0.024294180438826883,16982.31446174115
88194ad2ebfffff,0.0,0.0,1.0,3.0,2.0,0.0,1.0,0.0,44.0,0.0,0.0,0.0,1363010.5564262285,10414893.293992763,0.0,27.0,13.0,1.0,0.0,0.0,320,1.0,25.0,2.0,1.0,0,nothing,0.0,51.45923679096198,0.028524431408892766,16982.48128104369
88194ad2edfffff,0.0,0.0,0.0,22.0,3.0,0.0,0.0,0.0,79.0,0.0,3.0,0.0,228679.2428513911,2909590.4148839586,0.0,49.0,10.0,1.0,0.0,0.0,332,0.0,68.0,12.0,0.0,0,nothing,0.0,51.4690941722586,0.012130964067152403,16982.936475412636
88194ad301fffff,2.0,0.0,0.0,15.0,0.0,0.0,2.0,1.0,62.0,0.0,5.0,0.0,0.0,5385705.751069089,0.0,46.0,4.0,1.0,2.0,0.0,413,0.0,19.0,2.0,0.0,0,nothing,0.0,51.51269204625643,-0.07789107849302847,16985.992373144505
88194ad303fffff,4.0,1.0,0.0,52.0,1.0,0.0,3.0,2.0,157.0,0.0,6.0,1.0,191562.5297031629,7203435.524765849,2.0,47.0,9.0,0.0,0.0,0.0,418,5.0,109.0,10.0,0.0,1,Public use,1.0,51.50493665776431,-0.07363982856991498,16986.161449883184
88194ad305fffff,0.0,0.0,0.0,0.0,0.0,0.0,0.0,0.0,0.0,0.0,0.0,0.0,0.0,5712342.519499939,0.0,0.0,0.0,0.0,0.0,0.0,430,0.0,0.0,0.0,0.0,0,nothing,0.0,51.51478336057267,-0.0900785103840334,16986.613203134693
88194ad307fffff,2.0,0.0,0.0,105.0,5.0,0.0,2.0,4.0,176.0,0.0,7.0,2.0,39543.91838804983,6441202.556415976,0.0,41.0,13.0,2.0,10.0,384.8396501457726,433,2.0,27.0,12.0,0.0,0,nothing,1.0,51.507028111946234,-0.08582500437842779,16986.78246614131
88194ad309fffff,7.0,6.0,1.0,87.0,3.0,0.0,3.0,1.0,254.0,0.0,19.0,0.0,1413303.1528492358,6434106.5434604455,1.0,98.0,16.0,1.0,4.0,3078.717201166181,393,5.0,43.0,19.0,2.0,1,Public use,2.0,51.51835477356464,-0.06995612091862345,16985.202349977408
88194ad30bfffff,6.0,3.0,2.0,25.0,4.0,0.0,2.0,4.0,85.0,0.0,5.0,0.0,2160701.0758706117,5039377.309617661,0.0,66.0,9.0,0.0,0.0,6542.274052478134,397,7.0,32.0,11.0,1.0,0,nothing,0.0,51.510599649797015,-0.06570581720414113,16985.3714797122
88194ad30dfffff,9.0,12.0,1.0,50.0,1.0,1.0,3.0,4.0,177.0,0.0,11.0,0.0,172193.82397568357,5506477.235731602,0.0,50.0,18.0,0.0,0.0,2982.5072886297376,409,14.0,52.0,15.0,2.0,0,nothing,1.0,51.520447030269764,-0.08214363861609246,16985.82305719308
88194ad311fffff,2.0,0.0,1.0,13.0,1.0,0.0,1.0,0.0,77.0,0.0,3.0,0.0,352367.8698807697,3153802.957001973,0.0,51.0,18.0,0.0,0.0,3463.5568513119533,406,1.0,37.0,6.0,2.0,0,nothing,0.0,51.495088190225275,-0.057209137783384816,16985.709021608818
88194ad313fffff,1.0,0.0,0.0,7.0,0.0,0.0,0.0,1.0,39.0,0.0,1.0,0.0,917607.6711567077,4467277.62549472,0.0,44.0,11.0,1.0,0.0,4714.285714285715,411,0.0,3.0,7.0,0.0,0,nothing,0.0,51.48733185519149,-0.05296276096061844,16985.877433626003
88194ad315fffff,2.0,0.0,0.0,26.0,2.0,0.0,0.0,1.0,93.0,0.0,0.0,0.0,421561.0876569641,5811939.891388355,0.0,81.0,11.0,1.0,1.0,641.399416909621,422,1.0,3.0,16.0,0.0,0,nothing,1.0,51.497180865178606,-0.06938988828810026,16986.330287336667
88194ad317fffff,1.0,0.0,0.0,3.0,0.0,0.0,0.0,0.0,40.0,0.0,3.0,0.0,266738.37181833363,3997824.8138888893,0.0,43.0,13.0,0.0,0.0,1539.3586005830905,426,2.0,8.0,11.0,0.0,0,nothing,0.0,51.4894246688846,-0.06514125708926341,16986.498885432582
88194ad319fffff,2.0,0.0,1.0,16.0,3.0,0.0,0.0,2.0,60.0,0.0,5.0,0.0,458551.9509945335,6573635.3275252525,0.0,40.0,13.0,2.0,3.0,0.0,385,8.0,35.0,5.0,2.0,0,nothing,0.0,51.50075050491269,-0.049275988225904496,16984.919227450744
88194ad31bfffff,0.0,0.0,0.0,15.0,2.0,0.0,0.0,0.0,69.0,0.0,8.0,0.0,2249335.6781715937,5569257.852821368,0.0,64.0,18.0,1.0,2.0,833.8192419825073,390,1.0,11.0,10.0,0.0,0,nothing,0.0,51.49299443462068,-0.04503055769853483,16985.087692751844
88194ad31dfffff,2.0,2.0,1.0,7.0,2.0,0.0,0.0,0.0,41.0,0.0,5.0,0.0,568185.0954304991,2001894.252891308,0.0,22.0,11.0,0.0,0.0,6157.434402332362,402,2.0,65.0,4.0,0.0,0,nothing,0.0,51.502844121888835,-0.06145682301186492,16985.540370280123
88194ad321fffff,6.0,5.0,0.0,27.0,3.0,0.0,0.0,1.0,70.0,0.0,5.0,0.0,31436.04414835781,9165209.234696401,0.0,28.0,11.0,1.0,1.0,1405.2478134110788,468,4.0,79.0,21.0,0.0,0,nothing,0.0,51.5112077728584,-0.11020186465556336,16988.024308147895
88194ad323fffff,7.0,5.0,0.0,71.0,3.0,0.0,1.0,9.0,216.0,0.0,9.0,0.0,64707.98992894212,5898718.5191561915,0.0,89.0,22.0,2.0,7.0,443.14868804664724,472,7.0,27.0,25.0,2.0,0,nothing,3.0,51.503452400204,-0.10594515710570182,16988.19370455916
88194ad325fffff,14.0,11.0,0.0,234.0,12.0,0.0,3.0,4.0,477.0,0.0,17.0,0.0,213922.8403835437,5913582.615351778,0.0,252.0,24.0,2.0,6.0,3078.717201166181,484,11.0,58.0,75.0,3.0,0,nothing,4.0,51.51329597840318,-0.12239354807608842,16988.645133658705
88194ad327fffff,14.0,4.0,0.0,74.0,1.0,0.0,1.0,3.0,115.0,0.0,7.0,3.0,208848.17874224798,6746078.956558531,0.0,48.0,25.0,3.0,10.0,618.0758017492711,489,9.0,30.0,13.0,0.0,0,nothing,0.0,51.50554074662547,-0.11813458406929758,16988.81471658378
88194ad329fffff,0.0,3.0,0.0,7.0,0.0,0.0,0.0,1.0,47.0,0.0,2.0,0.0,0.0,6379075.171702737,1.0,14.0,3.0,1.0,2.0,0.0,446,1.0,4.0,7.0,0.0,1,Taxi,0.0,51.51687359215285,-0.10226811235402468,16987.233969564048
88194ad32bfffff,6.0,0.0,0.0,25.0,0.0,0.0,0.0,0.0,97.0,0.0,2.0,1.0,38187.256739952674,7905419.2477883,1.0,13.0,5.0,0.0,2.0,1090.3790087463558,450,4.0,81.0,4.0,2.0,1,Taxi,1.0,51.50911848384185,-0.09801234991482231,16987.403418935803
88194ad32dfffff,7.0,21.0,0.0,108.0,4.0,0.0,5.0,3.0,303.0,0.0,7.0,0.0,473538.7516948039,4987910.5182405915,0.0,128.0,22.0,0.0,3.0,1379.0087463556852,462,3.0,98.0,42.0,2.0,0,nothing,3.0,51.5189627404041,-0.11445988387892321,16987.85467231377
88194ad331fffff,5.0,0.0,0.0,24.0,1.0,0.0,0.0,0.0,86.0,0.0,4.0,0.0,222854.38369213967,6658986.065823413,1.0,57.0,19.0,0.0,0.0,0.0,459,7.0,7.0,19.0,0.0,1,Taxi,1.0,51.49360705329459,-0.08950475746613124,16987.741599475732
88194ad333fffff,0.0,0.0,0.0,4.0,1.0,0.0,1.0,0.0,53.0,0.0,0.0,0.0,116851.2337643129,2565233.572222222,0.0,39.0,8.0,0.0,0.0,2405.247813411079,463,1.0,14.0,5.0,0.0,0,nothing,0.0,51.48585073182916,-0.08525292633933275,16987.910330498864
88194ad335fffff,7.0,1.0,1.0,53.0,3.0,0.0,0.0,5.0,151.0,0.0,6.0,0.0,258213.33713699106,6928520.260088518,0.0,108.0,33.0,2.0,5.0,116.61807580174927,477,6.0,32.0,17.0,1.0,0,nothing,2.0,51.495696622826365,-0.10168976067031793,16988.362861474914
88194ad337fffff,4.0,0.0,1.0,45.0,8.0,0.0,0.0,0.0,176.0,0.0,14.0,0.0,280196.7906232156,5384773.55625,0.0,41.0,21.0,0.0,0.0,0.0,481,2.0,20.0,24.0,1.0,0,nothing,0.0,51.48794044111101,-0.09743567479068682,16988.531778822595
88194ad339fffff,6.0,3.0,0.0,74.0,3.0,0.0,2.0,2.0,172.0,0.0,5.0,0.0,675334.1320359769,4313488.350022183,1.0,81.0,24.0,0.0,0.0,1154.5189504373177,438,11.0,43.0,17.0,0.0,1,Taxi,1.0,51.49927245888795,-0.08157280869157592,16986.951489816798
88194ad33bfffff,1.0,0.0,0.0,15.0,7.0,0.0,0.0,0.0,43.0,1.0,5.0,0.0,2044052.769425465,2554446.504166667,0.0,69.0,17.0,0.0,0.0,0.0,442,4.0,6.0,14.0,2.0,0,nothing,1.0,51.49151640178316,-0.0773219227649565,16987.120274088713
88194ad33dfffff,7.0,3.0,0.0,65.0,3.0,0.0,0.0,3.0,208.0,0.0,11.0,0.0,230540.2544170116,4240964.140353446,5.0,98.0,23.0,1.0,2.0,408.16326530612247,454,7.0,43.0,24.0,1.0,1,Taxi,2.0,51.50136297076064,-0.09375789847178732,16987.57262893055
88194ad341fffff,7.0,3.0,0.0,20.0,2.0,0.0,0.0,0.0,150.0,0.0,5.0,0.0,79760.80587649277,3702413.5564015154,0.0,96.0,12.0,0.0,0.0,4857.142857142857,367,1.0,24.0,8.0,0.0,0,nothing,0.0,51.53177074805671,-0.06627079878085575,16984.24297503717
88194ad343fffff,3.0,4.0,0.0,22.0,6.0,0.0,0.0,2.0,109.0,0.0,5.0,0.0,1103022.3139260563,2462896.4366666665,0.0,68.0,10.0,1.0,0.0,0.0,372,3.0,42.0,7.0,1.0,0,nothing,0.0,51.5240162937444,-0.06202013175840583,16984.412396677268
88194ad345fffff,12.0,0.0,0.0,35.0,2.0,0.0,1.0,5.0,173.0,1.0,7.0,0.0,190438.0139155304,2810836.8244047617,0.0,54.0,18.0,1.0,0.0,13994.169096209913,384,5.0,35.0,11.0,5.0,0,nothing,1.0,51.53386380713774,-0.07846065914918533,16984.863373297027
88194ad347fffff,10.0,7.0,0.0,82.0,3.0,0.0,1.0,10.0,227.0,1.0,6.0,0.0,358167.515853744,5198209.327100184,0.0,69.0,20.0,1.0,0.0,0.0,389,9.0,28.0,13.0,1.0,0,nothing,0.0,51.52610949280656,-0.07420773471398266,16985.032981148182
88194ad349fffff,12.0,1.0,2.0,34.0,3.0,1.0,0.0,3.0,234.0,1.0,7.0,0.0,199216.3935761685,5049328.154371345,0.0,81.0,19.0,1.0,2.0,19825.072886297377,346,9.0,46.0,12.0,3.0,0,nothing,0.0,51.537430795894,-0.05833283092004476,16983.453038897154
88194ad34bfffff,6.0,3.0,0.0,35.0,5.0,0.0,0.0,1.0,94.0,0.0,12.0,0.0,452324.0302209725,4749793.599810986,0.0,75.0,20.0,2.0,4.0,0.0,350,6.0,29.0,18.0,1.0,0,nothing,1.0,51.52967660666955,-0.05408311111572772,16983.622513281232
88194ad34dfffff,8.0,0.0,0.0,7.0,0.0,2.0,0.0,0.0,143.0,0.0,2.0,0.0,26829.69619557888,2833117.889099026,0.0,72.0,14.0,1.0,0.0,6997.084548104956,362,3.0,18.0,15.0,1.0,0,nothing,1.0,51.53952479741156,-0.07052277632390377,16984.073314493366
88194ad351fffff,3.0,1.0,2.0,4.0,1.0,0.0,1.0,0.0,46.0,0.0,5.0,0.0,590994.0803841582,6168460.503409091,0.0,84.0,17.0,0.0,0.0,0.0,359,4.0,36.0,11.0,2.0,0,nothing,0.0,51.51416701474784,-0.04558760047452544,16983.960745402885
88194ad353fffff,0.0,0.0,0.0,5.0,0.0,0.0,1.0,0.0,20.0,0.0,0.0,0.0,157146.4255264485,6784938.889880952,0.0,9.0,11.0,0.0,0.0,0.0,364,5.0,3.0,3.0,0.0,0,nothing,0.0,51.50641161282047,-0.04134180852033678,16984.129502995736
88194ad355fffff,6.0,5.0,0.0,37.0,6.0,0.0,1.0,0.0,140.0,0.0,18.0,0.0,1077380.347241906,4338482.002904041,0.0,87.0,17.0,1.0,3.0,0.0,376,1.0,39.0,24.0,1.0,0,nothing,0.0,51.51626143485962,-0.0577707746975302,16984.581579341157
88194ad357fffff,4.0,1.0,0.0,13.0,2.0,0.0,0.0,0.0,71.0,0.0,1.0,0.0,837511.4493498023,6476665.5046085855,0.0,59.0,19.0,3.0,0.0,0.0,381,3.0,61.0,6.0,0.0,0,nothing,0.0,51.508506171787374,-0.05352272703951035,16984.750522956427
88194ad359fffff,5.0,1.0,0.0,8.0,1.0,1.0,1.0,0.0,121.0,0.0,7.0,0.0,467904.09788347315,2180042.1199404765,1.0,77.0,17.0,0.0,0.0,384.8396501457726,338,1.0,63.0,13.0,0.0,1,Taxi,0.0,51.5198266506441,-0.037651443420542205,16983.171037656735
88194ad35bfffff,2.0,0.0,3.0,14.0,3.0,1.0,9.0,1.0,76.0,0.0,7.0,0.0,446081.91387202975,7924223.46630291,0.0,60.0,10.0,2.0,6.0,384.8396501457726,342,3.0,91.0,17.0,1.0,0,nothing,3.0,51.51207151382242,-0.03340659877035186,16983.339848281095
88194ad35dfffff,3.0,0.0,0.0,20.0,1.0,0.0,0.0,1.0,85.0,0.0,4.0,0.0,1100577.544967694,2264382.1383928573,0.0,83.0,18.0,1.0,1.0,0.0,354,2.0,24.0,14.0,0.0,0,nothing,0.0,51.521922012825826,-0.04983470115350107,16983.791748807278
88194ad361fffff,7.0,4.0,1.0,18.0,0.0,0.0,0.0,0.0,138.0,0.0,1.0,0.0,98409.74165087166,6237480.301447081,0.0,63.0,12.0,0.0,0.0,18635.568513119535,421,9.0,58.0,23.0,2.0,0,nothing,0.0,51.53029264298886,-0.09858945558724821,16986.27395941834
88194ad363fffff,6.0,7.0,1.0,39.0,3.0,0.0,1.0,1.0,167.0,1.0,4.0,0.0,593404.4199277163,5053228.074445776,1.0,26.0,13.0,0.0,0.0,3078.717201166181,425,9.0,37.0,15.0,0.0,1,Public use,2.0,51.52253820438198,-0.09433332726725441,16986.443700869495
88194ad365fffff,9.0,4.0,1.0,41.0,3.0,0.0,1.0,4.0,146.0,0.0,9.0,0.0,617676.7625477404,4923169.188407582,0.0,79.0,30.0,1.0,1.0,2332.3615160349855,437,2.0,19.0,27.0,0.0,0,nothing,2.0,51.532382592922716,-0.11078357245753893,16986.894352980133
88194ad367fffff,8.0,22.0,0.0,61.0,2.0,0.0,4.0,3.0,328.0,0.0,6.0,0.0,357710.7105219879,4651169.702910384,0.0,99.0,26.0,0.0,1.0,994.1690962099125,441,11.0,52.0,23.0,6.0,0,nothing,0.0,51.52462829530825,-0.10652518634847868,16987.064280887917
88194ad369fffff,5.0,1.0,1.0,9.0,6.0,0.0,0.0,0.0,96.0,0.0,3.0,0.0,75228.25540815265,3063437.788888889,0.0,57.0,20.0,0.0,0.0,15160.349854227405,400,7.0,82.0,7.0,2.0,0,nothing,2.0,51.535955783319295,-0.09065269169796371,16985.483707942178
88194ad36bfffff,13.0,10.0,0.0,84.0,4.0,0.0,0.0,7.0,290.0,0.0,15.0,0.0,332427.54862439237,6474532.463701172,0.0,76.0,30.0,1.0,3.0,0.0,405,14.0,50.0,29.0,10.0,0,nothing,4.0,51.528201609419106,-0.08639750949800357,16985.653502101435
88194ad36dfffff,1.0,5.0,1.0,128.0,5.0,0.0,2.0,8.0,309.0,2.0,14.0,0.0,158329.25905064718,5326035.150269275,0.0,56.0,18.0,0.0,0.0,0.0,416,10.0,39.0,30.0,0.0,0,nothing,0.0,51.53804667600809,-0.10284689590343621,16986.103978853927
88194ad405fffff,0.0,0.0,0.0,0.0,0.0,0.0,0.0,0.0,0.0,0.0,0.0,0.0,0.0,0.0,1.0,0.0,3.0,0.0,0.0,1166.1807580174927,407,0.0,0.0,0.0,0.0,1,Public use,0.0,51.33715695097241,0.0839066176115399,16985.74296277238
88194ad409fffff,0.0,0.0,0.0,0.0,0.0,0.0,0.0,0.0,1.0,0.0,0.0,0.0,0.0,1984008.142857143,3.0,0.0,1.0,0.0,0.0,3498.542274052478,369,0.0,0.0,0.0,0.0,1,Public use,0.0,51.34071697390113,0.1039473018182463,16984.32978571823
88194ad40bfffff,0.0,0.0,0.0,0.0,0.0,0.0,0.0,0.0,0.0,0.0,0.0,0.0,0.0,5525.0,0.0,0.0,0.0,0.0,0.0,0.0,374,0.0,0.0,0.0,0.0,0,nothing,0.0,51.332952527953765,0.10815453679731149,16984.492583963507
88194ad40dfffff,0.0,0.0,0.0,0.0,0.0,0.0,0.0,0.0,0.0,0.0,0.0,0.0,0.0,2044.0,2.0,0.0,0.0,0.0,0.0,2332.3615160349855,387,0.0,0.0,0.0,0.0,1,Public use,0.0,51.34281959016699,0.09182218586638775,16984.954820857998
88194ad41dfffff,0.0,0.0,0.0,0.0,0.0,0.0,0.0,0.0,0.0,0.0,0.0,0.0,0.0,0.0,0.0,0.0,0.0,0.0,0.0,288.6297376093294,379,0.0,0.0,0.0,0.0,0,nothing,0.0,51.325187688313655,0.11236047863220154,16984.655141874806
88194ad421fffff,0.0,0.0,0.0,0.0,0.0,0.0,0.0,0.0,1.0,0.0,0.0,0.0,0.0,45496.5,0.0,0.0,0.0,0.0,0.0,0.0,443,0.0,1.0,0.0,0.0,0,nothing,0.0,51.33359277712175,0.06386493363469779,16987.156395339807
88194ad423fffff,0.0,0.0,0.0,0.0,0.0,0.0,0.0,0.0,0.0,0.0,0.0,0.0,0.0,0.0,0.0,0.0,1.0,0.0,0.0,0.0,448,0.0,0.0,1.0,0.0,0,nothing,0.0,51.325828062316596,0.06807853859108166,16987.31945124337
88194ad425fffff,0.0,0.0,0.0,1.0,0.0,0.0,0.0,0.0,2.0,0.0,0.0,0.0,83887.75698031337,248631.08333333334,0.0,0.0,10.0,0.0,0.0,0.0,460,0.0,1.0,1.0,0.0,0,nothing,0.0,51.335691376016584,0.05173563389470652,16987.7815569429
88194ad427fffff,0.0,0.0,0.0,1.0,0.0,1.0,0.0,0.0,1.0,0.0,0.0,0.0,57343.14891735386,11214.0,0.0,0.0,4.0,0.0,0.0,0.0,465,0.0,0.0,0.0,0.0,0,nothing,0.0,51.32792679186387,0.055951478668356286,16987.944797690347
88194ad429fffff,0.0,0.0,0.0,0.0,0.0,0.0,0.0,0.0,0.0,0.0,0.0,0.0,0.0,80552.875,5.0,0.0,0.0,0.0,0.0,5830.903790087464,423,0.0,3.0,0.0,0.0,1,Public use,0.0,51.33925755900875,0.07177940837838745,16986.368061207566
88194ad42bfffff,0.0,0.0,0.0,0.0,0.0,0.0,0.0,0.0,0.0,0.0,0.0,0.0,0.0,0.0,0.0,0.0,2.0,0.0,0.0,0.0,428,0.0,0.0,1.0,0.0,0,nothing,0.0,51.331493108313374,0.07599206848470454,16986.531172913707
88194ad42dfffff,0.0,0.0,0.0,0.0,0.0,0.0,0.0,0.0,0.0,0.0,0.0,0.0,0.0,166739.91666666666,1.0,0.0,4.0,0.0,0.0,1166.1807580174927,439,0.0,0.0,0.0,0.0,1,Public use,0.0,51.341357097275356,0.0596500333931325,16986.993098839648
88194ad435fffff,0.0,0.0,0.0,1.0,0.0,0.0,0.0,0.0,0.0,0.0,0.0,0.0,117978.05932741512,0.0,0.0,0.0,7.0,0.0,0.0,0.0,452,0.0,1.0,1.0,0.0,0,nothing,0.0,51.31806295324544,0.07229084881370008,16987.48226648
88194ad437fffff,0.0,0.0,0.0,0.0,0.0,0.0,0.0,0.0,0.0,0.0,0.0,0.0,0.0,0.0,0.0,0.0,3.0,0.0,0.0,0.0,457,0.0,0.0,1.0,0.0,0,nothing,0.0,51.31029745029388,0.07650186485369863,16987.644840979425
88194ad441fffff,0.0,0.0,0.0,3.0,0.0,0.0,0.0,0.0,9.0,1.0,1.0,0.0,326246.21765390126,242482.85714285713,0.0,0.0,5.0,1.0,0.0,0.0,344,0.0,1.0,2.0,0.0,0,nothing,0.0,51.3541412576568,0.10765637933855107,16983.378741864257
88194ad443fffff,0.0,0.0,0.0,1.0,0.0,0.0,0.0,0.0,1.0,0.0,0.0,0.0,0.0,5526364.523809524,3.0,2.0,5.0,0.0,0.0,3498.542274052478,348,2.0,0.0,0.0,0.0,1,Public use,0.0,51.34637747048767,0.11186396152825909,16983.54183602022
88194ad445fffff,0.0,0.0,0.0,0.0,0.0,0.0,0.0,0.0,3.0,0.0,0.0,0.0,131678.98541409665,2029722.8178571428,0.0,1.0,17.0,0.0,0.0,0.0,360,0.0,0.0,3.0,0.0,0,nothing,0.0,51.35624468317694,0.09552895022294138,16984.003468506377
88194ad447fffff,0.0,0.0,0.0,0.0,0.0,0.0,0.0,0.0,0.0,0.0,0.0,0.0,0.0,1507779.0,0.0,0.0,1.0,0.0,0.0,0.0,365,0.0,0.0,0.0,0.0,0,nothing,0.0,51.348481025770575,0.09973877314391129,16984.166747209114
88194ad449fffff,0.0,0.0,0.0,0.0,0.0,0.0,0.0,0.0,0.0,0.0,0.0,0.0,124354.85942575426,769687.2708333334,0.0,6.0,8.0,0.0,0.0,0.0,323,0.0,0.0,2.0,0.0,0,nothing,0.0,51.359800285699436,0.11557500434459184,16982.590804861884
88194ad44bfffff,0.0,0.0,0.0,0.0,0.0,0.0,0.0,0.0,0.0,0.0,0.0,0.0,28685.555939770446,1397269.6666666665,1.0,0.0,0.0,0.0,0.0,1166.1807580174927,327,0.0,0.0,0.0,0.0,1,Public use,0.0,51.352036763390494,0.11978163961055913,16982.7539545963
88194ad44dfffff,0.0,0.0,0.0,1.0,0.0,0.0,0.0,0.0,0.0,0.0,0.0,0.0,0.0,1482336.9791666667,0.0,0.0,13.0,0.0,0.0,0.0,339,0.0,0.0,5.0,0.0,0,nothing,0.0,51.36190465031373,0.10344750302455773,16983.21540763283
88194ad451fffff,0.0,0.0,0.0,0.0,0.0,0.0,0.0,0.0,0.0,0.0,0.0,0.0,0.0,65.0,0.0,0.0,0.0,0.0,0.0,0.0,336,0.0,0.0,0.0,0.0,0,nothing,0.0,51.336508536628855,0.12819103034300547,16983.07953391235
88194ad455fffff,0.0,0.0,0.0,0.0,0.0,0.0,0.0,0.0,5.0,0.0,1.0,0.0,40027.677105883566,549955.2380952381,0.0,0.0,4.0,0.0,0.0,0.0,352,0.0,5.0,4.0,0.0,0,nothing,0.0,51.338613289191414,0.11607025014509775,16983.704690030514
88194ad457fffff,0.0,0.0,0.0,0.0,0.0,0.0,0.0,0.0,0.0,0.0,0.0,0.0,0.0,5460.0,0.0,0.0,2.0,0.0,0.0,384.8396501457726,357,0.0,0.0,0.0,0.0,0,nothing,0.0,51.33084871415312,0.12027524574021581,16983.86730382502
88194ad459fffff,0.0,0.0,0.0,0.0,0.0,0.0,0.0,0.0,0.0,0.0,0.0,0.0,0.0,6041.0,0.0,0.0,0.0,0.0,0.0,0.0,315,0.0,0.0,0.0,0.0,0,nothing,0.0,51.34216715561469,0.13610783233458806,16982.291832175397
88194ad45dfffff,0.0,0.0,0.0,0.0,0.0,0.0,0.0,0.0,1.0,0.0,0.0,0.0,37970.282396574665,33480.0,1.0,0.0,2.0,0.0,0.0,1166.1807580174927,331,0.0,0.0,0.0,0.0,1,Public use,0.0,51.34427284690532,0.12398698142632149,16982.916864303166
88194ad461fffff,0.0,0.0,0.0,1.0,0.0,1.0,0.0,0.0,6.0,0.0,0.0,0.0,197880.4579754835,197628.9,0.0,0.0,4.0,0.0,0.0,0.0,398,0.0,3.0,0.0,0.0,0,nothing,0.0,51.35268492907364,0.07548189293514655,16985.416387532245
88194ad463fffff,0.0,0.0,0.0,0.0,0.0,0.0,0.0,0.0,6.0,0.0,0.0,0.0,0.0,19711.0,1.0,0.0,2.0,0.0,0.0,1166.1807580174927,403,0.0,1.0,0.0,0.0,1,Public use,0.0,51.344921137398025,0.07969490279444151,16985.579795332225
88194ad465fffff,0.0,0.0,0.0,0.0,0.0,0.0,0.0,0.0,0.0,0.0,0.0,0.0,0.0,168710.0,0.0,0.0,2.0,0.0,0.0,0.0,414,0.0,0.0,0.0,0.0,0,nothing,0.0,51.354785275911645,0.06335020212253403,16986.041116431174
88194ad467fffff,0.0,0.0,0.0,0.0,0.0,0.0,0.0,0.0,0.0,0.0,0.0,0.0,138100.17841805337,240910.375,1.0,0.0,2.0,0.0,0.0,1166.1807580174927,419,0.0,1.0,0.0,0.0,1,Public use,0.0,51.34702161500331,0.06756545310826209,16986.20470902325
88194ad469fffff,0.0,0.0,0.0,2.0,0.0,0.0,0.0,0.0,5.0,0.0,1.0,0.0,19236.805006984287,4819407.770555556,0.0,1.0,14.0,0.0,0.0,0.0,377,2.0,4.0,2.0,0.0,0,nothing,0.0,51.35834703935972,0.08339935276871942,16984.628134405117
88194ad46bfffff,0.0,0.0,0.0,4.0,0.0,0.0,0.0,1.0,2.0,0.0,0.0,0.0,268669.9650879751,1342737.5553571428,0.0,6.0,7.0,0.0,0.0,0.0,382,1.0,2.0,1.0,0.0,0,nothing,0.0,51.350583512162935,0.08761141677772358,16984.79159775233
88194ad46dfffff,0.0,0.0,0.0,5.0,1.0,0.0,0.0,0.0,6.0,0.0,0.0,0.0,0.0,1357792.0,0.0,7.0,9.0,0.0,0.0,0.0,394,0.0,2.0,3.0,0.0,0,nothing,0.0,51.3604483256139,0.0712675874818383,16985.25273944284
88194ad4e5fffff,0.0,0.0,0.0,0.0,0.0,0.0,0.0,0.0,0.0,0.0,0.0,0.0,0.0,0.0,0.0,0.0,0.0,0.0,0.0,288.6297376093294,445,0.0,0.0,0.0,0.0,0,nothing,0.0,51.30043136623302,0.09282976829743889,16987.181213551066
88194ad501fffff,0.0,0.0,0.0,0.0,0.0,0.0,0.0,0.0,0.0,0.0,0.0,0.0,0.0,137886.0,3.0,0.0,0.0,0.0,0.0,3498.542274052478,508,0.0,0.0,0.0,0.0,1,Public use,0.0,51.34974454083004,0.01111088609059361,16989.49263897943
88194ad503fffff,0.0,0.0,0.0,0.0,0.0,0.0,0.0,0.0,0.0,0.0,0.0,0.0,0.0,258888.0,0.0,0.0,0.0,0.0,0.0,0.0,513,0.0,0.0,0.0,0.0,0,nothing,0.0,51.34198074731407,0.015334750416483653,16989.656675635015
88194ad505fffff,0.0,0.0,0.0,0.0,0.0,0.0,0.0,0.0,0.0,0.0,0.0,0.0,0.0,123084.0,3.0,0.0,0.0,0.0,0.0,19460.64139941691,526,0.0,0.0,0.0,0.0,1,Public use,0.0,51.35183872138749,-0.0010293100271604677,16990.117370827156
88194ad507fffff,0.0,0.0,0.0,0.0,0.0,0.0,0.0,0.0,0.0,0.0,0.0,0.0,3541.5290603730427,951929.25,0.0,0.0,0.0,0.0,0.0,0.0,531,0.0,0.0,0.0,0.0,0,nothing,0.0,51.34407506064912,0.0031967962030245577,16990.281592766554
88194ad509fffff,0.0,0.0,0.0,0.0,0.0,0.0,0.0,0.0,0.0,0.0,0.0,0.0,0.0,75849.0,0.0,0.0,0.0,0.0,0.0,0.0,486,0.0,0.0,0.0,0.0,0,nothing,0.0,51.35541281734926,0.019025998371822377,16988.70375359904
88194ad50bfffff,0.0,0.0,0.0,0.0,0.0,0.0,0.0,0.0,0.0,0.0,0.0,0.0,0.0,0.0,4.0,0.0,0.0,0.0,0.0,4664.723032069971,490,0.0,0.0,0.0,0.0,1,Public use,0.0,51.34764928754949,0.02324891900212655,16988.86784573872
88194ad50dfffff,0.0,0.0,0.0,0.0,0.0,0.0,0.0,0.0,0.0,0.0,0.0,0.0,7543.266324908031,0.0,0.0,0.0,1.0,0.0,0.0,0.0,504,0.0,0.0,1.0,0.0,0,nothing,0.0,51.35750793796293,0.006885723235871628,16989.328361606105
88194ad511fffff,0.0,0.0,0.0,1.0,0.0,0.0,0.0,0.0,0.0,0.0,0.0,0.0,513822.24512035394,226798.5416666667,0.0,0.0,2.0,0.0,0.0,0.0,500,0.0,0.0,2.0,0.0,0,nothing,0.0,51.33212104019639,0.031690867247275434,16989.195307937654
88194ad515fffff,0.0,0.0,0.0,0.0,0.0,0.0,0.0,0.0,0.0,0.0,0.0,0.0,0.0,0.0,0.0,0.0,0.0,0.0,0.0,0.0,517,0.0,3.0,0.0,0.0,0,nothing,0.0,51.3342165578008,0.019557316766159953,16989.820471502055
88194ad517fffff,0.0,0.0,0.0,0.0,0.0,0.0,0.0,0.0,0.0,0.0,0.0,0.0,0.0,227304.0,0.0,0.0,4.0,0.0,0.0,0.0,522,0.0,0.0,1.0,0.0,0,nothing,0.0,51.32645197267608,0.023778585691973535,16989.984026509825
88194ad519fffff,0.0,0.0,0.0,0.0,0.0,0.0,0.0,0.0,0.0,0.0,0.0,0.0,0.0,1015181.4166666667,0.0,0.0,0.0,0.0,0.0,0.0,478,0.0,0.0,0.0,0.0,0,nothing,0.0,51.3377889044073,0.039604169772423585,16988.406657605112
88194ad51dfffff,0.0,0.0,0.0,0.0,0.0,0.0,0.0,0.0,0.0,0.0,0.0,0.0,80615.43183607468,4064927.7083333335,0.0,0.0,4.0,0.0,0.0,0.0,495,0.0,0.0,1.0,0.0,0,nothing,0.0,51.33988536170329,0.027470541776464207,16989.031697208495
88194ad521fffff,0.0,0.0,0.0,0.0,0.0,0.0,0.0,0.0,4.0,0.0,0.0,0.0,361014.6393598579,1544915.7633333334,0.0,17.0,17.0,0.0,0.0,43658.892128279884,563,1.0,0.0,2.0,0.0,0,nothing,0.0,51.34826046813033,-0.02108559873724793,16991.531242671783
88194ad523fffff,0.0,0.0,0.0,12.0,4.0,0.0,0.0,1.0,55.0,1.0,2.0,0.0,421113.17023624957,208419.0,0.0,21.0,18.0,0.0,0.0,0.0,567,0.0,30.0,17.0,1.0,0,nothing,0.0,51.3404966772821,-0.016856307636162002,16991.695594540837
88194ad525fffff,0.0,0.0,0.0,1.0,1.0,0.0,0.0,0.0,11.0,0.0,1.0,0.0,348807.93242259853,2468265.158333333,0.0,5.0,7.0,0.0,0.0,28935.860058309037,579,0.0,1.0,4.0,0.0,0,nothing,0.0,51.350351561095685,-0.0332300384381257,16992.15597520882
88194ad527fffff,0.0,0.0,0.0,0.0,0.0,0.0,0.0,0.0,0.0,0.0,0.0,0.0,408441.0622267216,389015.0,0.0,0.0,0.0,0.0,0.0,0.0,582,0.0,0.0,0.0,0.0,0,nothing,0.0,51.34258790403091,-0.028998505050035005,16992.320512608087
88194ad529fffff,0.0,0.0,0.0,3.0,1.0,0.0,0.0,0.0,8.0,0.0,0.0,0.0,158217.78584086825,506743.41000000003,0.0,13.0,12.0,0.0,0.0,23323.615160349855,543,0.0,0.0,4.0,0.0,0,nothing,0.0,51.35393182863126,-0.013171668839101366,16990.742041163652
88194ad52bfffff,0.0,0.0,0.0,2.0,0.0,0.0,0.0,0.0,12.0,0.0,1.0,0.0,197473.78077210797,1666304.8333333333,0.0,9.0,10.0,0.0,0.0,18002.915451895045,547,0.0,0.0,4.0,0.0,0,nothing,0.0,51.34616830111802,-0.008943320352384468,16990.906448484908
88194ad52dfffff,0.0,0.0,0.0,3.0,2.0,0.0,0.0,0.0,6.0,0.0,0.0,0.0,576259.2158005779,4993467.2,0.0,18.0,10.0,0.0,0.0,0.0,560,1.0,4.0,3.0,1.0,0,nothing,0.0,51.35602386197083,-0.025316189832250143,16991.366649870626
88194ad531fffff,0.0,0.0,0.0,0.0,0.0,0.0,0.0,0.0,16.0,0.0,0.0,0.0,80297.74299924815,0.0,0.0,0.0,0.0,0.0,0.0,0.0,556,0.0,0.0,0.0,0.0,0,nothing,0.0,51.3306400564651,-0.0004905207903247255,16991.234540403624
88194ad535fffff,0.0,0.0,0.0,0.0,0.0,0.0,0.0,0.0,0.0,0.0,0.0,0.0,14466.916059782152,1788.0,0.0,0.0,2.0,0.0,0.0,0.0,571,0.0,0.0,1.0,0.0,0,nothing,0.0,51.33273248981222,-0.012628315975963872,16991.85970540678
88194ad539fffff,0.0,0.0,0.0,0.0,0.0,0.0,0.0,0.0,0.0,0.0,0.0,0.0,0.0,5628.0,0.0,0.0,0.0,0.0,0.0,0.0,535,0.0,0.0,0.0,0.0,0,nothing,0.0,51.33631100357676,0.007421603784362594,16990.445573869514
88194ad53dfffff,0.0,0.0,0.0,4.0,0.0,0.0,0.0,0.0,5.0,0.0,0.0,0.0,132532.6347472446,852817.5,0.0,6.0,15.0,0.0,0.0,0.0,551,0.0,12.0,3.0,0.0,0,nothing,0.0,51.33840437693396,-0.004716271187058751,16991.07061492186
88194ad541fffff,0.0,0.0,0.0,0.0,0.0,0.0,0.0,0.0,4.0,0.0,0.0,0.0,43599.38113446963,1178195.6666666667,0.0,0.0,6.0,0.0,0.0,0.0,459,0.0,4.0,0.0,0.0,0,nothing,0.0,51.36884275952213,0.022718858159957396,16987.75054862796
88194ad543fffff,0.0,0.0,0.0,2.0,0.0,0.0,0.0,0.0,6.0,0.0,0.0,0.0,44579.72081058168,616182.9166666666,0.0,1.0,4.0,0.0,0.0,0.0,464,0.0,0.0,1.0,0.0,0,nothing,0.0,51.36107989007947,0.026942132942684462,16987.91493666385
88194ad545fffff,0.0,0.0,0.0,0.0,0.0,1.0,0.0,0.0,3.0,0.0,0.0,0.0,192693.22511764948,5577910.25,0.0,5.0,2.0,0.0,0.0,0.0,478,1.0,15.0,2.0,0.0,0,nothing,0.0,51.370938687266694,0.010576261332390077,16988.374847593164
88194ad547fffff,0.0,0.0,0.0,0.0,0.0,0.0,0.0,0.0,0.0,0.0,0.0,0.0,0.0,1562454.0833333333,0.0,0.0,0.0,0.0,0.0,0.0,482,0.0,0.0,1.0,0.0,0,nothing,0.0,51.3631759507169,0.014801779332908055,16988.539420860234
88194ad549fffff,0.0,0.0,0.0,0.0,0.0,0.0,0.0,0.0,0.0,0.0,0.0,0.0,0.0,829297.5833333333,0.0,0.0,0.0,0.0,0.0,0.0,439,0.0,0.0,0.0,0.0,0,nothing,0.0,51.37450836425152,0.030636959612843767,16986.961744947665
88194ad54bfffff,0.0,0.0,0.0,0.0,0.0,0.0,0.0,0.0,1.0,0.0,0.0,0.0,72969.65449064184,5087211.0,0.0,5.0,8.0,0.0,0.0,0.0,443,1.0,0.0,0.0,0.0,0,nothing,0.0,51.36674575889353,0.03485928969894036,16987.126188212314
88194ad54dfffff,0.0,0.0,0.0,3.0,0.0,0.0,0.0,0.0,11.0,0.0,1.0,0.0,151650.7180924973,2967750.0,0.0,2.0,8.0,0.0,0.0,0.0,455,0.0,13.0,3.0,0.0,0,nothing,0.0,51.37660523209807,0.018494284536017036,16987.585920182348
88194ad551fffff,0.0,0.0,0.0,0.0,0.0,0.0,0.0,0.0,0.0,0.0,0.0,0.0,0.0,310857.5833333334,0.0,0.0,0.0,0.0,0.0,0.0,451,0.0,0.0,0.0,0.0,0,nothing,0.0,51.35121935897298,0.04330005592137979,16987.454353584606
88194ad553fffff,0.0,0.0,0.0,0.0,0.0,0.0,0.0,0.0,0.0,0.0,0.0,0.0,0.0,164884.5,5.0,0.0,6.0,0.0,0.0,3498.542274052478,455,0.0,0.0,1.0,0.0,1,Public use,0.0,51.3434555651815,0.04751849316303535,16987.61807555081
88194ad555fffff,0.0,0.0,0.0,0.0,0.0,0.0,0.0,0.0,1.0,0.0,0.0,0.0,50541.76197678377,2506749.1666666665,0.0,2.0,5.0,0.0,0.0,0.0,469,0.0,0.0,0.0,0.0,0,nothing,0.0,51.3533166241557,0.031164109437223534,16988.079084219175
88194ad557fffff,0.0,0.0,0.0,0.0,0.0,0.0,0.0,0.0,0.0,0.0,0.0,0.0,54619.37641666624,471043.12500000006,6.0,0.0,5.0,0.0,0.0,5830.903790087464,474,0.0,0.0,1.0,0.0,1,Public use,0.0,51.34555296213643,0.03538478819632003,16988.24299122316
88194ad55bfffff,0.0,0.0,0.0,0.0,0.0,0.0,0.0,0.0,0.0,0.0,0.0,0.0,0.0,0.0,3.0,0.0,1.0,0.0,0.0,4664.723032069971,435,0.0,0.0,0.0,0.0,1,Public use,0.0,51.34912102239191,0.055433837314648605,16986.829561813323
88194ad55dfffff,0.0,0.0,0.0,0.0,0.0,0.0,0.0,0.0,0.0,0.0,0.0,0.0,135698.67919391464,2931301.888888889,0.0,0.0,3.0,0.0,0.0,0.0,447,0.0,1.0,0.0,0.0,0,nothing,0.0,51.35898275700551,0.03908032161752238,16987.29039111488
88194ad561fffff,0.0,0.0,0.0,0.0,0.0,0.0,0.0,0.0,4.0,0.0,0.0,0.0,162728.53874705135,5709814.011904762,0.0,2.0,3.0,0.0,0.0,0.0,517,0.0,4.0,4.0,0.0,0,nothing,0.0,51.36736485231872,-0.00948542064575606,16989.788204722692
88194ad563fffff,0.0,0.0,0.0,0.0,0.0,0.0,0.0,0.0,0.0,0.0,0.0,0.0,0.0,541996.0,0.0,0.0,0.0,0.0,0.0,0.0,521,0.0,0.0,0.0,0.0,0,nothing,0.0,51.35960198540599,-0.005256715459033317,16989.952908122206
88194ad565fffff,0.0,0.0,0.0,0.0,0.0,0.0,0.0,0.0,0.0,0.0,0.0,0.0,0.0,737069.6071428572,0.0,0.0,2.0,0.0,0.0,0.0,534,0.0,0.0,3.0,0.0,0,nothing,0.0,51.36945769210151,-0.021632265989433314,16990.412504152304
88194ad567fffff,0.0,0.0,0.0,0.0,0.0,0.0,0.0,0.0,2.0,0.0,0.0,0.0,79814.62965576364,1535655.3333333335,0.0,0.0,4.0,0.0,0.0,0.0,539,0.0,0.0,0.0,0.0,0,nothing,0.0,51.36169495908774,-0.017401317200336528,16990.5773930291
88194ad569fffff,0.0,0.0,1.0,8.0,1.0,0.0,0.0,0.0,37.0,0.0,1.0,0.0,150115.81509606534,5107597.1587301595,0.0,9.0,10.0,0.0,0.0,0.0,494,0.0,2.0,5.0,0.0,0,nothing,1.0,51.37303354153625,-0.0015685002720739617,16988.999084989806
88194ad56bfffff,0.0,0.0,0.0,1.0,0.0,0.0,0.0,0.0,3.0,0.0,0.0,0.0,46486.87225934824,1555726.6666666667,0.0,0.0,7.0,0.0,0.0,0.0,499,0.0,0.0,3.0,0.0,0,nothing,0.0,51.365270938326915,0.0026592612993782756,16989.16384358591
88194ad56dfffff,0.0,0.0,0.0,26.0,3.0,0.0,3.0,2.0,102.0,0.0,12.0,0.0,857986.8080658133,3757037.571428572,0.0,3.0,8.0,0.0,0.0,0.0,512,1.0,8.0,6.0,0.0,0,nothing,0.0,51.37512732173987,-0.013715426140767475,16989.623260699656
88194ad581fffff,0.0,0.0,0.0,0.0,0.0,0.0,0.0,0.0,1.0,0.0,0.0,0.0,0.0,0.0,0.0,0.0,0.0,0.0,0.0,0.0,540,0.0,0.0,0.0,0.0,0,nothing,0.0,51.29538968378073,0.04065069819394605,16990.635836536647
88194ad589fffff,0.0,0.0,0.0,0.0,0.0,0.0,0.0,0.0,0.0,0.0,0.0,0.0,73628.85711891478,1446622.75,0.0,0.0,3.0,0.0,0.0,0.0,518,0.0,0.0,1.0,0.0,0,nothing,0.0,51.30105980527778,0.04855920713349832,16989.847342036814
88194ad58bfffff,0.0,0.0,0.0,0.0,0.0,0.0,0.0,0.0,0.0,0.0,0.0,0.0,246054.67121568247,695506.5625,0.0,0.0,4.0,0.0,0.0,0.0,523,0.0,0.0,1.0,0.0,0,nothing,0.0,51.29329351125456,0.05277305436288143,16990.0097480051
88194ad58dfffff,0.0,0.0,0.0,0.0,0.0,0.0,0.0,0.0,1.0,0.0,0.0,0.0,0.0,0.0,0.0,0.0,0.0,0.0,0.0,0.0,536,0.0,0.0,0.0,0.0,0,nothing,0.0,51.30315584749218,0.03643461344562947,16990.473245671543
88194ad59dfffff,0.0,0.0,0.0,0.0,0.0,0.0,0.0,0.0,0.0,0.0,0.0,0.0,0.0,15600.0,0.0,0.0,0.0,0.0,0.0,0.0,528,0.0,0.0,0.0,0.0,0,nothing,0.0,51.28552682388568,0.05698560759724652,16990.17191281021
88194ad5c1fffff,0.0,0.0,0.0,0.0,0.0,0.0,0.0,0.0,0.0,0.0,0.0,0.0,121319.51519652715,173899.0909090909,0.0,0.0,4.0,0.0,0.0,0.0,492,0.0,0.0,0.0,0.0,0,nothing,0.0,51.314494360817484,0.0522545369232017,16988.896212313033
88194ad5c3fffff,0.0,0.0,0.0,0.0,0.0,0.0,0.0,0.0,0.0,0.0,0.0,0.0,602221.7375762099,19816.75,0.0,0.0,0.0,0.0,0.0,0.0,496,0.0,0.0,0.0,0.0,0,nothing,0.0,51.30672872410584,0.0564687352863369,16989.058915501526
88194ad5c5fffff,0.0,0.0,0.0,0.0,0.0,0.0,0.0,0.0,0.0,0.0,0.0,0.0,45740.14774048665,1566518.9772727273,0.0,0.0,6.0,0.0,0.0,0.0,509,0.0,0.0,2.0,0.0,0,nothing,0.0,51.31659121174366,0.04012762848654592,16989.521806891706
88194ad5c7fffff,0.0,0.0,0.0,0.0,0.0,0.0,0.0,0.0,1.0,0.0,1.0,0.0,81419.68445022177,428952.2787878788,0.0,0.0,8.0,0.0,0.0,0.0,514,0.0,1.0,2.0,0.0,0,nothing,0.0,51.308825705569426,0.04434406535838094,16989.68469497558
88194ad5c9fffff,0.0,0.0,0.0,0.0,0.0,0.0,0.0,0.0,0.0,0.0,0.0,0.0,0.0,0.0,0.0,0.0,6.0,0.0,0.0,0.0,470,0.0,0.0,3.0,0.0,0,nothing,0.0,51.32016181310895,0.06016602803565824,16988.107797722718
88194ad5cbfffff,0.0,0.0,0.0,0.0,0.0,0.0,0.0,0.0,0.0,0.0,0.0,0.0,8235.758866843218,0.0,0.0,0.0,0.0,0.0,0.0,0.0,474,0.0,0.0,1.0,0.0,0,nothing,0.0,51.31239644013749,0.06437928254794242,16988.27055696965
88194ad5cdfffff,0.0,0.0,0.0,0.0,0.0,0.0,1.0,0.0,4.0,0.0,0.0,0.0,85104.48372129689,29811.272727272728,0.0,0.0,0.0,0.0,0.0,0.0,487,0.0,0.0,1.0,0.0,0,nothing,0.0,51.322259603362106,0.04803904358410497,16988.73326822054
88194ad5d1fffff,0.0,0.0,0.0,0.0,0.0,0.0,0.0,0.0,0.0,0.0,0.0,0.0,0.0,0.0,0.0,0.0,0.0,0.0,0.0,0.0,483,0.0,0.0,1.0,0.0,0,nothing,0.0,51.296864513087655,0.0728019092117346,16988.59535282617
88194ad5d5fffff,0.0,0.0,0.0,0.0,0.0,0.0,0.0,0.0,0.0,0.0,0.0,0.0,0.0,982720.75,0.0,0.0,0.0,0.0,0.0,0.0,501,0.0,0.0,0.0,0.0,0,nothing,0.0,51.29896269361294,0.06068163922454486,16989.22137771572
88194ad5d7fffff,0.0,0.0,0.0,0.0,0.0,0.0,0.0,0.0,0.0,0.0,0.0,0.0,0.0,44200.0,0.0,0.0,0.0,0.0,0.0,0.0,505,0.0,0.0,0.0,0.0,0,nothing,0.0,51.29119626972461,0.06489324928859268,16989.3835988854
88194ad5dbfffff,0.0,0.0,0.0,0.0,0.0,0.0,0.0,0.0,0.0,0.0,0.0,0.0,0.0,0.0,0.0,0.0,0.0,0.0,0.0,0.0,466,0.0,0.0,1.0,0.0,0,nothing,0.0,51.29476526429192,0.0849200165890445,16987.969267485994
88194ad5e1fffff,0.0,0.0,0.0,0.0,0.0,0.0,0.0,0.0,0.0,0.0,0.0,0.0,0.0,96746.4,0.0,0.0,3.0,0.0,0.0,0.0,548,0.0,0.0,0.0,0.0,0,nothing,0.0,51.31301645821508,0.02008824015986736,16990.936071452037
88194ad5e3fffff,0.0,0.0,0.0,0.0,0.0,0.0,0.0,0.0,0.0,0.0,0.0,0.0,0.0,712.8,0.0,0.0,5.0,0.0,0.0,0.0,552,0.0,0.0,2.0,0.0,0,nothing,0.0,51.305250819666256,0.024307858668923796,16991.09908850191
88194ad5e9fffff,0.0,0.0,0.0,0.0,0.0,0.0,0.0,0.0,0.0,0.0,0.0,0.0,501503.73099808826,1381464.225,0.0,1.0,5.0,0.0,0.0,0.0,527,0.0,0.0,5.0,0.0,0,nothing,0.0,51.3186869923258,0.027998557746020992,16990.14734058769
88194ad5ebfffff,0.0,0.0,0.0,3.0,0.0,0.0,0.0,0.0,15.0,1.0,3.0,0.0,586920.1142904203,3200983.7375,0.0,2.0,19.0,0.0,0.0,0.0,531,1.0,0.0,6.0,0.0,0,nothing,0.0,51.31092161713586,0.03221723348006176,16990.31041366509
88194ad5edfffff,0.0,0.0,0.0,0.0,0.0,0.0,0.0,0.0,0.0,0.0,0.0,0.0,0.0,465296.4,0.0,0.0,0.0,0.0,0.0,0.0,544,0.0,0.0,0.0,0.0,0,nothing,0.0,51.320781701973786,0.0158673252106397,16990.77281328295
88194ad605fffff,0.0,0.0,0.0,0.0,0.0,0.0,0.0,0.0,0.0,0.0,0.0,0.0,0.0,0.0,0.0,0.0,0.0,0.0,0.0,0.0,260,0.0,0.0,1.0,0.0,0,nothing,0.0,51.376770145506455,0.1393369911711556,16980.22740429362
88194ad60dfffff,0.0,0.0,0.0,0.0,0.0,0.0,0.0,0.0,0.0,0.0,0.0,0.0,0.0,921004.0,0.0,0.0,2.0,0.0,0.0,0.0,241,0.0,0.0,0.0,0.0,0,nothing,0.0,51.3824243569162,0.1472596903619199,16979.439741044895
88194ad621fffff,0.0,0.0,0.0,2.0,2.0,0.0,0.0,0.0,9.0,0.0,0.0,0.0,174385.83162660946,651430.1666666667,0.0,1.0,10.0,0.0,0.0,0.0,297,0.0,0.0,5.0,0.0,0,nothing,0.0,51.3732209724512,0.1192876662741282,16981.6394911565
88194ad623fffff,0.0,0.0,0.0,0.0,0.0,0.0,0.0,0.0,0.0,0.0,0.0,0.0,0.0,330033.75,0.0,0.0,0.0,0.0,0.0,0.0,301,0.0,0.0,0.0,0.0,0,nothing,0.0,51.36545810977247,0.12349464805613382,16981.802936240416
88194ad625fffff,0.0,0.0,0.0,3.0,2.0,0.0,0.0,1.0,14.0,0.0,0.0,0.0,372458.99028563336,5117638.916666667,0.0,11.0,8.0,0.0,0.0,0.0,314,0.0,2.0,4.0,0.0,0,nothing,0.0,51.375326146248725,0.10715785125577441,16982.26378559117
88194ad627fffff,0.0,0.0,0.0,0.0,0.0,0.0,0.0,0.0,1.0,0.0,0.0,0.0,300582.68073712726,3534446.2708333335,0.0,12.0,9.0,0.0,0.0,0.0,318,1.0,2.0,2.0,0.0,0,nothing,0.0,51.36756341344715,0.1113670750769178,16982.427415170085
88194ad629fffff,0.0,0.0,0.0,0.0,0.0,0.0,0.0,0.0,1.0,0.0,0.0,0.0,61204.8126076053,51699.75,0.0,0.0,8.0,0.0,0.0,0.0,276,0.0,0.0,1.0,0.0,0,nothing,0.0,51.37887732720007,0.12720927651013653,16980.851635630395
88194ad62bfffff,0.0,0.0,0.0,0.0,0.0,0.0,0.0,0.0,0.0,0.0,0.0,0.0,0.0,1428.0,0.0,0.0,0.0,0.0,0.0,0.0,280,0.0,0.0,0.0,0.0,0,nothing,0.0,51.37111472975004,0.13141531036707055,16981.015136038222
88194ad62dfffff,0.0,0.0,0.0,0.0,0.0,0.0,0.0,0.0,0.0,0.0,0.0,0.0,34362.04143299899,1383809.2276785714,0.0,3.0,8.0,0.0,0.0,0.0,292,0.0,1.0,3.0,0.0,0,nothing,0.0,51.38098344013495,0.115079390061429,16981.475806303486
88194ad631fffff,0.0,0.0,0.0,0.0,0.0,0.0,0.0,0.0,0.0,0.0,0.0,0.0,14543.339052055124,42287.0,3.0,0.0,0.0,0.0,0.0,3498.542274052478,289,0.0,0.0,0.0,0.0,1,Public use,0.0,51.355588351257545,0.13982349736493538,16981.341417619493
88194ad633fffff,0.0,0.0,0.0,0.0,0.0,0.0,0.0,0.0,0.0,0.0,0.0,0.0,29086.678104110248,103560.0,0.0,0.0,0.0,0.0,0.0,0.0,294,0.0,0.0,0.0,0.0,0,nothing,0.0,51.34782457098461,0.14402565160871397,16981.50419865271
88194ad635fffff,0.0,0.0,0.0,1.0,1.0,0.0,0.0,0.0,0.0,0.0,0.0,0.0,283280.9395629462,3781420.4166666665,0.0,2.0,3.0,0.0,0.0,0.0,306,0.0,0.0,2.0,0.0,0,nothing,0.0,51.357694852483554,0.1277003359592371,16981.966141484965
88194ad637fffff,0.0,0.0,0.0,0.0,0.0,0.0,0.0,0.0,2.0,0.0,0.0,0.0,1628566.3299896177,737055.6666666666,2.0,0.0,0.0,1.0,0.0,2332.3615160349855,310,0.0,0.0,0.0,0.0,1,Public use,0.0,51.34993120096934,0.1319047305349812,16982.129106819993
88194ad639fffff,0.0,0.0,0.0,0.0,0.0,0.0,0.0,0.0,0.0,0.0,0.0,0.0,0.0,0.0,0.0,0.0,0.0,0.0,0.0,1166.1807580174927,268,0.0,0.0,0.0,0.0,0,nothing,0.0,51.36124429764416,0.14774328180981677,16980.553796740103
88194ad63dfffff,0.0,0.0,0.0,0.0,0.0,0.0,0.0,0.0,0.0,0.0,0.0,0.0,0.0,31320.0,0.0,0.0,0.0,0.0,0.0,0.0,284,0.0,0.0,0.0,0.0,0,nothing,0.0,51.363351737640954,0.13562005046816109,16981.178396724637
88194ad647fffff,0.0,0.0,0.0,0.0,0.0,0.0,0.0,0.0,0.0,0.0,0.0,0.0,0.0,130536.0,0.0,0.0,0.0,0.0,0.0,0.0,222,0.0,0.0,0.0,0.0,0,nothing,0.0,51.3880773638539,0.15518340783272902,16978.652146330267
88194ad661fffff,0.0,0.0,0.0,0.0,0.0,0.0,0.0,0.0,0.0,0.0,0.0,0.0,0.0,149107.76666666666,0.0,0.0,0.0,0.0,0.0,0.0,252,0.0,0.0,0.0,0.0,0,nothing,0.0,51.39229441453729,0.13092552600185198,16979.90005343313
88194ad663fffff,0.0,0.0,0.0,0.0,0.0,0.0,0.0,0.0,0.0,0.0,0.0,0.0,0.0,21756.0,0.0,0.0,4.0,0.0,0.0,0.0,256,0.0,0.0,1.0,0.0,0,nothing,0.0,51.38453247756812,0.13513190567875677,16980.063848630023
88194ad665fffff,0.0,0.0,0.0,4.0,1.0,0.0,0.0,0.0,16.0,0.0,2.0,0.0,1752153.5689883367,1727728.214090909,0.0,9.0,19.0,0.0,0.0,0.0,268,0.0,1.0,4.0,0.0,0,nothing,0.0,51.39440133658412,0.11879332532103863,16980.523915931564
88194ad667fffff,0.0,0.0,0.0,0.0,0.0,0.0,0.0,0.0,0.0,0.0,0.0,0.0,567008.6213757072,808786.6503896104,0.0,0.0,6.0,0.0,0.0,0.0,272,0.0,0.0,1.0,0.0,0,nothing,0.0,51.38663952960633,0.1230019483455105,16980.687895571406
88194ad669fffff,0.0,0.0,0.0,2.0,0.0,0.0,0.0,0.0,2.0,0.0,0.0,0.0,0.0,0.0,0.0,0.0,0.0,0.0,0.0,0.0,233,0.0,0.0,0.0,0.0,0,nothing,0.0,51.39794809480235,0.13885012292403212,16979.112279926827
88194ad66bfffff,0.0,0.0,0.0,0.0,0.0,0.0,0.0,0.0,0.0,0.0,0.0,0.0,0.0,126910.0,0.0,0.0,0.0,0.0,0.0,0.0,237,0.0,0.0,0.0,0.0,0,nothing,0.0,51.390186423429846,0.1430555536735167,16979.276130193604
88194ad66dfffff,0.0,0.0,0.0,0.0,0.0,0.0,0.0,0.0,0.0,0.0,0.0,0.0,4283.342017509425,34372.8,0.0,0.0,3.0,0.0,0.0,0.0,248,0.0,0.0,2.0,0.0,0,nothing,0.0,51.400055956029355,0.12671785158825882,16979.736018773245
88194ad701fffff,0.0,0.0,0.0,12.0,0.0,0.0,0.0,0.0,49.0,0.0,1.0,0.0,159776.77376713633,740.0,0.0,5.0,13.0,0.0,0.0,0.0,360,0.0,1.0,4.0,0.0,0,nothing,0.0,51.38939719245147,0.06653813648742529,16983.971880009714
88194ad703fffff,0.0,0.0,0.0,0.0,0.0,0.0,0.0,0.0,0.0,0.0,0.0,0.0,69291.18272893186,66406.4,0.0,0.0,1.0,0.0,0.0,0.0,364,0.0,1.0,1.0,0.0,0,nothing,0.0,51.38163524830315,0.07075538569941361,16984.136303618467
88194ad705fffff,0.0,0.0,0.0,5.0,1.0,0.0,0.0,0.0,14.0,0.0,0.0,0.0,280977.459816161,1908371.7142857143,0.0,2.0,9.0,0.0,0.0,0.0,377,0.0,1.0,3.0,0.0,0,nothing,0.0,51.391497952716335,0.054397398682027705,16984.595745601702
88194ad707fffff,0.0,0.0,0.0,0.0,0.0,0.0,0.0,0.0,0.0,0.0,0.0,0.0,0.0,154200.0,0.0,0.0,6.0,0.0,0.0,0.0,381,0.0,0.0,0.0,0.0,0,nothing,0.0,51.38373614056998,0.05861689203530962,16984.760354143244
88194ad709fffff,0.0,0.0,0.0,0.0,0.0,0.0,0.0,0.0,1.0,0.0,0.0,0.0,46540.38224403051,35152.0,0.0,0.0,0.0,0.0,0.0,0.0,339,0.0,3.0,2.0,0.0,0,nothing,0.0,51.3950570397837,0.07446040260112922,16983.183474551308
88194ad70bfffff,0.0,0.0,0.0,26.0,5.0,0.0,0.0,0.0,63.0,1.0,1.0,0.0,930019.0323995855,195835.2,0.0,3.0,18.0,1.0,0.0,0.0,343,1.0,5.0,7.0,0.0,0,nothing,0.0,51.38729536046923,0.07867670503558691,16983.347953166212
88194ad70dfffff,0.0,0.0,0.0,1.0,1.0,0.0,0.0,0.0,3.0,0.0,0.0,0.0,230993.1750985292,1834450.2857142857,0.0,0.0,1.0,0.0,0.0,0.0,355,0.0,0.0,1.0,0.0,0,nothing,0.0,51.397158739874875,0.062319589592842485,16983.80721651214
88194ad711fffff,0.0,0.0,0.0,4.0,0.0,0.0,0.0,0.0,7.0,0.0,3.0,0.0,1403583.4266585466,3241644.8583333334,0.0,16.0,12.0,1.0,0.0,0.0,351,0.0,4.0,5.0,0.0,0,nothing,0.0,51.3717708130599,0.08710541943424674,16983.67619080128
88194ad713fffff,0.0,0.0,0.0,3.0,1.0,0.0,0.0,0.0,12.0,0.0,0.0,0.0,212069.87018834348,2855324.3569444446,0.0,7.0,8.0,0.0,0.0,0.0,356,0.0,4.0,8.0,0.0,0,nothing,0.0,51.36400794573509,0.0913178325036948,16983.83994968031
88194ad715fffff,0.0,0.0,0.0,0.0,0.0,0.0,0.0,0.0,1.0,0.0,0.0,0.0,0.0,2075053.8125,0.0,10.0,12.0,0.0,0.0,0.0,369,0.0,1.0,4.0,0.0,0,nothing,0.0,51.373872907814985,0.07497133778185504,16984.30048726769
88194ad717fffff,0.0,0.0,0.0,0.0,0.0,0.0,0.0,0.0,5.0,0.0,1.0,0.0,0.0,2572624.9375,0.0,0.0,10.0,0.0,0.0,0.0,373,0.0,9.0,3.0,0.0,0,nothing,0.0,51.366110171372135,0.07918599328747906,16984.46443088675
88194ad719fffff,0.0,0.0,0.0,10.0,4.0,0.0,0.0,0.0,56.0,0.0,7.0,0.0,0.0,749051.3333333333,0.0,5.0,6.0,0.0,0.0,0.0,331,4.0,5.0,12.0,1.0,0,nothing,0.0,51.37743025055097,0.09502586581667095,16982.888019224763
88194ad71bfffff,0.0,0.0,0.0,2.0,0.0,0.0,0.0,0.0,4.0,0.0,0.0,0.0,0.0,2992532.1,0.0,10.0,14.0,0.0,0.0,0.0,335,2.0,9.0,4.0,0.0,0,nothing,1.0,51.36966764807346,0.09923733203458959,16983.051833396214
88194ad71dfffff,0.0,0.0,0.0,1.0,1.0,0.0,0.0,0.0,2.0,0.0,0.0,0.0,345877.13594384503,582036.45,0.0,1.0,11.0,0.0,0.0,0.0,347,0.0,0.0,5.0,0.0,0,nothing,0.0,51.37953328476629,0.08289171046236701,16983.512191939735
88194ad721fffff,0.0,0.0,0.0,3.0,1.0,0.0,0.0,0.0,5.0,0.0,0.0,0.0,793869.6890621393,1353320.7916666667,0.0,2.0,5.0,0.0,0.0,0.0,414,0.0,12.0,2.0,0.0,0,nothing,0.0,51.387934708927624,0.03433340003842241,16986.008271259696
88194ad723fffff,0.0,0.0,0.0,0.0,0.0,0.0,0.0,0.0,1.0,0.0,0.0,0.0,246929.71511517066,1231454.6666666667,0.0,1.0,6.0,0.0,0.0,0.0,418,0.0,0.0,0.0,0.0,0,nothing,0.0,51.380172764778145,0.038556083587200446,16986.173009857677
88194ad725fffff,0.0,0.0,0.0,1.0,0.0,0.0,0.0,0.0,8.0,0.0,0.0,0.0,2404735.7845354993,3198913.666666667,0.0,0.0,4.0,0.0,0.0,0.0,430,0.0,11.0,1.0,0.0,0,nothing,0.0,51.39003238383554,0.022188402725461787,16986.632137615536
88194ad727fffff,0.0,0.0,0.0,0.0,0.0,0.0,0.0,0.0,1.0,0.0,0.0,0.0,0.0,583728.0,0.0,0.0,0.0,0.0,0.0,0.0,434,0.0,1.0,0.0,0.0,0,nothing,0.0,51.38227057269401,0.02641333080613097,16986.797061391768
88194ad729fffff,0.0,0.0,0.0,1.0,0.0,0.0,0.0,0.0,2.0,0.0,1.0,0.0,398080.07692839875,264675.1666666667,0.0,0.0,6.0,0.0,0.0,0.0,393,0.0,0.0,3.0,0.0,0,nothing,0.0,51.393597640672205,0.042254492128400586,16985.21954982435
88194ad72bfffff,0.0,0.0,0.0,2.0,0.0,0.0,0.0,0.0,5.0,0.0,0.0,0.0,266997.5632723302,488552.0,0.0,2.0,7.0,0.0,0.0,0.0,398,0.0,0.0,3.0,0.0,0,nothing,0.0,51.3858359609753,0.04647622997851122,16985.384343396276
88194ad72dfffff,0.0,0.0,1.0,1.0,1.0,0.0,0.0,0.0,22.0,0.0,3.0,0.0,825052.1536814708,5929510.416666667,0.0,12.0,7.0,0.0,0.0,0.0,410,0.0,10.0,6.0,0.0,0,nothing,1.0,51.39569625572749,0.030109417336485454,16985.843292559763
88194ad731fffff,0.0,0.0,0.0,8.0,1.0,0.0,0.0,1.0,20.0,1.0,2.0,0.0,4525864.779108001,546744.7916666666,0.0,13.0,7.0,0.0,0.0,0.0,406,1.0,1.0,3.0,0.0,0,nothing,0.0,51.370311410928075,0.05491581079584851,16985.71321030578
88194ad733fffff,0.0,0.0,0.0,1.0,0.0,0.0,0.0,0.0,13.0,0.0,1.0,0.0,2199340.6809750814,922324.5,0.0,20.0,10.0,0.0,0.0,0.0,410,0.0,0.0,2.0,0.0,0,nothing,0.0,51.362548541348346,0.05913365486917349,16985.877283501828
88194ad735fffff,0.0,0.0,0.0,1.0,0.0,0.0,0.0,0.0,4.0,0.0,0.0,0.0,150332.6150888198,6139072.083333333,0.0,2.0,9.0,0.0,0.0,0.0,422,1.0,1.0,1.0,0.0,0,nothing,0.0,51.37241042366447,0.042777468536226534,16986.337508282813
88194ad737fffff,0.0,0.0,0.0,0.0,0.0,0.0,0.0,0.0,0.0,0.0,0.0,0.0,0.0,5041224.666666667,0.0,1.0,5.0,0.0,0.0,0.0,427,1.0,0.0,0.0,0.0,0,nothing,0.0,51.36464768597191,0.04699755543860231,16986.501766464284
88194ad739fffff,0.0,0.0,0.0,0.0,0.0,0.0,0.0,0.0,0.0,0.0,0.0,0.0,0.0,57684.0,0.0,0.0,0.0,0.0,0.0,0.0,386,0.0,1.0,0.0,0.0,0,nothing,0.0,51.37597393174732,0.06283508758443944,16984.924722677744
88194ad73bfffff,0.0,0.0,0.0,0.0,0.0,0.0,0.0,0.0,2.0,0.0,0.0,0.0,14499.309145958066,844317.5,0.0,0.0,2.0,0.0,0.0,0.0,390,0.0,1.0,3.0,0.0,0,nothing,0.0,51.36821132663355,0.06705198588239476,16985.08885113449
88194ad73dfffff,0.0,0.0,0.0,0.0,0.0,0.0,0.0,0.0,0.0,0.0,0.0,0.0,166099.07169493547,1492870.0416666665,0.0,0.0,0.0,0.0,0.0,0.0,402,0.0,2.0,0.0,0.0,0,nothing,0.0,51.3780738842655,0.050696669349921814,16985.548896913693
88194ad741fffff,0.0,0.0,0.0,1.0,0.0,0.0,0.0,0.0,4.0,0.0,1.0,0.0,351595.1714418794,3918606.2708333335,0.0,2.0,5.0,0.0,0.0,0.0,313,0.0,16.0,3.0,0.0,0,nothing,0.0,51.40847669993964,0.07816703761587852,16982.230364600553
88194ad743fffff,0.0,0.0,0.0,0.0,0.0,0.0,0.0,0.0,2.0,0.0,0.0,0.0,0.0,35480.90909090909,0.0,0.0,4.0,0.0,0.0,0.0,318,0.0,3.0,0.0,0.0,0,nothing,0.0,51.40071568244052,0.08238369027110372,16982.395137806183
88194ad745fffff,0.0,0.0,0.0,1.0,0.0,0.0,0.0,0.0,0.0,0.0,0.0,0.0,44177.958499325716,4462800.680555556,0.0,2.0,6.0,0.0,0.0,0.0,329,0.0,0.0,1.0,0.0,0,nothing,0.0,51.4105792077072,0.06602390449656141,16982.853798080218
88194ad747fffff,0.0,0.0,0.0,0.0,0.0,0.0,0.0,0.0,0.0,0.0,0.0,0.0,0.0,58207.25,0.0,1.0,0.0,0.0,0.0,0.0,334,0.0,1.0,0.0,0.0,0,nothing,0.0,51.40281832232468,0.07024280260589548,16983.018756165726
88194ad749fffff,0.0,0.0,0.0,1.0,0.0,0.0,0.0,0.0,4.0,0.0,0.0,0.0,65457.72238379514,6736922.277777778,0.0,0.0,4.0,0.0,0.0,0.0,292,0.0,9.0,1.0,0.0,0,nothing,0.0,51.4141338725939,0.0860922945173594,16981.44204185468
88194ad74bfffff,0.0,0.0,0.0,0.0,0.0,0.0,0.0,0.0,4.0,0.0,0.0,0.0,33412.30770646529,1673226.0833333333,0.0,1.0,6.0,0.0,0.0,0.0,296,0.0,11.0,2.0,0.0,0,nothing,0.0,51.40637312029601,0.09030799939188792,16981.606869812433
88194ad74dfffff,0.0,0.0,0.0,5.0,0.0,0.0,0.0,0.0,4.0,0.0,1.0,0.0,34483.50694289534,3183285.7569444445,0.0,0.0,7.0,0.0,0.0,0.0,308,0.0,5.0,3.0,0.0,0,nothing,0.0,51.41623732023194,0.07394908696853364,16982.065351813068
88194ad751fffff,0.0,0.0,0.0,0.0,0.0,0.0,0.0,0.0,0.0,0.0,0.0,0.0,156045.1786111369,164565.75,0.0,3.0,19.0,0.0,0.0,0.0,305,0.0,0.0,2.0,0.0,0,nothing,0.0,51.390850425473886,0.09873551774477589,16981.935807053458
88194ad753fffff,0.0,0.0,0.0,2.0,1.0,0.0,0.0,0.0,9.0,0.0,0.0,0.0,29533.011499416396,2881214.770337302,0.0,19.0,9.0,0.0,0.0,0.0,309,0.0,8.0,6.0,0.0,0,nothing,0.0,51.38308848371927,0.10294733232918911,16982.099916195486
88194ad755fffff,0.0,0.0,0.0,0.0,0.0,0.0,0.0,0.0,1.0,0.0,0.0,0.0,0.0,231397.69696969696,0.0,0.0,14.0,0.0,0.0,0.0,322,0.0,6.0,4.0,0.0,0,nothing,0.0,51.392954268119425,0.08659904548763209,16982.559671359195
88194ad757fffff,0.0,0.0,0.0,0.0,0.0,0.0,0.0,0.0,0.0,0.0,0.0,0.0,12366.78010784774,207728.0,0.0,4.0,8.0,0.0,0.0,0.0,326,0.0,3.0,5.0,0.0,0,nothing,0.0,51.38519245736128,0.09081310381853665,16982.723965188918
88194ad759fffff,0.0,0.0,0.0,1.0,0.0,0.0,0.0,0.0,7.0,0.0,1.0,0.0,860907.0430693711,1970154.3068181819,0.0,7.0,17.0,1.0,0.0,0.0,284,1.0,0.0,5.0,0.0,0,nothing,0.0,51.39650718897827,0.10665895213532811,16981.14771757153
88194ad75bfffff,0.0,0.0,0.0,4.0,3.0,0.0,0.0,0.0,17.0,0.0,2.0,0.0,1988218.0106290302,3300997.825180375,0.0,30.0,18.0,0.0,0.0,0.0,288,0.0,9.0,5.0,0.0,0,nothing,0.0,51.388745512438895,0.11086981886595233,16981.31188175169
88194ad75dfffff,0.0,0.0,0.0,0.0,0.0,0.0,0.0,0.0,0.0,0.0,0.0,0.0,0.0,191105.3106060606,0.0,0.0,3.0,0.0,0.0,0.0,301,0.0,1.0,2.0,0.0,0,nothing,0.0,51.39861197112773,0.09452240694997698,16981.77145823558
88194ad761fffff,0.0,0.0,0.0,0.0,0.0,1.0,0.0,0.0,0.0,0.0,0.0,0.0,0.0,544672.0,0.0,0.0,0.0,0.0,0.0,0.0,367,0.0,0.0,4.0,0.0,0,nothing,0.0,51.40702038543946,0.0459545163497709,16984.26580878075
88194ad763fffff,0.0,0.0,0.0,1.0,0.0,0.0,0.0,0.0,4.0,0.0,0.0,0.0,13261.499654146424,2014190.2857142857,0.0,1.0,19.0,1.0,0.0,0.0,372,1.0,1.0,2.0,0.0,0,nothing,0.0,51.399259367801214,0.05017660697135529,16984.43089712391
88194ad765fffff,0.0,0.0,0.0,2.0,0.0,0.0,0.0,0.0,2.0,0.0,0.0,0.0,38580.38527525029,1366074.9285714284,0.0,9.0,10.0,0.0,0.0,0.0,385,0.0,6.0,3.0,0.0,0,nothing,0.0,51.40911980748637,0.03380711877794562,16984.88924280059
88194ad767fffff,0.0,0.0,0.0,1.0,0.0,2.0,0.0,0.0,8.0,0.0,1.0,0.0,483789.30258085026,652991.0,0.0,5.0,9.0,0.0,0.0,0.0,389,0.0,4.0,4.0,0.0,0,nothing,0.0,51.40135892297097,0.03803145524613524,16985.0545162688
88194ad769fffff,0.0,0.0,0.0,0.0,0.0,0.0,0.0,0.0,0.0,0.0,0.0,0.0,0.0,1493012.5,0.0,0.0,0.0,0.0,0.0,0.0,346,0.0,0.0,3.0,0.0,0,nothing,0.0,51.41268064300664,0.053878600542564534,16983.477170133683
88194ad76bfffff,0.0,0.0,0.0,1.0,1.0,0.0,0.0,0.0,6.0,0.0,0.0,0.0,649846.37898197,186624.0,0.0,0.0,2.0,1.0,0.0,0.0,350,0.0,0.0,6.0,0.0,0,nothing,0.0,51.40491989018828,0.05809974446243635,16983.64231319651
88194ad76dfffff,0.0,0.0,0.0,0.0,0.0,2.0,0.0,0.0,2.0,0.0,0.0,0.0,848.4831340289251,349440.0,0.0,0.0,6.0,1.0,0.0,0.0,363,0.0,0.0,0.0,0.0,0,nothing,0.0,51.414781005245956,0.04173112626346364,16984.100480643167
88194ad801fffff,0.0,0.0,0.0,0.0,0.0,0.0,0.0,0.0,0.0,0.0,0.0,0.0,0.0,0.0,0.0,0.0,0.0,0.0,0.0,0.0,810,0.0,8.0,0.0,0.0,0,nothing,0.0,51.44781120987042,-0.2742206186072146,17001.416531044382
88194ad803fffff,0.0,0.0,0.0,1.0,0.0,0.0,0.0,0.0,3.0,0.0,0.0,0.0,212072.27003779085,0.0,0.0,0.0,1.0,0.0,0.0,0.0,814,0.0,12.0,0.0,0.0,0,nothing,0.0,51.440053131287655,-0.2699404007662383,17001.58616973923
88194ad805fffff,0.0,0.0,0.0,1.0,0.0,0.0,0.0,0.0,3.0,0.0,0.0,0.0,0.0,0.0,0.0,1.0,0.0,0.0,0.0,0.0,826,0.0,8.0,0.0,0.0,0,nothing,0.0,51.44988172199841,-0.2864218854481955,17002.038633457643
88194ad807fffff,0.0,0.0,0.0,0.0,0.0,0.0,0.0,0.0,0.0,0.0,0.0,0.0,0.0,0.0,0.0,0.0,0.0,0.0,0.0,0.0,829,0.0,3.0,0.0,0.0,0,nothing,0.0,51.44212378798889,-0.28213941370996537,17002.208459826834
88194ad809fffff,0.0,0.0,0.0,1.0,0.0,0.0,0.0,0.0,2.0,0.0,0.0,0.0,525661.3017522834,12438.8,0.0,2.0,1.0,0.0,0.0,0.0,789,0.0,7.0,1.0,0.0,0,nothing,0.0,51.453497426331296,-0.26630078657623535,17000.624671775426
88194ad80bfffff,0.0,0.0,0.0,0.0,0.0,0.0,0.0,0.0,0.0,0.0,0.0,0.0,49819.59996442174,0.0,0.0,0.0,0.0,0.0,0.0,0.0,793,0.0,1.0,0.0,0.0,0,nothing,0.0,51.44573960947515,-0.2620215064075105,17000.794364049383
88194ad80dfffff,0.0,0.0,0.0,1.0,0.0,0.0,0.0,0.0,0.0,0.0,0.0,0.0,0.0,54988.0,0.0,0.0,0.0,0.0,0.0,0.0,806,0.0,22.0,1.0,0.0,0,nothing,0.0,51.45556888226435,-0.2785021530052305,17001.246651147972
88194ad811fffff,0.0,0.0,0.0,0.0,0.0,0.0,0.0,0.0,2.0,0.0,0.0,0.0,18500.432292594727,9275530.208333334,0.0,22.0,5.0,0.0,0.0,0.0,802,0.0,1.0,3.0,0.0,0,nothing,0.0,51.43022275860174,-0.25346689316214105,17001.133025058378
88194ad813fffff,0.0,0.0,0.0,0.0,0.0,0.0,0.0,0.0,2.0,0.0,0.0,0.0,94094.25598693563,775148.3125,0.0,0.0,2.0,0.0,0.0,0.0,807,0.0,0.0,0.0,0.0,0,nothing,0.0,51.42246372535874,-0.24919155896739156,17001.301993647012
88194ad815fffff,0.0,2.0,0.0,0.0,0.0,0.0,0.0,0.0,5.0,0.0,1.0,0.0,1775074.7509319577,3440985.333333333,0.0,22.0,6.0,0.0,0.0,0.0,818,0.0,13.0,2.0,0.0,0,nothing,0.0,51.43229464690322,-0.26566149892289936,17001.755567159173
88194ad817fffff,0.0,1.0,0.0,0.0,0.0,0.0,0.0,0.0,2.0,0.0,0.0,0.0,216423.04286350444,3375.0,0.0,4.0,1.0,0.0,0.0,0.0,822,0.0,0.0,0.0,0.0,0,nothing,0.0,51.424535757104366,-0.2613839125180562,17001.924723230957
88194ad819fffff,0.0,0.0,0.0,1.0,1.0,0.0,0.0,0.0,2.0,0.0,0.0,0.0,1148071.2447179137,16064319.812500004,0.0,7.0,3.0,0.0,0.0,0.0,781,1.0,8.0,1.0,0.0,0,nothing,0.0,51.43590855502509,-0.24554883831342944,17000.34139623353
88194ad81bfffff,0.0,0.0,0.0,0.0,0.0,0.0,0.0,0.0,3.0,0.0,0.0,0.0,12468.498027466741,0.0,0.0,0.0,0.0,0.0,0.0,0.0,786,0.0,4.0,0.0,0.0,0,nothing,0.0,51.42814978352405,-0.24127444189408948,17000.510418692353
88194ad81dfffff,0.0,0.0,0.0,1.0,0.0,0.0,0.0,0.0,9.0,0.0,0.0,0.0,543583.518027576,19633458.062500004,1.0,15.0,6.0,0.0,0.0,0.0,798,0.0,2.0,2.0,0.0,1,Public use,0.0,51.43798138676959,-0.25774354212254635,17000.963815168114
88194ad821fffff,0.0,0.0,0.0,0.0,0.0,0.0,0.0,0.0,6.0,0.0,0.0,1.0,301632.0687716494,363032.26666666666,0.0,5.0,5.0,0.0,0.0,0.0,857,0.0,31.0,3.0,0.0,0,nothing,0.0,51.44626183557963,-0.3065439003546547,17003.452846070948
88194ad823fffff,0.0,0.0,0.0,0.0,0.0,0.0,0.0,0.0,2.0,0.0,0.0,0.0,465837.88835678715,1567236.1194444445,0.0,3.0,7.0,0.0,0.0,0.0,861,0.0,2.0,3.0,0.0,0,nothing,0.0,51.43850378524801,-0.30225823781682976,17003.622806669635
88194ad825fffff,0.0,0.0,1.0,1.0,0.0,0.0,0.0,1.0,22.0,0.0,0.0,1.0,459320.69368388556,3186258.903033626,0.0,7.0,7.0,0.0,0.0,0.0,871,1.0,21.0,4.0,0.0,0,nothing,0.0,51.448329225288624,-0.3187493729816836,17004.074941986953
88194ad827fffff,0.0,0.0,1.0,1.0,0.0,0.0,0.0,0.0,9.0,0.0,0.0,0.0,417485.6957847848,535914.0361111112,0.0,3.0,5.0,0.0,0.0,0.0,874,0.0,4.0,2.0,0.0,0,nothing,0.0,51.44057132054249,-0.3144614561989511,17004.245090508542
88194ad829fffff,1.0,0.0,0.0,4.0,0.0,0.0,1.0,0.0,9.0,0.0,0.0,0.0,236763.26338795238,3561334.0395833333,0.0,10.0,8.0,0.0,0.0,0.0,840,1.0,52.0,7.0,0.0,0,nothing,0.0,51.451951145268694,-0.2986253063944312,17002.660671169022
88194ad82bfffff,0.0,0.0,1.0,2.0,0.0,0.0,0.0,0.0,7.0,0.0,0.0,0.0,971307.3017044482,0.0,0.0,1.0,1.0,0.0,0.0,0.0,844,1.0,15.0,0.0,0.0,0,nothing,0.0,51.44419335628298,-0.2943405804182589,17002.830685310808
88194ad82dfffff,0.0,0.0,1.0,2.0,2.0,0.0,0.0,0.0,40.0,0.0,1.0,0.0,262045.75459470446,4623888.829166667,0.0,8.0,9.0,0.0,0.0,0.0,854,4.0,2.0,8.0,0.0,0,nothing,1.0,51.454019479090874,-0.3108308809089263,17003.282644058294
88194ad831fffff,0.0,0.0,0.0,0.0,0.0,0.0,0.0,0.0,1.0,0.0,0.0,0.0,6790.024038060872,33193.166666666664,0.0,1.0,0.0,0.0,0.0,0.0,851,1.0,2.0,1.0,0.0,0,nothing,0.0,51.42867655925681,-0.2857750799371031,17003.16998941798
88194ad833fffff,0.0,0.0,0.0,3.0,0.0,0.0,1.0,0.0,3.0,0.0,1.0,0.0,217638.28669814052,2604545.333333333,0.0,10.0,5.0,0.0,0.0,0.0,855,0.0,7.0,5.0,0.0,0,nothing,0.0,51.42091755199112,-0.28149430431327366,17003.33927923656
88194ad835fffff,0.0,0.0,1.0,2.0,0.0,0.0,0.0,0.0,3.0,0.0,0.0,0.0,0.0,676426.2007575758,0.0,2.0,3.0,0.0,0.0,0.0,865,0.0,2.0,6.0,0.0,0,nothing,0.0,51.430745328483475,-0.29797389273567076,17003.792525780824
88194ad837fffff,0.0,0.0,1.0,1.0,0.0,0.0,0.0,1.0,3.0,0.0,1.0,0.0,0.0,674178.1136363636,0.0,10.0,14.0,0.0,0.0,0.0,869,0.0,1.0,5.0,0.0,0,nothing,0.0,51.42298646567345,-0.29369086455169263,17003.96200333105
88194ad839fffff,0.0,0.0,0.0,0.0,0.0,0.0,0.0,0.0,2.0,0.0,0.0,0.0,33051.84565119694,750.0,0.0,0.0,1.0,0.0,0.0,0.0,833,0.0,17.0,0.0,0.0,0,nothing,0.0,51.43436544783824,-0.27785825864239383,17002.378044874727
88194ad83bfffff,0.0,0.0,0.0,1.0,0.0,0.0,0.0,0.0,3.0,0.0,1.0,0.0,0.0,1631982.2499999998,0.0,9.0,6.0,0.0,0.0,0.0,837,0.0,2.0,2.0,0.0,0,nothing,0.0,51.42660670193375,-0.2735784196861008,17002.547388527968
88194ad83dfffff,0.0,0.0,0.0,0.0,0.0,0.0,0.0,0.0,0.0,0.0,0.0,0.0,0.0,99710.0,0.0,2.0,0.0,0.0,0.0,0.0,847,0.0,1.0,0.0,0.0,0,nothing,0.0,51.43643516081656,-0.2900571717856742,17003.000458084938
88194ad841fffff,0.0,0.0,1.0,2.0,0.0,0.0,0.0,0.0,38.0,1.0,1.0,0.0,188631.1889204917,1170347.4415277778,0.0,10.0,14.0,1.0,0.0,0.0,764,3.0,8.0,14.0,0.0,0,nothing,0.0,51.466939585928564,-0.2626595760959862,16999.66289531016
88194ad843fffff,0.0,0.0,1.0,2.0,0.0,0.0,0.0,0.0,5.0,0.0,0.0,0.0,82615.57286341977,1731692.0999999999,0.0,1.0,0.0,0.0,0.0,0.0,769,0.0,2.0,3.0,0.0,0,nothing,0.0,51.459182437241815,-0.25837991771607327,16999.832882057763
88194ad845fffff,0.0,0.0,0.0,0.0,0.0,0.0,0.0,0.0,10.0,0.0,0.0,0.0,35302.78888024837,7388574.326473064,1.0,14.0,12.0,0.0,0.0,0.0,780,0.0,1.0,5.0,0.0,1,Public use,0.0,51.46901184094705,-0.27486329680308225,17000.28456405519
88194ad847fffff,0.0,0.0,1.0,0.0,0.0,0.0,0.0,0.0,15.0,0.0,0.0,0.0,268827.5974000955,2598240.7596969698,2.0,4.0,5.0,0.0,0.0,0.0,785,0.0,12.0,10.0,0.0,1,Public use,0.0,51.46125483695094,-0.2705813831881805,17000.45473841957
88194ad849fffff,0.0,0.0,0.0,0.0,0.0,0.0,0.0,0.0,25.0,0.0,0.0,0.0,763269.7616178943,804817.0909090908,0.0,4.0,6.0,1.0,0.0,0.0,744,0.0,2.0,5.0,1.0,0,nothing,0.0,51.472623129067706,-0.25473673182784595,16998.871121857428
88194ad84bfffff,1.0,0.0,2.0,0.0,1.0,0.0,0.0,0.0,12.0,0.0,0.0,0.0,393804.6015908865,1676510.8864267678,0.0,14.0,10.0,0.0,0.0,0.0,748,1.0,4.0,4.0,1.0,0,nothing,0.0,51.46486624247247,-0.2504580121258917,16999.041161929123
88194ad84dfffff,0.0,0.0,0.0,0.0,0.0,0.0,2.0,0.0,2.0,0.0,0.0,0.0,172675.57199251113,2242239.2222222225,0.0,6.0,3.0,0.0,0.0,0.0,760,0.0,3.0,1.0,0.0,0,nothing,0.0,51.47469632794427,-0.2669405513648965,16999.492667673614
88194ad851fffff,0.0,0.0,1.0,2.0,0.0,0.0,1.0,1.0,20.0,0.0,1.0,0.0,118202.09882980463,1064320.7234848484,0.0,9.0,16.0,0.0,0.0,0.0,756,2.0,10.0,12.0,0.0,0,nothing,0.0,51.44935125067408,-0.24190452080704225,16999.380519470826
88194ad853fffff,0.0,0.0,1.0,0.0,0.0,0.0,0.0,0.0,2.0,0.0,0.0,0.0,316810.62355119677,10597308.25,0.0,6.0,6.0,0.0,0.0,0.0,761,0.0,5.0,1.0,0.0,0,nothing,0.0,51.441593146244735,-0.23762974807123421,16999.549836794336
88194ad855fffff,2.0,0.0,0.0,3.0,1.0,0.0,0.0,0.0,14.0,0.0,1.0,0.0,1749254.122124113,2005957.9545454544,0.0,11.0,4.0,0.0,0.0,0.0,773,1.0,1.0,2.0,0.0,0,nothing,0.0,51.45142488227099,-0.2541015756653005,17000.002627843045
88194ad857fffff,0.0,0.0,0.0,0.0,0.0,0.0,0.0,0.0,3.0,0.0,0.0,0.0,132372.07177325268,12868784.66666667,0.0,0.0,0.0,0.0,0.0,0.0,777,0.0,1.0,1.0,0.0,0,nothing,0.0,51.443666921403086,-0.24982454938417017,17000.172132592706
88194ad859fffff,0.0,0.0,0.0,2.0,2.0,1.0,0.0,0.0,28.0,0.0,2.0,0.0,1262762.575334215,242758.20126262624,0.0,6.0,9.0,0.0,0.0,0.0,737,9.0,13.0,7.0,0.0,0,nothing,0.0,51.45503437445315,-0.23398345649066624,16998.588975840274
88194ad85bfffff,0.0,0.0,0.0,0.0,0.0,0.0,0.0,0.0,1.0,0.0,0.0,0.0,30608.886972566026,15332660.283333331,0.0,0.0,3.0,0.0,0.0,0.0,741,3.0,3.0,1.0,0.0,0,nothing,0.0,51.44727653213122,-0.22970962253513855,16998.758346778683
88194ad85dfffff,0.0,0.0,0.0,6.0,0.0,0.0,1.0,0.0,15.0,1.0,0.0,0.0,2522722.394170309,3570981.3616161617,2.0,10.0,5.0,0.0,0.0,0.0,752,2.0,10.0,6.0,0.0,1,Taxi,0.0,51.45710894954562,-0.2461806086388385,16999.21096115802
88194ad861fffff,2.0,0.0,0.0,1.0,1.0,0.0,0.0,1.0,38.0,0.0,1.0,0.0,694256.2199516753,3495954.855165344,1.0,19.0,15.0,0.0,0.0,0.0,817,9.0,1.0,10.0,0.0,1,Taxi,0.0,51.465396370045084,-0.29499078117540173,17001.698257049182
88194ad863fffff,0.0,0.0,1.0,0.0,0.0,0.0,0.0,0.0,0.0,0.0,0.0,0.0,456.0245506242153,983355.0537037037,0.0,6.0,11.0,0.0,0.0,0.0,822,1.0,0.0,7.0,0.0,0,nothing,0.0,51.457639249479556,-0.29070567441670603,17001.868565840596
88194ad865fffff,0.0,0.0,0.0,2.0,0.0,0.0,0.0,0.0,12.0,0.0,0.0,0.0,2390559.843980701,5832304.661359127,0.0,5.0,2.0,0.0,0.0,0.0,832,4.0,0.0,2.0,0.0,0,nothing,0.0,51.46746550224873,-0.30719871261728526,17002.319919076697
88194ad867fffff,3.0,1.0,0.0,46.0,6.0,0.0,0.0,2.0,160.0,1.0,12.0,2.0,1140705.5533085195,3734747.192219216,0.0,25.0,21.0,1.0,0.0,0.0,836,10.0,118.0,24.0,0.0,0,nothing,1.0,51.45970852738639,-0.30291135027406735,17002.490415733122
88194ad869fffff,0.0,0.0,1.0,1.0,0.0,0.0,0.0,1.0,16.0,0.0,1.0,0.0,691252.6962211168,4193748.6821338385,1.0,15.0,14.0,0.0,0.0,0.0,797,9.0,5.0,10.0,0.0,1,Public use,0.0,51.47108300693705,-0.2870691737114917,17000.906168044185
88194ad86bfffff,0.0,0.0,0.0,2.0,0.0,0.0,0.0,0.0,7.0,0.0,0.0,0.0,1334684.827346508,3104871.4658459597,0.0,14.0,6.0,1.0,0.0,0.0,801,3.0,3.0,5.0,0.0,0,nothing,0.0,51.463326148082274,-0.2827850045199937,17001.07653012341
88194ad86dfffff,0.0,0.0,0.0,6.0,0.0,0.0,0.0,0.0,31.0,0.0,0.0,0.0,0.0,1998649.3333333333,0.0,0.0,0.0,0.0,0.0,0.0,813,0.0,38.0,0.0,0.0,0,nothing,0.0,51.473153083307764,-0.2992772062845374,17001.52770715701
88194ad881fffff,0.0,0.0,0.0,8.0,1.0,0.0,0.0,2.0,29.0,0.0,1.0,0.0,451335.4451328346,13627414.110119049,0.0,31.0,5.0,1.0,0.0,0.0,838,1.0,3.0,8.0,0.0,0,nothing,1.0,51.39349615150985,-0.2442867101113168,17002.598932574212
88194ad883fffff,0.0,0.0,0.0,0.0,0.0,7.0,0.0,0.0,3.0,0.0,0.0,0.0,62910.5279106988,1093541.0813492064,5.0,15.0,5.0,0.0,0.0,4008.746355685131,842,0.0,2.0,3.0,0.0,1,Public use,0.0,51.38573524044805,-0.2400156925221318,17002.76688080915
88194ad885fffff,0.0,0.0,1.0,6.0,0.0,0.0,1.0,1.0,23.0,0.0,2.0,0.0,6904.856890391415,8651643.283730159,0.0,32.0,17.0,0.0,0.0,0.0,852,0.0,6.0,6.0,1.0,0,nothing,0.0,51.39556766852434,-0.25647221379688245,17003.222347730265
88194ad887fffff,0.0,0.0,0.0,5.0,3.0,0.0,0.0,0.0,18.0,0.0,1.0,0.0,154610.78183405258,2320017.342261905,2.0,26.0,13.0,0.0,0.0,1603.4985422740524,855,0.0,4.0,4.0,0.0,1,Public use,0.0,51.387806899661086,-0.25219894701678347,17003.390483312796
88194ad889fffff,0.0,0.0,0.0,5.0,1.0,0.0,0.0,0.0,21.0,0.0,3.0,0.0,4682944.0088087125,3688784.1805555555,0.0,43.0,13.0,0.0,0.0,0.0,820,3.0,1.0,8.0,0.0,0,nothing,1.0,51.399184199050666,-0.23637343939240885,17001.807450872755
88194ad88bfffff,0.0,0.0,0.0,0.0,0.0,0.0,0.0,0.0,2.0,0.0,1.0,0.0,429926.6340571094,1412.0,0.0,2.0,2.0,0.0,0.0,0.0,824,0.0,3.0,0.0,0.0,0,nothing,0.0,51.391423549379056,-0.23210335867701926,17001.97545352487
88194ad88dfffff,0.0,0.0,0.0,4.0,1.0,0.0,0.0,0.0,25.0,0.0,2.0,0.0,2107619.264143098,13784609.186598124,0.0,69.0,5.0,0.0,0.0,0.0,835,10.0,6.0,5.0,0.0,0,nothing,1.0,51.401256659093725,-0.2485590403476633,17002.430742626017
88194ad891fffff,0.0,0.0,0.0,4.0,0.0,0.0,0.0,0.0,14.0,0.0,0.0,0.0,1295605.6531118099,4041822.6268939395,0.0,11.0,15.0,0.0,0.0,0.0,832,1.0,2.0,6.0,1.0,0,nothing,0.0,51.37590104100612,-0.22356713261534608,17002.310733757688
88194ad893fffff,0.0,0.0,0.0,0.0,1.0,0.0,0.0,0.0,9.0,0.0,0.0,0.0,870590.7003879116,1183912.4143939395,0.0,8.0,7.0,0.0,0.0,0.0,836,0.0,1.0,4.0,0.0,0,nothing,0.0,51.368139183079435,-0.21930098615498095,17002.478011193103
88194ad895fffff,0.0,0.0,0.0,4.0,0.0,0.0,0.0,0.0,21.0,0.0,1.0,0.0,351529.586928679,1550033.8932539683,0.0,14.0,4.0,0.0,0.0,0.0,845,0.0,5.0,3.0,0.0,0,nothing,0.0,51.37797392629572,-0.23574598702266522,17002.93458725807
88194ad897fffff,0.0,0.0,0.0,1.0,0.0,0.0,0.0,0.0,17.0,0.0,1.0,0.0,39735.28842410627,3677564.15,2.0,3.0,13.0,0.0,0.0,0.0,849,0.0,0.0,5.0,0.0,1,Public use,0.0,51.37021220944026,-0.23147759305583335,17003.102051848266
88194ad899fffff,0.0,0.0,1.0,3.0,1.0,0.0,0.0,0.0,15.0,0.0,1.0,0.0,32551.97926093267,2737089.1117424243,3.0,37.0,8.0,0.0,0.0,2405.247813411079,812,0.0,1.0,7.0,0.0,1,Public use,0.0,51.38158866861181,-0.21565563979236496,17001.519484537435
88194ad89bfffff,0.0,0.0,1.0,5.0,0.0,0.0,0.0,0.0,4.0,0.0,0.0,0.0,3585090.6444601617,5196289.5,0.0,22.0,13.0,0.0,0.0,0.0,817,0.0,0.0,4.0,0.0,0,nothing,0.0,51.373827072089014,-0.2113904303061227,17001.68681668094
88194ad89dfffff,0.0,0.0,0.0,0.0,0.0,1.0,0.0,0.0,4.0,0.0,0.0,0.0,15480.999839065167,1733093.1152597403,3.0,1.0,5.0,0.0,0.0,2405.247813411079,827,1.0,0.0,2.0,0.0,1,Public use,0.0,51.38366249656843,-0.22783458993706124,17002.14321451074
88194ad8a1fffff,0.0,0.0,0.0,0.0,0.0,0.0,0.0,0.0,3.0,0.0,0.0,0.0,0.0,832519.003030303,0.0,1.0,4.0,0.0,0.0,0.0,882,0.0,1.0,3.0,0.0,0,nothing,0.0,51.39194696172913,-0.2765719096069468,17004.637496455853
88194ad8a3fffff,0.0,0.0,0.0,0.0,0.0,0.0,0.0,0.0,2.0,0.0,0.0,0.0,0.0,4587891.868849206,2.0,10.0,10.0,0.0,0.0,1603.4985422740524,885,0.0,0.0,6.0,0.0,1,Public use,0.0,51.38418607450482,-0.2722954575259582,17004.805765102108
88194ad8a5fffff,0.0,0.0,0.0,0.0,0.0,0.0,0.0,0.0,3.0,0.0,0.0,0.0,0.0,403633.23225108226,0.0,2.0,9.0,0.0,0.0,0.0,894,0.0,0.0,9.0,0.0,0,nothing,0.0,51.39401536340514,-0.2887616166360979,17005.260906855106
88194ad8a7fffff,0.0,0.0,0.0,3.0,1.0,0.0,0.0,0.0,19.0,1.0,1.0,0.0,51344.56149250038,4816974.260359547,0.0,20.0,11.0,0.0,0.0,0.0,898,0.0,4.0,6.0,0.0,0,nothing,1.0,51.386254619389895,-0.2844829150136251,17005.42936309769
88194ad8a9fffff,0.0,0.0,0.0,0.0,0.0,0.0,0.0,0.0,11.0,0.0,2.0,0.0,102221.26266593835,2443190.4640151514,0.0,7.0,11.0,0.0,0.0,0.0,866,1.0,9.0,6.0,0.0,0,nothing,0.0,51.39763809983284,-0.2686598692014503,17003.84569887306
88194ad8abfffff,0.0,0.0,0.0,0.0,0.0,0.0,0.0,0.0,2.0,0.0,0.0,0.0,139171.16287404465,13723008.71496212,0.0,8.0,9.0,0.0,0.0,0.0,870,0.0,0.0,5.0,0.0,0,nothing,0.0,51.38987747361795,-0.26438435288927836,17004.014021901712
88194ad8adfffff,0.0,0.0,0.0,1.0,0.0,0.0,0.0,0.0,32.0,0.0,0.0,0.0,0.0,1449454.990277778,0.0,3.0,4.0,1.0,0.0,0.0,879,0.0,11.0,1.0,0.0,0,nothing,0.0,51.39970744484573,-0.28084967579177184,17004.468985882515
88194ad8b1fffff,0.0,0.0,0.0,0.0,0.0,0.0,0.0,0.0,0.0,0.0,0.0,0.0,0.0,518164.60000000003,0.0,0.0,0.0,0.0,0.0,0.0,876,0.0,0.0,0.0,0.0,0,nothing,0.0,51.37435501027011,-0.2558372600049973,17004.349942245808
88194ad8b5fffff,0.0,0.0,0.0,0.0,0.0,0.0,0.0,0.0,0.0,0.0,0.0,0.0,141114.80228557548,2194546.7070175437,3.0,1.0,0.0,0.0,0.0,2405.247813411079,888,0.0,0.0,0.0,0.0,1,Public use,0.0,51.37642478356047,-0.26802031899101947,17004.973791748293
88194ad8b7fffff,0.0,0.0,0.0,0.0,0.0,0.0,0.0,0.0,0.0,0.0,0.0,0.0,0.0,216546.4,0.0,0.0,0.0,0.0,0.0,0.0,892,0.0,0.0,0.0,0.0,0,nothing,0.0,51.36866308928374,-0.26374649344457624,17005.14157632149
88194ad8b9fffff,0.0,0.0,0.0,1.0,0.0,0.0,0.0,0.0,5.0,0.0,1.0,0.0,278937.5426571007,5086743.468253968,0.0,13.0,9.0,1.0,0.0,0.0,859,1.0,2.0,7.0,0.0,0,nothing,0.0,51.38004572736834,-0.2479269929978371,17003.558377062236
88194ad8bbfffff,0.0,0.0,0.0,0.0,0.0,0.0,0.0,0.0,1.0,0.0,0.0,0.0,0.0,197925.74444444446,0.0,0.0,2.0,0.0,0.0,0.0,863,0.0,0.0,3.0,0.0,0,nothing,0.0,51.3722841520336,-0.24365635118272747,17003.7260289058
88194ad8bdfffff,0.0,0.0,0.0,5.0,0.0,0.0,0.0,0.0,15.0,0.0,1.0,0.0,90248.61809723276,436358.63333333336,4.0,19.0,7.0,1.0,0.0,3206.997084548105,873,0.0,0.0,3.0,0.0,1,Public use,0.0,51.3821164436345,-0.2601101500096646,17004.182103050258
88194ad8c1fffff,0.0,1.0,2.0,22.0,6.0,1.0,0.0,0.0,99.0,0.0,4.0,0.0,556101.3833174072,1738286.0694444445,0.0,55.0,14.0,1.0,0.0,0.0,795,3.0,3.0,11.0,0.0,0,nothing,0.0,51.41263102670115,-0.2327295907753294,17000.847739771867
88194ad8c3fffff,0.0,0.0,0.0,1.0,0.0,0.0,0.0,0.0,13.0,1.0,1.0,0.0,1012446.8360104302,545409.75,0.0,24.0,6.0,0.0,0.0,0.0,799,2.0,1.0,2.0,0.0,0,nothing,0.0,51.40487104215353,-0.22845913495937556,17001.01603824665
88194ad8c5fffff,0.0,0.0,0.0,1.0,2.0,0.0,0.0,0.0,26.0,0.0,1.0,0.0,157803.03409477475,5963021.167923281,0.0,28.0,9.0,0.0,0.0,0.0,811,2.0,0.0,4.0,0.0,0,nothing,0.0,51.414704287427746,-0.24491753897969387,17001.470720860947
88194ad8c7fffff,0.0,0.0,0.0,0.0,0.0,0.0,0.0,0.0,4.0,0.0,0.0,0.0,2160625.082635463,20083509.537037037,0.0,22.0,11.0,0.0,0.0,0.0,816,3.0,0.0,3.0,0.0,0,nothing,0.0,51.40694444519597,-0.24064483264072392,17001.639206627166
88194ad8c9fffff,0.0,0.0,0.0,0.0,0.0,0.0,0.0,0.0,2.0,0.0,0.0,0.0,376213.2413961385,1303420.3333333333,0.0,25.0,7.0,0.0,0.0,0.0,775,7.0,1.0,8.0,0.0,0,nothing,0.0,51.418316403479466,-0.22481331485097383,17000.056342098218
88194ad8cbfffff,0.0,0.0,1.0,6.0,1.0,0.0,0.0,0.0,51.0,0.0,1.0,0.0,1441759.1875061998,3322938.8694444443,0.0,83.0,16.0,1.0,0.0,0.0,779,0.0,2.0,6.0,0.0,0,nothing,0.0,51.41055668068861,-0.22054379691175563,17000.22469473406
88194ad8cdfffff,0.0,0.0,0.0,0.0,0.0,0.0,0.0,0.0,0.0,0.0,0.0,0.0,0.0,2781011.5,0.0,13.0,2.0,0.0,0.0,0.0,791,3.0,1.0,3.0,0.0,0,nothing,0.0,51.42039060728704,-0.23700135956753673,17000.67919989613
88194ad8d1fffff,0.0,0.0,0.0,0.0,0.0,0.0,0.0,0.0,1.0,0.0,0.0,0.0,934038.4236384493,1859540.7012987013,0.0,14.0,6.0,0.0,0.0,0.0,787,0.0,1.0,2.0,0.0,0,nothing,0.0,51.3950360246255,-0.212008697386985,17000.56067587057
88194ad8d3fffff,0.0,0.0,0.0,3.0,2.0,0.0,0.0,0.0,17.0,0.0,2.0,0.0,374584.75434594846,3264013.4907407407,0.0,24.0,9.0,0.0,0.0,0.0,791,0.0,2.0,5.0,0.0,0,nothing,0.0,51.38727509212744,-0.2077431146864891,17000.72830422585
88194ad8d5fffff,0.0,0.0,0.0,2.0,0.0,0.0,0.0,0.0,16.0,0.0,0.0,0.0,567575.3026344888,1227669.3636363635,0.0,22.0,10.0,0.0,0.0,0.0,804,0.0,0.0,3.0,0.0,0,nothing,0.0,51.397110654031295,-0.224189991561895,17001.184095247663
88194ad8d7fffff,0.0,0.0,1.0,4.0,2.0,0.0,0.0,1.0,17.0,0.0,1.0,0.0,396293.0788897475,318590.44155844155,0.0,32.0,10.0,0.0,0.0,0.0,808,2.0,2.0,4.0,0.0,0,nothing,0.0,51.38934986272166,-0.21992216002530465,17001.351910702146
88194ad8d9fffff,0.0,0.0,1.0,0.0,1.0,0.0,0.0,0.0,11.0,0.0,1.0,0.0,0.0,2515362.0075757573,0.0,31.0,11.0,1.0,0.0,0.0,767,1.0,4.0,4.0,0.0,0,nothing,0.0,51.40072098215022,-0.2040942021218508,16999.76951005426
88194ad8dbfffff,0.0,0.0,0.0,0.0,0.0,0.0,0.0,0.0,8.0,0.0,0.0,0.0,960171.4147524969,5215739.606481481,1.0,20.0,12.0,2.0,0.0,0.0,771,0.0,1.0,4.0,1.0,1,Public use,0.0,51.392960311423195,-0.19982955739756877,16999.93719286124
88194ad8ddfffff,0.0,0.0,0.0,0.0,1.0,0.0,0.0,0.0,11.0,0.0,1.0,0.0,605671.317182501,2991419.1174693364,0.0,36.0,6.0,0.0,0.0,0.0,783,1.0,2.0,6.0,0.0,0,nothing,0.0,51.40279655427493,-0.2162755912762722,17000.392806015756
88194ad8e1fffff,0.0,0.0,0.0,0.0,1.0,0.0,0.0,0.0,2.0,0.0,0.0,0.0,0.0,1777052.4990584417,0.0,14.0,6.0,0.0,0.0,0.0,845,0.0,0.0,2.0,0.0,0,nothing,0.0,51.4110879944126,-0.2650226878714523,17002.885351357523
88194ad8e3fffff,1.0,0.0,0.0,20.0,2.0,0.0,0.0,1.0,51.0,0.0,6.0,0.0,545384.4833603518,2502829.3704329007,0.0,34.0,9.0,1.0,0.0,0.0,848,1.0,3.0,9.0,0.0,0,nothing,0.0,51.403328033570666,-0.260746793895787,17003.053970387522
88194ad8e5fffff,1.0,0.0,0.0,1.0,0.0,0.0,0.0,0.0,9.0,0.0,1.0,0.0,68037.1495748251,3216064.785714286,0.0,16.0,15.0,0.0,0.0,0.0,858,0.0,0.0,5.0,0.0,0,nothing,0.0,51.41315813940694,-0.27721484435513655,17003.50832746739
88194ad8e7fffff,0.0,0.0,0.0,3.0,0.0,0.0,0.0,0.0,10.0,0.0,0.0,0.0,451414.61930662603,2896423.407738095,0.0,22.0,8.0,0.0,0.0,0.0,862,0.0,20.0,5.0,0.0,0,nothing,0.0,51.405398321891674,-0.272936699504021,17003.67713403727
88194ad8e9fffff,0.0,0.0,0.0,1.0,0.0,0.0,0.0,0.0,3.0,0.0,0.0,0.0,40545.47762671213,3450773.6593055557,0.0,27.0,5.0,0.0,0.0,0.0,826,1.0,0.0,3.0,0.0,0,nothing,0.0,51.41677646227829,-0.2571076409929109,17002.09363788141
88194ad8ebfffff,0.0,0.0,0.0,0.0,0.0,0.0,2.0,0.0,0.0,0.0,0.0,0.0,157007.52725032432,6418277.1731271045,0.0,10.0,3.0,0.0,0.0,0.0,830,0.0,0.0,3.0,0.0,0,nothing,0.0,51.40901676281232,-0.2528326837888593,17002.262311037437
88194ad8edfffff,0.0,0.0,0.0,0.0,0.0,0.0,0.0,0.0,0.0,0.0,0.0,0.0,0.0,1142885.3601190476,0.0,1.0,2.0,0.0,0.0,0.0,841,0.0,0.0,2.0,0.0,0,nothing,0.0,51.41884755066276,-0.26929989628205614,17002.7164907133
88194ad901fffff,0.0,0.0,0.0,0.0,0.0,0.0,0.0,0.0,7.0,0.0,1.0,0.0,55991.019249117046,2197706.6361111114,0.0,4.0,15.0,1.0,0.0,0.0,905,1.0,0.0,4.0,0.0,0,nothing,0.0,51.46228190809244,-0.35967470387558526,17005.76988498678
88194ad903fffff,0.0,0.0,0.0,3.0,0.0,0.0,1.0,0.0,25.0,0.0,3.0,0.0,221676.45510791676,3724957.7011363637,0.0,7.0,14.0,0.0,0.0,0.0,908,0.0,8.0,8.0,0.0,0,nothing,0.0,51.454524850988015,-0.3553787016179362,17005.940839466097
88194ad905fffff,0.0,0.0,0.0,5.0,2.0,0.0,0.0,0.0,30.0,0.0,0.0,0.0,477193.50834752945,3707928.566666667,0.0,3.0,8.0,0.0,0.0,0.0,917,2.0,0.0,2.0,0.0,0,nothing,0.0,51.46434478581993,-0.37189103814241276,17006.391531959147
88194ad907fffff,0.0,0.0,0.0,0.0,0.0,0.0,0.0,0.0,8.0,0.0,0.0,0.0,36788.94772783769,3833056.171136364,0.0,2.0,6.0,0.0,0.0,0.0,920,0.0,0.0,4.0,0.0,0,nothing,0.0,51.45658787644498,-0.3675927796139096,17006.562674801044
88194ad909fffff,0.0,0.0,0.0,23.0,0.0,0.0,0.0,0.0,50.0,0.0,2.0,0.0,92269.38366207803,3706986.9930555555,0.0,7.0,17.0,0.0,0.0,0.0,889,0.0,2.0,8.0,1.0,0,nothing,0.0,51.4679747341206,-0.35175558739719803,17004.977164896034
88194ad90bfffff,0.0,0.0,0.0,0.0,0.0,0.0,0.0,0.0,0.0,0.0,0.0,0.0,2399194.265769623,3272707.5,0.0,1.0,7.0,0.0,0.0,0.0,892,0.0,0.0,2.0,0.0,0,nothing,0.0,51.4602179379656,-0.3474605204774482,17005.148172589907
88194ad90dfffff,0.0,0.0,0.0,45.0,4.0,1.0,0.0,2.0,171.0,0.0,11.0,0.0,1311774.3138163825,4088817.7895833333,0.0,23.0,24.0,1.0,1.0,0.0,901,6.0,21.0,7.0,0.0,0,nothing,1.0,51.470038556629,-0.3639720274015691,17005.59868898267
88194ad911fffff,0.0,0.0,3.0,7.0,2.0,1.0,1.0,0.0,66.0,0.0,3.0,0.0,216074.89121996914,3375466.724537037,0.0,13.0,8.0,0.0,0.0,0.0,899,2.0,37.0,14.0,1.0,0,nothing,1.0,51.4447031213602,-0.3388743478636728,17005.489463467515
88194ad913fffff,0.0,0.0,0.0,2.0,0.0,0.0,0.0,0.0,7.0,0.0,0.0,0.0,11768.50046963942,2311232.6709722225,0.0,7.0,10.0,1.0,0.0,0.0,902,1.0,5.0,5.0,0.0,0,nothing,0.0,51.43694510168509,-0.33458324104843173,17005.659746503516
88194ad915fffff,0.0,0.0,0.0,2.0,0.0,0.0,0.0,0.0,12.0,0.0,0.0,0.0,3952969.6310143573,3037071.4377525253,0.0,10.0,9.0,0.0,0.0,0.0,911,0.0,36.0,4.0,0.0,0,nothing,0.0,51.44676738570343,-0.3510840200676581,17006.111552346625
88194ad917fffff,0.0,0.0,0.0,1.0,0.0,0.0,0.0,0.0,15.0,0.0,0.0,0.0,1180839.431834805,2835069.859246633,0.0,8.0,7.0,0.0,0.0,0.0,915,3.0,6.0,6.0,0.0,0,nothing,0.0,51.43900951262645,-0.3467906586640255,17006.28202355443
88194ad919fffff,1.0,0.0,2.0,10.0,1.0,0.0,2.0,1.0,70.0,0.0,6.0,0.0,1555836.1462302273,4528458.597222222,0.0,24.0,16.0,1.0,0.0,0.0,884,4.0,34.0,20.0,0.0,0,nothing,0.0,51.45039552481976,-0.3309569977610017,17004.696972938473
88194ad91bfffff,0.0,0.0,0.0,2.0,1.0,0.0,1.0,1.0,38.0,0.0,1.0,0.0,391327.3618541901,4937839.840277778,0.0,11.0,7.0,0.0,0.0,0.0,887,0.0,53.0,10.0,0.0,0,nothing,0.0,51.44263776610989,-0.32666682639416816,17004.867309481313
88194ad91dfffff,1.0,0.0,0.0,0.0,0.0,0.0,1.0,0.0,14.0,0.0,0.0,0.0,4483015.333242773,9557393.082407407,0.0,6.0,7.0,0.0,0.0,0.0,896,0.0,3.0,3.0,0.0,0,nothing,0.0,51.45246073358293,-0.3431667741532092,17005.318938805034
88194ad921fffff,0.0,0.0,0.0,0.0,0.0,0.0,0.0,0.0,2.0,0.0,0.0,0.0,3471134.6523721716,2651932.9398809522,0.0,3.0,9.0,0.0,0.0,0.0,941,0.0,0.0,0.0,0.0,0,nothing,0.0,51.460710649154656,-0.39202738502941725,17007.806149009655
88194ad923fffff,0.0,0.0,0.0,0.0,0.0,0.0,0.0,0.0,0.0,0.0,0.0,0.0,2885317.538453328,245668.81127946128,0.0,0.0,1.0,0.0,0.0,0.0,944,0.0,0.0,1.0,0.0,0,nothing,0.0,51.452953627391594,-0.3877259356738139,17007.977427134985
88194ad925fffff,0.0,0.0,0.0,0.0,0.0,0.0,1.0,0.0,2.0,0.0,0.0,0.0,798300.3138782065,1690139.5416666667,0.0,1.0,0.0,0.0,0.0,0.0,950,0.0,0.0,0.0,0.0,0,nothing,0.0,51.46277039522754,-0.4042479113614371,17008.427787641653
88194ad927fffff,0.0,0.0,0.0,5.0,0.0,0.0,0.0,0.0,13.0,0.0,0.0,0.0,55230.123398851705,2018598.582638889,0.0,1.0,12.0,0.0,0.0,0.0,953,1.0,6.0,0.0,0.0,0,nothing,0.0,51.45501352220768,-0.39994420539821934,17008.59925437888
88194ad929fffff,0.0,0.0,0.0,8.0,0.0,0.0,0.0,0.0,28.0,0.0,2.0,0.0,401376.1781915921,3661092.578472222,0.0,4.0,12.0,0.0,0.0,0.0,927,0.0,0.0,1.0,0.0,0,nothing,3.0,51.46640657055801,-0.3841095227350865,17007.01311338627
88194ad92bfffff,0.0,0.0,0.0,0.0,0.0,0.0,0.0,0.0,2.0,0.0,0.0,0.0,1128449.2769789118,3072816.5694444445,0.0,0.0,2.0,0.0,0.0,0.0,931,0.0,0.0,0.0,0.0,0,nothing,1.0,51.45864980936384,-0.3798090075988258,17007.18444468916
88194ad92dfffff,0.0,0.0,0.0,0.0,1.0,0.0,0.0,0.0,10.0,0.0,0.0,0.0,845947.18061315,3089367.525760582,0.0,7.0,10.0,0.0,0.0,0.0,938,0.0,7.0,3.0,0.0,0,nothing,0.0,51.46846726171662,-0.3963301571098396,17007.634629147342
88194ad931fffff,0.0,0.0,0.0,0.0,0.0,0.0,0.0,0.0,10.0,0.0,0.0,0.0,44659.11490996352,7342586.706349207,0.0,13.0,6.0,0.0,0.0,0.0,936,0.0,25.0,2.0,0.0,0,nothing,2.0,51.44313506078135,-0.3712119429223589,17007.526382147935
88194ad933fffff,0.0,0.0,1.0,0.0,0.0,0.0,0.0,0.0,1.0,0.0,0.0,0.0,628101.4042820844,7981843.972222222,0.0,7.0,10.0,0.0,0.0,0.0,939,0.0,6.0,3.0,0.0,0,nothing,0.0,51.435377074168855,-0.3669153922601547,17007.696988155676
88194ad935fffff,0.0,0.0,0.0,0.0,0.0,0.0,1.0,0.0,5.0,0.0,1.0,0.0,555067.4842896665,5075859.708998602,0.0,4.0,8.0,0.0,0.0,0.0,946,0.0,23.0,2.0,0.0,0,nothing,0.0,51.44519619681541,-0.38342580848167757,17008.148463449113
88194ad937fffff,0.0,0.0,0.0,4.0,1.0,0.0,0.0,0.0,12.0,0.0,3.0,0.0,4981236.041481638,7120384.471953147,0.0,27.0,14.0,0.0,0.0,0.0,948,3.0,2.0,4.0,0.0,0,nothing,0.0,51.43743835781408,-0.3791270028919075,17008.31925787793
88194ad939fffff,0.0,0.0,0.0,2.0,2.0,0.0,0.0,0.0,10.0,0.0,1.0,0.0,360462.71892581217,874452.3787878788,0.0,7.0,13.0,1.0,0.0,0.0,923,0.0,1.0,5.0,0.0,0,nothing,0.0,51.448830558549666,-0.3632958424653343,17006.73357599804
88194ad93bfffff,0.0,0.0,0.0,0.0,0.0,0.0,0.0,0.0,8.0,0.0,3.0,0.0,321054.39512033993,452398.6919191919,0.0,14.0,12.0,0.0,0.0,0.0,926,1.0,22.0,5.0,0.0,0,nothing,0.0,51.44107283252178,-0.35900022613576416,17006.904235476122
88194ad93dfffff,0.0,0.0,0.0,0.0,0.0,0.0,0.0,0.0,9.0,0.0,0.0,0.0,46652.66541418305,3023831.2239057235,0.0,2.0,8.0,0.0,0.0,0.0,934,0.0,10.0,2.0,0.0,0,nothing,0.0,51.45089263930899,-0.37550981451496074,17007.355534301085
88194ad941fffff,0.0,0.0,0.0,1.0,0.0,0.0,0.0,0.0,12.0,0.0,0.0,0.0,361247.53276415705,9474364.0,1.0,16.0,12.0,1.0,2.0,0.0,870,1.0,14.0,5.0,0.0,1,Taxi,0.0,51.481422480783294,-0.3481308824555843,17004.013212441023
88194ad943fffff,0.0,0.0,0.0,12.0,4.0,1.0,0.0,0.0,53.0,0.0,4.0,0.0,1454587.8857458995,4059624.320436508,0.0,7.0,13.0,0.0,0.0,0.0,873,0.0,0.0,5.0,1.0,0,nothing,0.0,51.47366635439887,-0.3438354302761938,17004.184514566517
88194ad945fffff,0.0,0.0,0.0,0.0,0.0,0.0,0.0,0.0,4.0,0.0,0.0,0.0,342247.7041745494,2081836.3722222224,0.0,6.0,2.0,0.0,0.0,0.0,882,0.0,0.0,1.0,0.0,0,nothing,0.0,51.483487100197145,-0.36034968526769645,17004.634425368098
88194ad947fffff,0.0,0.0,0.0,1.0,0.0,17.0,0.0,0.0,7.0,0.0,0.0,0.0,679650.6802466976,3512072.6540674604,0.0,9.0,8.0,1.0,1.0,0.0,886,0.0,9.0,4.0,0.0,0,nothing,1.0,51.47573112166031,-0.3560519754735116,17004.80591579742
88194ad949fffff,0.0,0.0,0.0,0.0,0.0,0.0,0.0,0.0,2.0,0.0,0.0,0.0,2603413.301664333,3130441.273809524,0.0,5.0,10.0,0.0,0.0,0.0,852,0.0,0.0,1.0,0.0,0,nothing,0.0,51.48711263386759,-0.3402087484453731,17003.220578951074
88194ad94bfffff,0.0,0.0,0.0,3.0,2.0,0.0,0.0,0.0,9.0,0.0,0.0,0.0,940966.4423531053,4214062.325,0.0,16.0,12.0,0.0,0.0,0.0,856,0.0,0.0,5.0,0.0,0,nothing,0.0,51.47935676879684,-0.3359142326101742,17003.39193403587
88194ad94dfffff,0.0,0.0,0.0,1.0,0.0,0.0,0.0,0.0,9.0,0.0,0.0,0.0,568836.446199712,3773435.541666666,0.0,0.0,0.0,0.0,0.0,0.0,865,0.0,17.0,0.0,0.0,0,nothing,0.0,51.489178198117585,-0.35242765624088745,17003.84166910478
88194ad951fffff,0.0,0.0,0.0,2.0,0.0,0.0,0.0,0.0,19.0,1.0,1.0,0.0,286985.8386024538,3652324.178977273,0.0,14.0,10.0,0.0,0.0,0.0,863,3.0,13.0,8.0,0.0,0,nothing,0.0,51.46384381291293,-0.3273291631753746,17003.733920636816
88194ad953fffff,1.0,0.0,0.0,3.0,0.0,0.0,0.0,0.0,16.0,0.0,1.0,0.0,91999.39540061807,6761604.914692983,0.0,17.0,10.0,1.0,0.0,0.0,868,1.0,2.0,6.0,0.0,0,nothing,0.0,51.4560867228746,-0.3230386084537314,17003.90455200514
88194ad955fffff,0.0,0.0,0.0,1.0,0.0,0.0,0.0,0.0,0.0,0.0,0.0,0.0,0.0,2345329.7539682537,0.0,3.0,5.0,0.0,0.0,0.0,877,0.0,0.0,1.0,0.0,0,nothing,0.0,51.465909819351815,-0.3395412991413288,17004.355575407222
88194ad957fffff,0.0,0.0,0.0,0.0,0.0,0.0,0.0,0.0,19.0,0.0,1.0,0.0,10067083.970463011,5902029.0625,0.0,34.0,22.0,0.0,0.0,0.0,880,2.0,1.0,4.0,0.0,0,nothing,0.0,51.45815287602959,-0.33524848848987915,17004.526394889173
88194ad959fffff,0.0,0.0,0.0,3.0,0.0,0.0,2.0,0.0,20.0,0.0,0.0,0.0,102212.49697523662,1786304.6243686867,0.0,11.0,2.0,0.0,0.0,0.0,846,0.0,15.0,1.0,0.0,0,nothing,0.0,51.469533544102596,-0.3194087983075899,17002.941516085677
88194ad95bfffff,0.0,0.0,0.0,2.0,0.0,0.0,0.0,0.0,6.0,0.0,0.0,0.0,0.0,10016165.193008563,0.0,1.0,0.0,0.0,0.0,0.0,850,0.0,33.0,3.0,0.0,0,nothing,0.0,51.46177671539432,-0.31511918003979117,17003.112200705305
88194ad95dfffff,0.0,0.0,0.0,9.0,0.0,0.0,0.0,0.0,27.0,0.0,0.0,0.0,93092.81720078844,2521443.086742424,0.0,9.0,14.0,1.0,0.0,0.0,859,1.0,1.0,6.0,0.0,0,nothing,0.0,51.47160049501615,-0.3316210377072274,17003.563047955762
88194ad961fffff,0.0,0.0,0.0,0.0,0.0,0.0,0.0,0.0,5.0,0.0,1.0,0.0,57948.728508801636,2688594.4930555555,0.0,21.0,17.0,0.0,0.0,0.0,910,0.0,0.0,1.0,0.0,0,nothing,0.0,51.479857377457684,-0.3804915215842796,17006.048521637123
88194ad963fffff,0.0,0.0,0.0,0.0,2.0,0.0,0.0,0.0,7.0,0.0,0.0,0.0,21443.95477495309,3269608.377083333,0.0,16.0,12.0,0.0,0.0,0.0,913,0.0,12.0,7.0,0.0,0,nothing,0.0,51.472101286286765,-0.3761906186120335,17006.220147546446
88194ad965fffff,0.0,0.0,0.0,2.0,0.0,0.0,0.0,0.0,10.0,0.0,0.0,0.0,0.0,3507791.1964285714,0.0,18.0,15.0,0.0,0.0,0.0,921,0.0,0.0,1.0,0.0,0,nothing,0.0,51.481918864812954,-0.3927145214108866,17006.66972600446
88194ad967fffff,0.0,0.0,0.0,3.0,0.0,0.0,1.0,0.0,29.0,0.0,1.0,0.0,2657403.5626979526,8774497.895833334,1.0,35.0,6.0,1.0,0.0,0.0,924,0.0,3.0,4.0,0.0,1,Taxi,0.0,51.47416292250367,-0.3884113604852093,17006.841540466616
88194ad969fffff,0.0,0.0,0.0,1.0,1.0,0.0,0.0,0.0,29.0,0.0,0.0,0.0,466017.632744301,4928426.1279439125,0.0,17.0,6.0,0.0,0.0,0.0,894,0.0,3.0,1.0,0.0,0,nothing,0.0,51.48555062644786,-0.3725706405039812,17005.25557269648
88194ad96bfffff,0.0,0.0,0.0,6.0,0.0,0.0,0.0,0.0,22.0,0.0,0.0,0.0,70815.84860192287,8422188.300694445,0.0,47.0,15.0,0.0,0.0,0.0,897,1.0,10.0,10.0,0.0,0,nothing,0.0,51.47779479621003,-0.3682706727571794,17005.42725152785
88194ad96dfffff,0.0,0.0,0.0,3.0,0.0,0.0,0.0,0.0,10.0,0.0,2.0,0.0,1385981.3442948642,2405676.1515151514,0.0,13.0,7.0,0.0,0.0,0.0,907,0.0,1.0,1.0,0.0,0,nothing,0.0,51.48761305894498,-0.38479374762095486,17005.87665430543
88194ad981fffff,0.0,0.0,0.0,2.0,0.0,0.0,0.0,0.0,4.0,0.0,0.0,0.0,702085.5438765001,3657075.0,0.0,1.0,3.0,0.0,0.0,0.0,927,0.0,4.0,0.0,0.0,0,nothing,0.0,51.40797395015015,-0.3296304033121052,17006.9614901828
88194ad983fffff,0.0,0.0,0.0,0.0,0.0,0.0,1.0,0.0,0.0,0.0,0.0,0.0,0.0,203170.8333333333,0.0,0.0,0.0,0.0,0.0,0.0,929,0.0,0.0,0.0,0.0,0,nothing,0.0,51.40021404392817,-0.32534363424124424,17007.130751920944
88194ad985fffff,0.0,0.0,0.0,0.0,0.0,0.0,1.0,0.0,5.0,0.0,0.0,0.0,398377.3029499291,5878542.083333334,0.0,2.0,6.0,0.0,0.0,0.0,937,0.0,2.0,1.0,0.0,0,nothing,0.0,51.41003785484214,-0.3418309577988026,17007.58445472167
88194ad987fffff,0.0,0.0,0.0,3.0,0.0,0.0,5.0,0.0,9.0,0.0,0.0,3.0,606441.1695341305,7605749.166666667,0.0,9.0,5.0,0.0,0.0,0.0,940,0.0,16.0,3.0,0.0,0,nothing,0.0,51.40227809396975,-0.33754193716027553,17007.753904497655
88194ad989fffff,0.0,0.0,0.0,0.0,0.0,0.0,0.0,0.0,1.0,0.0,0.0,0.0,42443.432896152306,2406523.5513888886,0.0,4.0,4.0,0.0,0.0,0.0,912,0.0,6.0,1.0,0.0,0,nothing,0.0,51.41366860182253,-0.32171783184774283,17006.169145115593
88194ad98bfffff,0.0,0.0,0.0,0.0,0.0,0.0,0.0,0.0,0.0,0.0,0.0,0.0,0.0,263523.3541666667,0.0,0.0,0.0,0.0,0.0,0.0,915,0.0,0.0,0.0,0.0,0,nothing,0.0,51.40590895621509,-0.3174319973304595,17006.338460909003
88194ad98dfffff,0.0,0.0,0.0,2.0,0.0,0.0,0.0,0.0,6.0,0.0,0.0,0.0,883476.6495814202,26763.125,0.0,2.0,0.0,0.0,0.0,0.0,923,0.0,8.0,0.0,0.0,0,nothing,0.0,51.41573345051883,-0.3339184897303959,17006.791986403507
88194ad991fffff,0.0,1.0,0.0,10.0,3.0,0.0,0.0,1.0,62.0,0.0,1.0,0.0,2203853.148982914,4931951.166666666,0.0,17.0,14.0,0.0,0.0,0.0,922,1.0,16.0,18.0,0.0,0,nothing,0.0,51.39038844884715,-0.30886427776560627,17006.67636643919
88194ad993fffff,0.0,0.0,0.0,1.0,0.0,0.0,0.0,0.0,3.0,0.0,0.0,0.0,31417.223809788004,3154526.171590909,0.0,8.0,7.0,0.0,0.0,0.0,925,0.0,3.0,5.0,0.0,0,nothing,0.0,51.38262758786236,-0.3045823916007584,17006.844956029352
88194ad995fffff,0.0,0.0,0.0,0.0,0.0,0.0,0.0,0.0,1.0,0.0,0.0,0.0,562158.3890996493,2477346.5,0.0,0.0,3.0,0.0,0.0,0.0,932,0.0,0.0,1.0,0.0,0,nothing,0.0,51.392453732240824,-0.3210581819588146,17007.299771544494
88194ad997fffff,0.0,0.0,0.0,0.0,0.0,0.0,0.0,0.0,0.0,0.0,0.0,0.0,0.0,0.0,0.0,0.0,0.0,0.0,0.0,0.0,936,0.0,1.0,0.0,0.0,0,nothing,0.0,51.38469301547603,-0.31677404590612646,17007.468548980087
88194ad999fffff,1.0,0.0,1.0,13.0,1.0,0.0,1.0,0.0,40.0,0.0,0.0,0.0,560258.1041668243,2892341.4833333334,0.0,69.0,20.0,1.0,0.0,0.0,907,4.0,12.0,18.0,0.0,0,nothing,2.0,51.396082678056565,-0.3009534734421028,17005.884252979246
88194ad99bfffff,0.0,0.0,1.0,14.0,5.0,0.0,0.0,0.0,31.0,0.0,3.0,0.0,45090.2061878855,2641613.2015993265,0.0,31.0,13.0,0.0,0.0,0.0,910,5.0,23.0,9.0,0.0,0,nothing,1.0,51.388322077700444,-0.29667252193850707,17006.052896916804
88194ad99dfffff,0.0,0.0,0.0,3.0,0.0,0.0,0.0,0.0,8.0,0.0,0.0,0.0,284253.54654260114,4816116.041666666,0.0,12.0,4.0,0.0,0.0,0.0,919,0.0,0.0,3.0,0.0,0,nothing,0.0,51.39814890509403,-0.31314747948931165,17006.507534707984
88194ad9a1fffff,0.0,0.0,0.0,0.0,0.0,0.0,0.0,0.0,0.0,0.0,0.0,0.0,0.0,998833.3055555555,0.0,0.0,0.0,0.0,0.0,0.0,959,0.0,0.0,0.0,0.0,0,nothing,0.0,51.40640292531817,-0.3619449853447767,17009.000015260073
88194ad9a5fffff,0.0,0.0,0.0,0.0,0.0,0.0,0.0,0.0,0.0,0.0,1.0,0.0,103141.24038458901,1803509.5208333333,0.0,0.0,0.0,0.0,0.0,0.0,968,0.0,0.0,0.0,0.0,0,nothing,0.0,51.40846370544671,-0.3741497295302702,17009.622973204434
88194ad9a9fffff,0.0,0.0,0.0,0.0,0.0,0.0,0.0,0.0,4.0,0.0,0.0,0.0,78720.20574208995,4502615.209027778,0.0,2.0,5.0,0.0,0.0,0.0,947,0.0,4.0,1.0,0.0,0,nothing,0.0,51.41210066970172,-0.35403366025151456,17008.20735440505
88194ad9abfffff,0.0,0.0,0.0,0.0,0.0,0.0,0.0,0.0,0.0,0.0,0.0,0.0,130801.2245286559,7075903.416666667,0.0,0.0,0.0,0.0,0.0,0.0,949,1.0,0.0,0.0,0.0,0,nothing,0.0,51.40434105462947,-0.3497423877079472,17008.376992317575
88194ad9adfffff,0.0,0.0,0.0,3.0,0.0,1.0,0.0,2.0,19.0,0.0,2.0,1.0,221782.81910494197,4724413.844543651,0.0,3.0,9.0,0.0,0.0,0.0,956,1.0,16.0,6.0,0.0,0,nothing,0.0,51.41416239413958,-0.36623851013023057,17008.83018911229
88194ad9bdfffff,0.0,0.0,0.0,0.0,0.0,0.0,0.0,0.0,0.0,0.0,0.0,0.0,0.0,497935.0,0.0,0.0,0.0,0.0,0.0,0.0,952,0.0,0.0,0.0,0.0,0,nothing,0.0,51.39658103341236,-0.3454524332947094,17008.546388021994
88194ad9c1fffff,0.0,0.0,0.0,0.0,0.0,0.0,0.0,0.0,3.0,0.0,0.0,0.0,559884.4998341659,97375.4,0.0,2.0,5.0,0.0,0.0,0.0,893,2.0,22.0,2.0,0.0,0,nothing,0.0,51.42712102774037,-0.3180904395059482,17005.207257752765
88194ad9c3fffff,0.0,0.0,0.0,0.0,0.0,0.0,0.0,0.0,2.0,0.0,0.0,0.0,78382.82101010243,3323680.577777778,0.0,4.0,5.0,0.0,0.0,0.0,896,1.0,1.0,4.0,0.0,0,nothing,0.0,51.41936204885599,-0.3138042228649015,17005.37686933415
88194ad9c5fffff,0.0,0.0,0.0,2.0,0.0,0.0,1.0,0.0,19.0,0.0,2.0,0.0,497019.4598262176,1993122.3585606061,0.0,14.0,12.0,0.0,0.0,0.0,906,5.0,24.0,4.0,0.0,0,nothing,0.0,51.4291866749453,-0.3302934531472344,17005.829787839295
88194ad9c7fffff,0.0,0.0,0.0,0.0,0.0,0.0,0.0,0.0,4.0,0.0,0.0,0.0,116441.81667593999,1295128.8443055556,0.0,3.0,7.0,0.0,0.0,0.0,909,0.0,0.0,2.0,0.0,0,nothing,0.0,51.42142784152852,-0.3260049836002142,17005.999587401184
88194ad9c9fffff,0.0,0.0,0.0,0.0,1.0,0.0,0.0,0.0,19.0,0.0,1.0,0.0,3383.1890097242303,1559810.475,0.0,10.0,16.0,0.0,0.0,0.0,878,0.0,8.0,5.0,0.0,0,nothing,0.0,51.43281300902371,-0.31017485754547003,17004.41499749626
88194ad9cbfffff,0.0,0.0,0.0,0.0,0.0,0.0,0.0,0.0,7.0,0.0,0.0,2.0,683373.3116125438,71488.98484848485,0.0,2.0,9.0,0.0,0.0,0.0,881,0.0,18.0,3.0,0.0,0,nothing,0.0,51.42505429111981,-0.3058895764615168,17004.584662876554
88194ad9cdfffff,0.0,0.0,0.0,2.0,1.0,0.0,0.0,0.0,9.0,1.0,1.0,0.0,121042.54087121405,1107173.5075,0.0,5.0,2.0,0.0,0.0,0.0,890,0.0,18.0,2.0,0.0,0,nothing,0.0,51.434879600287545,-0.322377973829143,17005.03740444396
88194ad9d1fffff,3.0,0.0,0.0,33.0,2.0,0.0,0.0,4.0,87.0,0.0,17.0,0.0,1126727.31979899,8621415.022172892,0.0,63.0,39.0,1.0,0.0,0.0,888,14.0,6.0,20.0,0.0,0,nothing,0.0,51.40953563770706,-0.2973229647646484,17004.923268521034
88194ad9d3fffff,0.0,0.0,0.0,2.0,0.0,0.0,0.0,0.0,12.0,0.0,0.0,0.0,6264.338783087515,2739321.4803571426,0.0,7.0,9.0,0.0,0.0,0.0,891,0.0,11.0,5.0,0.0,0,nothing,0.0,51.40177570297342,-0.2930416330336601,17005.0922086385
88194ad9d5fffff,2.0,0.0,0.0,41.0,1.0,0.0,1.0,0.0,128.0,0.0,9.0,1.0,1187075.780424139,10848680.052098418,0.0,38.0,23.0,1.0,0.0,0.0,900,11.0,28.0,19.0,0.0,0,nothing,0.0,51.41160266402209,-0.3095193233465975,17005.54623911462
88194ad9d7fffff,1.0,1.0,0.0,7.0,1.0,0.0,0.0,1.0,38.0,0.0,2.0,1.0,1115632.973661717,5736836.175324676,0.0,62.0,18.0,0.0,0.0,0.0,903,4.0,4.0,7.0,0.0,0,nothing,0.0,51.403842873626374,-0.3052357403919454,17005.715367020766
88194ad9d9fffff,0.0,0.0,0.0,3.0,3.0,0.0,0.0,0.0,24.0,1.0,0.0,0.0,498962.7505051564,4026513.9487794614,0.0,31.0,15.0,1.0,0.0,0.0,872,3.0,0.0,11.0,0.0,0,nothing,0.0,51.41522719720546,-0.28940915270563294,17004.131239246934
88194ad9dbfffff,0.0,0.0,0.0,3.0,0.0,0.0,0.0,0.0,4.0,0.0,0.0,0.0,1058662.1732237062,3395596.1160714286,0.0,15.0,8.0,0.0,0.0,0.0,875,0.0,0.0,6.0,0.0,0,nothing,0.0,51.40746752346705,-0.28512875663854115,17004.30023345516
88194ad9ddfffff,0.0,0.0,2.0,9.0,0.0,0.0,0.0,0.0,31.0,0.0,0.0,0.0,2036589.765389884,4861929.247480144,0.0,17.0,10.0,0.0,0.0,0.0,884,2.0,35.0,6.0,0.0,0,nothing,0.0,51.41729516721839,-0.30160561238763833,17004.754086575947
88194ad9e1fffff,0.0,0.0,1.0,3.0,1.0,0.0,0.0,0.0,21.0,0.0,1.0,0.0,421157.7652019191,3110800.719381313,0.0,9.0,9.0,0.0,0.0,0.0,931,0.0,20.0,7.0,0.0,0,nothing,0.0,51.42555615761982,-0.3504129536912784,17007.244828979856
88194ad9e3fffff,0.0,0.0,0.0,0.0,0.0,0.0,0.0,0.0,4.0,0.0,0.0,0.0,177248.0550469896,145401.375,0.0,0.0,0.0,0.0,0.0,0.0,934,0.0,17.0,0.0,0.0,0,nothing,0.0,51.41779720952149,-0.34612129645596146,17007.414762857865
88194ad9e5fffff,0.0,0.0,1.0,0.0,0.0,0.0,0.0,0.0,7.0,1.0,0.0,0.0,687169.1270705096,4710482.759259259,0.0,8.0,9.0,0.0,0.0,0.0,942,0.0,5.0,4.0,0.0,0,nothing,0.0,51.42761867985942,-0.36262016196775326,17007.867352250345
88194ad9e7fffff,1.0,0.0,0.0,1.0,0.0,0.0,0.0,0.0,5.0,0.0,0.0,0.0,204023.04083447886,3694757.6805555555,0.0,7.0,9.0,0.0,0.0,0.0,944,0.0,2.0,1.0,0.0,0,nothing,0.0,51.41985987824104,-0.35832625148488073,17008.037474358072
88194ad9e9fffff,0.0,0.0,0.0,0.0,1.0,0.0,0.0,0.0,8.0,0.0,0.0,0.0,551359.6201467466,2980314.734740861,0.0,11.0,11.0,0.0,0.0,0.0,918,2.0,1.0,3.0,0.0,0,nothing,0.0,51.43125123214481,-0.3424986168466659,17006.45225301568
88194ad9ebfffff,1.0,0.0,0.0,2.0,0.0,0.0,1.0,0.0,36.0,0.0,0.0,0.0,2473303.993677044,2842013.965909091,0.0,30.0,10.0,1.0,0.0,0.0,921,3.0,35.0,6.0,0.0,0,nothing,0.0,51.42349254464634,-0.33820789405538826,17006.622240656598
88194ad9edfffff,0.0,0.0,0.0,1.0,0.0,0.0,0.0,0.0,5.0,0.0,0.0,0.0,1769180.3110686387,2142031.310740741,0.0,12.0,8.0,1.0,0.0,0.0,929,3.0,1.0,5.0,0.0,0,nothing,0.0,51.433314698749236,-0.3547059300645215,17007.074653161348
88194ada01fffff,5.0,0.0,0.0,15.0,1.0,0.0,0.0,2.0,88.0,0.0,5.0,0.0,120195.24891224323,9553345.958538013,0.0,15.0,6.0,0.0,0.0,384.8396501457726,670,6.0,6.0,13.0,0.0,0,nothing,0.0,51.48758940401172,-0.21876002445584522,16995.87497805805
88194ada03fffff,6.0,0.0,1.0,8.0,1.0,0.0,0.0,0.0,70.0,0.0,1.0,0.0,26488.61334297253,4373197.986111111,0.0,14.0,17.0,0.0,0.0,0.0,674,0.0,1.0,7.0,1.0,0,nothing,0.0,51.47983316084655,-0.21448637968185366,16996.044990385395
88194ada05fffff,2.0,0.0,0.0,27.0,1.0,0.0,0.0,1.0,133.0,0.0,2.0,0.0,125436.80211318322,6928459.459126985,0.0,27.0,7.0,0.0,0.0,0.0,684,1.0,18.0,9.0,0.0,0,nothing,0.0,51.489666522162096,-0.23096197696198117,16996.496219815413
88194ada07fffff,2.0,0.0,0.0,2.0,0.0,1.0,1.0,0.0,20.0,0.0,0.0,0.0,0.0,1714745.0104166667,0.0,2.0,0.0,0.0,0.0,0.0,688,4.0,5.0,3.0,0.0,0,nothing,0.0,51.481910422792424,-0.22668607597025714,16996.666419454094
88194ada09fffff,6.0,2.0,0.0,23.0,4.0,0.0,0.0,1.0,171.0,0.0,4.0,0.0,284709.50340519455,9562379.003008705,1.0,51.0,11.0,3.0,2.0,0.0,650,3.0,4.0,24.0,0.0,1,Taxi,0.0,51.49326717890606,-0.2108329367102361,16995.083606439046
88194ada0bfffff,3.0,0.0,2.0,8.0,3.0,0.0,0.0,1.0,120.0,0.0,2.0,0.0,278739.2254740216,4046649.1180555555,0.0,31.0,10.0,0.0,0.0,0.0,654,3.0,7.0,23.0,1.0,0,nothing,0.0,51.48551119857755,-0.20656023272928803,16995.2536718723
88194ada0dfffff,3.0,0.0,1.0,60.0,10.0,0.0,0.0,0.0,194.0,0.0,10.0,0.0,331105.26300279266,8833583.419044485,0.0,76.0,31.0,2.0,6.0,5002.915451895044,665,12.0,22.0,23.0,0.0,0,nothing,1.0,51.49534524065598,-0.22303498498525892,16995.70472536527
88194ada11fffff,6.0,0.0,0.0,8.0,2.0,0.0,1.0,0.0,70.0,0.0,0.0,0.0,295376.28667209775,6432172.12797619,0.0,21.0,10.0,0.0,0.0,0.0,663,1.0,54.0,9.0,1.0,0,nothing,0.0,51.46999801976183,-0.19801876944813146,16995.593081707273
88194ada13fffff,2.0,0.0,2.0,2.0,1.0,0.0,2.0,1.0,64.0,1.0,3.0,1.0,120753.38380986886,7989409.294854005,0.0,43.0,10.0,1.0,0.0,32209.91253644315,667,5.0,22.0,15.0,0.0,0,nothing,0.0,51.46224082204747,-0.19375000902898473,16995.762425962825
88194ada15fffff,5.0,0.0,1.0,17.0,1.0,0.0,1.0,0.0,106.0,0.0,2.0,0.0,24922.401271300536,9090966.326388888,0.0,25.0,17.0,1.0,0.0,0.0,678,3.0,65.0,11.0,0.0,0,nothing,0.0,51.47207651154696,-0.21021405010345898,16996.21476227408
88194ada17fffff,3.0,1.0,0.0,3.0,0.0,1.0,1.0,0.0,23.0,0.0,2.0,0.0,95856.9537763109,7167952.934027777,0.0,22.0,10.0,0.0,0.0,0.0,682,3.0,48.0,6.0,0.0,0,nothing,0.0,51.46431945649942,-0.20594303516111886,16996.38429365097
88194ada19fffff,4.0,0.0,0.0,12.0,5.0,1.0,1.0,0.0,84.0,0.0,3.0,0.0,36918.201441248886,4827693.458829365,0.0,20.0,24.0,0.0,0.0,5830.903790087464,643,8.0,14.0,17.0,0.0,0,nothing,0.0,51.47567537704624,-0.19009346894154805,16994.801939375786
88194ada1bfffff,2.0,1.0,2.0,13.0,3.0,0.0,1.0,0.0,61.0,0.0,4.0,1.0,699343.7771161442,11576282.373419063,0.0,32.0,16.0,0.0,0.0,19236.151603498543,647,2.0,29.0,8.0,2.0,0,nothing,2.0,51.46791844218505,-0.18582564941411198,16994.971337027277
88194ada1dfffff,2.0,0.0,0.0,25.0,3.0,0.0,0.0,1.0,143.0,0.0,11.0,0.0,233076.87380409037,4513234.409722222,0.0,20.0,12.0,1.0,2.0,0.0,659,2.0,12.0,14.0,1.0,0,nothing,1.0,51.47775481206734,-0.20228884382845724,16995.423496986088
88194ada21fffff,0.0,0.0,0.0,1.0,0.0,0.0,0.0,0.0,11.0,0.0,0.0,0.0,0.0,7542044.969002525,0.0,9.0,7.0,0.0,0.0,0.0,719,1.0,11.0,6.0,0.0,0,nothing,0.0,51.486061683818534,-0.2510919477212948,16997.909084120794
88194ada23fffff,0.0,0.0,2.0,0.0,0.0,0.0,0.0,0.0,6.0,0.0,0.0,0.0,15070.327572929666,745139.8376623377,0.0,1.0,10.0,0.0,0.0,0.0,724,0.0,10.0,5.0,0.0,0,nothing,0.0,51.478305466239085,-0.24681285048307572,16998.079418099005
88194ada25fffff,0.0,0.0,0.0,1.0,0.0,0.0,0.0,1.0,24.0,0.0,1.0,0.0,314164.9373766696,2891247.83875,1.0,24.0,6.0,0.0,0.0,0.0,736,2.0,62.0,9.0,0.0,1,Public use,0.0,51.488135681716095,-0.26329812211612136,16998.53031947916
88194ada27fffff,0.0,0.0,0.0,1.0,0.0,0.0,0.0,0.0,15.0,0.0,0.0,0.0,200210.14021476093,6834781.935185184,1.0,9.0,9.0,0.0,0.0,0.0,740,0.0,38.0,2.0,0.0,1,Public use,0.0,51.48037960894453,-0.2590167683045297,16998.700841016293
88194ada29fffff,0.0,0.0,0.0,21.0,0.0,0.0,0.0,0.0,106.0,0.0,1.0,0.0,450445.003365592,15815420.384343434,0.0,54.0,10.0,1.0,2.0,0.0,700,1.0,30.0,12.0,0.0,0,nothing,0.0,51.49174255243718,-0.2431660897146922,16997.117397024667
88194ada2bfffff,0.0,0.0,0.0,0.0,0.0,0.0,0.0,0.0,2.0,0.0,0.0,0.0,421409.9153440219,3244762.4577380954,0.0,4.0,14.0,0.0,0.0,0.0,704,0.0,2.0,6.0,0.0,0,nothing,0.0,51.48398659731354,-0.2388879321612046,16997.287784072487
88194ada2dfffff,2.0,2.0,0.0,30.0,6.0,3.0,1.0,3.0,201.0,0.0,1.0,0.0,63532.29331233812,3961265.1883838386,0.0,57.0,19.0,1.0,1.0,0.0,715,5.0,94.0,25.0,0.0,0,nothing,0.0,51.493817494245505,-0.25537236218002357,16997.73850956601
88194ada31fffff,0.0,0.0,0.0,0.0,0.0,0.0,0.0,0.0,28.0,0.0,0.0,0.0,45318.68516322544,2330533.8854166665,0.0,19.0,5.0,0.0,0.0,0.0,713,1.0,14.0,3.0,0.0,0,nothing,0.0,51.4684734670138,-0.2303355661310617,16997.62783650286
88194ada33fffff,0.0,0.0,0.0,5.0,2.0,0.0,0.0,0.0,17.0,0.0,0.0,0.0,0.0,1838558.7405303032,0.0,23.0,11.0,0.0,0.0,0.0,717,4.0,0.0,10.0,0.0,0,nothing,0.0,51.46071629261102,-0.22606135653468576,16997.797501738827
88194ada35fffff,1.0,0.0,0.0,4.0,1.0,0.0,0.0,0.0,15.0,0.0,0.0,0.0,129989.9899705133,3797693.161075036,0.0,8.0,7.0,1.0,0.0,0.0,728,3.0,22.0,8.0,1.0,0,nothing,0.0,51.47054884189387,-0.2425350699051339,16998.249511427206
88194ada37fffff,0.0,0.0,0.0,3.0,2.0,0.0,0.0,0.0,24.0,0.0,0.0,0.0,339967.9813196474,5119176.412563131,0.0,19.0,11.0,0.0,0.0,0.0,733,2.0,12.0,10.0,0.0,0,nothing,0.0,51.46279181116962,-0.2382586054275486,16998.41936403205
88194ada39fffff,0.0,0.0,0.0,1.0,0.0,1.0,1.0,0.0,16.0,0.0,1.0,0.0,0.0,1687914.5,0.0,0.0,2.0,0.0,0.0,0.0,693,2.0,71.0,2.0,0.0,0,nothing,0.0,51.474153916949064,-0.22241149084915815,16996.836378608103
88194ada3bfffff,3.0,0.0,0.0,10.0,0.0,0.0,2.0,0.0,71.0,0.0,4.0,1.0,0.0,5686800.441666666,0.0,54.0,13.0,0.0,0.0,0.0,697,2.0,85.0,10.0,0.0,0,nothing,0.0,51.46639700501859,-0.2181382210389384,16997.006097204205
88194ada3dfffff,0.0,0.0,0.0,2.0,0.0,0.0,0.0,0.0,11.0,0.0,1.0,0.0,2317814.020829281,948764.6488095238,0.0,1.0,9.0,0.0,0.0,0.0,708,1.0,14.0,6.0,0.0,0,nothing,0.0,51.47623023537687,-0.23461109115331938,16997.457930589662
88194ada41fffff,5.0,8.0,1.0,5.0,1.0,0.0,1.0,0.0,104.0,1.0,2.0,0.0,27763.738865456933,5175341.739621212,0.0,69.0,7.0,1.0,1.0,0.0,626,1.0,28.0,23.0,1.0,0,nothing,2.0,51.50669905806529,-0.20717789109992163,16994.12194603556
88194ada43fffff,5.0,5.0,0.0,35.0,6.0,0.0,3.0,1.0,130.0,2.0,5.0,0.0,162780.55026129153,5532573.529702905,0.0,43.0,12.0,0.0,0.0,9329.446064139942,630,6.0,56.0,19.0,0.0,0,nothing,0.0,51.498943747346964,-0.20290481283372222,16994.29230463454
88194ada45fffff,5.0,3.0,0.0,60.0,3.0,1.0,0.0,1.0,333.0,0.0,7.0,0.0,122184.02457043735,14484394.686468253,0.0,80.0,20.0,3.0,2.0,16314.868804664724,641,15.0,52.0,19.0,0.0,0,nothing,1.0,51.50877791947259,-0.21938229215222427,16994.74275490702
88194ada47fffff,5.0,6.0,1.0,25.0,7.0,0.0,0.0,2.0,211.0,1.0,5.0,0.0,2642612.009468529,8154533.959758772,0.0,105.0,13.0,1.0,1.0,6215.7434402332365,646,12.0,9.0,25.0,0.0,0,nothing,0.0,51.50102275266653,-0.2151069563311681,16994.913300759526
88194ada49fffff,6.0,14.0,5.0,59.0,7.0,0.0,0.0,3.0,348.0,0.0,4.0,0.0,69275.72025052697,4333496.138068181,0.0,42.0,17.0,1.0,4.0,0.0,607,8.0,21.0,23.0,1.0,0,nothing,1.0,51.512374156723986,-0.1992477893920218,16993.330661230742
88194ada4bfffff,8.0,7.0,1.0,52.0,3.0,0.0,0.0,0.0,263.0,1.0,7.0,0.0,1527049.922096619,4970537.422074916,0.0,20.0,9.0,0.0,1.0,0.0,611,7.0,20.0,25.0,2.0,0,nothing,0.0,51.50461910920608,-0.19497565292682184,16993.501072681946
88194ada4dfffff,6.0,10.0,2.0,31.0,6.0,0.0,0.0,0.0,169.0,0.0,1.0,0.0,17533.084036634333,9704289.469560904,0.0,26.0,15.0,2.0,2.0,0.0,622,6.0,7.0,14.0,0.0,0,nothing,0.0,51.51445396178226,-0.21145228545067019,16993.951347382677
88194ada51fffff,3.0,6.0,0.0,32.0,10.0,0.0,0.0,3.0,111.0,0.0,2.0,0.0,14291.54511237561,5866812.302181554,0.0,29.0,11.0,0.0,0.0,5049.562682215744,620,7.0,14.0,26.0,0.0,0,nothing,0.0,51.489107794569996,-0.1864353256616767,16993.841175486756
88194ada53fffff,6.0,3.0,0.0,22.0,9.0,0.0,4.0,2.0,164.0,1.0,1.0,0.0,343151.9568206339,7453341.992389671,0.0,51.0,18.0,0.0,0.0,14443.148688046647,624,16.0,40.0,21.0,1.0,0,nothing,1.0,51.48135152822417,-0.18216713374200774,16994.0108666941
88194ada55fffff,4.0,4.0,1.0,25.0,4.0,0.0,1.0,1.0,110.0,0.0,8.0,0.0,1232792.7851938636,10277356.235404916,0.0,29.0,10.0,2.0,4.0,8548.104956268222,634,7.0,6.0,13.0,1.0,0,nothing,0.0,51.491188030013504,-0.19863305009184273,16994.462423106346
88194ada57fffff,3.0,2.0,0.0,31.0,5.0,0.0,2.0,0.0,105.0,0.0,9.0,0.0,166308.23536700738,6098918.202446117,0.0,20.0,13.0,1.0,4.0,16326.530612244898,639,6.0,25.0,10.0,1.0,0,nothing,1.0,51.483431906451166,-0.19436260231433375,16994.6323013778
88194ada59fffff,11.0,15.0,1.0,114.0,10.0,0.0,0.0,6.0,214.0,0.0,8.0,0.0,196797.09013361263,6230561.303472222,0.0,80.0,28.0,2.0,3.0,0.0,600,11.0,55.0,33.0,0.0,0,nothing,2.0,51.494782476295605,-0.1785070139712334,16993.05011935045
88194ada5bfffff,5.0,13.0,2.0,53.0,4.0,0.0,1.0,3.0,228.0,1.0,3.0,0.0,205367.60624720398,4829481.409880351,0.0,21.0,19.0,0.0,0.0,0.0,605,15.0,35.0,18.0,0.0,0,nothing,3.0,51.48702647316732,-0.1742397639503182,16993.21986369977
88194ada5dfffff,6.0,9.0,2.0,35.0,9.0,0.0,0.0,0.0,202.0,1.0,5.0,0.0,297516.59589807666,8427363.427107442,0.0,22.0,11.0,1.0,0.0,64.1399416909621,615,10.0,4.0,22.0,0.0,0,nothing,1.0,51.49686365502603,-0.19070483187002962,16993.67124412501
88194ada61fffff,0.0,0.0,1.0,33.0,8.0,0.0,0.0,1.0,172.0,0.0,7.0,0.0,103448.07459409146,2342702.2298737373,0.0,32.0,13.0,0.0,0.0,0.0,676,5.0,2.0,24.0,0.0,0,nothing,0.0,51.50517749993429,-0.23951772879778568,16996.155099377374
88194ada63fffff,1.0,0.0,1.0,21.0,4.0,6.0,0.0,0.0,110.0,0.0,0.0,0.0,90274.90688638906,2317518.837224026,0.0,33.0,15.0,1.0,2.0,0.0,680,5.0,19.0,8.0,0.0,0,nothing,0.0,51.49742221467156,-0.2352391943843782,16996.325779765375
88194ada65fffff,0.0,0.0,1.0,12.0,4.0,1.0,0.0,2.0,56.0,0.0,2.0,0.0,952048.5859539679,2853148.474747475,0.0,16.0,15.0,0.0,0.0,0.0,691,3.0,42.0,9.0,0.0,0,nothing,0.0,51.50725324069896,-0.25172635669983995,16996.775901630797
88194ada67fffff,0.0,0.0,1.0,0.0,1.0,1.0,0.0,0.0,26.0,0.0,1.0,0.0,151253.88069487366,1634399.2688131314,0.0,19.0,13.0,0.0,0.0,0.0,696,3.0,12.0,10.0,0.0,0,nothing,0.0,51.49949810036119,-0.24744556437404955,16996.946769519607
88194ada69fffff,0.0,0.0,0.0,18.0,5.0,0.0,0.0,2.0,75.0,0.0,4.0,0.0,12765.513932871065,5617087.654112554,0.0,52.0,8.0,0.0,0.0,769.6793002915452,657,0.0,32.0,7.0,0.0,0,nothing,0.0,51.51085569283606,-0.23158885555106956,16995.363499176692
88194ada6bfffff,0.0,0.0,0.0,75.0,13.0,0.0,0.0,2.0,241.0,1.0,9.0,0.0,166263.78733134907,6567459.795850082,0.0,149.0,19.0,2.0,4.0,3463.5568513119533,661,1.0,9.0,20.0,2.0,0,nothing,2.0,51.5031006703929,-0.22731126183020323,16995.534232380363
88194ada6dfffff,0.0,0.0,0.0,3.0,2.0,1.0,0.0,0.0,39.0,0.0,0.0,0.0,216653.07886430202,11867972.668154763,1.0,46.0,21.0,0.0,1.0,0.0,672,1.0,19.0,7.0,1.0,1,Taxi,0.0,51.51293237756379,-0.24379758076284633,16995.984178724888
88194ada81fffff,0.0,0.0,1.0,15.0,0.0,0.0,0.0,1.0,60.0,1.0,4.0,0.0,1472913.618255672,3536460.903409091,1.0,27.0,9.0,0.0,0.0,38545.18950437318,699,3.0,1.0,10.0,1.0,1,Public use,0.0,51.433287186560825,-0.18887211057163675,16997.060012580503
88194ada83fffff,0.0,0.0,0.0,1.0,0.0,1.0,0.0,0.0,19.0,0.0,0.0,0.0,629989.055386208,842769.1060606061,4.0,59.0,7.0,1.0,0.0,4361.516034985423,703,2.0,5.0,6.0,0.0,1,Public use,0.0,51.42552810857205,-0.18460766042652113,16997.228340304035
88194ada85fffff,0.0,0.0,0.0,3.0,1.0,1.0,0.0,1.0,31.0,0.0,5.0,0.0,299191.1412693232,1919797.8333333335,0.0,22.0,3.0,1.0,1.0,0.0,714,4.0,3.0,6.0,0.0,0,nothing,0.0,51.43536530415806,-0.201058283721372,16997.68256454756
88194ada87fffff,0.0,0.0,1.0,1.0,1.0,0.0,0.0,0.0,9.0,0.0,0.0,0.0,302626.06670491747,3060442.212301587,0.0,34.0,11.0,0.0,0.0,0.0,718,3.0,4.0,7.0,1.0,0,nothing,0.0,51.42760636759161,-0.1967915820789823,16997.851079258326
88194ada89fffff,0.0,0.0,0.0,9.0,5.0,1.0,0.0,0.0,50.0,0.0,1.0,0.0,105169.22388695437,1671223.8533549781,0.0,35.0,7.0,0.0,0.0,15169.096209912537,679,3.0,13.0,6.0,0.0,0,nothing,1.0,51.43896680031575,-0.180951605949939,16996.269015206308
88194ada8bfffff,0.0,0.0,1.0,6.0,1.0,0.0,1.0,0.0,41.0,0.0,2.0,0.0,447046.23993327917,4136500.179924242,0.0,41.0,16.0,0.0,0.0,0.0,683,3.0,14.0,23.0,0.0,0,nothing,2.0,51.431207984830664,-0.17668809578820577,16996.43739687038
88194ada8dfffff,0.0,0.0,2.0,25.0,1.0,0.0,0.0,1.0,88.0,0.0,2.0,0.0,33152.065231995235,987992.1666666667,0.0,42.0,9.0,1.0,0.0,28349.85422740525,694,6.0,24.0,9.0,0.0,0,nothing,0.0,51.44104586073459,-0.19313787255938938,16996.891443980636
88194ada91fffff,0.0,0.0,0.0,0.0,0.0,0.0,0.0,0.0,11.0,0.0,0.0,0.0,48801.58880864702,3687248.0,0.0,93.0,4.0,0.0,0.0,0.0,691,0.0,6.0,6.0,0.0,0,nothing,0.0,51.41568914381808,-0.16816500841392026,16996.77343763684
88194ada93fffff,0.0,0.0,1.0,15.0,6.0,0.0,1.0,1.0,66.0,1.0,5.0,0.0,1039600.900765878,4788384.311948052,0.0,149.0,19.0,0.0,0.0,0.0,695,0.0,0.0,9.0,1.0,0,nothing,0.0,51.4079291190638,-0.16390543008644998,16996.941096594153
88194ada95fffff,0.0,0.0,0.0,10.0,3.0,0.0,0.0,1.0,50.0,0.0,4.0,0.0,13230926.415286716,5771580.890972222,4.0,154.0,11.0,1.0,1.0,3206.997084548105,707,3.0,7.0,7.0,0.0,1,Public use,1.0,51.41776862715491,-0.18034452156624958,16997.39642707857
88194ada97fffff,0.0,0.0,0.0,3.0,0.0,1.0,0.0,0.0,21.0,0.0,0.0,0.0,462780.06867212465,3557274.1666666665,0.0,48.0,10.0,0.0,0.0,0.0,711,1.0,3.0,4.0,0.0,0,nothing,0.0,51.41000874269611,-0.17608269343327723,16997.564272831514
88194ada99fffff,0.0,0.0,0.0,19.0,1.0,0.0,0.0,0.0,97.0,1.0,2.0,0.0,458503.0254631886,2824893.6961580086,0.0,61.0,17.0,1.0,0.0,0.0,672,3.0,2.0,8.0,0.0,0,nothing,0.0,51.42136834007386,-0.16024629171332133,16995.982671579917
88194ada9bfffff,0.0,0.0,0.0,2.0,0.0,0.0,0.0,0.0,6.0,0.0,0.0,0.0,301169.93852642307,5210490.03030303,0.0,60.0,4.0,0.0,0.0,0.0,676,2.0,1.0,3.0,1.0,0,nothing,0.0,51.41360857783816,-0.15598765346504448,16996.15038476764
88194ada9dfffff,0.0,1.0,0.0,20.0,3.0,1.0,0.0,0.0,66.0,0.0,2.0,0.0,2510933.8317067125,6677708.541666666,1.0,107.0,13.0,0.0,0.0,0.0,687,3.0,12.0,11.0,0.0,1,Public use,2.0,51.42344876586924,-0.17242589679539175,16996.60553770475
88194adaa1fffff,0.0,0.0,0.0,0.0,0.0,0.0,0.0,0.0,0.0,0.0,0.0,0.0,98509.84832958168,0.0,0.0,4.0,4.0,0.0,0.0,0.0,749,0.0,5.0,4.0,0.0,0,nothing,0.0,51.43175963221843,-0.22116589733209005,16999.09636575368
88194adaa3fffff,0.0,0.0,0.0,7.0,2.0,0.0,0.0,0.0,21.0,0.0,1.0,0.0,0.0,585090.6038961039,0.0,18.0,10.0,0.0,0.0,0.0,754,3.0,9.0,12.0,0.0,0,nothing,0.0,51.424000575401315,-0.21689600496725947,16999.26501364429
88194adaa5fffff,0.0,0.0,0.0,0.0,0.0,0.0,0.0,0.0,0.0,0.0,0.0,0.0,255769.73653891607,0.0,0.0,1.0,0.0,0.0,0.0,0.0,765,0.0,10.0,0.0,0.0,0,nothing,0.0,51.43383463664455,-0.23335628987240015,16999.718913055425
88194adaa7fffff,0.0,0.0,0.0,0.0,0.0,0.0,1.0,0.0,3.0,1.0,0.0,0.0,399070.021602087,14234.0,0.0,5.0,2.0,0.0,0.0,0.0,770,0.0,4.0,3.0,0.0,0,nothing,0.0,51.42607572226045,-0.22908414565179605,16999.887748181045
88194adaa9fffff,0.0,0.0,0.0,1.0,0.0,0.0,0.0,0.0,1.0,0.0,0.0,0.0,22471.979224725226,454618.375,0.0,8.0,10.0,0.0,0.0,0.0,729,2.0,8.0,1.0,0.0,0,nothing,0.0,51.437442337031584,-0.21324661470818,16998.30505265199
88194adaabfffff,0.0,0.0,0.0,0.0,0.0,1.0,0.0,0.0,1.0,0.0,0.0,0.0,37842.74644365179,3122325.717460317,0.0,8.0,2.0,0.0,0.0,0.0,734,0.0,2.0,6.0,0.0,0,nothing,0.0,51.42968354233728,-0.20897766122405576,16998.47375444808
88194adaadfffff,0.0,0.0,0.0,1.0,0.0,0.0,0.0,0.0,4.0,0.0,0.0,0.0,450909.9826030712,4712468.333333333,0.0,9.0,6.0,0.0,0.0,0.0,745,1.0,6.0,2.0,0.0,0,nothing,0.0,51.43951828459069,-0.22543710300186856,16998.927476774163
88194adab1fffff,0.0,0.0,0.0,1.0,2.0,0.0,0.0,0.0,28.0,0.0,0.0,0.0,405579.1293017533,4575031.771780303,0.0,100.0,10.0,0.0,0.0,0.0,743,3.0,0.0,7.0,0.0,0,nothing,0.0,51.41416474101776,-0.20044369159277967,16998.810434840525
88194adab3fffff,0.0,0.0,0.0,4.0,2.0,0.0,0.0,0.0,30.0,0.0,3.0,0.0,1712499.4919094238,6993457.465277778,0.0,86.0,12.0,1.0,0.0,0.0,746,0.0,7.0,7.0,0.0,0,nothing,0.0,51.40640473516628,-0.19617867432989558,16998.9784132914
88194adab5fffff,0.0,0.0,0.0,3.0,1.0,0.0,0.0,0.0,9.0,1.0,0.0,0.0,265282.6601873494,1184076.4791666667,0.0,36.0,7.0,0.0,0.0,0.0,758,5.0,1.0,9.0,0.0,0,nothing,0.0,51.41624111452627,-0.212627425349199,16999.433420373105
88194adab7fffff,0.0,0.0,0.0,11.0,3.0,0.0,0.0,0.0,30.0,0.0,2.0,0.0,513162.2896804988,1537353.7613636365,0.0,57.0,11.0,0.0,0.0,0.0,762,2.0,1.0,9.0,0.0,0,nothing,0.0,51.408481249980255,-0.2083601579199376,16999.601585867335
88194adab9fffff,0.0,0.0,0.0,7.0,2.0,0.0,0.0,0.0,42.0,0.0,4.0,0.0,229574.1810838649,3381469.3854166665,0.0,127.0,9.0,0.0,0.0,0.0,723,3.0,3.0,7.0,0.0,0,nothing,1.0,51.41984702725808,-0.1925261923948746,16998.01935297341
88194adabbfffff,0.0,0.0,0.0,17.0,1.0,0.0,0.0,0.0,111.0,0.0,0.0,0.0,428630.45977384475,5539204.019444444,2.0,65.0,8.0,1.0,1.0,1603.4985422740524,726,4.0,1.0,6.0,0.0,1,Public use,0.0,51.412087283544246,-0.18826211411126226,16998.18738562014
88194adabdfffff,1.0,0.0,0.0,33.0,2.0,0.0,0.0,3.0,114.0,0.0,16.0,0.0,1667789.5003827198,1817933.6743686867,0.0,90.0,24.0,1.0,0.0,0.0,739,8.0,57.0,21.0,0.0,0,nothing,0.0,51.42192434353706,-0.2047100203715878,16998.64221520185
88194adac1fffff,0.0,0.0,2.0,3.0,0.0,0.0,0.0,0.0,11.0,0.0,0.0,0.0,112208.0295378912,6399322.920171056,1.0,23.0,11.0,0.0,0.0,2405.247813411079,655,1.0,9.0,8.0,0.0,1,Public use,0.0,51.45240335763932,-0.17729394965925374,16995.30941099903
88194adac3fffff,0.0,0.0,0.0,6.0,0.0,0.0,0.0,0.0,17.0,0.0,0.0,0.0,0.0,1851215.8273809524,0.0,52.0,10.0,0.0,0.0,3206.997084548105,660,2.0,3.0,5.0,1.0,0,nothing,0.0,51.44464520872753,-0.17303006831454723,16995.478087173626
88194adac5fffff,2.0,0.0,0.0,18.0,3.0,0.0,1.0,3.0,125.0,0.0,7.0,0.0,2262342.977271137,5098052.448030082,0.0,50.0,16.0,0.0,0.0,13551.020408163266,671,4.0,68.0,12.0,0.0,0,nothing,1.0,51.45448321931066,-0.18948256201201868,16995.931529679758
88194adac7fffff,0.0,0.0,1.0,11.0,0.0,0.0,0.0,0.0,27.0,0.0,0.0,0.0,65552.53952699208,1997638.9437229435,0.0,42.0,11.0,0.0,0.0,7921.2827988338195,675,6.0,2.0,5.0,1.0,0,nothing,0.0,51.44672521193792,-0.18521642783849887,16996.10039278519
88194adac9fffff,2.0,0.0,1.0,59.0,8.0,0.0,0.0,0.0,160.0,0.0,2.0,0.0,8715.754052158887,3582801.7114087306,0.0,82.0,16.0,0.0,0.0,0.0,635,3.0,30.0,15.0,0.0,0,nothing,2.0,51.45808029771017,-0.16937043812245528,16994.518498659945
88194adacbfffff,1.0,0.0,0.0,5.0,0.0,0.0,0.0,0.0,26.0,0.0,0.0,0.0,87574.3503270437,2739172.4166666665,0.0,34.0,11.0,0.0,0.0,12827.98833819242,640,1.0,21.0,8.0,0.0,0,nothing,0.0,51.45032241166759,-0.16510749776621825,16994.687228520303
88194adacdfffff,5.0,0.0,0.0,4.0,3.0,0.0,0.0,0.0,66.0,0.0,5.0,0.0,71301.63640237271,7878139.309671678,0.0,85.0,12.0,0.0,0.0,2693.877551020408,651,5.0,22.0,13.0,1.0,0,nothing,0.0,51.46016110225395,-0.18155914317295396,16995.140494259318
88194adad1fffff,0.0,0.0,3.0,34.0,3.0,0.0,0.0,0.0,95.0,0.0,6.0,0.0,10951.673076375988,4007113.686507936,0.0,29.0,10.0,1.0,4.0,0.0,649,3.0,13.0,10.0,0.0,0,nothing,3.0,51.43480542809348,-0.15658555097905963,16995.023966612294
88194adad3fffff,0.0,0.0,0.0,2.0,1.0,1.0,0.0,0.0,10.0,0.0,0.0,0.0,8245.49806470667,2045511.0570436507,0.0,17.0,10.0,0.0,0.0,0.0,652,2.0,0.0,5.0,0.0,0,nothing,0.0,51.42704633133471,-0.15232654343241536,16995.19197469877
88194adad5fffff,0.0,0.0,1.0,2.0,0.0,0.0,0.0,0.0,14.0,0.0,0.0,0.0,0.0,1776386.5,0.0,38.0,3.0,0.0,0.0,0.0,664,1.0,0.0,5.0,0.0,0,nothing,0.0,51.436886655905056,-0.16876749858054851,16995.646522710387
88194adad7fffff,0.0,0.0,1.0,96.0,2.0,0.0,0.0,1.0,192.0,1.0,26.0,0.0,427798.2317923087,5171470.544642857,0.0,38.0,17.0,1.0,2.0,0.0,668,0.0,6.0,15.0,3.0,0,nothing,0.0,51.429127699558336,-0.1645062398993724,16995.814717536672
88194adad9fffff,0.0,0.0,1.0,32.0,2.0,0.0,0.0,0.0,57.0,0.0,4.0,0.0,628963.8412598235,1085896.4848484849,1.0,42.0,11.0,2.0,5.0,0.0,629,0.0,8.0,20.0,0.0,1,Taxi,0.0,51.44048195134614,-0.14866383013551557,16994.23328496953
88194adadbfffff,0.0,0.0,0.0,1.0,0.0,0.0,2.0,0.0,12.0,0.0,0.0,0.0,360482.8086831075,3930396.1595959594,0.0,8.0,11.0,0.0,0.0,0.0,633,1.0,46.0,2.0,0.0,0,nothing,0.0,51.43272311747202,-0.1444057636723185,16994.40134703137
88194adaddfffff,0.0,0.0,0.0,6.0,3.0,0.0,0.0,0.0,26.0,0.0,2.0,0.0,104023.37616871917,99428.0,1.0,47.0,6.0,1.0,0.0,0.0,645,4.0,6.0,9.0,0.0,1,Public use,0.0,51.44256412166658,-0.1608458689044143,16994.85571786196
88194adae1fffff,0.0,0.0,1.0,1.0,0.0,0.0,0.0,0.0,8.0,0.0,0.0,0.0,29544.498565957503,3759570.5005018674,0.0,27.0,6.0,0.0,0.0,0.0,705,4.0,3.0,12.0,0.0,0,nothing,0.0,51.450881964442765,-0.2095956251134446,16997.34481243013
88194adae3fffff,0.0,0.0,0.0,0.0,0.0,0.0,0.0,0.0,22.0,0.0,0.0,0.0,246339.9611546769,984728.6000000001,0.0,43.0,5.0,1.0,0.0,0.0,709,0.0,4.0,8.0,0.0,0,nothing,0.0,51.44312383657069,-0.205326297880072,16997.513808913878
88194adae5fffff,0.0,0.0,0.0,1.0,0.0,0.0,0.0,0.0,3.0,0.0,0.0,0.0,37480.38876169222,7223419.219957983,0.0,34.0,17.0,0.0,0.0,0.0,721,2.0,7.0,6.0,0.0,0,nothing,0.0,51.45295871255523,-0.22178846180479875,16997.966926224388
88194adae7fffff,0.0,0.0,0.0,0.0,0.0,0.0,0.0,0.0,5.0,0.0,0.0,0.0,29544.498565957503,4359637.1753034545,0.0,11.0,19.0,0.0,0.0,0.0,725,1.0,0.0,5.0,0.0,0,nothing,0.0,51.44520072723317,-0.21751688138224964,16998.136109886455
88194adae9fffff,3.0,0.0,0.0,4.0,1.0,0.0,3.0,0.0,63.0,0.0,0.0,0.0,457756.44172107306,8524110.250311913,0.0,62.0,16.0,0.0,0.0,6997.084548104956,686,5.0,29.0,16.0,0.0,0,nothing,0.0,51.45656199609047,-0.20167333429559003,16996.55358444301
88194adaebfffff,0.0,0.0,0.0,2.0,0.0,0.0,1.0,0.0,16.0,0.0,0.0,0.0,170967.73404737705,3281429.5560457516,0.0,30.0,8.0,0.0,0.0,15160.349854227405,690,2.0,36.0,9.0,0.0,0,nothing,0.0,51.44880413070667,-0.1974049469479123,16996.722634577196
88194adaedfffff,5.0,0.0,0.0,7.0,1.0,0.0,2.0,2.0,67.0,0.0,3.0,0.0,210777.4344055842,5009591.786904762,0.0,57.0,13.0,2.0,1.0,0.0,701,5.0,35.0,20.0,0.0,0,nothing,0.0,51.458639687387624,-0.21386626598009695,16997.175575169236
88194adb01fffff,3.0,0.0,1.0,23.0,3.0,0.0,0.0,1.0,121.0,0.0,3.0,0.0,228057.3911204869,484339.0333333334,1.0,41.0,8.0,1.0,0.0,0.0,778,10.0,20.0,9.0,0.0,1,Public use,1.0,51.50210636498315,-0.3042190384543345,17000.222310653262
88194adb03fffff,0.0,0.0,1.0,0.0,0.0,0.0,0.0,0.0,22.0,0.0,0.0,0.0,643037.7681861673,6009468.349880494,0.0,16.0,6.0,0.0,0.0,0.0,783,1.0,3.0,5.0,0.0,0,nothing,0.0,51.494351137851666,-0.299929592950424,17000.393636214645
88194adb05fffff,0.0,0.0,4.0,29.0,5.0,0.0,0.0,1.0,133.0,1.0,1.0,0.0,0.0,1061399.8277056275,0.0,47.0,5.0,0.0,0.0,0.0,795,13.0,62.0,10.0,0.0,0,nothing,0.0,51.504175855587114,-0.3164361014392944,17000.843098055073
88194adb07fffff,1.0,0.0,3.0,20.0,4.0,0.0,0.0,0.0,93.0,0.0,3.0,0.0,77610.38576500451,2583842.1266081873,0.0,11.0,9.0,1.0,1.0,0.0,799,5.0,16.0,5.0,1.0,0,nothing,0.0,51.49642077540724,-0.3121443973207313,17001.014611612896
88194adb09fffff,0.0,0.0,0.0,1.0,0.0,0.0,1.0,0.0,12.0,0.0,0.0,0.0,363321.72859344067,4924963.397853536,0.0,12.0,4.0,0.0,0.0,0.0,758,2.0,8.0,7.0,0.0,0,nothing,0.0,51.507790748029215,-0.2962926395336947,16999.43007968004
88194adb0bfffff,0.0,0.0,0.0,5.0,0.0,1.0,0.0,1.0,30.0,0.0,1.0,0.0,1575060.4966936193,2946655.4196969694,0.0,8.0,5.0,0.0,0.0,0.0,762,3.0,64.0,2.0,0.0,0,nothing,0.0,51.50003578295574,-0.2920041324975941,16999.60145798327
88194adb0dfffff,1.0,0.0,0.0,65.0,3.0,2.0,0.0,8.0,161.0,1.0,6.0,0.0,1369293.6595072586,1921810.2575757576,0.0,15.0,15.0,0.0,0.0,0.0,774,3.0,129.0,20.0,0.0,0,nothing,2.0,51.50986118321627,-0.3085098044391795,17000.050744405857
88194adb11fffff,2.0,0.0,0.0,9.0,1.0,0.0,2.0,0.0,40.0,0.0,0.0,1.0,104053.02098471142,4862132.803567575,0.0,15.0,7.0,0.0,0.0,0.0,771,1.0,49.0,11.0,0.0,0,nothing,0.0,51.484524627520486,-0.28343107728228134,16999.943492594895
88194adb13fffff,1.0,0.0,1.0,7.0,2.0,0.0,3.0,0.0,30.0,0.0,2.0,0.0,5078163.344149749,1554329.8632936508,0.0,11.0,8.0,1.0,0.0,0.0,776,16.0,7.0,8.0,0.0,0,nothing,0.0,51.47676843793256,-0.27914652798100764,17000.114148755787
88194adb15fffff,1.0,0.0,0.0,8.0,1.0,0.0,1.0,1.0,67.0,1.0,1.0,0.0,2505954.5787784434,5611846.177092374,0.0,39.0,8.0,0.0,0.0,0.0,787,2.0,24.0,6.0,0.0,0,nothing,0.0,51.48659550220881,-0.29564146736599733,17000.564721016115
88194adb17fffff,1.0,0.0,0.0,13.0,1.0,0.0,0.0,0.0,85.0,0.0,0.0,0.0,7600.363492588564,971081.1675763272,0.0,2.0,9.0,0.0,0.0,0.0,792,10.0,147.0,6.0,0.0,0,nothing,0.0,51.478839458441584,-0.2913546611399825,17000.735564983876
88194adb19fffff,0.0,0.0,0.0,14.0,2.0,1.0,0.0,0.0,51.0,1.0,3.0,0.0,1405454.0015691847,9735687.375304233,0.0,35.0,11.0,1.0,1.0,0.0,751,1.0,1.0,13.0,0.0,0,nothing,0.0,51.490208590414944,-0.2755064548103047,16999.151490027616
88194adb1bfffff,0.0,0.0,0.0,4.0,1.0,0.0,0.0,0.0,16.0,0.0,0.0,0.0,0.0,5956806.254629631,0.0,13.0,9.0,1.0,0.0,0.0,755,6.0,5.0,7.0,0.0,0,nothing,0.0,51.48245266290204,-0.27122284408287106,16999.322199221588
88194adb1dfffff,1.0,0.0,1.0,8.0,0.0,1.0,1.0,0.0,42.0,0.0,2.0,0.0,2480319.2037049932,13628816.22510204,0.0,60.0,12.0,1.0,0.0,0.0,767,4.0,6.0,3.0,0.0,0,nothing,1.0,51.49228040932386,-0.2877169452675079,16999.772595646155
88194adb21fffff,0.0,0.0,0.0,3.0,0.0,0.0,0.0,0.0,26.0,0.0,1.0,0.0,76252.69614997928,2581919.186237374,0.0,2.0,1.0,0.0,0.0,0.0,830,2.0,10.0,2.0,0.0,0,nothing,0.0,51.50055677523732,-0.33658047396559604,17002.256366417474
88194adb23fffff,0.0,0.0,0.0,0.0,0.0,0.0,0.0,0.0,8.0,0.0,0.0,0.0,250638.37705796218,1318595.7142857143,0.0,0.0,0.0,0.0,0.0,0.0,834,0.0,0.0,0.0,0.0,0,nothing,0.0,51.49280158078299,-0.3322855735406067,17002.42801536511
88194adb25fffff,0.0,0.0,0.0,0.0,0.0,1.0,0.0,0.0,7.0,0.0,0.0,0.0,249963.61021192168,2986161.725378788,0.0,1.0,0.0,0.0,0.0,0.0,844,0.0,2.0,0.0,0.0,0,nothing,0.0,51.50262313632983,-0.34880174515866946,17002.877145582992
88194adb27fffff,0.0,0.0,0.0,1.0,0.0,0.0,0.0,0.0,1.0,0.0,0.0,0.0,97156.87103888717,14678853.311868686,0.0,0.0,0.0,0.0,0.0,0.0,848,0.0,4.0,0.0,0.0,0,nothing,0.0,51.49486808984104,-0.34450458577428406,17003.04898277541
88194adb29fffff,0.0,0.0,3.0,12.0,5.0,0.0,0.0,2.0,65.0,0.0,2.0,0.0,20329.198254435563,2388687.1754329004,0.0,12.0,8.0,0.0,0.0,0.0,811,11.0,4.0,8.0,0.0,0,nothing,0.0,51.506244254176444,-0.32865532091266686,17001.46382006841
88194adb2bfffff,0.0,0.0,0.0,1.0,0.0,0.0,0.0,1.0,25.0,0.0,1.0,0.0,123708.6676775004,1057906.6810606061,0.0,11.0,6.0,1.0,2.0,0.0,815,7.0,17.0,8.0,0.0,0,nothing,0.0,51.498489321399454,-0.324361357839205,17001.635521720626
88194adb2dfffff,0.0,0.0,0.0,31.0,2.0,0.0,1.0,0.0,132.0,0.0,4.0,0.0,1065282.100402727,5966206.7392045455,0.0,45.0,14.0,1.0,0.0,0.0,826,4.0,26.0,12.0,0.0,0,nothing,2.0,51.508311560159996,-0.34087669633366535,17002.084476572873
88194adb31fffff,1.0,0.0,0.0,8.0,0.0,0.0,0.0,0.0,31.0,0.0,0.0,0.0,935279.7679987741,9676822.752777778,0.0,18.0,10.0,0.0,0.0,0.0,824,0.0,18.0,3.0,0.0,0,nothing,0.0,51.48297822865827,-0.31577739493658585,17001.9782023971
88194adb33fffff,0.0,0.0,0.0,1.0,0.0,0.0,0.0,0.0,16.0,0.0,0.0,0.0,2683054.8551045824,877619.75,0.0,1.0,0.0,0.0,0.0,0.0,828,0.0,8.0,0.0,0.0,0,nothing,0.0,51.47522206946844,-0.3114873939845624,17002.14918127343
88194adb35fffff,0.0,0.0,0.0,5.0,0.0,0.0,1.0,1.0,35.0,0.0,2.0,0.0,9800713.477700692,2547936.027777778,0.0,85.0,14.0,1.0,0.0,0.0,839,9.0,7.0,4.0,0.0,0,nothing,0.0,51.48504597718424,-0.32799199449690647,17002.599423341682
88194adb37fffff,0.0,0.0,0.0,7.0,2.0,0.0,0.0,0.0,15.0,0.0,1.0,0.0,436631.37144047656,2817526.6036616163,0.0,22.0,14.0,0.0,0.0,0.0,842,0.0,0.0,2.0,0.0,0,nothing,1.0,51.47728996482835,-0.3236997362729747,17002.770590273183
88194adb39fffff,0.0,0.0,1.0,6.0,1.0,0.0,0.0,0.0,28.0,0.0,6.0,0.0,3177957.64353588,7596527.891204811,0.0,39.0,20.0,1.0,0.0,0.0,804,3.0,0.0,9.0,0.0,0,nothing,0.0,51.48866528637597,-0.30785401379628274,17001.185884365073
88194adb3bfffff,0.0,0.0,0.0,16.0,2.0,0.0,0.0,0.0,60.0,0.0,0.0,0.0,547750.3471476597,1074060.2215909092,0.0,7.0,8.0,0.0,0.0,0.0,808,1.0,40.0,2.0,0.0,0,nothing,0.0,51.48090938888045,-0.3035649503045585,17001.35691623772
88194adb3dfffff,0.0,0.0,0.0,1.0,0.0,0.0,0.0,0.0,20.0,0.0,0.0,0.0,1092350.0529210507,7494647.830555555,0.0,12.0,9.0,0.0,0.0,0.0,820,0.0,16.0,2.0,0.0,0,nothing,0.0,51.490733979431006,-0.32006871603437376,17001.806982521528
88194adb41fffff,0.0,0.0,0.0,3.0,1.0,0.0,0.0,0.0,7.0,0.0,0.0,0.0,263039.9601340988,8941609.791666668,1.0,4.0,5.0,1.0,1.0,0.0,734,0.0,1.0,9.0,0.0,1,Public use,0.0,51.52122821828111,-0.29265408903241713,16998.46624730579
88194adb43fffff,1.0,0.0,0.0,10.0,2.0,0.0,0.0,1.0,52.0,0.0,1.0,0.0,53289.56319774874,2950797.972123016,0.0,23.0,8.0,0.0,0.0,0.0,738,6.0,21.0,11.0,0.0,0,nothing,0.0,51.51347392441601,-0.28836520065753635,16998.637918730597
88194adb45fffff,0.0,0.0,0.0,0.0,1.0,0.0,0.0,0.0,3.0,0.0,1.0,0.0,0.0,832914.5454545454,0.0,11.0,16.0,0.0,0.0,0.0,749,1.0,5.0,7.0,0.0,0,nothing,0.0,51.52329945095341,-0.30487361527021545,16999.08660144807
88194adb47fffff,1.0,1.0,0.0,48.0,4.0,0.0,0.0,6.0,182.0,0.0,20.0,0.0,611336.0188205619,3104647.8181818184,0.0,28.0,16.0,1.0,0.0,0.0,753,6.0,38.0,23.0,0.0,0,nothing,0.0,51.51554530415738,-0.30058246693732393,16999.258460810324
88194adb49fffff,0.0,0.0,0.0,0.0,0.0,0.0,0.0,0.0,11.0,0.0,0.0,0.0,3723167.194280042,343691.125,0.0,29.0,7.0,1.0,2.0,0.0,713,3.0,5.0,4.0,0.0,0,nothing,0.0,51.52690992545826,-0.2847246708233043,16997.67410392951
88194adb4bfffff,0.0,0.0,0.0,1.0,0.0,0.0,0.0,1.0,16.0,0.0,1.0,0.0,9166.693557075687,2694549.0595238097,0.0,3.0,3.0,1.0,1.0,0.0,718,4.0,8.0,11.0,0.0,0,nothing,0.0,51.51915589401433,-0.2804367219247492,16997.845827842248
88194adb4dfffff,0.0,0.0,0.0,8.0,2.0,1.0,0.0,0.0,21.0,0.0,0.0,0.0,2449126.299791057,2881063.6666666665,0.0,6.0,19.0,1.0,1.0,64.1399416909621,729,1.0,7.0,5.0,0.0,0,nothing,0.0,51.52898210276731,-0.29694429822297624,16998.294335507897
88194adb51fffff,0.0,0.0,2.0,21.0,3.0,6.0,0.0,2.0,83.0,1.0,5.0,0.0,36819.9821999731,2926768.4416364734,0.0,43.0,9.0,0.0,0.0,0.0,727,2.0,48.0,8.0,2.0,0,nothing,0.0,51.503646604396295,-0.27186478398608405,16998.188554611064
88194adb53fffff,0.0,0.0,1.0,15.0,1.0,0.0,0.0,0.0,107.0,0.0,1.0,0.0,2340595.809291493,1268655.7060942762,0.0,24.0,19.0,2.0,1.0,0.0,731,5.0,64.0,15.0,0.0,0,nothing,0.0,51.495891346995606,-0.2675807938230696,16998.359557319553
88194adb55fffff,0.0,0.0,0.0,10.0,4.0,0.0,0.0,0.0,48.0,0.0,5.0,0.0,218551.56039967661,3808865.4111594204,0.0,6.0,11.0,4.0,0.0,0.0,742,4.0,24.0,7.0,0.0,0,nothing,0.0,51.50571922155876,-0.2840776325365398,16998.80934970839
88194adb57fffff,1.0,0.0,0.0,6.0,0.0,0.0,1.0,0.0,16.0,0.0,2.0,0.0,2795338.975867154,8067838.480416666,0.0,13.0,8.0,0.0,0.0,0.0,747,1.0,15.0,5.0,0.0,0,nothing,0.0,51.49796411009613,-0.27979138410787824,16998.98054016532
88194adb59fffff,0.0,0.0,1.0,40.0,1.0,1.0,0.0,2.0,125.0,0.0,5.0,0.0,228718.8790447419,4182743.6074385154,0.0,20.0,7.0,1.0,0.0,0.0,707,4.0,98.0,11.0,1.0,0,nothing,0.0,51.50932789209522,-0.2639371450013331,16997.39663902078
88194adb5bfffff,0.0,0.0,0.0,0.0,2.0,5.0,0.0,1.0,41.0,0.0,0.0,0.0,1013882.0107212695,1937879.4478114478,0.0,8.0,8.0,0.0,0.0,0.0,711,0.0,24.0,6.0,0.0,0,nothing,0.0,51.50157289713328,-0.2596540944197744,16997.56769450814
88194adb5dfffff,0.0,0.0,0.0,24.0,3.0,0.0,0.0,3.0,82.0,0.0,3.0,0.0,781759.6202608736,4695997.305462388,0.0,24.0,13.0,0.0,0.0,0.0,722,1.0,61.0,11.0,0.0,0,nothing,0.0,51.51140145353144,-0.27615009316621125,16998.017311427382
88194adb61fffff,0.0,0.0,0.0,0.0,0.0,3.0,0.0,0.0,8.0,1.0,0.0,0.0,0.0,1276553.58008658,0.0,17.0,14.0,0.0,0.0,0.0,785,3.0,3.0,8.0,0.0,0,nothing,0.0,51.519684787844575,-0.3250234737055748,17000.499348818517
88194adb63fffff,0.0,0.0,1.0,47.0,6.0,0.0,0.0,5.0,195.0,0.0,3.0,0.0,1423235.8548635426,950925.3105681818,0.0,40.0,19.0,1.0,0.0,0.0,790,13.0,23.0,22.0,3.0,0,nothing,0.0,51.511930526528566,-0.32072912671361664,17000.6713437656
88194adb65fffff,0.0,0.0,0.0,0.0,1.0,0.0,0.0,0.0,15.0,0.0,0.0,0.0,130264.85611356597,1020848.490909091,0.0,8.0,17.0,1.0,0.0,0.0,802,2.0,2.0,6.0,0.0,0,nothing,0.0,51.52175289060751,-0.3372472131132346,17001.119694506375
88194adb67fffff,0.0,0.0,0.0,8.0,5.0,0.0,0.0,1.0,50.0,0.0,1.0,0.0,181771.3342876063,4319496.535867604,0.0,13.0,11.0,1.0,0.0,0.0,806,1.0,0.0,4.0,1.0,0,nothing,0.0,51.51399877737482,-0.33295060581663616,17001.291877638938
88194adb69fffff,0.0,0.0,0.0,6.0,2.0,0.0,0.0,0.0,27.0,0.0,1.0,0.0,82031.6517956608,3504459.8571428573,0.0,16.0,9.0,0.0,0.0,0.0,765,5.0,10.0,8.0,0.0,0,nothing,0.0,51.52536959143959,-0.3170953000987157,16999.706890148896
88194adb6bfffff,0.0,0.0,0.0,0.0,0.0,0.0,0.0,1.0,11.0,0.0,0.0,0.0,153787.03066377316,2549163.515151515,0.0,14.0,9.0,0.0,0.0,0.0,769,2.0,4.0,8.0,0.0,0,nothing,0.0,51.51761559216406,-0.31280189146664816,16999.878937546393
88194adb6dfffff,0.0,0.0,0.0,0.0,0.0,0.0,0.0,0.0,5.0,0.0,0.0,0.0,1615279.0323462833,6124246.706493506,0.0,29.0,6.0,0.0,0.0,0.0,781,1.0,11.0,3.0,1.0,0,nothing,0.0,51.527438639148095,-0.3293191429774241,17000.327113287974
88194e6021fffff,0.0,0.0,0.0,1.0,0.0,0.0,0.0,0.0,13.0,0.0,0.0,0.0,0.0,84035.0,0.0,1.0,13.0,0.0,0.0,0.0,7,0.0,0.0,2.0,0.0,0,nothing,0.0,51.60031121337417,0.22710166102552998,16962.77978364488
88194e6023fffff,0.0,0.0,0.0,6.0,1.0,0.0,0.0,0.0,14.0,0.0,3.0,0.0,585627.6528792997,3341498.226190476,0.0,28.0,12.0,1.0,0.0,510.2040816326531,8,0.0,2.0,3.0,0.0,0,nothing,0.0,51.59255953285076,0.23130677969055755,16962.947692192956
88194e6025fffff,0.0,0.0,0.0,2.0,0.0,0.0,0.0,0.0,3.0,0.0,0.0,0.0,36219.28413260429,3052507.5,0.0,5.0,17.0,0.0,0.0,0.0,11,0.0,0.0,0.0,0.0,0,nothing,0.0,51.602434280894755,0.21493890823941658,16963.39891218636
88194e6027fffff,0.0,0.0,0.0,2.0,1.0,0.0,0.0,0.0,16.0,0.0,0.0,0.0,6007134.499167263,3616643.4791666665,0.0,31.0,13.0,0.0,0.0,0.0,13,2.0,1.0,0.0,0.0,0,nothing,0.0,51.59468273261632,0.21914628510359224,16963.567004828426
88194e602bfffff,0.0,0.0,0.0,0.0,0.0,0.0,0.0,0.0,0.0,0.0,0.0,0.0,0.0,0.0,0.0,4.0,3.0,0.0,0.0,0.0,3,0.0,0.0,0.0,0.0,0,nothing,0.0,51.59818707376024,0.2392622196227517,16962.16059349635
88194e602dfffff,0.0,0.0,0.0,4.0,1.0,0.0,0.0,0.0,19.0,0.0,1.0,0.0,300909.6851145994,35762.36363636363,0.0,7.0,5.0,0.0,0.0,0.0,6,0.0,2.0,4.0,0.0,0,nothing,0.0,51.60806249253842,0.2228952427903664,16962.611638777602
88194e6031fffff,0.0,0.0,0.0,0.0,0.0,0.0,0.0,0.0,4.0,0.0,0.0,0.0,6165.803528304026,0.0,2.0,1.0,0.0,0.0,0.0,0.0,5,0.0,7.0,0.0,0.0,1,Public use,0.0,51.58268304847908,0.2476666429598681,16962.49580625103
88194e6033fffff,0.0,0.0,0.0,0.0,0.0,0.0,0.0,0.0,0.0,0.0,0.0,0.0,16760.071768580772,0.0,2.0,6.0,2.0,0.0,0.0,0.0,6,0.0,0.0,0.0,0.0,1,Public use,0.0,51.57493043525969,0.2518669076905488,16962.66305804025
88194e6035fffff,0.0,0.0,0.0,0.0,0.0,0.0,0.0,0.0,2.0,0.0,0.0,0.0,173869.29721813893,1170891.4285714286,0.0,14.0,2.0,0.0,0.0,0.0,9,0.0,15.0,0.0,0.0,0,nothing,0.0,51.584807451350436,0.23551059934228155,16963.115364350808
88194e6037fffff,0.0,0.0,0.0,0.0,0.0,0.0,0.0,0.0,1.0,0.0,0.0,0.0,0.0,40510.63636363636,0.0,2.0,4.0,0.0,0.0,0.0,10,0.0,1.0,1.0,0.0,0,nothing,0.0,51.57705496925549,0.23971312053730862,16963.282800047484
88194e603bfffff,0.0,0.0,0.0,0.0,0.0,0.0,0.0,0.0,0.0,0.0,0.0,0.0,0.0,0.0,0.0,3.0,0.0,0.0,0.0,0.0,1,0.0,0.0,0.0,0.0,0,nothing,0.0,51.58055757500684,0.25982049262301754,16961.876186852012
88194e603dfffff,0.0,0.0,0.0,0.0,0.0,0.0,0.0,0.0,0.0,0.0,0.0,0.0,0.0,506331.4285714286,0.0,2.0,2.0,0.0,0.0,1750.0,4,0.0,2.0,0.0,0.0,0,nothing,0.0,51.590435261440014,0.24346508045605206,16962.32831804611
88194e6081fffff,0.0,0.0,0.0,0.0,0.0,0.0,0.0,0.0,0.0,0.0,0.0,0.0,0.0,4100953.2083333326,4.0,0.0,2.0,0.0,0.0,483.5164835164835,2,0.0,0.0,0.0,0.0,1,Public use,0.0,51.54741714133241,0.2887473865781162,16961.92262466256
88194e6083fffff,0.0,0.0,0.0,0.0,0.0,0.0,0.0,0.0,0.0,0.0,0.0,0.0,0.0,4144377.0416666665,0.0,0.0,5.0,0.0,0.0,0.0,2,0.0,0.0,4.0,0.0,0,nothing,0.0,51.539662672682724,0.29293795941420375,16962.088562920268
88194e6085fffff,0.0,0.0,0.0,0.0,0.0,0.0,0.0,0.0,1.0,0.0,0.0,0.0,0.0,1698860.4166666665,2.0,0.0,0.0,0.0,0.0,769.6793002915452,6,0.0,0.0,0.0,0.0,1,Public use,0.0,51.54954420371005,0.2766047501801581,16962.543039834334
88194e6087fffff,0.0,0.0,0.0,0.0,0.0,0.0,0.0,0.0,1.0,0.0,0.0,0.0,0.0,31759602.58333333,3.0,0.0,6.0,0.0,0.0,384.8396501457726,7,0.0,0.0,1.0,0.0,1,Public use,0.0,51.541789863946285,0.28079757601172634,16962.709161624938
88194e608bfffff,0.0,0.0,0.0,0.0,0.0,0.0,0.0,0.0,0.0,0.0,0.0,0.0,0.0,288445.5,0.0,0.0,1.0,0.0,0.0,0.0,0,0.0,0.0,0.0,0.0,0,nothing,0.0,51.54528901133619,0.30088782950027576,16961.302148807103
88194e608dfffff,1.0,0.0,0.0,1.0,0.0,0.0,0.0,0.0,3.0,0.0,0.0,0.0,436369.0846551879,253572.5,0.0,0.0,0.0,0.0,0.0,0.0,1,0.0,1.0,0.0,0.0,0,nothing,0.0,51.55517121192415,0.284555519556734,16961.75644979827
88194e6095fffff,0.0,0.0,0.0,0.0,0.0,0.0,0.0,0.0,0.0,0.0,0.0,0.0,0.0,137148.0,0.0,0.0,0.0,0.0,0.0,0.0,4,0.0,0.0,0.0,0.0,0,nothing,0.0,51.53190780635729,0.29712723861945306,16962.254264501105
88194e609dfffff,0.0,0.0,0.0,0.0,0.0,0.0,0.0,0.0,0.0,0.0,0.0,0.0,0.0,695319.5,0.0,0.0,0.0,0.0,0.0,0.0,0,0.0,0.0,0.0,0.0,0,nothing,0.0,51.537534414247766,0.3050761497101958,16961.46790362775
88194e60a1fffff,0.0,0.0,0.0,0.0,0.0,0.0,0.0,0.0,1.0,0.0,0.0,0.0,457288.7117186546,1454648.8787878787,0.0,0.0,2.0,0.0,0.0,0.0,15,0.0,2.0,2.0,0.0,0,nothing,0.0,51.54604104257658,0.25651023187225214,16963.950176806047
88194e60a3fffff,0.0,0.0,0.0,0.0,0.0,0.0,0.0,0.0,0.0,0.0,0.0,0.0,0.0,764628.0,6.0,0.0,0.0,0.0,0.0,1154.5189504373177,16,0.0,0.0,0.0,0.0,1,Public use,0.0,51.53828656324403,0.260706269122614,16964.116429135225
88194e60a5fffff,0.0,0.0,0.0,0.0,0.0,0.0,0.0,0.0,0.0,0.0,0.0,0.0,43754.73596044931,1854557.042929293,0.0,7.0,5.0,0.0,0.0,0.0,20,0.0,0.0,4.0,0.0,0,nothing,0.0,51.548165028752095,0.2443632721302092,16964.570593049903
88194e60a7fffff,0.0,0.0,0.0,0.0,0.0,0.0,0.0,0.0,0.0,0.0,0.0,0.0,75242.7680001447,1040222.2954545454,2.0,0.0,3.0,0.0,0.0,769.6793002915452,21,0.0,0.0,1.0,0.0,1,Public use,0.0,51.54041067931186,0.24856156279854713,16964.737029153708
88194e60a9fffff,0.0,0.0,0.0,0.0,0.0,0.0,0.0,0.0,0.0,0.0,0.0,0.0,0.0,252992.0,0.0,0.0,0.0,0.0,0.0,0.0,10,0.0,0.0,0.0,0.0,0,nothing,0.0,51.5516701978733,0.2644599208028924,16963.163394206265
88194e60abfffff,0.0,0.0,0.0,0.0,0.0,0.0,0.0,0.0,0.0,0.0,0.0,0.0,0.0,811443.0,6.0,0.0,2.0,0.0,0.0,1154.5189504373177,11,0.0,0.0,0.0,0.0,1,Public use,0.0,51.54391598744278,0.2686549999987394,16963.329699625614
88194e60adfffff,0.0,0.0,0.0,1.0,1.0,0.0,0.0,0.0,23.0,0.0,1.0,0.0,536709.1927633618,676207.3333333334,0.0,15.0,8.0,0.0,0.0,0.0,14,0.0,8.0,17.0,0.0,0,nothing,0.0,51.55379512322643,0.25231289894384995,16963.78368766207
88194e60b5fffff,0.0,0.0,0.0,0.0,0.0,0.0,0.0,0.0,0.0,1.0,0.0,0.0,0.0,0.0,0.0,0.0,0.0,0.0,0.0,0.0,18,0.0,0.0,0.0,0.0,0,nothing,0.0,51.53053168561124,0.2649010112497801,16964.282444579116
88194e60bdfffff,0.0,0.0,0.0,0.0,0.0,0.0,0.0,0.0,1.0,0.0,0.0,0.0,0.0,260715.0,0.0,0.0,0.0,0.0,0.0,0.0,12,0.0,0.0,0.0,0.0,0,nothing,0.0,51.53616137866532,0.27284878419891495,16963.49576827611
88194e60e1fffff,0.0,0.0,0.0,1.0,0.0,0.0,0.0,0.0,8.0,0.0,1.0,0.0,191948.06651521445,1578049.0555555555,0.0,3.0,12.0,0.0,0.0,0.0,3,0.0,0.0,5.0,0.0,0,nothing,0.0,51.56505168767456,0.2682152133580984,16962.210086366114
88194e60e3fffff,0.0,0.0,0.0,0.0,0.0,0.0,0.0,0.0,0.0,0.0,0.0,0.0,30234.313780056207,1640442.5,0.0,2.0,5.0,0.0,0.0,0.0,4,0.0,0.0,1.0,0.0,0,nothing,0.0,51.55729814508022,0.2724106294805891,16962.376681391244
88194e60e5fffff,0.0,0.0,0.0,0.0,0.0,0.0,0.0,0.0,0.0,0.0,0.0,0.0,575098.7529344256,106088.77777777778,0.0,11.0,8.0,0.0,0.0,0.0,8,0.0,1.0,4.0,0.0,0,nothing,0.0,51.56717742216407,0.25606587520413143,16962.83007334299
88194e60e7fffff,0.0,0.0,0.0,1.0,0.0,0.0,0.0,0.0,0.0,0.0,0.0,0.0,1716747.6958510408,577564.0,0.0,3.0,7.0,0.0,0.0,0.0,8,0.0,0.0,2.0,0.0,0,nothing,0.0,51.55942400957451,0.2602635460564212,16962.996852088538
88194e60ebfffff,0.0,0.0,0.0,0.0,0.0,0.0,0.0,0.0,0.0,0.0,0.0,0.0,0.0,155366.0,0.0,0.0,0.0,0.0,0.0,0.0,0,0.0,0.0,0.0,0.0,0,nothing,0.0,51.56292488407575,0.2803623577953334,16961.590038397793
88194e60edfffff,0.0,0.0,0.0,0.0,0.0,0.0,0.0,0.0,0.0,0.0,0.0,0.0,41803.64510286841,178651.22222222222,1.0,1.0,2.0,0.0,0.0,0.0,2,0.0,0.0,0.0,0.0,1,Public use,0.0,51.57280483111084,0.2640185012574216,16962.043254829496
88194e6101fffff,0.0,0.0,0.0,0.0,0.0,0.0,0.0,0.0,3.0,0.0,0.0,0.0,9317.872629498224,441892.5,0.0,0.0,0.0,0.0,0.0,0.0,24,0.0,3.0,0.0,0.0,0,nothing,0.0,51.616547791080535,0.17422203381054427,16965.08704500429
88194e6103fffff,0.0,0.0,0.0,0.0,0.0,0.0,0.0,0.0,0.0,0.0,0.0,0.0,60605.0539534515,820416.1428571428,0.0,0.0,5.0,0.0,0.0,0.0,25,0.0,0.0,0.0,0.0,0,nothing,0.0,51.60879704493278,0.17843748977783405,16965.255927002538
88194e6105fffff,0.0,0.0,0.0,0.0,0.0,0.0,0.0,0.0,0.0,0.0,0.0,0.0,0.0,0.0,0.0,0.0,0.0,0.0,0.0,0.0,29,0.0,2.0,0.0,0.0,0,nothing,0.0,51.61866642988857,0.16204824895625078,16965.705741429207
88194e6107fffff,0.0,0.0,0.0,0.0,0.0,0.0,0.0,0.0,2.0,0.0,0.0,0.0,0.0,0.0,0.0,0.0,5.0,0.0,0.0,0.0,30,0.0,0.0,0.0,0.0,0,nothing,0.0,51.610915818116574,0.16626596527126783,16965.874807949425
88194e6109fffff,0.0,0.0,0.0,0.0,0.0,0.0,0.0,0.0,0.0,0.0,0.0,0.0,0.0,1301966.5,0.0,0.0,4.0,0.0,0.0,0.0,18,0.0,0.0,0.0,0.0,0,nothing,0.0,51.622178554668686,0.18217912796186458,16964.299352454418
88194e610bfffff,0.0,0.0,0.0,1.0,0.0,0.0,0.0,0.0,3.0,0.0,0.0,0.0,818380.4285777023,1511737.5,0.0,0.0,4.0,0.0,0.0,0.0,19,0.0,0.0,1.0,1.0,0,nothing,0.0,51.61442807734509,0.18639362612661578,16964.468286409883
88194e6111fffff,0.0,0.0,0.0,0.0,0.0,0.0,0.0,0.0,0.0,0.0,0.0,0.0,396777.0632484959,67888.5,0.0,0.0,0.0,0.0,0.0,0.0,22,0.0,0.0,0.0,0.0,0,nothing,0.0,51.59892591482698,0.19481871647448828,16964.805445099
88194e6113fffff,0.0,0.0,0.0,0.0,0.0,0.0,0.0,0.0,1.0,0.0,0.0,0.0,0.0,2223511.3125,0.0,0.0,1.0,0.0,0.0,0.0,23,0.0,0.0,0.0,0.0,0,nothing,0.0,51.59117423039741,0.19902930977309052,16964.973669689967
88194e6115fffff,0.0,0.0,0.0,1.0,0.0,0.0,0.0,0.0,3.0,0.0,0.0,0.0,36560.99971751943,2572979.3595238095,0.0,1.0,10.0,0.0,0.0,0.0,26,0.0,0.0,1.0,0.0,0,nothing,0.0,51.60104589607964,0.18265164343931642,16965.424572500782
88194e6117fffff,0.0,0.0,0.0,0.0,0.0,0.0,0.0,0.0,9.0,0.0,0.0,0.0,342235.6471462164,1172216.061904762,0.0,9.0,3.0,0.0,0.0,0.0,28,0.0,17.0,0.0,0.0,0,nothing,0.0,51.59329434490369,0.18686449535284158,16965.592981427642
88194e6119fffff,0.0,0.0,0.0,0.0,0.0,0.0,0.0,0.0,0.0,0.0,1.0,0.0,0.0,1363406.6666666667,0.0,0.0,3.0,0.0,0.0,0.0,16,0.0,0.0,0.0,0.0,0,nothing,0.0,51.604556275725585,0.20277396176689463,16964.01797900424
88194e611bfffff,0.0,0.0,0.0,0.0,0.0,0.0,0.0,0.0,1.0,0.0,0.0,0.0,0.0,3304279.1666666665,0.0,0.0,5.0,0.0,0.0,0.0,17,0.0,0.0,0.0,0.0,0,nothing,0.0,51.596804860140466,0.20698359719724485,16964.18625583598
88194e611dfffff,0.0,0.0,0.0,1.0,0.0,0.0,0.0,0.0,1.0,0.0,0.0,0.0,376023.97219285945,717222.0,0.0,0.0,0.0,0.0,0.0,0.0,20,0.0,1.0,0.0,0.0,0,nothing,0.0,51.60667719727036,0.19060682211153498,16964.636983981873
88194e6121fffff,0.0,0.0,0.0,1.0,0.0,0.0,0.0,0.0,1.0,0.0,0.0,0.0,0.0,1527.6,0.0,0.0,0.0,0.0,0.0,0.0,40,0.0,0.0,0.0,0.0,0,nothing,0.0,51.615150138663346,0.14191634176627174,16967.112383154283
88194e6123fffff,0.0,0.0,0.0,0.0,0.0,0.0,0.0,0.0,0.0,0.0,0.0,0.0,0.0,235818.75,0.0,0.0,0.0,0.0,0.0,0.0,42,0.0,0.0,0.0,0.0,0,nothing,0.0,51.607399393273326,0.14613727551365577,16967.281582370502
88194e6125fffff,0.0,0.0,0.0,1.0,0.0,0.0,0.0,0.0,2.0,0.0,0.0,0.0,353979.85185703926,1083175.0,0.0,0.0,0.0,0.0,0.0,0.0,46,0.0,6.0,0.0,0.0,0,nothing,0.0,51.617265684833995,0.12973824378368876,16967.731077178236
88194e6127fffff,0.0,0.0,0.0,0.0,0.0,0.0,0.0,0.0,0.0,0.0,0.0,0.0,270277.68727052544,2483385.625,0.0,2.0,4.0,0.0,0.0,0.0,47,0.0,1.0,0.0,0.0,0,nothing,0.0,51.60951507482952,0.13396143828804521,16967.900461158722
88194e6131fffff,0.0,0.0,0.0,2.0,1.0,0.0,0.0,0.0,19.0,0.0,1.0,0.0,475822.9802037292,4173365.053030303,0.0,10.0,13.0,0.0,0.0,0.0,38,2.0,2.0,2.0,1.0,0,nothing,0.0,51.59753135257594,0.1625282926916693,16966.83141913947
88194e6133fffff,0.0,0.0,1.0,0.0,0.0,0.0,0.0,0.0,2.0,1.0,1.0,0.0,361346.3222217206,2725288.530357143,0.0,3.0,8.0,0.0,0.0,0.0,39,0.0,1.0,1.0,0.0,0,nothing,0.0,51.58977966663926,0.16674436037381646,16966.999960292265
88194e6135fffff,0.0,0.0,0.0,0.0,0.0,0.0,0.0,0.0,1.0,0.0,1.0,0.0,0.0,3509446.335227273,0.0,0.0,8.0,0.0,0.0,0.0,43,0.0,0.0,0.0,0.0,0,nothing,0.0,51.59964824454992,0.1503569054625281,16967.450544879866
88194e6137fffff,0.0,0.0,0.0,0.0,0.0,0.0,0.0,0.0,2.0,0.0,0.0,0.0,0.0,1189816.7272727273,0.0,0.0,5.0,0.0,0.0,0.0,45,0.0,0.0,1.0,0.0,0,nothing,0.0,51.59189669287593,0.15457523217113653,16967.61927061079
88194e6139fffff,0.0,0.0,0.0,0.0,0.0,0.0,0.0,0.0,1.0,0.0,0.0,0.0,0.0,1033541.0333333333,0.0,0.0,15.0,0.0,0.0,0.0,32,0.0,0.0,0.0,0.0,0,nothing,0.0,51.60316480330233,0.1704823785966678,16966.04363792455
88194e613bfffff,0.0,0.0,1.0,0.0,0.0,0.0,0.0,0.0,5.0,0.0,3.0,0.0,28050.32608067175,2763632.2660714285,0.0,2.0,5.0,0.0,0.0,0.0,33,0.0,4.0,2.0,0.0,0,nothing,0.0,51.59541338582855,0.17469748949056477,16966.212231283083
88194e613dfffff,0.0,0.0,0.0,0.0,0.0,0.0,0.0,0.0,0.0,0.0,0.0,0.0,5114.146387188534,669733.6818181819,0.0,0.0,6.0,0.0,0.0,0.0,37,0.0,0.0,0.0,0.0,0,nothing,0.0,51.605282635898924,0.1583109224524827,16966.662641253435
88194e6143fffff,0.0,0.0,0.0,0.0,0.0,0.0,0.0,0.0,0.0,0.0,0.0,0.0,0.0,1035504.0,0.0,0.0,0.0,0.0,0.0,0.0,12,0.0,0.0,0.0,0.0,0,nothing,0.0,51.62780810875909,0.19013724761655884,16963.511730336162
88194e6151fffff,0.0,0.0,0.0,0.0,0.0,0.0,0.0,0.0,0.0,0.0,0.0,0.0,0.0,413184.0909090909,0.0,0.0,0.0,0.0,0.0,0.0,9,0.0,0.0,0.0,0.0,0,nothing,0.0,51.61793617198261,0.20652025319120298,16963.062017880045
88194e6153fffff,0.0,0.0,0.0,0.0,0.0,0.0,0.0,0.0,3.0,0.0,0.0,0.0,0.0,856668.0909090909,0.0,9.0,7.0,0.0,0.0,0.0,10,0.0,0.0,1.0,0.0,0,nothing,0.0,51.61018542747761,0.2107302311210694,16963.230583179837
88194e6155fffff,0.0,0.0,0.0,0.0,0.0,0.0,0.0,0.0,1.0,0.0,0.0,0.0,0.0,690336.0,0.0,0.0,0.0,0.0,0.0,0.0,14,0.0,0.0,0.0,0.0,0,nothing,0.0,51.620057900417265,0.19435078753433663,16963.680716183004
88194e615bfffff,0.0,0.0,0.0,0.0,0.0,0.0,0.0,0.0,0.0,0.0,0.0,0.0,0.0,158118.54545454544,0.0,0.0,1.0,0.0,0.0,0.0,5,0.0,0.0,0.0,0.0,0,nothing,0.0,51.615813369961295,0.2186875244278909,16962.443257662224
88194e6181fffff,0.0,0.0,0.0,0.0,0.0,0.0,0.0,0.0,8.0,0.0,1.0,0.0,1772391.83956247,54136.0,0.0,5.0,4.0,0.0,0.0,0.0,33,2.0,2.0,2.0,0.0,0,nothing,0.0,51.562284124623915,0.20370289667364636,16966.26424999597
88194e6183fffff,0.0,0.0,0.0,0.0,0.0,0.0,0.0,0.0,1.0,0.0,0.0,0.0,542762.7063672622,2792769.2045454546,0.0,2.0,5.0,0.0,0.0,0.0,35,0.0,2.0,3.0,0.0,0,nothing,0.0,51.55453056757331,0.20790924820462686,16966.431474997647
88194e6185fffff,0.0,0.0,0.0,1.0,0.0,0.0,0.0,0.0,3.0,0.0,0.0,0.0,5446563.599140289,5279884.616666666,0.0,35.0,9.0,0.0,0.0,0.0,38,1.0,0.0,3.0,0.0,0,nothing,0.0,51.56440369699137,0.1915449199020082,16966.884237124377
88194e6187fffff,0.0,0.0,0.0,0.0,0.0,0.0,0.0,0.0,5.0,0.0,0.0,0.0,202815.79318750434,393486.6103896104,0.0,0.0,2.0,0.0,0.0,0.0,39,0.0,1.0,1.0,0.0,0,nothing,0.0,51.556650271960265,0.19575352699912732,16967.051646330394
88194e6189fffff,0.0,0.0,0.0,0.0,0.0,0.0,0.0,0.0,1.0,0.0,0.0,0.0,49492.19038123675,1320922.6666666665,0.0,0.0,5.0,0.0,0.0,0.0,27,0.0,0.0,3.0,0.0,0,nothing,0.0,51.567916769016925,0.21165328885422907,16965.476923594062
88194e618bfffff,0.0,0.0,1.0,11.0,3.0,0.0,0.0,0.0,13.0,0.0,6.0,0.0,3533773.044888996,1171653.0277777778,0.0,23.0,12.0,0.0,0.0,0.0,28,0.0,1.0,7.0,0.0,0,nothing,0.0,51.56016348046809,0.215858683465488,16965.64420136891
88194e618dfffff,0.0,0.0,0.0,0.0,0.0,0.0,0.0,0.0,4.0,0.0,0.0,0.0,0.0,117178.0,0.0,1.0,8.0,0.0,0.0,0.0,32,1.0,0.0,2.0,0.0,0,nothing,0.0,51.57003728126495,0.19949524617949416,16966.09678806708
88194e6191fffff,0.0,0.0,0.0,0.0,0.0,0.0,0.0,0.0,3.0,0.0,0.0,0.0,55202.72408801835,177021.0,0.0,6.0,0.0,0.0,0.0,384.8396501457726,31,0.0,7.0,1.0,0.0,0,nothing,0.0,51.544655703533174,0.22426557840166678,16965.97804620319
88194e6193fffff,0.0,0.0,0.0,0.0,0.0,0.0,0.0,0.0,2.0,0.0,0.0,0.0,0.0,0.0,0.0,1.0,0.0,0.0,0.0,0.0,32,0.0,1.0,0.0,0.0,0,nothing,0.0,51.536901215912444,0.22846707983802186,16966.144613121007
88194e6195fffff,0.0,0.0,0.0,0.0,0.0,0.0,0.0,0.0,1.0,0.0,0.0,0.0,555423.5330095083,1584223.1298701297,0.0,9.0,7.0,0.0,0.0,0.0,36,0.0,2.0,4.0,0.0,0,nothing,0.0,51.54677661049583,0.21211430132855252,16966.598463001177
88194e6197fffff,0.0,0.0,0.0,1.0,0.0,0.0,0.0,0.0,51.0,0.0,0.0,0.0,181595.28862589417,410755.5,0.0,2.0,0.0,0.0,0.0,0.0,37,0.0,28.0,0.0,0.0,0,nothing,0.0,51.5390222537743,0.2163180566012316,16966.765213935698
88194e6199fffff,0.0,0.0,0.0,1.0,0.0,0.0,0.0,0.0,13.0,0.0,0.0,0.0,230675.78054224903,3402333.25,0.0,2.0,3.0,0.0,0.0,2309.0379008746354,25,0.0,8.0,2.0,0.0,0,nothing,0.0,51.550287945373725,0.23221412127150273,16965.190948240797
88194e619bfffff,0.0,0.0,0.0,0.0,0.0,0.0,0.0,0.0,1.0,0.0,0.0,0.0,0.0,560875.7954545454,3.0,0.0,0.0,0.0,0.0,3078.717201166181,26,0.0,0.0,0.0,0.0,1,Public use,0.0,51.54253372627339,0.2364146657251263,16965.357568215182
88194e619dfffff,0.0,0.0,0.0,0.0,1.0,0.0,0.0,0.0,4.0,0.0,0.0,0.0,806942.5306513739,59490.67857142857,1.0,3.0,8.0,1.0,1.0,0.0,30,0.0,0.0,3.0,0.0,1,Taxi,0.0,51.55240979184596,0.22006277979603328,16965.811242262233
88194e61a1fffff,0.0,0.0,0.0,0.0,0.0,0.0,0.0,0.0,0.0,0.0,0.0,0.0,2805641.765483088,1220305.625,0.0,4.0,7.0,0.0,0.0,0.0,51,0.0,9.0,3.0,0.0,0,nothing,0.0,51.56088646433138,0.17143551775791227,16968.291804320917
88194e61a3fffff,0.0,0.0,0.0,1.0,0.0,0.0,0.0,0.0,16.0,0.0,0.0,0.0,579312.7153032431,1617115.0,0.0,1.0,5.0,0.0,0.0,0.0,53,0.0,24.0,0.0,0.0,0,nothing,0.0,51.553132903647686,0.17564733662889262,16968.459345088428
88194e61a5fffff,0.0,0.0,0.0,1.0,0.0,0.0,0.0,0.0,6.0,0.0,0.0,0.0,940545.5912204129,6316565.416666666,0.0,9.0,6.0,0.0,0.0,0.0,57,0.0,4.0,0.0,0.0,0,nothing,0.0,51.563002951124794,0.15927323073072203,16968.91179074498
88194e61a7fffff,0.0,0.0,0.0,0.0,0.0,0.0,0.0,0.0,5.0,0.0,0.0,0.0,580536.511445755,2809884.833333333,0.0,17.0,7.0,0.0,0.0,0.0,59,0.0,7.0,3.0,0.0,0,nothing,0.0,51.555249523468675,0.16348730557972918,16969.079515959314
88194e61a9fffff,0.0,0.0,0.0,1.0,0.0,0.0,0.0,0.0,12.0,0.0,0.0,0.0,2459670.4508893127,3307164.9166666665,0.0,14.0,15.0,0.0,0.0,204.08163265306123,44,1.0,0.0,4.0,0.0,0,nothing,0.0,51.566522196974894,0.1793847536538995,16967.504162637375
88194e61abfffff,0.0,0.0,0.0,0.0,0.0,0.0,0.0,0.0,0.0,0.0,0.0,0.0,27648.155151932646,307630.67272727273,0.0,0.0,2.0,0.0,0.0,0.0,45,0.0,1.0,2.0,0.0,0,nothing,0.0,51.55876890441143,0.18359561668230084,16967.67175614375
88194e61adfffff,0.0,0.0,0.0,0.0,0.0,0.0,1.0,0.0,3.0,0.0,0.0,0.0,1308347.9002973093,1576443.5,0.0,3.0,3.0,0.0,0.0,1224.4897959183672,49,0.0,2.0,3.0,1.0,0,nothing,0.0,51.568639623978996,0.16722239843361314,16968.124026418147
88194e61b1fffff,0.0,0.0,0.0,0.0,0.0,0.0,0.0,0.0,5.0,0.0,0.0,0.0,677431.2248473053,6290089.117424243,0.0,3.0,6.0,0.0,0.0,0.0,48,0.0,0.0,2.0,0.0,0,nothing,0.0,51.543261117568726,0.19201344398151515,16968.00623181669
88194e61b3fffff,0.0,0.0,0.0,0.0,0.0,0.0,0.0,0.0,7.0,0.0,0.0,0.0,445134.5319724175,164254.7083333333,0.0,15.0,6.0,0.0,0.0,0.0,50,0.0,4.0,2.0,0.0,0,nothing,2.0,51.535506624055344,0.19622040936460944,16968.173113841232
88194e61b5fffff,0.0,0.0,0.0,0.0,0.0,0.0,0.0,0.0,2.0,0.0,0.0,0.0,0.0,711509.4166666667,0.0,0.0,0.0,0.0,0.0,0.0,55,0.0,0.0,0.0,0.0,0,nothing,0.0,51.54537894231092,0.17985785560306855,16968.626648649548
88194e61b7fffff,0.0,0.0,0.0,0.0,0.0,0.0,0.0,0.0,2.0,0.0,0.0,0.0,809307.0964596393,2235128.083333333,0.0,0.0,0.0,0.0,0.0,0.0,56,0.0,0.0,1.0,0.0,0,nothing,0.0,51.537624580704055,0.1840670752366396,16968.79371493322
88194e61b9fffff,0.0,0.0,0.0,3.0,1.0,0.0,0.0,0.0,16.0,0.0,4.0,0.0,369342.7139403558,2483311.3636363638,0.0,13.0,14.0,1.0,1.0,0.0,41,0.0,3.0,5.0,0.0,0,nothing,0.0,51.54889644656601,0.19996083500703896,16967.21881849253
88194e61bbfffff,0.0,0.0,0.0,0.0,0.0,0.0,0.0,0.0,1.0,0.0,1.0,0.0,374357.78161582607,2397924.0,0.0,17.0,8.0,0.0,0.0,0.0,43,1.0,2.0,3.0,0.0,0,nothing,0.0,51.54114222119146,0.20416684448179945,16967.38575353982
88194e61bdfffff,0.0,0.0,0.0,0.0,3.0,0.0,0.0,0.0,2.0,0.0,0.0,0.0,88204.14725430048,1963410.753787879,0.0,0.0,4.0,0.0,0.0,0.0,47,0.0,3.0,2.0,0.0,0,nothing,0.0,51.55101521114839,0.18780517993940563,16967.839112560538
88194e61c1fffff,0.0,0.0,0.0,0.0,0.0,0.0,0.0,0.0,4.0,0.0,0.0,0.0,0.0,957479.2853535353,0.0,0.0,9.0,0.0,0.0,816.3265306122449,20,0.0,0.0,1.0,0.0,0,nothing,0.0,51.581300824403755,0.2153989674728611,16964.522099985672
88194e61c3fffff,0.0,0.0,0.0,0.0,1.0,0.0,0.0,0.0,5.0,0.0,2.0,0.0,35990.750129142674,1481768.3636363635,0.0,0.0,10.0,0.0,0.0,0.0,21,0.0,0.0,1.0,0.0,0,nothing,0.0,51.57354820501705,0.2196047034319733,16964.68966716143
88194e61c5fffff,0.0,0.0,0.0,1.0,0.0,0.0,0.0,0.0,6.0,0.0,3.0,0.0,183196.42251336883,2784221.6136363638,0.0,5.0,4.0,1.0,0.0,1020.4081632653061,24,2.0,1.0,2.0,0.0,0,nothing,0.0,51.583422144364164,0.2032386025646099,16965.141657683558
88194e61c7fffff,0.0,0.0,0.0,0.0,1.0,0.0,0.0,0.0,1.0,0.0,0.0,0.0,0.0,601084.9090909091,0.0,8.0,11.0,0.0,0.0,0.0,26,0.0,0.0,6.0,0.0,0,nothing,2.0,51.57566965710982,0.20744659540608237,16965.30940900861
88194e61c9fffff,0.0,0.0,0.0,0.0,0.0,0.0,0.0,0.0,4.0,0.0,1.0,0.0,92130.58079607233,11911176.598214285,0.0,23.0,7.0,0.0,0.0,1632.6530612244899,14,0.0,0.0,3.0,0.0,0,nothing,2.0,51.586930783024684,0.22335236227076913,16963.734861034918
88194e61cbfffff,0.0,0.0,0.0,0.0,0.0,0.0,0.0,0.0,0.0,0.0,0.0,0.0,0.0,604403.4797979798,0.0,0.0,0.0,0.0,0.0,0.0,15,0.0,0.0,2.0,0.0,0,nothing,0.0,51.57917843250219,0.22755714029776056,16963.90248073479
88194e61cdfffff,0.0,0.0,0.0,0.0,0.0,0.0,0.0,0.0,4.0,0.0,0.0,0.0,0.0,5387465.625,0.0,9.0,10.0,0.0,0.0,0.0,18,0.0,0.0,2.0,0.0,0,nothing,0.0,51.58905304290571,0.21119193224688515,16964.354296186833
88194e61d1fffff,0.0,0.0,0.0,2.0,0.0,0.0,0.0,0.0,6.0,0.0,0.0,0.0,236135.74830248317,2195698.85,0.0,5.0,4.0,0.0,0.0,0.0,17,0.0,0.0,3.0,0.0,0,nothing,0.0,51.56367253019427,0.23596280115699972,16964.237010330886
88194e61d3fffff,1.0,0.0,0.0,3.0,0.0,0.0,0.0,0.0,8.0,0.0,0.0,0.0,423145.9505396975,1954938.1666666665,0.0,17.0,6.0,0.0,1.0,0.0,19,1.0,4.0,5.0,0.0,0,nothing,0.0,51.55591897917372,0.2401636851014747,16964.40392008541
88194e61d5fffff,0.0,0.0,0.0,1.0,0.0,0.0,0.0,0.0,9.0,0.0,3.0,0.0,1980899.84207155,3298759.1666666665,0.0,7.0,6.0,1.0,1.0,0.0,22,1.0,1.0,1.0,0.0,0,nothing,0.0,51.565795185128124,0.22380914068069477,16964.856997643124
88194e61d7fffff,0.0,0.0,0.0,0.0,0.0,0.0,0.0,0.0,1.0,0.0,0.0,0.0,246320.0164804321,2819876.5,0.0,13.0,9.0,1.0,0.0,1539.3586005830905,23,0.0,0.0,3.0,0.0,0,nothing,0.0,51.558041765119505,0.2280122797752441,16965.024091359854
88194e61d9fffff,0.0,0.0,0.0,0.0,0.0,0.0,0.0,0.0,0.0,0.0,0.0,0.0,0.0,3195.0,0.0,0.0,2.0,0.0,0.0,0.0,12,0.0,1.0,0.0,0.0,0,nothing,0.0,51.56930208694828,0.24391434383194951,16963.449999212105
88194e61dbfffff,1.0,0.0,0.0,0.0,0.0,0.0,0.0,0.0,9.0,0.0,1.0,0.0,1167496.2569692018,34211.5,0.0,6.0,8.0,1.0,0.0,0.0,13,1.0,1.0,2.0,0.0,0,nothing,0.0,51.56154880481113,0.24811426978222884,16963.616961773874
88194e61ddfffff,0.0,0.0,0.0,0.0,0.0,0.0,0.0,0.0,0.0,0.0,0.0,0.0,0.0,877170.9191919192,0.0,0.0,4.0,0.0,0.0,0.0,16,0.0,0.0,1.0,0.0,0,nothing,0.0,51.57142568143124,0.23176061974107776,16964.069863857076
88194e61e1fffff,0.0,0.0,1.0,37.0,3.0,0.0,0.0,2.0,152.0,0.0,11.0,0.0,8416317.599399326,8070133.594305556,0.0,25.0,15.0,0.0,0.0,306.1224489795918,35,6.0,0.0,5.0,0.0,0,nothing,1.0,51.57990934443291,0.18312380621456062,16966.54870786485
88194e61e3fffff,0.0,0.0,0.0,6.0,1.0,0.0,0.0,2.0,28.0,1.0,3.0,0.0,1824171.8451460425,3487450.566666667,0.0,41.0,19.0,1.0,0.0,408.16326530612247,37,1.0,0.0,6.0,0.0,0,nothing,0.0,51.5721567212765,0.187335013159358,16966.716590945492
88194e61e5fffff,0.0,0.0,1.0,4.0,2.0,0.0,0.0,0.0,33.0,0.0,3.0,0.0,3446253.2792570647,6761837.071111111,0.0,13.0,15.0,0.0,0.0,0.0,41,0.0,8.0,4.0,0.0,0,nothing,0.0,51.58202757847165,0.17095912605666627,16967.1682646404
88194e61e7fffff,0.0,0.0,0.0,3.0,0.0,0.0,0.0,1.0,7.0,0.0,0.0,0.0,6224843.606899888,7313256.36625,0.0,14.0,13.0,0.0,0.0,714.2857142857143,42,1.0,0.0,5.0,1.0,0,nothing,0.0,51.57427508845593,0.1751725902976459,16967.33633211253
88194e61e9fffff,0.0,0.0,0.0,0.0,0.0,0.0,0.0,0.0,10.0,0.0,1.0,0.0,61456.980096511135,1552053.011904762,0.0,3.0,8.0,0.0,0.0,0.0,29,1.0,48.0,3.0,0.0,0,nothing,0.0,51.585542391787506,0.19107604607591944,16965.76115371179
88194e61ebfffff,0.0,0.0,0.0,0.0,0.0,0.0,0.0,0.0,3.0,0.0,3.0,0.0,401100.8359165548,832466.8125,0.0,2.0,6.0,0.0,0.0,918.3673469387755,31,0.0,8.0,3.0,0.0,0,nothing,0.0,51.57779003711371,0.1952862961658245,16965.929089281988
88194e61edfffff,0.0,0.0,0.0,0.0,0.0,0.0,0.0,0.0,1.0,0.0,0.0,0.0,210098.02427155466,7955801.501388889,0.0,8.0,8.0,0.0,0.0,0.0,34,1.0,0.0,1.0,0.0,0,nothing,0.0,51.58766156607783,0.17891129851069137,16966.38058795363
88194e6801fffff,0.0,0.0,0.0,16.0,0.0,1.0,0.0,0.0,56.0,0.0,1.0,0.0,1566578.8105349045,11966464.292334655,3.0,28.0,14.0,1.0,2.0,1603.4985422740524,143,6.0,7.0,6.0,0.0,1,Taxi,0.0,51.591860334101526,0.03329216404239048,16974.938420184328
88194e6803fffff,0.0,0.0,0.0,0.0,0.0,0.0,0.0,0.0,0.0,0.0,0.0,0.0,0.0,16876248.013888884,3.0,1.0,1.0,0.0,0.0,2405.247813411079,146,1.0,2.0,2.0,0.0,1,Public use,0.0,51.5841086661438,0.037530126537463335,16975.108232792118
88194e6805fffff,0.0,0.0,0.0,29.0,9.0,0.0,0.0,1.0,85.0,1.0,12.0,0.0,1407180.9914646256,12860479.673194446,0.0,35.0,10.0,0.0,0.0,0.0,155,4.0,3.0,11.0,0.0,0,nothing,0.0,51.59396483891572,0.021103580843356253,16975.557534035954
88194e6807fffff,0.0,0.0,0.0,1.0,0.0,0.0,0.0,0.0,2.0,0.0,0.0,0.0,292073.988781806,1496456.0,0.0,16.0,11.0,0.0,0.0,0.0,158,5.0,4.0,8.0,0.0,0,nothing,0.0,51.58621330926143,0.0253438039689713,16975.72753219431
88194e6809fffff,0.0,0.0,0.0,0.0,0.0,0.0,0.0,0.0,1.0,0.0,0.0,0.0,21532.47049799277,8531340.184457673,2.0,9.0,9.0,0.0,0.0,1603.4985422740524,127,2.0,0.0,1.0,0.0,1,Public use,0.0,51.597506150185225,0.041241554343229625,16974.149378521033
88194e680bfffff,0.0,0.0,0.0,5.0,2.0,0.0,0.0,1.0,11.0,0.0,0.0,0.0,911804.1134894993,10482595.898611112,4.0,17.0,8.0,0.0,0.0,6413.99416909621,131,1.0,7.0,3.0,0.0,1,Public use,0.0,51.5897547491646,0.04547856439639797,16974.31924319216
88194e680dfffff,0.0,0.0,0.0,0.0,0.0,14.0,0.0,0.0,7.0,0.0,0.0,0.0,68851.33224459144,6046931.475621693,0.0,5.0,5.0,0.0,0.0,0.0,139,0.0,12.0,4.0,0.0,0,nothing,0.0,51.59961159693054,0.029052893035236615,16974.768370013804
88194e6811fffff,0.0,0.0,0.0,0.0,0.0,0.0,0.0,0.0,1.0,0.0,0.0,0.0,381095.840088716,7719327.975833333,0.0,18.0,9.0,0.0,0.0,0.0,137,0.0,2.0,3.0,0.0,0,nothing,0.0,51.57425073313425,0.05394866157096514,16974.65825990952
88194e6813fffff,0.0,0.0,0.0,0.0,0.0,0.0,0.0,0.0,3.0,0.0,0.0,0.0,29546.224704382905,365754.35000000003,0.0,5.0,6.0,0.0,0.0,0.0,140,0.0,5.0,6.0,0.0,0,nothing,0.0,51.56649811889199,0.058181749810367105,16974.827411811555
88194e6815fffff,0.0,0.0,0.0,1.0,0.0,0.0,0.0,0.0,17.0,0.0,0.0,0.0,1327715.6181571125,21349496.583333332,4.0,7.0,7.0,1.0,2.0,2405.247813411079,149,1.0,0.0,4.0,0.0,1,Public use,0.0,51.57635659344116,0.04176678107987975,16975.27780776496
88194e6817fffff,0.0,0.0,0.0,0.0,0.0,0.0,0.0,0.0,6.0,0.0,0.0,0.0,0.0,11955050.841666667,4.0,0.0,0.0,0.0,0.0,3206.997084548105,152,0.0,6.0,0.0,0.0,1,Public use,0.0,51.56860411637741,0.0460021282287081,16975.447145030703
88194e6819fffff,0.0,0.0,1.0,3.0,2.0,0.0,0.0,0.0,26.0,0.0,2.0,0.0,253647.3506383065,3091896.9583333335,1.0,34.0,16.0,1.0,7.0,0.0,122,2.0,33.0,6.0,0.0,1,Taxi,0.0,51.57989614148408,0.06189622369895396,16973.869444972835
88194e681bfffff,0.0,0.0,1.0,11.0,0.0,0.0,0.0,1.0,31.0,0.0,1.0,0.0,220423.30204820365,4411771.450416666,0.0,22.0,9.0,0.0,3.0,0.0,125,0.0,61.0,7.0,0.0,0,nothing,0.0,51.572143794198524,0.06612835941882998,16974.03864922395
88194e681dfffff,0.0,0.0,0.0,0.0,0.0,0.0,0.0,0.0,0.0,0.0,0.0,0.0,169037.00280328208,4246920.583333332,0.0,5.0,3.0,0.0,0.0,0.0,134,0.0,17.0,3.0,0.0,0,nothing,0.0,51.58200294335303,0.04971426661926899,16974.4888703457
88194e6821fffff,0.0,0.0,0.0,1.0,0.0,1.0,1.0,0.0,36.0,0.0,3.0,0.0,1051169.0250713907,6041103.997039474,0.0,8.0,14.0,1.0,0.0,0.0,184,0.0,16.0,6.0,0.0,0,nothing,0.0,51.59041935409759,0.0009646134384744617,16976.965941394465
88194e6823fffff,0.0,0.0,0.0,1.0,0.0,0.0,0.0,0.0,18.0,0.0,0.0,0.0,389090.34850663325,9027900.095238095,0.0,43.0,18.0,0.0,0.0,0.0,188,0.0,6.0,4.0,0.0,0,nothing,0.0,51.58266769664067,0.005208048901099738,16977.136073172536
88194e6825fffff,0.0,0.0,1.0,8.0,0.0,0.0,0.0,0.0,27.0,0.0,1.0,0.0,1819562.5183822645,3979632.5833333335,0.0,29.0,10.0,0.0,0.0,0.0,198,5.0,27.0,5.0,0.0,0,nothing,0.0,51.59252075462643,-0.011228253487827244,16977.58505095646
88194e6827fffff,0.0,0.0,1.0,12.0,2.0,0.0,0.0,1.0,109.0,0.0,1.0,0.0,277875.12031206075,2687436.4523809524,0.0,23.0,15.0,0.0,0.0,0.0,202,1.0,15.0,8.0,0.0,0,nothing,0.0,51.58476923648421,-0.006982557004195795,16977.755368529066
88194e6829fffff,0.0,0.0,0.0,0.0,0.0,0.0,0.0,0.0,9.0,0.0,0.0,0.0,0.0,18481715.580606725,0.0,6.0,9.0,0.0,0.0,0.0,168,2.0,5.0,2.0,0.0,0,nothing,0.0,51.59606826301216,0.008912815316249923,16976.176584629167
88194e682bfffff,0.0,0.0,0.0,0.0,0.0,0.0,0.0,0.0,2.0,0.0,0.0,0.0,57816.1287487459,4958417.539678363,0.0,2.0,2.0,0.0,0.0,0.0,171,2.0,1.0,4.0,0.0,0,nothing,0.0,51.58831687211099,0.013155299430181401,16976.346768434407
88194e682dfffff,0.0,0.0,1.0,0.0,0.0,1.0,0.0,0.0,7.0,0.0,0.0,0.0,223317.27284404155,3915127.7426767675,0.0,14.0,14.0,0.0,0.0,0.0,181,0.0,5.0,6.0,0.0,0,nothing,0.0,51.598170605795836,-0.0032801320210610603,16976.795571845996
88194e6831fffff,0.0,0.0,0.0,0.0,0.0,0.0,0.0,0.0,5.0,0.0,1.0,0.0,52976.3505818689,11192182.379846938,0.0,47.0,11.0,0.0,0.0,0.0,178,2.0,0.0,8.0,0.0,0,nothing,0.0,51.572812874430625,0.021636340271020644,16976.686422796683
88194e6833fffff,0.0,0.0,0.0,0.0,0.0,1.0,0.0,0.0,3.0,0.0,2.0,0.0,101626.69690704023,5602451.402281746,0.0,6.0,6.0,0.0,0.0,0.0,182,0.0,0.0,5.0,0.0,0,nothing,0.0,51.56506026841937,0.025874898116774393,16976.855893209136
88194e6835fffff,0.0,0.0,2.0,1.0,1.0,0.0,0.0,0.0,14.0,0.0,1.0,0.0,1689364.1994430707,3433675.6750850338,0.0,16.0,8.0,0.0,0.0,0.0,191,1.0,6.0,7.0,0.0,0,nothing,0.0,51.574915633809084,0.009450174926640102,16977.305967107786
88194e6837fffff,1.0,0.0,1.0,16.0,0.0,0.0,1.0,0.0,113.0,0.0,12.0,0.0,1733613.7117226934,3584642.1170776645,1.0,56.0,15.0,0.0,4.0,0.0,195,6.0,39.0,22.0,0.0,1,Taxi,0.0,51.5671631659869,0.013690992074606008,16977.47562312787
88194e6839fffff,0.0,0.0,2.0,16.0,2.0,0.0,0.0,0.0,27.0,0.0,2.0,0.0,217931.78972657042,11784471.465277778,1.0,17.0,15.0,1.0,2.0,0.0,162,3.0,4.0,11.0,0.0,1,Taxi,0.0,51.57846137452439,0.02958271846045155,16975.897292672522
88194e683bfffff,0.0,0.0,0.0,0.0,0.0,1.0,0.0,0.0,6.0,0.0,0.0,0.0,134019.28193967446,3985966.4970238097,0.0,0.0,0.0,0.0,0.0,0.0,165,3.0,3.0,3.0,0.0,0,nothing,0.0,51.57070903508851,0.03382032487714842,16976.066815398353
88194e683dfffff,0.0,0.0,0.0,5.0,0.0,0.0,0.0,0.0,19.0,0.0,0.0,0.0,1343643.3843721552,4925560.576388889,0.0,36.0,11.0,1.0,3.0,0.0,175,3.0,9.0,5.0,0.0,0,nothing,0.0,51.58056507578916,0.01739647422859195,16976.51671451435
88194e6841fffff,0.0,0.0,0.0,1.0,0.0,0.0,0.0,0.0,2.0,0.0,0.0,0.0,29509.126660268103,9407097.125,0.0,0.0,3.0,0.0,0.0,0.0,110,2.0,8.0,2.0,0.0,0,nothing,0.0,51.61090148609394,0.04495460933267259,16973.190253244607
88194e6843fffff,0.0,0.0,0.0,2.0,0.0,0.0,0.0,0.0,9.0,0.0,1.0,0.0,56158.14181930093,15720804.083333334,0.0,7.0,7.0,0.0,0.0,0.0,113,1.0,2.0,3.0,0.0,0,nothing,0.0,51.603150757388526,0.049191974765684404,16973.36040724101
88194e6845fffff,0.0,0.0,0.0,1.0,0.0,0.0,0.0,0.0,0.0,0.0,0.0,0.0,29601.306636338144,2441145.3005952383,0.0,0.0,1.0,0.0,0.0,0.0,121,1.0,0.0,3.0,0.0,0,nothing,0.0,51.613007736319084,0.03276360850780333,16973.808936914887
88194e6847fffff,0.0,0.0,1.0,6.0,2.0,0.0,0.0,0.0,12.0,0.0,3.0,0.0,1753428.5089085207,4364375.093650794,0.0,9.0,13.0,1.0,2.0,0.0,124,0.0,0.0,8.0,0.0,0,nothing,0.0,51.60525714603128,0.03700323590026624,16973.979276404505
88194e6849fffff,0.0,0.0,0.0,0.0,0.0,0.0,0.0,0.0,0.0,0.0,0.0,0.0,195439.60360682738,1018855.8333333334,0.0,0.0,0.0,0.0,0.0,0.0,97,0.0,0.0,0.0,0.0,0,nothing,0.0,51.61654461699468,0.05290701322653367,16972.40130057057
88194e684bfffff,0.0,0.0,0.0,7.0,2.0,0.0,0.0,0.0,24.0,0.0,1.0,0.0,65350.63366419575,5701541.666666667,0.0,0.0,5.0,0.0,0.0,0.0,100,0.0,1.0,3.0,0.0,0,nothing,0.0,51.608794155587496,0.05714342520377556,16972.57150638079
88194e684dfffff,0.0,0.0,0.0,0.0,0.0,0.0,0.0,0.0,1.0,0.0,0.0,0.0,0.0,1379051.3333333333,0.0,0.0,2.0,0.0,0.0,0.0,107,0.0,0.0,2.0,0.0,0,nothing,0.0,51.61865180919539,0.040715935072638064,16973.01986199236
88194e6851fffff,0.0,0.0,0.0,0.0,0.0,0.0,0.0,0.0,7.0,0.0,0.0,0.0,124175.59193705817,186402.5,0.0,17.0,7.0,0.0,0.0,0.0,105,0.0,19.0,6.0,0.0,0,nothing,0.0,51.59329201735811,0.0656123252843968,16972.911206296336
88194e6853fffff,0.0,0.0,0.0,0.0,2.0,0.0,0.0,0.0,5.0,0.0,0.0,0.0,0.0,49902.7,0.0,18.0,5.0,0.0,0.0,0.0,108,0.0,18.0,4.0,0.0,0,nothing,0.0,51.58554034130286,0.06984481450659033,16973.080700257382
88194e6855fffff,0.0,0.0,0.0,1.0,0.0,0.0,0.0,0.0,6.0,0.0,0.0,0.0,153411.98541272053,2218775.333333333,0.0,29.0,3.0,0.0,0.0,0.0,116,0.0,7.0,1.0,1.0,0,nothing,0.0,51.59539962346269,0.05342803193144158,16973.530323909294
88194e6857fffff,0.0,0.0,0.0,0.0,0.0,0.0,0.0,0.0,1.0,0.0,0.0,0.0,542997.9064207459,444402.8333333333,0.0,16.0,3.0,0.0,0.0,0.0,119,0.0,35.0,4.0,0.0,0,nothing,2.0,51.58764808470001,0.057662781389457754,16973.700003177273
88194e6859fffff,0.0,0.0,0.0,0.0,0.0,0.0,0.0,0.0,3.0,0.0,0.0,0.0,0.0,1855249.007936508,0.0,4.0,8.0,0.0,0.0,0.0,93,0.0,3.0,3.0,0.0,0,nothing,0.0,51.59893474120358,0.07356289819782698,16972.12247973948
88194e685bfffff,0.0,0.0,0.0,33.0,5.0,0.0,0.0,1.0,95.0,1.0,8.0,0.0,1018701.6138644096,1781140.5680555555,0.0,51.0,13.0,0.0,0.0,0.0,96,0.0,73.0,11.0,0.0,0,nothing,0.0,51.59118333246678,0.07779443388755787,16972.292025799816
88194e685dfffff,0.0,0.0,0.0,0.0,0.0,0.0,0.0,0.0,2.0,0.0,0.0,0.0,0.0,937071.6666666666,0.0,1.0,3.0,0.0,0.0,0.0,103,0.0,9.0,0.0,0.0,0,nothing,0.0,51.60104328891416,0.06137852903656084,16972.7414749801
88194e6861fffff,0.0,0.0,0.0,0.0,0.0,0.0,0.0,0.0,5.0,0.0,1.0,0.0,0.0,3341158.673611111,0.0,0.0,2.0,0.0,0.0,0.0,148,0.0,2.0,1.0,0.0,0,nothing,0.0,51.609466681440715,0.012619206450935679,16975.216824968167
88194e6863fffff,0.0,0.0,0.0,4.0,1.0,2.0,1.0,0.0,3.0,0.0,2.0,0.0,236774.83770614333,10942729.24,0.0,14.0,11.0,0.0,0.0,0.0,151,1.0,1.0,5.0,0.0,0,nothing,0.0,51.601715963103416,0.01686204852398145,16975.387298269772
88194e6865fffff,0.0,0.0,1.0,1.0,1.0,0.0,0.0,0.0,26.0,0.0,5.0,0.0,952847.0161255512,1018543.3,0.0,13.0,12.0,1.0,0.0,0.0,160,0.0,1.0,6.0,0.0,0,nothing,0.0,51.611569827016844,0.0004239169020171269,16975.835504132534
88194e6867fffff,0.0,0.0,0.0,0.0,0.0,0.0,0.0,0.0,8.0,0.0,3.0,0.0,129117.404996227,2987705.544431818,0.0,5.0,4.0,0.0,0.0,0.0,164,0.0,4.0,5.0,0.0,0,nothing,0.0,51.603819248108735,0.004669021326908566,16976.006163171052
88194e6869fffff,0.0,0.0,1.0,3.0,0.0,0.0,0.0,0.0,0.0,0.0,1.0,0.0,370172.5398974738,4231206.513888889,0.0,1.0,4.0,0.0,0.0,0.0,132,0.0,2.0,3.0,0.0,0,nothing,0.0,51.61511290566751,0.02057042324572801,16974.427557273837
88194e686bfffff,0.0,0.0,0.0,6.0,0.0,7.0,0.0,0.0,3.0,0.0,0.0,0.0,307447.2031769037,6587123.49702381,0.0,19.0,10.0,0.0,0.0,0.0,136,0.0,0.0,7.0,0.0,0,nothing,0.0,51.60736245424712,0.024812312956354516,16974.598082352844
88194e686dfffff,0.0,0.0,2.0,0.0,0.0,0.0,0.0,0.0,7.0,0.0,5.0,0.0,0.0,857109.6000000001,0.0,21.0,8.0,0.0,0.0,0.0,144,1.0,2.0,5.0,0.0,0,nothing,0.0,51.61721699354379,0.008375054064011943,16975.04611420359
88194e6881fffff,0.0,0.0,1.0,11.0,0.0,0.0,0.0,0.0,41.0,0.0,1.0,0.0,624695.4894921319,13379200.813257575,3.0,69.0,3.0,0.0,0.0,2405.247813411079,167,0.0,4.0,5.0,0.0,1,Public use,0.0,51.53759017218834,0.06293045406033843,16976.12211558242
88194e6883fffff,0.0,0.0,0.0,0.0,1.0,0.0,0.0,0.0,32.0,0.0,0.0,0.0,385795.7755266681,14701348.865440113,2.0,33.0,13.0,0.0,0.0,1603.4985422740524,170,0.0,1.0,3.0,0.0,1,Public use,0.0,51.52983567907713,0.06715927261780556,16976.290263233142
88194e6885fffff,0.0,0.0,0.0,11.0,0.0,0.0,0.0,0.0,64.0,0.0,7.0,0.0,185941.19178554506,1598727.481060606,0.0,45.0,17.0,1.0,3.0,0.0,179,0.0,1.0,10.0,0.0,0,nothing,0.0,51.539695638035035,0.0507576809726318,16976.742527335777
88194e6887fffff,0.0,0.0,0.0,43.0,7.0,0.0,0.0,0.0,143.0,0.0,12.0,0.0,294692.05986261385,7579013.364087301,0.0,68.0,20.0,0.0,0.0,384.8396501457726,183,1.0,27.0,9.0,0.0,0,nothing,1.0,51.5319412808641,0.054988755395356005,16976.910860218788
88194e6889fffff,0.0,0.0,0.0,0.0,0.0,0.0,0.0,0.0,12.0,0.0,1.0,0.0,276522.67181192327,13846359.76111111,1.0,6.0,3.0,0.0,0.0,801.7492711370262,150,0.0,3.0,1.0,1.0,1,Public use,0.0,51.54323785586207,0.0708731798391686,16975.333440827588
88194e688bfffff,0.0,0.0,0.0,8.0,1.0,0.0,5.0,4.0,48.0,0.0,7.0,0.0,2955479.771162839,11807064.291161615,1.0,97.0,12.0,0.0,0.0,897.9591836734694,154,5.0,60.0,6.0,0.0,1,Public use,0.0,51.53548362936377,0.07510104681232646,16975.501641363495
88194e688dfffff,0.0,0.0,0.0,4.0,0.0,0.0,0.0,0.0,15.0,0.0,0.0,0.0,218997.6679623318,4882683.310606061,0.0,24.0,8.0,0.0,0.0,0.0,163,1.0,2.0,7.0,0.0,0,nothing,1.0,51.545344262857924,0.058700330900503014,16975.95372986501
88194e6891fffff,0.0,0.0,0.0,1.0,0.0,0.0,0.0,0.0,21.0,0.0,0.0,0.0,2054524.0750734298,2189629.275,8.0,5.0,0.0,0.0,0.0,4641.399416909621,161,0.0,39.0,0.0,0.0,1,Public use,0.0,51.51997397043791,0.0835528695490264,16975.837328301
88194e6893fffff,0.0,0.0,0.0,0.0,0.0,0.0,0.0,0.0,12.0,0.0,0.0,0.0,48554.13881497816,0.0,0.0,4.0,2.0,0.0,0.0,0.0,164,0.0,4.0,0.0,0.0,0,nothing,0.0,51.512218538778185,0.08777682642655457,16976.00481455949
88194e6895fffff,0.0,0.0,0.0,3.0,0.0,0.0,0.0,0.0,23.0,0.0,1.0,0.0,11005352.083392344,23783689.91524701,10.0,46.0,7.0,0.0,0.0,3475.218658892128,174,14.0,14.0,1.0,0.0,1,Public use,0.0,51.52208078390824,0.07138678713029982,16976.458172745482
88194e6897fffff,0.0,0.0,0.0,1.0,0.0,0.0,0.0,0.0,11.0,0.0,1.0,0.0,11330220.313065613,5456053.79,3.0,56.0,5.0,0.0,0.0,3498.542274052478,177,3.0,44.0,1.0,0.0,1,Public use,0.0,51.514325487065676,0.07561299815490172,16976.625844047845
88194e6899fffff,0.0,0.0,0.0,0.0,0.0,0.0,0.0,0.0,10.0,0.0,0.0,0.0,13233.931967736244,9414594.204545455,3.0,43.0,8.0,0.0,0.0,2405.247813411079,145,2.0,0.0,2.0,0.0,1,Public use,0.0,51.52562124651013,0.09149376661988748,16975.04888227249
88194e689bfffff,0.0,0.0,0.0,0.0,0.0,0.0,0.0,0.0,8.0,0.0,0.0,0.0,299349.00432074175,0.0,10.0,24.0,4.0,0.0,0.0,6609.32944606414,148,0.0,8.0,1.0,0.0,1,Public use,0.0,51.517866081481294,0.09571677183823611,16975.216421701753
88194e689dfffff,0.0,0.0,0.0,1.0,0.0,0.0,0.0,0.0,10.0,0.0,0.0,0.0,1922750.3365537536,23438862.137626264,4.0,38.0,6.0,0.0,0.0,4008.746355685131,157,1.0,6.0,0.0,0.0,1,Public use,0.0,51.52772900076107,0.07932760986322995,16975.6696038785
88194e68a1fffff,0.0,0.0,0.0,22.0,2.0,0.0,0.0,0.0,69.0,0.0,9.0,0.0,2869720.8710599407,891217.7908369408,0.0,20.0,13.0,1.0,0.0,0.0,210,0.0,3.0,7.0,1.0,0,nothing,0.0,51.53614925247438,0.03064118307110313,16978.15186661222
88194e68a3fffff,0.0,0.0,0.0,9.0,0.0,0.0,0.0,0.0,67.0,0.0,1.0,0.0,222015.77849531927,1224021.1948412696,0.0,24.0,13.0,0.0,0.0,0.0,214,3.0,3.0,10.0,0.0,0,nothing,0.0,51.5283947654611,0.03487546421392393,16978.32033197392
88194e68a5fffff,0.0,0.0,0.0,2.0,0.0,1.0,0.0,0.0,21.0,0.0,1.0,0.0,160712.82799319777,3639364.822420635,0.0,10.0,12.0,0.0,0.0,0.0,225,7.0,81.0,3.0,0.0,0,nothing,0.0,51.53825162110954,0.018464128997624035,16978.77227578434
88194e68a7fffff,0.0,0.0,0.0,9.0,3.0,0.0,0.0,0.0,65.0,0.0,3.0,0.0,536590.7527664388,3431927.136785714,0.0,35.0,18.0,1.0,3.0,0.0,229,61.0,9.0,7.0,2.0,0,nothing,1.0,51.53049727104611,0.022700666398885246,16978.940926622505
88194e68a9fffff,0.0,0.0,3.0,3.0,3.0,0.0,0.0,0.0,29.0,0.0,2.0,0.0,100249.03865305484,1872891.1818181816,0.0,68.0,14.0,0.0,0.0,0.0,193,0.0,1.0,6.0,0.0,0,nothing,0.0,51.54180002630958,0.0385827280624527,16977.362876505827
88194e68abfffff,0.0,0.0,0.0,13.0,0.0,0.0,1.0,0.0,86.0,0.0,3.0,0.0,299929.6539769064,3311304.201136363,0.0,25.0,8.0,0.0,0.0,0.0,196,1.0,1.0,8.0,0.0,0,nothing,1.0,51.53404580552788,0.042816058708567604,16977.53139471775
88194e68adfffff,0.0,0.0,0.0,9.0,2.0,0.0,0.0,1.0,55.0,0.0,6.0,0.0,495325.9709093619,2025070.4583333333,0.0,50.0,16.0,0.0,0.0,0.0,206,3.0,1.0,8.0,0.0,0,nothing,0.0,51.54390333641779,0.0264055958439855,16977.983162974764
88194e68b1fffff,0.0,0.0,0.0,0.0,0.0,0.0,0.0,1.0,31.0,0.0,0.0,0.0,497623.48908262985,14420208.896568628,0.0,38.0,6.0,0.0,0.0,0.0,204,4.0,18.0,4.0,0.0,0,nothing,1.0,51.51853615615157,0.051278804344607166,16977.867716379784
88194e68b3fffff,0.0,0.0,0.0,3.0,4.0,0.0,0.0,0.0,21.0,0.0,1.0,0.0,3968918.050837436,4440940.73125,2.0,13.0,8.0,1.0,0.0,2332.3615160349855,208,1.0,36.0,4.0,0.0,1,Public use,1.0,51.5107807283253,0.05550822044937985,16978.03551968639
88194e68b5fffff,1.0,0.0,0.0,1.0,2.0,0.0,0.0,0.0,38.0,0.0,0.0,0.0,2842450.840416447,11475000.897222223,0.0,40.0,10.0,0.0,0.0,0.0,218,0.0,26.0,1.0,0.0,0,nothing,0.0,51.5206398757622,0.03910843983024084,16978.488558987967
88194e68b7fffff,0.0,0.0,0.0,1.0,0.0,0.0,0.0,0.0,35.0,0.0,0.0,0.0,666064.3274906579,2145480.902777778,3.0,35.0,11.0,0.0,0.0,3498.542274052478,222,0.0,12.0,3.0,0.0,1,Public use,0.0,51.512884583761924,0.04334011047757014,16978.656547582552
88194e68b9fffff,0.0,0.0,0.0,13.0,2.0,0.0,0.0,0.0,91.0,0.0,4.0,0.0,25051.03728091636,14641597.189801374,1.0,38.0,17.0,0.0,0.0,962.0991253644315,187,1.0,30.0,10.0,1.0,1,Public use,0.0,51.52418652129822,0.05921852509326376,16977.078954917597
88194e68bbfffff,0.0,0.0,0.0,0.0,0.0,0.0,0.0,0.0,30.0,0.0,1.0,0.0,7812943.867498846,11499104.247286415,3.0,55.0,10.0,1.0,0.0,1935.8600583090379,190,1.0,3.0,5.0,0.0,1,Public use,0.0,51.516431359721444,0.06344699062369322,16977.2468113605
88194e68bdfffff,0.0,0.0,0.0,0.0,0.0,0.0,1.0,0.0,12.0,0.0,0.0,0.0,0.0,5870750.805555556,0.0,56.0,2.0,0.0,0.0,0.0,200,0.0,13.0,5.0,0.0,0,nothing,0.0,51.52629118201382,0.047048083950092474,16977.69967469967
88194e68c1fffff,0.0,0.0,1.0,34.0,7.0,0.0,1.0,3.0,117.0,0.0,15.0,0.0,2858003.313528694,10283192.905929953,0.0,60.0,20.0,0.0,0.0,0.0,132,5.0,8.0,21.0,0.0,0,nothing,0.0,51.55663788895323,0.07458871332402933,16974.376344805027
88194e68c3fffff,0.0,0.0,0.0,9.0,1.0,0.0,0.0,0.0,24.0,0.0,0.0,0.0,0.0,2080946.4632246376,0.0,10.0,9.0,0.0,0.0,0.0,135,2.0,9.0,6.0,0.0,0,nothing,0.0,51.548884331760895,0.07881693262576553,16974.544835991295
88194e68c5fffff,0.0,0.0,0.0,0.0,1.0,0.0,0.0,0.0,19.0,0.0,0.0,0.0,675577.1141359461,12148132.665398551,5.0,24.0,4.0,1.0,0.0,4008.746355685131,144,1.0,0.0,5.0,1.0,1,Public use,0.0,51.55874510101,0.06241353189604073,16974.996325979835
88194e68c7fffff,0.0,0.0,0.0,0.0,0.0,0.0,0.0,0.0,4.0,0.0,0.0,0.0,22313.00730573266,20400191.192596618,2.0,8.0,1.0,0.0,0.0,1603.4985422740524,147,0.0,1.0,3.0,0.0,1,Public use,0.0,51.55099167987209,0.0666440083863133,16975.16500234245
88194e68c9fffff,0.0,0.0,0.0,8.0,0.0,0.0,0.0,1.0,42.0,0.0,4.0,0.0,430561.7773821887,5699693.777777778,0.0,38.0,16.0,0.0,0.0,0.0,117,4.0,1.0,9.0,1.0,0,nothing,0.0,51.56228288997724,0.0825344456074651,16973.587757289617
88194e68cbfffff,0.0,0.0,0.0,2.0,0.0,0.0,0.0,0.0,4.0,0.0,0.0,0.0,0.0,2025918.7847222222,0.0,1.0,9.0,0.0,0.0,0.0,120,1.0,0.0,5.0,0.0,0,nothing,0.0,51.5545295997607,0.08676171231387955,16973.756301110483
88194e68cdfffff,0.0,0.0,0.0,20.0,2.0,1.0,2.0,0.0,63.0,0.0,4.0,0.0,1004283.808340249,1161141.2291666667,0.0,27.0,10.0,0.0,0.0,0.0,128,3.0,56.0,10.0,0.0,0,nothing,0.0,51.56439104322701,0.07035918910774071,16974.207615858635
88194e68d1fffff,0.0,0.0,0.0,11.0,3.0,0.0,0.0,0.0,35.0,0.0,0.0,0.0,789428.3160392485,1128250.0073412699,0.0,22.0,8.0,1.0,1.0,0.0,126,3.0,7.0,9.0,0.0,0,nothing,0.0,51.53902181196741,0.09521233358331044,16974.092675537006
88194e68d3fffff,0.0,0.0,0.0,3.0,0.0,0.0,0.0,1.0,20.0,0.0,1.0,0.0,107376.95498143986,2118998.472222222,0.0,18.0,7.0,0.0,0.0,192.4198250728863,129,1.0,7.0,4.0,0.0,0,nothing,0.0,51.53126731515805,0.09943568926111448,16974.260505999446
88194e68d5fffff,0.0,0.0,0.0,8.0,2.0,0.0,0.0,1.0,41.0,0.0,5.0,0.0,2274275.563335693,2587962.583174603,0.0,47.0,14.0,1.0,0.0,0.0,138,3.0,6.0,23.0,0.0,0,nothing,0.0,51.54113037203374,0.0830438475707009,16974.71308934572
88194e68d7fffff,0.0,0.0,0.0,3.0,2.0,0.0,0.0,0.0,31.0,0.0,3.0,0.0,516652.24437436153,7464318.432467532,0.0,40.0,10.0,0.0,0.0,0.0,142,2.0,3.0,6.0,1.0,0,nothing,0.0,51.53337601015555,0.08726945871634532,16974.88110479665
88194e68d9fffff,0.0,0.0,0.0,0.0,0.0,0.0,0.0,1.0,0.0,0.0,0.0,0.0,72052.74190389924,247870.59523809524,0.0,5.0,2.0,0.0,0.0,0.0,112,0.0,3.0,3.0,0.0,0,nothing,2.0,51.54466640607257,0.10315623435762761,16973.304316136582
88194e68dbfffff,0.0,0.0,0.0,4.0,1.0,0.0,0.0,0.0,16.0,0.0,0.0,0.0,46678.712532053,313927.0,0.0,29.0,13.0,0.0,0.0,0.0,115,1.0,5.0,4.0,0.0,0,nothing,0.0,51.536912176257545,0.10737863736616202,16973.472199518943
88194e68ddfffff,0.0,0.0,0.0,4.0,1.0,0.0,2.0,0.0,18.0,0.0,1.0,0.0,603197.1909206997,3650684.8571428573,0.0,39.0,17.0,0.0,0.0,0.0,123,3.0,5.0,3.0,0.0,0,nothing,0.0,51.54677590696286,0.09098767478665061,16973.92460721683
88194e68e1fffff,1.0,0.0,0.0,2.0,0.0,0.0,0.0,0.0,8.0,0.0,1.0,0.0,161066.40786173064,3714720.0902777775,0.0,12.0,8.0,1.0,0.0,0.0,173,0.0,2.0,5.0,0.0,0,nothing,0.0,51.55520314365583,0.04229161572205521,16976.405147304307
88194e68e3fffff,0.0,0.0,2.0,11.0,1.0,0.0,0.0,1.0,34.0,0.0,1.0,0.0,385760.44703650003,5229838.963383839,0.0,56.0,12.0,1.0,0.0,0.0,176,4.0,2.0,9.0,0.0,0,nothing,0.0,51.54744959242696,0.04652530126749857,16976.573956340322
88194e68e5fffff,0.0,0.0,0.0,0.0,0.0,0.0,0.0,0.0,4.0,0.0,0.0,0.0,318976.3385236696,2871509.7509920634,0.0,7.0,0.0,0.0,0.0,0.0,185,2.0,1.0,1.0,0.0,0,nothing,0.0,51.55730725813942,0.030112148324835677,16977.02512567953
88194e68e7fffff,0.0,0.0,2.0,0.0,1.0,0.0,0.0,0.0,27.0,0.0,2.0,0.0,126657.25329957888,2086574.0583333333,0.0,64.0,9.0,0.0,0.0,0.0,189,0.0,5.0,11.0,0.0,0,nothing,1.0,51.5495538439748,0.034348091453923,16977.19412013577
88194e68e9fffff,0.0,0.0,0.0,0.0,0.0,0.0,0.0,0.0,0.0,0.0,1.0,0.0,0.0,1215217.8958333333,2.0,0.0,0.0,0.0,0.0,1603.4985422740524,156,0.0,0.0,0.0,0.0,1,Public use,0.0,51.560851235336365,0.05023616854278773,16975.616244517278
88194e68ebfffff,0.0,0.0,0.0,4.0,1.0,0.0,0.0,0.0,27.0,0.0,2.0,0.0,102786.68864777884,6975550.09375,0.0,38.0,8.0,0.0,0.0,0.0,160,1.0,0.0,3.0,0.0,0,nothing,0.0,51.553097950701904,0.054468902580646315,16975.785106152685
88194e68edfffff,0.0,0.0,0.0,4.0,1.0,0.0,0.0,0.0,12.0,0.0,4.0,0.0,538928.2696257043,3227269.261904762,0.0,8.0,9.0,0.0,0.0,0.0,169,2.0,12.0,5.0,0.0,0,nothing,0.0,51.56295629133767,0.038056623778088945,16976.236100299648
88194e6901fffff,0.0,0.0,0.0,0.0,0.0,2.0,0.0,1.0,26.0,0.0,1.0,0.0,3529331.328365515,9289322.333333334,1.0,30.0,6.0,1.0,0.0,2373.1778425655975,237,4.0,24.0,6.0,0.0,1,Public use,0.0,51.606569151904665,-0.052073729079835006,16979.270884587255
88194e6903fffff,0.0,0.0,0.0,2.0,2.0,0.0,0.0,0.0,40.0,0.0,0.0,0.0,400657.49057434284,1272005.2916666665,2.0,20.0,3.0,0.0,0.0,2405.247813411079,241,3.0,30.0,1.0,0.0,1,Public use,0.0,51.59881846151847,-0.04781993467605646,16979.441998072554
88194e6905fffff,0.0,0.0,0.0,4.0,3.0,0.0,0.0,0.0,66.0,0.0,6.0,0.0,925220.8517642514,4364031.140873016,0.0,46.0,10.0,0.0,0.0,0.0,251,1.0,1.0,9.0,0.0,0,nothing,2.0,51.60866607920116,-0.06427757766533035,16979.889553149795
88194e6907fffff,0.0,0.0,1.0,4.0,1.0,1.0,0.0,0.0,37.0,0.0,2.0,0.0,34927.942850206804,818545.1200396826,0.0,44.0,10.0,1.0,0.0,0.0,255,1.0,22.0,10.0,4.0,0,nothing,2.0,51.60091553026861,-0.06002152013768055,16980.06085286039
88194e6909fffff,0.0,1.0,0.0,1.0,1.0,0.0,0.0,0.0,29.0,0.0,3.0,0.0,7771191.98079075,22625070.451388888,2.0,34.0,6.0,0.0,0.0,801.7492711370262,218,2.0,6.0,2.0,0.0,1,Public use,0.0,51.61222156455292,-0.04412490393627678,16978.48098686811
88194e690bfffff,0.0,0.0,0.0,0.0,0.0,0.0,0.0,0.0,13.0,0.0,0.0,0.0,206180.21820931998,3214607.875,9.0,1.0,6.0,0.0,0.0,8017.492711370262,222,1.0,10.0,0.0,0.0,1,Public use,0.0,51.60447114032108,-0.03987205970035703,16978.65215205727
88194e690dfffff,0.0,0.0,0.0,0.0,0.0,0.0,0.0,0.0,10.0,0.0,0.0,0.0,11518.891756375653,13875042.410714285,0.0,17.0,7.0,0.0,0.0,0.0,232,0.0,0.0,5.0,0.0,0,nothing,0.0,51.614319434794695,-0.05632883676639619,16979.099533224406
88194e6911fffff,0.0,0.0,0.0,2.0,1.0,0.0,0.0,0.0,35.0,1.0,2.0,0.0,272290.9758260218,858884.5391071428,0.0,21.0,19.0,0.0,0.0,0.0,230,0.0,1.0,8.0,0.0,0,nothing,0.0,51.588969070768705,-0.03137030847202933,16978.993768864722
88194e6913fffff,0.0,0.0,0.0,22.0,1.0,0.0,0.0,0.0,110.0,0.0,18.0,0.0,976771.0612816281,828566.5375000001,0.0,50.0,16.0,2.0,0.0,192.4198250728863,235,3.0,27.0,18.0,0.0,0,nothing,1.0,51.581217426216654,-0.027121400358291373,16979.164220337527
88194e6915fffff,0.0,0.0,0.0,12.0,0.0,6.0,0.0,0.0,32.0,0.0,2.0,0.0,462726.8631416078,960722.1743055555,0.0,19.0,8.0,0.0,0.0,384.8396501457726,245,8.0,13.0,3.0,2.0,0,nothing,1.0,51.591067364020404,-0.04356745299404887,16979.61287360744
88194e6917fffff,0.0,0.0,1.0,4.0,0.0,1.0,0.0,0.0,55.0,0.0,1.0,0.0,367195.7050718899,1336976.254861111,0.0,27.0,12.0,1.0,0.0,0.0,249,1.0,6.0,4.0,0.0,0,nothing,0.0,51.583315859794794,-0.039316283473077265,16979.7835111191
88194e6919fffff,0.0,0.0,0.0,3.0,1.0,0.0,1.0,0.0,45.0,0.0,1.0,0.0,56394.211882490534,3535491.1166666667,0.0,16.0,6.0,0.0,0.0,0.0,212,1.0,88.0,6.0,0.0,0,nothing,0.0,51.59462107310268,-0.023423300829377304,16978.204097002283
88194e691bfffff,1.0,0.0,1.0,16.0,1.0,0.0,0.0,2.0,112.0,0.0,14.0,0.0,110403.48639054576,3311407.4,0.0,48.0,21.0,1.0,0.0,0.0,216,1.0,27.0,19.0,0.0,0,nothing,0.0,51.58686969472511,-0.019175342968495292,16978.37460046585
88194e691dfffff,0.0,0.0,1.0,1.0,0.0,0.0,0.0,0.0,29.0,0.0,1.0,0.0,98213.10759065134,496629.1111111111,0.0,22.0,25.0,0.0,0.0,0.0,226,0.0,22.0,4.0,0.0,0,nothing,0.0,51.59672030893161,-0.03562052806586242,16978.823079413738
88194e6921fffff,0.0,0.0,0.0,1.0,1.0,0.0,0.0,0.0,14.0,0.0,1.0,0.0,32758.044960660103,6700803.121527777,2.0,46.0,14.0,0.0,0.0,0.0,287,2.0,4.0,8.0,0.0,1,Taxi,0.0,51.605106413880215,-0.08443122552127844,16981.298370349272
88194e6923fffff,0.0,0.0,0.0,2.0,1.0,0.0,1.0,0.0,25.0,0.0,1.0,0.0,324454.2106598959,5002283.679861111,0.0,54.0,18.0,0.0,0.0,0.0,292,1.0,27.0,9.0,0.0,0,nothing,1.0,51.597355741078616,-0.08017195544906495,16981.4698047149
88194e6925fffff,0.0,0.0,0.0,0.0,0.0,0.0,0.0,0.0,24.0,0.0,0.0,0.0,1328161.1673598418,2148457.4166666665,0.0,33.0,4.0,0.0,0.0,0.0,304,0.0,14.0,3.0,0.0,0,nothing,0.0,51.60720022755254,-0.096639344393895,16981.9170328132
88194e6927fffff,1.0,0.0,0.0,2.0,1.0,0.0,0.0,0.0,20.0,1.0,1.0,0.0,44517.92632008739,6014928.119722222,0.0,47.0,16.0,0.0,0.0,0.0,309,0.0,16.0,6.0,0.0,0,nothing,0.0,51.599449697217466,-0.09237781081813475,16982.088653648847
88194e6929fffff,0.0,1.0,0.0,5.0,3.0,0.0,0.0,1.0,12.0,0.0,3.0,0.0,1596285.269303417,13442767.0625,0.0,26.0,13.0,0.0,0.0,0.0,267,1.0,0.0,4.0,0.0,0,nothing,0.0,51.61076192161581,-0.07648360493308203,16980.508157626427
88194e692bfffff,1.0,0.0,0.0,14.0,3.0,0.0,0.0,1.0,61.0,0.0,1.0,0.0,188738.7315774294,4258706.135813492,0.0,28.0,11.0,1.0,0.0,0.0,271,0.0,57.0,5.0,0.0,0,nothing,0.0,51.6030115145874,-0.07222528392748255,16980.6796436588
88194e692dfffff,0.0,0.0,0.0,5.0,0.0,0.0,0.0,0.0,15.0,0.0,0.0,0.0,0.0,11608347.875,0.0,26.0,15.0,0.0,0.0,0.0,283,0.0,10.0,4.0,0.0,0,nothing,0.0,51.612856678553925,-0.08869181035835896,16981.126697898624
88194e6931fffff,1.0,0.0,0.0,16.0,2.0,0.0,0.0,0.0,50.0,0.0,2.0,0.0,2373823.4017662467,6721343.196906566,0.0,76.0,25.0,1.0,0.0,0.0,280,2.0,55.0,4.0,2.0,0,nothing,0.0,51.5875094775477,-0.06371258360670383,16981.021901529984
88194e6933fffff,0.0,0.0,0.0,0.0,0.0,0.0,0.0,0.0,21.0,0.0,0.0,0.0,12216.866521992924,1067502.875,1.0,0.0,3.0,0.0,0.0,801.7492711370262,285,0.0,49.0,0.0,0.0,1,Public use,0.0,51.5797578483054,-0.05945820316942169,16981.192673222915
88194e6935fffff,1.0,0.0,0.0,12.0,2.0,0.0,0.0,1.0,34.0,0.0,0.0,0.0,166343.75867141178,4879944.224936869,0.0,50.0,8.0,0.0,0.0,0.0,297,0.0,1.0,7.0,1.0,0,nothing,0.0,51.58960466053369,-0.07591399958026156,16981.64100092244
88194e6937fffff,1.0,0.0,0.0,24.0,1.0,0.0,0.0,1.0,123.0,0.0,5.0,0.0,739845.6023247399,8658921.90858586,0.0,36.0,21.0,2.0,5.0,0.0,302,0.0,21.0,11.0,0.0,0,nothing,0.0,51.58185317262999,-0.071657357353723,16981.811958898896
88194e6939fffff,0.0,0.0,1.0,4.0,0.0,0.0,0.0,0.0,24.0,0.0,1.0,0.0,118864.28775370635,1078138.4943181819,3.0,19.0,7.0,0.0,0.0,2405.247813411079,260,2.0,49.0,3.0,1.0,1,Public use,0.0,51.59316457388562,-0.055766776012869786,16980.23191457566
88194e693bfffff,0.0,0.0,0.0,1.0,0.0,0.0,0.0,0.0,28.0,0.0,0.0,0.0,196345.17319555758,5410964.263888889,2.0,8.0,3.0,0.0,0.0,2405.247813411079,265,4.0,22.0,1.0,0.0,1,Public use,0.0,51.58541321043661,-0.05151334472993409,16980.402738222718
88194e693dfffff,1.0,0.0,0.0,21.0,6.0,0.0,3.0,1.0,75.0,0.0,9.0,0.0,407322.71825531125,6303169.312049062,0.0,39.0,27.0,1.0,0.0,0.0,276,0.0,11.0,18.0,0.0,0,nothing,0.0,51.59526069976985,-0.06796827700576474,16980.850891650985
88194e6941fffff,0.0,0.0,0.0,0.0,0.0,0.0,0.0,0.0,2.0,0.0,0.0,0.0,999629.1020587789,663955.7407407408,2.0,8.0,4.0,0.0,0.0,1603.4985422740524,196,0.0,4.0,0.0,0.0,1,Public use,0.0,51.62562251842095,-0.04042825147434806,16977.519705270348
88194e6943fffff,0.0,0.0,0.0,0.0,0.0,0.0,0.0,0.0,0.0,0.0,0.0,0.0,828561.5794682947,7625798.604166667,5.0,26.0,0.0,0.0,0.0,4810.495626822158,200,0.0,0.0,0.0,0.0,1,Public use,0.0,51.61787276808844,-0.03617504481118176,16977.69115973945
88194e6945fffff,0.0,0.0,0.0,4.0,1.0,0.0,0.0,0.0,16.0,0.0,1.0,0.0,336622.658827108,605351.4285714285,0.0,16.0,24.0,0.0,0.0,0.0,210,1.0,1.0,2.0,0.0,0,nothing,0.0,51.627721190006916,-0.05263453245695361,16978.137943283196
88194e6947fffff,0.0,0.0,0.0,0.0,0.0,0.0,0.0,0.0,3.0,0.0,0.0,0.0,69642.97944270998,6167264.63558201,0.0,13.0,9.0,0.0,0.0,0.0,214,0.0,1.0,1.0,0.0,0,nothing,0.0,51.619971581242915,-0.048379061334681034,16978.30958391911
88194e6949fffff,0.0,0.0,0.0,0.0,0.0,0.0,0.0,1.0,8.0,0.0,0.0,0.0,1933956.7434525625,0.0,6.0,0.0,2.0,0.0,0.0,5612.244897959184,179,0.0,0.0,0.0,0.0,1,Public use,0.0,51.63127224620408,-0.03247640728971309,16976.729897314497
88194e694bfffff,0.0,0.0,0.0,0.0,0.0,0.0,0.0,0.0,1.0,0.0,0.0,0.0,17709.997350080823,1818677.1472222223,2.0,0.0,4.0,0.0,0.0,1603.4985422740524,183,0.0,2.0,2.0,0.0,1,Public use,0.0,51.62352276238645,-0.028224151808977086,16976.90140323772
88194e694dfffff,0.0,0.0,0.0,0.0,0.0,0.0,0.0,0.0,2.0,0.0,0.0,0.0,1398492.4849794558,1277895.5,0.0,2.0,4.0,0.0,0.0,0.0,192,0.0,0.0,4.0,0.0,0,nothing,3.0,51.633371860782,-0.04468277174089373,16977.348013231946
88194e6951fffff,0.0,0.0,3.0,1.0,1.0,0.0,0.0,0.0,15.0,0.0,3.0,0.0,5879696.383965908,13037971.694444446,0.0,13.0,9.0,0.0,0.0,0.0,190,2.0,3.0,7.0,1.0,0,nothing,0.0,51.60802257223632,-0.019723579049992262,16977.24370243745
88194e6953fffff,0.0,0.0,0.0,0.0,0.0,0.0,0.0,0.0,30.0,0.0,2.0,0.0,4976442.866649366,1207085.2500000002,2.0,18.0,13.0,0.0,0.0,1603.4985422740524,194,2.0,12.0,2.0,0.0,1,Public use,0.0,51.60027186667181,-0.015475260649650114,16977.41449556839
88194e6955fffff,0.0,0.0,0.0,1.0,0.0,0.0,0.0,0.0,12.0,0.0,0.0,0.0,7024354.901609689,21257793.5,4.0,13.0,5.0,0.0,0.0,3206.997084548105,204,2.0,1.0,2.0,0.0,1,Public use,0.0,51.610122610168474,-0.03192315119002055,16977.862376566354
88194e6957fffff,0.0,0.0,0.0,2.0,0.0,0.0,0.0,1.0,53.0,0.0,0.0,0.0,597984.7537467922,17079526.208333336,4.0,11.0,10.0,0.0,0.0,3206.997084548105,208,1.0,23.0,3.0,0.0,1,Public use,0.0,51.60237204504519,-0.027672570049700102,16978.03335567822
88194e6959fffff,0.0,0.0,0.0,0.0,0.0,0.0,0.0,0.0,10.0,0.0,0.0,0.0,64364.454049405525,860290.306388889,0.0,4.0,8.0,0.0,0.0,0.0,173,1.0,19.0,3.0,0.0,0,nothing,0.0,51.61367189038028,-0.01177355517142049,16976.45411972795
88194e695bfffff,0.0,0.0,0.0,2.0,0.0,0.0,0.0,0.0,15.0,0.0,2.0,0.0,1619369.79515159,1394479.713888889,0.0,3.0,4.0,0.0,0.0,0.0,177,0.0,6.0,4.0,0.0,0,nothing,0.0,51.60592145135139,-0.007526188037548438,16976.624964599636
88194e695dfffff,0.0,0.0,0.0,1.0,0.0,0.0,0.0,0.0,12.0,0.0,1.0,0.0,388996.0104218087,3841555.7333333334,0.0,16.0,14.0,0.0,0.0,0.0,186,1.0,0.0,5.0,0.0,0,nothing,0.0,51.61577287093586,-0.02397320924946144,16977.072671636317
88194e6961fffff,0.0,0.0,0.0,0.0,0.0,1.0,0.0,0.0,3.0,0.0,0.0,0.0,7110.395182064997,1484181.2272727273,0.0,9.0,8.0,0.0,0.0,0.0,244,0.0,2.0,4.0,1.0,0,nothing,0.0,51.624165953177474,-0.07279363517449777,16979.54624003455
88194e6963fffff,0.0,0.0,0.0,8.0,2.0,0.0,1.0,1.0,43.0,0.0,2.0,0.0,898545.5913639902,7684243.285714285,0.0,50.0,15.0,1.0,0.0,0.0,247,3.0,60.0,9.0,1.0,0,nothing,0.0,51.61641622029888,-0.06853494915708529,16979.71801551683
88194e6965fffff,0.0,0.0,0.0,0.0,0.0,0.0,0.0,0.0,3.0,0.0,0.0,0.0,0.0,57830.0,0.0,8.0,7.0,0.0,0.0,0.0,258,0.0,0.0,1.0,0.0,0,nothing,0.0,51.62626151076757,-0.08500419144214819,16980.164471733417
88194e6967fffff,0.0,0.0,0.0,3.0,3.0,0.0,0.0,0.0,14.0,0.0,1.0,0.0,175022.51133795877,13948008.611111112,0.0,17.0,11.0,0.0,0.0,0.0,263,0.0,23.0,4.0,0.0,0,nothing,0.0,51.61851192047067,-0.08074324058405193,16980.336433626922
88194e6969fffff,0.0,0.0,0.0,1.0,0.0,0.0,0.0,0.0,6.0,0.0,1.0,0.0,13283.436545292132,1926708.4090909092,0.0,5.0,12.0,0.0,0.0,0.0,224,0.0,7.0,0.0,0.0,0,nothing,0.0,51.62981877654918,-0.06484299423344302,16978.756117157915
88194e696bfffff,0.0,0.0,1.0,17.0,3.0,0.0,1.0,2.0,45.0,0.0,3.0,0.0,2156226.663479394,2129792.7958152955,0.0,50.0,23.0,1.0,0.0,0.0,228,0.0,7.0,8.0,0.0,0,nothing,0.0,51.622069309804274,-0.060585258297066555,16978.927944056948
88194e696dfffff,0.0,0.0,1.0,2.0,0.0,1.0,0.0,0.0,9.0,0.0,0.0,0.0,26957.66189644175,1320908.1515151516,0.0,26.0,10.0,0.0,0.0,0.0,239,1.0,23.0,2.0,0.0,0,nothing,0.0,51.63191527745259,-0.0770536362794064,16979.37422677606
88194e6981fffff,1.0,0.0,0.0,2.0,0.0,0.0,0.0,0.0,37.0,0.0,0.0,0.0,3105612.723594832,15792067.926587302,0.0,41.0,9.0,0.0,0.0,8921.28279883382,266,0.0,72.0,0.0,0.0,0,nothing,1.0,51.552305783304405,-0.022324715794793674,16980.463679480326
88194e6983fffff,4.0,0.0,1.0,27.0,0.0,0.0,0.0,1.0,181.0,0.0,1.0,0.0,369745.366384286,5462475.007070707,0.0,65.0,8.0,1.0,1.0,11638.483965014577,270,6.0,171.0,1.0,2.0,0,nothing,0.0,51.54455225120699,-0.018080098677967546,16980.63312578663
88194e6985fffff,1.0,0.0,0.0,4.0,2.0,0.0,0.0,1.0,33.0,0.0,2.0,0.0,211231.12381547724,1596153.5972222222,0.0,7.0,8.0,0.0,0.0,5434.402332361516,282,1.0,20.0,5.0,0.0,0,nothing,0.0,51.55440369366919,-0.03451273680769713,16981.083650673667
88194e6987fffff,1.0,0.0,0.0,13.0,2.0,0.0,0.0,1.0,77.0,0.0,3.0,0.0,510367.4586343942,13067849.029330507,0.0,65.0,19.0,0.0,0.0,0.0,286,2.0,36.0,7.0,0.0,0,nothing,0.0,51.546650300657014,-0.03026586132967683,16981.25328288898
88194e6989fffff,0.0,0.0,1.0,2.0,2.0,1.0,0.0,1.0,26.0,0.0,1.0,0.0,8390382.235294344,5982764.949977324,0.0,67.0,9.0,0.0,0.0,0.0,247,5.0,27.0,2.0,2.0,0,nothing,0.0,51.55796005806847,-0.01438253929709224,16979.674146160993
88194e698bfffff,1.0,0.0,0.0,14.0,2.0,0.0,3.0,0.0,186.0,0.0,4.0,0.0,3982571.6962407664,4999552.989087301,0.0,116.0,7.0,0.0,0.0,1551.0204081632653,251,22.0,111.0,5.0,2.0,0,nothing,1.0,51.55020679180286,-0.010138871504587742,16979.843644995584
88194e698dfffff,0.0,0.0,0.0,0.0,0.0,0.0,0.0,0.0,4.0,0.0,0.0,0.0,243702.31457506353,2520680.9384920634,0.0,4.0,0.0,0.0,0.0,1166.1807580174927,262,0.0,18.0,1.0,0.0,0,nothing,0.0,51.56005891059636,-0.026570642273252416,16980.293994787964
88194e6991fffff,2.0,0.0,1.0,10.0,5.0,0.0,0.0,0.0,73.0,0.0,4.0,0.0,1223237.6202634166,6974691.37877886,0.0,62.0,7.0,1.0,2.0,8909.620991253645,259,12.0,22.0,7.0,1.0,0,nothing,3.0,51.534699046253685,-0.0016554614065263774,16980.18192757087
88194e6993fffff,0.0,0.0,0.0,4.0,0.0,0.0,0.0,0.0,24.0,0.0,1.0,0.0,4891364.075118293,4155114.9583333335,0.0,9.0,7.0,1.0,1.0,12011.661807580174,263,0.0,11.0,6.0,0.0,0,nothing,2.0,51.526944567738994,0.002584282016279837,16980.35071116717
88194e6995fffff,0.0,0.0,0.0,7.0,0.0,1.0,1.0,2.0,100.0,0.0,1.0,0.0,1711736.1469647242,9395052.553210678,0.0,22.0,5.0,1.0,0.0,11241.98250728863,274,2.0,98.0,5.0,0.0,0,nothing,0.0,51.53679831468858,-0.013836790363807451,16980.802333634554
88194e6997fffff,1.0,0.0,0.0,5.0,2.0,0.0,1.0,2.0,97.0,0.0,2.0,0.0,2171008.701968926,8513170.109722221,0.0,51.0,8.0,0.0,0.0,28373.177842565598,279,7.0,39.0,4.0,1.0,0,nothing,0.0,51.529043974133735,-0.009594790293578986,16980.97130295183
88194e6999fffff,4.0,0.0,0.0,31.0,6.0,0.0,1.0,2.0,153.0,0.0,13.0,0.0,3392931.906092198,4954650.7528439155,0.0,111.0,18.0,0.0,0.0,0.0,240,12.0,114.0,22.0,1.0,0,nothing,5.0,51.540352910839324,0.006284897003726863,16979.392622116156
88194e699bfffff,0.0,0.0,1.0,2.0,1.0,0.0,0.0,0.0,46.0,0.0,5.0,0.0,1048608.1975621777,3439357.8125,0.0,49.0,9.0,1.0,0.0,0.0,244,8.0,22.0,7.0,0.0,0,nothing,0.0,51.53259869817492,0.010523691020048177,16979.56145852749
88194e699dfffff,6.0,1.0,2.0,131.0,4.0,0.0,0.0,9.0,352.0,0.0,15.0,0.0,16603780.066225156,4817287.748448559,0.0,101.0,25.0,3.0,5.0,3860.058309037901,255,24.0,92.0,8.0,2.0,0,nothing,0.0,51.542453121069784,-0.005896512393986798,16980.01290548962
88194e69a1fffff,3.0,0.0,0.0,24.0,2.0,0.0,4.0,2.0,169.0,0.0,7.0,0.0,236036.5384301058,4291160.815972222,0.0,82.0,29.0,1.0,0.0,0.0,320,9.0,76.0,30.0,1.0,0,nothing,0.0,51.55084315512018,-0.05464391365739413,16982.493407036523
88194e69a3fffff,5.0,0.0,1.0,16.0,3.0,0.0,2.0,3.0,149.0,0.0,14.0,0.0,1197430.1036205357,3169058.634868421,0.0,135.0,24.0,0.0,0.0,0.0,325,8.0,63.0,27.0,2.0,0,nothing,0.0,51.543089636192384,-0.050393831235067216,16982.663172765224
88194e69a5fffff,2.0,0.0,0.0,8.0,0.0,0.0,0.0,3.0,120.0,0.0,0.0,0.0,275746.1826941836,3421478.375,0.0,57.0,16.0,0.0,0.0,0.0,337,4.0,34.0,11.0,1.0,0,nothing,1.0,51.55293795894574,-0.06683620229143017,16983.113373844895
88194e69a7fffff,14.0,0.0,0.0,10.0,2.0,2.0,3.0,1.0,206.0,0.0,3.0,0.0,102684.9515379915,3459573.7389159454,0.0,60.0,16.0,1.0,0.0,0.0,341,7.0,45.0,18.0,1.0,0,nothing,0.0,51.545184580114366,-0.06258386112548874,16983.283325727527
88194e69a9fffff,4.0,0.0,0.0,2.0,0.0,0.0,0.0,0.0,88.0,0.0,2.0,0.0,17569.572132312984,4186924.4692460317,0.0,68.0,15.0,0.0,0.0,4128.279883381924,299,9.0,29.0,10.0,0.0,0,nothing,0.0,51.556500522303196,-0.046702934023283765,16981.703558457313
88194e69abfffff,5.0,0.0,1.0,17.0,5.0,3.0,0.0,1.0,171.0,0.0,15.0,0.0,441821.29701829964,6308660.076746633,0.0,78.0,21.0,1.0,0.0,0.0,303,5.0,56.0,29.0,3.0,0,nothing,0.0,51.54874726882601,-0.042453799829653735,16981.873376678403
88194e69adfffff,2.0,0.0,1.0,2.0,0.0,0.0,1.0,2.0,77.0,0.0,2.0,0.0,172399.94483094526,5520690.18587963,0.0,77.0,22.0,1.0,0.0,0.0,316,2.0,17.0,8.0,1.0,0,nothing,0.0,51.55859626861255,-0.05889530692055966,16982.32340271288
88194e69b1fffff,4.0,2.0,0.0,19.0,1.0,0.0,1.0,2.0,78.0,0.0,2.0,0.0,234964.04665042352,3883089.0738636362,0.0,48.0,8.0,0.0,0.0,8163.265306122449,313,2.0,18.0,12.0,0.0,0,nothing,0.0,51.533239546964815,-0.033959461367738565,16982.212297399754
88194e69b3fffff,5.0,1.0,1.0,5.0,3.0,1.0,1.0,0.0,91.0,0.0,6.0,0.0,397164.91758343054,5616484.59375,0.0,62.0,12.0,2.0,2.0,0.0,317,1.0,64.0,11.0,3.0,0,nothing,0.0,51.52548507935017,-0.029714255981386675,16982.381399755206
88194e69b5fffff,2.0,0.0,0.0,14.0,1.0,0.0,2.0,0.0,114.0,0.0,5.0,0.0,243058.56179220637,4039466.625745614,0.0,53.0,8.0,0.0,0.0,17492.71137026239,329,2.0,142.0,15.0,1.0,0,nothing,0.0,51.535335712213914,-0.046145059094195695,16982.83269982646
88194e69b7fffff,5.0,0.0,0.0,7.0,3.0,0.0,0.0,1.0,134.0,0.0,4.0,0.0,804118.3707842442,2165637.2698412696,0.0,49.0,14.0,0.0,0.0,769.6793002915452,334,0.0,63.0,10.0,1.0,0,nothing,1.0,51.52758138356955,-0.04189759667563488,16983.001988147756
88194e69b9fffff,3.0,0.0,1.0,14.0,1.0,2.0,0.0,0.0,111.0,0.0,0.0,0.0,624984.742106051,13654872.086787518,0.0,58.0,22.0,0.0,0.0,11661.807580174927,291,4.0,49.0,7.0,4.0,0,nothing,0.0,51.53889650288581,-0.026020295333800365,16981.42267660036
88194e69bbfffff,2.0,0.0,2.0,14.0,2.0,0.0,0.0,1.0,51.0,0.0,4.0,0.0,360536.01745454303,15211089.998737374,0.0,56.0,14.0,0.0,0.0,17492.71137026239,296,5.0,9.0,12.0,1.0,0,nothing,0.0,51.53114230074021,-0.021776038261069344,16981.59183173544
88194e69bdfffff,3.0,0.0,0.0,3.0,0.0,0.0,1.0,0.0,86.0,0.0,0.0,0.0,0.0,4877588.805366161,0.0,34.0,8.0,0.0,0.0,0.0,308,3.0,136.0,3.0,0.0,0,nothing,0.0,51.54099361025164,-0.03820597579754673,16982.04295635003
88194e69c1fffff,0.0,0.0,0.0,10.0,0.0,2.0,0.0,0.0,91.0,0.0,2.0,0.0,1101910.3754089598,2692160.0208333335,0.0,30.0,15.0,1.0,1.0,384.8396501457726,224,6.0,55.0,11.0,1.0,0,nothing,0.0,51.57136572020152,-0.010683359084216098,16978.714893521148
88194e69c3fffff,0.0,0.0,0.0,14.0,1.0,0.0,1.0,0.0,70.0,0.0,5.0,0.0,104486.60129264137,3846677.056699263,0.0,32.0,10.0,0.0,0.0,0.0,228,2.0,13.0,5.0,0.0,0,nothing,0.0,51.56361312482394,-0.006439331941155526,16978.8846829679
88194e69c5fffff,0.0,0.0,0.0,13.0,3.0,0.0,0.0,1.0,96.0,0.0,3.0,0.0,160434.116994794,1339125.0972222222,0.0,25.0,12.0,0.0,0.0,769.6793002915452,239,5.0,24.0,12.0,1.0,0,nothing,1.0,51.573465375659715,-0.022873803164463812,16979.33443375953
88194e69c7fffff,0.0,0.0,0.0,2.0,0.0,0.0,0.0,0.0,27.0,0.0,7.0,0.0,249139.82102366566,3602181.9375000005,0.0,27.0,8.0,0.0,0.0,0.0,243,0.0,19.0,4.0,0.0,0,nothing,0.0,51.5657129194822,-0.018627516330609994,16979.504409058176
88194e69c9fffff,0.0,0.0,0.0,3.0,0.0,0.0,0.0,0.0,21.0,0.0,0.0,0.0,1432249.2396085416,1936786.8601190476,0.0,30.0,12.0,0.0,0.0,0.0,205,2.0,4.0,4.0,0.0,0,nothing,0.0,51.57701731262929,-0.0027381706387014327,16977.925448213686
88194e69cbfffff,0.0,0.0,0.0,5.0,1.0,0.0,0.0,1.0,11.0,0.0,2.0,0.0,140339.1799817527,1329467.472470238,0.0,30.0,15.0,1.0,0.0,0.0,209,4.0,2.0,14.0,0.0,0,nothing,0.0,51.56926498344578,0.0015049061683793973,16978.09528993789
88194e69cdfffff,0.0,0.0,0.0,8.0,1.0,0.0,0.0,0.0,76.0,0.0,6.0,0.0,124608.98930780467,4079044.4702380956,0.0,44.0,10.0,0.0,0.0,0.0,220,1.0,21.0,13.0,0.0,0,nothing,0.0,51.57911791029666,-0.014928695906767557,16978.544865996315
88194e69d1fffff,0.0,0.0,0.0,25.0,7.0,0.0,0.0,1.0,105.0,0.0,3.0,0.0,332300.6947328028,3428333.1666666665,0.0,47.0,13.0,0.0,0.0,0.0,217,9.0,19.0,8.0,0.0,0,nothing,3.0,51.553759110629656,0.00998713334489383,16978.434259215646
88194e69d3fffff,0.0,0.0,1.0,1.0,2.0,0.0,0.0,0.0,41.0,0.0,0.0,0.0,867557.8266594833,4951334.875694444,0.0,64.0,11.0,0.0,0.0,0.0,221,30.0,18.0,9.0,1.0,0,nothing,0.0,51.54600556776548,0.014226284832397362,16978.603386624705
88194e69d5fffff,2.0,0.0,0.0,17.0,4.0,0.0,1.0,1.0,97.0,0.0,5.0,0.0,2935091.4379953635,6436284.204895125,0.0,77.0,11.0,1.0,1.0,0.0,232,10.0,32.0,7.0,0.0,0,nothing,0.0,51.55586012454817,-0.002196613918186705,16979.054234264164
88194e69d7fffff,1.0,0.0,5.0,22.0,3.0,0.0,1.0,0.0,140.0,0.0,5.0,0.0,1995158.4083678736,4736488.980201247,0.0,80.0,14.0,1.0,0.0,0.0,236,14.0,27.0,9.0,1.0,0,nothing,0.0,51.54810671975853,0.0020447955438382395,16979.22354733766
88194e69d9fffff,0.0,0.0,0.0,4.0,1.0,0.0,0.0,0.0,27.0,0.0,2.0,0.0,711577.1559377654,1069919.0416666667,0.0,16.0,7.0,0.0,0.0,0.0,199,1.0,14.0,4.0,0.0,0,nothing,0.0,51.559410293558216,0.017930500904253473,16977.645041160507
88194e69dbfffff,1.0,0.0,5.0,18.0,3.0,0.0,1.0,0.0,80.0,0.0,4.0,0.0,425274.62075399945,3056774.388888889,0.0,54.0,11.0,2.0,0.0,0.0,203,6.0,4.0,9.0,1.0,0,nothing,2.0,51.55165701690712,0.022168701974491827,16977.814221133518
88194e69ddfffff,0.0,0.0,1.0,5.0,1.0,0.0,1.0,1.0,55.0,0.0,3.0,0.0,901774.0184255976,2938102.428809524,0.0,51.0,12.0,1.0,0.0,0.0,213,6.0,27.0,7.0,1.0,0,nothing,0.0,51.56151224931783,0.005746673976522165,16978.264893629304
88194e69e1fffff,0.0,0.0,0.0,2.0,0.0,0.0,0.0,0.0,5.0,0.0,7.0,0.0,240207.71321315406,47409.5,2.0,8.0,1.0,0.0,0.0,5102.040816326531,273,0.0,11.0,1.0,0.0,1,Public use,0.0,51.56990926387819,-0.043010418447275954,16980.743671021006
88194e69e3fffff,0.0,0.0,0.0,0.0,0.0,0.0,0.0,0.0,45.0,0.0,0.0,0.0,847879.7908609819,367349.14285714284,5.0,21.0,4.0,0.0,0.0,13892.128279883382,278,0.0,44.0,1.0,0.0,1,Public use,0.0,51.562156681537765,-0.03876092232703457,16980.91378002684
88194e69e5fffff,0.0,0.0,0.0,1.0,0.0,0.0,0.0,0.0,36.0,0.0,0.0,0.0,75718.29197966287,453517.3333333333,1.0,1.0,0.0,0.0,0.0,4300.291545189504,290,0.0,44.0,1.0,0.0,1,Public use,0.0,51.5720058124275,-0.05520513513325972,16981.363206656933
88194e69e7fffff,1.0,0.0,1.0,1.0,0.0,1.0,0.0,1.0,85.0,0.0,0.0,0.0,933842.8710008587,2298492.711309524,0.0,24.0,10.0,0.0,0.0,3690.9620991253646,294,1.0,35.0,7.0,0.0,0,nothing,0.0,51.56425337029857,-0.050953378937899585,16981.533501759295
88194e69e9fffff,0.0,0.0,0.0,7.0,0.0,1.0,0.0,0.0,30.0,0.0,1.0,0.0,175093.22788680455,201325.25,0.0,12.0,8.0,0.0,0.0,0.0,253,1.0,10.0,3.0,0.0,0,nothing,0.0,51.57556394922597,-0.035066425552683377,16979.953910534823
88194e69ebfffff,0.0,0.0,0.0,8.0,0.0,0.0,0.0,0.0,80.0,0.0,2.0,0.0,440997.84553415194,7288169.1875,0.0,42.0,5.0,1.0,0.0,384.8396501457726,257,0.0,17.0,5.0,0.0,0,nothing,0.0,51.56781163269836,-0.03081787867269838,16980.124071781967
88194e69edfffff,0.0,0.0,0.0,0.0,0.0,0.0,0.0,0.0,14.0,0.0,1.0,0.0,120372.06906885358,0.0,1.0,0.0,1.0,0.0,0.0,1603.4985422740524,269,0.0,1.0,0.0,0.0,1,Public use,0.0,51.57766144030597,-0.047261225728205264,16980.573323728746
88194e6a11fffff,0.0,0.0,0.0,0.0,0.0,1.0,0.0,0.0,1.0,0.0,0.0,0.0,0.0,398152.75,0.0,0.0,8.0,0.0,0.0,0.0,60,0.0,0.0,2.0,0.0,0,nothing,0.0,51.61374320810318,0.10960319501286149,16969.138031280138
88194e6a13fffff,0.0,0.0,0.0,0.0,0.0,0.0,0.0,0.0,1.0,0.0,0.0,0.0,914138.0671421734,956622.0,0.0,1.0,12.0,0.0,0.0,0.0,61,0.0,0.0,1.0,0.0,0,nothing,0.0,51.60599246587225,0.1138296062719423,16969.30754823476
88194e6a15fffff,0.0,0.0,0.0,0.0,0.0,0.0,0.0,0.0,0.0,0.0,0.0,0.0,0.0,22457.5,0.0,1.0,4.0,0.0,0.0,0.0,66,0.0,0.0,0.0,0.0,0,nothing,0.0,51.615855658628774,0.09742078998389654,16969.75672237888
88194e6a17fffff,0.0,0.0,0.0,4.0,1.0,0.0,0.0,0.0,32.0,0.0,1.0,0.0,182722.85738940752,100892.5,0.0,3.0,18.0,0.0,0.0,0.0,68,0.0,0.0,5.0,0.0,0,nothing,0.0,51.60810505279362,0.10164946240501249,16969.92642434041
88194e6a19fffff,0.0,0.0,0.0,0.0,0.0,0.0,0.0,0.0,0.0,0.0,0.0,0.0,0.0,1405200.0,0.0,0.0,2.0,0.0,0.0,0.0,52,0.0,0.0,1.0,0.0,0,nothing,0.0,51.619380154141304,0.11755795565987703,16968.349708660397
88194e6a1bfffff,0.0,0.0,0.0,1.0,0.0,0.0,0.0,0.0,22.0,0.0,0.0,0.0,54458.25630110489,6971311.0,0.0,2.0,5.0,0.0,0.0,0.0,54,0.0,0.0,5.0,0.0,0,nothing,0.0,51.61162967997146,0.12178341128451431,16968.519277500993
88194e6a27fffff,0.0,0.0,0.0,0.0,0.0,0.0,0.0,0.0,0.0,0.0,0.0,0.0,0.0,107874.0,0.0,0.0,0.0,0.0,0.0,0.0,94,0.0,0.0,0.0,0.0,0,nothing,0.0,51.62429467275224,0.04866929254494942,16972.230857621693
88194e6a33fffff,0.0,0.0,0.0,0.0,2.0,0.0,0.0,0.0,4.0,0.0,0.0,0.0,100167.33518193095,907872.5428571429,0.0,0.0,3.0,0.0,0.0,0.0,83,0.0,0.0,2.0,0.0,0,nothing,0.0,51.60457625611278,0.08151450002333328,16971.333823543286
88194e6a35fffff,0.0,0.0,0.0,0.0,0.0,0.0,0.0,0.0,0.0,0.0,0.0,0.0,0.0,110983.75,0.0,0.0,0.0,0.0,0.0,0.0,89,0.0,0.0,0.0,0.0,0,nothing,0.0,51.61443634465849,0.06509590555137433,16971.78267597687
88194e6a37fffff,0.0,0.0,0.0,0.0,0.0,0.0,0.0,0.0,0.0,0.0,1.0,0.0,9834.412626600768,419908.45,0.0,1.0,0.0,0.0,0.0,0.0,91,0.0,0.0,1.0,0.0,0,nothing,0.0,51.60668574539528,0.06933005560553476,16971.952696441138
88194e6a3bfffff,0.0,0.0,0.0,0.0,0.0,0.0,0.0,0.0,0.0,0.0,0.0,0.0,126219.64469340554,0.0,0.0,0.0,0.0,0.0,0.0,0.0,75,0.0,0.0,0.0,0.0,0,nothing,0.0,51.61021656196228,0.08946713065429082,16970.545237744263
88194e6a81fffff,0.0,0.0,0.0,0.0,0.0,0.0,0.0,0.0,0.0,0.0,0.0,0.0,1254554.9573210154,2004087.272727273,0.0,7.0,9.0,0.0,0.0,0.0,76,0.0,0.0,2.0,0.0,0,nothing,0.0,51.577098590292174,0.11855109795014081,16970.602861879408
88194e6a83fffff,0.0,0.0,0.0,1.0,2.0,0.0,0.0,0.0,13.0,0.0,2.0,0.0,494691.66595507663,860747.8805555555,0.0,8.0,11.0,1.0,0.0,0.0,78,1.0,1.0,1.0,0.0,0,nothing,0.0,51.56934596679253,0.12277324609396176,16970.771378328536
88194e6a85fffff,0.0,0.0,0.0,0.0,0.0,0.0,0.0,0.0,2.0,0.0,0.0,0.0,1264164.2885431293,153008.36363636365,0.0,18.0,7.0,0.0,0.0,0.0,82,0.0,0.0,0.0,0.0,0,nothing,0.0,51.579210643467725,0.10637780546709806,16971.2224152437
88194e6a87fffff,0.0,0.0,0.0,0.0,0.0,0.0,0.0,0.0,1.0,0.0,0.0,0.0,0.0,12823.199999999999,0.0,3.0,4.0,0.0,0.0,0.0,84,0.0,4.0,2.0,0.0,0,nothing,0.0,51.57145815512678,0.11060221172212795,16971.39111656974
88194e6a89fffff,0.0,0.0,0.0,0.0,1.0,4.0,0.0,0.0,1.0,0.0,0.0,0.0,14383.548246268505,2039615.9360269362,0.0,6.0,3.0,0.0,0.0,0.0,67,0.0,0.0,0.0,0.0,0,nothing,0.0,51.58273781694026,0.12650101054565566,16969.814677328613
88194e6a8bfffff,0.0,0.0,0.0,0.0,0.0,0.0,0.0,0.0,6.0,0.0,1.0,0.0,1025181.1250080849,2964326.134391534,0.0,1.0,1.0,0.0,0.0,0.0,69,0.0,0.0,0.0,0.0,0,nothing,0.0,51.574985461160175,0.13072220399697343,16969.983246197513
88194e6a8dfffff,0.0,0.0,0.0,1.0,0.0,0.0,0.0,0.0,1.0,0.0,0.0,0.0,1777339.2383180552,3340145.4545454546,0.0,13.0,6.0,0.0,0.0,0.0,74,0.0,0.0,2.0,0.0,0,nothing,1.0,51.58485081102531,0.1143276460675167,16970.43410818434
88194e6a91fffff,0.0,0.0,0.0,4.0,0.0,0.0,0.0,0.0,27.0,0.0,0.0,0.0,123927.19944125795,2537312.169973545,0.0,9.0,4.0,0.0,0.0,0.0,72,0.0,3.0,4.0,0.0,0,nothing,0.0,51.55947954269482,0.13916068228700518,16970.319672262252
88194e6a93fffff,0.0,0.0,0.0,0.0,0.0,0.0,0.0,0.0,7.0,0.0,1.0,0.0,0.0,1200231.3392857143,0.0,22.0,11.0,0.0,0.0,384.8396501457726,74,0.0,0.0,8.0,0.0,0,nothing,0.0,51.551725980775906,0.14337796824045584,16970.487529315193
88194e6a95fffff,0.0,0.0,0.0,0.0,0.0,0.0,0.0,0.0,7.0,0.0,0.0,0.0,22846.519944838452,3624603.076388889,0.0,23.0,18.0,0.0,0.0,0.0,79,3.0,0.0,7.0,0.0,0,nothing,0.0,51.561592940909655,0.126994091056728,16970.939657460152
88194e6a97fffff,0.0,0.0,0.0,0.0,0.0,0.0,0.0,0.0,5.0,0.0,0.0,0.0,0.0,4180328.5,0.0,33.0,16.0,0.0,0.0,0.0,81,0.0,0.0,4.0,0.0,0,nothing,0.0,51.55383951302683,0.13121363339589534,16971.10769920275
88194e6a99fffff,0.0,0.0,0.0,1.0,1.0,0.0,0.0,0.0,11.0,0.0,3.0,0.0,1691826.2849904902,4041801.354662698,0.0,11.0,7.0,0.0,0.0,1539.3586005830905,63,1.0,1.0,3.0,0.0,0,nothing,0.0,51.565118364196294,0.14710875610638102,16969.531715298992
88194e6a9bfffff,0.0,0.0,0.0,2.0,0.0,0.0,0.0,0.0,22.0,0.0,1.0,0.0,3129854.364177264,3810132.9930555555,0.0,59.0,11.0,0.0,0.0,1924.198250728863,65,7.0,4.0,4.0,0.0,0,nothing,1.0,51.55736507001611,0.15132508729703828,16969.699625056266
88194e6a9dfffff,0.0,0.0,0.0,1.0,0.0,0.0,0.0,0.0,6.0,0.0,1.0,0.0,326656.44182638376,3561408.0805555554,0.0,9.0,6.0,0.0,0.0,0.0,71,0.0,0.0,2.0,0.0,0,nothing,0.0,51.56723270295064,0.13494209439158664,16970.151577865887
88194e6aa1fffff,0.0,0.0,0.0,4.0,2.0,0.0,0.0,0.0,16.0,0.0,0.0,0.0,4435099.493058862,9241894.333333334,1.0,13.0,14.0,1.0,1.0,0.0,101,5.0,1.0,5.0,0.0,1,Taxi,0.0,51.5756793028916,0.08625358679514161,16972.630405918502
88194e6aa3fffff,0.0,0.0,0.0,0.0,0.0,0.0,0.0,0.0,1.0,0.0,0.0,0.0,0.0,2503477.875,0.0,3.0,1.0,0.0,0.0,0.0,104,0.0,0.0,2.0,0.0,0,nothing,0.0,51.56792668282015,0.09048120513019609,16972.79923983307
88194e6aa5fffff,0.0,0.0,0.0,0.0,2.0,0.0,0.0,0.0,5.0,0.0,3.0,0.0,942704.3351051797,295398.4375,2.0,14.0,11.0,0.0,0.0,0.0,111,0.0,27.0,10.0,0.0,1,Public use,0.0,51.57778826113192,0.07407599726206987,16973.249956791227
88194e6aa7fffff,0.0,0.0,0.0,0.0,0.0,1.0,0.0,0.0,2.0,0.0,0.0,0.0,71393.20616840025,18290.0,0.0,4.0,3.0,0.0,0.0,0.0,114,1.0,8.0,1.0,0.0,0,nothing,0.0,51.57003577722885,0.07830587410955707,16973.41897582593
88194e6aa9fffff,0.0,0.0,0.0,0.0,0.0,0.0,0.0,0.0,1.0,0.0,0.0,0.0,789894.2129083568,902639.3333333334,0.0,1.0,1.0,0.0,0.0,0.0,90,0.0,0.0,1.0,0.0,0,nothing,0.0,51.58132162009151,0.09420232705792984,16971.84190617308
88194e6aabfffff,0.0,0.0,0.0,0.0,1.0,0.0,0.0,0.0,5.0,0.0,5.0,0.0,0.0,5212331.083333334,0.0,4.0,2.0,0.0,0.0,0.0,92,0.0,39.0,6.0,0.0,0,nothing,0.0,51.57356926735818,0.09842899178567369,16972.010792472185
88194e6aadfffff,0.0,0.0,0.0,2.0,1.0,0.0,2.0,0.0,16.0,0.0,1.0,0.0,5516347.793712338,529028.25,0.0,28.0,11.0,0.0,0.0,0.0,98,1.0,44.0,6.0,0.0,0,nothing,0.0,51.5834315195683,0.08202466323375764,16972.461334550128
88194e6ab1fffff,0.0,0.0,0.0,0.0,0.0,0.0,0.0,0.0,2.0,0.0,0.0,0.0,113371.16305403331,162286.5,0.0,11.0,5.0,0.0,0.0,0.0,96,0.0,0.0,3.0,0.0,0,nothing,0.0,51.55806335310255,0.10687840816519929,16972.347852773477
88194e6ab3fffff,0.0,0.0,0.0,1.0,0.0,0.0,0.0,0.0,30.0,0.0,0.0,0.0,285996.954140029,2729339.535714286,0.0,24.0,10.0,0.0,0.0,0.0,99,0.0,0.0,4.0,0.0,0,nothing,0.0,51.55030979234714,0.11110116093258923,16972.51602663236
88194e6ab5fffff,0.0,0.0,0.0,4.0,2.0,0.0,0.0,0.0,25.0,0.0,0.0,0.0,255091.21542551726,3530032.0069444445,0.0,22.0,10.0,1.0,0.0,0.0,106,1.0,1.0,4.0,0.0,0,nothing,0.0,51.560173659737465,0.09470751879710843,16972.96783622206
88194e6ab7fffff,0.0,0.0,0.0,0.0,0.0,0.0,0.0,0.0,0.0,0.0,0.0,0.0,0.0,643440.5833333334,0.0,10.0,5.0,0.0,0.0,0.0,109,0.0,0.0,5.0,0.0,0,nothing,0.0,51.55242023402709,0.09893252835370973,16973.136195013776
88194e6ab9fffff,0.0,0.0,0.0,1.0,2.0,0.0,1.0,0.0,37.0,0.0,0.0,0.0,146651.4426390542,79788.8,0.0,26.0,14.0,1.0,0.0,0.0,86,1.0,10.0,4.0,1.0,0,nothing,0.0,51.56370526406554,0.11482531411430033,16971.559580532787
88194e6abbfffff,0.0,0.0,0.0,0.0,0.0,0.0,0.0,0.0,9.0,0.0,1.0,0.0,0.0,732899.1227272728,0.0,4.0,5.0,0.0,0.0,0.0,88,1.0,10.0,4.0,0.0,0,nothing,0.0,51.55595197066736,0.1190471132013064,16971.727807061256
88194e6abdfffff,0.0,0.0,0.0,3.0,0.0,0.0,0.0,0.0,19.0,0.0,0.0,0.0,0.0,307756.8,0.0,7.0,8.0,0.0,0.0,0.0,94,2.0,2.0,5.0,0.0,0,nothing,0.0,51.56581651156738,0.10265435196878905,16972.179441362874
88194e6ac1fffff,0.0,0.0,0.0,0.0,0.0,0.0,0.0,0.0,0.0,0.0,0.0,0.0,0.0,109706.625,0.0,0.0,0.0,0.0,0.0,0.0,57,0.0,0.0,0.0,0.0,0,nothing,0.0,51.59612751999176,0.13023040759663937,16968.85770471954
88194e6ac3fffff,0.0,0.0,0.0,0.0,0.0,0.0,0.0,0.0,4.0,0.0,0.0,0.0,4274.479318815348,2077697.5563973065,0.0,10.0,7.0,0.0,0.0,0.0,59,0.0,1.0,0.0,0.0,0,nothing,0.0,51.58837583494786,0.13445194940127786,16969.02656295401
88194e6ac5fffff,0.0,0.0,0.0,0.0,0.0,0.0,0.0,0.0,2.0,0.0,0.0,0.0,0.0,275058.0,0.0,0.0,0.0,0.0,0.0,0.0,63,0.0,0.0,0.0,0.0,0,nothing,0.0,51.598241319679396,0.11805471224137196,16969.476828275565
88194e6ac7fffff,0.0,0.0,0.0,0.0,0.0,0.0,0.0,0.0,0.0,0.0,0.0,0.0,0.0,0.0,0.0,0.0,1.0,0.0,0.0,0.0,65,0.0,0.0,0.0,0.0,0,nothing,0.0,51.590489769907705,0.12227851347981171,16969.645871330747
88194e6ac9fffff,0.0,0.0,0.0,0.0,0.0,0.0,0.0,0.0,0.0,0.0,0.0,0.0,343984.6472003936,3677380.9125,0.0,3.0,2.0,0.0,0.0,0.0,49,0.0,0.0,0.0,0.0,0,nothing,0.0,51.60176406115456,0.13818332831047783,16968.069608387286
88194e6acbfffff,0.0,0.0,0.0,0.0,0.0,0.0,0.0,0.0,3.0,0.0,0.0,0.0,765946.15538955,4536044.994318182,0.0,8.0,5.0,0.0,0.0,0.0,51,0.0,0.0,0.0,0.0,0,nothing,0.0,51.59401264419201,0.14240391440947928,16968.23851879224
88194e6acdfffff,0.0,0.0,0.0,0.0,0.0,0.0,0.0,0.0,4.0,0.0,0.0,0.0,601956.6209832883,2690945.0,0.0,3.0,0.0,0.0,0.0,0.0,55,1.0,4.0,0.0,0.0,0,nothing,0.0,51.60387880179395,0.12600756174384423,16968.68860954464
88194e6ad1fffff,0.0,0.0,0.0,0.0,0.0,0.0,0.0,0.0,1.0,0.0,0.0,0.0,0.0,5651809.5,0.0,0.0,0.0,0.0,0.0,0.0,54,0.0,0.0,0.0,0.0,0,nothing,0.0,51.57850860193589,0.15084117706967726,16968.57562884497
88194e6ad3fffff,0.0,0.0,0.0,0.0,0.0,0.0,0.0,0.0,3.0,0.0,0.0,0.0,0.0,1395778.875,0.0,0.0,4.0,0.0,0.0,1460.6413994169095,56,0.0,0.0,0.0,0.0,0,nothing,0.0,51.570755977408204,0.15505785474637382,16968.74382834977
88194e6ad5fffff,0.0,0.0,0.0,0.0,0.0,0.0,0.0,0.0,11.0,0.0,0.0,0.0,803968.2206659558,11847764.192328041,0.0,17.0,9.0,0.0,0.0,0.0,60,0.0,0.0,1.0,0.0,0,nothing,1.0,51.58062374704528,0.138672187715928,16969.19518417643
88194e6ad7fffff,0.0,0.0,0.0,0.0,0.0,0.0,0.0,0.0,4.0,0.0,1.0,0.0,256295.28125202123,6833084.583333334,0.0,11.0,9.0,0.0,0.0,769.6793002915452,62,1.0,0.0,0.0,0.0,0,nothing,1.0,51.572871256667085,0.1428911230984464,16969.36356831525
88194e6ad9fffff,0.0,0.0,0.0,0.0,0.0,0.0,0.0,0.0,3.0,0.0,0.0,0.0,563774.6404197102,5936915.458333333,0.0,3.0,5.0,0.0,0.0,0.0,46,0.0,1.0,2.0,0.0,0,nothing,0.0,51.58414473863418,0.15879225619745843,16967.78775949176
88194e6adbfffff,0.0,0.0,0.0,0.0,0.0,0.0,0.0,0.0,1.0,0.0,0.0,0.0,207998.20673912752,6004857.5,0.0,3.0,4.0,0.0,0.0,0.0,48,0.0,1.0,3.0,0.0,0,nothing,0.0,51.57639238220758,0.16300797809915643,16967.956011451333
88194e6addfffff,0.0,0.0,0.0,1.0,0.0,0.0,0.0,0.0,0.0,0.0,0.0,0.0,0.0,5060888.696969697,0.0,3.0,0.0,0.0,0.0,0.0,53,0.0,0.0,0.0,0.0,0,nothing,0.0,51.5862608243248,0.1466231971432337,16968.40719230198
88194e6ae1fffff,0.0,0.0,0.0,2.0,0.0,0.0,0.0,1.0,10.0,0.0,0.0,0.0,1218436.4092396977,0.0,0.0,1.0,4.0,0.0,0.0,0.0,79,1.0,1.0,0.0,0.0,0,nothing,0.0,51.59471441045539,0.09792507913620303,16970.88430078944
88194e6ae3fffff,0.0,0.0,0.0,0.0,0.0,0.0,0.0,0.0,0.0,0.0,0.0,0.0,225301.4735401167,0.0,0.0,2.0,0.0,0.0,0.0,0.0,80,0.0,0.0,1.0,0.0,0,nothing,0.0,51.58696272870501,0.10215209479121098,16971.053476626355
88194e6ae5fffff,0.0,0.0,0.0,1.0,0.0,0.0,0.0,1.0,11.0,0.0,0.0,0.0,1450032.719921329,1277784.1291666667,1.0,32.0,12.0,1.0,1.0,0.0,85,0.0,12.0,3.0,0.0,1,Taxi,0.0,51.59682511485217,0.08574508173541612,16971.50342163675
88194e6ae7fffff,0.0,0.0,0.0,0.0,0.0,0.0,0.0,0.0,6.0,0.0,0.0,0.0,710773.5900092508,1343099.2916666665,1.0,32.0,2.0,1.0,1.0,0.0,87,2.0,2.0,4.0,0.0,1,Taxi,0.0,51.58907356938397,0.08997435722735109,16971.672782537316
88194e6ae9fffff,0.0,0.0,0.0,0.0,0.0,0.0,0.0,0.0,6.0,0.0,0.0,0.0,899594.6442856482,0.0,0.0,9.0,2.0,0.0,0.0,0.0,70,0.0,1.0,0.0,0.0,0,nothing,0.0,51.60035404265921,0.10587682885342137,16970.095889343072
88194e6aebfffff,0.0,0.0,0.0,0.0,0.0,0.0,0.0,0.0,0.0,0.0,0.0,0.0,275509.8453893964,0.0,0.0,0.0,0.0,0.0,0.0,0.0,72,0.0,0.0,0.0,0.0,0,nothing,0.0,51.592602628608724,0.11010288988804842,16970.265117314986
88194e6aedfffff,0.0,0.0,0.0,5.0,1.0,0.0,0.0,0.0,18.0,0.0,0.0,0.0,237510.15090342716,0.0,1.0,1.0,4.0,1.0,1.0,0.0,77,1.0,1.0,1.0,0.0,1,Taxi,0.0,51.602465688335556,0.09369675794351791,16970.714887804774
88194e6b03fffff,0.0,0.0,0.0,0.0,0.0,0.0,0.0,0.0,3.0,0.0,0.0,0.0,1483813.8046025464,349902.94017857144,0.0,5.0,0.0,0.0,0.0,0.0,123,0.0,0.0,0.0,0.0,0,nothing,0.0,51.63836182071493,0.00783689071955008,16973.91455825338
88194e6b05fffff,0.0,0.0,0.0,1.0,0.0,0.0,0.0,0.0,0.0,0.0,0.0,0.0,0.0,271336.5,0.0,1.0,4.0,0.0,0.0,0.0,131,0.0,0.0,0.0,0.0,0,nothing,0.0,51.64821417193922,-0.008614669836640443,16974.36089796765
88194e6b07fffff,0.0,0.0,0.0,0.0,0.0,0.0,0.0,0.0,1.0,0.0,0.0,0.0,3216.8357837159165,1767465.3125,0.0,9.0,6.0,0.0,0.0,0.0,135,0.0,0.0,1.0,0.0,0,nothing,0.0,51.64046548861032,-0.0043652705864066855,16974.532557857892
88194e6b11fffff,0.0,0.0,0.0,0.0,0.0,0.0,0.0,0.0,1.0,0.0,0.0,0.0,0.0,2139544.877717391,0.0,2.0,0.0,0.0,0.0,0.0,115,0.0,0.0,0.0,0.0,0,nothing,0.0,51.62850769868554,0.02428042463396125,16973.467546105843
88194e6b13fffff,0.0,0.0,0.0,0.0,0.0,0.0,0.0,0.0,1.0,0.0,0.0,0.0,89402.73650239597,5771570.59375,0.0,8.0,9.0,0.0,0.0,0.0,117,0.0,2.0,2.0,0.0,0,nothing,1.0,51.620757920665035,0.02852267160579611,16973.63836012452
88194e6b15fffff,0.0,0.0,0.0,2.0,0.0,0.0,0.0,0.0,11.0,0.0,2.0,0.0,287759.9279896799,1714204.5547368876,0.0,18.0,19.0,1.0,0.0,0.0,126,1.0,3.0,7.0,1.0,0,nothing,0.0,51.630612589285064,0.01208271268802896,16974.08579515154
88194e6b17fffff,0.0,0.0,0.0,0.0,0.0,0.0,0.0,0.0,0.0,0.0,0.0,0.0,60658.32337853302,1331028.6805555555,0.0,0.0,4.0,0.0,0.0,0.0,129,0.0,0.0,0.0,0.0,0,nothing,0.0,51.62286295080805,0.01632722334313739,16974.256794849225
88194e6b19fffff,0.0,0.0,0.0,0.0,0.0,0.0,0.0,0.0,0.0,0.0,0.0,0.0,0.0,482974.8260869565,0.0,0.0,0.0,0.0,0.0,0.0,102,0.0,0.0,0.0,0.0,0,nothing,0.0,51.63415123705241,0.032234657830863676,16972.678368009783
88194e6b1bfffff,0.0,0.0,0.0,0.0,0.0,0.0,0.0,0.0,0.0,0.0,0.0,0.0,0.0,725512.7916666666,0.0,0.0,0.0,0.0,0.0,0.0,104,0.0,0.0,0.0,0.0,0,nothing,0.0,51.626401726309375,0.03647595142547877,16972.84923355662
88194e6b1dfffff,0.0,0.0,0.0,1.0,0.0,0.0,1.0,0.0,5.0,0.0,0.0,0.0,1812003.0973504346,1356571.9208074533,0.0,2.0,0.0,0.0,0.0,0.0,112,0.0,1.0,0.0,0.0,0,nothing,0.0,51.63625706999705,0.020036867031694182,16973.29649493137
88194e6b21fffff,0.0,0.0,0.0,0.0,0.0,0.0,0.0,0.0,3.0,0.0,0.0,0.0,549944.1901554358,2220487.222222222,4.0,32.0,7.0,0.0,0.0,3206.997084548105,159,1.0,0.0,2.0,0.0,1,Public use,0.0,51.64466957355084,-0.02877614609831735,16975.768365442244
88194e6b23fffff,0.0,0.0,0.0,0.0,0.0,0.0,0.0,0.0,0.0,0.0,0.0,0.0,0.0,1444697.5,3.0,0.0,0.0,0.0,0.0,2405.247813411079,163,0.0,0.0,0.0,0.0,1,Public use,0.0,51.63692076446771,-0.024523528885384577,16975.94016008791
88194e6b25fffff,0.0,0.0,0.0,1.0,0.0,0.0,0.0,1.0,20.0,0.0,1.0,0.0,493571.1058564559,3984184.472222222,0.0,10.0,17.0,0.0,0.0,0.0,172,0.0,24.0,4.0,3.0,0,nothing,2.0,51.64676998940471,-0.040984859261097024,16976.386173185816
88194e6b27fffff,0.0,0.0,0.0,0.0,0.0,2.0,0.0,1.0,16.0,0.0,0.0,0.0,0.0,780347.3888888889,1.0,17.0,1.0,1.0,0.0,801.7492711370262,176,0.0,1.0,1.0,0.0,1,Public use,0.0,51.63902132200481,-0.036729976253174125,16976.558153939543
88194e6b29fffff,0.0,0.0,0.0,0.0,0.0,0.0,0.0,0.0,0.0,0.0,0.0,0.0,1999773.882302793,0.0,4.0,5.0,0.0,0.0,0.0,3206.997084548105,144,0.0,0.0,0.0,0.0,1,Public use,0.0,51.65031661529577,-0.02082128138099547,16974.978647776312
88194e6b2bfffff,0.0,0.0,0.0,0.0,0.0,0.0,0.0,0.0,2.0,0.0,0.0,0.0,17668.030300037346,3240587.8333333335,0.0,4.0,4.0,0.0,0.0,0.0,147,0.0,0.0,1.0,0.0,0,nothing,0.0,51.64256807308751,-0.016569616366056826,16975.15049362688
88194e6b2dfffff,0.0,0.0,0.0,2.0,0.0,0.0,0.0,1.0,13.0,0.0,0.0,0.0,866740.8773292996,592815.1666666666,0.0,13.0,6.0,1.0,0.0,0.0,156,0.0,5.0,0.0,0.0,0,nothing,0.0,51.652417974187905,-0.03303007723484456,16975.59633353529
88194e6b31fffff,0.0,0.0,0.0,1.0,0.0,1.0,0.0,0.0,13.0,0.0,1.0,0.0,177050.17605991417,1369614.9316468255,0.0,9.0,14.0,0.0,0.0,0.0,153,0.0,34.0,3.0,0.0,0,nothing,0.0,51.627069764732155,-0.008070225496430345,16975.493473604645
88194e6b33fffff,0.0,0.0,0.0,0.0,0.0,0.0,0.0,0.0,9.0,0.0,1.0,0.0,851076.7199292696,2158250.95,0.0,16.0,9.0,0.0,0.0,0.0,157,0.0,3.0,3.0,1.0,0,nothing,0.0,51.6193199993526,-0.0038224985188572143,16975.66460758619
88194e6b35fffff,0.0,0.0,0.0,0.0,0.0,0.0,0.0,0.0,8.0,0.0,0.0,0.0,208429.76900761254,249474.12916666665,0.0,4.0,5.0,0.0,0.0,0.0,166,0.0,1.0,1.0,0.0,0,nothing,0.0,51.62917154732234,-0.020272225034239415,16976.111717399323
88194e6b37fffff,0.0,0.0,0.0,0.0,0.0,0.0,0.0,0.0,8.0,0.0,1.0,0.0,173949.04594832432,1531483.2429166667,0.0,8.0,6.0,0.0,0.0,0.0,170,0.0,0.0,4.0,0.0,0,nothing,0.0,51.62142192249856,-0.016022233983332673,16976.28303730361
88194e6b39fffff,0.0,0.0,0.0,2.0,2.0,0.0,0.0,0.0,27.0,0.0,3.0,0.0,157470.76722497348,2286686.7631944446,0.0,8.0,12.0,0.0,0.0,0.0,138,1.0,7.0,6.0,0.0,0,nothing,0.0,51.632716397512326,-0.00011718389373184404,16974.703980575792
88194e6b3bfffff,0.0,0.0,0.0,0.0,0.0,1.0,0.0,0.0,6.0,0.0,1.0,0.0,11923.815406029216,2470808.889484127,0.0,4.0,12.0,0.0,0.0,0.0,141,0.0,10.0,7.0,0.0,0,nothing,2.0,51.624966899028905,0.004129590802716996,16974.87516604859
88194e6b3dfffff,0.0,0.0,0.0,0.0,1.0,0.0,0.0,0.0,2.0,0.0,0.0,0.0,831816.6015063076,5123922.89875,0.0,18.0,20.0,0.0,0.0,0.0,150,1.0,0.0,2.0,0.0,0,nothing,0.0,51.634819122771724,-0.012319264591723484,16975.32210226061
88194e6b57fffff,0.0,0.0,0.0,0.0,0.0,0.0,0.0,0.0,0.0,0.0,0.0,0.0,0.0,101088.0,0.0,0.0,0.0,0.0,0.0,0.0,99,0.0,0.0,0.0,0.0,0,nothing,0.0,51.64190034104103,0.027992053728089616,16972.507265424367
88194e6b61fffff,0.0,0.0,0.0,0.0,0.0,0.0,0.0,0.0,15.0,0.0,0.0,0.0,45418.3597409064,1404509.7829545455,10.0,21.0,1.0,0.0,0.0,11577.25947521866,124,0.0,14.0,1.0,0.0,1,Public use,0.0,51.66371031375523,-0.017117408256732095,16974.016866961632
88194e6b65fffff,0.0,0.0,0.0,0.0,0.0,0.0,0.0,0.0,2.0,0.0,0.0,0.0,0.0,2849808.1928030304,3.0,5.0,9.0,0.0,0.0,3463.5568513119533,136,0.0,1.0,0.0,0.0,1,Public use,0.0,51.66581247385486,-0.02932855338055839,16974.634244716508
88194e6b67fffff,0.0,0.0,0.0,0.0,0.0,0.0,0.0,0.0,4.0,0.0,0.0,0.0,5554519.298173029,1081355.3636363638,4.0,6.0,4.0,0.0,0.0,3206.997084548105,140,2.0,2.0,1.0,0.0,1,Public use,0.0,51.65806474901278,-0.025074260198457547,16974.80656478185
88194e6b69fffff,0.0,0.0,0.0,0.0,0.0,0.0,0.0,0.0,8.0,0.0,0.0,0.0,156825.76480892324,11512.800000000001,4.0,20.0,3.0,0.0,0.0,3206.997084548105,110,0.0,18.0,1.0,0.0,1,Public use,0.0,51.66935466829128,-0.009159521514734639,16973.22724011073
88194e6b6dfffff,0.0,0.0,1.0,3.0,2.0,0.0,1.0,1.0,27.0,0.0,1.0,0.0,1757957.2283378814,175609.575,2.0,37.0,6.0,0.0,0.0,0.0,121,2.0,22.0,3.0,3.0,1,Public use,1.0,51.67145777147512,-0.021370748550747495,16973.844495991776
88194e6c01fffff,0.0,0.0,0.0,0.0,0.0,0.0,0.0,0.0,9.0,0.0,1.0,0.0,161569.6235729937,3902357.5416666665,0.0,16.0,9.0,0.0,0.0,0.0,106,0.0,0.0,6.0,0.0,0,nothing,0.0,51.46852538396737,0.177542785116799,16972.940470323196
88194e6c03fffff,0.0,0.0,0.0,4.0,1.0,0.0,0.0,0.0,11.0,0.0,1.0,0.0,650572.8814909196,3568641.5833333335,0.0,11.0,7.0,0.0,0.0,0.0,109,0.0,1.0,3.0,0.0,0,nothing,0.0,51.46076716199189,0.18174673935050106,16973.105657848337
88194e6c05fffff,0.0,0.0,0.0,0.0,0.0,0.0,0.0,0.0,3.0,0.0,1.0,0.0,313876.8688353678,2087320.2983080808,0.0,4.0,10.0,0.0,0.0,0.0,117,1.0,2.0,7.0,0.0,0,nothing,0.0,51.470639298719334,0.16540104423164093,16973.562607793152
88194e6c07fffff,0.0,0.0,0.0,0.0,0.0,0.0,0.0,0.0,5.0,0.0,0.0,0.0,152242.1261803011,500598.6904761905,0.0,0.0,5.0,0.0,0.0,0.0,119,0.0,19.0,6.0,0.0,0,nothing,0.0,51.46288120719049,0.1696072470526163,16973.72797955029
88194e6c09fffff,0.0,0.0,0.0,0.0,0.0,0.0,0.0,0.0,3.0,0.0,1.0,0.0,102380.13384668478,3936702.9017676767,0.0,40.0,6.0,0.0,0.0,0.0,94,0.0,1.0,2.0,0.0,0,nothing,0.0,51.474168354444835,0.18547934335149413,16972.15303030107
88194e6c0bfffff,0.0,0.0,0.0,0.0,0.0,0.0,0.0,0.0,5.0,0.0,0.0,0.0,22423.735598014566,5598740.916666667,0.0,8.0,18.0,1.0,0.0,0.0,96,0.0,2.0,2.0,0.0,0,nothing,0.0,51.46641039953228,0.18968234463822278,16972.318271885262
88194e6c0dfffff,0.0,0.0,0.0,0.0,0.0,0.0,0.0,1.0,1.0,0.0,0.0,0.0,383573.0169572123,1325926.793939394,0.0,1.0,9.0,0.0,0.0,0.0,103,0.0,0.0,4.0,0.0,0,nothing,0.0,51.47628320854458,0.17333753492666581,16972.775044557002
88194e6c11fffff,0.0,0.0,0.0,0.0,0.0,0.0,0.0,0.0,0.0,0.0,0.0,0.0,0.0,1070779.625,2.0,0.0,0.0,0.0,0.0,0.0,101,0.0,0.0,0.0,0.0,1,Public use,0.0,51.45089329890387,0.19808446193234425,16972.64804040019
88194e6c15fffff,0.0,0.0,0.0,2.0,0.0,0.0,0.0,0.0,31.0,0.0,1.0,0.0,1180259.841211343,3756943.5972222225,4.0,10.0,7.0,0.0,0.0,0.0,111,1.0,5.0,1.0,0.0,1,Public use,0.0,51.453008543001765,0.18594939818153203,16973.27060706193
88194e6c17fffff,0.0,0.0,0.0,0.0,0.0,0.0,0.0,0.0,2.0,0.0,0.0,0.0,0.0,1816852.1041666667,0.0,2.0,0.0,0.0,0.0,0.0,114,0.0,0.0,0.0,0.0,0,nothing,0.0,51.44524952738071,0.19015076216333388,16973.435317893538
88194e6c19fffff,0.0,0.0,0.0,0.0,0.0,0.0,0.0,0.0,1.0,0.0,0.0,0.0,0.0,0.0,0.0,0.0,0.0,0.0,0.0,0.0,90,0.0,0.0,0.0,0.0,0,nothing,0.0,51.45653586448074,0.2060191804418006,16971.860831947488
88194e6c1dfffff,0.0,0.0,0.0,0.0,0.0,0.0,0.0,0.0,1.0,0.0,0.0,0.0,48921.45568969041,1211210.5416666667,0.0,17.0,6.0,0.0,0.0,0.0,98,0.0,4.0,0.0,0.0,0,nothing,0.0,51.45865204755743,0.19388405064733977,16972.483275275106
88194e6c21fffff,0.0,0.0,0.0,0.0,0.0,0.0,0.0,0.0,4.0,0.0,1.0,0.0,82508.73605746997,639441.6954545454,0.0,4.0,7.0,0.0,0.0,0.0,143,2.0,8.0,5.0,0.0,0,nothing,0.0,51.467106087505776,0.14532172146369812,16974.97243987239
88194e6c23fffff,0.0,0.0,1.0,4.0,0.0,0.0,2.0,1.0,19.0,0.0,4.0,0.0,1801268.9925979876,3181609.06639786,0.0,36.0,22.0,0.0,0.0,0.0,146,5.0,17.0,8.0,0.0,0,nothing,0.0,51.45934786018952,0.1495311251070135,16975.137941931986
88194e6c25fffff,0.0,0.0,0.0,0.0,1.0,0.0,0.0,0.0,0.0,0.0,0.0,0.0,0.0,1671196.7166666666,0.0,2.0,12.0,0.0,0.0,0.0,155,0.0,0.0,3.0,0.0,0,nothing,0.0,51.46921692143541,0.13317568918012454,16975.594578258344
88194e6c27fffff,0.0,0.0,0.0,0.0,0.0,0.0,0.0,0.0,19.0,0.0,5.0,0.0,1210935.9784921627,2448732.2017278043,0.0,5.0,5.0,1.0,0.0,0.0,159,1.0,14.0,12.0,0.0,0,nothing,0.0,51.46145882557196,0.13738734181720716,16975.760264793516
88194e6c29fffff,0.0,0.0,1.0,2.0,0.0,0.0,0.0,0.0,8.0,0.0,0.0,0.0,93295.20630429749,2527257.2914015152,0.0,1.0,0.0,0.0,0.0,0.0,128,2.0,21.0,4.0,0.0,0,nothing,0.0,51.472752143194455,0.15325712248555606,16974.184684178144
88194e6c2bfffff,0.0,2.0,1.0,0.0,0.0,0.0,0.0,0.0,7.0,0.0,2.0,0.0,341944.06330396095,1987945.9817054472,0.0,6.0,10.0,1.0,0.0,0.0,131,1.0,19.0,5.0,0.0,0,nothing,0.0,51.46499418255964,0.15746557425593952,16974.35024026399
88194e6c2dfffff,0.0,0.0,0.0,0.0,0.0,0.0,0.0,0.0,0.0,0.0,0.0,0.0,44073.80810627807,475412.06666666665,0.0,0.0,12.0,0.0,0.0,0.0,140,0.0,3.0,3.0,0.0,0,nothing,0.0,51.47486391679905,0.1411110203822839,16974.80669936109
88194e6c31fffff,0.0,0.0,0.0,0.0,0.0,0.0,0.0,0.0,6.0,0.0,0.0,0.0,1113544.6726374456,5651383.579861111,0.0,9.0,8.0,0.0,0.0,0.0,138,0.0,37.0,1.0,0.0,0,nothing,0.0,51.449477068613554,0.16587858807158484,16974.680637150006
88194e6c33fffff,0.0,0.0,0.0,0.0,0.0,0.0,0.0,0.0,2.0,0.0,0.0,0.0,0.0,33492.916666666664,0.0,0.0,0.0,0.0,0.0,3206.997084548105,141,0.0,3.0,0.0,0.0,0,nothing,0.0,51.441717916069976,0.17008315122439857,16974.84547780904
88194e6c35fffff,0.0,0.0,0.0,0.0,0.0,0.0,0.0,0.0,0.0,0.0,1.0,0.0,211344.6405952764,7683767.398127088,0.0,25.0,12.0,0.0,0.0,0.0,150,1.0,10.0,1.0,0.0,0,nothing,0.0,51.451589235234174,0.15373923186638436,16975.30320546919
88194e6c37fffff,0.0,0.0,0.0,0.0,0.0,0.0,0.0,0.0,6.0,0.0,0.0,0.0,235542.72589840335,11949908.81875,0.0,7.0,4.0,0.0,0.0,6413.99416909621,153,1.0,14.0,0.0,0.0,0,nothing,0.0,51.44383021302367,0.1579460422956662,16975.468230413364
88194e6c39fffff,0.0,0.0,0.0,15.0,1.0,0.0,0.0,0.0,43.0,0.0,0.0,0.0,950716.0061242522,4914012.28125,0.0,28.0,16.0,0.0,0.0,0.0,122,1.0,35.0,1.0,0.0,0,nothing,0.0,51.45512271831098,0.17381215379237147,16973.893112949117
88194e6c3bfffff,0.0,0.0,1.0,8.0,1.0,0.0,0.0,0.0,52.0,0.0,3.0,0.0,8914360.314602394,3881952.8381944443,3.0,24.0,9.0,1.0,0.0,4008.746355685131,125,1.0,9.0,3.0,0.0,1,Public use,0.0,51.447363832464625,0.17801576500462515,16974.058007919128
88194e6c3dfffff,0.0,0.0,0.0,0.0,1.0,0.0,0.0,0.0,1.0,0.0,1.0,0.0,44841.13482127157,2585252.80218254,0.0,4.0,6.0,0.0,0.0,0.0,134,0.0,17.0,4.0,0.0,0,nothing,0.0,51.457235824238055,0.1616727292666396,16974.51555794482
88194e6c41fffff,0.0,0.0,0.0,0.0,0.0,0.0,0.0,0.0,1.0,0.0,0.0,0.0,0.0,0.0,0.0,0.0,0.0,0.0,0.0,0.0,82,0.0,2.0,0.0,0.0,0,nothing,0.0,51.48756740869644,0.18921357804384814,16971.200125938638
88194e6c43fffff,0.0,0.0,0.0,0.0,0.0,0.0,0.0,0.0,3.0,0.0,0.0,0.0,318317.76379522274,684347.1363636364,0.0,5.0,4.0,0.0,0.0,0.0,84,0.0,0.0,0.0,0.0,0,nothing,0.0,51.479810118499095,0.19341692164880456,16971.365659521412
88194e6c45fffff,0.0,0.0,0.0,0.0,0.0,0.0,0.0,0.0,2.0,0.0,0.0,0.0,887185.5168638108,291933.3333333333,0.0,0.0,0.0,0.0,0.0,0.0,89,0.0,3.0,0.0,0.0,0,nothing,0.0,51.489683071548846,0.17706945272975455,16971.82183283166
88194e6c47fffff,0.0,0.0,0.0,5.0,0.0,0.0,0.0,1.0,29.0,0.0,7.0,0.0,7494432.664175565,1021302.0454545454,0.0,62.0,14.0,1.0,0.0,0.0,92,5.0,18.0,6.0,0.0,0,nothing,0.0,51.481925911911524,0.18127504623335877,16971.987550593018
88194e6c49fffff,0.0,0.0,0.0,0.0,0.0,0.0,0.0,0.0,0.0,0.0,0.0,0.0,110954.65898025027,131289.45454545456,0.0,1.0,0.0,0.0,0.0,0.0,73,0.0,0.0,0.0,0.0,0,nothing,0.0,51.49320769877583,0.19715313025009043,16970.412770631243
88194e6c4bfffff,0.0,0.0,0.0,0.0,0.0,0.0,0.0,0.0,0.0,0.0,0.0,0.0,0.0,0.0,0.0,0.0,0.0,0.0,0.0,0.0,75,0.0,2.0,0.0,0.0,0,nothing,0.0,51.48545067600661,0.2013555199006582,16970.57835802167
88194e6c4dfffff,0.0,0.0,0.0,0.0,0.0,0.0,0.0,0.0,1.0,0.0,0.0,0.0,17122.58299583238,19516.0,0.0,0.0,0.0,0.0,0.0,0.0,80,0.0,5.0,0.0,0.0,0,nothing,0.0,51.49532430101702,0.1850089381786063,16971.03435441966
88194e6c55fffff,0.0,0.0,0.0,1.0,0.0,0.0,0.0,0.0,0.0,0.0,0.0,0.0,0.0,767044.6944444445,0.0,4.0,4.0,0.0,0.0,0.0,86,0.0,0.0,1.0,0.0,0,nothing,0.0,51.47205243080838,0.19761896954761088,16971.530955097456
88194e6c57fffff,0.0,0.0,0.0,0.0,0.0,0.0,0.0,0.0,0.0,0.0,0.0,0.0,0.0,11845.75,0.0,0.0,0.0,0.0,0.0,0.0,88,0.0,0.0,0.0,0.0,0,nothing,0.0,51.46429434600777,0.20181972229408437,16971.696012596272
88194e6c59fffff,0.0,0.0,0.0,0.0,0.0,0.0,0.0,0.0,1.0,0.0,0.0,0.0,0.0,0.0,0.0,0.0,0.0,0.0,0.0,0.0,70,0.0,0.0,0.0,0.0,0,nothing,0.0,51.475575324098095,0.21769412269763488,16970.121694712805
88194e6c5dfffff,0.0,0.0,0.0,0.0,0.0,0.0,0.0,0.0,2.0,0.0,0.0,0.0,0.0,116381.0,0.0,0.0,0.0,0.0,0.0,0.0,77,0.0,0.0,0.0,0.0,0,nothing,0.0,51.4776932556966,0.20555661397052966,16970.74370752241
88194e6c61fffff,0.0,0.0,0.0,0.0,0.0,1.0,0.0,0.0,3.0,0.0,0.0,0.0,72656.81383731967,2318431.7575757573,0.0,4.0,8.0,0.0,0.0,0.0,111,0.0,1.0,2.0,0.0,0,nothing,0.0,51.48615428819023,0.15698474812993998,16973.231149486408
88194e6c63fffff,0.0,0.0,0.0,0.0,0.0,0.0,0.0,0.0,34.0,0.0,1.0,0.0,0.0,1489367.7121212122,0.0,4.0,13.0,0.0,0.0,0.0,113,0.0,5.0,5.0,0.0,0,nothing,0.0,51.478396992513815,0.16119354477550088,16973.3969977483
88194e6c65fffff,0.0,0.0,0.0,1.0,1.0,2.0,0.0,0.0,4.0,0.0,3.0,0.0,222012.19742880622,1286419.6926406927,0.0,19.0,12.0,0.0,0.0,0.0,121,0.0,3.0,5.0,0.0,0,nothing,0.0,51.4882668698686,0.14483632644865388,16973.852857074187
88194e6c67fffff,0.0,0.0,0.0,1.0,0.0,0.0,0.0,0.0,17.0,0.0,3.0,0.0,155682.00237390414,441805.45454545453,0.0,3.0,11.0,0.0,0.0,0.0,125,1.0,32.0,2.0,0.0,0,nothing,0.0,51.4805097057587,0.14904737340129667,16974.018889757954
88194e6c69fffff,0.0,0.0,0.0,2.0,0.0,0.0,0.0,0.0,2.0,0.0,1.0,0.0,4890683.35468837,1209104.6666666667,0.0,13.0,9.0,0.0,0.0,0.0,98,0.0,0.0,2.0,0.0,0,nothing,0.0,51.49179766396969,0.16492314446081605,16972.443478583846
88194e6c6bfffff,0.0,0.0,0.0,1.0,0.0,0.0,0.0,0.0,55.0,0.0,2.0,0.0,614301.5555870722,995841.2666666666,0.0,20.0,13.0,0.0,0.0,0.0,101,2.0,5.0,3.0,0.0,0,nothing,0.0,51.484040635339895,0.16913098822611566,16972.60938062033
88194e6c6dfffff,0.0,0.0,0.0,1.0,0.0,0.0,0.0,0.0,10.0,0.0,0.0,0.0,3881850.111607538,1432987.691287879,0.0,20.0,10.0,1.0,0.0,0.0,108,0.0,3.0,0.0,0.0,0,nothing,0.0,51.493911185364894,0.15277465374039992,16973.06506307822
88194e6cedfffff,0.0,0.0,0.0,0.0,0.0,0.0,0.0,0.0,0.0,0.0,0.0,0.0,0.0,0.0,0.0,1.0,0.0,0.0,0.0,0.0,129,0.0,0.0,0.0,0.0,0,nothing,0.0,51.439604550035156,0.18221808124277475,16974.222664389872
88194e6d01fffff,0.0,0.0,0.0,0.0,0.0,0.0,0.0,1.0,886.0,0.0,1.0,0.0,6428.510745511803,1540783.7340608465,0.0,10.0,3.0,0.0,0.0,0.0,191,0.0,20.0,7.0,0.0,0,nothing,0.0,51.48330029064009,0.09250481850620931,16977.294145727956
88194e6d03fffff,0.0,0.0,0.0,0.0,0.0,0.0,0.0,0.0,2.0,0.0,0.0,0.0,5407.494873486846,1081431.5545454544,0.0,6.0,10.0,0.0,0.0,0.0,195,0.0,2.0,4.0,0.0,0,nothing,0.0,51.47554299119041,0.09672452043771962,16977.460624908937
88194e6d05fffff,0.0,0.0,1.0,5.0,1.0,0.0,0.0,0.0,1100.0,0.0,4.0,0.0,144308.4114288203,3181322.927890267,0.0,14.0,12.0,0.0,0.0,0.0,205,0.0,22.0,10.0,1.0,0,nothing,0.0,51.4854067009883,0.08034782220711119,16977.915853141625
88194e6d07fffff,0.0,0.0,0.0,3.0,0.0,0.0,0.0,0.0,18.0,0.0,2.0,0.0,0.0,1953711.1912457913,0.0,9.0,17.0,0.0,0.0,0.0,209,1.0,22.0,5.0,0.0,0,nothing,0.0,51.4776495351194,0.08456977525000524,16978.08251723212
88194e6d09fffff,0.0,0.0,0.0,1.0,0.0,0.0,0.0,0.0,36.0,0.0,0.0,0.0,286835.5082817318,2114620.6875,0.0,12.0,13.0,0.0,0.0,0.0,175,0.0,0.0,6.0,0.0,0,nothing,0.0,51.48894983961955,0.1004408857739831,16976.50584363683
88194e6d0bfffff,0.0,0.0,0.0,0.0,0.0,0.0,0.0,0.0,16.0,0.0,0.0,0.0,0.0,3164854.628787879,0.0,1.0,10.0,0.0,0.0,0.0,178,0.0,17.0,2.0,0.0,0,nothing,0.0,51.48119280645357,0.10465963698138421,16976.672376525617
88194e6d0dfffff,0.0,0.0,0.0,5.0,1.0,0.0,0.0,1.0,188.0,0.0,3.0,0.0,1558487.4667589127,5966775.1311149355,0.0,33.0,17.0,1.0,0.0,0.0,187,1.0,1.0,3.0,0.0,0,nothing,0.0,51.49105719033661,0.08828381586797589,16977.127427980085
88194e6d11fffff,0.0,0.0,0.0,2.0,0.0,0.0,0.0,0.0,6.0,0.0,2.0,0.0,961667.1164599835,3671577.4843073594,0.0,7.0,12.0,0.0,0.0,0.0,185,1.0,1.0,1.0,0.0,0,nothing,0.0,51.465677542256394,0.11309323986655023,16977.004726670795
88194e6d13fffff,0.0,0.0,0.0,2.0,0.0,0.0,0.0,0.0,10.0,0.0,0.0,0.0,2134231.0593744377,5549194.583333333,0.0,5.0,6.0,0.0,0.0,0.0,188,1.0,15.0,1.0,0.0,0,nothing,0.0,51.45791931199342,0.1173080926543192,16977.170543785156
88194e6d15fffff,0.0,0.0,0.0,0.0,0.0,0.0,0.0,0.0,7.0,0.0,0.0,0.0,352505.6514177287,2786726.1964285714,0.0,8.0,9.0,1.0,0.0,0.0,199,2.0,0.0,1.0,0.0,0,nothing,0.0,51.4677852923717,0.10094292221786663,16977.626865451908
88194e6d17fffff,0.0,0.0,0.0,5.0,0.0,0.0,0.0,0.0,15.0,0.0,0.0,0.0,303778.5306912253,2625491.637987013,0.0,21.0,13.0,0.0,0.0,0.0,202,1.0,0.0,1.0,0.0,0,nothing,0.0,51.46002719456822,0.10516002440177484,16977.79286728578
88194e6d19fffff,0.0,0.0,0.0,0.0,0.0,0.0,0.0,0.0,0.0,0.0,1.0,0.0,0.0,1035238.8906926408,0.0,0.0,4.0,0.0,0.0,0.0,169,0.0,0.0,2.0,0.0,0,nothing,0.0,51.47132668375502,0.12102747791035444,16976.216655304626
88194e6d1bfffff,0.0,0.0,0.0,0.0,0.0,0.0,0.0,1.0,1.0,0.0,0.0,0.0,551010.0624154637,1733813.5625,0.0,3.0,8.0,0.0,0.0,0.0,172,1.0,1.0,1.0,0.0,0,nothing,1.0,51.46356871979204,0.12524137990184742,16976.382526412217
88194e6d1dfffff,0.0,0.0,0.0,1.0,0.0,0.0,0.0,0.0,1.0,0.0,0.0,0.0,50997.223504597554,1946028.4545454546,0.0,4.0,8.0,0.0,0.0,0.0,181,0.0,1.0,1.0,0.0,0,nothing,0.0,51.47343537387115,0.10887708816053177,16976.838670893958
88194e6d21fffff,0.0,0.0,0.0,0.0,0.0,0.0,0.0,0.0,13.0,0.0,0.0,0.0,1064361.4444153148,4206821.7550505055,0.0,34.0,12.0,0.0,0.0,0.0,238,0.0,4.0,4.0,0.0,0,nothing,0.0,51.48185940043329,0.060253754516948324,16979.326116332777
88194e6d23fffff,0.0,0.0,0.0,0.0,0.0,0.0,0.0,1.0,2.0,0.0,1.0,0.0,27999.123061175127,1033816.1136363636,0.0,8.0,12.0,0.0,0.0,0.0,243,0.0,0.0,6.0,0.0,0,nothing,0.0,51.47410210269107,0.0644789086718164,16979.492911755602
88194e6d25fffff,0.0,0.0,0.0,1.0,0.0,0.0,0.0,0.0,25.0,0.0,1.0,0.0,237839.2713822491,2073057.4765151516,0.0,21.0,7.0,0.0,0.0,0.0,253,0.0,13.0,7.0,0.0,0,nothing,0.0,51.48396272063161,0.04809247999253839,16979.94782287492
88194e6d27fffff,0.0,0.0,0.0,1.0,0.0,0.0,0.0,0.0,4.0,0.0,0.0,0.0,3101687.8225783114,826982.2013888889,0.0,25.0,10.0,0.0,0.0,0.0,257,0.0,6.0,1.0,0.0,0,nothing,0.0,51.476205557478,0.05231988565468658,16980.1148034516
88194e6d29fffff,0.0,0.0,0.0,20.0,3.0,0.0,0.0,4.0,690.0,0.0,11.0,0.0,595758.3467655736,4721617.200042088,0.0,56.0,27.0,2.0,2.0,0.0,219,7.0,5.0,11.0,0.0,0,nothing,0.0,51.48751203690468,0.06818864859364013,16978.537498649053
88194e6d2bfffff,0.0,0.0,0.0,6.0,2.0,0.0,0.0,0.0,190.0,0.0,3.0,0.0,0.0,827395.7601010102,0.0,16.0,13.0,0.0,0.0,0.0,223,0.0,6.0,6.0,1.0,0,nothing,0.0,51.479755005064796,0.07241285310643007,16978.704347745937
88194e6d2dfffff,0.0,0.0,0.0,5.0,1.0,0.0,0.0,0.0,290.0,0.0,2.0,0.0,619083.2286832378,3572558.751199495,0.0,67.0,14.0,1.0,0.0,0.0,234,2.0,2.0,9.0,0.0,0,nothing,0.0,51.48961629779587,0.056027298176291075,16979.159082132595
88194e6d31fffff,0.0,0.0,0.0,0.0,0.0,0.0,0.0,0.0,2.0,0.0,0.0,0.0,213409.46641541005,3570423.6666666665,1.0,15.0,6.0,0.0,0.0,384.8396501457726,231,0.0,1.0,0.0,0.0,1,Public use,0.0,51.46423974164143,0.08085735816449492,16979.03732967561
88194e6d33fffff,0.0,0.0,0.0,2.0,0.0,0.0,0.0,0.0,1.0,0.0,1.0,0.0,264269.8092287471,18240326.28472222,3.0,1.0,8.0,0.0,0.0,1154.5189504373177,235,0.0,0.0,3.0,0.0,1,Public use,0.0,51.4564815108267,0.08507765982064854,16979.203462365957
88194e6d35fffff,0.0,0.0,0.0,3.0,0.0,0.0,0.0,0.0,97.0,0.0,0.0,0.0,228854.79591508125,5228476.472222222,0.0,20.0,8.0,0.0,0.0,0.0,246,0.0,46.0,3.0,0.0,0,nothing,0.0,51.466344404953645,0.06870276119674174,16979.659468329723
88194e6d37fffff,0.0,0.0,0.0,0.0,0.0,0.0,0.0,0.0,7.0,0.0,0.0,0.0,52866.592226074776,2297754.8888888885,0.0,12.0,10.0,1.0,0.0,0.0,250,0.0,29.0,0.0,0.0,0,nothing,0.0,51.45858630760547,0.07292531264715098,16979.825785983874
88194e6d39fffff,0.0,0.0,0.0,0.0,0.0,0.0,0.0,0.0,3.0,0.0,0.0,0.0,32476.951951119343,2655539.48989899,0.0,10.0,1.0,0.0,0.0,0.0,213,0.0,6.0,0.0,0.0,0,nothing,0.0,51.46989196954474,0.08879042746336861,16978.248942638107
88194e6d3bfffff,0.0,0.0,0.0,0.0,0.0,0.0,0.0,0.0,2.0,0.0,0.0,0.0,468029.351019891,2624616.152281746,3.0,20.0,11.0,0.0,0.0,1154.5189504373177,217,0.0,2.0,0.0,0.0,1,Public use,0.0,51.4621340046486,0.09300977940250386,16978.415129288434
88194e6d3dfffff,0.0,0.0,0.0,2.0,0.0,0.0,0.0,0.0,17.0,0.0,0.0,0.0,36925.2531330196,1308275.0,0.0,1.0,0.0,0.0,0.0,0.0,227,0.0,18.0,2.0,0.0,0,nothing,0.0,51.47199757318226,0.07663575611153463,16978.87095811188
88194e6d41fffff,0.0,0.0,0.0,0.0,0.0,0.0,0.0,0.0,4.0,0.0,0.0,0.0,2232198.545490569,5222658.020833333,0.0,50.0,6.0,0.0,0.0,0.0,154,0.0,4.0,1.0,0.0,0,nothing,0.0,51.502354548808896,0.10415887644559478,16975.5507861349
88194e6d43fffff,0.0,0.0,0.0,2.0,1.0,0.0,0.0,1.0,18.0,0.0,0.0,0.0,104761.44165835934,4168522.212121212,0.0,28.0,19.0,0.0,0.0,0.0,158,1.0,15.0,5.0,0.0,0,nothing,1.0,51.49459818193312,0.10837797694698156,16975.717610996162
88194e6d45fffff,0.0,0.0,0.0,0.0,0.0,0.0,0.0,0.0,6.0,0.0,0.0,0.0,491867.663416605,500404.55555555556,0.0,29.0,4.0,0.0,0.0,0.0,167,1.0,18.0,0.0,0.0,0,nothing,0.0,51.504462706165896,0.09199948105244019,16976.17206258252
88194e6d47fffff,0.0,0.0,0.0,0.0,0.0,0.0,0.0,0.0,7.0,0.0,0.0,0.0,4012952.8408576716,1608491.6666666667,0.0,12.0,6.0,0.0,0.0,0.0,171,0.0,0.0,2.0,0.0,0,nothing,0.0,51.49670647298501,0.09622083398289863,16976.339072298728
88194e6d49fffff,0.0,0.0,0.0,4.0,0.0,0.0,1.0,0.0,8.0,1.0,2.0,0.0,1224775.3585811974,1992542.6666666665,0.0,19.0,10.0,0.0,0.0,384.8396501457726,139,1.0,27.0,5.0,0.0,0,nothing,0.0,51.50800141768384,0.11209794314956033,16974.762569525894
88194e6d4bfffff,0.0,0.0,0.0,1.0,0.0,0.0,0.0,0.0,10.0,0.0,1.0,0.0,96364.01373979547,5209260.888888889,0.0,19.0,11.0,0.0,0.0,96.20991253644316,142,0.0,0.0,5.0,2.0,0,nothing,0.0,51.50024531745636,0.11631609191869113,16974.929447843304
88194e6d4dfffff,0.0,0.0,0.0,0.0,0.0,0.0,1.0,0.0,1.0,0.0,0.0,0.0,2663548.3834181936,843093.3333333333,0.0,4.0,0.0,0.0,0.0,0.0,151,1.0,18.0,0.0,0.0,0,nothing,0.0,51.51011051545292,0.09993847492802964,16975.383723012998
88194e6d51fffff,0.0,0.0,0.0,0.0,0.0,0.0,0.0,0.0,8.0,0.0,0.0,0.0,3186.7186425162135,399533.2727272727,0.0,11.0,9.0,0.0,0.0,0.0,149,0.0,14.0,2.0,0.0,0,nothing,0.0,51.4847319177003,0.12474848900180378,16975.262489763827
88194e6d53fffff,0.0,0.0,0.0,0.0,0.0,0.0,0.0,0.0,2.0,0.0,0.0,0.0,24970.816965075315,2519267.2666666666,0.0,1.0,9.0,0.0,0.0,0.0,152,0.0,1.0,6.0,0.0,0,nothing,0.0,51.47697461893951,0.12896273842654662,16975.428653224822
88194e6d55fffff,0.0,0.0,0.0,0.0,0.0,0.0,0.0,0.0,6.0,0.0,0.0,0.0,0.0,2160454.4595959596,0.0,3.0,10.0,0.0,0.0,0.0,162,0.0,1.0,6.0,0.0,0,nothing,0.0,51.48684141520956,0.11259577698796329,16975.884197525604
88194e6d57fffff,0.0,0.0,0.0,0.0,1.0,0.0,0.0,0.0,23.0,0.0,0.0,0.0,128289.88976844281,314073.9090909091,0.0,0.0,7.0,0.0,0.0,0.0,165,0.0,24.0,1.0,0.0,0,nothing,0.0,51.47908424902219,0.11681227712401111,16976.050545652106
88194e6d59fffff,0.0,0.0,0.0,1.0,0.0,0.0,0.0,0.0,21.0,0.0,0.0,0.0,4842.42316305245,1974024.9025974027,0.0,21.0,12.0,0.0,0.0,0.0,134,0.0,8.0,2.0,0.0,0,nothing,0.0,51.49037837978112,0.13268572368707499,16974.474503266563
88194e6d5bfffff,0.0,0.0,0.0,1.0,0.0,0.0,0.0,0.0,4.0,1.0,0.0,0.0,0.0,202956.6,0.0,2.0,6.0,0.0,0.0,0.0,137,0.0,14.0,1.0,0.0,0,nothing,0.0,51.482621347685445,0.1368990213083047,16974.640720468862
88194e6d5dfffff,0.0,0.0,1.0,1.0,1.0,0.0,0.0,1.0,14.0,0.0,1.0,0.0,1340528.838264912,1264791.0984848484,0.0,71.0,20.0,1.0,3.0,0.0,146,1.0,9.0,6.0,0.0,0,nothing,0.0,51.49248881733389,0.12053294035093055,16975.09608794632
88194e6d61fffff,0.0,0.0,0.0,0.0,0.0,0.0,0.0,0.0,20.0,0.0,0.0,0.0,190054.70160742282,2296135.4166666665,0.0,16.0,6.0,0.0,0.0,0.0,197,0.0,8.0,1.0,0.0,0,nothing,0.0,51.50091983207175,0.07190001140998126,16977.581809192136
88194e6d63fffff,0.0,0.0,1.0,5.0,4.0,0.0,2.0,0.0,72.0,0.0,1.0,1.0,456308.99802654755,4784143.822165508,0.0,62.0,11.0,1.0,0.0,0.0,201,7.0,29.0,4.0,0.0,0,nothing,0.0,51.49316346676715,0.07612456777907534,16977.74895043785
88194e6d65fffff,0.0,0.0,1.0,3.0,2.0,1.0,0.0,1.0,28.0,0.0,1.0,0.0,5427409.103792906,2987282.958333333,0.0,47.0,9.0,1.0,0.0,0.0,212,1.0,6.0,6.0,0.0,0,nothing,0.0,51.50302489891922,0.059736332821379724,16978.203084547826
88194e6d67fffff,0.0,0.0,0.0,19.0,4.0,0.0,0.0,1.0,134.0,1.0,0.0,2.0,2295394.135541058,5233509.525,0.0,57.0,18.0,0.0,0.0,0.0,216,3.0,23.0,6.0,0.0,0,nothing,1.0,51.4952686683176,0.06396314201733742,16978.370410892545
88194e6d69fffff,0.0,0.0,0.0,4.0,0.0,0.0,0.0,0.0,41.0,0.0,0.0,0.0,540238.2537360544,476646.9166666667,0.0,11.0,2.0,0.0,0.0,0.0,180,19.0,51.0,1.0,1.0,0,nothing,0.0,51.506569788933504,0.07983790624842141,16976.79327706869
88194e6d6bfffff,0.0,0.0,0.0,1.0,2.0,0.0,2.0,0.0,10.0,0.0,1.0,0.0,461852.963371332,2446145.304752568,0.0,43.0,14.0,0.0,0.0,0.0,184,4.0,8.0,2.0,0.0,0,nothing,0.0,51.49881368989579,0.08406151196737009,16976.96047173656
88194e6d6dfffff,0.0,0.0,0.0,7.0,0.0,2.0,0.0,1.0,50.0,0.0,3.0,0.0,3077773.0177296093,3014690.5791666666,0.0,44.0,19.0,2.0,2.0,0.0,193,0.0,64.0,3.0,0.0,0,nothing,0.0,51.50867579651791,0.06767415254368989,16977.41442947586
88194e6d81fffff,0.0,0.0,0.0,0.0,0.0,0.0,0.0,0.0,2.0,0.0,0.0,0.0,7278.304241044479,604921.5,0.0,1.0,11.0,0.0,0.0,0.0,218,0.0,4.0,2.0,0.0,0,nothing,0.0,51.42899082119156,0.12201544826653288,16978.45448611169
88194e6d83fffff,0.0,0.0,0.0,2.0,1.0,0.0,0.0,0.0,22.0,0.0,0.0,0.0,1848131.7547585175,1042676.7833333333,0.0,1.0,1.0,0.0,0.0,0.0,221,0.0,9.0,4.0,0.0,0,nothing,0.0,51.42123073422825,0.1262260607854688,16978.619293336782
88194e6d85fffff,0.0,0.0,0.0,0.0,0.0,0.0,0.0,0.0,0.0,0.0,0.0,0.0,1020763.5373859848,1569886.638888889,0.0,1.0,12.0,0.0,0.0,0.0,232,0.0,0.0,3.0,0.0,0,nothing,0.0,51.43109815953583,0.10987419551335008,16979.07748691253
88194e6d87fffff,0.0,0.0,0.0,0.0,0.0,1.0,0.0,0.0,5.0,0.0,0.0,0.0,776564.2206801344,3229049.013888889,0.0,3.0,6.0,0.0,0.0,0.0,236,0.0,13.0,3.0,0.0,0,nothing,0.0,51.4233382037975,0.11408705440123054,16979.24247871981
88194e6d89fffff,0.0,0.0,0.0,2.0,1.0,0.0,0.0,0.0,34.0,0.0,0.0,0.0,165011.76983455004,1261248.8819444445,3.0,0.0,5.0,1.0,0.0,1154.5189504373177,199,1.0,7.0,3.0,0.0,1,Public use,0.0,51.4346422331571,0.12994486305238923,16977.666562444767
88194e6d8bfffff,0.0,0.0,0.0,0.0,0.0,0.0,0.0,0.0,20.0,0.0,1.0,0.0,1304.2695905243395,5737330.833333334,0.0,5.0,2.0,0.0,0.0,0.0,203,0.0,19.0,2.0,0.0,0,nothing,0.0,51.42688241214325,0.13415452570998912,16977.831424201002
88194e6d8dfffff,0.0,0.0,0.0,0.0,0.0,0.0,0.0,0.0,0.0,0.0,0.0,0.0,124680.877564975,1667805.625,0.0,0.0,14.0,0.0,0.0,0.0,214,0.0,0.0,1.0,0.0,0,nothing,0.0,51.436750511091546,0.11780353892250547,16978.28943982332
88194e6d91fffff,0.0,0.0,0.0,0.0,0.0,0.0,0.0,0.0,0.0,0.0,0.0,0.0,28371.787426689225,1819314.5833333333,0.0,3.0,3.0,0.0,0.0,0.0,211,0.0,0.0,0.0,0.0,0,nothing,0.0,51.41136158031852,0.14256996313355214,16978.160430594384
88194e6d93fffff,0.0,0.0,0.0,0.0,0.0,0.0,0.0,0.0,0.0,0.0,0.0,0.0,0.0,0.0,0.0,0.0,0.0,0.0,0.0,0.0,215,0.0,0.0,1.0,0.0,0,nothing,0.0,51.40360057027629,0.14677573900552773,16978.32457509059
88194e6d95fffff,0.0,0.0,1.0,5.0,0.0,0.0,1.0,0.0,10.0,0.0,0.0,0.0,4161716.218886527,6623193.083333333,0.0,12.0,6.0,0.0,0.0,0.0,226,3.0,0.0,1.0,0.0,0,nothing,0.0,51.41347025058601,0.13043537703268201,16978.783861428008
88194e6d97fffff,0.0,0.0,0.0,0.0,0.0,0.0,0.0,0.0,0.0,0.0,0.0,0.0,0.0,5102830.75,0.0,0.0,0.0,0.0,0.0,0.0,229,0.0,2.0,0.0,0.0,0,nothing,0.0,51.40570937064922,0.13464339756126784,16978.948190314837
88194e6d9bfffff,0.0,0.0,0.0,0.0,0.0,0.0,0.0,0.0,0.0,0.0,0.0,0.0,0.0,0.0,0.0,0.0,1.0,0.0,0.0,0.0,197,0.0,0.0,1.0,0.0,0,nothing,0.0,51.409251840833996,0.1547023741395708,16977.536938962487
88194e6d9dfffff,0.0,0.0,0.0,0.0,0.0,0.0,0.0,0.0,0.0,0.0,0.0,0.0,1734.0730896901282,702641.5,0.0,2.0,2.0,0.0,0.0,0.0,207,0.0,0.0,1.0,0.0,0,nothing,0.0,51.41912219440228,0.1383628922193259,16977.996046941043
88194e6da1fffff,0.0,0.0,0.0,0.0,0.0,0.0,0.0,1.0,1.0,0.0,0.0,0.0,768242.9485783981,4318191.604166667,0.0,2.0,4.0,0.0,0.0,0.0,266,0.0,3.0,0.0,0.0,0,nothing,0.0,51.427549929795646,0.08980251880410628,16980.488665978104
88194e6da3fffff,0.0,0.0,0.0,0.0,0.0,0.0,0.0,0.0,7.0,0.0,0.0,0.0,512109.40816379065,4736482.628472222,0.0,3.0,11.0,0.0,0.0,0.0,271,0.0,2.0,1.0,0.0,0,nothing,0.0,51.419789840161684,0.09401857320466102,16980.65378796609
88194e6da5fffff,0.0,0.0,0.0,1.0,0.0,0.0,0.0,0.0,8.0,0.0,0.0,0.0,830822.1354367093,3529294.875,0.0,0.0,7.0,0.0,0.0,0.0,282,0.0,0.0,2.0,0.0,0,nothing,0.0,51.429654185039546,0.07765699060483759,16981.11166761837
88194e6da7fffff,0.0,0.0,0.0,0.0,0.0,0.0,0.0,0.0,3.0,0.0,0.0,0.0,221296.85702735643,2012201.5416666667,0.0,0.0,0.0,0.0,0.0,0.0,287,0.0,0.0,0.0,0.0,0,nothing,0.0,51.421894227636656,0.08187529177292718,16981.27697443305
88194e6da9fffff,0.0,0.0,0.0,2.0,1.0,0.0,0.0,0.0,14.0,0.0,0.0,0.0,3236935.6501645353,825890.5597222222,0.0,7.0,13.0,1.0,0.0,0.0,247,0.0,1.0,6.0,0.0,0,nothing,0.0,51.433204426583366,0.09773076795630477,16979.70042648612
88194e6dabfffff,0.0,0.0,0.0,2.0,0.0,0.0,0.0,0.0,19.0,0.0,3.0,0.0,2709134.6656380133,4379538.833148148,0.0,17.0,15.0,0.0,0.0,0.0,251,0.0,47.0,8.0,0.0,0,nothing,1.0,51.425444602517466,0.1019458735720013,16979.86560297274
88194e6dadfffff,0.0,0.0,0.0,0.0,0.0,0.0,0.0,0.0,11.0,0.0,0.0,0.0,71852.28618733985,966635.4583333334,0.0,3.0,6.0,0.0,0.0,0.0,262,0.0,17.0,1.0,0.0,0,nothing,0.0,51.43530962174158,0.0855851661022851,16980.323304714973
88194e6db1fffff,0.0,0.0,0.0,0.0,0.0,0.0,0.0,0.0,8.0,0.0,0.0,0.0,1256488.5643050477,2878647.0833333335,0.0,10.0,13.0,0.0,0.0,0.0,259,0.0,1.0,6.0,0.0,0,nothing,0.0,51.409923762715586,0.11037219248258395,16980.195238190976
88194e6db3fffff,0.0,0.0,2.0,3.0,0.0,0.0,0.0,0.0,7.0,0.0,0.0,0.0,595321.9285646195,0.0,0.0,7.0,6.0,0.0,0.0,0.0,263,1.0,2.0,4.0,0.0,0,nothing,0.0,51.40216274774874,0.11458340688429039,16980.359696781263
88194e6db5fffff,0.0,0.0,0.0,0.0,0.0,0.0,0.0,0.0,6.0,0.0,0.0,0.0,17442.53439617541,5797707.685185185,0.0,0.0,2.0,0.0,0.0,0.0,275,0.0,6.0,0.0,0.0,0,nothing,0.0,51.41202935322436,0.0982333298577666,16980.81867060812
88194e6db7fffff,0.0,0.0,0.0,0.0,1.0,0.0,0.0,1.0,25.0,0.0,1.0,0.0,241367.04985729815,1226435.3333333333,0.0,1.0,9.0,0.0,0.0,0.0,280,0.0,9.0,3.0,0.0,0,nothing,0.0,51.40426846936833,0.10244678931692221,16980.98331383348
88194e6db9fffff,0.0,0.0,0.0,3.0,1.0,0.0,1.0,0.0,8.0,0.0,1.0,0.0,7283836.853029009,6233243.552777778,0.0,30.0,12.0,0.0,0.0,0.0,241,2.0,26.0,6.0,0.0,0,nothing,0.0,51.415577851043984,0.11829861634084936,16979.407231346082
88194e6dbbfffff,0.0,0.0,0.0,0.0,0.0,0.0,0.0,0.0,1.0,0.0,0.0,0.0,1462908.8880643798,3972366.783333333,0.0,0.0,0.0,0.0,0.0,0.0,245,2.0,0.0,0.0,0.0,0,nothing,0.0,51.407817101659774,0.12250888188549898,16979.571744720743
88194e6dbdfffff,0.0,0.0,0.0,2.0,0.0,0.0,0.0,0.0,8.0,0.0,0.0,0.0,2283773.39121454,12821533.24537037,0.0,10.0,3.0,0.0,0.0,0.0,255,0.0,12.0,0.0,0.0,0,nothing,0.0,51.41768438110001,0.1061596815629004,16980.03054023126
88194e6dc1fffff,0.0,0.0,0.0,0.0,0.0,0.0,0.0,0.0,0.0,0.0,0.0,0.0,101887.15521672895,18845099.18531746,0.0,5.0,11.0,0.0,0.0,0.0,179,0.0,2.0,0.0,0.0,0,nothing,0.0,51.44805159731503,0.13366528971857292,16976.7135527091
88194e6dc3fffff,0.0,0.0,0.0,0.0,0.0,0.0,0.0,0.0,0.0,0.0,0.0,0.0,55220.32610924015,546105.3501984127,0.0,0.0,5.0,0.0,0.0,0.0,182,0.0,0.0,0.0,0.0,0,nothing,0.0,51.440292439569184,0.1378752986522033,16976.878707756867
88194e6dc5fffff,0.0,0.0,0.0,1.0,0.0,0.0,0.0,0.0,5.0,0.0,0.0,0.0,93245.45547050991,12083416.608754177,0.0,4.0,14.0,0.0,0.0,0.0,192,0.0,0.0,1.0,0.0,0,nothing,0.0,51.45016068346642,0.12152164707841606,16977.33612216614
88194e6dc7fffff,0.0,0.0,0.0,2.0,0.0,0.0,0.0,0.0,8.0,0.0,0.0,0.0,104347.93743908602,5713191.361101713,3.0,2.0,4.0,0.0,0.0,1154.5189504373177,195,0.0,12.0,2.0,1.0,1,Public use,0.0,51.44240165705958,0.12573390369310655,16977.501461742922
88194e6dc9fffff,0.0,0.0,0.0,1.0,2.0,0.0,0.0,0.0,25.0,0.0,9.0,0.0,723083.0148447085,4356483.612163743,0.0,34.0,13.0,0.0,0.0,0.0,162,4.0,6.0,11.0,0.0,0,nothing,0.0,51.453700331733195,0.14159769689219698,16975.925712759563
88194e6dcbfffff,0.0,0.0,0.0,0.0,0.0,0.0,0.0,0.0,1.0,0.0,0.0,0.0,397282.7247932129,4018504.005059524,0.0,7.0,4.0,0.0,0.0,0.0,166,1.0,1.0,1.0,0.0,0,nothing,0.0,51.44594144030307,0.14580675495918796,16976.090922085765
88194e6dcdfffff,0.0,0.0,1.0,0.0,1.0,0.0,0.0,0.0,3.0,0.0,0.0,0.0,111445.02033180588,5817261.206944444,0.0,16.0,10.0,0.0,0.0,0.0,175,1.0,0.0,1.0,0.0,0,nothing,0.0,51.45581035751736,0.12945398365315652,16976.548158903974
88194e6dd1fffff,0.0,0.0,0.0,0.0,0.0,0.0,0.0,0.0,0.0,0.0,0.0,0.0,0.0,636930.3333333333,2.0,1.0,0.0,0.0,0.0,6798.833819241982,173,0.0,0.0,0.0,0.0,1,Public use,0.0,51.43042246620503,0.1542209822841467,16976.420624536153
88194e6dd5fffff,0.0,0.0,0.0,1.0,0.0,0.0,0.0,0.0,2.0,0.0,0.0,0.0,370002.7841039392,903516.6666666667,2.0,2.0,4.0,0.0,0.0,769.6793002915452,186,0.0,2.0,1.0,0.0,1,Public use,0.0,51.432532884663985,0.14208401100777268,16977.04362397662
88194e6dd7fffff,0.0,0.0,0.0,0.0,0.0,0.0,0.0,0.0,0.0,0.0,0.0,0.0,0.0,542110.0,0.0,0.0,0.0,0.0,0.0,0.0,189,0.0,0.0,0.0,0.0,0,nothing,0.0,51.42477293298357,0.14629142733877076,16977.208301297796
88194e6dd9fffff,0.0,0.0,0.0,0.0,0.0,0.0,0.0,0.0,0.0,0.0,0.0,0.0,49719.25743997436,2854862.895833333,0.0,0.0,6.0,0.0,0.0,3206.997084548105,156,0.0,1.0,1.0,0.0,0,nothing,0.0,51.436070793942015,0.16215155694844724,16975.63301669397
88194e6ddbfffff,0.0,0.0,0.0,0.0,0.0,0.0,0.0,0.0,0.0,0.0,0.0,0.0,0.0,0.0,0.0,0.0,1.0,0.0,0.0,0.0,160,0.0,0.0,1.0,0.0,0,nothing,0.0,51.428310978373155,0.16635577637801682,16975.797564240544
88194e6dddfffff,0.0,0.0,0.0,0.0,0.0,0.0,1.0,0.0,12.0,0.0,0.0,0.0,1323030.800995022,4723519.784722222,3.0,10.0,9.0,1.0,0.0,6766.763848396501,169,0.0,3.0,9.0,0.0,1,Public use,0.0,51.43818215166567,0.15001451657199422,16976.25589270148
88194e6de1fffff,0.0,0.0,0.0,5.0,1.0,0.0,0.0,0.0,15.0,0.0,0.0,0.0,121533.65197014793,1136618.0,0.0,2.0,17.0,0.0,0.0,0.0,224,1.0,11.0,7.0,0.0,0,nothing,0.0,51.446616878429126,0.10144458467800588,16978.746786037816
88194e6de3fffff,0.0,0.0,0.0,1.0,0.0,0.0,0.0,0.0,14.0,0.0,0.0,0.0,1301467.3372740608,14376.0,0.0,2.0,2.0,0.0,0.0,0.0,228,0.0,30.0,3.0,0.0,0,nothing,0.0,51.438857717874505,0.105660039123572,16978.91225599494
88194e6de5fffff,0.0,0.0,0.0,0.0,0.0,0.0,0.0,0.0,0.0,0.0,0.0,0.0,277906.12179913884,2596200.409722222,0.0,7.0,4.0,0.0,0.0,0.0,239,0.0,8.0,2.0,0.0,0,nothing,0.0,51.448722881122485,0.08929666163490046,16979.369356111827
88194e6de7fffff,0.0,0.0,0.0,0.0,0.0,0.0,0.0,0.0,4.0,0.0,0.0,0.0,64445.2214115636,94810.5,0.0,0.0,10.0,0.0,0.0,0.0,243,0.0,0.0,3.0,0.0,0,nothing,0.0,51.44096385291321,0.09351436416198716,16979.535010842195
88194e6de9fffff,0.0,0.0,0.0,0.0,0.0,0.0,0.0,0.0,0.0,0.0,0.0,0.0,675301.6261686056,4207698.735230596,2.0,6.0,5.0,0.0,0.0,769.6793002915452,206,0.0,1.0,2.0,0.0,1,Public use,0.0,51.45226869816418,0.10937582754420612,16977.958630339574
88194e6debfffff,0.0,0.0,0.0,0.0,0.0,0.0,0.0,0.0,4.0,0.0,0.0,0.0,88815.60841552808,4110986.214400585,4.0,3.0,6.0,0.0,0.0,1154.5189504373177,210,1.0,5.0,1.0,0.0,1,Public use,0.0,51.444509803543866,0.11359033219970609,16978.124154542365
88194e6dedfffff,0.0,0.0,1.0,4.0,1.0,0.0,0.0,0.0,5.0,0.0,0.0,0.0,96862.35184284333,1856156.7744408369,4.0,13.0,13.0,0.0,0.0,1539.3586005830905,220,0.0,3.0,4.0,0.0,1,Public use,0.0,51.45437564081528,0.0972278316224655,16978.581077112
88194e6e01fffff,0.0,0.0,0.0,0.0,0.0,0.0,0.0,0.0,0.0,0.0,0.0,0.0,14462.643822413993,203114.70833333334,5.0,0.0,0.0,0.0,0.0,288.6297376093294,43,0.0,0.0,0.0,0.0,1,Public use,0.0,51.50800083810368,0.23312011028566115,16967.429845569193
88194e6e05fffff,0.0,0.0,0.0,0.0,0.0,0.0,1.0,0.0,3.0,0.0,0.0,0.0,187319.83380985586,3952924.7083333335,5.0,6.0,4.0,0.0,0.0,481.04956268221576,49,0.0,0.0,1.0,0.0,1,Public use,0.0,51.51012132754798,0.22097790816031798,16968.051121164226
88194e6e07fffff,0.0,0.0,0.0,1.0,0.0,0.0,0.0,0.0,0.0,0.0,0.0,0.0,296144.2448618323,5856836.208333334,1.0,15.0,0.0,0.0,0.0,1166.1807580174927,50,0.0,0.0,0.0,0.0,1,Public use,0.0,51.50236510801548,0.22517743330002565,16968.216869575725
88194e6e09fffff,0.0,0.0,0.0,0.0,0.0,0.0,0.0,0.0,0.0,0.0,0.0,0.0,0.0,0.0,2.0,0.0,0.0,0.0,0.0,0.0,36,0.0,0.0,0.0,0.0,1,Public use,0.0,51.51363536102982,0.24106380668272198,16966.64289102912
88194e6e0dfffff,0.0,0.0,0.0,0.0,0.0,0.0,0.0,0.0,0.0,0.0,0.0,0.0,0.0,687465.1666666667,0.0,0.0,0.0,0.0,0.0,0.0,41,0.0,0.0,0.0,0.0,0,nothing,0.0,51.5157567895733,0.22892154086559768,16967.26404361777
88194e6e21fffff,0.0,0.0,0.0,0.0,0.0,0.0,0.0,0.0,0.0,0.0,0.0,0.0,0.0,113825.0,5.0,0.0,0.0,0.0,0.0,5830.903790087464,63,1.0,0.0,0.0,0.0,1,Public use,0.0,51.50660313923726,0.20089097147975232,16969.45960587495
88194e6e23fffff,0.0,0.0,0.0,0.0,0.0,0.0,0.0,0.0,0.0,0.0,0.0,0.0,0.0,56773.818181818184,0.0,0.0,0.0,0.0,0.0,0.0,64,0.0,0.0,0.0,0.0,0,nothing,0.0,51.498846782026284,0.20509370274387367,16969.625484708195
88194e6e25fffff,0.0,0.0,0.0,0.0,0.0,0.0,0.0,0.0,3.0,0.0,0.0,0.0,0.0,154475.08333333334,0.0,4.0,0.0,0.0,0.0,0.0,70,0.0,0.0,0.0,0.0,0,nothing,0.0,51.50872055015863,0.18874446198991449,16970.08088246353
88194e6e27fffff,0.0,0.0,0.0,0.0,0.0,0.0,0.0,0.0,0.0,0.0,0.0,0.0,1597.984174059297,379674.9090909091,0.0,0.0,0.0,0.0,0.0,0.0,72,0.0,0.0,0.0,0.0,0,nothing,0.0,51.50096432362092,0.19294944446465925,16970.24694542166
88194e6e29fffff,0.0,0.0,1.0,0.0,0.0,0.0,0.0,0.0,0.0,0.0,0.0,0.0,184234.80112244427,457262.5,1.0,2.0,4.0,0.0,0.0,1166.1807580174927,55,0.0,0.0,0.0,0.0,1,Public use,0.0,51.51224074774287,0.20883351911551123,16968.67233581676
88194e6e2bfffff,0.0,0.0,0.0,0.0,0.0,0.0,0.0,0.0,0.0,0.0,0.0,0.0,0.0,9508602.583333334,6.0,1.0,2.0,0.0,0.0,6997.084548104956,57,0.0,0.0,1.0,0.0,1,Public use,0.0,51.504484658324685,0.2130352954168077,16968.83826820677
88194e6e2dfffff,0.0,0.0,0.0,0.0,0.0,0.0,0.0,0.0,4.0,0.0,0.0,0.0,1386375.3434498021,312033.10000000003,4.0,10.0,5.0,0.0,0.0,4664.723032069971,61,0.0,18.0,6.0,0.0,1,Public use,0.0,51.51435909809366,0.19668694365190473,16969.293489410116
88194e6e35fffff,0.0,0.0,0.0,0.0,0.0,0.0,0.0,0.0,1.0,0.0,0.0,0.0,6130.1868373449815,0.0,0.0,2.0,0.0,0.0,0.0,0.0,66,0.0,2.0,0.0,0.0,0,nothing,0.0,51.49109002684397,0.2092951379988017,16969.79112583925
88194e6e37fffff,0.0,0.0,0.0,0.0,0.0,0.0,0.0,0.0,1.0,0.0,0.0,0.0,0.0,0.0,0.0,0.0,0.0,0.0,0.0,0.0,68,0.0,0.0,0.0,0.0,0,nothing,0.0,51.483332874073476,0.21349527779872893,16969.956529197603
88194e6e39fffff,0.0,0.0,0.0,0.0,0.0,0.0,0.0,0.0,0.0,0.0,0.0,0.0,0.0,0.0,0.0,0.0,0.0,0.0,0.0,1166.1807580174927,52,0.0,0.0,0.0,0.0,0,nothing,0.0,51.49460849080031,0.22937566323683603,16968.38238044828
88194e6e3dfffff,0.0,0.0,0.0,0.0,0.0,0.0,0.0,0.0,0.0,0.0,0.0,0.0,0.0,8044329.250000001,3.0,0.0,0.0,0.0,0.0,4664.723032069971,58,0.0,0.0,0.0,0.0,1,Public use,0.0,51.49672817088794,0.2172357758348004,16969.003963011495
88194e6e41fffff,0.0,0.0,0.0,0.0,0.0,0.0,0.0,0.0,0.0,0.0,0.0,0.0,10486.26210996656,0.0,0.0,0.0,0.0,0.0,0.0,0.0,28,0.0,0.0,0.0,0.0,0,nothing,0.0,51.52702409153955,0.24481186572548452,16965.69009716169
88194e6e43fffff,0.0,0.0,0.0,0.0,0.0,0.0,0.0,0.0,0.0,0.0,0.0,0.0,664882.3188051896,0.0,0.0,0.0,0.0,0.0,0.0,0.0,30,0.0,1.0,0.0,0.0,0,nothing,0.0,51.51926867667135,0.24900852238203877,16965.856005992682
88194e6e45fffff,0.0,0.0,0.0,0.0,0.0,0.0,0.0,0.0,1.0,0.0,0.0,0.0,33985.64937802348,0.0,0.0,0.0,0.0,0.0,0.0,0.0,34,0.0,0.0,0.0,0.0,0,nothing,0.0,51.52914632936646,0.232667284660363,16966.310942945
88194e6e49fffff,0.0,0.0,0.0,0.0,0.0,0.0,0.0,0.0,0.0,0.0,0.0,0.0,526736.0181270299,0.0,3.0,0.0,0.0,0.0,0.0,0.0,22,0.0,0.0,0.0,0.0,1,Public use,0.0,51.532655931235624,0.25275855766163846,16964.90322832624
88194e6e4bfffff,0.0,0.0,0.0,0.0,0.0,0.0,0.0,0.0,0.0,1.0,0.0,0.0,0.0,0.0,2.0,0.0,0.0,0.0,0.0,0.0,24,0.0,0.0,0.0,0.0,1,Public use,0.0,51.5249007849059,0.25695425727425136,16965.069190496983
88194e6e4dfffff,0.0,0.0,0.0,0.0,0.0,0.0,0.0,0.0,0.0,0.0,0.0,0.0,0.0,0.0,1.0,0.0,0.0,0.0,0.0,384.8396501457726,27,0.0,0.0,0.0,0.0,1,Public use,0.0,51.53477910820113,0.24061391369143645,16965.523951212348
88194e6e61fffff,0.0,0.0,0.0,0.0,0.0,0.0,0.0,0.0,1.0,0.0,0.0,0.0,36174.68996435735,451831.8,0.0,0.0,10.0,0.0,0.0,0.0,45,0.0,7.0,3.0,0.0,0,nothing,0.0,51.52563257203294,0.2125749700546581,16967.718912006454
88194e6e63fffff,0.0,0.0,0.0,0.0,0.0,0.0,0.0,0.0,9.0,0.0,0.0,0.0,24835.064499626824,417114.775,2.0,2.0,0.0,0.0,0.0,192.4198250728863,47,0.0,2.0,0.0,0.0,1,Public use,0.0,51.51787714901479,0.21677708726339961,16967.885135284283
88194e6e65fffff,0.0,0.0,0.0,0.0,0.0,0.0,0.0,0.0,15.0,0.0,0.0,0.0,2418.788047555072,1257182.3083333333,0.0,0.0,0.0,0.0,0.0,0.0,51,0.0,11.0,0.0,0.0,0,nothing,0.0,51.52775173099124,0.2004260766444014,16968.339758563292
88194e6e67fffff,0.0,0.0,0.0,0.0,0.0,0.0,0.0,0.0,15.0,0.0,0.0,0.0,398314.3469915565,5816704.899999999,1.0,5.0,6.0,0.0,0.0,96.20991253644316,53,0.0,19.0,7.0,0.0,1,Public use,0.0,51.519996438759414,0.2046304463763367,16968.506165912047
88194e6e69fffff,0.0,0.0,0.0,0.0,0.0,0.0,0.0,0.0,0.0,0.0,0.0,0.0,86117.05862584998,76291.20000000001,0.0,0.0,0.0,0.0,0.0,0.0,39,0.0,3.0,0.0,0.0,0,nothing,0.0,51.531267497791475,0.2205205145781798,16966.931727730433
88194e6e6bfffff,0.0,0.0,0.0,0.0,0.0,0.0,0.0,0.0,2.0,0.0,0.0,0.0,59817.80123879897,1741982.4000000001,0.0,0.0,0.0,0.0,0.0,0.0,40,0.0,0.0,0.0,0.0,0,nothing,0.0,51.523512342930196,0.22472167581465516,16967.098004314663
88194e6e6dfffff,0.0,0.0,0.0,0.0,0.0,0.0,0.0,0.0,19.0,0.0,0.0,0.0,4553.464557541947,0.0,0.0,0.0,0.0,0.0,0.0,0.0,44,0.0,21.0,0.0,0.0,0,nothing,0.0,51.53338759621947,0.20837155597919166,16967.552451401396
88194e6f01fffff,0.0,0.0,0.0,0.0,0.0,0.0,0.0,0.0,7.0,0.0,0.0,0.0,1615728.2486017072,15261507.916666666,6.0,17.0,4.0,1.0,0.0,6997.084548104956,88,1.0,0.0,2.0,0.0,1,Public use,0.0,51.522821789162705,0.14807878765591828,16971.77749085556
88194e6f03fffff,0.0,0.0,0.0,0.0,0.0,0.0,0.0,0.0,1.0,0.0,0.0,0.0,4762235.161330007,0.0,0.0,15.0,1.0,0.0,0.0,0.0,91,0.0,0.0,0.0,0.0,0,nothing,0.0,51.51506635703039,0.15229182522901144,16971.944344583215
88194e6f05fffff,0.0,0.0,0.0,1.0,0.0,0.0,0.0,0.0,2.0,0.0,0.0,0.0,1362551.141012611,2169148.333333333,9.0,9.0,2.0,0.0,0.0,8536.443148688046,97,0.0,0.0,0.0,0.0,1,Public use,0.0,51.52493478137347,0.13592128764160272,16972.39833740015
88194e6f07fffff,0.0,0.0,0.0,0.0,0.0,0.0,0.0,0.0,0.0,0.0,0.0,0.0,577275.1715805314,0.0,0.0,0.0,0.0,0.0,0.0,0.0,100,0.0,0.0,0.0,0.0,0,nothing,0.0,51.517179482042,0.14013657855818654,16972.5653756845
88194e6f09fffff,0.0,0.0,0.0,0.0,0.0,0.0,0.0,0.0,0.0,0.0,1.0,0.0,57258.83198986909,4084294.0402777777,0.0,16.0,9.0,0.0,0.0,0.0,80,1.0,2.0,3.0,0.0,0,nothing,0.0,51.528462888873285,0.15602202001696241,16970.98967570054
88194e6f0bfffff,0.0,0.0,0.0,0.0,0.0,0.0,0.0,0.0,8.0,0.0,0.0,0.0,65647439.88976991,9478757.288690476,6.0,17.0,0.0,0.0,0.0,6997.084548104956,81,1.0,0.0,0.0,0.0,1,Public use,0.0,51.52070772413477,0.16023410376908165,16971.156582667227
88194e6f0dfffff,0.0,0.0,0.0,1.0,1.0,0.0,0.0,0.0,27.0,1.0,2.0,0.0,8174007.056744031,10908025.066666666,0.0,60.0,10.0,0.0,0.0,1924.198250728863,86,4.0,0.0,4.0,0.0,0,nothing,0.0,51.530576821211916,0.14386445024220518,16971.610399382535
88194e6f11fffff,0.0,0.0,0.0,0.0,0.0,0.0,0.0,0.0,1.0,0.0,0.0,0.0,3392973.168370949,0.0,0.0,0.0,0.0,0.0,0.0,0.0,85,0.0,0.0,0.0,0.0,0,nothing,0.0,51.50519619580137,0.16865437434839284,16971.489683431697
88194e6f13fffff,0.0,0.0,0.0,0.0,0.0,0.0,0.0,0.0,0.0,0.0,0.0,0.0,2571668.9559194427,267733.0,0.0,1.0,1.0,0.0,0.0,0.0,87,0.0,0.0,0.0,0.0,0,nothing,0.0,51.497439832973264,0.17286256228630126,16971.65587708765
88194e6f15fffff,0.0,0.0,0.0,0.0,0.0,0.0,0.0,0.0,2.0,0.0,0.0,0.0,162601.72730810387,0.0,0.0,1.0,0.0,0.0,0.0,0.0,93,0.0,0.0,0.0,0.0,0,nothing,0.0,51.50731052519847,0.1565035635172962,16972.110960494436
88194e6f17fffff,0.0,0.0,0.0,0.0,0.0,0.0,0.0,0.0,1.0,0.0,0.0,0.0,76703.4965269563,83994.66666666667,0.0,7.0,5.0,0.0,0.0,0.0,95,0.0,0.0,2.0,0.0,0,nothing,0.0,51.49955429405038,0.16071400307614503,16972.27733851828
88194e6f19fffff,0.0,0.0,0.0,0.0,0.0,0.0,0.0,0.0,1.0,0.0,0.0,0.0,71252436.53578994,10756876.901785715,0.0,0.0,0.0,0.0,0.0,0.0,76,0.0,0.0,0.0,0.0,0,nothing,0.0,51.51083689049427,0.17659576744933206,16970.702097855716
88194e6f1bfffff,0.0,0.0,0.0,0.0,0.0,0.0,0.0,0.0,0.0,0.0,0.0,0.0,394154.8192562403,0.0,0.0,3.0,0.0,0.0,0.0,0.0,78,0.0,1.0,0.0,0.0,0,nothing,0.0,51.50308079507741,0.1808030014986575,16970.868345035113
88194e6f1dfffff,0.0,0.0,0.0,0.0,0.0,0.0,0.0,0.0,0.0,0.0,0.0,0.0,379213550.06374055,630386.9226190476,0.0,5.0,0.0,0.0,0.0,0.0,83,0.0,0.0,0.0,0.0,0,nothing,0.0,51.51295215964968,0.16444488836105112,16971.323251934595
88194e6f21fffff,0.0,0.0,0.0,1.0,0.0,0.0,1.0,0.0,3.0,0.0,0.0,0.0,1703332.5485965395,763538.0,14.0,44.0,13.0,1.0,0.0,26306.122448979593,120,1.0,5.0,1.0,0.0,1,Public use,0.0,51.52140251258039,0.1158195366248363,16973.80725277649
88194e6f23fffff,0.0,0.0,0.0,0.0,0.0,0.0,0.0,0.0,2.0,0.0,0.0,1.0,250651.17715416558,46022.75,0.0,1.0,1.0,0.0,0.0,0.0,123,0.0,0.0,1.0,0.0,0,nothing,0.0,51.51364707948562,0.12003803398815124,16973.974422508967
88194e6f25fffff,0.0,0.0,0.0,2.0,1.0,0.0,0.0,0.0,10.0,0.0,2.0,0.0,207725.29589476017,281519.3333333333,4.0,24.0,9.0,0.0,0.0,2758.0174927113703,133,1.0,4.0,2.0,0.0,1,Public use,0.0,51.523512416918486,0.10365774237701603,16974.42809853267
88194e6f27fffff,0.0,0.0,0.0,0.0,0.0,0.0,0.0,0.0,5.0,0.0,0.0,0.0,830970.2130055496,0.0,2.0,17.0,1.0,0.0,0.0,2428.5714285714284,136,0.0,0.0,0.0,0.0,1,Public use,0.0,51.51575711763248,0.10787849348769801,16974.595453065267
88194e6f29fffff,0.0,0.0,0.0,1.0,0.0,1.0,0.0,0.0,5.0,0.0,1.0,0.0,903113.2261729818,4017189.541666667,5.0,31.0,5.0,0.0,0.0,6215.7434402332365,107,0.0,3.0,1.0,0.0,1,Public use,0.0,51.52704670017258,0.12376160423260647,16973.019122183832
88194e6f2bfffff,0.0,0.0,0.0,0.0,0.0,0.0,0.0,0.0,0.0,0.0,0.0,0.0,11556.469393169044,10568.0,0.0,0.0,0.0,0.0,0.0,0.0,109,0.0,0.0,0.0,0.0,0,nothing,0.0,51.51929153409013,0.12797914885451042,16973.186345121332
88194e6f2dfffff,0.0,0.0,0.0,3.0,1.0,0.0,0.0,0.0,23.0,0.0,1.0,0.0,314135.4231121493,6952024.333333334,0.0,28.0,10.0,0.0,0.0,0.0,118,1.0,8.0,2.0,0.0,0,nothing,0.0,51.5291575449656,0.11159973793632029,16973.639845089372
88194e6f31fffff,0.0,0.0,0.0,0.0,0.0,0.0,0.0,0.0,5.0,0.0,0.0,0.0,823727.5519945376,340635.75,0.0,10.0,0.0,0.0,0.0,0.0,116,0.0,0.0,0.0,0.0,0,nothing,0.0,51.50378000119038,0.13641033671885883,16973.520077199373
88194e6f33fffff,0.0,0.0,0.0,0.0,0.0,0.0,0.0,0.0,7.0,0.0,0.0,0.0,889952.1351120934,3105324.387987013,0.0,19.0,5.0,0.0,0.0,0.0,119,0.0,0.0,2.0,0.0,0,nothing,0.0,51.4960236351404,0.14062398107287533,16973.68658619769
88194e6f35fffff,0.0,0.0,0.0,0.0,0.0,0.0,0.0,0.0,6.0,0.0,0.0,0.0,502505.51678865496,1511225.5694444445,0.0,2.0,9.0,0.0,0.0,0.0,127,0.0,9.0,1.0,0.0,0,nothing,0.0,51.505891246064984,0.12425523058242645,16974.14135421557
88194e6f37fffff,0.0,0.0,0.0,0.0,0.0,0.0,0.0,1.0,1.0,0.0,0.0,0.0,155148.2870654961,3455034.509199134,0.0,5.0,6.0,0.0,0.0,0.0,130,0.0,8.0,2.0,0.0,0,nothing,0.0,51.49813501270223,0.12847112696354657,16974.308047825132
88194e6f39fffff,0.0,0.0,0.0,0.0,0.0,0.0,0.0,0.0,3.0,0.0,0.0,0.0,0.0,0.0,0.0,6.0,0.0,0.0,0.0,0.0,103,0.0,0.0,0.0,0.0,0,nothing,0.0,51.50942378267439,0.14435056950979397,16972.732176106318
88194e6f3bfffff,0.0,0.0,0.0,0.0,0.0,0.0,0.0,0.0,3.0,0.0,0.0,0.0,162601.72730810387,3349263.895833333,0.0,9.0,0.0,0.0,0.0,0.0,105,0.0,0.0,0.0,0.0,0,nothing,0.0,51.50166768365415,0.14856326105205517,16972.898738594555
88194e6f3dfffff,0.0,0.0,0.0,0.0,0.0,0.0,0.0,0.0,3.0,0.0,0.0,0.0,20150.610028984684,0.0,0.0,0.0,0.0,0.0,0.0,0.0,113,0.0,0.0,0.0,0.0,0,nothing,0.0,51.51153596763485,0.13219539283129225,16973.35333015023
88194e6f41fffff,0.0,0.0,0.0,0.0,1.0,0.0,0.0,0.0,3.0,0.0,1.0,0.0,203446.48642454547,29629.25,0.0,6.0,6.0,0.0,0.0,0.0,69,2.0,0.0,6.0,0.0,0,nothing,0.0,51.541857278059936,0.15975384645415563,16970.034732606233
88194e6f43fffff,0.0,0.0,1.0,0.0,0.0,0.0,0.0,0.0,7.0,0.0,0.0,0.0,124052.50581011294,227178.35694444444,0.0,2.0,5.0,0.0,0.0,0.0,71,0.0,7.0,1.0,0.0,0,nothing,0.0,51.53410278105034,0.1639662755337431,16970.201930256513
88194e6f45fffff,0.0,0.0,0.0,0.0,1.0,1.0,0.0,0.0,12.0,0.0,3.0,0.0,422954.5172782995,3395245.0125,0.0,21.0,15.0,1.0,1.0,1154.5189504373177,76,0.0,4.0,2.0,0.0,0,nothing,0.0,51.54397201757717,0.1475939528088697,16970.655148953378
88194e6f47fffff,0.0,0.0,0.0,1.0,0.0,0.0,0.0,0.0,12.0,0.0,2.0,0.0,562815.421911241,279950.47500000003,0.0,22.0,10.0,0.0,0.0,384.8396501457726,78,1.0,1.0,5.0,0.0,0,nothing,0.0,51.53621765348187,0.1518086365489328,16970.82253110555
88194e6f49fffff,0.0,0.0,0.0,0.0,0.0,0.0,0.0,0.0,9.0,0.0,0.0,0.0,3989899.5695923264,2681785.583333333,0.0,5.0,6.0,1.0,1.0,0.0,61,0.0,0.0,3.0,0.0,0,nothing,1.0,51.547495694822906,0.16770007985014188,16969.247003921544
88194e6f4bfffff,0.0,0.0,0.0,0.0,0.0,0.0,0.0,0.0,4.0,0.0,1.0,0.0,50691.525397367324,2424148.25,0.0,7.0,8.0,0.0,0.0,0.0,62,0.0,1.0,4.0,0.0,0,nothing,0.0,51.53974146557059,0.17191155409844902,16969.414254560517
88194e6f4dfffff,0.0,0.0,0.0,0.0,0.0,0.0,0.0,0.0,2.0,0.0,1.0,0.0,1854.5998546638496,2966031.2916666665,0.0,7.0,7.0,0.0,0.0,0.0,67,2.0,0.0,5.0,0.0,0,nothing,0.0,51.549611374509595,0.15554011722740005,16969.867297515764
88194e6f51fffff,0.0,0.0,0.0,0.0,0.0,0.0,0.0,0.0,7.0,0.0,0.0,0.0,842790.9861427946,2827243.044047619,0.0,23.0,13.0,0.0,0.0,0.0,65,1.0,5.0,2.0,0.0,0,nothing,0.0,51.52423180677879,0.18033060475317256,16969.748043584477
88194e6f53fffff,0.0,0.0,0.0,1.0,0.0,0.0,0.0,0.0,6.0,0.0,0.0,0.0,205885.42227185587,10105035.858333334,7.0,15.0,2.0,1.0,0.0,8163.265306122449,68,0.0,4.0,1.0,0.0,1,Public use,0.0,51.51647637800566,0.18453818227110694,16969.91458182755
88194e6f55fffff,0.0,0.0,0.0,0.0,0.0,0.0,0.0,0.0,27.0,0.0,0.0,0.0,217370.76438041357,4642860.415119048,0.0,32.0,9.0,0.0,0.0,0.0,73,1.0,0.0,4.0,0.0,0,nothing,0.0,51.526347883864034,0.1681774050222983,16970.36889039551
88194e6f57fffff,0.0,0.0,0.0,0.0,0.0,0.0,0.0,0.0,5.0,0.0,0.0,0.0,127461160.62762621,9467769.978670634,7.0,18.0,4.0,0.0,0.0,8163.265306122449,74,0.0,1.0,2.0,0.0,1,Public use,0.0,51.518592586884246,0.17238723547564228,16970.535612952222
88194e6f59fffff,0.0,0.0,0.0,0.0,0.0,0.0,0.0,0.0,13.0,0.0,0.0,0.0,401642.28078577213,4249112.905753968,0.0,13.0,13.0,0.0,0.0,0.0,58,0.0,3.0,2.0,0.0,0,nothing,0.0,51.52986981921018,0.18827499608558576,16968.960543868463
88194e6f5bfffff,0.0,0.0,0.0,1.0,1.0,0.0,0.0,0.0,52.0,0.0,3.0,0.0,6213448.164256365,2070608.8652777777,0.0,40.0,11.0,0.0,0.0,0.0,59,3.0,88.0,8.0,0.0,0,nothing,0.0,51.52211465821234,0.19248161870554995,16969.127135384373
88194e6f5dfffff,0.0,0.0,0.0,0.0,0.0,0.0,0.0,0.0,1.0,0.0,0.0,0.0,14415.834996945556,2903997.521428571,0.0,1.0,3.0,0.0,0.0,0.0,64,0.0,0.0,0.0,0.0,0,nothing,0.0,51.53198683609484,0.17612172888082786,16969.58126780516
88194e6f61fffff,0.0,0.0,0.0,0.0,0.0,2.0,0.0,0.0,6.0,0.0,0.0,0.0,14266.147100273742,1062849.1666666665,0.0,19.0,9.0,1.0,1.0,0.0,92,0.0,5.0,5.0,0.0,0,nothing,0.0,51.54044417839377,0.12748680368918483,16972.063547528465
88194e6f63fffff,0.0,0.0,0.0,1.0,0.0,0.0,0.0,0.0,10.0,0.0,0.0,0.0,6242718.53712273,1815321.875,0.0,47.0,4.0,0.0,0.0,0.0,95,0.0,1.0,3.0,0.0,0,nothing,0.0,51.53268968028523,0.13170469620402106,16972.2310613244
88194e6f65fffff,0.0,0.0,0.0,5.0,1.0,0.0,0.0,0.0,25.0,0.0,1.0,0.0,222338.6652287213,1636224.8968253967,0.0,9.0,4.0,0.0,0.0,0.0,102,0.0,9.0,5.0,0.0,0,nothing,0.0,51.54255582968467,0.11532261082828747,16972.683962868006
88194e6f67fffff,0.0,0.0,0.0,0.0,0.0,0.0,0.0,0.0,5.0,0.0,0.0,0.0,103830.8676165717,10761230.444444446,0.0,41.0,6.0,0.0,0.0,0.0,105,1.0,0.0,4.0,0.0,0,nothing,0.0,51.53480146549862,0.11954275840935226,16972.851661408957
88194e6f69fffff,0.0,0.0,0.0,0.0,0.0,0.0,0.0,0.0,12.0,0.0,0.0,0.0,328750.2395140614,2291124.8666666667,0.0,24.0,4.0,0.0,0.0,0.0,82,0.0,0.0,2.0,0.0,0,nothing,0.0,51.54608568352736,0.13543187366866197,16971.275503484896
88194e6f6bfffff,0.0,0.0,0.0,0.0,0.0,0.0,0.0,0.0,0.0,0.0,0.0,0.0,16253.628584512342,466697.87500000006,0.0,13.0,5.0,0.0,0.0,0.0,84,0.0,9.0,5.0,0.0,0,nothing,0.0,51.538331452794594,0.13964881243190805,16971.44307023524
88194e6f6dfffff,0.0,0.0,0.0,0.0,1.0,0.0,0.0,0.0,1.0,0.0,0.0,0.0,0.0,2478717.755483405,0.0,14.0,9.0,0.0,0.0,0.0,90,0.0,0.0,3.0,0.0,0,nothing,0.0,51.548198275315634,0.12326760954057651,16971.895796083627
88194e78a5fffff,0.0,0.0,0.0,0.0,0.0,0.0,0.0,0.0,0.0,0.0,0.0,0.0,0.0,0.0,1.0,0.0,0.0,0.0,0.0,0.0,35,0.0,0.0,0.0,0.0,1,Taxi,0.0,51.67150861993559,0.10013930978618452,16966.538766298112
88195d3441fffff,0.0,0.0,0.0,0.0,0.0,0.0,0.0,0.0,0.0,0.0,0.0,0.0,0.0,681721.9642857143,0.0,0.0,0.0,0.0,0.0,0.0,997,0.0,0.0,0.0,0.0,0,nothing,0.0,51.45594068350998,-0.4891280883526201,17013.91672817394
88195d3445fffff,0.0,0.0,0.0,0.0,0.0,0.0,0.0,0.0,0.0,0.0,0.0,0.0,0.0,378239.75,0.0,0.0,0.0,0.0,0.0,0.0,999,0.0,0.0,0.0,0.0,0,nothing,0.0,51.45799101699296,-0.5013611533418189,17014.53833851716
88195d3449fffff,0.0,0.0,0.0,0.0,0.0,0.0,0.0,0.0,0.0,0.0,0.0,0.0,119772.24086084054,9195801.162698412,0.0,1.0,0.0,0.0,0.0,0.0,995,0.0,0.0,0.0,0.0,0,nothing,0.0,51.4616458942183,-0.4812140233916847,17013.122745998568
88195d344bfffff,0.0,0.0,0.0,0.0,0.0,0.0,0.0,0.0,0.0,0.0,0.0,0.0,0.0,305001.4285714286,0.0,0.0,0.0,0.0,0.0,0.0,996,0.0,0.0,0.0,0.0,0,nothing,0.0,51.45388925235912,-0.47689716632970564,17013.295051346784
88195d344dfffff,0.0,0.0,0.0,0.0,0.0,0.0,0.0,0.0,0.0,0.0,0.0,0.0,0.0,7235166.759920635,0.0,1.0,0.0,0.0,0.0,384.8396501457726,997,0.0,0.0,1.0,0.0,0,nothing,0.0,51.463697173693184,-0.4934472033469305,17013.74423351661
88195d3459fffff,0.0,0.0,0.0,0.0,0.0,0.0,0.0,0.0,5.0,0.0,0.0,0.0,658586.2206701976,1141698.5,0.0,0.0,1.0,0.0,0.0,0.0,994,0.0,0.0,0.0,0.0,0,nothing,0.0,51.44407952062503,-0.46035511410501784,17012.845182012737
88195d345bfffff,0.0,0.0,0.0,0.0,0.0,0.0,0.0,0.0,1.0,0.0,0.0,0.0,64734.1590820444,257656.0,0.0,0.0,0.0,0.0,0.0,0.0,995,0.0,0.0,0.0,0.0,0,nothing,0.0,51.43632190708766,-0.45604316556544927,17013.016813511218
88195d3601fffff,0.0,0.0,0.0,1.0,0.0,0.0,0.0,0.0,8.0,0.0,0.0,0.0,10411723.592986412,2934690.0,0.0,5.0,2.0,0.0,0.0,0.0,973,2.0,0.0,0.0,0.0,0,nothing,0.0,51.47669907875703,-0.44523418151918615,17010.120033111863
88195d3603fffff,0.0,0.0,0.0,3.0,1.0,0.0,0.0,0.0,4.0,0.0,1.0,0.0,0.0,0.0,0.0,0.0,0.0,0.0,0.0,0.0,975,0.0,2.0,5.0,0.0,0,nothing,0.0,51.46894306524029,-0.44092237830920833,17010.29230819665
88195d3605fffff,0.0,0.0,0.0,1.0,0.0,0.0,0.0,0.0,4.0,0.0,0.0,0.0,60636988.93019901,5132956.25,0.0,49.0,3.0,0.0,0.0,0.0,981,1.0,0.0,0.0,0.0,0,nothing,0.0,51.47875429316926,-0.45746555661304056,17010.741218727508
88195d3607fffff,0.0,2.0,0.0,31.0,1.0,0.0,1.0,0.0,52.0,0.0,29.0,0.0,6678480.173131393,0.0,0.0,23.0,23.0,2.0,3.0,0.0,982,2.0,43.0,56.0,0.0,0,nothing,0.0,51.47099843054346,-0.453151494785166,17010.913682864215
88195d3609fffff,0.0,0.0,0.0,5.0,0.0,0.0,0.0,0.0,9.0,0.0,0.0,0.0,9970945.862073613,1372514.0300925926,7.0,17.0,8.0,0.0,0.0,0.0,963,2.0,4.0,2.0,0.0,1,Taxi,1.0,51.48239852116042,-0.4373158237035006,17009.326453293208
88195d360bfffff,0.0,0.0,0.0,0.0,0.0,1.0,0.0,0.0,0.0,0.0,0.0,0.0,0.0,468535.45454545453,0.0,0.0,1.0,0.0,0.0,0.0,966,0.0,0.0,0.0,0.0,0,nothing,0.0,51.474642767815816,-0.43300495347374995,17009.49878122483
88195d360dfffff,0.0,0.0,1.0,1.0,0.0,0.0,0.0,0.0,8.0,0.0,0.0,0.0,3498043.5081349234,9691046.333333334,0.0,17.0,7.0,0.0,0.0,0.0,972,3.0,3.0,0.0,0.0,0,nothing,0.0,51.484454681321715,-0.44954731070554355,17009.947516181102
88195d3611fffff,0.0,0.0,0.0,1.0,0.0,0.0,0.0,0.0,5.0,0.0,0.0,0.0,199437.18467076943,2254055.058333333,0.0,19.0,4.0,0.0,0.0,0.0,970,0.0,0.0,1.0,0.0,0,nothing,0.0,51.45913002968141,-0.42438718836396383,17009.842711612848
88195d3613fffff,1.0,0.0,0.0,0.0,0.0,25.0,0.0,0.0,7.0,0.0,0.0,0.0,103779.859101349,1592350.7625,0.0,39.0,8.0,0.0,0.0,0.0,972,0.0,0.0,1.0,0.0,0,nothing,0.0,51.45137304566792,-0.4200802923595768,17010.014313920165
88195d3615fffff,0.0,0.0,0.0,0.0,0.0,0.0,0.0,0.0,2.0,0.0,0.0,0.0,582025.6462146594,0.0,0.0,14.0,4.0,0.0,0.0,0.0,977,0.0,0.0,1.0,0.0,0,nothing,0.0,51.461186641159735,-0.43661190051308446,17010.464341360785
88195d3617fffff,0.0,0.0,0.0,5.0,0.0,0.0,1.0,0.0,44.0,0.0,2.0,0.0,184063.35331681673,366455.4,0.0,70.0,12.0,0.0,0.0,0.0,979,1.0,6.0,7.0,0.0,0,nothing,0.0,51.45342980690362,-0.43230274756852743,17010.636132529675
88195d3619fffff,0.0,0.0,0.0,1.0,0.0,0.0,0.0,0.0,36.0,0.0,0.0,0.0,2880189.3399987565,11523646.84090909,0.0,26.0,4.0,0.0,0.0,0.0,959,1.0,0.0,1.0,0.0,0,nothing,0.0,51.4648290469926,-0.41647058604970966,17009.049360464192
88195d361bfffff,0.0,0.0,0.0,3.0,0.0,0.0,0.0,0.0,10.0,0.0,0.0,0.0,5177728.285826535,4465880.144444444,0.0,12.0,9.0,0.0,0.0,0.0,962,1.0,0.0,3.0,0.0,0,nothing,0.0,51.457072323167516,-0.4121646231434784,17009.221015911844
88195d361dfffff,0.0,0.0,0.0,0.0,0.0,0.0,0.0,0.0,2.0,0.0,0.0,0.0,35609215.06960631,1086566.3863636362,1.0,19.0,5.0,1.0,5.0,0.0,968,2.0,5.0,0.0,0.0,1,Taxi,0.0,51.4668866038601,-0.42869540854801597,17009.67086735624
88195d3621fffff,0.0,0.0,0.0,1.0,0.0,0.0,0.0,0.0,0.0,0.0,0.0,0.0,2314451.7969157044,602424.3333333334,0.0,2.0,0.0,0.0,0.0,0.0,991,0.0,0.0,3.0,0.0,0,nothing,0.0,51.475105870560256,-0.47761616568396986,17012.15623319556
88195d3623fffff,0.0,0.0,0.0,0.0,0.0,0.0,0.0,0.0,0.0,0.0,0.0,0.0,314001.0458188992,1028304.0,0.0,1.0,0.0,1.0,0.0,0.0,991,0.0,1.0,0.0,0.0,0,nothing,0.0,51.46734989948567,-0.4732989130514053,17012.3288336739
88195d3625fffff,0.0,0.0,0.0,0.0,0.0,0.0,0.0,0.0,1.0,0.0,0.0,0.0,14311020.847499602,3704827.9399509802,0.0,37.0,2.0,1.0,0.0,0.0,993,4.0,5.0,0.0,0.0,0,nothing,0.0,51.477157944094756,-0.4898517190056699,17012.777408616494
88195d3627fffff,0.0,0.0,0.0,10.0,0.0,0.0,0.0,1.0,17.0,0.0,10.0,0.0,8561088.913125228,3146244.242997199,0.0,15.0,32.0,4.0,0.0,0.0,994,0.0,13.0,8.0,0.0,0,nothing,0.0,51.469402124926354,-0.48553220742939257,17012.95019839684
88195d3629fffff,0.0,0.0,0.0,3.0,0.0,0.0,0.0,0.0,9.0,0.0,0.0,0.0,64802652.50476473,4586795.333333334,0.0,88.0,8.0,0.0,0.0,0.0,986,13.0,1.0,0.0,0.0,0,nothing,0.0,51.48080841046278,-0.46969907820565593,17011.36233795045
88195d362bfffff,0.0,0.0,0.0,2.0,0.0,0.0,0.0,0.0,0.0,0.0,0.0,0.0,0.0,43716.0,0.0,0.0,0.0,0.0,0.0,0.0,987,1.0,3.0,0.0,0.0,0,nothing,0.0,51.47305269917999,-0.4653827574267788,17011.53499123765
88195d362dfffff,0.0,0.0,0.0,1.0,0.0,0.0,0.0,0.0,4.0,0.0,0.0,0.0,51651793.07562497,5309962.034722222,0.0,66.0,8.0,1.0,0.0,0.0,989,4.0,3.0,0.0,1.0,0,nothing,0.0,51.482861430047855,-0.4819347457464243,17011.983390659272
88195d3631fffff,0.0,0.0,0.0,0.0,0.0,0.0,0.0,0.0,2.0,0.0,0.0,0.0,16585196.345931754,351781.5,0.0,21.0,7.0,0.0,0.0,0.0,989,3.0,0.0,0.0,0.0,0,nothing,0.0,51.457540043265354,-0.4567540955801325,17011.87957170059
88195d3633fffff,0.0,0.0,0.0,2.0,0.0,0.0,0.0,0.0,5.0,0.0,2.0,0.0,2404794.5825111377,6562825.744444444,0.0,22.0,2.0,0.0,0.0,0.0,990,3.0,0.0,0.0,0.0,0,nothing,0.0,51.44978309941036,-0.452441753387204,17012.05149872683
88195d3635fffff,0.0,0.0,0.0,0.0,0.0,0.0,0.0,0.0,0.0,0.0,0.0,0.0,874337.6806529013,2501280.0,0.0,21.0,1.0,0.0,0.0,0.0,993,2.0,0.0,0.0,0.0,0,nothing,0.0,51.459593517212596,-0.4689829872857724,17012.501192019397
88195d3639fffff,0.0,1.0,0.0,2.0,0.0,0.0,0.0,0.0,8.0,0.0,2.0,0.0,711339.5989867587,0.0,0.0,1.0,3.0,0.0,3.0,0.0,983,0.0,0.0,3.0,0.0,0,nothing,0.0,51.4632421570129,-0.4488387590432252,17011.08590503447
88195d363bfffff,0.0,0.0,0.0,1.0,0.0,0.0,1.0,0.0,8.0,0.0,2.0,0.0,15199719.692411883,4620127.316666666,0.0,45.0,15.0,2.0,1.0,0.0,985,0.0,0.0,1.0,0.0,0,nothing,0.0,51.45548547296591,-0.44452734882472433,17011.25788516357
88195d363dfffff,0.0,0.0,0.0,1.0,0.0,0.0,0.0,0.0,5.0,0.0,0.0,0.0,0.0,0.0,0.0,0.0,0.0,0.0,0.0,0.0,988,0.0,0.0,1.0,0.0,0,nothing,0.0,51.46529657665138,-0.46106776340584527,17011.707402512624
88195d3641fffff,0.0,0.0,0.0,0.0,0.0,0.0,0.0,0.0,3.0,1.0,1.0,0.0,380779.63539518777,15460094.261904761,0.0,4.0,13.0,0.0,0.0,0.0,949,0.0,0.0,2.0,0.0,0,nothing,0.0,51.49585183958985,-0.43370768399186543,17008.360321129814
88195d3643fffff,0.0,0.0,0.0,1.0,1.0,0.0,0.0,0.0,3.0,0.0,2.0,0.0,502505.60773162346,4569862.18287037,0.0,2.0,3.0,0.0,0.0,0.0,952,0.0,1.0,1.0,0.0,0,nothing,0.0,51.48809675762211,-0.42939642143394885,17008.532943445858
88195d3645fffff,0.0,0.0,0.0,3.0,0.0,0.0,0.0,0.0,2.0,0.0,0.0,0.0,1387348.5479319445,4068021.208333333,0.0,3.0,4.0,0.0,0.0,0.0,958,0.0,1.0,0.0,0.0,0,nothing,0.0,51.49790879446368,-0.4459415423258572,17008.981072328017
88195d3647fffff,0.0,0.0,0.0,0.0,0.0,0.0,0.0,0.0,9.0,0.0,0.0,0.0,351284.3176201504,3949547.0277777775,0.0,1.0,1.0,0.0,0.0,0.0,961,0.0,1.0,0.0,0.0,0,nothing,0.0,51.49015386350572,-0.4416280197999175,17009.153883636023
88195d3649fffff,0.0,0.0,0.0,2.0,1.0,0.0,0.0,0.0,15.0,0.0,0.0,0.0,774214.1619253604,1932200.0028418638,0.0,28.0,13.0,0.0,0.0,0.0,937,2.0,0.0,2.0,0.0,0,nothing,0.0,51.50154860944281,-0.4257863033773795,17007.566828699964
88195d364bfffff,0.0,0.0,0.0,0.0,0.0,0.0,0.0,0.0,0.0,0.0,0.0,0.0,0.0,6196755.573485681,0.0,0.0,7.0,0.0,0.0,0.0,940,0.0,0.0,0.0,0.0,0,nothing,0.0,51.49379378801081,-0.4214759748065138,17007.739503607365
88195d364dfffff,0.0,0.0,0.0,4.0,0.0,0.0,0.0,0.0,8.0,0.0,2.0,0.0,131106.05629288952,1675420.6907467532,0.0,0.0,7.0,0.0,0.0,0.0,946,0.0,1.0,2.0,0.0,0,nothing,0.0,51.50360651012319,-0.43802027286939105,17008.187457283264
88195d3651fffff,0.0,0.0,0.0,4.0,1.0,0.0,0.0,0.0,11.0,0.0,0.0,0.0,14442746.391042734,6332315.619537037,0.0,23.0,7.0,0.0,0.0,0.0,945,2.0,7.0,0.0,0.0,0,nothing,0.0,51.47828291225436,-0.4128592940413555,17008.084128892697
88195d3653fffff,0.0,0.0,0.0,0.0,0.0,0.0,0.0,0.0,4.0,0.0,0.0,0.0,6406514.712641579,13493899.50037037,0.0,28.0,2.0,0.0,0.0,0.0,947,3.0,4.0,0.0,0.0,0,nothing,1.0,51.470526858705746,-0.40855294072185905,17008.256079121467
88195d3655fffff,0.0,0.0,0.0,3.0,0.0,0.0,0.0,0.0,1.0,0.0,0.0,0.0,148426590.74031305,1939412.847222222,0.0,78.0,10.0,0.0,0.0,0.0,954,5.0,0.0,1.0,0.0,0,nothing,0.0,51.480341264607965,-0.4250864846326896,17008.70532415668
88195d3657fffff,0.0,0.0,0.0,0.0,0.0,0.0,0.0,0.0,2.0,0.0,0.0,0.0,36544828.589272775,4637106.25,0.0,19.0,2.0,0.0,0.0,0.0,957,1.0,1.0,0.0,0.0,0,nothing,0.0,51.472585360935454,-0.4207778730253966,17008.877463187644
88195d3659fffff,0.0,0.0,0.0,1.0,0.0,0.0,0.0,0.0,6.0,0.0,0.0,0.0,1585846.8362840936,8470559.623420008,0.0,13.0,12.0,0.0,0.0,0.0,932,0.0,0.0,0.0,0.0,0,nothing,0.0,51.48397925768559,-0.4049396716921108,17007.290864509006
88195d365bfffff,0.0,0.0,0.0,1.0,3.0,0.0,0.0,0.0,13.0,0.0,0.0,0.0,858691.8596514097,11859228.352777777,0.0,41.0,11.0,0.0,0.0,0.0,935,3.0,2.0,2.0,0.0,0,nothing,0.0,51.47622346468957,-0.40063425247673823,17007.46286762234
88195d365dfffff,0.0,0.0,0.0,0.0,0.0,0.0,0.0,0.0,3.0,0.0,0.0,0.0,0.0,6952686.494590643,0.0,1.0,0.0,0.0,0.0,0.0,942,0.0,5.0,0.0,0.0,0,nothing,0.0,51.486038555485365,-0.4171669718820705,17007.911937029814
88195d3661fffff,0.0,0.0,0.0,1.0,0.0,0.0,0.0,0.0,4.0,0.0,0.0,0.0,282187.9984074688,5028736.288472222,1.0,1.0,2.0,0.0,0.0,0.0,977,3.0,0.0,0.0,0.0,1,Public use,0.0,51.49426478415335,-0.46609766077794335,17010.395564853865
88195d3663fffff,0.0,0.0,0.0,0.0,0.0,0.0,0.0,0.0,1.0,0.0,0.0,0.0,233143.57215710366,3588090.9458333333,0.0,0.0,2.0,0.0,0.0,0.0,979,1.0,0.0,0.0,0.0,0,nothing,0.0,51.48650974450197,-0.4617809450896162,17010.56851269911
88195d3665fffff,0.0,0.0,1.0,1.0,0.0,0.0,0.0,0.0,2.0,0.0,0.0,0.0,50565.512116010184,18971257.930277776,0.0,2.0,7.0,0.0,0.0,0.0,983,0.0,1.0,0.0,1.0,0,nothing,0.0,51.49631859773739,-0.4783357022894936,17011.016305638892
88195d3667fffff,0.0,0.0,0.0,1.0,0.0,0.0,0.0,0.0,3.0,0.0,0.0,0.0,0.0,5653897.029722222,0.0,1.0,4.0,0.0,0.0,0.0,984,0.0,7.0,2.0,0.0,0,nothing,0.0,51.48856371011136,-0.4740167263054667,17011.189442725878
88195d3669fffff,0.0,0.0,0.0,0.0,0.0,0.0,0.0,0.0,1.0,0.0,1.0,0.0,3033074.0813811324,5024782.458333333,0.0,7.0,3.0,0.0,0.0,0.0,967,0.0,8.0,0.0,0.0,0,nothing,0.0,51.49996465204215,-0.4581775492591247,17009.601757080738
88195d366bfffff,0.0,0.0,0.0,2.0,0.0,0.0,0.0,0.0,6.0,0.0,1.0,0.0,994784.8089056576,10844262.194444444,0.0,2.0,4.0,0.0,0.0,0.0,970,1.0,0.0,1.0,0.0,0,nothing,0.0,51.49220987254615,-0.4538617664311655,17009.77475747912
88195d366dfffff,0.0,0.0,0.0,3.0,0.0,0.0,0.0,1.0,13.0,0.0,1.0,0.0,466099.6543582193,923209.4652777778,0.0,22.0,11.0,0.0,0.0,0.0,975,4.0,2.0,3.0,0.0,0,nothing,1.0,51.50201941173515,-0.4704157042413778,17010.2223752667
88195d3681fffff,0.0,0.0,0.0,0.0,0.0,0.0,0.0,0.0,0.0,0.0,0.0,0.0,0.0,286919.3333333333,0.0,0.0,0.0,0.0,0.0,0.0,985,0.0,0.0,0.0,0.0,0,nothing,0.0,51.422398375889685,-0.4150793730707187,17011.32087576371
88195d3689fffff,0.0,0.0,0.0,0.0,0.0,0.0,0.0,0.0,0.0,0.0,0.0,0.0,161168.6085759399,17717268.833333332,0.0,1.0,0.0,1.0,0.0,0.0,978,0.0,0.0,0.0,0.0,0,nothing,0.0,51.428099638500925,-0.40716754380813536,17010.52766840256
88195d368bfffff,0.0,0.0,0.0,0.0,0.0,0.0,0.0,0.0,0.0,0.0,0.0,0.0,0.0,3443032.0,0.0,0.0,0.0,0.0,0.0,0.0,980,0.0,0.0,0.0,0.0,0,nothing,0.0,51.42034101903067,-0.40286593890760397,17010.698302169298
88195d368dfffff,0.0,0.0,0.0,2.0,1.0,0.0,0.0,0.0,7.0,0.0,0.0,0.0,0.0,68585.5,0.0,2.0,2.0,0.0,0.0,0.0,984,0.0,0.0,0.0,0.0,0,nothing,0.0,51.4301568469649,-0.4193832322259347,17011.15005332015
88195d3699fffff,0.0,0.0,0.0,0.0,0.0,0.0,0.0,0.0,0.0,0.0,0.0,0.0,21664.450577705964,165705.375,0.0,0.0,0.0,0.0,0.0,0.0,975,0.0,0.0,0.0,0.0,0,nothing,0.0,51.41052339442598,-0.38635661972307495,17010.245866029847
88195d36c1fffff,0.0,0.0,0.0,1.0,0.0,0.0,0.0,0.0,8.0,0.0,0.0,0.0,9768963.084162496,2539200.316919192,0.0,38.0,3.0,0.0,0.0,0.0,967,3.0,0.0,0.0,0.0,0,nothing,3.0,51.44155764742307,-0.40355666729243894,17009.56360102291
88195d36c3fffff,0.0,0.0,0.0,0.0,0.0,0.0,0.0,0.0,2.0,0.0,0.0,0.0,592518.054017079,3424984.8617424243,0.0,5.0,11.0,0.0,0.0,0.0,969,0.0,1.0,0.0,0.0,0,nothing,0.0,51.43379969628002,-0.39925467322485036,17009.734530537764
88195d36c5fffff,0.0,0.0,1.0,9.0,0.0,0.0,0.0,0.0,43.0,0.0,0.0,0.0,2488643.957535955,1437222.1534090908,0.0,54.0,18.0,0.0,0.0,0.0,974,1.0,5.0,4.0,0.0,0,nothing,0.0,51.443615652207846,-0.41577471997307036,17010.185674203763
88195d36c7fffff,0.0,0.0,0.0,0.0,0.0,0.0,0.0,0.0,2.0,0.0,0.0,0.0,719273.3064462912,1778655.8700757576,0.0,1.0,2.0,0.0,0.0,0.0,976,0.0,0.0,2.0,0.0,0,nothing,0.0,51.43585784968942,-0.41147047064298753,17010.35679238932
88195d36c9fffff,0.0,0.0,0.0,2.0,0.0,0.0,0.0,0.0,3.0,1.0,0.0,0.0,98310.85452651711,2132861.0127192982,1.0,10.0,3.0,0.0,0.0,0.0,956,1.0,1.0,2.0,0.0,1,Public use,1.0,51.447256240034264,-0.3956418222705739,17008.770479258837
88195d36cbfffff,0.0,0.0,0.0,0.0,0.0,0.0,0.0,0.0,11.0,0.0,0.0,0.0,1189116.7457395287,7169333.139186507,1.0,22.0,10.0,0.0,0.0,0.0,958,1.0,1.0,1.0,0.0,1,Taxi,0.0,51.43949854909532,-0.39134076141720586,17008.9414622073
88195d36cdfffff,0.0,0.0,0.0,7.0,1.0,1.0,0.0,1.0,40.0,0.0,2.0,0.0,1442130.5191810995,2645302.152777778,0.0,71.0,21.0,1.0,0.0,0.0,964,1.0,6.0,13.0,0.0,0,nothing,0.0,51.44931518984829,-0.4078599837449057,17009.392429456188
88195d36d1fffff,0.0,0.0,1.0,0.0,0.0,0.0,0.0,0.0,6.0,0.0,0.0,0.0,104643.17293080804,856885.5324675324,0.0,2.0,5.0,0.0,0.0,0.0,963,0.0,4.0,2.0,0.0,0,nothing,0.0,51.4239819424733,-0.38274260428949425,17009.282702013235
88195d36d3fffff,0.0,1.0,2.0,3.0,0.0,0.0,0.0,0.0,14.0,0.0,1.0,0.0,204639.15345596807,3885146.1406926406,0.0,4.0,7.0,1.0,0.0,0.0,965,4.0,2.0,3.0,0.0,0,nothing,0.0,51.416223027566495,-0.3784455068939383,17009.452958722643
88195d36d5fffff,0.0,0.0,0.0,0.0,0.0,2.0,0.0,0.0,0.0,0.0,0.0,0.0,41735.76805251519,2151895.0,0.0,0.0,3.0,0.0,0.0,0.0,971,0.0,0.0,1.0,0.0,0,nothing,0.0,51.42604133680734,-0.3949540009811537,17009.905217926575
88195d36d7fffff,0.0,0.0,0.0,0.0,0.0,0.0,0.0,0.0,0.0,0.0,0.0,0.0,0.0,0.0,0.0,0.0,0.0,0.0,0.0,0.0,973,0.0,1.0,0.0,0.0,0,nothing,0.0,51.418282569393234,-0.390654650000703,17010.07566311528
88195d36d9fffff,0.0,0.0,0.0,0.0,1.0,0.0,0.0,0.0,10.0,0.0,2.0,0.0,875286.0728328369,3479683.090909091,0.0,2.0,10.0,0.0,0.0,0.0,951,0.0,6.0,5.0,0.0,0,nothing,0.0,51.429680110775614,-0.3748295183437178,17008.489810347364
88195d36dbfffff,0.0,0.0,0.0,0.0,0.0,0.0,0.0,0.0,4.0,0.0,0.0,0.0,62995.50011620084,1447882.1101190476,0.0,0.0,14.0,0.0,0.0,0.0,954,0.0,5.0,3.0,0.0,0,nothing,0.0,51.4219214560881,-0.3705333542765707,17008.66012078345
88195d36ddfffff,0.0,0.0,0.0,1.0,0.0,0.0,0.0,0.0,4.0,0.0,1.0,0.0,139696.8678076069,6955996.117280701,0.0,0.0,16.0,0.0,0.0,0.0,960,0.0,0.0,3.0,0.0,0,nothing,0.0,51.431740449778964,-0.3870410222770814,17009.112203150125
88195d36e1fffff,0.0,0.0,0.0,0.0,0.0,0.0,0.0,0.0,0.0,0.0,0.0,0.0,1438345.9138406431,2540339.4285714286,0.0,4.0,4.0,0.0,0.0,0.0,987,0.0,0.0,0.0,0.0,0,nothing,0.0,51.43997087487609,-0.43590850270946974,17011.60111899996
88195d36e3fffff,0.0,0.0,0.0,0.0,0.0,0.0,0.0,0.0,0.0,0.0,0.0,0.0,19227.35384078566,666011.0,0.0,0.0,2.0,0.0,0.0,0.0,988,0.0,0.0,0.0,0.0,0,nothing,0.0,51.43221296161008,-0.4316010656891724,17011.772372558262
88195d36e5fffff,0.0,0.0,0.0,1.0,0.0,0.0,0.0,0.0,10.0,0.0,0.0,0.0,1986792.5650262414,3155786.537698413,0.0,5.0,0.0,0.0,0.0,0.0,991,2.0,2.0,0.0,0.0,0,nothing,0.0,51.442025745474865,-0.4481307362649444,17012.22318351672
88195d36e7fffff,0.0,0.0,0.0,0.0,0.0,0.0,0.0,0.0,3.0,0.0,0.0,0.0,43735.90119671496,13358.857142857143,0.0,1.0,0.0,0.0,0.0,0.0,992,0.0,1.0,0.0,0.0,0,nothing,0.0,51.434267981847334,-0.4438210436514705,17012.394625995705
88195d36e9fffff,0.0,0.0,0.0,0.0,0.0,0.0,0.0,0.0,1.0,0.0,0.0,0.0,202854.52617591075,709637.7821428571,0.0,15.0,3.0,0.0,0.0,0.0,981,0.0,0.0,2.0,0.0,0,nothing,0.0,51.44567256286023,-0.42799491891356184,17010.807681628816
88195d36ebfffff,0.0,0.0,0.0,4.0,0.0,0.0,0.0,0.0,16.0,0.0,0.0,0.0,38706.287612049135,2221360.75,0.0,32.0,12.0,0.0,0.0,0.0,982,0.0,0.0,4.0,0.0,0,nothing,0.0,51.43791490941786,-0.4236884139865081,17010.978988583756
88195d36edfffff,0.0,0.0,0.0,1.0,0.0,0.0,0.0,0.0,13.0,0.0,0.0,0.0,3849317.4662789796,6051133.68095238,0.0,34.0,9.0,0.0,0.0,0.0,986,0.0,0.0,3.0,0.0,0,nothing,0.0,51.447728378790835,-0.44021726356743673,17011.429623176915
88195d3711fffff,0.0,0.0,0.0,0.0,0.0,0.0,0.0,0.0,3.0,0.0,0.0,0.0,0.0,4589843.875000001,0.0,0.0,0.0,0.0,0.0,0.0,998,0.0,0.0,0.0,0.0,0,nothing,0.0,51.47350328126946,-0.5100052281757194,17014.19272804155
88195d3713fffff,0.0,0.0,0.0,0.0,0.0,0.0,0.0,0.0,0.0,0.0,0.0,0.0,0.0,8315745.000000001,0.0,0.0,0.0,0.0,0.0,0.0,999,0.0,0.0,0.0,0.0,0,nothing,0.0,51.465747355048045,-0.5056825265995755,17014.365654451925
88195d3717fffff,0.0,0.0,0.0,0.0,0.0,0.0,0.0,0.0,0.0,0.0,0.0,0.0,0.0,39600.583333333336,0.0,0.0,0.0,0.0,0.0,0.0,999,0.0,0.0,0.0,0.0,0,nothing,0.0,51.46779643769369,-0.5179199925967914,17014.98700868285
88195d3719fffff,0.0,0.0,0.0,0.0,0.0,0.0,0.0,0.0,2.0,0.0,0.0,0.0,0.0,54069775.73651962,0.0,3.0,2.0,0.0,0.0,384.8396501457726,996,0.0,0.0,0.0,0.0,0,nothing,0.0,51.479208919193994,-0.5020894168398523,17013.398517378893
88195d371bfffff,0.0,0.0,0.0,0.0,0.0,0.0,0.0,0.0,1.0,0.0,0.0,0.0,477697.373464727,9875312.49194678,0.0,1.0,0.0,0.0,0.0,0.0,997,1.0,0.0,0.0,0.0,0,nothing,0.0,51.47145325238407,-0.4977676459883085,17013.57149655993
88195d371dfffff,0.0,0.0,0.0,0.0,0.0,0.0,0.0,0.0,0.0,0.0,0.0,0.0,0.0,4097267.125000001,0.0,0.0,0.0,0.0,0.0,0.0,998,0.0,0.0,0.0,0.0,0,nothing,0.0,51.48125879526853,-0.5143292586335014,17014.019559361128
88195d3751fffff,0.0,0.0,0.0,0.0,0.0,0.0,0.0,0.0,1.0,0.0,0.0,0.0,0.0,0.0,0.0,0.0,0.0,0.0,0.0,384.8396501457726,992,0.0,0.0,0.0,0.0,0,nothing,0.0,51.4926683462583,-0.4984947270269169,17012.431102819944
88195d3753fffff,0.0,0.0,0.0,0.0,0.0,0.0,1.0,0.0,1.0,0.0,0.0,0.0,512630.06706868793,6856396.145833333,1.0,10.0,1.0,0.0,0.0,769.6793002915452,993,3.0,2.0,0.0,0.0,1,Public use,0.0,51.4849133513349,-0.49417255868371024,17012.60437673251
88195d3757fffff,0.0,0.0,0.0,0.0,0.0,0.0,0.0,0.0,0.0,0.0,0.0,0.0,0.0,1193047.4791666667,0.0,0.0,0.0,0.0,0.0,0.0,995,0.0,0.0,0.0,0.0,0,nothing,0.0,51.4869641737343,-0.5064125164649305,17013.22529604858
88195d375bfffff,0.0,0.0,0.0,0.0,0.0,0.0,0.0,0.0,3.0,0.0,0.0,0.0,858187.4001952452,629284.7916666666,0.0,1.0,0.0,0.0,0.0,0.0,989,1.0,6.0,0.0,0.0,0,nothing,0.0,51.49061657756005,-0.4862546538019462,17011.810306139996
88195da083fffff,0.0,0.0,0.0,0.0,0.0,0.0,0.0,0.0,0.0,0.0,0.0,0.0,0.0,2963067.5694444445,0.0,0.0,0.0,0.0,0.0,0.0,585,0.0,0.0,0.0,0.0,0,nothing,0.0,51.64262838413525,-0.30450997523731405,16992.4243527217
88195da087fffff,0.0,0.0,0.0,0.0,0.0,0.0,0.0,0.0,0.0,0.0,0.0,0.0,0.0,2031535.375,0.0,0.0,0.0,0.0,0.0,0.0,600,0.0,0.0,0.0,0.0,0,nothing,0.0,51.6447025550202,-0.3167571942050763,16993.04183873437
88195da091fffff,0.0,0.0,0.0,0.0,0.0,0.0,0.0,0.0,0.0,0.0,0.0,0.0,0.0,546678.0,2.0,0.0,0.0,0.0,0.0,1603.4985422740524,574,0.0,0.0,0.0,0.0,1,Public use,0.0,51.632804927435224,-0.28796712671980573,16991.98141783975
88195da093fffff,0.0,0.0,0.0,0.0,0.0,0.0,0.0,0.0,12.0,0.0,0.0,0.0,13557.787283733036,4442455.9147727275,0.0,5.0,2.0,0.0,0.0,0.0,578,1.0,4.0,1.0,0.0,0,nothing,0.0,51.625056324417336,-0.2836706552791502,16992.155796430416
88195da095fffff,0.0,0.0,0.0,0.0,0.0,0.0,0.0,0.0,0.0,0.0,0.0,0.0,0.0,5293585.125000001,0.0,1.0,0.0,0.0,0.0,801.7492711370262,589,0.0,0.0,0.0,0.0,0,nothing,0.0,51.63488034477843,-0.30020990860682867,16992.599158342593
88195da097fffff,0.0,0.0,0.0,0.0,0.0,0.0,0.0,0.0,0.0,0.0,0.0,0.0,292034.2255403806,5649966.958333333,0.0,1.0,2.0,0.0,0.0,0.0,593,0.0,1.0,0.0,0.0,0,nothing,0.0,51.62713189156333,-0.29591116842296467,16992.773725003957
88195da099fffff,0.0,0.0,0.0,0.0,0.0,0.0,0.0,0.0,0.0,0.0,0.0,0.0,0.0,0.0,2.0,0.0,0.0,0.0,0.0,1603.4985422740524,555,0.0,0.0,0.0,0.0,1,Public use,0.0,51.63847675401454,-0.28002204081826193,16991.18918169053
88195da09bfffff,0.0,0.0,0.0,0.0,0.0,0.0,0.0,0.0,0.0,0.0,0.0,0.0,378370.7860117757,3234.0,0.0,3.0,2.0,0.0,0.0,0.0,559,0.0,0.0,0.0,0.0,0,nothing,0.0,51.63072841482336,-0.2757265126896333,16991.3636111786
88195da0b1fffff,0.0,0.0,0.0,0.0,0.0,0.0,0.0,0.0,1.0,0.0,0.0,0.0,0.0,975380.1666666666,0.0,1.0,0.0,0.0,0.0,0.0,623,0.0,0.0,0.0,0.0,0,nothing,0.0,51.631279739032344,-0.3203986950814369,16994.009383486828
88195da0b3fffff,0.0,0.0,0.0,1.0,0.0,0.0,0.0,0.0,10.0,1.0,0.0,0.0,0.0,2074628.0,0.0,3.0,5.0,0.0,0.0,0.0,628,0.0,1.0,1.0,0.0,0,nothing,0.0,51.62353117262652,-0.31609674362159257,16994.18408745799
88195da0b5fffff,0.0,0.0,0.0,0.0,0.0,0.0,0.0,0.0,0.0,0.0,0.0,0.0,0.0,2545858.583333333,0.0,3.0,2.0,0.0,0.0,0.0,638,0.0,0.0,0.0,0.0,0,nothing,0.0,51.63335201816846,-0.3326457075096364,16994.62711315585
88195da0b7fffff,0.0,0.0,0.0,0.0,0.0,0.0,1.0,0.0,8.0,0.0,0.0,0.0,53163.77263554669,2123696.9166666665,0.0,3.0,2.0,0.0,0.0,0.0,643,0.0,6.0,1.0,0.0,0,nothing,0.0,51.62560360258224,-0.32834148695732046,16994.80200544461
88195da0b9fffff,0.0,0.0,0.0,0.0,0.0,0.0,0.0,0.0,0.0,0.0,0.0,0.0,0.0,20474215.861111112,0.0,1.0,0.0,0.0,0.0,0.0,604,0.0,0.0,0.0,0.0,0,nothing,0.0,51.636954666259335,-0.31245485780842064,16993.216832567075
88195da0bbfffff,0.0,0.0,0.0,1.0,1.0,0.0,0.0,0.0,3.0,0.0,0.0,0.0,328676.15636914456,1088227.4722222222,0.0,2.0,4.0,0.0,0.0,0.0,609,0.0,2.0,1.0,0.0,0,nothing,0.0,51.62920636329949,-0.3081538485379882,16993.391587396138
88195da0bdfffff,0.0,0.0,0.0,0.0,0.0,0.0,0.0,0.0,0.0,0.0,0.0,0.0,0.0,176655.25,0.0,0.0,0.0,0.0,0.0,0.0,619,0.0,0.0,0.0,0.0,0,nothing,0.0,51.63902789128439,-0.32470197378129523,16993.834440393068
88195da0dbfffff,0.0,0.0,0.0,0.0,0.0,0.0,0.0,0.0,0.0,0.0,0.0,0.0,0.0,107771.91666666667,0.0,0.0,0.0,0.0,0.0,0.0,511,0.0,0.0,0.0,0.0,0,nothing,0.0,51.649816778785336,-0.26412873681911886,16989.604922582395
88195da1abfffff,0.0,0.0,0.0,0.0,0.0,0.0,0.0,0.0,0.0,0.0,0.0,0.0,0.0,0.0,1.0,0.0,0.0,0.0,0.0,0.0,722,0.0,0.0,0.0,0.0,1,Taxi,0.0,51.661256383533,-0.4148129161640658,16997.979322888747
88195da401fffff,0.0,0.0,0.0,2.0,0.0,0.0,0.0,0.0,5.0,0.0,2.0,0.0,56314.69944080377,1858137.1,0.0,1.0,14.0,0.0,0.0,0.0,498,2.0,11.0,10.0,0.0,0,nothing,1.0,51.58157787476597,-0.1931548537972532,16989.137462730574
88195da403fffff,0.0,0.0,0.0,1.0,0.0,0.0,0.0,0.0,4.0,0.0,0.0,0.0,11861.827260099592,3442110.1805555555,0.0,0.0,5.0,1.0,0.0,0.0,503,0.0,6.0,5.0,0.0,0,nothing,0.0,51.5738263308277,-0.18887858756353942,16989.309520576437
88195da405fffff,0.0,0.0,0.0,0.0,0.0,0.0,0.0,0.0,11.0,0.0,1.0,0.0,125180.85211313202,9552946.156944444,0.0,4.0,4.0,0.0,0.0,0.0,515,0.0,0.0,3.0,0.0,0,nothing,0.0,51.58366058686832,-0.20537329388113654,16989.756535385302
88195da407fffff,0.0,0.0,1.0,9.0,6.0,1.0,0.0,0.0,29.0,1.0,3.0,0.0,21343.686730579302,2931164.416666667,0.0,14.0,14.0,0.0,0.0,0.0,520,1.0,1.0,5.0,0.0,0,nothing,0.0,51.57590918832155,-0.20109476437261511,16989.928780496855
88195da409fffff,0.0,0.0,0.0,3.0,0.0,0.0,0.0,0.0,19.0,1.0,0.0,0.0,43564.35498225548,4123546.5754493466,2.0,26.0,11.0,0.0,0.0,0.0,476,2.0,4.0,7.0,0.0,1,Public use,0.0,51.587245352884416,-0.18521390456650397,16988.346215469628
88195da40bfffff,0.0,0.0,0.0,0.0,0.0,0.0,0.0,0.0,0.0,0.0,0.0,0.0,0.0,515043.6,0.0,0.0,4.0,0.0,0.0,0.0,481,0.0,3.0,6.0,0.0,0,nothing,0.0,51.579494073215145,-0.18093858306688124,16988.51832512075
88195da40dfffff,0.0,0.0,0.0,1.0,0.0,0.0,0.0,0.0,5.0,1.0,0.0,0.0,80490.8704196813,25665591.96388889,0.0,24.0,13.0,0.0,0.0,0.0,493,1.0,6.0,6.0,0.0,0,nothing,1.0,51.589329009155385,-0.19743243890314827,16988.96516586588
88195da411fffff,0.0,0.0,0.0,2.0,0.0,0.0,0.0,0.0,3.0,0.0,0.0,0.0,0.0,2799344.272727273,0.0,3.0,2.0,0.0,0.0,0.0,490,0.0,22.0,2.0,0.0,0,nothing,0.0,51.56399028663399,-0.17239189408532613,16988.861827427725
88195da413fffff,1.0,0.0,0.0,10.0,2.0,0.0,1.0,0.0,42.0,0.0,0.0,0.0,574614.7242126752,401790.1666666667,0.0,21.0,10.0,1.0,0.0,0.0,495,2.0,26.0,15.0,1.0,0,nothing,0.0,51.55623778049307,-0.16812052547965292,16989.033219936566
88195da415fffff,0.0,0.0,0.0,2.0,0.0,0.0,1.0,0.0,19.0,0.0,0.0,0.0,138194.9943970292,3620676.041666667,0.0,6.0,9.0,0.0,0.0,0.0,507,1.0,55.0,1.0,0.0,0,nothing,0.0,51.56607437772609,-0.18460363963978027,16989.48133932982
88195da417fffff,0.0,0.0,0.0,11.0,3.0,0.0,0.0,1.0,34.0,0.0,1.0,0.0,80764.83969517963,245997.29090909092,0.0,23.0,7.0,1.0,2.0,0.0,512,0.0,23.0,21.0,0.0,0,nothing,1.0,51.55832201584673,-0.1803300094639845,16989.652918917156
88195da419fffff,0.0,0.0,0.0,2.0,0.0,0.0,0.0,0.0,8.0,0.0,0.0,0.0,0.0,0.0,0.0,1.0,4.0,0.0,0.0,0.0,468,1.0,92.0,4.0,0.0,0,nothing,0.0,51.56965734944132,-0.16445274149563394,16988.070806280797
88195da41bfffff,0.0,0.0,0.0,0.0,0.0,1.0,0.0,0.0,9.0,0.0,0.0,0.0,4404.457829079831,417729.4285714286,0.0,0.0,0.0,0.0,0.0,0.0,473,0.0,76.0,2.0,0.0,0,nothing,0.0,51.561905107588814,-0.1601823177209887,16988.24225088401
88195da41dfffff,0.0,0.0,0.0,0.0,0.0,0.0,0.0,0.0,1.0,0.0,0.0,0.0,187461.02228405228,1719200.0151515151,0.0,4.0,10.0,0.0,0.0,0.0,485,0.0,22.0,5.0,0.0,0,nothing,0.0,51.57174238433652,-0.17666457976048677,16988.69019579796
88195da421fffff,0.0,0.0,0.0,10.0,0.0,0.0,0.0,0.0,51.0,0.0,5.0,0.0,9800862.173046127,12363805.33239244,2.0,38.0,11.0,1.0,0.0,0.0,554,3.0,1.0,6.0,0.0,1,Public use,0.0,51.58007163394435,-0.22553362287520498,16991.167105285767
88195da423fffff,1.0,0.0,0.0,10.0,1.0,0.0,0.0,0.0,62.0,0.0,0.0,0.0,10567248.240603084,16172131.597688567,0.0,27.0,17.0,0.0,0.0,0.0,558,3.0,61.0,2.0,0.0,0,nothing,0.0,51.57232011735228,-0.22125188612250787,16991.339485992637
88195da425fffff,0.0,0.0,0.0,2.0,1.0,0.0,0.0,0.0,11.0,0.0,2.0,0.0,7418178.3749323785,6544204.989927336,0.0,9.0,9.0,1.0,0.0,0.0,569,0.0,1.0,7.0,0.0,0,nothing,0.0,51.5821512208869,-0.2377563034994803,16991.78616991514
88195da427fffff,0.0,0.0,0.0,0.0,0.0,0.0,0.0,0.0,7.0,0.0,0.0,0.0,5648288.637873986,7873814.372589471,0.0,22.0,5.0,0.0,0.0,0.0,573,0.0,0.0,3.0,0.0,0,nothing,0.0,51.57439985070063,-0.23347230311121794,16991.95873813413
88195da429fffff,0.0,0.0,0.0,3.0,0.0,0.0,0.0,0.0,16.0,0.0,4.0,0.0,680654.2153943153,9024115.054143406,0.0,24.0,12.0,0.0,0.0,0.0,533,2.0,1.0,3.0,0.0,0,nothing,0.0,51.58574220892883,-0.21759390278481505,16990.37554296548
88195da42bfffff,0.0,0.0,0.0,4.0,1.0,1.0,0.0,1.0,34.0,0.0,4.0,0.0,2331317.023574241,20254352.23488304,1.0,28.0,18.0,1.0,0.0,0.0,538,0.0,12.0,9.0,0.0,1,Taxi,0.0,51.577990956224845,-0.21331310965455744,16990.547975439807
88195da42dfffff,0.0,0.0,0.0,11.0,0.0,0.0,0.0,1.0,20.0,0.0,2.0,0.0,1105561.1001040281,9697434.510164142,1.0,15.0,11.0,0.0,0.0,0.0,549,0.0,0.0,3.0,0.0,1,Public use,0.0,51.58782274035415,-0.22981667997364072,16990.994485351588
88195da431fffff,0.0,0.0,0.0,2.0,1.0,0.0,0.0,0.0,13.0,1.0,0.0,0.0,783885.5974773174,3309260.638888889,0.0,11.0,12.0,0.0,0.0,0.0,546,0.0,0.0,11.0,0.0,0,nothing,0.0,51.56248722167507,-0.2047554818331743,16990.892122767476
88195da433fffff,0.0,0.0,1.0,10.0,4.0,0.0,0.0,0.0,56.0,0.0,0.0,0.0,100752.96707507593,4383229.470328283,0.0,11.0,10.0,0.0,0.0,0.0,551,0.0,13.0,9.0,0.0,0,nothing,0.0,51.55473474060073,-0.20047864601753188,16991.06383747339
88195da435fffff,0.0,0.0,0.0,1.0,0.0,0.0,0.0,0.0,3.0,0.0,1.0,0.0,784884.5529670218,2970815.875,0.0,11.0,11.0,0.0,0.0,0.0,562,2.0,5.0,6.0,2.0,0,nothing,0.0,51.56456819096372,-0.2169714691529029,16991.511627398355
88195da437fffff,0.0,0.0,0.0,43.0,8.0,0.0,0.0,0.0,109.0,0.0,6.0,0.0,3561181.7662340254,3750739.0,0.0,51.0,22.0,1.0,0.0,2332.3615160349855,567,2.0,3.0,8.0,0.0,0,nothing,0.0,51.55681585516452,-0.21269237140398856,16991.683529429138
88195da439fffff,0.0,0.0,0.0,11.0,1.0,0.0,0.0,0.0,36.0,0.0,8.0,0.0,359603.6351662335,3839874.5833333335,0.0,44.0,22.0,0.0,1.0,0.0,525,2.0,21.0,8.0,1.0,0,nothing,0.0,51.56815738027193,-0.19681755385269598,16990.100786470954
88195da43bfffff,0.0,0.0,0.0,5.0,0.0,0.0,0.0,0.0,12.0,0.0,0.0,0.0,9936.557892365116,3798705.402777778,0.0,43.0,13.0,0.0,0.0,0.0,530,2.0,7.0,11.0,0.0,0,nothing,0.0,51.560405163105074,-0.19254166175918433,16990.272553233917
88195da43dfffff,0.0,0.0,0.0,0.0,0.0,0.0,0.0,0.0,0.0,0.0,0.0,0.0,37303.4669852321,11225338.683333334,0.0,15.0,9.0,0.0,0.0,0.0,542,0.0,12.0,6.0,0.0,0,nothing,0.0,51.570239293678355,-0.20903363619148302,16990.720168731725
88195da441fffff,0.0,0.0,0.0,0.0,0.0,0.0,0.0,0.0,3.0,0.0,0.0,0.0,946768.5291567239,4514034.326511391,0.0,3.0,9.0,0.0,0.0,0.0,450,2.0,18.0,5.0,0.0,0,nothing,0.0,51.60066222815183,-0.18154761173797582,16987.382638579056
88195da443fffff,0.0,0.0,0.0,4.0,1.0,0.0,1.0,0.0,27.0,1.0,0.0,0.0,391765.38727621775,5189730.923243464,0.0,9.0,8.0,0.0,0.0,0.0,454,0.0,2.0,3.0,0.0,0,nothing,0.0,51.59291162254985,-0.17727191678168075,16987.555038750757
88195da445fffff,0.0,0.0,0.0,21.0,6.0,0.0,0.0,1.0,67.0,0.0,3.0,0.0,1165715.014863794,1935102.0633838382,0.0,16.0,8.0,1.0,0.0,0.0,466,1.0,3.0,5.0,0.0,0,nothing,0.0,51.60274668305313,-0.19376850439496746,16988.001279540284
88195da447fffff,0.0,0.0,0.0,1.0,0.0,0.0,0.0,0.0,12.0,0.0,0.0,0.0,523029.44677004474,12730949.013521241,0.0,4.0,13.0,0.0,0.0,0.0,472,0.0,1.0,3.0,0.0,0,nothing,1.0,51.594996222958876,-0.18949054482166114,16988.173866918245
88195da449fffff,0.0,0.0,0.0,7.0,0.0,0.0,0.0,1.0,26.0,1.0,0.0,0.0,3722615.6495037396,5845829.532983955,0.0,27.0,13.0,0.0,0.0,0.0,429,0.0,6.0,5.0,0.0,0,nothing,0.0,51.60632702460744,-0.1736036397535424,16986.591480884934
88195da44bfffff,0.0,0.0,0.0,0.0,0.0,0.0,0.0,0.0,4.0,0.0,0.0,0.0,163418.0784081032,6373767.386589889,0.0,18.0,9.0,0.0,0.0,0.0,433,0.0,4.0,0.0,0.0,0,nothing,0.0,51.59857668363545,-0.16932889054430372,16986.76393261062
88195da44dfffff,0.0,0.0,2.0,6.0,1.0,0.0,0.0,0.0,45.0,0.0,1.0,0.0,184036.67644678953,2961829.6569444444,0.0,8.0,8.0,1.0,0.0,0.0,445,0.0,12.0,4.0,0.0,0,nothing,2.0,51.608412423727835,-0.1858246258955823,16987.20999969926
88195da451fffff,0.0,0.0,0.0,6.0,0.0,0.0,0.0,0.0,27.0,0.0,0.0,0.0,27227.341133408838,7532624.229166667,0.0,29.0,10.0,1.0,2.0,0.0,442,1.0,30.0,7.0,0.0,0,nothing,0.0,51.58307477301735,-0.1607833471280797,16987.108119998313
88195da453fffff,0.0,0.0,0.0,0.0,0.0,0.0,0.0,0.0,4.0,0.0,0.0,0.0,0.0,2704857.5083333333,0.0,4.0,8.0,0.0,0.0,0.0,447,1.0,4.0,7.0,0.0,0,nothing,0.0,51.57532320414174,-0.1565125517965393,16987.279855513214
88195da455fffff,0.0,0.0,1.0,1.0,1.0,0.0,0.0,0.0,1.0,0.0,0.0,0.0,14554.926417542089,4280811.1,0.0,32.0,11.0,0.0,0.0,0.0,459,0.0,6.0,3.0,0.0,0,nothing,0.0,51.585160607307216,-0.1729975404640507,16987.727200140675
88195da457fffff,0.0,0.0,0.0,0.0,0.0,0.0,0.0,0.0,0.0,0.0,0.0,0.0,228773.4737398597,2787032.5,0.0,1.0,4.0,0.0,0.0,0.0,463,0.0,1.0,2.0,0.0,0,nothing,0.0,51.57740918280924,-0.16872448222274125,16987.8991226752
88195da459fffff,0.0,0.0,1.0,5.0,0.0,0.0,0.0,0.0,18.0,1.0,0.0,0.0,186560.71653975412,2845413.7,0.0,12.0,4.0,0.0,0.0,0.0,422,1.0,24.0,8.0,0.0,0,nothing,0.0,51.58873915483406,-0.15284117457831495,16986.31718780406
88195da45bfffff,0.0,0.0,0.0,7.0,2.0,0.0,1.0,0.0,39.0,0.0,0.0,0.0,241221.93308184345,1248358.977878788,1.0,26.0,16.0,1.0,3.0,0.0,426,0.0,126.0,4.0,0.0,1,Taxi,0.0,51.580987850608416,-0.14857132508988363,16986.48897516178
88195da45dfffff,0.0,0.0,0.0,5.0,6.0,0.0,0.0,1.0,31.0,0.0,1.0,0.0,1047205.8055265787,5058264.524999999,1.0,17.0,10.0,0.0,1.0,0.0,437,2.0,3.0,13.0,0.0,1,Taxi,1.0,51.59082593297701,-0.16505545985661882,16986.936145672946
88195da461fffff,0.0,0.0,0.0,0.0,0.0,0.0,0.0,0.0,0.0,0.0,2.0,0.0,0.0,5565848.176388889,0.0,1.0,5.0,0.0,0.0,0.0,506,0.0,3.0,2.0,0.0,0,nothing,0.0,51.5991621539108,-0.2139343121141111,16989.41132804483
88195da463fffff,0.0,0.0,0.0,0.0,0.0,0.0,0.0,0.0,0.0,0.0,0.0,0.0,29144.727526963212,14882613.004166666,0.0,18.0,9.0,0.0,0.0,0.0,510,2.0,0.0,2.0,0.0,0,nothing,0.0,51.5914115755266,-0.20965314294070322,16989.584051210022
88195da465fffff,0.0,0.0,0.0,0.0,0.0,0.0,0.0,0.0,2.0,0.0,0.0,0.0,1733861.686128298,1954570.0208333335,0.0,5.0,0.0,0.0,0.0,0.0,523,0.0,3.0,1.0,0.0,0,nothing,0.0,51.60124348326647,-0.226159450297997,16990.029960765027
88195da467fffff,0.0,0.0,0.0,15.0,0.0,0.0,0.0,0.0,6.0,0.0,1.0,0.0,162661.82822190004,6502897.412022006,0.0,24.0,6.0,0.0,0.0,0.0,528,1.0,0.0,6.0,0.0,0,nothing,0.0,51.59349305140458,-0.2218760161449755,16990.202871382586
88195da469fffff,0.0,0.0,0.0,4.0,2.0,0.0,0.0,0.0,40.0,2.0,1.0,0.0,1031772.8909541442,1217384.1333333333,0.0,12.0,13.0,1.0,0.0,0.0,484,1.0,19.0,6.0,0.0,0,nothing,0.0,51.60483004774556,-0.2059915679818806,16988.619855374953
88195da46bfffff,0.0,0.0,0.0,3.0,0.0,0.0,0.0,0.0,12.0,0.0,1.0,0.0,220409.12356459713,5520726.988888889,0.0,3.0,12.0,0.0,0.0,0.0,488,1.0,0.0,6.0,0.0,0,nothing,0.0,51.59707973361039,-0.20171134344375663,16988.792630056072
88195da46dfffff,0.0,0.0,0.0,1.0,1.0,0.0,0.0,0.0,4.0,0.0,2.0,0.0,334141.4945224457,691213.0,0.0,7.0,3.0,0.0,0.0,0.0,501,0.0,1.0,3.0,0.0,0,nothing,0.0,51.60691232163536,-0.21821680196440427,16989.238365963625
88195da481fffff,3.0,5.0,0.0,9.0,3.0,0.0,1.0,0.0,54.0,0.0,1.0,0.0,217722.714352714,8032464.1161580775,1.0,124.0,12.0,1.0,0.0,22349.85422740525,532,22.0,72.0,8.0,0.0,1,Taxi,1.0,51.52730848826408,-0.1632486550116615,16990.336844137368
88195da483fffff,10.0,27.0,0.0,112.0,14.0,1.0,1.0,4.0,341.0,2.0,8.0,0.0,433695.77431025286,8075498.516629591,0.0,296.0,24.0,2.0,5.0,0.0,537,33.0,58.0,36.0,0.0,0,nothing,1.0,51.51955408828049,-0.1589816051565284,16990.507226793645
88195da485fffff,5.0,5.0,0.0,2.0,3.0,0.0,0.0,1.0,55.0,1.0,3.0,0.0,558001.5100234565,4952682.982936508,0.0,74.0,19.0,0.0,0.0,11446.06413994169,549,13.0,45.0,21.0,0.0,0,nothing,0.0,51.529392210979296,-0.17545126641562372,16990.957226703988
88195da487fffff,7.0,8.0,2.0,59.0,10.0,0.0,1.0,1.0,262.0,0.0,15.0,0.0,481472.2181061475,10726328.404469166,0.0,181.0,23.0,2.0,2.0,3078.717201166181,553,22.0,30.0,35.0,2.0,0,nothing,1.0,51.521637954012,-0.17118195803147768,16991.12779630909
88195da489fffff,1.0,0.0,0.0,4.0,0.0,0.0,1.0,0.0,41.0,0.0,0.0,0.0,27578.715230748927,3516833.1111111115,0.0,5.0,3.0,0.0,0.0,6997.084548104956,510,1.0,96.0,0.0,0.0,0,nothing,0.0,51.53297781529527,-0.15531431646669625,16989.545962003926
88195da48bfffff,5.0,6.0,0.0,5.0,7.0,1.0,2.0,3.0,83.0,0.0,0.0,0.0,224224.63999079808,11486565.415934918,0.0,104.0,5.0,1.0,1.0,0.0,515,3.0,171.0,15.0,0.0,0,nothing,0.0,51.52522367925629,-0.1510482105275233,16989.71639729586
88195da48dfffff,2.0,1.0,1.0,22.0,4.0,0.0,1.0,1.0,128.0,2.0,2.0,0.0,13904.52163657118,3446614.3034722223,4.0,30.0,7.0,1.0,1.0,17492.71137026239,527,10.0,54.0,17.0,0.0,1,Taxi,0.0,51.5350624813982,-0.16751701980929243,16990.16622194836
88195da491fffff,9.0,17.0,0.0,186.0,1.0,2.0,5.0,8.0,602.0,0.0,11.0,0.0,68530.35164521007,5784983.80566988,0.0,197.0,24.0,1.0,6.0,2116.6180758017495,524,11.0,94.0,62.0,5.0,0,nothing,1.0,51.509714188032554,-0.14251994088472245,16990.056549345285
88195da493fffff,3.0,6.0,0.0,39.0,1.0,0.0,0.0,0.0,88.0,0.0,0.0,0.0,794840.4229532967,6512788.904558682,0.0,43.0,3.0,1.0,4.0,0.0,529,2.0,70.0,14.0,0.0,0,nothing,0.0,51.50195883361917,-0.13825777606139933,16990.22626595684
88195da495fffff,8.0,7.0,1.0,57.0,6.0,2.0,3.0,2.0,196.0,0.0,7.0,0.0,5114898.752814215,13605363.279686287,0.0,207.0,24.0,1.0,5.0,1346.938775510204,541,6.0,53.0,28.0,0.0,0,nothing,1.0,51.511799281833184,-0.1547158696836957,16990.67736984409
88195da497fffff,6.0,4.0,0.0,36.0,1.0,0.0,1.0,2.0,77.0,0.0,6.0,0.0,353579.91040159384,10350471.576157909,0.0,114.0,21.0,1.0,6.0,0.0,546,4.0,76.0,22.0,0.0,0,nothing,0.0,51.504044069307916,-0.1504514480332299,16990.847273215666
88195da499fffff,9.0,22.0,0.0,288.0,6.0,1.0,5.0,23.0,502.0,0.0,28.0,0.0,4998.1796156976,3595897.528182963,2.0,258.0,14.0,2.0,10.0,769.6793002915452,502,11.0,135.0,76.0,7.0,1,Public use,9.0,51.51538309988352,-0.13458739965090621,16989.265895349297
88195da49bfffff,7.0,8.0,0.0,217.0,4.0,0.0,6.0,29.0,378.0,0.0,15.0,0.0,689208.6322127087,6772251.810004191,0.0,190.0,33.0,4.0,19.0,3078.717201166181,507,10.0,71.0,65.0,1.0,0,nothing,1.0,51.507628009432494,-0.13032617883762723,16989.435664885492
88195da49dfffff,8.0,35.0,0.0,98.0,29.0,0.0,1.0,10.0,434.0,0.0,8.0,0.0,794414.6450699486,4516286.339901586,4.0,292.0,21.0,3.0,10.0,0.0,519,15.0,32.0,57.0,2.0,1,Public use,1.0,51.517469136706815,-0.1467834188535459,16989.88659310065
88195da4a1fffff,1.0,13.0,1.0,28.0,9.0,0.0,0.0,0.0,101.0,1.0,3.0,0.0,335395.3842041742,2938461.465909091,0.0,43.0,19.0,0.0,0.0,5895.043731778425,583,11.0,31.0,17.0,1.0,0,nothing,2.0,51.52580242557861,-0.19558916137863605,16992.368742330156
88195da4a3fffff,3.0,12.0,0.0,54.0,8.0,1.0,0.0,4.0,228.0,2.0,6.0,0.0,647616.2740119228,5298840.014869675,0.0,37.0,18.0,1.0,1.0,1230.3206997084549,588,4.0,26.0,21.0,0.0,0,nothing,1.0,51.51804804851449,-0.19131665130810144,16992.539446382372
88195da4a5fffff,0.0,18.0,2.0,19.0,4.0,0.0,0.0,0.0,110.0,0.0,3.0,0.0,76244.9938689784,3683998.0087481965,0.0,22.0,13.0,0.0,0.0,9329.446064139942,599,1.0,23.0,11.0,1.0,0,nothing,2.0,51.52788303022888,-0.20779601078911233,16992.989118596975
88195da4a7fffff,5.0,10.0,2.0,61.0,11.0,0.0,0.0,4.0,282.0,1.0,5.0,0.0,422605.2158244386,8354365.440362398,0.0,21.0,17.0,1.0,0.0,8163.265306122449,603,2.0,10.0,22.0,0.0,0,nothing,1.0,51.52012879719362,-0.2035212418259415,16993.160009844643
88195da4a9fffff,2.0,4.0,0.0,15.0,5.0,1.0,1.0,0.0,72.0,0.0,1.0,0.0,610461.3437764312,4820347.65811508,0.0,47.0,9.0,1.0,1.0,1166.1807580174927,564,6.0,93.0,15.0,1.0,0,nothing,0.0,51.53147484680933,-0.18765604420952328,16991.577544876425
88195da4abfffff,3.0,7.0,0.0,21.0,5.0,0.0,0.0,2.0,64.0,0.0,1.0,2.0,660060.8061656324,3207157.1788822548,1.0,39.0,12.0,1.0,2.0,12046.6472303207,569,21.0,45.0,18.0,1.0,1,Taxi,0.0,51.52372073330887,-0.1833844769489491,16991.748301527714
88195da4adfffff,1.0,8.0,1.0,8.0,1.0,0.0,0.0,0.0,54.0,1.0,4.0,0.0,254480.57311880647,2439130.2873252938,0.0,35.0,13.0,2.0,2.0,0.0,579,6.0,44.0,13.0,1.0,0,nothing,1.0,51.53355639516163,-0.19986298786241738,16992.197798535304
88195da4b1fffff,4.0,1.0,0.0,2.0,1.0,0.0,0.0,0.0,36.0,0.0,0.0,0.0,330922.59156656713,3918938.686111111,0.0,33.0,4.0,0.0,0.0,0.0,577,0.0,76.0,10.0,0.0,0,nothing,0.0,51.50821128526822,-0.17484528907643537,16992.08909566583
88195da4b3fffff,6.0,9.0,0.0,44.0,8.0,1.0,0.0,0.0,109.0,0.0,4.0,0.0,133809.34288777376,8533366.530753968,0.0,34.0,10.0,0.0,1.0,64.1399416909621,581,2.0,91.0,15.0,2.0,0,nothing,0.0,51.500455951499916,-0.1705776673439578,16992.259133006315
88195da4b5fffff,4.0,6.0,1.0,56.0,3.0,0.0,1.0,0.0,117.0,0.0,4.0,0.0,512889.13859172957,7935982.697835356,0.0,28.0,15.0,2.0,2.0,513.1195335276968,592,5.0,52.0,21.0,0.0,0,nothing,1.0,51.51029326435527,-0.18704545709020906,16992.709910618636
88195da4b7fffff,7.0,5.0,1.0,38.0,4.0,2.0,5.0,7.0,109.0,0.0,1.0,0.0,57458.74892585525,7896458.962698413,1.0,17.0,18.0,0.0,0.0,192.4198250728863,596,3.0,122.0,17.0,1.0,1,Taxi,1.0,51.502538073486946,-0.1827755781645928,16992.88013496571
88195da4b9fffff,4.0,11.0,0.0,49.0,5.0,1.0,0.0,3.0,163.0,1.0,4.0,0.0,544810.8440479646,7419932.93877279,0.0,116.0,12.0,0.0,0.0,962.0991253644315,558,10.0,10.0,35.0,0.0,0,nothing,0.0,51.513883290241964,-0.16691396470665446,16991.298126262715
88195da4bbfffff,2.0,0.0,0.0,4.0,0.0,0.0,0.0,1.0,22.0,0.0,0.0,0.0,5922420.954235648,12906157.42817761,0.0,10.0,1.0,0.0,0.0,0.0,562,0.0,76.0,2.0,0.0,0,nothing,0.0,51.50612822005503,-0.1626472858810106,16991.46821649174
88195da4bdfffff,10.0,11.0,1.0,91.0,5.0,0.0,1.0,1.0,194.0,0.0,15.0,0.0,1402555.1686670247,6984758.648364531,1.0,84.0,18.0,4.0,7.0,0.0,573,11.0,59.0,28.0,0.0,1,Taxi,0.0,51.515966212666505,-0.17911422542473923,16991.918818481925
88195da4c1fffff,0.0,0.0,1.0,22.0,4.0,1.0,0.0,0.0,112.0,0.0,2.0,0.0,73717.83209150878,1233351.9450757576,0.0,85.0,24.0,2.0,2.0,16034.985422740525,483,1.0,25.0,15.0,1.0,0,nothing,0.0,51.546399399971826,-0.15164541878334578,16988.584422789834
88195da4c3fffff,6.0,2.0,0.0,71.0,3.0,3.0,1.0,4.0,200.0,0.0,11.0,2.0,663656.2054675303,5471319.2081099935,0.0,68.0,18.0,1.0,2.0,26822.157434402332,488,5.0,56.0,22.0,6.0,0,nothing,1.0,51.53864593497826,-0.1473789424982166,16988.75514994592
88195da4c5fffff,0.0,1.0,2.0,12.0,2.0,0.0,0.0,1.0,52.0,0.0,1.0,0.0,310590.8306176839,4270934.179166667,0.0,19.0,14.0,1.0,1.0,0.0,500,3.0,10.0,17.0,0.0,0,nothing,1.0,51.54848486629927,-0.1638504733820388,16989.20437325108
88195da4c7fffff,0.0,0.0,0.0,12.0,2.0,0.0,1.0,0.0,70.0,1.0,0.0,0.0,208465.6401957142,3016025.5416666665,0.0,31.0,7.0,0.0,0.0,4373.1778425655975,505,2.0,58.0,12.0,1.0,0,nothing,0.0,51.540731544438145,-0.15958173723133853,16989.37528729795
88195da4c9fffff,0.0,0.0,0.0,23.0,3.0,1.0,0.0,0.0,109.0,0.0,3.0,0.0,625388.140142257,3527747.5378787876,0.0,31.0,14.0,1.0,1.0,801.7492711370262,461,5.0,28.0,14.0,1.0,0,nothing,0.0,51.552066047872174,-0.14370806456702517,16987.793628461048
88195da4cbfffff,1.0,1.0,1.0,22.0,3.0,1.0,1.0,5.0,147.0,0.0,3.0,0.0,186392.4621880594,4500806.632350301,0.0,88.0,21.0,1.0,0.0,29008.746355685133,465,5.0,75.0,22.0,1.0,0,nothing,0.0,51.54431284718591,-0.1394425332079939,16987.964408000422
88195da4cdfffff,0.0,2.0,0.0,8.0,1.0,1.0,0.0,0.0,59.0,0.0,0.0,0.0,175383.1194668848,2243418.1416666666,0.0,55.0,11.0,1.0,0.0,0.0,478,2.0,15.0,13.0,0.0,0,nothing,0.0,51.554152457637166,-0.15591321033729455,16988.413456411457
88195da4d1fffff,12.0,11.0,2.0,85.0,5.0,0.0,1.0,10.0,230.0,0.0,13.0,0.0,265419.0722326321,9986950.280420275,0.0,149.0,25.0,2.0,7.0,64.1399416909621,476,9.0,44.0,28.0,2.0,0,nothing,5.0,51.528805225231174,-0.13091541370156962,16988.305249475397
88195da4d3fffff,10.0,19.0,0.0,97.0,6.0,1.0,3.0,2.0,257.0,0.0,7.0,0.0,1031255.5284297556,4739059.375238582,0.0,198.0,22.0,1.0,2.0,0.0,480,17.0,173.0,49.0,1.0,0,nothing,20.0,51.52105080473359,-0.12665382443365758,16988.475311264967
88195da4d5fffff,2.0,1.0,0.0,8.0,3.0,0.0,0.0,0.0,70.0,0.0,4.0,0.0,509941.9448553828,7305428.633536974,0.0,36.0,13.0,0.0,0.0,0.0,492,3.0,60.0,17.0,0.0,0,nothing,0.0,51.530892063042,-0.1431137809212706,16988.925637806562
88195da4d7fffff,11.0,15.0,1.0,84.0,14.0,1.0,1.0,4.0,325.0,0.0,14.0,0.0,221283.50718588548,11016191.706559543,1.0,285.0,18.0,4.0,7.0,3078.717201166181,497,14.0,56.0,38.0,6.0,1,Taxi,11.0,51.523137784548574,-0.13884993349219585,16989.095886298684
88195da4d9fffff,7.0,4.0,0.0,131.0,4.0,1.0,0.0,13.0,270.0,0.0,18.0,0.0,17917.789433542355,5285045.668678706,0.0,85.0,18.0,3.0,12.0,17492.71137026239,453,7.0,96.0,20.0,1.0,0,nothing,2.0,51.53447145862759,-0.12297985958371208,16987.514682667956
88195da4dbfffff,11.0,27.0,0.0,63.0,2.0,0.0,1.0,1.0,206.0,0.0,13.0,0.0,302667.3730997564,5255742.469740309,0.0,118.0,18.0,0.0,1.0,0.0,458,11.0,58.0,17.0,1.0,0,nothing,0.0,51.52671730245562,-0.11871921533511369,16987.684797129525
88195da4ddfffff,4.0,2.0,0.0,9.0,3.0,0.0,2.0,3.0,104.0,1.0,2.0,0.0,166077.05512570462,4722093.524050615,1.0,74.0,18.0,1.0,1.0,16122.448979591836,471,4.0,54.0,20.0,2.0,1,Taxi,2.0,51.536559239510424,-0.135178316439653,16988.13494836289
88195da4e1fffff,0.0,0.0,0.0,22.0,3.0,0.0,0.0,1.0,99.0,0.0,2.0,0.0,3888736.775504778,4284706.416666667,0.0,39.0,16.0,1.0,1.0,192.4198250728863,539,2.0,51.0,20.0,1.0,0,nothing,0.0,51.5448995029624,-0.18399383060409577,16990.615368832216
88195da4e3fffff,0.0,1.0,0.0,10.0,3.0,0.0,0.0,0.0,55.0,0.0,0.0,0.0,427930.34645344625,3059292.625,0.0,21.0,8.0,1.0,0.0,0.0,544,3.0,43.0,12.0,0.0,0,nothing,1.0,51.53714606075802,-0.17972189041959538,16990.78641752061
88195da4e5fffff,0.0,1.0,0.0,10.0,0.0,1.0,1.0,0.0,49.0,0.0,1.0,0.0,153299.38324497122,1577794.7274494949,0.0,20.0,10.0,3.0,4.0,0.0,556,1.0,34.0,12.0,0.0,0,nothing,0.0,51.54698185084113,-0.19620312818268212,16991.23531277585
88195da4e7fffff,0.0,3.0,1.0,4.0,3.0,0.0,0.0,1.0,56.0,1.0,7.0,0.0,680118.6700434398,3307553.4402555744,0.0,44.0,26.0,1.0,0.0,1166.1807580174927,560,6.0,21.0,16.0,2.0,0,nothing,0.0,51.539228552782035,-0.1919289277671013,16991.406548601353
88195da4e9fffff,0.0,0.0,0.0,5.0,1.0,0.0,0.0,0.0,14.0,0.0,2.0,0.0,341000.4828890196,6597845.241666666,0.0,14.0,10.0,0.0,0.0,0.0,517,2.0,4.0,11.0,0.0,0,nothing,3.0,51.550569245575204,-0.17605769647450428,16989.82425926495
88195da4ebfffff,0.0,0.0,0.0,21.0,6.0,0.0,3.0,1.0,84.0,0.0,4.0,0.0,753387.7816593305,4233771.725,0.0,50.0,19.0,1.0,4.0,0.0,523,7.0,19.0,22.0,0.0,0,nothing,0.0,51.54281606729714,-0.17178670010998762,16989.995360299796
88195da4edfffff,0.0,0.0,0.0,13.0,0.0,0.0,0.0,0.0,35.0,0.0,0.0,0.0,117594.51660687626,3879990.4191919193,0.0,33.0,15.0,1.0,1.0,192.4198250728863,534,2.0,4.0,11.0,0.0,0,nothing,0.0,51.55265253720666,-0.18826708753019383,16990.44408071218
88195da501fffff,0.0,0.0,1.0,6.0,3.0,1.0,0.0,0.0,14.0,0.0,0.0,0.0,0.0,2861947.551948052,0.0,16.0,4.0,0.0,0.0,0.0,610,0.0,0.0,3.0,0.0,0,nothing,0.0,51.59613394783901,-0.2787294608523496,16993.469600561617
88195da503fffff,0.0,0.0,1.0,0.0,1.0,0.0,0.0,1.0,20.0,0.0,0.0,0.0,92870.44931892808,4273133.936958875,0.0,3.0,7.0,0.0,0.0,0.0,614,0.0,0.0,5.0,0.0,0,nothing,2.0,51.588383431121876,-0.2744373444280732,16993.64297130659
88195da505fffff,0.0,0.0,0.0,0.0,0.0,0.0,0.0,0.0,8.0,0.0,0.0,0.0,1006008.3486391018,2755710.5694444445,0.0,30.0,12.0,0.0,0.0,0.0,625,1.0,0.0,1.0,0.0,0,nothing,0.0,51.59820901719033,-0.2909630714123693,16994.08821518142
88195da507fffff,0.0,0.0,0.0,4.0,0.0,0.0,0.0,0.0,17.0,0.0,0.0,0.0,2603398.7814822965,2247236.8291666666,1.0,9.0,6.0,1.0,0.0,0.0,629,2.0,1.0,2.0,0.0,1,Taxi,0.0,51.590458649025905,-0.2866686892960128,16994.26177387204
88195da509fffff,0.0,0.0,0.0,2.0,2.0,0.0,0.0,0.0,23.0,0.0,0.0,0.0,2157449.3577557555,5546983.762418832,0.0,23.0,14.0,0.0,0.0,0.0,591,1.0,0.0,7.0,0.0,0,nothing,0.0,51.60180803811639,-0.27078918990984685,16992.67749796474
88195da50bfffff,0.0,0.0,0.0,2.0,1.0,0.0,0.0,0.0,15.0,0.0,0.0,0.0,1743269.2685961693,4848577.98234127,0.0,11.0,14.0,0.0,0.0,0.0,595,3.0,1.0,8.0,0.0,0,nothing,0.0,51.59405778488662,-0.26649801588938676,16992.850920148823
88195da50dfffff,0.0,0.0,0.0,0.0,0.0,0.0,0.0,0.0,7.0,0.0,0.0,0.0,25434.773683687574,4902169.185064935,0.0,9.0,4.0,0.0,0.0,0.0,606,0.0,20.0,1.0,0.0,0,nothing,2.0,51.60388405262774,-0.28302290089970683,16993.295990484447
88195da511fffff,0.0,0.0,0.0,0.0,0.0,0.0,0.0,0.0,7.0,0.0,0.0,0.0,338774.95440566103,72003.81818181818,0.0,3.0,5.0,0.0,0.0,0.0,604,0.0,0.0,4.0,0.0,0,nothing,0.0,51.57855604404863,-0.2579196361185024,16993.197046580124
88195da513fffff,0.0,0.0,0.0,1.0,0.0,1.0,0.0,0.0,6.0,0.0,0.0,0.0,610458.2708857744,5990201.5625,0.0,4.0,0.0,0.0,0.0,0.0,608,0.0,16.0,2.0,0.0,0,nothing,0.0,51.570804557212405,-0.25363242924115664,16993.369750678994
88195da515fffff,0.0,0.0,1.0,0.0,0.0,0.0,0.0,0.0,6.0,0.0,0.0,0.0,46624.16614913152,1802727.0000000002,0.0,4.0,2.0,0.0,0.0,0.0,618,0.0,1.0,2.0,0.0,0,nothing,0.0,51.5806325028624,-0.27014655106301294,16993.81610264507
88195da517fffff,0.0,0.0,0.0,0.0,0.0,0.0,0.0,0.0,7.0,0.0,0.0,0.0,0.0,1635773.5069444445,0.0,20.0,6.0,0.0,0.0,0.0,622,0.0,0.0,5.0,0.0,0,nothing,0.0,51.572881163446674,-0.26585708019363813,16993.98899450282
88195da519fffff,0.0,0.0,0.0,8.0,1.0,0.0,0.0,0.0,26.0,0.0,0.0,0.0,2480046.798886667,4520392.727379054,0.0,10.0,9.0,0.0,0.0,1166.1807580174927,584,0.0,0.0,8.0,0.0,0,nothing,0.0,51.584229716459376,-0.24998115099125318,16992.40516920826
88195da51bfffff,0.0,0.0,1.0,0.0,0.0,0.0,0.0,0.0,26.0,0.0,2.0,0.0,551746.80117315,2881970.467191764,0.0,12.0,2.0,0.0,0.0,0.0,589,1.0,14.0,4.0,0.0,0,nothing,0.0,51.576478493130395,-0.24569488662206507,16992.577925036534
88195da51dfffff,0.0,0.0,0.0,0.0,1.0,0.0,0.0,0.0,7.0,0.0,0.0,0.0,50500.81993401656,3834685.302218615,0.0,1.0,10.0,0.0,0.0,0.0,599,0.0,0.0,5.0,0.0,0,nothing,0.0,51.58630712006871,-0.26220816481347425,16993.02410304536
88195da521fffff,0.0,0.0,0.0,0.0,1.0,0.0,0.0,0.0,8.0,0.0,1.0,0.0,0.0,4477592.6619047625,0.0,11.0,10.0,0.0,0.0,0.0,661,0.0,1.0,6.0,0.0,0,nothing,0.0,51.59460580301483,-0.31113787263092096,16995.49918143546
88195da523fffff,0.0,0.0,2.0,3.0,1.0,0.0,1.0,0.0,11.0,0.0,2.0,0.0,0.0,3652985.3232142855,0.0,10.0,11.0,0.0,0.0,0.0,665,1.0,8.0,7.0,1.0,0,nothing,1.0,51.586855320748505,-0.30684028319523227,16995.67287676861
88195da525fffff,0.0,0.0,0.0,0.0,0.0,0.0,0.0,0.0,3.0,0.0,0.0,0.0,628389.5466077393,590537.1125,0.0,3.0,2.0,0.0,0.0,0.0,676,0.0,0.0,3.0,0.0,0,nothing,0.0,51.59667773791401,-0.3233757100149075,16996.117786193176
88195da527fffff,0.0,0.0,0.0,0.0,0.0,0.0,0.0,0.0,5.0,0.0,0.0,0.0,295974.8547089598,294423.0,0.0,4.0,3.0,0.0,0.0,0.0,680,0.0,3.0,2.0,0.0,0,nothing,0.0,51.58892740521622,-0.3190758545373604,16996.291669719136
88195da529fffff,0.0,0.0,0.0,0.0,1.0,0.0,0.0,0.0,3.0,0.0,0.0,0.0,0.0,1511697.4136904762,0.0,11.0,10.0,0.0,0.0,0.0,641,0.0,10.0,2.0,0.0,0,nothing,0.0,51.600282992347516,-0.303198847028866,16994.706763888204
88195da52bfffff,0.0,0.0,0.0,1.0,1.0,0.0,0.0,0.0,9.0,0.0,0.0,0.0,0.0,4672433.449404762,0.0,6.0,4.0,0.0,0.0,0.0,645,0.0,0.0,1.0,0.0,0,nothing,0.0,51.59253277318784,-0.2989021988772921,16994.88051062169
88195da52dfffff,0.0,0.0,0.0,9.0,2.0,0.0,0.0,0.0,23.0,0.0,2.0,0.0,106191.04681689656,318043.64999999997,0.0,9.0,7.0,0.0,0.0,0.0,656,4.0,0.0,4.0,0.0,0,nothing,0.0,51.60235587271761,-0.31543678716030576,16995.32524656186
88195da531fffff,0.0,0.0,0.0,1.0,0.0,0.0,0.0,0.0,7.0,0.0,1.0,0.0,31732.588588621,5346900.0,0.0,8.0,8.0,0.0,0.0,0.0,653,1.0,1.0,2.0,0.0,0,nothing,0.0,51.577031098585664,-0.29031287525698335,16995.22728552673
88195da533fffff,0.0,0.0,0.0,0.0,0.0,0.0,0.0,0.0,0.0,0.0,0.0,0.0,0.0,1599154.7897727273,0.0,8.0,5.0,0.0,0.0,0.0,657,0.0,0.0,1.0,1.0,0,nothing,0.0,51.569279643915664,-0.2860201986604875,16995.400313549515
88195da535fffff,0.0,0.0,0.0,0.0,0.0,0.0,0.0,0.0,0.0,0.0,2.0,0.0,0.0,2387452.4068181817,0.0,1.0,4.0,0.0,0.0,0.0,669,0.0,3.0,6.0,0.0,0,nothing,2.0,51.579104426304994,-0.3025440182889966,16995.846332486795
88195da537fffff,0.0,0.0,0.0,20.0,5.0,0.0,0.0,1.0,87.0,0.0,3.0,0.0,656937.3652851039,4626123.136363637,0.0,12.0,10.0,1.0,1.0,0.0,673,1.0,13.0,6.0,0.0,0,nothing,0.0,51.57135312007062,-0.29824907734827294,16996.019548515585
88195da539fffff,0.0,0.0,0.0,14.0,1.0,0.0,0.0,0.0,23.0,0.0,5.0,0.0,407268.1166848428,3938052.4791666665,0.0,15.0,16.0,1.0,0.0,0.0,633,1.0,0.0,3.0,0.0,0,nothing,0.0,51.58270786897886,-0.2823756309171162,16994.435093111468
88195da53bfffff,0.0,0.0,0.0,0.0,0.0,0.0,0.0,0.0,7.0,0.0,0.0,0.0,61671.159908097485,274907.25,0.0,3.0,0.0,0.0,0.0,0.0,637,0.0,7.0,0.0,0.0,0,nothing,0.0,51.574956677435345,-0.27808389571188796,16994.608172825385
88195da53dfffff,0.0,0.0,0.0,0.0,2.0,0.0,0.0,0.0,2.0,0.0,1.0,0.0,0.0,2305980.4375,0.0,9.0,6.0,0.0,0.0,0.0,649,0.0,6.0,1.0,0.0,0,nothing,0.0,51.58478214180514,-0.2946068751413391,16995.05401785934
88195da541fffff,0.0,0.0,0.0,1.0,0.0,0.0,0.0,0.0,4.0,0.0,0.0,0.0,0.0,3568392.6805555555,0.0,5.0,7.0,0.0,0.0,0.0,568,0.0,0.0,3.0,0.0,0,nothing,1.0,51.615230497295364,-0.26713943112931404,16991.71175346682
88195da543fffff,0.0,0.0,0.0,0.0,1.0,0.0,0.0,0.0,0.0,0.0,0.0,0.0,849644.2955342331,3442226.793055556,0.0,4.0,15.0,0.0,0.0,0.0,572,0.0,0.0,4.0,0.0,0,nothing,0.0,51.60748091973012,-0.26284787656824354,16991.885466118045
88195da545fffff,0.0,0.0,0.0,18.0,1.0,0.0,0.0,0.0,37.0,0.0,6.0,0.0,36847.228825885344,2987172.213699495,0.0,13.0,9.0,1.0,0.0,0.0,583,0.0,11.0,6.0,0.0,0,nothing,1.0,51.61730730826766,-0.2793755090404059,16992.329936031132
88195da547fffff,0.0,0.0,0.0,9.0,1.0,0.0,0.0,0.0,23.0,0.0,0.0,0.0,10945223.758577831,7292106.873196248,0.0,45.0,17.0,0.0,0.0,0.0,587,1.0,4.0,9.0,1.0,0,nothing,0.0,51.60955787937204,-0.27508168743880507,16992.503836567386
88195da549fffff,0.0,0.0,0.0,4.0,0.0,1.0,0.0,0.0,10.0,0.0,0.0,0.0,160306.65326282874,10371250.688446969,0.0,28.0,13.0,0.0,0.0,0.0,548,2.0,3.0,5.0,0.0,0,nothing,0.0,51.62090190627,-0.25919613207110637,16990.91974121926
88195da54bfffff,0.0,0.0,0.0,7.0,0.0,0.0,0.0,0.0,21.0,0.0,1.0,0.0,378369.5312846769,2461962.7895833333,0.0,19.0,12.0,1.0,0.0,0.0,552,1.0,1.0,6.0,0.0,0,nothing,1.0,51.613152592552446,-0.25490552092742813,16991.09350505811
88195da54dfffff,0.0,0.0,0.0,1.0,3.0,1.0,0.0,0.0,18.0,0.0,4.0,0.0,10543.199227155908,5121298.166666666,0.0,17.0,11.0,0.0,0.0,0.0,564,0.0,1.0,4.0,2.0,0,nothing,0.0,51.622979662455045,-0.271432309648276,16991.537801795534
88195da551fffff,0.0,0.0,1.0,5.0,3.0,0.0,0.0,0.0,38.0,0.0,5.0,0.0,1859319.9226328656,1805854.5,0.0,9.0,15.0,1.0,1.0,0.0,561,4.0,13.0,4.0,0.0,0,nothing,1.0,51.597652729307214,-0.2463282679117118,16991.440315734686
88195da553fffff,0.0,0.0,0.0,0.0,0.0,0.0,0.0,0.0,3.0,0.0,0.0,0.0,386580.0860723118,8972912.378472222,0.0,3.0,5.0,0.0,0.0,0.0,565,7.0,4.0,4.0,0.0,0,nothing,0.0,51.58990218055104,-0.2420416249119095,16991.61336242399
88195da555fffff,0.0,0.0,0.0,1.0,0.0,0.0,0.0,0.0,2.0,0.0,0.0,0.0,251062.84089592457,3701920.627083333,0.0,2.0,7.0,1.0,0.0,0.0,576,1.0,32.0,3.0,0.0,0,nothing,0.0,51.59973093014513,-0.25855764540081494,16992.058939674862
88195da557fffff,0.0,0.0,0.0,3.0,0.0,0.0,0.0,0.0,23.0,0.0,1.0,0.0,5100383.844861595,6334509.798421718,0.0,17.0,12.0,0.0,0.0,2705.539358600583,580,1.0,2.0,7.0,0.0,0,nothing,0.0,51.591980528926264,-0.25426873706304276,16992.232174062996
88195da559fffff,0.0,0.0,0.0,1.0,0.0,0.0,0.0,0.0,3.0,0.0,0.0,0.0,1062486.0615799637,4668776.145833334,0.0,21.0,8.0,0.0,0.0,0.0,540,1.0,0.0,3.0,0.0,0,nothing,2.0,51.60332372108391,-0.23838675745964033,16990.648528097077
88195da55bfffff,0.0,0.0,0.0,1.0,0.0,0.0,0.0,0.0,10.0,0.0,0.0,0.0,924414.9882872831,11841751.403769841,0.0,12.0,9.0,0.0,0.0,0.0,545,1.0,8.0,6.0,0.0,0,nothing,1.0,51.59557343619591,-0.23410105798069375,16990.821626264024
88195da55dfffff,0.0,0.0,0.0,0.0,0.0,0.0,0.0,0.0,1.0,0.0,0.0,0.0,887854.4108345371,1747474.2000000002,0.0,2.0,9.0,0.0,0.0,0.0,557,0.0,0.0,5.0,0.0,0,nothing,0.0,51.605402866769616,-0.25061623306230024,16991.267029921335
88195da561fffff,0.0,0.0,0.0,1.0,0.0,0.0,0.0,0.0,8.0,0.0,1.0,0.0,1099683.7295771046,610022.625,0.0,5.0,1.0,0.0,0.0,0.0,617,0.0,44.0,2.0,0.0,0,nothing,0.0,51.613708516326774,-0.29955580911396057,16993.740379744264
88195da563fffff,0.0,0.0,0.0,0.0,2.0,0.0,3.0,0.0,7.0,0.0,0.0,0.0,772806.5954300883,361178.1818181818,0.0,13.0,8.0,1.0,0.0,0.0,621,0.0,9.0,2.0,0.0,0,nothing,0.0,51.605958973085976,-0.29525877783022847,16993.914417114
88195da565fffff,0.0,0.0,1.0,4.0,0.0,0.0,0.0,1.0,13.0,1.0,0.0,0.0,0.0,2949407.0,0.0,10.0,13.0,0.0,0.0,0.0,632,2.0,0.0,7.0,0.0,0,nothing,0.0,51.615782192453025,-0.31179611883626585,16994.358552231737
88195da567fffff,0.0,0.0,0.0,0.0,0.0,0.0,0.0,0.0,0.0,0.0,0.0,0.0,131071.57201569006,1258.0,0.0,14.0,15.0,0.0,0.0,0.0,636,0.0,0.0,3.0,0.0,0,nothing,0.0,51.60803279889797,-0.30749682016031354,16994.53277773336
88195da569fffff,0.0,0.0,0.0,1.0,1.0,41.0,0.0,0.0,10.0,0.0,1.0,0.0,125661.79825832485,5684935.818181818,0.0,28.0,13.0,0.0,0.0,0.0,598,3.0,1.0,2.0,0.0,0,nothing,0.0,51.61938302487588,-0.29161375412044205,16992.94805263112
88195da56bfffff,0.0,0.0,0.0,2.0,0.0,0.0,0.0,0.0,7.0,0.0,0.0,0.0,4732.674759453871,3730896.780663781,0.0,1.0,8.0,0.0,0.0,0.0,602,0.0,6.0,6.0,0.0,0,nothing,0.0,51.61163374510202,-0.2873176651342639,16993.12214114946
88195da56dfffff,0.0,0.0,0.0,0.0,0.0,0.0,0.0,0.0,13.0,0.0,0.0,0.0,1752922.126805232,4343565.0625,0.0,12.0,5.0,1.0,1.0,0.0,613,3.0,4.0,2.0,0.0,0,nothing,0.0,51.62145764652663,-0.303854165828235,16993.56610314677
88195da581fffff,0.0,0.0,0.0,14.0,4.0,0.0,0.0,0.0,59.0,0.0,3.0,0.0,105413.24470027877,2761878.0996031747,0.0,85.0,9.0,0.0,0.0,0.0,639,1.0,14.0,14.0,2.0,0,nothing,1.0,51.54187170194402,-0.24871241041180717,16994.678165644673
88195da583fffff,0.0,0.0,1.0,57.0,7.0,0.0,1.0,2.0,220.0,0.0,12.0,0.0,420555.72383046336,4111831.983333333,1.0,85.0,19.0,1.0,2.0,448.9795918367347,644,5.0,41.0,28.0,3.0,1,Public use,1.0,51.53411831253938,-0.24442954357753657,16994.849858988062
88195da585fffff,0.0,0.0,0.0,1.0,1.0,0.0,0.0,0.0,48.0,0.0,2.0,0.0,0.0,6595161.61038961,0.0,53.0,13.0,0.0,0.0,5387.755102040816,655,0.0,14.0,6.0,0.0,0,nothing,0.0,51.54394780402091,-0.26093017536200086,16995.298094942133
88195da587fffff,0.0,0.0,1.0,3.0,0.0,0.0,0.0,0.0,15.0,0.0,0.0,0.0,172844.5267969608,4559780.737301587,0.0,51.0,10.0,1.0,1.0,9603.498542274052,659,0.0,8.0,7.0,0.0,0,nothing,0.0,51.536194560788566,-0.256645047578417,16995.469975916334
88195da589fffff,0.0,0.0,0.0,3.0,0.0,0.0,0.0,0.0,21.0,0.0,0.0,0.0,0.0,4498567.971590909,0.0,75.0,16.0,0.0,1.0,0.0,620,1.0,27.0,5.0,0.0,0,nothing,1.0,51.54754763566738,-0.24077873388585466,16993.88642562003
88195da58bfffff,1.0,0.0,0.0,3.0,2.0,1.0,1.0,0.0,30.0,0.0,1.0,0.0,830508.0593092606,1034645.7969907407,0.0,82.0,10.0,0.0,0.0,0.0,624,0.0,113.0,5.0,0.0,0,nothing,0.0,51.53979450942729,-0.2364968086514516,16994.05817123551
88195da58dfffff,0.0,0.0,0.0,2.0,0.0,0.0,0.0,0.0,9.0,0.0,0.0,0.0,3060308.7502884436,2516488.7976190476,0.0,52.0,12.0,0.0,0.0,384.8396501457726,635,5.0,1.0,4.0,0.0,0,nothing,0.0,51.54962468212329,-0.2529965969283018,16994.506232450574
88195da591fffff,0.0,1.0,1.0,3.0,0.0,0.0,0.0,0.0,34.0,1.0,2.0,0.0,74133.04332138597,5289106.6477272725,3.0,36.0,6.0,0.0,0.0,30862.973760932946,632,0.0,86.0,1.0,0.0,1,Public use,0.0,51.524287030676376,-0.2279369146369492,16994.400942976572
88195da593fffff,2.0,7.0,0.0,10.0,1.0,0.0,0.0,0.0,65.0,0.0,0.0,0.0,567697.6617149631,20130683.644274656,0.0,35.0,13.0,0.0,0.0,25801.749271137025,637,4.0,7.0,13.0,2.0,0,nothing,1.0,51.51653267893797,-0.2236589447339201,16994.57196895489
88195da595fffff,0.0,0.0,0.0,3.0,0.0,0.0,0.0,0.0,9.0,0.0,1.0,0.0,366639.7055827089,3467447.8055555555,0.0,29.0,3.0,0.0,0.0,19982.50728862974,648,0.0,36.0,2.0,0.0,0,nothing,0.0,51.52636451429565,-0.24014799586362598,16995.021312406974
88195da597fffff,0.0,1.0,0.0,0.0,0.0,0.0,0.0,0.0,22.0,0.0,0.0,0.0,2324180.152926773,6446627.946338384,0.0,23.0,6.0,0.0,0.0,0.0,653,0.0,70.0,1.0,0.0,0,nothing,0.0,51.5186103075991,-0.2358677667085643,16995.19252582772
88195da599fffff,0.0,5.0,0.0,16.0,3.0,0.0,0.0,0.0,78.0,0.0,5.0,0.0,1054087.2225441586,3218787.75,0.0,49.0,17.0,1.0,1.0,10495.626822157434,614,5.0,34.0,12.0,1.0,0,nothing,0.0,51.5299625466673,-0.22000502464812488,16993.60943020866
88195da59bfffff,0.0,8.0,0.0,14.0,1.0,0.0,0.0,0.0,123.0,1.0,0.0,0.0,2369459.7169294115,7455222.935170807,0.0,27.0,19.0,0.0,0.0,0.0,618,3.0,0.0,13.0,1.0,0,nothing,2.0,51.522208458111635,-0.21572799644646432,16993.780508749238
88195da59dfffff,0.0,0.0,2.0,11.0,1.0,0.0,0.0,0.0,53.0,1.0,1.0,0.0,101022.35525844524,3851685.3194444445,0.0,89.0,12.0,0.0,0.0,0.0,628,0.0,22.0,7.0,0.0,0,nothing,0.0,51.532040974301545,-0.23221620242235827,16994.229677045583
88195da5a1fffff,0.0,0.0,0.0,4.0,0.0,0.0,0.0,0.0,10.0,0.0,1.0,0.0,298315.9820975748,13804872.856060605,0.0,35.0,9.0,0.0,0.0,0.0,689,0.0,3.0,6.0,0.0,0,nothing,0.0,51.54034378495236,-0.2810825419714019,16996.71001425074
88195da5a3fffff,0.0,0.0,0.0,2.0,0.0,0.0,0.0,0.0,1.0,0.0,0.0,0.0,753918.2562426097,2929931.486842105,0.0,24.0,15.0,0.0,0.0,0.0,694,0.0,8.0,3.0,0.0,0,nothing,0.0,51.53259042555981,-0.2767942124090089,16996.882030718705
88195da5a5fffff,0.0,0.0,0.0,6.0,3.0,0.0,0.0,0.0,26.0,0.0,1.0,0.0,55898.82360190181,4163171.416666667,1.0,10.0,8.0,0.0,0.0,0.0,705,2.0,3.0,10.0,0.0,1,Public use,0.0,51.542416759682766,-0.2933045312881737,16997.32993541691
88195da5a7fffff,0.0,0.0,0.0,1.0,0.0,0.0,0.0,0.0,7.0,0.0,0.0,0.0,1521.3847972764263,16677739.597222224,0.0,16.0,12.0,0.0,0.0,0.0,709,1.0,2.0,8.0,0.0,0,nothing,0.0,51.53466354747661,-0.2890139404237185,16997.502139763066
88195da5a9fffff,0.0,0.0,0.0,3.0,1.0,0.0,0.0,0.0,16.0,0.0,1.0,0.0,451279.3300853897,12411512.636904761,0.0,24.0,12.0,1.0,0.0,0.0,670,0.0,0.0,2.0,0.0,0,nothing,0.0,51.546022815065726,-0.27315010296527903,16995.917959008013
88195da5abfffff,0.0,0.0,0.0,0.0,0.0,0.0,0.0,0.0,3.0,0.0,0.0,0.0,0.0,6258847.992424242,0.0,20.0,2.0,0.0,0.0,0.0,674,0.0,3.0,0.0,0.0,0,nothing,0.0,51.53826971845694,-0.2688627138887738,16996.090027710536
88195da5adfffff,0.0,0.0,0.0,0.0,0.0,0.0,0.0,0.0,7.0,0.0,0.0,0.0,1046.4559429399806,3695167.732323232,0.0,1.0,4.0,0.0,0.0,0.0,685,0.0,1.0,4.0,0.0,0,nothing,0.0,51.54809673448618,-0.28537219268389263,16996.53775772235
88195da5b1fffff,0.0,0.0,0.0,21.0,1.0,0.0,0.0,1.0,32.0,0.0,1.0,0.0,298393.09244457935,6953056.633595864,0.0,72.0,20.0,1.0,2.0,0.0,683,6.0,32.0,2.0,1.0,0,nothing,0.0,51.522762297069576,-0.2602918965944516,16996.43344499627
88195da5b3fffff,0.0,0.0,0.0,3.0,1.0,0.0,0.0,1.0,22.0,0.0,3.0,0.0,70651.21437942222,6922526.811733583,0.0,17.0,11.0,0.0,0.0,0.0,687,1.0,17.0,8.0,0.0,0,nothing,0.0,51.51500797306392,-0.2560084672529351,16996.6047934318
88195da5b5fffff,0.0,0.0,0.0,1.0,1.0,2.0,0.0,0.0,6.0,0.0,0.0,0.0,2545270.8111143163,17149093.135563828,0.0,10.0,16.0,0.0,0.0,64.1399416909621,698,2.0,9.0,5.0,0.0,0,nothing,0.0,51.524836656695065,-0.27250720343443935,16997.053807052285
88195da5b7fffff,0.0,0.0,1.0,6.0,3.0,0.0,0.0,0.0,60.0,1.0,5.0,0.0,47424.817515298535,5681736.967587288,0.0,12.0,16.0,1.0,0.0,0.0,703,3.0,37.0,8.0,0.0,0,nothing,0.0,51.51708247874469,-0.2682215144857654,16997.22534317758
88195da5b9fffff,0.0,0.0,0.0,3.0,0.0,0.0,0.0,0.0,9.0,0.0,0.0,0.0,1095743.5585110774,2761851.844537815,0.0,54.0,9.0,0.0,0.0,13189.504373177842,664,0.0,0.0,5.0,0.0,0,nothing,0.0,51.528440908377334,-0.25236123959182427,16995.641616920704
88195da5bbfffff,0.0,0.0,0.0,0.0,0.0,0.0,0.0,0.0,15.0,0.0,0.0,0.0,32728.003426049167,2678517.038865546,0.0,10.0,10.0,1.0,0.0,0.0,668,0.0,29.0,3.0,0.0,0,nothing,0.0,51.52068684717361,-0.24807875084046682,16995.813017881454
88195da5bdfffff,0.0,0.0,0.0,5.0,0.0,6.0,0.0,0.0,14.0,0.0,1.0,0.0,2800340.252915362,4254134.118013784,0.0,54.0,22.0,0.0,0.0,0.0,679,3.0,10.0,10.0,1.0,0,nothing,0.0,51.530516212329395,-0.26457664528582736,16996.261856397916
88195da5c1fffff,0.0,0.0,0.0,0.0,0.0,0.0,0.0,0.0,3.0,0.0,0.0,0.0,369613.16156664654,1035358.656547619,0.0,4.0,9.0,0.0,0.0,0.0,597,6.0,2.0,3.0,0.0,0,nothing,0.0,51.56097481542995,-0.2371263207393837,16992.922718446047
88195da5c3fffff,0.0,0.0,0.0,1.0,1.0,0.0,0.0,0.0,9.0,0.0,1.0,0.0,0.0,1224928.7803030303,0.0,32.0,8.0,1.0,1.0,0.0,601,0.0,0.0,5.0,0.0,0,nothing,0.0,51.55322236183045,-0.2328440181005561,16993.094755879432
88195da5c5fffff,0.0,0.0,0.0,3.0,1.0,0.0,0.0,1.0,27.0,1.0,2.0,0.0,11226.56650573896,13120045.04017857,1.0,6.0,10.0,0.0,0.0,0.0,612,0.0,4.0,8.0,0.0,1,Public use,0.0,51.56305265994605,-0.2493465436183899,16993.542215267906
88195da5c7fffff,0.0,0.0,0.0,0.0,0.0,0.0,0.0,0.0,6.0,0.0,0.0,0.0,636439.7819946081,5504075.369318182,0.0,16.0,17.0,1.0,0.0,0.0,616,1.0,4.0,3.0,0.0,0,nothing,0.0,51.555300352635676,-0.2450619786874443,16993.714440272888
88195da5c9fffff,0.0,0.0,0.0,4.0,0.0,0.0,0.0,0.0,15.0,0.0,0.0,0.0,1808771.8272268237,8697752.155449264,0.0,10.0,19.0,1.0,0.0,0.0,577,4.0,0.0,5.0,0.0,0,nothing,0.0,51.56664807037809,-0.22918962318429786,16992.131067007
88195da5cbfffff,0.0,0.0,0.0,0.0,0.0,0.0,0.0,0.0,11.0,0.0,0.0,0.0,570481.11454291,1709282.4166666667,0.0,6.0,6.0,0.0,0.0,1166.1807580174927,581,0.0,0.0,6.0,0.0,0,nothing,0.0,51.558895880305194,-0.2249082631561117,16992.303156459897
88195da5cdfffff,0.0,0.0,0.0,0.0,0.0,0.0,0.0,0.0,3.0,0.0,0.0,0.0,0.0,23533612.11031746,0.0,0.0,5.0,0.0,0.0,0.0,593,0.0,4.0,3.0,0.0,0,nothing,0.0,51.56872685932527,-0.24140994339238342,16992.75044147379
88195da5d1fffff,0.0,0.0,0.0,0.0,0.0,0.0,0.0,0.0,7.0,0.0,0.0,0.0,337796.8258102508,1382249.186904762,0.0,11.0,13.0,0.0,0.0,64.1399416909621,590,1.0,2.0,5.0,0.0,0,nothing,0.0,51.54339027245202,-0.21634950054704416,16992.64661681064
88195da5d3fffff,0.0,1.0,1.0,5.0,0.0,0.0,0.0,0.0,55.0,0.0,0.0,0.0,39850.58365842774,1642509.8333333333,0.0,22.0,2.0,0.0,0.0,0.0,594,0.0,89.0,10.0,0.0,0,nothing,0.0,51.5356368554437,-0.21207209684245054,16992.81798756115
88195da5d5fffff,0.0,0.0,0.0,12.0,1.0,0.0,0.0,0.0,59.0,1.0,1.0,0.0,703018.5519354093,2717159.3457792206,0.0,99.0,14.0,0.0,0.0,0.0,606,6.0,15.0,16.0,0.0,0,nothing,1.0,51.545469498912794,-0.22856303491364863,16993.26655370014
88195da5d7fffff,0.0,0.0,0.0,5.0,0.0,0.0,0.0,1.0,66.0,0.0,0.0,0.0,228840.75747071416,1989570.363095238,0.0,62.0,13.0,1.0,0.0,0.0,610,2.0,8.0,12.0,0.0,0,nothing,3.0,51.53771622706305,-0.22428337061671444,16993.43811183443
88195da5d9fffff,0.0,0.0,1.0,3.0,2.0,0.0,0.0,0.0,22.0,0.0,1.0,0.0,187531.99467020025,3209062.152083333,2.0,22.0,10.0,1.0,1.0,0.0,571,5.0,6.0,16.0,0.0,1,Taxi,0.0,51.54906311034051,-0.208414592313748,16991.855192011288
88195da5dbfffff,0.0,1.0,0.0,6.0,1.0,0.0,0.0,0.0,66.0,0.0,5.0,0.0,239625.26564722555,2034016.7990079366,0.0,24.0,10.0,2.0,0.0,1230.3206997084549,575,3.0,14.0,14.0,1.0,0,nothing,1.0,51.54130995687758,-0.20413813132039993,16992.02661507119
88195da5ddfffff,0.0,0.0,0.0,16.0,2.0,0.0,0.0,1.0,42.0,0.0,0.0,0.0,122170.94962408011,2686676.625,0.0,37.0,12.0,1.0,2.0,0.0,586,0.0,10.0,8.0,0.0,0,nothing,0.0,51.551143280867855,-0.22062822246435335,16992.47500641901
88195da5e1fffff,0.0,0.0,0.0,0.0,0.0,0.0,0.0,0.0,7.0,0.0,0.0,0.0,2192525.1469375365,3678323.673611111,0.0,7.0,6.0,0.0,0.0,0.0,647,0.0,0.0,0.0,0.0,0,nothing,0.0,51.55945306140371,-0.2695043925687243,16994.953613379766
88195da5e3fffff,0.0,0.0,0.0,1.0,0.0,0.0,0.0,0.0,4.0,0.0,1.0,0.0,2633954.8011115706,6358437.538961039,0.0,31.0,18.0,0.0,0.0,0.0,651,1.0,0.0,3.0,0.0,0,nothing,0.0,51.55170063768808,-0.2652166235046594,16995.125974071965
88195da5e5fffff,0.0,0.0,1.0,13.0,0.0,0.0,0.0,1.0,36.0,0.0,1.0,0.0,149151.16805972118,4476232.107638889,2.0,31.0,23.0,1.0,9.0,0.0,662,5.0,18.0,4.0,0.0,1,Taxi,0.0,51.56152777818146,-0.28172884478841625,16995.57310185343
88195da5e7fffff,1.0,0.0,0.0,2.0,0.0,0.0,1.0,0.0,7.0,0.0,0.0,0.0,3518168.8281833436,3804453.298989899,0.0,5.0,0.0,0.0,0.0,0.0,666,1.0,2.0,1.0,0.0,0,nothing,0.0,51.55377550176935,-0.2774388130776396,16995.745650364304
88195da5e9fffff,0.0,0.0,0.0,0.0,0.0,0.0,0.0,0.0,8.0,0.0,0.0,0.0,197461.39223713812,8019518.857638889,0.0,38.0,10.0,0.0,0.0,0.0,627,0.0,0.0,5.0,0.0,0,nothing,0.0,51.5651294132608,-0.2615689312566662,16994.161646805685
88195da5ebfffff,0.0,0.0,0.0,3.0,1.0,0.0,0.0,0.0,9.0,0.0,0.0,0.0,3154061.395559949,12060300.10625,0.0,21.0,5.0,0.0,0.0,769.6793002915452,631,3.0,0.0,5.0,0.0,0,nothing,0.0,51.557377252690955,-0.2572821036891231,16994.33405947961
88195da5edfffff,0.0,0.0,0.0,2.0,2.0,0.0,0.0,0.0,5.0,0.0,0.0,0.0,2568217.7724213675,3778943.1701388885,0.0,21.0,7.0,0.0,0.0,0.0,642,0.0,0.0,2.0,1.0,0,nothing,0.0,51.56720507478155,-0.27379348311682294,16994.781012939537
88195da601fffff,0.0,0.0,0.0,2.0,0.0,0.0,0.0,0.0,13.0,0.0,0.0,0.0,798361.8783853031,5116983.770833333,0.0,9.0,11.0,0.0,0.0,0.0,349,0.0,27.0,4.0,0.0,0,nothing,0.0,51.62122483964832,-0.13754640310551203,16983.600214569375
88195da603fffff,0.0,0.0,0.0,3.0,0.0,0.0,0.0,0.0,19.0,0.0,2.0,0.0,969242.9767644316,12726389.659126984,1.0,51.0,14.0,1.0,1.0,0.0,354,1.0,13.0,4.0,0.0,1,Taxi,0.0,51.61347514890158,-0.1332767594180551,16983.77263365856
88195da605fffff,0.0,0.0,1.0,0.0,0.0,0.0,0.0,0.0,5.0,0.0,0.0,0.0,1765118.819937557,3437281.188888889,0.0,7.0,8.0,0.0,0.0,0.0,366,0.0,16.0,0.0,0.0,0,nothing,0.0,51.62331416028464,-0.14976549141297799,16984.21843203844
88195da607fffff,0.0,0.0,0.0,11.0,1.0,0.0,0.0,0.0,32.0,0.0,1.0,0.0,1425734.3294306349,6795973.560416667,0.0,33.0,15.0,1.0,0.0,0.0,371,0.0,15.0,10.0,0.0,0,nothing,0.0,51.61556461414722,-0.1454935821344745,16984.391038028716
88195da609fffff,0.0,0.0,0.0,6.0,0.0,0.0,0.0,1.0,22.0,0.0,1.0,0.0,859808.0060847987,3276967.546527778,0.0,3.0,11.0,0.0,0.0,0.0,328,1.0,1.0,5.0,0.0,0,nothing,0.0,51.62688385593789,-0.12959818613425528,16982.80946187146
88195da60bfffff,0.0,0.0,0.0,0.0,0.0,0.0,0.0,0.0,3.0,0.0,0.0,0.0,0.0,5453643.631944444,0.0,9.0,6.0,0.0,0.0,0.0,333,0.0,29.0,3.0,0.0,0,nothing,0.0,51.61913443056257,-0.12532949031717397,16982.98193230196
88195da60dfffff,0.0,0.0,0.0,1.0,0.0,0.0,0.0,0.0,5.0,0.0,0.0,0.0,202305.34151044258,3628153.106666667,0.0,18.0,7.0,0.0,0.0,0.0,345,0.0,9.0,3.0,0.0,0,nothing,0.0,51.62897412052619,-0.14181736484376878,16983.427557289815
88195da611fffff,0.0,0.0,1.0,15.0,2.0,0.0,0.0,1.0,74.0,0.0,1.0,0.0,474719.2327812971,4118819.1937499996,0.0,39.0,8.0,1.0,0.0,0.0,342,1.0,30.0,6.0,1.0,0,nothing,0.0,51.60363435160785,-0.11679605023008185,16983.326158652097
88195da613fffff,2.0,0.0,0.0,27.0,8.0,0.0,0.0,2.0,94.0,0.0,8.0,0.0,2186290.1382832215,4064831.6102777775,0.0,96.0,19.0,1.0,1.0,0.0,346,3.0,18.0,4.0,1.0,0,nothing,1.0,51.59588369879797,-0.1125313048355255,16983.49791442495
88195da615fffff,0.0,0.0,0.0,10.0,3.0,3.0,0.0,0.0,22.0,0.0,0.0,0.0,110258.8190282674,2903596.2222222225,0.0,16.0,10.0,1.0,2.0,0.0,359,1.0,30.0,7.0,0.0,0,nothing,0.0,51.60572504867075,-0.12900843321874841,16983.944814483842
88195da617fffff,0.0,0.0,0.0,8.0,0.0,0.0,0.0,2.0,25.0,0.0,0.0,0.0,550168.1873895639,1888911.4166666667,0.0,14.0,11.0,1.0,0.0,0.0,363,4.0,27.0,5.0,0.0,0,nothing,0.0,51.59797453934068,-0.12474142394526669,16984.116756971773
88195da619fffff,0.0,0.0,0.0,11.0,1.0,0.0,0.0,0.0,47.0,0.0,2.0,0.0,28454.46312670808,4610176.229166667,0.0,31.0,12.0,0.0,0.0,0.0,321,2.0,7.0,3.0,0.0,0,nothing,0.0,51.60929295500983,-0.10884964001916038,16982.535630931918
88195da61bfffff,0.0,0.0,0.0,5.0,1.0,0.0,0.0,0.0,40.0,0.0,1.0,0.0,603424.4447099591,3054791.3479166664,0.0,76.0,11.0,0.0,0.0,0.0,325,0.0,21.0,5.0,0.0,0,nothing,0.0,51.60154256759199,-0.10458584258734291,16982.70743833416
88195da61dfffff,0.0,0.0,0.0,4.0,1.0,0.0,0.0,1.0,58.0,0.0,1.0,0.0,104890.30923176972,8974963.657738095,15.0,35.0,13.0,0.0,0.0,0.0,338,2.0,2.0,5.0,0.0,1,Public use,0.0,51.61138459565765,-0.1210621118699167,16983.15416458665
88195da621fffff,0.0,0.0,0.0,1.0,1.0,0.0,0.0,1.0,7.0,0.0,0.0,0.0,124266.73091746056,2590319.7083333335,0.0,1.0,6.0,0.0,0.0,0.0,404,0.0,8.0,4.0,0.0,0,nothing,0.0,51.61974027826634,-0.16993375095090096,16985.627652187686
88195da623fffff,0.0,0.0,0.0,6.0,1.0,0.0,0.0,0.0,32.0,0.0,3.0,0.0,253956.08232748814,2620502.0131944446,0.0,20.0,11.0,0.0,0.0,0.0,408,1.0,2.0,7.0,0.0,0,nothing,0.0,51.61199061219906,-0.16565862896996697,16985.80039387245
88195da625fffff,0.0,0.0,0.0,2.0,0.0,0.0,0.0,0.0,14.0,1.0,1.0,0.0,466594.0174846398,1775258.7626262626,1.0,7.0,4.0,1.0,0.0,0.0,420,3.0,9.0,7.0,1.0,1,Taxi,0.0,51.6218264759513,-0.18215709598777907,16986.245861738233
88195da627fffff,0.0,0.0,1.0,61.0,9.0,0.0,0.0,0.0,180.0,0.0,7.0,0.0,2853523.9218666703,3581782.4712301586,0.0,28.0,22.0,0.0,0.0,0.0,424,2.0,1.0,8.0,0.0,0,nothing,0.0,51.614076955507784,-0.17787970804702588,16986.418790569554
88195da629fffff,0.0,0.0,0.0,0.0,0.0,0.0,0.0,0.0,0.0,0.0,0.0,0.0,52133.33221275474,1333574.55,0.0,10.0,11.0,0.0,0.0,0.0,383,1.0,1.0,0.0,0.0,0,nothing,0.0,51.6254023918771,-0.16198675470895038,16984.836584590113
88195da62bfffff,0.0,0.0,1.0,1.0,0.0,0.0,1.0,0.0,14.0,0.0,0.0,0.0,87231.82044693842,2255628.1888888893,0.0,12.0,8.0,0.0,0.0,0.0,388,0.0,65.0,4.0,0.0,0,nothing,0.0,51.61765299080023,-0.15771257948911308,16985.009377578124
88195da62dfffff,0.0,0.0,0.0,6.0,1.0,0.0,0.0,0.0,13.0,0.0,0.0,0.0,1091267.3098531372,832067.5555555556,1.0,34.0,18.0,1.0,0.0,0.0,399,3.0,5.0,3.0,0.0,1,Taxi,0.0,51.62748953383129,-0.17421019246184086,16985.454672105294
88195da631fffff,0.0,0.0,0.0,14.0,1.0,0.0,0.0,1.0,33.0,2.0,1.0,0.0,689339.0394912495,1646454.5340909092,0.0,16.0,12.0,0.0,0.0,0.0,397,0.0,24.0,6.0,0.0,0,nothing,0.0,51.60215295854306,-0.1491681850350112,16985.354248421234
88195da633fffff,0.0,0.0,3.0,5.0,1.0,0.0,0.0,0.0,41.0,0.0,4.0,0.0,112932.74336717563,3475191.9955176767,0.0,25.0,16.0,0.0,0.0,0.0,401,2.0,21.0,9.0,0.0,0,nothing,0.0,51.59440232813278,-0.1448979646753805,16985.52632612913
88195da635fffff,0.0,0.0,0.0,0.0,0.0,0.0,0.0,0.0,2.0,0.0,0.0,0.0,220541.67820468458,16537888.45259662,0.0,7.0,3.0,0.0,0.0,0.0,413,0.0,22.0,1.0,0.0,0,nothing,0.0,51.60424053601451,-0.16138482595602657,16985.972897085856
88195da637fffff,0.0,0.0,1.0,0.0,0.0,0.0,0.0,0.0,5.0,0.0,0.0,0.0,108493.65167647417,1883432.2666666666,0.0,6.0,2.0,0.0,0.0,0.0,417,0.0,9.0,5.0,0.0,0,nothing,0.0,51.5964900500978,-0.1571123413463093,16986.14516175425
88195da639fffff,0.0,0.0,0.0,0.0,0.0,0.0,0.0,0.0,13.0,0.0,0.0,0.0,4472001.926421132,5583585.645833334,0.0,23.0,3.0,0.0,0.0,0.0,376,3.0,50.0,2.0,0.0,0,nothing,0.0,51.607814658186385,-0.14122299102481714,16984.563405710483
88195da63bfffff,0.0,0.0,0.0,0.0,0.0,0.0,0.0,0.0,8.0,0.0,1.0,0.0,183851.08265745317,1489722.9696969697,0.0,9.0,7.0,0.0,0.0,0.0,381,0.0,45.0,2.0,0.0,0,nothing,0.0,51.60006429278711,-0.13695371752141672,16984.73553501019
88195da63dfffff,0.0,0.0,0.0,9.0,1.0,0.0,0.0,0.0,32.0,0.0,1.0,0.0,3829530.6315156496,7377189.708333334,0.0,58.0,14.0,0.0,0.0,0.0,392,0.0,16.0,8.0,0.0,0,nothing,0.0,51.60990317956055,-0.1534397231187352,16985.181932213043
88195da641fffff,0.0,0.0,0.0,0.0,0.0,0.0,0.0,0.0,0.0,0.0,1.0,0.0,210971.11743015028,1146993.0545454544,0.0,1.0,6.0,0.0,0.0,0.0,303,0.0,3.0,3.0,0.0,0,nothing,0.0,51.64029041277696,-0.1259179966358535,16981.8460203113
88195da643fffff,0.0,0.0,0.0,24.0,4.0,1.0,0.0,0.0,58.0,0.0,1.0,0.0,739013.5237069975,2583033.978472222,0.0,18.0,15.0,1.0,0.0,0.0,307,3.0,21.0,6.0,0.0,0,nothing,0.0,51.63254166289009,-0.12164893132330899,16982.018779971368
88195da645fffff,0.0,0.0,1.0,0.0,0.0,0.0,0.0,0.0,0.0,0.0,1.0,0.0,275439.81460589444,4210977.0,0.0,8.0,9.0,0.0,0.0,0.0,319,0.0,10.0,5.0,0.0,0,nothing,0.0,51.64238147656087,-0.1381395321290357,16982.46380686714
88195da647fffff,0.0,0.0,0.0,17.0,4.0,0.0,0.0,0.0,60.0,0.0,2.0,0.0,1375246.734386819,2468624.4157828283,0.0,11.0,9.0,0.0,0.0,0.0,324,3.0,0.0,10.0,0.0,0,nothing,0.0,51.634632871398885,-0.1338681998838739,16982.636753368664
88195da649fffff,0.0,0.0,0.0,3.0,0.0,1.0,0.0,0.0,6.0,0.0,1.0,0.0,742881.0138006556,865562.0,0.0,0.0,7.0,0.0,0.0,0.0,281,0.0,4.0,4.0,0.0,0,nothing,0.0,51.64594674453478,-0.11796675520249358,16981.055358154037
88195da64bfffff,0.0,0.0,0.0,1.0,0.0,0.0,0.0,0.0,5.0,0.0,0.0,0.0,4294.705366768515,151014.4,0.0,4.0,8.0,0.0,0.0,0.0,286,0.0,22.0,3.0,0.0,0,nothing,1.0,51.63819826037925,-0.11369863877551319,16981.228168905465
88195da64dfffff,0.0,0.0,0.0,15.0,2.0,0.0,0.0,1.0,35.0,0.0,3.0,0.0,954311.841000282,1456592.5416666667,1.0,39.0,11.0,1.0,0.0,0.0,298,2.0,9.0,4.0,0.0,1,Taxi,1.0,51.648038752319565,-0.13018838032549734,16981.673022770497
88195da651fffff,0.0,0.0,0.0,13.0,4.0,0.0,0.0,0.0,48.0,0.0,2.0,0.0,19615.174389656157,4064017.3472222225,0.0,26.0,13.0,0.0,0.0,0.0,295,0.0,1.0,7.0,1.0,0,nothing,0.0,51.62270006243775,-0.10516635844464604,16981.573076825764
88195da653fffff,0.0,0.0,1.0,0.0,0.0,0.0,0.0,0.0,8.0,0.0,0.0,0.0,266203.31786024454,13489858.229166666,0.0,16.0,10.0,0.0,0.0,0.0,300,2.0,5.0,3.0,0.0,0,nothing,2.0,51.61495034942083,-0.10090219341540592,16981.745173847754
88195da655fffff,0.0,0.0,0.0,6.0,0.0,1.0,0.0,0.0,13.0,1.0,0.0,0.0,258595.13281036034,1401173.1673611111,0.0,9.0,4.0,0.0,0.0,0.0,311,0.0,2.0,8.0,0.0,0,nothing,0.0,51.62479250304352,-0.1173811838248134,16982.191301677143
88195da657fffff,0.0,0.0,0.0,27.0,5.0,0.0,1.0,0.0,77.0,1.0,5.0,0.0,1817409.5108599165,4325975.790674604,0.0,20.0,12.0,1.0,0.0,0.0,317,3.0,69.0,6.0,0.0,0,nothing,0.0,51.6170429336219,-0.11311475357758347,16982.36358535513
88195da659fffff,0.0,0.0,0.0,14.0,1.0,3.0,0.0,0.0,66.0,1.0,1.0,0.0,2742104.2633415204,461773.0277777778,0.0,41.0,12.0,0.0,0.0,0.0,274,3.0,4.0,4.0,0.0,0,nothing,0.0,51.62835598197961,-0.09721692657419576,16980.782639034966
88195da65bfffff,0.0,0.0,0.0,2.0,0.0,0.0,0.0,0.0,2.0,0.0,0.0,0.0,0.0,6844423.111111112,0.0,9.0,8.0,0.0,0.0,0.0,278,0.0,22.0,6.0,0.0,0,nothing,0.0,51.62060653471522,-0.09295371052198613,16980.954787436112
88195da65dfffff,0.0,0.0,0.0,0.0,0.0,0.0,0.0,0.0,2.0,0.0,0.0,0.0,0.0,484459.5,0.0,0.0,3.0,0.0,0.0,0.0,290,0.0,25.0,4.0,0.0,0,nothing,0.0,51.63044936621873,-0.10943184004383569,16981.400741820533
88195da661fffff,0.0,0.0,0.0,2.0,0.0,0.0,0.0,0.0,4.0,0.0,0.0,0.0,164813.85450211947,464051.9696969697,0.0,14.0,6.0,0.0,0.0,0.0,357,0.0,29.0,3.0,0.0,0,nothing,0.0,51.63881202154983,-0.15831326672830845,16983.872505426873
88195da663fffff,0.0,0.0,0.0,1.0,0.0,0.0,0.0,0.0,7.0,0.0,1.0,0.0,175079.62980850192,3219282.4651515153,0.0,1.0,12.0,0.0,0.0,0.0,362,0.0,2.0,1.0,0.0,0,nothing,0.0,51.63106329621381,-0.15403871942319994,16984.045587813252
88195da665fffff,0.0,0.0,0.0,0.0,0.0,0.0,0.0,0.0,2.0,0.0,0.0,0.0,211122.1176626511,3040562.0833333335,0.0,8.0,7.0,1.0,0.0,0.0,374,0.0,1.0,5.0,0.0,0,nothing,0.0,51.64089996200259,-0.1705390639497774,16984.490283849733
88195da667fffff,0.0,0.0,1.0,0.0,0.0,0.0,0.0,0.0,0.0,0.0,0.0,0.0,83275.69865321196,243376.36363636365,0.0,2.0,7.0,0.0,0.0,0.0,379,0.0,4.0,0.0,0.0,0,nothing,0.0,51.633151382406204,-0.16626224934137704,16984.66355332272
88195da669fffff,0.0,0.0,0.0,1.0,1.0,0.0,0.0,0.0,10.0,0.0,1.0,0.0,465024.5281085274,4834772.09469697,0.0,26.0,10.0,0.0,0.0,0.0,336,0.0,9.0,12.0,0.0,0,nothing,0.0,51.64447145113612,-0.15036324472475,16983.081528454066
88195da66bfffff,0.0,0.0,1.0,0.0,2.0,0.0,0.0,0.0,7.0,0.0,0.0,0.0,270565.76627246506,3232959.3666666667,0.0,4.0,6.0,0.0,0.0,0.0,340,0.0,26.0,2.0,0.0,0,nothing,0.0,51.63672299115037,-0.14608964519577086,16983.254661893494
88195da66dfffff,0.0,0.0,1.0,2.0,0.0,0.0,0.0,0.0,16.0,0.0,1.0,0.0,308182.7793345865,1367065.861111111,0.0,28.0,7.0,0.0,0.0,0.0,352,1.0,2.0,2.0,0.0,0,nothing,0.0,51.64656033590788,-0.16258913389176738,16983.69918495305
88195da681fffff,2.0,1.0,0.0,69.0,2.0,1.0,0.0,3.0,198.0,0.0,8.0,0.0,102228.74125274367,2988271.2023358587,1.0,69.0,17.0,1.0,2.0,6997.084548104956,383,7.0,53.0,18.0,1.0,1,Public use,0.0,51.56696841872615,-0.10768654487214249,16984.802142083743
88195da683fffff,0.0,0.0,3.0,31.0,3.0,0.0,0.0,1.0,124.0,2.0,2.0,0.0,57038.84046710386,2391069.686590909,1.0,31.0,8.0,1.0,1.0,0.0,387,9.0,28.0,7.0,0.0,1,Taxi,0.0,51.559215869673686,-0.10342611180233076,16984.972891785892
88195da685fffff,0.0,0.0,2.0,18.0,3.0,0.0,0.0,1.0,96.0,1.0,6.0,0.0,155681.90891750166,2735432.6476821788,0.0,32.0,18.0,1.0,2.0,0.0,399,7.0,35.0,22.0,0.0,0,nothing,0.0,51.5690587445047,-0.1198897883285642,16985.421666920254
88195da687fffff,0.0,2.0,2.0,56.0,3.0,1.0,0.0,2.0,174.0,0.0,8.0,0.0,900373.2157601803,5823063.535079966,2.0,41.0,8.0,0.0,0.0,1166.1807580174927,404,7.0,5.0,21.0,0.0,1,Taxi,0.0,51.5613063376879,-0.1156270944276445,16985.592603209214
88195da689fffff,1.0,0.0,0.0,12.0,4.0,1.0,0.0,0.0,86.0,0.0,1.0,0.0,637224.9109390866,6901754.129861111,0.0,43.0,20.0,1.0,7.0,6997.084548104956,361,1.0,105.0,7.0,1.0,0,nothing,0.0,51.57262929165589,-0.09974496050664869,16984.01175125554
88195da68bfffff,1.0,1.0,0.0,9.0,0.0,0.0,0.0,1.0,118.0,0.0,1.0,0.0,320291.112511488,3479257.7529040403,0.0,22.0,15.0,0.0,0.0,0.0,366,3.0,30.0,9.0,2.0,0,nothing,0.0,51.564877007653934,-0.09548547447772708,16984.182553125996
88195da68dfffff,0.0,0.0,0.0,3.0,0.0,0.0,0.0,0.0,27.0,0.0,1.0,0.0,144581.471338739,1853497.1422619047,0.0,36.0,8.0,0.0,0.0,0.0,378,2.0,17.0,12.0,0.0,0,nothing,0.0,51.57472056060408,-0.11194829206028128,16984.631153678154
88195da691fffff,0.0,1.0,0.0,16.0,4.0,0.0,0.0,0.0,100.0,0.0,5.0,0.0,289969.05728912086,3588715.347222222,0.0,66.0,28.0,1.0,0.0,0.0,375,7.0,54.0,22.0,1.0,0,nothing,0.0,51.54937121952756,-0.08697044217639642,16984.523440819346
88195da693fffff,2.0,2.0,0.0,4.0,1.0,0.0,0.0,0.0,70.0,0.0,0.0,0.0,191626.4188836102,3720555.311111111,0.0,49.0,15.0,0.0,0.0,3498.542274052478,380,4.0,17.0,17.0,0.0,0,nothing,1.0,51.54161771617307,-0.08271489478347795,16984.693526496525
88195da695fffff,0.0,0.0,0.0,10.0,1.0,0.0,1.0,0.0,47.0,0.0,2.0,0.0,132652.94067899114,3488222.276843434,0.0,15.0,10.0,0.0,0.0,0.0,391,5.0,86.0,10.0,0.0,0,nothing,0.0,51.551462913831685,-0.09916699229021292,16985.14340271161
88195da697fffff,0.0,5.0,0.0,13.0,2.0,0.0,0.0,0.0,100.0,1.0,2.0,0.0,69699.66915517433,4390536.21872552,0.0,64.0,12.0,1.0,0.0,0.0,396,5.0,56.0,16.0,0.0,0,nothing,0.0,51.543709551585195,-0.09490918577544519,16985.313674787983
88195da699fffff,1.0,0.0,0.0,21.0,2.0,0.0,0.0,3.0,205.0,0.0,3.0,0.0,142067.00860117172,1556955.4234457673,0.0,22.0,11.0,0.0,0.0,0.0,353,5.0,59.0,17.0,2.0,0,nothing,0.0,51.55503167970898,-0.07903066520935892,16983.733276985
88195da69bfffff,3.0,2.0,0.0,36.0,1.0,0.0,0.0,0.0,217.0,0.0,9.0,0.0,1251726.8630749343,4209811.093250461,0.0,89.0,27.0,2.0,1.0,0.0,358,9.0,22.0,18.0,1.0,0,nothing,1.0,51.547278441423956,-0.07477606494686954,16983.903415118428
88195da69dfffff,1.0,0.0,0.0,13.0,2.0,0.0,0.0,0.0,98.0,0.0,2.0,0.0,43045.705186392566,1617553.411706349,0.0,31.0,16.0,0.0,0.0,0.0,370,6.0,30.0,9.0,1.0,0,nothing,0.0,51.557124316816164,-0.09122730188778833,16984.353116338232
88195da6a1fffff,1.0,1.0,0.0,16.0,0.0,1.0,1.0,1.0,92.0,0.0,6.0,0.0,324097.75173210923,3267909.952272727,0.0,50.0,25.0,1.0,2.0,0.0,435,4.0,140.0,15.0,0.0,0,nothing,0.0,51.56548401681229,-0.1400355757043621,16986.83183350734
88195da6a3fffff,0.0,1.0,1.0,25.0,2.0,0.0,0.0,2.0,108.0,0.0,1.0,0.0,437909.4464700236,3894121.266305916,0.0,23.0,15.0,1.0,1.0,0.0,439,10.0,20.0,14.0,1.0,0,nothing,0.0,51.557731488012244,-0.13576967468435158,16987.00290434857
88195da6a5fffff,0.0,0.0,0.0,2.0,0.0,0.0,0.0,1.0,15.0,0.0,0.0,0.0,20031.888185259377,340857.5887445888,0.0,6.0,7.0,0.0,0.0,0.0,451,1.0,36.0,7.0,1.0,0,nothing,0.0,51.56757122673545,-0.1522430733001844,16987.45135214419
88195da6a7fffff,0.0,1.0,0.0,12.0,1.0,0.0,0.0,0.0,46.0,0.0,0.0,0.0,164502.06563820783,2585213.389745671,0.0,13.0,13.0,0.0,0.0,0.0,456,2.0,55.0,10.0,0.0,0,nothing,0.0,51.55981884118381,-0.14797491107743083,16987.622609817903
88195da6a9fffff,0.0,3.0,1.0,1.0,0.0,0.0,0.0,0.0,48.0,0.0,0.0,0.0,150511.08433534382,4878970.316856061,0.0,14.0,15.0,0.0,0.0,0.0,415,8.0,35.0,26.0,2.0,0,nothing,0.0,51.5711479843959,-0.13209520432016833,16986.041127516655
88195da6abfffff,0.0,5.0,1.0,13.0,0.0,0.0,0.0,2.0,99.0,1.0,3.0,0.0,140553.1208197346,4831785.509054834,0.0,15.0,7.0,1.0,2.0,192.4198250728863,419,3.0,19.0,18.0,1.0,0,nothing,0.0,51.56339572026529,-0.12783024923742725,16986.21225048934
88195da6adfffff,1.0,0.0,0.0,13.0,3.0,0.0,1.0,0.0,70.0,0.0,2.0,0.0,109686.7830662307,4172505.098686869,1.0,25.0,14.0,0.0,0.0,0.0,430,2.0,42.0,12.0,0.0,1,Public use,0.0,51.5732361378061,-0.1443027923190941,16986.660523753988
88195da6b1fffff,0.0,0.0,0.0,11.0,2.0,1.0,0.0,0.0,67.0,0.0,2.0,0.0,299041.0263064682,4652084.415476191,0.0,29.0,17.0,1.0,0.0,2341.1078717201167,428,1.0,13.0,5.0,1.0,0,nothing,0.0,51.54788996998759,-0.1193042832584519,16986.55377976081
88195da6b3fffff,1.0,0.0,0.0,25.0,2.0,0.0,0.0,0.0,95.0,0.0,4.0,0.0,139996.35235659426,2134950.6569444444,0.0,39.0,15.0,1.0,1.0,0.0,432,5.0,32.0,13.0,1.0,0,nothing,0.0,51.540136484610926,-0.11504327124087808,16986.72418591347
88195da6b5fffff,0.0,1.0,0.0,16.0,1.0,0.0,0.0,2.0,94.0,0.0,1.0,0.0,281287.4371205204,5643079.816910173,0.0,49.0,18.0,0.0,0.0,1603.4985422740524,444,4.0,51.0,11.0,1.0,0,nothing,0.0,51.549978551791234,-0.13150508869802544,16987.173736204484
88195da6b7fffff,1.0,0.0,0.0,8.0,0.0,0.0,0.0,1.0,44.0,0.0,1.0,0.0,151868.13998783776,5125875.822371032,0.0,36.0,15.0,0.0,0.0,0.0,449,2.0,11.0,6.0,1.0,0,nothing,1.0,51.542225208534575,-0.12724181718462318,16987.344329001957
88195da6b9fffff,0.0,1.0,0.0,45.0,6.0,0.0,0.0,0.0,151.0,0.0,4.0,0.0,601996.6658812059,5390118.033880772,11.0,77.0,9.0,2.0,2.0,769.6793002915452,408,7.0,54.0,18.0,0.0,1,Public use,0.0,51.553553523742785,-0.111365714763483,16985.76330067647
88195da6bbfffff,0.0,1.0,1.0,55.0,8.0,0.0,2.0,5.0,149.0,0.0,2.0,0.0,432631.5493575934,5317404.751174242,0.0,43.0,17.0,1.0,2.0,0.0,412,6.0,118.0,24.0,0.0,0,nothing,1.0,51.54580030305446,-0.1071056487755165,16985.933759249012
88195da6bdfffff,0.0,1.0,0.0,13.0,1.0,3.0,0.0,1.0,86.0,0.0,6.0,0.0,189489.09600551522,5872044.350165344,0.0,42.0,17.0,0.0,0.0,384.8396501457726,424,8.0,38.0,15.0,0.0,0,nothing,0.0,51.55564304866745,-0.12356660907046099,16986.383134595097
88195da6c1fffff,1.0,0.0,1.0,42.0,9.0,0.0,1.0,1.0,133.0,1.0,8.0,0.0,236776.84416098232,4015549.7661147187,0.0,32.0,17.0,0.0,0.0,0.0,334,3.0,32.0,14.0,1.0,0,nothing,2.0,51.58604056787784,-0.0960621938562658,16983.05033832206
88195da6c3fffff,0.0,0.0,0.0,11.0,1.0,0.0,0.0,0.0,72.0,0.0,3.0,0.0,1921128.0305274767,3066630.810138889,0.0,28.0,6.0,1.0,0.0,3498.542274052478,340,4.0,13.0,4.0,0.0,0,nothing,1.0,51.578288956350995,-0.09180234143407316,16983.22143076142
88195da6c5fffff,1.0,0.0,1.0,25.0,1.0,0.0,0.0,0.0,119.0,0.0,6.0,0.0,219042.74694282826,3791189.128346561,0.0,33.0,11.0,1.0,0.0,0.0,351,3.0,43.0,7.0,0.0,0,nothing,0.0,51.58813263761279,-0.10826787512443127,16983.669431831928
88195da6c7fffff,1.0,0.0,0.0,28.0,7.0,0.0,0.0,0.0,120.0,0.0,5.0,0.0,315790.5284349189,2160690.7060245313,0.0,27.0,9.0,1.0,0.0,0.0,356,0.0,27.0,10.0,0.0,0,nothing,1.0,51.58038116843714,-0.10400576053521816,16983.840710799836
88195da6c9fffff,0.0,0.0,0.0,2.0,0.0,0.0,0.0,0.0,37.0,0.0,0.0,0.0,56217.42350242674,2165475.15,0.0,27.0,10.0,0.0,0.0,0.0,313,3.0,72.0,3.0,0.0,0,nothing,0.0,51.59169875880025,-0.08811759212647416,16982.260036281525
88195da6cbfffff,1.0,0.0,1.0,15.0,4.0,0.0,0.0,0.0,51.0,0.0,4.0,0.0,81055.80522709695,3623596.583333333,0.0,23.0,11.0,0.0,0.0,0.0,319,1.0,25.0,11.0,0.0,0,nothing,1.0,51.583947412685525,-0.08385868775751355,16982.431180638145
88195da6cdfffff,3.0,0.0,0.0,20.0,2.0,0.0,0.0,0.0,135.0,0.0,14.0,0.0,115166.23606085396,3004157.1383333337,0.0,29.0,12.0,1.0,4.0,0.0,330,4.0,37.0,5.0,2.0,0,nothing,0.0,51.59379177175308,-0.10032336072024156,16982.879007488602
88195da6d1fffff,0.0,0.0,1.0,13.0,1.0,0.0,0.0,2.0,81.0,0.0,3.0,0.0,741151.9712125739,5126539.983068181,2.0,20.0,13.0,1.0,0.0,0.0,328,3.0,15.0,15.0,3.0,1,Public use,2.0,51.56844349890235,-0.07534481974370279,16982.77275423123
88195da6d3fffff,1.0,0.0,0.0,52.0,2.0,1.0,0.0,1.0,235.0,0.0,10.0,0.0,40073.81050484248,4864007.282685185,0.0,63.0,14.0,1.0,0.0,0.0,332,9.0,45.0,19.0,0.0,0,nothing,1.0,51.56069093200335,-0.07108985497752263,16982.943183321895
88195da6d5fffff,0.0,0.0,0.0,6.0,1.0,0.0,2.0,0.0,51.0,0.0,2.0,0.0,37663.1104138152,4200295.609632035,0.0,19.0,5.0,0.0,0.0,0.0,344,2.0,12.0,4.0,6.0,0,nothing,0.0,51.570536937557364,-0.08754380289265196,16983.392284733658
88195da6d7fffff,3.0,0.0,0.0,22.0,2.0,0.0,4.0,0.0,124.0,0.0,0.0,0.0,120666.04014584982,2985036.620400433,0.0,35.0,11.0,0.0,0.0,192.4198250728863,349,2.0,100.0,8.0,0.0,0,nothing,0.0,51.562784511881745,-0.08328657767121316,16983.562900165813
88195da6d9fffff,0.0,0.0,0.0,5.0,1.0,0.0,1.0,1.0,39.0,0.0,4.0,0.0,10344.893753925517,4107770.097222222,0.0,33.0,17.0,0.0,0.0,5830.903790087464,307,2.0,13.0,21.0,0.0,0,nothing,0.0,51.57410127775214,-0.06740202820859344,16981.982678571338
88195da6dbfffff,0.0,0.0,0.0,2.0,1.0,0.0,1.0,0.0,67.0,0.0,2.0,0.0,10477.134875655502,3744622.4069444444,1.0,37.0,18.0,0.0,0.0,0.0,311,3.0,3.0,14.0,0.0,1,Public use,0.0,51.566348976284765,-0.06314801158429692,16982.153159866917
88195da6ddfffff,0.0,0.0,0.0,9.0,1.0,0.0,0.0,0.0,50.0,0.0,1.0,0.0,170024.65413591499,4686978.188573232,0.0,43.0,17.0,1.0,0.0,3498.542274052478,323,2.0,9.0,10.0,0.0,0,nothing,0.0,51.57619565925798,-0.07960109715019989,16982.602086645697
88195da6e1fffff,2.0,0.0,2.0,23.0,6.0,0.0,1.0,0.0,83.0,1.0,2.0,0.0,649361.116684963,4122707.946708153,0.0,40.0,12.0,0.0,0.0,0.0,389,2.0,26.0,11.0,0.0,0,nothing,0.0,51.584562335212944,-0.12841912108443232,16985.079078169634
88195da6e3fffff,2.0,1.0,2.0,27.0,5.0,1.0,0.0,1.0,139.0,0.0,7.0,0.0,279693.55941932,4991205.249792569,2.0,19.0,13.0,0.0,0.0,0.0,394,3.0,55.0,16.0,0.0,1,Public use,0.0,51.57681074380807,-0.12415379702712019,16985.250491882674
88195da6e5fffff,2.0,0.0,0.0,4.0,0.0,0.0,0.0,0.0,45.0,0.0,6.0,0.0,335198.89657357463,3282320.509424603,0.0,18.0,12.0,0.0,0.0,0.0,406,5.0,37.0,11.0,1.0,0,nothing,0.0,51.586651288714776,-0.14062906147761325,16985.69816526326
88195da6e7fffff,0.0,0.0,0.0,0.0,1.0,0.0,0.0,0.0,4.0,0.0,0.0,0.0,196399.82372208222,2651038.4325757576,0.0,4.0,3.0,0.0,0.0,0.0,410,1.0,10.0,4.0,0.0,0,nothing,0.0,51.578899840674104,-0.1363614748797786,16985.869765750213
88195da6e9fffff,2.0,0.0,0.0,27.0,2.0,1.0,0.0,0.0,78.0,1.0,3.0,0.0,800352.2704729375,2667428.140656566,0.0,9.0,5.0,0.0,0.0,0.0,368,1.0,34.0,15.0,2.0,0,nothing,0.0,51.59022362129629,-0.12047573103548184,16984.28846104899
88195da6ebfffff,0.0,0.0,3.0,23.0,3.0,0.0,0.0,0.0,97.0,0.0,2.0,0.0,862103.540518443,3498811.9022817463,0.0,29.0,11.0,0.0,0.0,384.8396501457726,373,1.0,20.0,13.0,2.0,0,nothing,0.0,51.58247229492243,-0.11621135392765705,16984.45992664219
88195da6edfffff,0.0,0.0,0.0,4.0,0.0,0.0,0.0,1.0,17.0,0.0,0.0,0.0,4912057.456494332,2955516.771554834,0.0,9.0,5.0,0.0,0.0,0.0,385,0.0,83.0,3.0,0.0,0,nothing,0.0,51.59231351833429,-0.13268576106195115,16984.90742585437
88195da701fffff,0.0,0.0,0.0,0.0,0.0,0.0,0.0,0.0,0.0,0.0,0.0,0.0,0.0,2643968.4,0.0,0.0,0.0,0.0,0.0,0.0,464,0.0,0.0,0.0,0.0,0,nothing,0.0,51.63582719337885,-0.22312567737619265,16987.92636941599
88195da703fffff,0.0,0.0,0.0,0.0,0.0,0.0,0.0,0.0,0.0,0.0,0.0,0.0,0.0,1656879.25,0.0,4.0,2.0,0.0,0.0,0.0,470,0.0,0.0,0.0,0.0,0,nothing,0.0,51.628078524377415,-0.21884016721398122,16988.100098842846
88195da705fffff,0.0,0.0,0.0,0.0,0.0,0.0,0.0,0.0,0.0,0.0,0.0,0.0,0.0,853808.6666666666,0.0,0.0,0.0,0.0,0.0,0.0,482,0.0,0.0,1.0,0.0,0,nothing,0.0,51.637908878227236,-0.2353599794053167,16988.544129959173
88195da707fffff,0.0,0.0,0.0,0.0,0.0,0.0,0.0,0.0,2.0,0.0,0.0,0.0,0.0,1476902.0,0.0,0.0,6.0,0.0,0.0,0.0,486,0.0,0.0,0.0,0.0,0,nothing,0.0,51.63016035699617,-0.23107220121128194,16988.718046963986
88195da709fffff,0.0,0.0,0.0,0.0,0.0,0.0,0.0,0.0,0.0,0.0,1.0,0.0,287579.5875778192,1073609.9,0.0,0.0,4.0,0.0,0.0,0.0,443,0.0,1.0,0.0,0.0,0,nothing,0.0,51.64149282033396,-0.21517811174412313,16987.134762836977
88195da70bfffff,0.0,0.0,0.0,0.0,0.0,0.0,0.0,0.0,0.0,0.0,0.0,0.0,0.0,2485318.875,0.0,0.0,4.0,0.0,0.0,0.0,448,0.0,0.0,0.0,0.0,0,nothing,0.0,51.63374441592088,-0.2108935471312648,16987.30854323953
88195da70dfffff,0.0,0.0,0.0,0.0,0.0,0.0,0.0,0.0,0.0,0.0,0.0,0.0,114914.83422829855,1362415.5833333333,0.0,0.0,0.0,0.0,0.0,0.0,460,0.0,1.0,0.0,0.0,0,nothing,0.0,51.64357545013347,-0.22741251035435547,16987.75240148796
88195da711fffff,0.0,0.0,0.0,0.0,0.0,0.0,0.0,0.0,0.0,0.0,0.0,0.0,14647.489149375577,0.0,0.0,2.0,2.0,0.0,0.0,0.0,457,0.0,0.0,0.0,0.0,0,nothing,0.0,51.618246371759504,-0.2023283837477298,16987.655388599862
88195da713fffff,0.0,0.0,0.0,0.0,0.0,0.0,0.0,0.0,0.0,0.0,0.0,0.0,198108.72681384705,707244.4363636364,0.0,2.0,4.0,0.0,0.0,0.0,461,0.0,5.0,1.0,0.0,0,nothing,0.0,51.61049673278178,-0.1980477838492634,16987.828453409536
88195da715fffff,0.0,0.0,0.0,0.0,0.0,0.0,0.0,0.0,1.0,0.0,0.0,0.0,197444.65994506856,500362.5454545454,0.0,1.0,0.0,0.0,0.0,1186.5889212827988,475,0.0,0.0,1.0,0.0,0,nothing,0.0,51.620329443514464,-0.2145559793034654,16988.273589694352
88195da717fffff,0.0,0.0,0.0,0.0,0.0,0.0,0.0,0.0,6.0,0.0,1.0,0.0,107231.30023296244,2414171.5,1.0,6.0,9.0,0.0,0.0,384.8396501457726,479,0.0,0.0,1.0,0.0,1,Taxi,1.0,51.61257995117539,-0.21027311308065327,16988.446841896395
88195da719fffff,0.0,0.0,0.0,0.0,0.0,0.0,0.0,0.0,0.0,0.0,0.0,0.0,16814.5292320771,1280996.128787879,0.0,2.0,2.0,0.0,0.0,0.0,436,0.0,1.0,3.0,0.0,0,nothing,0.0,51.623911583260885,-0.19438261406676274,16986.864006110514
88195da71bfffff,0.0,0.0,1.0,1.0,0.0,0.0,0.0,0.0,12.0,0.0,0.0,0.0,45115.53241962219,871702.0606060605,0.0,17.0,13.0,0.0,0.0,0.0,440,0.0,12.0,4.0,0.0,0,nothing,0.0,51.61616220889261,-0.19010295981743616,16987.03712218513
88195da721fffff,0.0,0.0,0.0,0.0,0.0,0.0,0.0,0.0,3.0,0.0,0.0,0.0,0.0,6121107.583333333,0.0,0.0,3.0,0.0,0.0,0.0,521,0.0,2.0,0.0,0.0,0,nothing,0.0,51.63432074338456,-0.2555427813685728,16989.953746118306
88195da723fffff,0.0,0.0,0.0,1.0,0.0,0.0,0.0,0.0,0.0,0.0,0.0,0.0,181389.4540835237,8710366.228472222,0.0,7.0,4.0,0.0,0.0,0.0,526,0.0,1.0,4.0,0.0,0,nothing,0.0,51.626572106168396,-0.2512517903641913,16990.127799861184
88195da725fffff,0.0,0.0,0.0,0.0,0.0,0.0,0.0,0.0,16.0,0.0,0.0,0.0,1442901.1821574003,14744082.833333332,2.0,0.0,0.0,0.0,0.0,1603.4985422740524,538,0.0,0.0,0.0,0.0,1,Public use,0.0,51.6363992959663,-0.2677813264516907,16990.57149691209
88195da727fffff,0.0,0.0,0.0,3.0,0.0,0.0,0.0,0.0,7.0,0.0,0.0,0.0,3799832.2966331257,5387628.333333333,0.0,2.0,2.0,0.0,0.0,801.7492711370262,543,3.0,0.0,1.0,0.0,0,nothing,0.0,51.6286508075365,-0.2634880670576576,16990.745738479116
88195da729fffff,0.0,0.0,0.0,0.0,0.0,0.0,0.0,0.0,0.0,0.0,0.0,0.0,24390.895214797634,4160925.6666666665,0.0,1.0,1.0,0.0,0.0,0.0,499,0.0,0.0,0.0,0.0,0,nothing,0.0,51.63998946987189,-0.24759645268113592,16989.16182474948
88195da72bfffff,0.0,0.0,0.0,0.0,0.0,0.0,0.0,0.0,1.0,0.0,0.0,0.0,0.0,1075723.5,0.0,0.0,0.0,0.0,0.0,0.0,504,0.0,3.0,0.0,0.0,0,nothing,0.0,51.63224109686321,-0.243306406108785,16989.335929429028
88195da72dfffff,0.0,0.0,0.0,0.0,0.0,0.0,0.0,0.0,2.0,0.0,0.0,0.0,462572.2582934342,11599235.083333334,1.0,6.0,2.0,0.0,0.0,0.0,516,2.0,0.0,1.0,0.0,1,Public use,0.0,51.64206896771874,-0.2598350966652079,16989.779453667226
88195da731fffff,0.0,0.0,0.0,0.0,0.0,0.0,0.0,0.0,1.0,0.0,0.0,0.0,213330.88716187014,3072594.667676768,0.0,8.0,6.0,0.0,0.0,0.0,513,0.0,5.0,4.0,0.0,0,nothing,0.0,51.61674311360618,-0.23473028323609688,16989.683422721937
88195da733fffff,0.0,0.0,0.0,0.0,0.0,2.0,0.0,0.0,1.0,0.0,0.0,0.0,773615.9988398162,1700284.8541666665,0.0,6.0,6.0,0.0,0.0,0.0,519,0.0,1.0,4.0,0.0,0,nothing,0.0,51.608993504128875,-0.23044420580719072,16989.85681118679
88195da735fffff,0.0,0.0,0.0,5.0,3.0,0.0,0.0,0.0,20.0,0.0,0.0,0.0,68559.50914439213,6641541.814772728,0.0,22.0,7.0,0.0,0.0,0.0,531,2.0,3.0,6.0,1.0,0,nothing,0.0,51.61882305645582,-0.24696212308744814,16990.301614821467
88195da737fffff,0.0,0.0,0.0,8.0,2.0,0.0,0.0,0.0,31.0,0.0,1.0,0.0,322999.1786886712,8573107.375,0.0,8.0,17.0,0.0,0.0,0.0,536,0.0,7.0,3.0,0.0,0,nothing,0.0,51.61107359463244,-0.24267377897396025,16990.475190924844
88195da739fffff,0.0,0.0,0.0,2.0,0.0,0.0,0.0,0.0,1.0,0.0,0.0,0.0,263219.2416915888,524573.6363636364,0.0,3.0,3.0,0.0,0.0,801.7492711370262,491,0.0,1.0,1.0,0.0,0,nothing,0.0,51.622411423563534,-0.2267857459492125,16988.891725349116
88195da73bfffff,0.0,0.0,0.0,0.0,0.0,0.0,0.0,0.0,0.0,0.0,0.0,0.0,117620.69164867204,2024055.1818181816,0.0,8.0,7.0,0.0,0.0,0.0,496,0.0,3.0,6.0,0.0,0,nothing,0.0,51.61466207831478,-0.22250061305488436,16989.065165040374
88195da73dfffff,0.0,0.0,0.0,0.0,0.0,0.0,0.0,0.0,1.0,0.0,0.0,0.0,17586.5153081911,1610424.4313131315,0.0,1.0,7.0,0.0,0.0,0.0,509,0.0,0.0,4.0,0.0,0,nothing,0.0,51.6244923113128,-0.23901768314858013,16989.50979544461
88195da741fffff,0.0,0.0,0.0,5.0,0.0,0.0,0.0,0.0,9.0,0.0,1.0,0.0,3597401.2262286358,3757482.0159722227,0.0,19.0,13.0,0.0,0.0,0.0,418,1.0,0.0,1.0,0.0,0,nothing,0.0,51.65490496506523,-0.21151444561331864,16986.169157686592
88195da743fffff,0.0,0.0,0.0,1.0,1.0,0.0,0.0,0.0,4.0,0.0,0.0,0.0,456469.2140639289,1169607.9083333334,0.0,7.0,7.0,0.0,0.0,0.0,423,0.0,0.0,0.0,1.0,0,nothing,0.0,51.647157237734774,-0.2072295044161005,16986.343227263256
88195da745fffff,0.0,0.0,0.0,0.0,0.0,0.0,0.0,0.0,1.0,0.0,0.0,0.0,0.0,0.0,0.0,0.0,0.0,0.0,0.0,0.0,434,0.0,0.0,0.0,0.0,0,nothing,0.0,51.656988391898814,-0.2237512096336187,16986.786486957903
88195da747fffff,0.0,0.0,0.0,2.0,1.0,0.0,0.0,0.0,8.0,0.0,0.0,0.0,1193285.0992135166,527267.0333333333,0.0,7.0,17.0,0.0,0.0,0.0,438,0.0,0.0,2.0,0.0,0,nothing,0.0,51.64924081245502,-0.21946399905670905,16986.960744051685
88195da749fffff,0.0,0.0,0.0,7.0,1.0,0.0,0.0,0.0,22.0,0.0,1.0,0.0,144957.5944157783,3655956.701388889,0.0,4.0,7.0,0.0,0.0,0.0,397,0.0,22.0,2.0,0.0,0,nothing,0.0,51.66056790783756,-0.20356385012535455,16985.3776424289
88195da74bfffff,1.0,0.0,0.0,40.0,7.0,0.0,0.0,2.0,151.0,0.0,15.0,0.0,940482.7300901513,3428079.6933333334,0.0,35.0,17.0,0.0,0.0,0.0,402,0.0,20.0,9.0,0.0,0,nothing,0.0,51.65282044545472,-0.1992798554933078,16985.551762731084
88195da74dfffff,0.0,0.0,0.0,0.0,0.0,0.0,0.0,0.0,0.0,0.0,0.0,0.0,78017.88024089478,736275.0,1.0,0.0,0.0,0.0,0.0,769.6793002915452,414,0.0,0.0,0.0,0.0,1,Public use,0.0,51.6626522796734,-0.2158007099584713,16985.994849919796
88195da751fffff,0.0,0.0,0.0,0.0,0.0,0.0,0.0,0.0,1.0,0.0,0.0,0.0,117096.66887664652,909518.3392857143,0.0,0.0,1.0,0.0,0.0,0.0,411,0.0,11.0,0.0,0.0,0,nothing,0.0,51.63732428392731,-0.19071583306446047,16985.899288823115
88195da753fffff,0.0,0.0,0.0,0.0,0.0,0.0,0.0,0.0,1.0,0.0,0.0,0.0,148590.6481379093,1303513.8446969697,0.0,2.0,7.0,0.0,0.0,0.0,416,1.0,0.0,2.0,0.0,0,nothing,0.0,51.629575585552836,-0.18643580413906555,16986.072694464787
88195da755fffff,0.0,0.0,0.0,0.0,0.0,0.0,0.0,0.0,5.0,0.0,0.0,0.0,125310.10870928912,241462.0,0.0,2.0,1.0,0.0,0.0,0.0,427,0.0,4.0,1.0,0.0,0,nothing,1.0,51.639409098067134,-0.2029458858021412,16986.517058575544
88195da757fffff,0.0,0.0,0.0,0.0,0.0,0.0,2.0,0.0,0.0,0.0,0.0,0.0,128507.30898064579,3737984.7083333335,0.0,3.0,5.0,0.0,0.0,0.0,431,0.0,0.0,1.0,0.0,0,nothing,0.0,51.63166054644746,-0.198663589207045,16986.690651549317
88195da759fffff,0.0,0.0,0.0,3.0,0.0,0.0,0.0,0.0,8.0,0.0,0.0,0.0,363856.49037160724,4409219.261904762,0.0,19.0,14.0,0.0,0.0,0.0,391,0.0,3.0,4.0,0.0,0,nothing,0.0,51.64298681191406,-0.18276703632750477,16985.10799704292
88195da75bfffff,0.0,0.0,0.0,2.0,0.0,0.0,0.0,0.0,14.0,0.0,0.0,0.0,1041949.9870830986,3080340.833333333,0.0,11.0,8.0,0.0,0.0,0.0,395,0.0,7.0,2.0,0.0,0,nothing,0.0,51.635238378508866,-0.17848795406616463,16985.281453699077
88195da75dfffff,0.0,0.0,0.0,0.0,0.0,0.0,0.0,0.0,1.0,0.0,0.0,0.0,515426.8812575139,3376080.141269841,0.0,18.0,6.0,0.0,0.0,0.0,407,0.0,19.0,3.0,0.0,0,nothing,0.0,51.64507257068963,-0.19499718332782848,16985.725644887196
88195da761fffff,0.0,0.0,0.0,0.0,0.0,0.0,0.0,0.0,0.0,0.0,0.0,0.0,66704.94781830558,4796873.583333334,0.0,0.0,0.0,0.0,0.0,0.0,472,0.0,0.0,0.0,0.0,0,nothing,0.0,51.65340468254308,-0.24393950684748875,16988.19558038768
88195da763fffff,0.0,0.0,0.0,1.0,0.0,0.0,0.0,0.0,1.0,0.0,0.0,0.0,115301.08307968016,3058514.5416666665,0.0,1.0,4.0,0.0,0.0,0.0,477,0.0,0.0,0.0,0.0,0,nothing,0.0,51.645656986871344,-0.23964908109578573,16988.369974408954
88195da765fffff,0.0,0.0,0.0,0.0,0.0,0.0,0.0,0.0,0.0,0.0,0.0,0.0,0.0,3698721.041666667,0.0,3.0,0.0,0.0,0.0,0.0,489,0.0,0.0,0.0,0.0,0,nothing,0.0,51.65548497672218,-0.2561805189215002,16988.812899696037
88195da767fffff,0.0,0.0,0.0,0.0,0.0,0.0,0.0,0.0,2.0,0.0,0.0,0.0,7572.620520104069,12642600.38888889,0.0,2.0,0.0,0.0,0.0,0.0,494,0.0,0.0,0.0,0.0,0,nothing,0.0,51.647737429953374,-0.2518878234303658,16988.987481480333
88195da76bfffff,0.0,0.0,0.0,0.0,0.0,0.0,0.0,0.0,0.0,0.0,0.0,0.0,15581.446488988064,21618.333333333332,0.0,0.0,4.0,0.0,0.0,0.0,455,0.0,0.0,0.0,0.0,0,nothing,0.0,51.65132329425592,-0.23170066671303088,16987.578195133017
88195da76dfffff,0.0,0.0,0.0,0.0,0.0,0.0,0.0,0.0,0.0,0.0,0.0,0.0,0.0,1165384.0,0.0,0.0,0.0,0.0,0.0,0.0,467,0.0,0.0,0.0,0.0,0,nothing,0.0,51.66115196485715,-0.24823125722547673,16988.020947969777
88195dac01fffff,0.0,0.0,1.0,0.0,0.0,0.0,0.0,0.0,8.0,0.0,4.0,0.0,2301856.1297620847,2225714.8984848484,0.0,67.0,13.0,1.0,1.0,0.0,855,0.0,5.0,7.0,0.0,0,nothing,0.0,51.570837631573696,-0.4199577244288374,17003.351195986972
88195dac03fffff,0.0,0.0,0.0,1.0,0.0,0.0,0.0,0.0,24.0,0.0,1.0,0.0,497499.2922141183,3170469.5541666667,1.0,90.0,6.0,1.0,0.0,0.0,859,0.0,5.0,5.0,0.0,1,Taxi,0.0,51.563086329687756,-0.41564317323430255,17003.525525043493
88195dac05fffff,0.0,0.0,0.0,1.0,0.0,0.0,0.0,0.0,3.0,0.0,2.0,0.0,615585.4810982771,2144244.3499999996,0.0,29.0,9.0,0.0,0.0,0.0,869,0.0,0.0,1.0,0.0,0,nothing,0.0,51.57289840532532,-0.4322057172318098,17003.97020109579
88195dac07fffff,0.0,0.0,0.0,0.0,0.0,0.0,0.0,0.0,2.0,0.0,0.0,0.0,0.0,38283.8,0.0,10.0,0.0,0.0,0.0,0.0,872,0.0,3.0,1.0,0.0,0,nothing,0.0,51.56514725593952,-0.4278889003270562,17004.14471915032
88195dac09fffff,0.0,0.0,0.0,2.0,0.0,0.0,0.0,0.0,10.0,0.0,1.0,0.0,722797.2338958433,3446217.7606060603,0.0,34.0,9.0,1.0,0.0,0.0,838,0.0,0.0,0.0,0.0,0,nothing,0.0,51.5765267993766,-0.41202550150905565,17002.557743488476
88195dac0bfffff,0.0,0.0,0.0,0.0,0.0,0.0,0.0,0.0,10.0,0.0,1.0,0.0,94591.20675251362,1772868.827397186,0.0,182.0,8.0,0.0,0.0,0.0,841,0.0,0.0,4.0,0.0,0,nothing,0.0,51.568775759094706,-0.40771188721200186,17002.732124080627
88195dac0dfffff,0.0,0.0,0.0,2.0,0.0,0.0,0.0,1.0,10.0,0.0,2.0,0.0,307876.65683133225,3269665.9208333334,0.0,14.0,5.0,0.0,0.0,0.0,851,2.0,14.0,8.0,1.0,0,nothing,0.0,51.57858851946689,-0.4242736047755928,17003.176626449902
88195dac11fffff,0.0,0.0,0.0,2.0,0.0,0.0,0.0,0.0,10.0,0.0,3.0,0.0,988719.5321962932,10202993.25,1.0,121.0,6.0,0.0,0.0,0.0,849,0.0,2.0,3.0,0.0,1,Taxi,0.0,51.55327243796354,-0.3990886434818317,17003.08016388244
88195dac13fffff,0.0,0.0,0.0,1.0,0.0,0.0,0.0,0.0,4.0,0.0,0.0,0.0,505403.1908453624,19751188.458333332,0.0,10.0,2.0,0.0,0.0,0.0,853,0.0,1.0,0.0,0.0,0,nothing,0.0,51.545520157888745,-0.39477901291945616,17003.25382294219
88195dac15fffff,0.0,0.0,0.0,0.0,0.0,0.0,0.0,0.0,12.0,0.0,0.0,0.0,4221522.202710477,1771475.666666667,0.0,36.0,2.0,0.0,0.0,0.0,862,0.0,0.0,1.0,0.0,0,nothing,0.0,51.55533461419635,-0.41132995062701055,17003.699613544388
88195dac17fffff,0.0,0.0,0.0,0.0,0.0,0.0,0.0,0.0,1.0,0.0,0.0,0.0,1265084.7880171223,13764276.000000002,0.0,0.0,0.0,0.0,0.0,0.0,866,0.0,1.0,0.0,0.0,0,nothing,0.0,51.54758248548682,-0.4070180560422444,17003.87346141463
88195dac19fffff,0.0,0.0,0.0,2.0,0.0,0.0,0.0,0.0,13.0,0.0,1.0,0.0,3603678.202681387,694685.4037878788,0.0,95.0,5.0,0.0,0.0,0.0,831,1.0,1.0,6.0,0.0,0,nothing,0.0,51.55896118295167,-0.39115818534663316,17002.286936851604
88195dac1bfffff,0.0,0.0,0.0,0.0,0.0,0.0,0.0,0.0,3.0,0.0,0.0,0.0,86510.74280275273,6843975.75,0.0,0.0,0.0,0.0,0.0,0.0,835,0.0,0.0,0.0,0.0,0,nothing,0.0,51.55120916450007,-0.38684949179809286,17002.460647739517
88195dac1dfffff,0.0,0.0,0.0,2.0,0.0,0.0,0.0,0.0,7.0,0.0,1.0,0.0,3809641.8377521923,1168350.21625,0.0,107.0,4.0,1.0,0.0,0.0,845,0.0,2.0,2.0,0.0,0,nothing,0.0,51.561024305161276,-0.40339960139119274,17002.906264236954
88195dac21fffff,0.0,0.0,0.0,0.0,0.0,0.0,0.0,0.0,0.0,0.0,0.0,0.0,253611.9644649645,2622142.9656926407,0.0,6.0,4.0,0.0,0.0,0.0,897,0.0,0.0,0.0,0.0,0,nothing,0.0,51.56926581125313,-0.4523868180607385,17005.382906780622
88195dac23fffff,0.0,0.0,0.0,1.0,0.0,0.0,0.0,0.0,7.0,0.0,0.0,0.0,1005464.6236651416,4442873.24541847,0.0,1.0,10.0,1.0,1.0,0.0,900,0.0,3.0,4.0,0.0,0,nothing,0.0,51.56151455359666,-0.44806679934229465,17005.557562434828
88195dac25fffff,0.0,0.0,0.0,0.0,0.0,0.0,0.0,0.0,1.0,0.0,0.0,0.0,381494.7846985183,332052.0,0.0,0.0,2.0,0.0,0.0,0.0,909,0.0,0.0,0.0,0.0,0,nothing,0.0,51.57132343913212,-0.4646390075988862,17006.001900061823
88195dac27fffff,0.0,0.0,0.0,0.0,0.0,0.0,0.0,0.0,1.0,0.0,0.0,0.0,0.0,3841558.7362698414,0.0,2.0,8.0,0.0,0.0,0.0,913,0.0,0.0,1.0,0.0,0,nothing,0.0,51.56357233499297,-0.4603167228394618,17006.17674496292
88195dac29fffff,0.0,0.0,0.0,0.0,0.0,0.0,0.0,0.0,3.0,0.0,0.0,0.0,0.0,235762.9,0.0,0.0,0.0,0.0,0.0,0.0,882,0.0,0.0,0.0,0.0,0,nothing,0.0,51.57495807975796,-0.4444558650704382,17004.589139286043
88195dac2bfffff,0.0,0.0,0.0,4.0,0.0,0.0,1.0,0.0,7.0,0.0,2.0,0.0,612586.9901775932,3797302.100281385,1.0,11.0,6.0,1.0,0.0,0.0,885,1.0,4.0,1.0,0.0,1,Public use,0.0,51.56720708332513,-0.44013678211949425,17004.763846436395
88195dac2dfffff,0.0,0.0,0.0,0.0,0.0,0.0,0.0,0.0,1.0,0.0,0.0,0.0,0.0,0.0,0.0,2.0,0.0,0.0,0.0,0.0,894,0.0,0.0,0.0,0.0,0,nothing,0.0,51.5770166542801,-0.45670816739329406,17005.208010436603
88195dac31fffff,0.0,0.0,0.0,0.0,0.0,0.0,0.0,0.0,6.0,0.0,0.0,0.0,62933.848033655,6645967.75,0.0,0.0,0.0,0.0,0.0,0.0,891,0.0,0.0,0.0,0.0,0,nothing,0.0,51.551703847982814,-0.43150260546812663,17005.112538726517
88195dac33fffff,0.0,0.0,0.0,0.0,0.0,0.0,0.0,0.0,0.0,0.0,0.0,0.0,0.0,149022.9777777778,0.0,0.0,0.0,0.0,0.0,0.0,895,0.0,0.0,0.0,0.0,0,nothing,0.0,51.543951609848314,-0.4271875106376709,17005.286523715946
88195dac35fffff,0.0,0.0,0.0,0.0,0.0,0.0,0.0,0.0,2.0,0.0,0.0,0.0,728747.9045486291,12301438.90264606,0.0,14.0,8.0,1.0,1.0,0.0,903,0.0,0.0,0.0,0.0,0,nothing,0.0,51.55376288169825,-0.4437481106725966,17005.73197732393
88195dac37fffff,0.0,0.0,0.0,0.0,0.0,0.0,0.0,0.0,2.0,0.0,0.0,0.0,0.0,7741926.075396826,0.0,1.0,10.0,0.0,0.0,0.0,907,0.0,0.0,1.0,0.0,0,nothing,0.0,51.546010795945456,-0.4394307514865458,17005.906151372692
88195dac39fffff,0.0,0.0,0.0,0.0,0.0,0.0,0.0,0.0,0.0,0.0,0.0,0.0,450281.05746933835,0.0,0.0,19.0,0.0,0.0,0.0,0.0,876,0.0,0.0,0.0,0.0,0,nothing,0.0,51.557395692607045,-0.42357341268523513,17004.318996604452
88195dac3bfffff,0.0,0.0,0.0,0.0,0.0,0.0,0.0,0.0,18.0,0.0,0.0,0.0,804225.8444659881,19230714.54166667,0.0,4.0,0.0,0.0,0.0,0.0,879,0.0,0.0,0.0,0.0,0,nothing,0.0,51.54964371571526,-0.4192592537413943,17004.493033383063
88195dac3dfffff,0.0,0.0,0.0,0.0,0.0,0.0,0.0,0.0,2.0,0.0,0.0,0.0,140215.9389636508,601114.9956709957,0.0,6.0,3.0,0.0,0.0,0.0,888,0.0,1.0,1.0,0.0,0,nothing,0.0,51.55945567260425,-0.4358190291071186,17004.93831294162
88195dac41fffff,0.0,0.0,0.0,2.0,0.0,0.0,0.0,0.0,5.0,0.0,0.0,0.0,81599.12643710064,672024.2222222222,0.0,1.0,6.0,0.0,0.0,0.0,814,0.0,0.0,0.0,0.0,0,nothing,0.0,51.5899651236539,-0.4084062375439767,17001.589689389606
88195dac43fffff,0.0,0.0,0.0,3.0,0.0,0.0,0.0,1.0,7.0,0.0,1.0,0.0,290940.4502271507,342964.05606060603,0.0,10.0,11.0,0.0,0.0,0.0,819,2.0,0.0,4.0,1.0,0,nothing,0.0,51.582214759218225,-0.40409223166450803,17001.76436169169
88195dac45fffff,0.0,0.0,0.0,0.0,0.0,0.0,0.0,0.0,0.0,0.0,0.0,0.0,72045.48561177438,283067.8888888889,0.0,0.0,1.0,0.0,0.0,0.0,829,0.0,0.0,0.0,0.0,0,nothing,0.0,51.59202763743699,-0.4206567177924032,17002.208261297084
88195dac47fffff,0.0,0.0,0.0,0.0,0.0,0.0,0.0,0.0,0.0,0.0,0.0,0.0,31523.420023621078,0.0,0.0,1.0,2.0,0.0,0.0,0.0,834,0.0,0.0,2.0,0.0,0,nothing,0.0,51.584277425619746,-0.4163404448474114,17002.383122535575
88195dac49fffff,0.0,0.0,0.0,0.0,0.0,0.0,0.0,0.0,1.0,0.0,0.0,0.0,461292.5419090197,2267698.545,0.0,3.0,2.0,0.0,0.0,0.0,793,0.0,0.0,0.0,0.0,0,nothing,0.0,51.59565161343957,-0.40047098296224476,17000.79632704874
88195dac4bfffff,0.0,0.0,0.0,0.0,0.0,0.0,1.0,0.0,3.0,0.0,0.0,0.0,0.0,1456386.9166666665,0.0,1.0,4.0,0.0,0.0,0.0,798,0.0,0.0,1.0,0.0,0,nothing,0.0,51.58790151096871,-0.3961579149921315,17000.971050633427
88195dac4dfffff,0.0,0.0,2.0,10.0,1.0,0.0,0.0,0.0,25.0,1.0,0.0,0.0,411430.42357437336,2460234.890634921,0.0,4.0,11.0,1.0,0.0,0.0,810,1.0,7.0,1.0,0.0,0,nothing,0.0,51.59771507361787,-0.4127215729190197,17001.41477692163
88195dac51fffff,0.0,0.0,0.0,0.0,1.0,0.0,0.0,0.0,2.0,0.0,0.0,0.0,132950.27509233524,127861.35303030303,0.0,86.0,4.0,0.0,0.0,0.0,808,0.0,5.0,3.0,0.0,0,nothing,0.0,51.572400064022546,-0.3875357649429166,17001.319777363606
88195dac53fffff,0.0,0.0,0.0,0.0,1.0,0.0,0.0,0.0,5.0,0.0,0.0,0.0,23053.437904355746,801071.313030303,0.0,126.0,4.0,0.0,0.0,0.0,812,0.0,0.0,2.0,0.0,0,nothing,2.0,51.56464872032124,-0.38322668173374796,17001.4937803591
88195dac55fffff,0.0,0.0,0.0,8.0,1.0,0.0,0.0,0.0,5.0,0.0,0.0,0.0,343606.67903691495,778326.1428571428,0.0,107.0,10.0,1.0,0.0,0.0,823,3.0,0.0,6.0,0.0,0,nothing,0.0,51.57446398069788,-0.399779554715146,17001.938793752746
88195dac57fffff,0.0,0.0,0.0,0.0,0.0,0.0,0.0,0.0,1.0,0.0,0.0,0.0,20144.396055464727,543302.1704545454,0.0,112.0,0.0,0.0,0.0,0.0,827,0.0,5.0,4.0,0.0,0,nothing,0.0,51.56671278847998,-0.39546820613081407,17002.112985497715
88195dac59fffff,0.0,0.0,0.0,0.0,0.0,0.0,0.0,0.0,3.0,0.0,4.0,0.0,394372.08295246464,572722.8674242424,0.0,28.0,8.0,0.0,0.0,0.0,787,0.0,10.0,3.0,1.0,0,nothing,0.0,51.578086131659205,-0.37960227792478696,17000.526639871518
88195dac5bfffff,0.0,0.0,0.0,4.0,1.0,0.0,0.0,0.0,9.0,0.0,0.0,0.0,0.0,348816.87272727274,0.0,114.0,8.0,0.0,0.0,0.0,791,0.0,1.0,4.0,0.0,0,nothing,0.0,51.57033504994246,-0.3752941327404533,17000.70069444187
88195dac5dfffff,0.0,0.0,0.0,0.0,0.0,0.0,0.0,0.0,0.0,0.0,1.0,0.0,466142.5770152169,171146.3590909091,0.0,9.0,2.0,0.0,0.0,0.0,803,1.0,0.0,3.0,0.0,0,nothing,0.0,51.58015099436737,-0.391846175840745,17001.14553409673
88195dac61fffff,0.0,0.0,0.0,0.0,0.0,0.0,0.0,0.0,1.0,0.0,0.0,0.0,1585268.7755052275,1077739.85,0.0,0.0,8.0,0.0,0.0,0.0,861,1.0,2.0,0.0,0.0,0,nothing,0.0,51.58839946070733,-0.4408433410913014,17003.620443486365
88195dac63fffff,0.0,0.0,0.0,0.0,0.0,0.0,0.0,0.0,0.0,0.0,0.0,0.0,0.0,2202691.6333333333,0.0,0.0,9.0,0.0,0.0,0.0,865,0.0,0.0,0.0,0.0,0,nothing,0.0,51.580649140377034,-0.43652386396471865,17003.795442516046
88195dac65fffff,0.0,0.0,0.0,0.0,0.0,0.0,0.0,0.0,0.0,0.0,1.0,0.0,244562.9126206593,0.0,0.0,0.0,0.0,0.0,0.0,0.0,874,0.0,1.0,0.0,0.0,0,nothing,0.0,51.5904588282097,-0.4530980230501304,17004.239003351187
88195dac67fffff,0.0,0.0,0.0,0.0,0.0,0.0,0.0,0.0,0.0,0.0,0.0,0.0,118523.2241307133,0.0,0.0,0.0,2.0,0.0,0.0,0.0,878,0.0,0.0,0.0,0.0,0,nothing,0.0,51.58270866151529,-0.4487762785254117,17004.41419156586
88195dac69fffff,0.0,0.0,0.0,1.0,0.0,0.0,0.0,0.0,6.0,0.0,0.0,0.0,1143646.6284416218,2018134.0,0.0,4.0,2.0,1.0,0.0,0.0,843,0.0,10.0,0.0,0.0,0,nothing,0.0,51.59408905172597,-0.43290935518724183,17002.826766234914
88195dac6bfffff,0.0,0.0,0.0,1.0,0.0,2.0,0.0,0.0,9.0,0.0,0.0,0.0,0.0,1790991.975,0.0,0.0,1.0,1.0,0.0,0.0,847,0.0,19.0,0.0,0.0,0,nothing,0.0,51.586338992980075,-0.42859081483987754,17003.00181650747
88195dac6dfffff,0.0,0.0,0.0,0.0,0.0,0.0,0.0,0.0,0.0,0.0,0.0,0.0,82524.72812455047,6159777.625,0.0,1.0,0.0,0.0,0.0,0.0,857,0.0,0.0,0.0,0.0,0,nothing,0.0,51.59614936592888,-0.4451641491773628,17003.44520408209
88195dac81fffff,0.0,0.0,0.0,1.0,0.0,0.0,0.0,0.0,8.0,0.0,0.0,0.0,0.0,4821456.413510101,0.0,7.0,6.0,0.0,0.0,0.0,881,0.0,1.0,2.0,0.0,0,nothing,0.0,51.516569846215205,-0.38978374664412213,17004.5664450914
88195dac83fffff,3.0,0.0,0.0,2.0,0.0,0.0,0.0,0.0,22.0,0.0,0.0,0.0,157349.69838961473,5260824.034722222,0.0,9.0,0.0,0.0,0.0,0.0,884,1.0,2.0,2.0,0.0,0,nothing,0.0,51.508815657226094,-0.3854784837113055,17004.73908868582
88195dac85fffff,0.0,0.0,0.0,1.0,0.0,0.0,0.0,1.0,14.0,0.0,0.0,0.0,264098.59580722766,5775086.082386363,0.0,28.0,11.0,0.0,0.0,0.0,893,1.0,3.0,1.0,0.0,0,nothing,0.0,51.51863168030441,-0.40201589365737,17005.18677224281
88195dac87fffff,0.0,0.0,0.0,1.0,0.0,0.0,0.0,0.0,6.0,0.0,0.0,0.0,1216455.2756849125,7469810.7689393945,0.0,4.0,1.0,0.0,0.0,0.0,896,0.0,0.0,0.0,0.0,0,nothing,0.0,51.5108776414283,-0.39770836973950335,17005.35960451986
88195dac89fffff,0.0,0.0,0.0,0.0,0.0,0.0,0.0,0.0,4.0,0.0,1.0,0.0,7293531.052080363,769457.4,0.0,2.0,2.0,0.0,0.0,0.0,864,1.0,0.0,0.0,0.0,0,nothing,0.0,51.52226084427509,-0.3818580796735703,17003.77335585887
88195dac8bfffff,0.0,0.0,0.0,13.0,2.0,0.0,0.0,0.0,53.0,0.0,11.0,0.0,305894.1407980567,2840650.675,0.0,9.0,16.0,0.0,0.0,0.0,868,0.0,6.0,10.0,1.0,0,nothing,0.0,51.514506916565246,-0.37755375285995935,17003.94605182794
88195dac8dfffff,0.0,0.0,1.0,1.0,0.0,0.0,1.0,0.0,6.0,0.0,0.0,0.0,5385304.885232506,6628236.162878787,0.0,37.0,7.0,0.0,0.0,0.0,877,0.0,0.0,0.0,0.0,0,nothing,0.0,51.52432362392331,-0.39409033478019223,17004.393560492405
88195dac91fffff,0.0,0.0,0.0,0.0,0.0,2.0,0.0,0.0,6.0,0.0,0.0,0.0,57709.53081451885,534430.0,0.0,5.0,9.0,0.0,0.0,0.0,875,0.0,3.0,3.0,0.0,0,nothing,0.0,51.498997828712035,-0.36894907225649065,17004.290720814042
88195dac93fffff,0.0,0.0,0.0,1.0,0.0,0.0,0.0,0.0,5.0,0.0,0.0,0.0,168299.04192740796,3634700.4,0.0,3.0,1.0,0.0,0.0,0.0,878,0.0,9.0,1.0,0.0,0,nothing,0.0,51.49124266934355,-0.3646487173413877,17004.462693682235
88195dac95fffff,0.0,0.0,0.0,2.0,2.0,0.0,0.0,1.0,32.0,0.0,0.0,0.0,485673.3587843975,1714401.0833333333,0.0,20.0,18.0,0.0,0.0,0.0,887,3.0,1.0,6.0,1.0,0,nothing,0.0,51.50106105734348,-0.38117454541876833,17004.911491201106
88195dac97fffff,0.0,0.0,0.0,4.0,0.0,0.0,0.0,0.0,6.0,0.0,0.0,0.0,76786.55392070227,3434599.938437002,0.0,9.0,6.0,0.0,0.0,0.0,890,0.0,27.0,4.0,0.0,0,nothing,0.0,51.49330604695488,-0.37687193120379725,17005.08365256279
88195dac99fffff,1.0,0.0,0.0,0.0,3.0,0.0,0.0,0.0,12.0,0.0,0.0,0.0,451685.234322559,2481141.78125,0.0,11.0,3.0,0.0,0.0,0.0,858,0.0,5.0,2.0,0.0,0,nothing,0.0,51.50468840408605,-0.36102517087625197,17003.497859096646
88195dac9bfffff,0.0,0.0,0.0,0.0,0.0,0.0,0.0,0.0,3.0,0.0,0.0,0.0,192816.22489830814,8206900.515151514,0.0,0.0,0.0,0.0,0.0,0.0,861,0.0,1.0,0.0,0.0,0,nothing,0.0,51.496933506014315,-0.35672575219379227,17003.66988463192
88195dac9dfffff,2.0,0.0,0.0,12.0,2.0,0.0,0.0,0.0,54.0,0.0,4.0,0.0,719175.9511489361,2700000.3993055555,0.0,17.0,10.0,1.0,0.0,0.0,872,0.0,11.0,2.0,0.0,0,nothing,0.0,51.50675257791508,-0.3732507505751748,17004.118506837818
88195daca1fffff,0.0,0.0,0.0,0.0,0.0,0.0,0.0,0.0,3.0,0.0,1.0,0.0,0.0,1040696.7602453101,0.0,9.0,11.0,0.0,0.0,0.0,920,0.0,10.0,0.0,0.0,0,nothing,0.0,51.51499832214332,-0.42217459828680504,17006.600437662535
88195daca3fffff,0.0,0.0,0.0,20.0,2.0,0.0,0.0,1.0,72.0,0.0,11.0,0.0,271837.98270149773,2098492.414141414,0.0,22.0,11.0,1.0,0.0,0.0,923,0.0,7.0,3.0,0.0,0,nothing,1.0,51.50724417293347,-0.41786387805254116,17006.773406383923
88195daca5fffff,0.0,0.0,0.0,0.0,0.0,0.0,0.0,0.0,5.0,0.0,0.0,0.0,0.0,362079.67803030304,0.0,13.0,12.0,0.0,0.0,0.0,931,1.0,8.0,0.0,0.0,0,nothing,0.0,51.51705701747483,-0.43441093971078665,17007.220754729184
88195daca7fffff,0.0,0.0,0.0,0.0,0.0,0.0,0.0,0.0,12.0,0.0,0.0,0.0,3567586.091307955,3980000.002164502,0.0,0.0,8.0,0.0,0.0,0.0,934,0.0,18.0,1.0,0.0,0,nothing,0.0,51.50930301939342,-0.43009795815768626,17007.393912382307
88195daca9fffff,0.0,0.0,0.0,0.0,0.0,0.0,0.0,0.0,14.0,0.0,0.0,0.0,0.0,6200038.066666666,0.0,16.0,7.0,0.0,0.0,0.0,905,0.0,3.0,0.0,0.0,0,nothing,0.0,51.52069241824199,-0.41425019335304514,17005.80703316128
88195dacabfffff,0.0,0.0,0.0,0.0,0.0,0.0,0.0,0.0,0.0,0.0,0.0,0.0,11053.735536053384,4486687.965530303,0.0,5.0,9.0,0.0,0.0,0.0,909,0.0,1.0,0.0,0.0,0,nothing,3.0,51.51293852993093,-0.4099404081137053,17005.980054219082
88195dacadfffff,0.0,0.0,0.0,0.0,0.0,0.0,0.0,0.0,6.0,0.0,0.0,0.0,24289.926424473822,1225045.7058080807,0.0,10.0,9.0,0.0,0.0,0.0,917,0.0,0.0,0.0,0.0,0,nothing,1.0,51.52275205943717,-0.42648664518354185,17006.427227725842
88195dacb1fffff,0.0,0.0,0.0,2.0,0.0,0.0,0.0,0.0,6.0,0.0,0.0,0.0,7949509.811411655,5154405.439705882,0.0,3.0,12.0,0.0,0.0,0.0,915,1.0,2.0,3.0,0.0,0,nothing,0.0,51.49742951897127,-0.4013248150372673,17006.32537275015
88195dacb3fffff,0.0,0.0,0.0,3.0,0.0,0.0,0.0,0.0,9.0,0.0,1.0,0.0,1556578.3964802946,659128.7142857143,0.0,0.0,0.0,0.0,0.0,0.0,918,2.0,1.0,2.0,0.0,0,nothing,0.0,51.48967439709809,-0.39701900607413826,17006.497670074168
88195dacb5fffff,0.0,0.0,0.0,1.0,0.0,0.0,0.0,0.0,10.0,0.0,0.0,0.0,2244179.001560466,7347337.576536567,0.0,6.0,8.0,0.0,0.0,0.0,926,0.0,4.0,1.0,0.0,0,nothing,0.0,51.49948961219537,-0.4135544839173467,17006.946133815236
88195dacb7fffff,0.0,0.0,0.0,0.0,0.0,0.0,0.0,0.0,6.0,0.0,0.0,0.0,2307967.050244577,26508145.573532972,0.0,2.0,1.0,0.0,0.0,0.0,929,0.0,10.0,1.0,0.0,0,nothing,0.0,51.4917346403168,-0.40924641531813316,17007.1186198818
88195dacb9fffff,0.0,0.0,0.0,1.0,0.0,0.0,0.0,0.0,7.0,0.0,0.0,0.0,0.0,185473.1666666667,0.0,6.0,2.0,0.0,0.0,0.0,899,0.0,0.0,3.0,0.0,0,nothing,0.0,51.50312319131795,-0.39340217113605064,17005.532195672346
88195dacbbfffff,0.0,0.0,0.0,2.0,0.0,0.0,0.0,0.0,9.0,0.0,0.0,0.0,121753.54517119516,436679.1060606061,0.0,1.0,9.0,0.0,0.0,0.0,903,0.0,0.0,4.0,0.0,0,nothing,0.0,51.495368330360954,-0.38909729728408543,17005.704545625704
88195dacbdfffff,0.0,0.0,0.0,0.0,0.0,0.0,0.0,0.0,0.0,0.0,0.0,0.0,50116.681529829075,9969702.199305557,0.0,9.0,0.0,0.0,0.0,0.0,912,0.0,1.0,0.0,0.0,0,nothing,0.0,51.5051842300448,-0.405631948862828,17006.152834106928
88195dacc1fffff,0.0,0.0,0.0,2.0,1.0,0.0,0.0,0.0,2.0,0.0,0.0,0.0,18222.6907942625,5210639.257142858,0.0,8.0,6.0,0.0,0.0,0.0,843,0.0,0.0,0.0,0.0,0,nothing,0.0,51.5357038903758,-0.3782360841510954,17002.8073478182
88195dacc3fffff,0.0,0.0,0.0,5.0,0.0,0.0,0.0,0.0,27.0,0.0,2.0,0.0,270230.5460977768,1990530.7142857143,0.0,4.0,8.0,0.0,0.0,0.0,847,0.0,4.0,3.0,0.0,0,nothing,0.0,51.52795063547761,-0.3739313689249916,17002.98033685953
88195dacc5fffff,0.0,0.0,0.0,5.0,3.0,1.0,0.0,0.0,23.0,0.0,1.0,0.0,52270.26745473915,10265589.238888888,0.0,12.0,7.0,0.0,0.0,0.0,856,2.0,6.0,5.0,0.0,0,nothing,0.0,51.5377674653242,-0.3904707091398357,17003.427241341342
88195dacc7fffff,0.0,0.0,0.0,0.0,0.0,0.0,0.0,0.0,4.0,0.0,0.0,0.0,53280.579440922076,7605739.797222222,0.0,5.0,10.0,0.0,0.0,0.0,860,0.0,1.0,2.0,0.0,0,nothing,0.0,51.530014360657184,-0.3861637315790963,17003.600419005128
88195dacc9fffff,0.0,0.0,0.0,1.0,0.0,0.0,0.0,0.0,28.0,0.0,0.0,0.0,231306.8224758644,2140968.0894660894,0.0,27.0,7.0,0.0,0.0,0.0,824,0.0,19.0,8.0,0.0,0,nothing,0.0,51.541392212949084,-0.37030739259343826,17002.014346968775
88195daccbfffff,0.0,0.0,0.0,1.0,1.0,0.0,0.0,0.0,19.0,0.0,0.0,0.0,213284.84378760215,4951291.4087301595,0.0,26.0,18.0,0.0,0.0,0.0,828,2.0,6.0,5.0,0.0,0,nothing,0.0,51.533639219692674,-0.3660036144956156,17002.18738813063
88195daccdfffff,0.0,0.0,0.0,3.0,0.0,0.0,0.0,0.0,6.0,0.0,0.0,0.0,0.0,23293184.0,0.0,10.0,7.0,0.0,0.0,0.0,839,1.0,1.0,2.0,0.0,0,nothing,0.0,51.54345673351238,-0.38254212492089607,17002.634118086633
88195dacd1fffff,0.0,0.0,0.0,0.0,1.0,0.0,0.0,0.0,14.0,0.0,0.0,0.0,27063.226554283145,3078569.895833333,0.0,6.0,11.0,0.0,0.0,0.0,837,0.0,4.0,5.0,1.0,0,nothing,0.0,51.518131999304245,-0.357400032342204,17002.532748444697
88195dacd3fffff,0.0,0.0,0.0,0.0,0.0,0.0,0.0,0.0,7.0,0.0,0.0,0.0,391259.0879108679,9415927.003472222,0.0,24.0,10.0,0.0,0.0,0.0,841,0.0,10.0,4.0,0.0,0,nothing,0.0,51.51037777294667,-0.3531002271605333,17002.705067447998
88195dacd5fffff,0.0,0.0,0.0,0.0,1.0,0.0,0.0,0.0,15.0,0.0,1.0,0.0,171157.52385864922,820322.7333333334,0.0,4.0,10.0,0.0,0.0,0.0,851,0.0,1.0,5.0,0.0,0,nothing,0.0,51.520196969205045,-0.3696279786791622,17003.153085136048
88195dacd7fffff,0.0,0.0,0.0,1.0,0.0,0.0,0.0,0.0,5.0,0.0,1.0,0.0,0.0,3681713.0625000005,0.0,15.0,11.0,0.0,0.0,0.0,854,0.0,8.0,2.0,0.0,0,nothing,0.0,51.512442891945405,-0.365325912850544,17003.325592573237
88195dacd9fffff,0.0,0.0,0.0,1.0,0.0,0.0,0.0,0.0,12.0,0.0,1.0,0.0,305129.3487159377,38603.416666666664,0.0,12.0,13.0,0.0,0.0,0.0,818,0.0,1.0,3.0,0.0,0,nothing,0.0,51.52381989986153,-0.34947310914774066,17001.739974489516
88195dacdbfffff,0.0,0.0,0.0,1.0,0.0,0.0,0.0,0.0,6.0,0.0,0.0,0.0,296530.51111985045,2110334.175,0.0,0.0,5.0,0.0,0.0,0.0,822,0.0,29.0,3.0,0.0,0,nothing,0.0,51.51606593516378,-0.34517424120692364,17001.912345905468
88195dacddfffff,0.0,0.0,0.0,0.0,1.0,3.0,0.0,0.0,5.0,0.0,1.0,0.0,0.0,1622991.0,0.0,0.0,5.0,0.0,0.0,0.0,833,2.0,1.0,4.0,0.0,0,nothing,0.0,51.52588581501533,-0.3617011612662613,17002.360188647435
88195dace1fffff,0.0,0.0,0.0,0.0,0.0,0.0,0.0,0.0,5.0,0.0,0.0,0.0,0.0,27438.0,0.0,0.0,7.0,0.0,0.0,0.0,886,0.0,0.0,1.0,0.0,0,nothing,0.0,51.534138522803616,-0.41063491968942756,17004.84038461368
88195dace3fffff,0.0,0.0,0.0,0.0,0.0,0.0,0.0,0.0,2.0,0.0,0.0,0.0,0.0,1055065.6666666667,0.0,0.0,2.0,0.0,0.0,0.0,889,0.0,0.0,0.0,0.0,0,nothing,0.0,51.5263853075587,-0.40632474345284086,17005.013698915845
88195dace5fffff,0.0,0.0,0.0,0.0,0.0,0.0,0.0,0.0,3.0,0.0,0.0,0.0,0.0,869766.8353174604,0.0,0.0,8.0,0.0,0.0,0.0,898,0.0,0.0,0.0,0.0,0,nothing,0.0,51.536198958588294,-0.4228737440511617,17005.46026783485
88195dace7fffff,0.0,0.0,0.0,0.0,0.0,0.0,0.0,0.0,1.0,0.0,0.0,0.0,0.0,1241375.5714285714,0.0,0.0,10.0,0.0,0.0,0.0,901,0.0,0.0,0.0,0.0,0,nothing,0.0,51.52844589459033,-0.41856130514427947,17005.633771008263
88195dace9fffff,0.0,0.0,0.0,1.0,0.0,0.0,0.0,0.0,0.0,0.0,0.0,0.0,78595.11792994881,3141400.5,0.0,4.0,2.0,0.0,0.0,0.0,870,0.0,0.0,0.0,0.0,0,nothing,0.0,51.53982994394655,-0.4027074889155573,17004.04706857927
88195dacebfffff,0.0,0.0,1.0,0.0,1.0,0.0,0.0,0.0,4.0,0.0,0.0,0.0,1316.3555780277427,4317037.772222222,0.0,17.0,10.0,0.0,0.0,0.0,874,0.0,0.0,0.0,0.0,0,nothing,0.0,51.5320769899629,-0.39839824868283025,17004.22043496346
88195dacedfffff,0.0,0.0,0.0,0.0,0.0,0.0,0.0,0.0,2.0,0.0,0.0,0.0,0.0,4686811.833333334,0.0,0.0,0.0,0.0,0.0,0.0,883,1.0,0.0,0.0,0.0,0,nothing,0.0,51.54189132565163,-0.4149464229309279,17004.666829411126
88195dad09fffff,0.0,0.0,0.0,0.0,0.0,0.0,0.0,0.0,5.0,0.0,0.0,0.0,0.0,0.0,0.0,0.0,0.0,0.0,0.0,0.0,925,0.0,0.0,0.0,0.0,0,nothing,0.0,51.59093573651741,-0.49780747942907416,17006.888515177547
88195dad11fffff,0.0,0.0,0.0,1.0,0.0,0.0,0.0,0.0,2.0,0.0,0.0,0.0,0.0,0.0,2.0,0.0,0.0,0.0,0.0,0.0,935,0.0,2.0,0.0,0.0,1,Public use,0.0,51.56768459663244,-0.4848230274094429,17007.41490863864
88195dad13fffff,0.0,0.0,0.0,0.0,0.0,0.0,0.0,0.0,0.0,0.0,0.0,0.0,0.0,15857646.125,1.0,0.0,0.0,0.0,0.0,769.6793002915452,938,0.0,0.0,0.0,0.0,1,Public use,0.0,51.5599333856203,-0.4804975416397395,17007.58989142812
88195dad19fffff,0.0,0.0,0.0,0.0,0.0,0.0,0.0,0.0,3.0,0.0,0.0,0.0,0.0,0.0,3.0,0.0,0.0,0.0,0.0,0.0,921,0.0,0.0,0.0,0.0,1,Public use,0.0,51.573379966370794,-0.4768933501810871,17006.620826158716
88195dad1bfffff,0.0,0.0,0.0,0.0,0.0,0.0,0.0,0.0,2.0,0.0,0.0,0.0,31959.45371593376,5352103.541666667,0.0,0.0,0.0,0.0,0.0,0.0,924,0.0,0.0,0.0,0.0,0,nothing,0.0,51.565629016201946,-0.47256879904626264,17006.79586040463
88195dad41fffff,0.0,0.0,0.0,0.0,0.0,0.0,0.0,0.0,2.0,0.0,0.0,0.0,320909.68583210825,801306.0,0.0,0.0,1.0,0.0,0.0,0.0,908,0.0,2.0,0.0,0.0,0,nothing,0.0,51.60437961004226,-0.494204880033434,17005.918282140865
88195dad43fffff,0.0,0.0,0.0,0.0,0.0,0.0,0.0,0.0,0.0,0.0,0.0,0.0,0.0,137518.95,0.0,0.0,1.0,0.0,0.0,0.0,911,0.0,0.0,0.0,0.0,0,nothing,0.0,51.59663032345026,-0.4898749976405501,17006.09427904916
88195dad49fffff,0.0,0.0,0.0,1.0,0.0,0.0,0.0,0.0,4.0,0.0,0.0,0.0,436031.99482831656,451229.625,0.0,3.0,1.0,0.0,0.0,0.0,892,0.0,2.0,2.0,0.0,0,nothing,0.0,51.61007272751043,-0.48627041206264054,17005.12406605045
88195dad4bfffff,0.0,0.0,0.0,0.0,1.0,0.0,0.0,0.0,6.0,0.0,1.0,0.0,607580.1416593842,511352.9166666667,0.0,4.0,14.0,0.0,0.0,0.0,895,0.0,0.0,1.0,0.0,0,nothing,1.0,51.60232370210228,-0.48194146519323805,17005.300113868194
88195dad4dfffff,0.0,0.0,0.0,0.0,0.0,0.0,0.0,0.0,0.0,0.0,0.0,0.0,0.0,32802.0,0.0,0.0,0.0,0.0,0.0,0.0,904,0.0,0.0,0.0,0.0,0,nothing,0.0,51.612128479771016,-0.4985360966575409,17005.742044756294
88195dad51fffff,0.0,0.0,0.0,0.0,0.0,0.0,1.0,0.0,1.0,0.0,0.0,0.0,149491.49018542524,2507672.5166666666,3.0,0.0,2.0,0.0,0.0,0.0,902,0.0,0.0,0.0,0.0,1,Public use,0.0,51.58682440210964,-0.4732875715525117,17005.65148813178
88195dad53fffff,0.0,0.0,0.0,0.0,0.0,0.0,0.0,0.0,1.0,0.0,0.0,0.0,683447.9814662052,60504.857142857145,1.0,0.0,0.0,0.0,0.0,0.0,905,0.0,0.0,0.0,0.0,1,Public use,0.0,51.57907412830021,-0.4689626236479467,17005.826814426284
88195dad55fffff,0.0,0.0,0.0,2.0,1.0,0.0,0.0,0.0,5.0,0.0,0.0,0.0,342578.39615549345,1156773.561904762,0.0,13.0,8.0,0.0,0.0,0.0,914,0.0,1.0,1.0,0.0,0,nothing,0.0,51.58888062038262,-0.4855464489119617,17006.270035405374
88195dad57fffff,0.0,0.0,0.0,0.0,0.0,0.0,0.0,0.0,1.0,0.0,0.0,0.0,338979.84834839054,352945.0,1.0,1.0,0.0,0.0,0.0,0.0,917,0.0,0.0,0.0,0.0,1,Public use,0.0,51.58113050122692,-0.4812192332809384,17006.445551133773
88195dad59fffff,0.0,0.0,0.0,0.0,0.0,1.0,1.0,0.0,2.0,0.0,0.0,0.0,0.0,0.0,2.0,0.0,0.0,0.0,0.0,0.0,886,0.0,0.0,0.0,0.0,1,Public use,0.0,51.59251709489545,-0.4653548601638068,17004.857495980774
88195dad5bfffff,0.0,0.0,0.0,0.0,0.0,0.0,0.0,0.0,4.0,0.0,0.0,0.0,450877.2337086571,0.0,0.0,0.0,0.0,0.0,0.0,0.0,890,0.0,1.0,0.0,0.0,0,nothing,0.0,51.584767082290035,-0.4610308479056739,17005.032873478176
88195dad5dfffff,0.0,0.0,0.0,0.0,0.0,0.0,1.0,0.0,0.0,0.0,0.0,0.0,38499.61324149789,951698.1,0.0,1.0,2.0,0.0,0.0,0.0,898,0.0,0.0,0.0,0.0,0,nothing,0.0,51.59457426017284,-0.4776138518788026,17005.475921253877
88195dad81fffff,0.0,0.0,0.0,4.0,1.0,0.0,0.0,0.0,8.0,0.0,0.0,0.0,2686752.622613034,2159820.563636364,0.0,6.0,12.0,0.0,0.0,0.0,957,0.0,0.0,2.0,0.0,0,nothing,0.0,51.530979644979546,-0.47545396286716757,17008.90734002267
88195dad83fffff,0.0,0.0,0.0,0.0,0.0,0.0,0.0,0.0,3.0,0.0,0.0,0.0,14751.00554172721,1589178.809090909,0.0,1.0,1.0,0.0,0.0,0.0,960,0.0,3.0,0.0,1.0,0,nothing,0.0,51.52322651627836,-0.4711328659927683,17009.08130645674
88195dad85fffff,0.0,0.0,0.0,1.0,1.0,0.0,0.0,0.0,6.0,0.0,0.0,0.0,103446.68692717882,83084.0,6.0,0.0,2.0,0.0,0.0,2405.247813411079,966,6.0,1.0,2.0,0.0,1,Public use,0.0,51.53303379360248,-0.48770116712327416,17009.5272010002
88195dad87fffff,0.0,0.0,0.0,7.0,1.0,0.0,0.0,0.0,18.0,0.0,1.0,0.0,73770.56853388187,528008.7727272727,0.0,5.0,4.0,0.0,0.0,0.0,969,2.0,9.0,2.0,0.0,0,nothing,0.0,51.525280818180924,-0.4833778069201695,17009.701356804188
88195dad89fffff,0.0,0.0,0.0,1.0,0.0,0.0,0.0,1.0,10.0,0.0,0.0,0.0,866191.4485742582,4412892.451785714,0.0,10.0,9.0,0.0,0.0,0.0,945,0.0,3.0,0.0,0.0,0,nothing,0.0,51.53667726486171,-0.4675290711203416,17008.113393646734
88195dad8bfffff,0.0,0.0,0.0,1.0,0.0,0.0,0.0,0.0,9.0,0.0,0.0,0.0,2654637.259143446,1027889.6226010101,0.0,2.0,10.0,0.0,0.0,0.0,948,3.0,8.0,2.0,0.0,0,nothing,0.0,51.52892439666098,-0.4632089079931221,17008.28741208512
88195dad8dfffff,0.0,0.0,0.0,1.0,0.0,0.0,0.0,0.0,5.0,0.0,0.0,0.0,750463.7182186024,2428918.855357143,0.0,6.0,8.0,0.0,0.0,0.0,955,1.0,1.0,2.0,0.0,0,nothing,2.0,51.538732360011885,-0.4797763896638539,17008.733132267538
88195dad91fffff,0.0,0.0,0.0,0.0,0.0,0.0,0.0,0.0,20.0,0.0,0.0,0.0,1373575.543335925,1019535.6499999999,0.0,7.0,3.0,0.0,0.0,0.0,954,0.0,5.0,0.0,0.0,0,nothing,0.0,51.51341742066528,-0.4545725689194096,17008.634725058833
88195dad93fffff,0.0,0.0,0.0,0.0,0.0,0.0,0.0,0.0,6.0,0.0,0.0,0.0,2541257.250201537,104257.14285714287,0.0,15.0,6.0,0.0,0.0,0.0,956,2.0,1.0,1.0,0.0,0,nothing,0.0,51.50566331364622,-0.45025639184452587,17008.808019443983
88195dad95fffff,0.0,0.0,0.0,6.0,0.0,0.0,0.0,0.0,21.0,0.0,0.0,0.0,630227.7162694714,1235212.4,0.0,5.0,5.0,0.0,0.0,0.0,962,1.0,4.0,2.0,0.0,0,nothing,2.0,51.515472974296365,-0.46681309847609487,17009.255031494526
88195dad97fffff,0.0,0.0,0.0,1.0,1.0,0.0,0.0,0.0,45.0,0.0,1.0,0.0,628280.3014329883,23780.25,0.0,8.0,8.0,0.0,0.0,0.0,965,1.0,4.0,2.0,0.0,0,nothing,0.0,51.5077190194216,-0.46249465975288184,17009.42851506088
88195dad99fffff,0.0,0.0,0.0,0.0,0.0,0.0,0.0,0.0,2.0,0.0,0.0,0.0,6806.022046662869,3134098.7436363637,0.0,1.0,3.0,0.0,0.0,0.0,942,0.0,2.0,1.0,0.0,0,nothing,0.0,51.51911461533485,-0.44664943183661,17007.841005297916
88195dad9bfffff,0.0,0.0,0.0,3.0,0.0,0.0,0.0,0.0,13.0,0.0,0.0,0.0,945784.92499722,1337051.8214285716,0.0,0.0,6.0,0.0,0.0,0.0,944,0.0,1.0,2.0,0.0,0,nothing,0.0,51.511360768834166,-0.4423341886297989,17008.01435198101
88195dad9dfffff,0.0,0.0,0.0,0.0,0.0,0.0,0.0,0.0,4.0,0.0,0.0,0.0,868978.8824292602,3479274.6861111107,0.0,2.0,12.0,0.0,0.0,0.0,951,2.0,5.0,0.0,0.0,0,nothing,0.0,51.52117111513285,-0.4588900741142682,17008.461189247533
88195dadb1fffff,0.0,0.0,0.0,0.0,0.0,0.0,0.0,0.0,8.0,0.0,0.0,0.0,0.0,24755.5,0.0,0.0,0.0,0.0,0.0,0.0,979,1.0,0.0,0.0,0.0,0,nothing,0.0,51.51182713536861,-0.48697764016476724,17010.669306177835
88195dadb3fffff,0.0,0.0,0.0,0.0,0.0,0.0,0.0,0.0,3.0,0.0,0.0,0.0,125651.49891844207,0.0,0.0,0.0,3.0,0.0,0.0,0.0,981,3.0,1.0,0.0,0.0,0,nothing,0.0,51.504073072952586,-0.4826560067213119,17010.84292676451
88195dadb9fffff,0.0,0.0,2.0,2.0,0.0,0.0,0.0,1.0,36.0,0.0,2.0,0.0,2303063.620823094,690981.25,0.0,29.0,6.0,0.0,0.0,0.0,971,3.0,18.0,5.0,1.0,0,nothing,0.0,51.517527429137104,-0.47905577674842587,17009.875271166744
88195dadbbfffff,0.0,0.0,1.0,32.0,4.0,0.0,2.0,0.0,119.0,0.0,1.0,0.0,302389.4340219367,288705.0,0.0,13.0,13.0,1.0,0.0,0.0,973,3.0,19.0,5.0,1.0,0,nothing,0.0,51.50977362685912,-0.47473507604356785,17010.04894401264
88195dadbdfffff,0.0,0.0,0.0,0.0,0.0,0.0,0.0,0.0,7.0,0.0,0.0,0.0,134100.96968964167,399624.5,0.0,0.0,0.0,0.0,0.0,0.0,977,0.0,19.0,0.0,0.0,0,nothing,0.0,51.51958078459721,-0.4913006031840422,17010.495443954052
88195dadc1fffff,0.0,0.0,0.0,1.0,0.0,0.0,0.0,0.0,15.0,0.0,0.0,0.0,1944164.3449522078,5737666.708333333,0.0,0.0,5.0,0.0,0.0,0.0,930,0.0,2.0,0.0,0.0,0,nothing,0.0,51.5501258714769,-0.4639236904087106,17007.14520625742
88195dadc3fffff,0.0,0.0,0.0,1.0,0.0,0.0,0.0,1.0,19.0,0.0,0.0,0.0,149209.41112038778,1395839.3383838383,0.0,0.0,0.0,0.0,0.0,0.0,933,1.0,8.0,0.0,0.0,0,nothing,0.0,51.54237367769618,-0.4596031317751591,17007.31951771355
88195dadc5fffff,0.0,0.0,1.0,1.0,2.0,0.0,0.0,0.0,8.0,1.0,0.0,0.0,1183870.9793261013,5322832.902777778,0.0,6.0,5.0,0.0,0.0,0.0,940,0.0,7.0,1.0,1.0,0,nothing,0.0,51.55218175972924,-0.47617338737859616,17007.764633242914
88195dadc7fffff,0.0,0.0,0.0,4.0,1.0,0.0,0.0,1.0,22.0,0.0,0.0,0.0,2281107.4569746414,5125791.270833333,0.0,21.0,11.0,0.0,0.0,0.0,943,5.0,8.0,0.0,0.0,0,nothing,0.0,51.54442971934708,-0.4718505640605356,17007.93913400757
88195dadc9fffff,0.0,0.0,0.0,0.0,0.0,0.0,0.0,0.0,0.0,0.0,0.0,0.0,632332.9748147102,16370817.759124618,0.0,0.0,3.0,0.0,0.0,0.0,916,0.0,0.0,0.0,0.0,0,nothing,0.0,51.55582081627037,-0.45599576880403087,17006.351349054166
88195dadcbfffff,0.0,0.0,0.0,1.0,1.0,0.0,0.0,0.0,5.0,0.0,1.0,0.0,78227.25187546824,4673636.3209442105,0.0,10.0,5.0,0.0,0.0,0.0,919,0.0,0.0,3.0,0.0,0,nothing,0.0,51.54806888335199,-0.4516761449272976,17006.525712260256
88195dadcdfffff,0.0,0.0,0.0,0.0,0.0,0.0,0.0,0.0,3.0,0.0,0.0,0.0,0.0,20450693.263888888,0.0,10.0,9.0,0.0,0.0,0.0,927,0.0,0.0,1.0,0.0,0,nothing,0.0,51.55787765110808,-0.4682455793106666,17006.970653795997
88195dadd1fffff,0.0,0.0,0.0,3.0,0.0,0.0,0.0,0.0,10.0,0.0,0.0,0.0,0.0,1302352.1823232323,0.0,7.0,7.0,0.0,0.0,0.0,925,0.0,0.0,1.0,0.0,0,nothing,1.0,51.53256377647866,-0.4430408853900094,17006.87371571602
88195dadd3fffff,0.0,0.0,0.0,0.0,0.0,0.0,0.0,1.0,9.0,0.0,1.0,0.0,0.0,1617360.7689393938,0.0,10.0,18.0,0.0,0.0,0.0,928,0.0,0.0,0.0,0.0,0,nothing,0.0,51.52481060329917,-0.43872524860026857,17007.047355815444
88195dadd5fffff,0.0,0.0,0.0,3.0,0.0,0.0,0.0,0.0,11.0,0.0,0.0,0.0,50670.52844192895,4959143.359810607,0.0,11.0,13.0,0.0,0.0,0.0,936,0.0,0.0,2.0,0.0,0,nothing,0.0,51.534621070153726,-0.4552839028450279,17007.493588089117
88195dadd7fffff,0.0,0.0,0.0,7.0,1.0,0.0,0.0,0.0,25.0,1.0,1.0,0.0,0.0,2700113.8987499997,0.0,15.0,15.0,0.0,0.0,0.0,939,2.0,0.0,1.0,0.0,0,nothing,0.0,51.52686804923733,-0.45096600305364454,17007.66741730894
88195dadd9fffff,0.0,0.0,0.0,0.0,0.0,0.0,0.0,0.0,0.0,0.0,0.0,0.0,135083.31200633844,466315.2666666667,0.0,0.0,3.0,0.0,0.0,0.0,911,0.0,1.0,0.0,0.0,0,nothing,0.0,51.538258296725914,-0.4351147212193202,17006.08008450597
88195daddbfffff,0.0,0.0,0.0,0.0,0.0,0.0,0.0,0.0,0.0,0.0,0.0,0.0,0.0,758031.4603174602,0.0,0.0,0.0,0.0,0.0,0.0,914,0.0,0.0,0.0,0.0,0,nothing,0.0,51.53050538442727,-0.43080001930639356,17006.253776648686
88195dadddfffff,0.0,0.0,0.0,0.0,2.0,0.0,0.0,0.0,2.0,0.0,0.0,0.0,0.0,2957043.7258838383,0.0,4.0,6.0,0.0,0.0,0.0,922,0.0,0.0,0.0,0.0,0,nothing,0.0,51.54031653662551,-0.4473578506442046,17006.69983450593
88195dade1fffff,0.0,0.0,0.0,0.0,0.0,0.0,0.0,0.0,0.0,0.0,0.0,0.0,0.0,447201.1666666666,0.0,0.0,0.0,0.0,0.0,0.0,961,0.0,0.0,0.0,0.0,0,nothing,0.0,51.54853850202634,-0.49635187988301,17009.178165369318
88195dade3fffff,0.0,0.0,0.0,1.0,0.0,0.0,0.0,0.0,4.0,0.0,0.0,0.0,195956.14367967518,1582102.9166666665,2.0,3.0,4.0,0.0,0.0,1603.4985422740524,964,10.0,0.0,0.0,0.0,1,Public use,0.0,51.54078635501364,-0.4920258579225299,17009.35280383012
88195dade9fffff,0.0,0.0,0.0,0.0,0.0,0.0,0.0,0.0,1.0,0.0,0.0,0.0,123654.16029788554,1625779.1249999998,0.0,2.0,0.0,0.0,0.0,0.0,950,0.0,0.0,0.0,0.0,0,nothing,0.0,51.55423654751808,-0.48842523528375387,17008.383993095347
88195dadebfffff,0.0,0.0,0.0,31.0,0.0,3.0,0.0,1.0,99.0,0.0,8.0,0.0,684818.3727433083,6443648.647222222,0.0,38.0,16.0,1.0,0.0,0.0,952,13.0,13.0,9.0,0.0,0,nothing,0.0,51.54648466098738,-0.4841001469476778,17008.558683266634
88195dae01fffff,0.0,0.0,0.0,1.0,1.0,0.0,0.0,1.0,9.0,0.0,3.0,0.0,1981091.1410746714,5104094.171052632,0.0,10.0,4.0,1.0,0.0,0.0,717,0.0,2.0,6.0,0.0,0,nothing,0.0,51.610636434468816,-0.3644101819704216,16997.798514520113
88195dae03fffff,0.0,0.0,0.0,2.0,0.0,0.0,0.0,0.0,5.0,0.0,0.0,0.0,398322.440449932,1734684.5638888888,0.0,4.0,9.0,1.0,0.0,0.0,721,1.0,0.0,3.0,0.0,0,nothing,0.0,51.60288696711713,-0.360102198514571,16997.97320292702
88195dae05fffff,0.0,0.0,0.0,0.0,0.0,0.0,0.0,0.0,2.0,0.0,0.0,0.0,133402.41383270946,1655314.5,3.0,1.0,0.0,0.0,0.0,1154.5189504373177,732,0.0,2.0,3.0,0.0,1,Public use,0.0,51.612703832010205,-0.3766589365191568,16998.416665223576
88195dae07fffff,0.0,0.0,0.0,3.0,1.0,0.0,0.0,0.0,10.0,0.0,0.0,0.0,238455.50879662932,3240601.583333333,2.0,14.0,5.0,0.0,0.0,769.6793002915452,737,0.0,6.0,6.0,0.0,1,Public use,0.0,51.60495451637773,-0.37234868498061935,16998.59154225713
88195dae09fffff,0.0,0.0,0.0,0.0,0.0,0.0,0.0,0.0,0.0,0.0,0.0,0.0,0.0,3190032.7982456144,0.0,0.0,0.0,0.0,0.0,0.0,697,0.0,0.0,1.0,0.0,0,nothing,0.0,51.616317143822165,-0.35647063262003115,16997.00555770496
88195dae0bfffff,0.0,0.0,0.0,0.0,0.0,0.0,0.0,0.0,2.0,0.0,0.0,0.0,28320.884174434388,2859395.2733918126,0.0,14.0,5.0,0.0,0.0,0.0,702,0.0,0.0,0.0,0.0,0,nothing,0.0,51.60856793917608,-0.35216358921420504,16997.180297181723
88195dae0dfffff,0.0,0.0,0.0,0.0,0.0,0.0,0.0,0.0,1.0,0.0,0.0,0.0,303875.5867445222,1331417.0789473685,0.0,0.0,0.0,0.0,0.0,0.0,712,0.0,0.0,1.0,0.0,0,nothing,0.0,51.61838548750737,-0.36871949379711644,16997.623586469705
88195dae11fffff,0.0,0.0,0.0,1.0,0.0,0.0,0.0,0.0,12.0,0.0,0.0,0.0,53942.95554927997,1440366.8795454546,0.0,11.0,9.0,0.0,0.0,0.0,710,0.0,0.0,5.0,0.0,0,nothing,0.0,51.59306828835401,-0.34355348491569143,16997.52905726292
88195dae13fffff,0.0,0.0,1.0,9.0,4.0,0.0,0.0,0.0,49.0,0.0,9.0,0.0,2467530.5094909496,3938485.484911616,0.0,22.0,4.0,0.0,0.0,0.0,715,6.0,11.0,9.0,2.0,0,nothing,1.0,51.585317842951056,-0.3392504228928637,16997.703077717688
88195dae15fffff,0.0,0.0,0.0,0.0,0.0,0.0,0.0,0.0,3.0,0.0,0.0,0.0,218704.64208663453,1241778.4454545456,0.0,4.0,4.0,0.0,0.0,0.0,726,0.0,0.0,1.0,0.0,0,nothing,0.0,51.59513708583887,-0.35579554286412557,16998.147651615465
88195dae17fffff,0.0,0.0,0.0,0.0,0.0,0.0,0.0,0.0,2.0,0.0,0.0,0.0,8703.530391133912,3499543.324242424,0.0,1.0,0.0,0.0,0.0,0.0,730,0.0,0.0,1.0,0.0,0,nothing,0.0,51.58738679102068,-0.3514902144539231,16998.321860510558
88195dae19fffff,0.0,0.0,0.0,4.0,0.0,0.0,0.0,0.0,11.0,0.0,1.0,0.0,80585.55301814168,1919530.7833333332,0.0,9.0,8.0,0.0,0.0,0.0,690,1.0,4.0,6.0,0.0,0,nothing,0.0,51.5987485772926,-0.3356157104863024,16996.73632477458
88195dae1bfffff,0.0,0.0,0.0,13.0,1.0,0.0,0.0,1.0,64.0,0.0,6.0,0.0,3236491.8506732187,682817.175,0.0,41.0,12.0,1.0,1.0,0.0,695,2.0,19.0,9.0,0.0,0,nothing,0.0,51.590998394615596,-0.3313135886253021,16996.910396590676
88195dae1dfffff,0.0,0.0,0.0,0.0,0.0,0.0,0.0,0.0,2.0,0.0,0.0,0.0,0.0,1639227.022222222,0.0,10.0,8.0,0.0,0.0,0.0,706,0.0,0.0,3.0,0.0,0,nothing,0.0,51.60081832055786,-0.34785787350114805,16997.35479705933
88195dae21fffff,0.0,0.0,0.0,0.0,0.0,0.0,0.0,0.0,0.0,0.0,0.0,0.0,0.0,951600.3333333334,0.0,0.0,1.0,0.0,0.0,0.0,768,0.0,0.0,2.0,0.0,0,nothing,0.0,51.60908632063266,-0.39684814008213887,16999.828020822224
88195dae23fffff,0.0,0.0,0.0,3.0,1.0,2.0,0.0,0.0,9.0,1.0,0.0,0.0,83827.44105685713,4678279.657572752,0.0,11.0,13.0,0.0,0.0,0.0,773,1.0,8.0,6.0,0.0,0,nothing,0.0,51.601336894847115,-0.39253468119929236,17000.003035549686
88195dae25fffff,0.0,0.0,0.0,0.0,0.0,0.0,0.0,0.0,0.0,0.0,0.0,0.0,0.0,2893297.955952381,0.0,6.0,8.0,0.0,0.0,0.0,784,0.0,0.0,1.0,0.0,0,nothing,0.0,51.611150574441965,-0.4091011076208752,17000.446159815776
88195dae27fffff,0.0,0.0,0.0,8.0,2.0,0.0,0.0,0.0,15.0,0.0,0.0,0.0,252180.21631782837,2697377.6633333336,0.0,8.0,11.0,0.0,0.0,0.0,789,1.0,2.0,2.0,0.0,0,nothing,0.0,51.60340130139295,-0.40478538031656836,17000.62136341779
88195dae2bfffff,0.0,0.0,0.0,0.0,1.0,0.0,0.0,0.0,1.0,1.0,0.0,0.0,0.0,3501927.6620370373,1.0,0.0,3.0,0.0,0.0,384.8396501457726,752,0.0,0.0,5.0,0.0,1,Public use,0.0,51.60702096774709,-0.3845973323524319,16999.209814929094
88195dae2dfffff,0.0,0.0,0.0,0.0,0.0,0.0,0.0,0.0,0.0,0.0,0.0,0.0,0.0,31022.5,0.0,0.0,0.0,0.0,0.0,0.0,764,0.0,0.0,0.0,0.0,0,nothing,0.0,51.616835331468266,-0.4011629288034584,16999.652766243235
88195dae31fffff,0.0,0.0,1.0,11.0,2.0,0.0,0.0,1.0,29.0,0.0,1.0,0.0,1665079.7842925487,23926.25,1.0,18.0,8.0,1.0,2.0,384.8396501457726,761,1.0,11.0,5.0,0.0,1,Public use,0.0,51.59152139738673,-0.37597627934831807,16999.559226947516
88195dae33fffff,0.0,0.0,0.0,0.0,0.0,0.0,0.0,0.0,0.0,0.0,1.0,0.0,24101.948834214923,2184779.625,4.0,7.0,6.0,0.0,0.0,1539.3586005830905,766,0.0,3.0,1.0,0.0,1,Public use,0.0,51.5837709912604,-0.37166774517383294,16999.733573058278
88195dae35fffff,0.0,0.0,1.0,14.0,1.0,0.0,1.0,0.0,61.0,0.0,9.0,0.0,907820.359347557,1413326.7714285715,0.0,12.0,5.0,0.0,0.0,0.0,777,1.0,31.0,4.0,0.0,0,nothing,0.0,51.593587054498435,-0.38822255158909824,17000.177810350437
88195dae37fffff,0.0,0.0,0.0,2.0,1.0,0.0,0.0,0.0,18.0,0.0,1.0,0.0,0.0,870953.5318181819,0.0,12.0,13.0,0.0,0.0,0.0,782,0.0,3.0,2.0,0.0,0,nothing,0.0,51.58583679997351,-0.38391175068600614,17000.352345149393
88195dae39fffff,0.0,0.0,0.0,0.0,0.0,0.0,0.0,0.0,0.0,0.0,0.0,0.0,0.0,3708568.75,3.0,0.0,0.0,0.0,0.0,1154.5189504373177,742,0.0,0.0,0.0,0.0,1,Public use,0.0,51.597204786477675,-0.368039761925257,16998.76617952783
88195dae3bfffff,0.0,0.0,0.0,0.0,0.0,0.0,0.0,0.0,13.0,0.0,0.0,0.0,323843.9208506632,5574243.420454545,1.0,31.0,14.0,0.0,0.0,384.8396501457726,746,1.0,0.0,2.0,0.0,1,Public use,0.0,51.58945464269668,-0.36373216678768483,16998.94057696068
88195dae3dfffff,0.0,0.0,0.0,0.0,0.0,1.0,0.0,0.0,1.0,0.0,0.0,0.0,293449.0815531223,2860350.970238095,1.0,1.0,0.0,0.0,0.0,384.8396501457726,757,0.0,0.0,4.0,0.0,1,Public use,0.0,51.59927138967789,-0.3802861415527556,16999.384640879456
88195dae43fffff,0.0,0.0,0.0,0.0,0.0,0.0,0.0,0.0,1.0,0.0,0.0,0.0,1330235.7133010915,101342.25,0.0,3.0,1.0,0.0,0.0,0.0,678,0.0,3.0,1.0,0.0,0,nothing,0.0,51.621996644308965,-0.3485300370275713,16996.212671848218
88195dae47fffff,0.0,0.0,0.0,0.0,0.0,0.0,0.0,0.0,2.0,0.0,0.0,0.0,0.0,0.0,0.0,0.0,0.0,0.0,0.0,0.0,692,0.0,0.0,0.0,0.0,0,nothing,0.0,51.624065934109616,-0.3607790042841543,16996.830578703994
88195dae49fffff,0.0,0.0,0.0,0.0,0.0,0.0,0.0,0.0,0.0,0.0,0.0,0.0,0.0,129487.25,0.0,0.0,0.0,0.0,0.0,0.0,654,0.0,0.0,0.0,0.0,0,nothing,0.0,51.635423200114474,-0.344894885277872,16995.244776282914
88195dae4bfffff,0.0,0.0,0.0,1.0,0.0,0.0,0.0,0.0,5.0,0.0,1.0,0.0,440201.62712995283,152417.25,0.0,3.0,6.0,0.0,0.0,0.0,658,0.0,1.0,0.0,0.0,0,nothing,0.0,51.62767493580055,-0.3405883952912799,16995.419856986362
88195dae51fffff,0.0,0.0,0.0,1.0,0.0,0.0,0.0,0.0,3.0,0.0,0.0,0.0,184154.27247159873,2399334.8076388887,0.0,7.0,9.0,0.0,0.0,0.0,667,0.0,1.0,3.0,0.0,0,nothing,1.0,51.612177164210856,-0.33197939884991173,16995.769300460885
88195dae53fffff,0.0,0.0,0.0,0.0,0.0,0.0,0.0,0.0,4.0,0.0,0.0,0.0,27690.382701076243,224291.4,0.0,9.0,6.0,0.0,0.0,0.0,672,2.0,0.0,3.0,0.0,0,nothing,0.0,51.60442765770766,-0.3276768912641655,16995.943663082195
88195dae55fffff,0.0,0.0,0.0,0.0,0.0,0.0,0.0,0.0,0.0,0.0,0.0,0.0,0.0,3500205.8055555555,0.0,4.0,6.0,0.0,0.0,0.0,682,0.0,0.0,0.0,0.0,0,nothing,0.0,51.61424770252569,-0.34422393412230173,16996.38746232853
88195dae57fffff,0.0,0.0,0.0,10.0,5.0,0.0,0.0,0.0,27.0,1.0,2.0,0.0,797356.8710847674,2935187.0999999996,0.0,24.0,8.0,0.0,0.0,0.0,686,0.0,3.0,6.0,0.0,0,nothing,0.0,51.60649834672478,-0.33991915879696466,16996.56201332894
88195dae59fffff,0.0,0.0,0.0,0.0,0.0,0.0,0.0,0.0,0.0,0.0,0.0,0.0,6304.539398256009,1419607.5999999999,0.0,2.0,4.0,0.0,0.0,0.0,647,0.0,1.0,2.0,0.0,0,nothing,0.0,51.61785477288757,-0.32403859375853883,16994.976658491727
88195dae5bfffff,0.0,0.0,0.0,0.0,0.0,0.0,0.0,0.0,0.0,0.0,0.0,0.0,360506.60177137173,1389643.7583333333,0.0,0.0,0.0,0.0,0.0,0.0,652,0.0,0.0,1.0,0.0,0,nothing,0.0,51.61010552947061,-0.31973702734791287,16995.151072222394
88195dae5dfffff,0.0,0.0,0.0,0.0,0.0,0.0,0.0,0.0,1.0,0.0,0.0,0.0,13772.890211788532,1233274.2083333333,0.0,0.0,1.0,0.0,0.0,0.0,663,0.0,1.0,0.0,0.0,0,nothing,0.0,51.61992625703726,-0.3362832333371655,16995.59469840399
88195dae63fffff,0.0,0.0,0.0,0.0,0.0,0.0,0.0,0.0,1.0,0.0,0.0,0.0,0.0,0.0,3.0,0.0,0.0,0.0,0.0,1154.5189504373177,728,0.0,0.0,0.0,0.0,1,Public use,0.0,51.62045273298846,-0.38097051710649593,16998.24154850222
88195dae81fffff,0.0,0.0,1.0,13.0,2.0,0.0,0.0,0.0,48.0,0.0,0.0,0.0,3081685.2072727378,6353117.805555556,0.0,28.0,9.0,2.0,0.0,0.0,747,0.0,7.0,8.0,0.0,0,nothing,0.0,51.556381484081584,-0.3342821619227826,16999.016296662216
88195dae83fffff,0.0,0.0,0.0,1.0,0.0,0.0,0.0,0.0,13.0,0.0,1.0,0.0,195884.2714496479,2098314.4375,0.0,14.0,0.0,0.0,0.0,0.0,751,1.0,17.0,1.0,0.0,0,nothing,1.0,51.5486291273638,-0.32998346124670336,16999.189305469845
88195dae85fffff,0.0,0.0,0.0,0.0,0.0,0.0,0.0,0.0,8.0,0.0,0.0,0.0,1631892.3823703849,1689554.888888889,0.0,1.0,2.0,0.0,0.0,0.0,763,0.0,13.0,3.0,0.0,0,nothing,0.0,51.5584499364985,-0.34651505411780475,16999.63576681655
88195dae87fffff,1.0,0.0,1.0,10.0,1.0,0.0,0.0,0.0,38.0,0.0,0.0,0.0,1449153.6887083421,3406715.3819444445,0.0,16.0,8.0,0.0,0.0,0.0,767,2.0,4.0,6.0,0.0,0,nothing,1.0,51.55069772911429,-0.34221409009860276,16999.80896393806
88195dae89fffff,0.0,0.0,0.0,1.0,1.0,0.0,0.0,0.0,5.0,0.0,0.0,0.0,228259.7379235124,5999827.863194444,0.0,11.0,7.0,0.0,0.0,0.0,727,0.0,3.0,5.0,0.0,0,nothing,0.0,51.562064031413335,-0.326349190555398,16998.223699842238
88195dae8bfffff,0.0,0.0,1.0,4.0,3.0,0.0,0.0,0.0,12.0,0.0,1.0,0.0,113275.3521324962,5443436.536616161,0.0,9.0,10.0,1.0,0.0,0.0,731,0.0,3.0,8.0,0.0,0,nothing,0.0,51.55431193707988,-0.32205142913973567,16998.396760555286
88195dae8dfffff,0.0,0.0,1.0,0.0,0.0,3.0,0.0,0.0,2.0,0.0,0.0,0.0,499229.750871179,4054903.2777777775,0.0,6.0,4.0,0.0,0.0,0.0,743,1.0,7.0,9.0,0.0,0,nothing,0.0,51.564133429192914,-0.3385821870176888,16998.843047687922
88195dae91fffff,0.0,0.0,0.0,1.0,1.0,0.0,0.0,0.0,10.0,0.0,0.0,0.0,2372162.2530419123,2100588.8333333335,0.0,4.0,5.0,0.0,0.0,0.0,741,0.0,0.0,6.0,0.0,0,nothing,0.0,51.53880651500172,-0.3134598769723134,16998.74216154212
88195dae93fffff,0.0,0.0,0.0,2.0,0.0,0.0,0.0,0.0,0.0,0.0,0.0,0.0,191234.27324257238,131189.33333333334,0.0,6.0,2.0,0.0,0.0,0.0,745,0.0,1.0,4.0,0.0,0,nothing,0.0,51.53105318803045,-0.30916608509445914,16998.914501667306
88195dae95fffff,0.0,0.0,0.0,1.0,0.0,0.0,0.0,1.0,15.0,0.0,0.0,0.0,3442936.80271646,360770.6666666667,0.0,9.0,6.0,0.0,0.0,0.0,756,0.0,9.0,1.0,0.0,0,nothing,0.0,51.54087635942633,-0.32568608442603486,16999.362074036388
88195dae97fffff,0.0,1.0,0.0,2.0,1.0,0.0,0.0,0.0,10.0,0.0,2.0,0.0,2467125.505277895,2773360.2142857146,2.0,5.0,8.0,1.0,3.0,0.0,760,0.0,4.0,5.0,0.0,1,Taxi,0.0,51.53312318065596,-0.3213900308976631,16999.5346022875
88195dae99fffff,0.0,0.0,0.0,0.0,0.0,0.0,0.0,0.0,9.0,0.0,0.0,0.0,18224.716591957105,6147305.625,0.0,1.0,3.0,0.0,0.0,0.0,720,0.0,3.0,3.0,0.0,0,nothing,1.0,51.54448864205612,-0.30552868129988964,16997.949791088962
88195dae9bfffff,0.0,0.0,0.0,2.0,1.0,0.0,0.0,0.0,21.0,0.0,1.0,0.0,4387090.040422606,7778692.625,0.0,12.0,13.0,1.0,1.0,0.0,725,1.0,2.0,3.0,0.0,0,nothing,0.0,51.53673557748788,-0.30123582879133215,16998.122183410927
88195dae9dfffff,0.0,0.0,0.0,0.0,0.0,0.0,0.0,0.0,0.0,0.0,0.0,0.0,124440.1372408461,1292964.2152777778,0.0,0.0,3.0,0.0,0.0,0.0,736,0.0,0.0,3.0,0.0,0,nothing,0.0,51.54655943148044,-0.3177549914664344,16998.56958114669
88195daea1fffff,0.0,0.0,0.0,0.0,1.0,0.0,0.0,0.0,9.0,0.0,0.0,0.0,94423.67056259951,3267717.2138888887,0.0,9.0,9.0,0.0,0.0,0.0,800,1.0,1.0,5.0,0.0,0,nothing,0.0,51.55483164784941,-0.36668182284409623,17001.04808282785
88195daea3fffff,0.0,0.0,0.0,5.0,0.0,0.0,1.0,0.0,7.0,0.0,0.0,0.0,162455.59961257473,1430846.72739899,0.0,12.0,16.0,0.0,1.0,0.0,804,0.0,2.0,1.0,0.0,0,nothing,0.0,51.54707932824709,-0.3623776570035643,17001.221416493983
88195daea5fffff,0.0,0.0,0.0,3.0,0.0,0.0,0.0,0.0,18.0,0.0,0.0,0.0,2535547.217297018,79578.27272727274,1.0,36.0,11.0,0.0,0.0,0.0,816,2.0,0.0,3.0,0.0,1,Public use,0.0,51.55689696365049,-0.37891892564860796,17001.66754300832
88195daea7fffff,0.0,0.0,0.0,1.0,0.0,0.0,0.0,1.0,11.0,0.0,1.0,0.0,61685.872194720505,569153.7348484849,0.0,14.0,17.0,1.0,0.0,0.0,820,1.0,11.0,2.0,0.0,0,nothing,0.0,51.54914479439741,-0.37461249612318986,17001.841065236455
88195daea9fffff,0.0,0.0,0.0,17.0,2.0,1.0,0.0,1.0,68.0,1.0,6.0,0.0,154815.18884777883,5455082.427777777,0.0,12.0,6.0,1.0,0.0,0.0,779,2.0,21.0,8.0,0.0,0,nothing,0.0,51.56051729373867,-0.35875010518118816,17000.255170897854
88195daeabfffff,0.0,0.0,0.0,5.0,1.0,0.0,0.0,0.0,17.0,0.0,0.0,0.0,0.0,3265498.4666666663,0.0,9.0,15.0,0.0,0.0,0.0,783,0.0,0.0,4.0,0.0,0,nothing,1.0,51.55276523614008,-0.3544468774790783,17000.4285564309
88195daeadfffff,0.0,0.0,0.0,6.0,3.0,0.0,0.0,0.0,19.0,0.0,1.0,0.0,7159.0446512606895,31817.583333333332,0.0,86.0,7.0,0.0,0.0,0.0,795,2.0,0.0,3.0,0.0,0,nothing,1.0,51.562583555210196,-0.3709873145683582,17000.874508785575
88195daeb1fffff,0.0,0.0,0.0,0.0,1.0,0.0,0.0,0.0,5.0,0.0,0.0,0.0,147464.94992281205,26653302.32424464,0.0,14.0,8.0,0.0,0.0,0.0,793,3.0,15.0,4.0,0.0,0,nothing,0.0,51.537259885627485,-0.3458443971343832,17000.774606428946
88195daeb3fffff,0.0,0.0,0.0,0.0,0.0,0.0,0.0,0.0,8.0,0.0,0.0,0.0,61955.29310650013,10506845.210526317,0.0,19.0,6.0,0.0,0.0,0.0,797,0.0,15.0,2.0,0.0,0,nothing,0.0,51.52950659348741,-0.34154514336490827,17000.94727074494
88195daeb5fffff,0.0,0.0,0.0,2.0,0.0,0.0,0.0,0.0,3.0,0.0,0.0,0.0,403116.8154739293,27525899.157070708,0.0,15.0,1.0,0.0,0.0,0.0,809,0.0,4.0,1.0,0.0,0,nothing,0.0,51.53932659679029,-0.3580748164829644,17001.39450970933
88195daeb7fffff,0.0,0.0,0.0,9.0,2.0,0.0,0.0,1.0,46.0,0.0,6.0,0.0,623524.7975452712,4437703.666666667,0.0,11.0,15.0,0.0,0.0,0.0,814,1.0,15.0,6.0,0.0,0,nothing,0.0,51.53157345386608,-0.3537733007187756,17001.567362399335
88195daeb9fffff,0.0,0.0,0.0,4.0,2.0,0.0,0.0,0.0,18.0,0.0,1.0,0.0,4887748.333968658,4440005.282894737,0.0,19.0,2.0,0.0,0.0,0.0,772,1.0,4.0,1.0,0.0,0,nothing,0.0,51.54294511016989,-0.3379144506110037,16999.981920773414
88195daebbfffff,0.0,0.0,1.0,2.0,1.0,0.0,0.0,0.0,12.0,0.0,0.0,0.0,430852.9056568825,21384029.29890351,0.0,27.0,9.0,1.0,0.0,0.0,777,0.0,0.0,5.0,0.0,0,nothing,0.0,51.53519208005219,-0.33361613509163934,17000.154637248175
88195daebdfffff,0.0,0.0,0.0,6.0,1.0,0.0,0.0,0.0,27.0,0.0,0.0,0.0,1129786.218534528,2217875.2916666665,0.0,4.0,6.0,1.0,0.0,0.0,788,1.0,2.0,5.0,0.0,0,nothing,0.0,51.5450127666407,-0.3501449749846748,17000.601701632775
88195daec1fffff,0.0,0.0,0.0,1.0,2.0,0.0,0.0,0.0,5.0,0.0,0.0,0.0,2626076.5799717256,6242744.770833333,0.0,27.0,13.0,0.0,0.0,0.0,703,0.0,4.0,0.0,0.0,0,nothing,0.0,51.575496791073,-0.32271332199387104,16997.257821035517
88195daec3fffff,0.0,0.0,0.0,0.0,1.0,0.0,0.0,0.0,1.0,0.0,0.0,0.0,0.0,8575463.166666666,0.0,7.0,3.0,0.0,0.0,0.0,707,0.0,0.0,6.0,0.0,0,nothing,0.0,51.567745370980404,-0.31841517609489994,16997.431173515077
88195daec5fffff,0.0,1.0,1.0,52.0,3.0,1.0,0.0,2.0,130.0,0.0,16.0,0.0,1728627.5980166807,9042400.71875,1.0,20.0,21.0,1.0,2.0,0.0,719,7.0,38.0,20.0,0.0,1,Taxi,1.0,51.57756698473555,-0.33494868686806883,16997.87685834891
88195daec7fffff,0.0,0.0,0.0,0.0,0.0,0.0,0.0,0.0,0.0,0.0,0.0,0.0,56305.89289972383,3379729.0416666665,0.0,0.0,0.0,0.0,0.0,0.0,723,0.0,0.0,1.0,0.0,0,nothing,0.0,51.569815714094105,-0.3306482762769268,16998.05039908195
88195daec9fffff,0.0,0.0,1.0,0.0,0.0,0.0,0.0,0.0,18.0,0.0,5.0,0.0,4064821.917682833,330438.0,0.0,20.0,7.0,2.0,1.0,0.0,684,0.0,21.0,11.0,0.0,0,nothing,2.0,51.58117666000071,-0.31477732426706156,16996.46531358547
88195daecbfffff,0.0,0.0,0.0,3.0,2.0,0.0,0.0,0.0,17.0,0.0,0.0,0.0,267491.32274415414,103371.99999999999,0.0,5.0,4.0,1.0,0.0,0.0,688,2.0,9.0,4.0,0.0,0,nothing,0.0,51.57342550265388,-0.3104801186398379,16996.638717717648
88195daecdfffff,0.0,0.0,0.0,17.0,1.0,1.0,0.0,0.0,25.0,0.0,1.0,0.0,991522.4154221545,4514757.451388889,0.0,16.0,8.0,0.0,0.0,0.0,699,0.0,0.0,8.0,0.0,0,nothing,0.0,51.58324779908024,-0.32701279264929767,16997.08422870253
88195daed1fffff,0.0,0.0,0.0,0.0,0.0,0.0,0.0,0.0,3.0,0.0,0.0,0.0,27876.93018337095,2569616.688762626,0.0,0.0,0.0,0.0,0.0,0.0,696,0.0,0.0,4.0,0.0,0,nothing,0.0,51.55792195311209,-0.301889679059329,16996.984806481803
88195daed3fffff,0.0,0.0,0.0,4.0,1.0,0.0,1.0,0.0,37.0,0.0,1.0,0.0,200122.91722713195,3608162.288888889,0.0,6.0,16.0,1.0,0.0,0.0,701,1.0,5.0,18.0,0.0,0,nothing,0.0,51.55016956169011,-0.2975964439791352,16997.15749096511
88195daed5fffff,0.0,0.0,1.0,0.0,0.0,0.0,0.0,0.0,10.0,0.0,0.0,0.0,719567.8086889064,3299246.652146465,0.0,2.0,8.0,0.0,0.0,0.0,711,1.0,2.0,3.0,0.0,0,nothing,0.0,51.55999353918901,-0.31411835438855795,16997.604286066762
88195daed7fffff,0.0,0.0,0.0,1.0,1.0,0.0,0.0,0.0,16.0,0.0,0.0,0.0,289054.09487923107,5042598.96635101,0.0,9.0,16.0,1.0,1.0,0.0,716,0.0,25.0,3.0,0.0,0,nothing,0.0,51.55224129608538,-0.30982285631129525,16997.777158616158
88195daed9fffff,0.0,0.0,0.0,0.0,1.0,0.0,0.0,0.0,6.0,0.0,0.0,0.0,0.0,5019260.466540404,0.0,3.0,15.0,0.0,0.0,0.0,677,0.0,0.0,4.0,0.0,0,nothing,0.0,51.56360140243176,-0.2939554598093811,16996.192524780614
88195daedbfffff,0.0,0.0,0.0,16.0,0.0,0.0,0.0,1.0,59.0,0.0,3.0,0.0,1003487.1468921764,4406179.760858586,0.0,30.0,16.0,1.0,0.0,0.0,681,2.0,15.0,14.0,0.0,0,nothing,0.0,51.55584927377479,-0.2896631651089526,16996.365261207608
88195daeddfffff,0.0,0.0,0.0,0.0,1.0,0.0,0.0,0.0,10.0,0.0,2.0,0.0,593.6098469470273,1683144.8901515151,0.0,1.0,5.0,1.0,0.0,0.0,692,1.0,1.0,6.0,0.0,0,nothing,0.0,51.56567393356219,-0.30618423709180237,16996.811882041216
88195daee1fffff,0.0,0.0,0.0,4.0,4.0,0.0,0.0,0.0,15.0,0.0,1.0,0.0,359090.37873608735,3481554.5757575757,0.0,17.0,8.0,0.0,0.0,0.0,754,1.0,13.0,5.0,0.0,0,nothing,0.0,51.57395311503893,-0.35512095800581817,16999.28865201327
88195daee3fffff,0.0,0.0,1.0,15.0,9.0,0.0,0.0,1.0,59.0,0.0,6.0,0.0,2014890.1565175746,2760191.7916666665,1.0,15.0,9.0,1.0,0.0,0.0,759,2.0,38.0,21.0,1.0,1,Taxi,0.0,51.566201731935664,-0.3508173432322073,16999.46232948342
88195daee5fffff,0.0,0.0,0.0,23.0,3.0,0.0,0.0,0.0,62.0,0.0,6.0,0.0,657386.2047564441,3634992.7167929295,0.0,36.0,9.0,1.0,1.0,0.0,771,2.0,6.0,7.0,0.0,0,nothing,1.0,51.5760201716857,-0.3673605384642619,16999.90767913681
88195daee7fffff,0.0,0.0,0.0,3.0,1.0,1.0,0.0,1.0,18.0,0.0,2.0,0.0,137775.22452919147,452452.10000000003,0.0,19.0,10.0,0.0,0.0,0.0,775,2.0,1.0,4.0,1.0,0,nothing,0.0,51.5682689390495,-0.3630546586548625,17000.08154510826
88195daee9fffff,0.0,0.0,0.0,2.0,1.0,0.0,0.0,0.0,19.0,0.0,2.0,0.0,171184.70228186453,5553968.849116161,0.0,25.0,12.0,1.0,0.0,0.0,735,4.0,3.0,6.0,2.0,0,nothing,0.0,51.579636083049174,-0.3471862127191097,16998.495829537474
88195daeebfffff,0.0,0.0,0.0,11.0,2.0,0.0,1.0,0.0,25.0,1.0,2.0,0.0,145525.14626544443,4394640.875,0.0,18.0,10.0,0.0,0.0,0.0,739,1.0,32.0,14.0,0.0,0,nothing,0.0,51.571884962311024,-0.342883537095137,16998.66955862148
88195daeedfffff,0.0,0.0,0.0,0.0,0.0,0.0,0.0,1.0,9.0,1.0,0.0,0.0,0.0,3495996.4785353537,0.0,26.0,11.0,1.0,0.0,0.0,750,0.0,4.0,3.0,0.0,0,nothing,0.0,51.581704085421535,-0.3594258990027945,16999.114734480772
88195daf03fffff,0.0,0.0,0.0,0.0,0.0,0.0,0.0,0.0,2.0,0.0,0.0,0.0,3738817.317547713,3667409.0694444445,1.0,6.0,7.0,0.0,0.0,0.0,831,0.0,0.0,0.0,0.0,1,Public use,0.0,51.61733673548809,-0.4458729635880196,17002.300174190223
88195daf0bfffff,0.0,0.0,0.0,0.0,0.0,0.0,0.0,0.0,0.0,0.0,0.0,0.0,0.0,358249.0,0.0,0.0,0.0,0.0,0.0,0.0,812,0.0,0.0,0.0,0.0,0,nothing,0.0,51.623024332704546,-0.4379351169560063,17001.50641499295
88195daf11fffff,0.0,0.0,0.0,0.0,0.0,0.0,0.0,0.0,0.0,0.0,0.0,0.0,515970.3433338693,3731353.962878788,0.0,0.0,6.0,0.0,0.0,0.0,821,0.0,3.0,2.0,0.0,0,nothing,0.0,51.607526816245226,-0.429293254765196,17001.857818264314
88195daf13fffff,0.0,0.0,0.0,0.0,0.0,0.0,0.0,0.0,1.0,0.0,0.0,0.0,263661.7968093407,621229.0,0.0,0.0,0.0,1.0,0.0,0.0,825,0.0,1.0,0.0,0.0,0,nothing,0.0,51.599777434441194,-0.42497432090968956,17002.033159848223
88195daf15fffff,0.0,0.0,0.0,0.0,0.0,0.0,0.0,0.0,2.0,0.0,0.0,0.0,1512373.7950367786,3687471.820959596,0.0,0.0,8.0,0.0,0.0,0.0,835,0.0,0.0,0.0,0.0,0,nothing,0.0,51.60958792336716,-0.4415504289950294,17002.475945000853
88195daf17fffff,0.0,0.0,0.0,0.0,0.0,0.0,0.0,0.0,0.0,0.0,0.0,0.0,0.0,1078428.125,0.0,0.0,0.0,0.0,0.0,0.0,840,0.0,1.0,0.0,0.0,0,nothing,0.0,51.6018386953174,-0.43722922638357314,17002.651475707575
88195daf19fffff,0.0,0.0,0.0,5.0,2.0,0.0,1.0,0.0,12.0,0.0,2.0,0.0,2454248.2680802415,1284622.368939394,0.0,18.0,9.0,1.0,0.0,0.0,801,0.0,0.0,3.0,0.0,0,nothing,0.0,51.61321372858254,-0.4213562344188152,17001.06423178892
88195daf1bfffff,0.0,0.0,1.0,9.0,3.0,0.0,0.0,2.0,41.0,0.0,0.0,0.0,385945.31522399397,5288915.016666667,0.0,4.0,9.0,0.0,0.0,0.0,805,0.0,0.0,3.0,2.0,0,nothing,1.0,51.605464608723075,-0.41703823835529213,17001.239624362974
88195daf1dfffff,0.0,0.0,0.0,0.0,0.0,0.0,0.0,0.0,0.0,0.0,0.0,0.0,448739.14932282426,2886698.086868687,0.0,2.0,6.0,0.0,0.0,0.0,816,0.0,0.0,0.0,0.0,0,nothing,0.0,51.61527578246203,-0.4336135199251313,17001.68223662073
88195daf23fffff,0.0,0.0,0.0,0.0,0.0,0.0,0.0,0.0,0.0,0.0,0.0,0.0,0.0,17935.75,0.0,0.0,0.0,0.0,0.0,0.0,876,0.0,0.0,0.0,0.0,0,nothing,0.0,51.615764636410034,-0.47833489307674476,17004.329921010576
88195daf31fffff,0.0,0.0,0.0,0.0,0.0,0.0,0.0,0.0,0.0,0.0,0.0,0.0,0.0,0.0,0.0,0.0,2.0,0.0,0.0,0.0,867,0.0,0.0,0.0,0.0,0,nothing,0.0,51.605957914860234,-0.46174550757322186,17003.887905740296
88195daf33fffff,0.0,0.0,0.0,0.0,0.0,0.0,0.0,0.0,50.0,0.0,0.0,0.0,17419.968335099984,160751.25,2.0,0.0,0.0,0.0,0.0,0.0,871,0.0,0.0,0.0,0.0,1,Public use,0.0,51.598208579453804,-0.45742109921062185,17004.063574717497
88195daf35fffff,0.0,0.0,1.0,0.0,0.0,0.0,0.0,0.0,0.0,0.0,1.0,0.0,0.0,310203.5,0.0,1.0,3.0,0.0,0.0,0.0,880,0.0,0.0,0.0,0.0,0,nothing,0.0,51.60801587234287,-0.47400688218265324,17004.506019671324
88195daf37fffff,0.0,0.0,0.0,0.0,0.0,4.0,0.0,0.0,1.0,0.0,0.0,0.0,0.0,493503.3333333333,0.0,0.0,0.0,0.0,0.0,0.0,883,0.0,0.0,0.0,0.0,0,nothing,0.0,51.60026669170885,-0.4696802047339619,17004.681878019957
88195daf39fffff,0.0,0.0,0.0,0.0,0.0,0.0,0.0,0.0,0.0,0.0,0.0,0.0,16670.19361467299,0.0,3.0,0.0,1.0,0.0,0.0,0.0,849,0.0,0.0,0.0,0.0,1,Public use,0.0,51.61164792949666,-0.4538097604925335,17003.094004451516
88195daf3bfffff,0.0,0.0,0.0,0.0,0.0,0.0,0.0,0.0,2.0,0.0,0.0,0.0,278661.5308875998,1000230.0,2.0,0.0,1.0,0.0,0.0,0.0,853,0.0,0.0,0.0,0.0,1,Public use,0.0,51.603898855654414,-0.4494862887889747,17003.26972437864
88195daf3dfffff,0.0,0.0,0.0,0.0,0.0,0.0,1.0,0.0,0.0,0.0,0.0,0.0,0.0,0.0,0.0,0.0,4.0,0.0,0.0,0.0,863,0.0,0.0,0.0,0.0,0,nothing,0.0,51.61370683404165,-0.4660712487045145,17003.711996495167
88195daf53fffff,0.0,0.0,0.0,0.0,0.0,0.0,0.0,0.0,0.0,0.0,0.0,0.0,0.0,1399670.5250000001,0.0,0.0,0.0,0.0,0.0,0.0,779,0.0,0.0,0.0,0.0,0,nothing,0.0,51.618899432199676,-0.4134181654412118,17000.270716317966
88195daf57fffff,0.0,0.0,0.0,0.0,0.0,0.0,0.0,0.0,0.0,0.0,0.0,0.0,0.0,544015.9,0.0,0.0,0.0,0.0,0.0,0.0,796,0.0,0.0,0.0,0.0,0,nothing,0.0,51.62096243280927,-0.4256755616758516,17000.88859927485
88195db413fffff,0.0,0.0,0.0,0.0,0.0,0.0,0.0,0.0,1.0,0.0,0.0,0.0,0.0,0.0,3.0,0.0,0.0,0.0,0.0,0.0,180,0.0,0.0,0.0,0.0,1,Public use,0.0,51.68970332869292,-0.08672566295431472,16976.756270243906
88195db417fffff,0.0,0.0,0.0,0.0,0.0,0.0,0.0,0.0,0.0,0.0,0.0,0.0,0.0,0.0,3.0,0.0,0.0,0.0,0.0,0.0,193,0.0,0.0,0.0,0.0,1,Public use,0.0,51.69179976688099,-0.09895226781758024,16977.372952416812
88195db433fffff,0.0,0.0,0.0,0.0,0.0,0.0,0.0,0.0,0.0,0.0,0.0,0.0,0.0,21885.0,0.0,0.0,0.0,0.0,0.0,0.0,225,0.0,0.0,0.0,0.0,0,nothing,0.0,51.68824347893534,-0.11913921327291244,16978.78022120257
88195db437fffff,0.0,0.0,0.0,0.0,0.0,0.0,0.0,0.0,2.0,0.0,0.0,0.0,0.0,0.0,0.0,0.0,0.0,0.0,0.0,0.0,240,0.0,0.0,0.0,0.0,0,nothing,0.0,51.69033679367716,-0.1313700945173183,16979.396894847217
88195db43bfffff,0.0,0.0,0.0,0.0,0.0,0.0,0.0,0.0,1.0,0.0,0.0,0.0,0.0,0.0,0.0,0.0,0.0,0.0,0.0,0.0,207,0.0,0.0,0.0,0.0,0,nothing,0.0,51.69389511582086,-0.1111810557837169,16977.989569563953
88195db481fffff,0.0,0.0,0.0,20.0,0.0,0.0,0.0,0.0,49.0,0.0,2.0,0.0,186182.4613508025,3201218.8702614377,0.0,14.0,16.0,0.0,0.0,0.0,208,3.0,0.0,4.0,0.0,0,nothing,0.0,51.66081255319824,-0.08188709327817006,16978.066433709155
88195db483fffff,0.0,0.0,0.0,27.0,3.0,0.0,0.0,2.0,74.0,0.0,8.0,0.0,1837622.2088068807,4769976.05882353,0.0,51.0,22.0,1.0,0.0,0.0,212,9.0,6.0,7.0,0.0,0,nothing,2.0,51.653064723353864,-0.07762409409716074,16978.23921080273
88195db485fffff,0.0,0.0,0.0,2.0,0.0,0.0,0.0,0.0,2.0,0.0,0.0,0.0,290132.8421919895,1889741.9583333335,0.0,14.0,13.0,1.0,0.0,0.0,223,3.0,0.0,2.0,0.0,0,nothing,0.0,51.662908480833146,-0.09410680282068552,16978.68379744509
88195db487fffff,0.0,0.0,0.0,15.0,3.0,0.0,2.0,1.0,47.0,0.0,2.0,0.0,726036.0598649915,3223965.120098039,0.0,17.0,14.0,1.0,0.0,0.0,227,4.0,46.0,8.0,0.0,0,nothing,0.0,51.655160794814456,-0.0898415357416906,16978.856761075695
88195db489fffff,0.0,0.0,0.0,2.0,0.0,0.0,0.0,0.0,4.0,1.0,1.0,0.0,63830.52012665124,974703.4464052287,0.0,11.0,8.0,0.0,0.0,0.0,191,0.0,8.0,5.0,0.0,0,nothing,0.0,51.66646310149325,-0.07393161359459245,16977.276177357882
88195db48bfffff,0.0,0.0,0.0,0.0,0.0,0.0,0.0,0.0,6.0,0.0,0.0,0.0,894539.473995911,2386025.259607843,0.0,18.0,2.0,0.0,0.0,0.0,194,0.0,0.0,0.0,0.0,0,nothing,0.0,51.658715538120674,-0.06966956542229472,16977.44900533172
88195db48dfffff,0.0,0.0,0.0,1.0,0.0,0.0,0.0,0.0,2.0,0.0,0.0,0.0,91394.69785477762,1411534.4722222222,0.0,5.0,2.0,0.0,0.0,0.0,204,2.0,12.0,3.0,0.0,0,nothing,0.0,51.66855997285719,-0.08615140967723689,16977.893419250253
88195db491fffff,0.0,0.0,0.0,3.0,1.0,0.0,0.0,0.0,17.0,0.0,0.0,0.0,255354.0334990855,1831062.125,0.0,24.0,18.0,0.0,0.0,0.0,202,0.0,2.0,3.0,0.0,0,nothing,0.0,51.64321918222041,-0.06114941812005429,16977.793949242743
88195db493fffff,0.0,0.0,1.0,12.0,4.0,0.0,0.0,0.0,70.0,0.0,0.0,0.0,23342.575196009697,3677894.8055555555,0.0,7.0,6.0,0.0,0.0,0.0,206,2.0,65.0,1.0,0.0,0,nothing,0.0,51.635470390460796,-0.05689131786476775,16977.966065033375
88195db495fffff,0.0,0.0,0.0,2.0,1.0,0.0,0.0,1.0,15.0,0.0,2.0,0.0,138072.8428435884,1116012.0,0.0,0.0,10.0,1.0,0.0,0.0,216,0.0,3.0,8.0,0.0,0,nothing,0.0,51.64531648370814,-0.0733624115711585,16978.41175045759
88195db497fffff,0.0,0.0,0.0,3.0,0.0,0.0,0.0,0.0,8.0,0.0,0.0,0.0,168504.29636036302,9028858.875,0.0,17.0,17.0,0.0,0.0,0.0,220,0.0,10.0,5.0,0.0,0,nothing,0.0,51.637567834645196,-0.06910204513741507,16978.584052600407
88195db499fffff,0.0,0.0,0.0,3.0,0.0,0.0,0.0,0.0,18.0,0.0,1.0,0.0,14841553.34703016,6341932.55,0.0,28.0,13.0,1.0,0.0,0.0,185,1.0,3.0,2.0,1.0,0,nothing,2.0,51.64886932005352,-0.05319575533135045,16977.00391673933
88195db49bfffff,0.0,0.0,0.0,3.0,2.0,0.0,1.0,0.0,32.0,0.0,1.0,0.0,543272.8442114979,1774602.6666666667,0.0,27.0,13.0,0.0,0.0,0.0,189,2.0,8.0,4.0,0.0,0,nothing,0.0,51.64112079478751,-0.04893860617256198,16977.176083697257
88195db49dfffff,0.0,0.0,0.0,4.0,0.0,0.0,0.0,0.0,8.0,0.0,0.0,0.0,5264493.855439677,3998902.5999999996,0.0,22.0,10.0,0.0,0.0,0.0,198,1.0,0.0,0.0,0.0,0,nothing,0.0,51.65096756490173,-0.06540883378504944,16977.621595984445
88195db4a1fffff,0.0,0.0,0.0,0.0,0.0,0.0,0.0,0.0,0.0,0.0,0.0,0.0,0.0,374483.63095238095,0.0,0.0,0.0,0.0,0.0,0.0,257,0.0,0.0,0.0,0.0,0,nothing,0.0,51.6593496743794,-0.11428296091912006,16980.091667511217
88195db4a3fffff,0.0,0.0,0.0,1.0,0.0,0.0,0.0,0.0,3.0,0.0,0.0,0.0,961179.57967686,1996362.9583333333,0.0,25.0,9.0,0.0,0.0,0.0,261,0.0,1.0,2.0,0.0,0,nothing,0.0,51.651601866546926,-0.11001447568671052,16980.264766933116
88195db4a5fffff,0.0,0.0,0.0,0.0,0.0,0.0,0.0,0.0,0.0,0.0,0.0,0.0,0.0,0.0,0.0,0.0,0.0,0.0,0.0,0.0,272,0.0,4.0,0.0,0.0,0,nothing,0.0,51.661442481293065,-0.12650694339510546,16980.709023436353
88195db4a7fffff,0.0,0.0,0.0,0.0,0.0,0.0,0.0,0.0,1.0,0.0,0.0,0.0,204968.09663546528,4105812.291666667,0.0,5.0,2.0,0.0,0.0,0.0,277,0.0,1.0,1.0,0.0,0,nothing,0.0,51.65369481830088,-0.12223618988789728,16980.88230963979
88195db4a9fffff,0.0,0.0,0.0,1.0,0.0,0.0,0.0,0.0,14.0,0.0,0.0,0.0,1452305.6056243519,2536270.3779761908,0.0,41.0,8.0,0.0,0.0,0.0,238,2.0,7.0,1.0,0.0,0,nothing,0.0,51.665003320429875,-0.10632869352228565,16979.301096420917
88195db4abfffff,0.0,0.0,0.0,0.0,0.0,0.0,0.0,0.0,0.0,0.0,0.0,0.0,51224.2481222842,2409069.0,0.0,8.0,8.0,0.0,0.0,0.0,242,2.0,1.0,0.0,0.0,0,nothing,0.0,51.65725577868809,-0.10206115819165924,16979.474246684742
88195db4adfffff,0.0,0.0,0.0,0.0,0.0,0.0,0.0,0.0,4.0,0.0,0.0,0.0,644766.9157399407,1043382.8571428572,0.0,2.0,0.0,0.0,0.0,0.0,253,0.0,9.0,0.0,0.0,0,nothing,0.0,51.66709707139296,-0.11855276485449268,16979.918330517958
88195db4b1fffff,0.0,0.0,2.0,5.0,0.0,0.0,0.0,0.0,21.0,0.0,1.0,0.0,322164.9094722355,2340390.0,0.0,2.0,8.0,1.0,0.0,0.0,250,0.0,13.0,5.0,0.0,0,nothing,0.0,51.64175946414991,-0.09353004102833692,16979.819834557322
88195db4b3fffff,0.0,0.0,0.0,12.0,1.0,0.0,0.0,0.0,38.0,0.0,0.0,0.0,257952.4490901085,919458.4166666666,0.0,33.0,7.0,0.0,0.0,0.0,254,0.0,1.0,6.0,0.0,0,nothing,0.0,51.63401069212209,-0.08926645806946386,16979.99227201912
88195db4b5fffff,0.0,0.0,0.0,0.0,0.0,0.0,0.0,0.0,4.0,0.0,0.0,0.0,730093.9106583572,228888.0,0.0,6.0,19.0,0.0,0.0,0.0,265,0.0,7.0,4.0,0.0,0,nothing,0.0,51.6438536482799,-0.10574730859381605,16980.437628710046
88195db4b7fffff,0.0,0.0,0.0,8.0,1.0,0.0,0.0,0.0,22.0,0.0,1.0,0.0,51684.69013717099,2799408.0,0.0,3.0,9.0,1.0,0.0,0.0,270,0.0,4.0,7.0,0.0,0,nothing,0.0,51.63610501996264,-0.10148145907726856,16980.610252768478
88195db4b9fffff,0.0,0.0,0.0,2.0,1.0,0.0,0.0,0.0,28.0,0.0,1.0,0.0,307821.80620017945,1896042.1041666667,0.0,11.0,10.0,0.0,0.0,0.0,231,2.0,51.0,1.0,0.0,0,nothing,0.0,51.64741269865531,-0.08557758600044062,16979.029487223328
88195db4bbfffff,0.0,0.0,0.0,2.0,1.0,0.0,0.0,1.0,15.0,0.0,0.0,0.0,0.0,4604168.416666667,0.0,27.0,9.0,0.0,0.0,0.0,235,98.0,6.0,5.0,0.0,0,nothing,0.0,51.63966419273996,-0.08131495303391062,16979.201975814565
88195db4bdfffff,0.0,0.0,0.0,0.0,0.0,0.0,0.0,0.0,3.0,0.0,0.0,0.0,145189.3451963119,1708897.5,0.0,2.0,2.0,0.0,0.0,0.0,246,0.0,1.0,2.0,0.0,0,nothing,0.0,51.64950782646667,-0.09779494088142979,16979.647159421387
88195db4c1fffff,0.0,0.0,0.0,0.0,0.0,0.0,0.0,0.0,0.0,0.0,0.0,0.0,166631.38321197196,1002347.3402777778,1.0,0.0,0.0,0.0,0.0,0.0,171,0.0,2.0,0.0,0.0,1,Public use,0.0,51.67985932604328,-0.07023751048798366,16976.31287613929
88195db4c3fffff,0.0,0.0,0.0,1.0,0.0,0.0,0.0,0.0,16.0,0.0,0.0,0.0,533297.6590551968,355596.985645933,0.0,1.0,0.0,0.0,0.0,0.0,174,0.0,48.0,1.0,0.0,0,nothing,0.0,51.672112439574796,-0.06597509679488238,16976.485992057966
88195db4c5fffff,0.0,0.0,0.0,2.0,0.0,0.0,0.0,0.0,7.0,0.0,0.0,0.0,733708.942019165,0.0,0.0,0.0,0.0,0.0,0.0,0.0,183,0.0,22.0,0.0,0.0,0,nothing,0.0,51.681956997163304,-0.08245966179705269,16976.92980974048
88195db4c7fffff,0.0,0.0,0.0,1.0,0.0,0.0,0.0,0.0,0.0,0.0,0.0,0.0,190263.38333705792,668613.8333333333,0.0,0.0,0.0,0.0,0.0,0.0,187,0.0,0.0,0.0,0.0,0,nothing,0.0,51.674210254635426,-0.07819497886504714,16977.103112136316
88195db4c9fffff,0.0,0.0,0.0,0.0,0.0,0.0,0.0,0.0,0.0,0.0,0.0,0.0,0.0,16557254.572916668,2.0,0.0,0.0,0.0,0.0,0.0,154,0.0,0.0,0.0,0.0,1,Public use,0.0,51.68550718695629,-0.06227900465014281,16975.522711295165
88195db4cbfffff,0.0,0.0,0.0,1.0,0.0,0.0,0.0,0.0,0.0,0.0,0.0,0.0,1166056.7400266433,8905374.435745614,1.0,5.0,2.0,0.0,0.0,0.0,158,0.0,2.0,2.0,0.0,1,Public use,0.0,51.67776056731845,-0.058017542983136224,16975.695877845443
88195db4cdfffff,0.0,0.0,0.0,0.0,0.0,0.0,0.0,0.0,0.0,0.0,0.0,0.0,0.0,0.0,3.0,0.0,0.0,0.0,0.0,0.0,167,0.0,0.0,0.0,0.0,1,Public use,0.0,51.68760580185267,-0.07450124172260802,16976.139523163853
88195db4d1fffff,0.0,0.0,0.0,0.0,0.0,0.0,0.0,1.0,8.0,0.0,1.0,0.0,0.0,2561001.3896103897,0.0,12.0,10.0,0.0,0.0,0.0,164,0.0,1.0,2.0,0.0,0,nothing,0.0,51.66226609746644,-0.04949856965893288,16976.041499834366
88195db4d3fffff,0.0,0.0,0.0,0.0,0.0,0.0,0.0,0.0,19.0,0.0,0.0,0.0,100870.14345935457,3862797.3928571427,0.0,17.0,8.0,0.0,0.0,0.0,168,0.0,27.0,1.0,2.0,0,nothing,0.0,51.65451824801987,-0.04524105687557168,16976.213955126386
88195db4d5fffff,0.0,0.0,0.0,1.0,0.0,0.0,1.0,0.0,8.0,0.0,0.0,0.0,821448.5609742182,978167.9090909091,0.0,19.0,8.0,0.0,0.0,0.0,177,0.0,3.0,2.0,0.0,0,nothing,0.0,51.664365142831095,-0.06171400007978942,16976.658870846433
88195db4d7fffff,0.0,0.0,0.0,4.0,1.0,0.0,0.0,0.0,13.0,0.0,0.0,0.0,8478149.794150297,12069564.6,0.0,57.0,9.0,0.0,0.0,0.0,181,0.0,1.0,0.0,0.0,0,nothing,2.0,51.65661743619603,-0.05745421977958439,16976.83151243132
88195db4d9fffff,0.0,0.0,0.0,0.0,0.0,0.0,0.0,0.0,18.0,0.0,0.0,0.0,266005.84096125315,1499911.183982684,0.0,22.0,11.0,0.0,0.0,0.0,148,1.0,3.0,3.0,0.0,0,nothing,0.0,51.66791354858861,-0.04154188352747754,16975.251558229702
88195db4dbfffff,0.0,0.0,0.0,0.0,0.0,0.0,0.0,0.0,1.0,0.0,0.0,0.0,44083.45742883043,510487.4415584416,0.0,0.0,3.0,0.0,0.0,0.0,152,0.0,2.0,3.0,0.0,0,nothing,0.0,51.66016596599508,-0.037285322857103786,16975.42406444007
88195db4ddfffff,0.0,0.0,0.0,0.0,0.0,0.0,0.0,0.0,0.0,0.0,0.0,0.0,323900.2079855925,6779398.009569378,0.0,8.0,4.0,0.0,0.0,0.0,161,0.0,0.0,0.0,0.0,0,nothing,0.0,51.67001353736057,-0.05375739817379849,16975.86880738296
88195db4e1fffff,0.0,0.0,0.0,0.0,0.0,0.0,0.0,0.0,0.0,0.0,0.0,0.0,940669.6594926704,459585.0,0.0,0.0,8.0,0.0,0.0,0.0,215,0.0,0.0,0.0,0.0,0,nothing,0.0,51.67840262091264,-0.10264129124520283,16978.337158029004
88195db4e3fffff,0.0,0.0,0.0,0.0,0.0,0.0,0.0,0.0,0.0,1.0,0.0,0.0,158405.65702063363,171206.0,0.0,0.0,2.0,0.0,0.0,0.0,219,0.0,1.0,1.0,0.0,0,nothing,0.0,51.670655756327264,-0.09837338780065075,16978.510596404998
88195db4e5fffff,0.0,0.0,0.0,0.0,0.0,0.0,0.0,0.0,0.0,0.0,0.0,0.0,0.0,853515.0,0.0,0.0,0.0,0.0,0.0,0.0,230,0.0,0.0,0.0,0.0,0,nothing,0.0,51.6804971709377,-0.11486772049896334,16978.954083606128
88195db4e7fffff,0.0,0.0,0.0,0.0,0.0,0.0,0.0,0.0,0.0,0.0,0.0,0.0,0.0,57965.71428571428,0.0,1.0,0.0,0.0,0.0,0.0,234,0.0,0.0,0.0,0.0,0,nothing,0.0,51.67275045130783,-0.11059754743677289,16979.127708703494
88195db4e9fffff,0.0,0.0,0.0,0.0,0.0,0.0,0.0,0.0,2.0,0.0,0.0,0.0,532522.7142815116,10942.5,0.0,0.0,4.0,0.0,0.0,0.0,197,0.0,0.0,1.0,0.0,0,nothing,0.0,51.68405358008259,-0.0946839963831664,16977.546678530492
88195db4ebfffff,0.0,0.0,0.0,0.0,0.0,0.0,0.0,0.0,0.0,0.0,0.0,0.0,575095.5921025985,542998.0,0.0,0.0,3.0,0.0,0.0,0.0,201,0.0,0.0,0.0,0.0,0,nothing,0.0,51.676306981946645,-0.09041704385769152,16977.720167499512
88195db4edfffff,0.0,0.0,0.0,0.0,0.0,0.0,0.0,0.0,10.0,0.0,0.0,0.0,556963.4020442273,2276040.0,3.0,0.0,3.0,1.0,0.0,0.0,211,0.0,0.0,0.0,0.0,1,Public use,0.0,51.68614907420521,-0.10691051371817457,16978.163482390748
88195db581fffff,0.0,0.0,0.0,0.0,0.0,0.0,0.0,0.0,0.0,0.0,0.0,0.0,0.0,3230225.8333333335,0.0,0.0,2.0,0.0,0.0,0.0,317,0.0,0.0,0.0,0.0,0,nothing,0.0,51.67546117700062,-0.16747084588501643,16982.386615741583
88195db583fffff,0.0,0.0,0.0,0.0,0.0,0.0,0.0,0.0,3.0,0.0,0.0,0.0,213432.6255148132,558864.0,0.0,9.0,5.0,0.0,0.0,0.0,322,1.0,0.0,1.0,0.0,0,nothing,0.0,51.66771436341561,-0.16319196401009986,16982.560700615108
88195db587fffff,0.0,0.0,0.0,1.0,2.0,0.0,0.0,0.0,8.0,0.0,0.0,0.0,46525.78464431254,454267.8872053872,0.0,2.0,2.0,1.0,0.0,0.0,338,1.0,1.0,1.0,0.0,0,nothing,0.0,51.669802809266315,-0.17542466017114128,16983.177795745825
88195db589fffff,0.0,0.0,0.0,0.0,0.0,0.0,0.0,0.0,0.0,0.0,0.0,0.0,0.0,2933223.6666666665,4.0,0.0,3.0,0.0,0.0,1603.4985422740524,296,0.0,1.0,0.0,0.0,1,Public use,0.0,51.68111833442382,-0.15951599051291163,16981.59550695951
88195db58bfffff,0.0,0.0,0.0,0.0,0.0,0.0,0.0,0.0,0.0,0.0,0.0,0.0,141614.4105022273,1996172.5000000002,0.0,0.0,1.0,0.0,0.0,0.0,301,1.0,0.0,0.0,0.0,0,nothing,0.0,51.67337178652609,-0.15523805733503182,16981.76964234822
88195db58dfffff,0.0,0.0,0.0,0.0,0.0,0.0,0.0,0.0,0.0,0.0,0.0,0.0,0.0,154810.5,0.0,0.0,0.0,0.0,0.0,0.0,312,0.0,0.0,0.0,0.0,0,nothing,0.0,51.68320757802386,-0.17175104975735278,16982.212293194472
88195db591fffff,0.0,0.0,0.0,3.0,0.0,0.0,0.0,0.0,9.0,0.0,0.0,0.0,412829.1971729965,3784405.6666666665,0.0,0.0,0.0,0.0,0.0,0.0,310,0.0,46.0,0.0,0.0,0,nothing,0.0,51.657877454449235,-0.14668615435938004,16982.117200162666
88195db593fffff,0.0,0.0,0.0,0.0,0.0,0.0,0.0,0.0,7.0,0.0,1.0,0.0,1446678.9620889074,982865.5,0.0,10.0,0.0,0.0,0.0,0.0,315,1.0,9.0,5.0,0.0,0,nothing,0.0,51.65012967103919,-0.1424121834330042,16982.290622440567
88195db595fffff,0.0,0.0,0.0,0.0,0.0,0.0,0.0,0.0,0.0,0.0,0.0,0.0,9609.444684207809,3219569.0,0.0,0.0,3.0,0.0,0.0,0.0,327,0.0,2.0,0.0,0.0,0,nothing,0.0,51.659967137653425,-0.15891440356796874,16982.734547741005
88195db597fffff,0.0,0.0,0.0,1.0,0.0,0.0,0.0,0.0,2.0,0.0,3.0,0.0,1554589.655237229,2799418.0,1.0,22.0,11.0,1.0,4.0,0.0,331,2.0,8.0,4.0,0.0,1,Public use,0.0,51.65221950009871,-0.154638163994205,16982.90815704529
88195db599fffff,0.0,0.0,0.0,1.0,0.0,0.0,0.0,0.0,9.0,0.0,0.0,0.0,1594.4648521355095,0.0,0.0,1.0,0.0,0.0,0.0,0.0,288,1.0,47.0,0.0,0.0,0,nothing,0.0,51.6635341988338,-0.13873310508970005,16981.32631434134
88195db59bfffff,0.0,0.0,0.0,1.0,0.0,0.0,0.0,0.0,1.0,0.0,0.0,0.0,657998.337180938,0.0,0.0,0.0,0.0,0.0,0.0,0.0,293,0.0,4.0,0.0,0.0,0,nothing,0.0,51.65578668113336,-0.13446008295556447,16981.499787422603
88195db59dfffff,0.0,0.0,0.0,1.0,0.0,0.0,0.0,0.0,0.0,0.0,0.0,0.0,50899.89637875503,0.0,0.0,0.0,1.0,0.0,0.0,0.0,305,0.0,0.0,0.0,0.0,0,nothing,0.0,51.665624826406386,-0.15096144547199608,16981.94354010726
88195db5a1fffff,0.0,0.0,0.0,0.0,0.0,0.0,0.0,0.0,0.0,0.0,0.0,0.0,0.0,296054.0,0.0,0.0,0.0,0.0,0.0,0.0,371,0.0,0.0,0.0,0.0,0,nothing,0.0,51.673976425111846,-0.19989658322559795,16984.411789399153
88195db5a3fffff,0.0,0.0,0.0,0.0,0.0,0.0,0.0,0.0,4.0,0.0,0.0,0.0,55618.5888425333,3010593.625,0.0,1.0,5.0,0.0,0.0,0.0,377,0.0,0.0,0.0,0.0,0,nothing,0.0,51.66622964064568,-0.1956122126941556,16984.58619831474
88195db5a7fffff,0.0,0.0,0.0,0.0,0.0,0.0,0.0,0.0,0.0,0.0,0.0,0.0,0.0,976567.8888888889,0.0,0.0,0.0,0.0,0.0,0.0,393,0.0,0.0,0.0,0.0,0,nothing,0.0,51.66831495745316,-0.20784916778869858,16985.203284054845
88195db5abfffff,0.0,0.0,0.0,0.0,0.0,0.0,0.0,0.0,0.0,0.0,0.0,0.0,0.0,40487.454545454544,0.0,0.0,0.0,0.0,0.0,0.0,355,0.0,0.0,0.0,0.0,0,nothing,0.0,51.671890163363415,-0.1876595334212515,16983.794825380253
88195db5b1fffff,0.0,0.0,0.0,1.0,0.0,0.0,0.0,0.0,1.0,0.0,0.0,0.0,413724.19064977096,10207.0,0.0,3.0,1.0,0.0,0.0,0.0,364,0.0,0.0,0.0,0.0,0,nothing,0.0,51.656395886857666,-0.17909665534955066,16984.143030582505
88195db5b3fffff,0.0,0.0,1.0,6.0,1.0,0.0,0.0,0.0,15.0,0.0,1.0,0.0,2356474.577084723,349423.1666666667,0.0,23.0,10.0,1.0,0.0,0.0,369,1.0,5.0,3.0,0.0,0,nothing,0.0,51.64864813028138,-0.17481719909783797,16984.31677624501
88195db5b5fffff,0.0,0.0,0.0,0.0,0.0,0.0,0.0,0.0,1.0,0.0,0.0,0.0,0.0,604963.4097222221,0.0,3.0,3.0,0.0,0.0,0.0,382,0.0,12.0,0.0,0.0,0,nothing,0.0,51.6584824433674,-0.1913291650771474,16984.76036927668
88195db5b7fffff,0.0,0.0,0.0,0.0,0.0,0.0,0.0,0.0,3.0,0.0,1.0,0.0,907748.3681281167,2054013.976190476,0.0,25.0,8.0,1.0,0.0,0.0,386,1.0,3.0,3.0,0.0,0,nothing,0.0,51.65073483366188,-0.1870474398097545,16984.934302210775
88195db5b9fffff,0.0,0.0,0.0,0.0,0.0,0.0,0.0,0.0,0.0,0.0,0.0,0.0,0.0,249039.55723905723,0.0,0.0,1.0,0.0,0.0,0.0,343,0.0,0.0,0.0,0.0,0,nothing,0.0,51.662055730150875,-0.1711448300490043,16983.351830038566
88195db5bbfffff,0.0,0.0,0.0,0.0,0.0,0.0,1.0,0.0,0.0,0.0,0.0,0.0,561157.5581563403,205201.83333333334,0.0,1.0,6.0,0.0,0.0,0.0,348,0.0,7.0,0.0,0.0,0,nothing,0.0,51.654308238903155,-0.16686632147732053,16983.525626465642
88195db5bdfffff,0.0,0.0,0.0,0.0,0.0,0.0,0.0,0.0,1.0,0.0,0.0,0.0,65484.56726299332,556548.2626262626,0.0,1.0,1.0,0.0,0.0,0.0,360,0.0,1.0,1.0,0.0,0,nothing,0.0,51.664143231346614,-0.18337743326917127,16983.96904693622
88195db5c3fffff,0.0,0.0,0.0,0.0,0.0,0.0,0.0,0.0,4.0,0.0,0.0,0.0,0.0,696647.25,3.0,0.0,0.0,0.0,0.0,1603.4985422740524,275,0.0,0.0,0.0,0.0,1,Public use,0.0,51.68677428141037,-0.15156009415715804,16980.80446943562
88195db5c7fffff,0.0,0.0,0.0,0.0,0.0,0.0,0.0,0.0,1.0,0.0,0.0,0.0,0.0,1302988.375,0.0,0.0,0.0,0.0,0.0,0.0,291,0.0,0.0,0.0,0.0,0,nothing,0.0,51.68886446971506,-0.16379524557036215,16981.421134015185
88195db5d1fffff,0.0,0.0,0.0,0.0,0.0,0.0,0.0,0.0,1.0,0.0,0.0,0.0,0.0,0.0,0.0,0.0,3.0,0.0,0.0,0.0,264,0.0,2.0,0.0,0.0,0,nothing,0.0,51.676936573418104,-0.13505240913003125,16980.361738256794
88195db5d3fffff,0.0,0.0,0.0,1.0,0.0,0.0,0.0,0.0,0.0,0.0,0.0,0.0,0.0,0.0,0.0,0.0,0.0,0.0,0.0,0.0,268,0.0,0.0,0.0,0.0,0,nothing,0.0,51.66918973312694,-0.13077901628783012,16980.535499617432
88195db5d5fffff,0.0,0.0,0.0,0.0,0.0,0.0,0.0,0.0,0.0,0.0,0.0,0.0,111577.90000117628,0.0,0.0,0.0,1.0,0.0,0.0,0.0,279,0.0,0.0,0.0,0.0,0,nothing,0.0,51.67902799935676,-0.14728311012614717,16980.978655273942
88195db5d7fffff,0.0,0.0,0.0,0.0,0.0,0.0,0.0,0.0,3.0,0.0,0.0,0.0,5597.683835566679,0.0,0.0,0.0,0.0,0.0,0.0,0.0,284,0.0,1.0,0.0,0.0,0,nothing,0.0,51.67128130503643,-0.14300744729182596,16981.152603600494
88195db5dbfffff,0.0,0.0,0.0,0.0,0.0,0.0,0.0,0.0,2.0,0.0,0.0,0.0,189720.88890015535,0.0,0.0,1.0,2.0,0.0,0.0,0.0,249,0.0,5.0,0.0,0.0,0,nothing,0.0,51.67484405720328,-0.12282388805659757,16979.74475602702
88195db5ddfffff,0.0,0.0,0.0,0.0,0.0,0.0,0.0,0.0,2.0,0.0,0.0,0.0,0.0,0.0,0.0,0.0,1.0,0.0,0.0,0.0,259,0.0,0.0,0.0,0.0,0,nothing,0.0,51.68468300178221,-0.13932712248599974,16980.187739428293
88195db697fffff,0.0,0.0,0.0,0.0,0.0,0.0,0.0,0.0,1.0,0.0,0.0,0.0,3222.420882459559,0.0,4.0,0.0,0.0,0.0,0.0,5612.244897959184,107,0.0,1.0,0.0,0.0,1,Public use,0.0,51.677101858731945,-0.013411908472638942,16973.054818301902
88195db6b1fffff,0.0,0.0,0.0,0.0,0.0,0.0,0.0,0.0,2.0,0.0,0.0,0.0,256400.42437434028,7767266.094696969,4.0,21.0,10.0,0.0,0.0,0.0,130,1.0,8.0,1.0,0.0,1,Public use,0.0,51.68130669537955,-0.037841085088934724,16974.288893665624
88195db6b3fffff,0.0,0.0,0.0,0.0,2.0,3.0,0.0,1.0,10.0,1.0,0.0,0.0,17841.32267662945,2354433.0637626266,0.0,10.0,8.0,1.0,0.0,0.0,133,0.0,3.0,3.0,0.0,0,nothing,0.0,51.67355978943832,-0.03358416148980772,16974.46168765338
88195db6b5fffff,0.0,0.0,0.0,1.0,0.0,0.0,0.0,0.0,2.0,0.0,0.0,0.0,1041483.7849321712,11010548.951388888,3.0,18.0,2.0,0.0,0.0,0.0,142,1.0,0.0,0.0,0.0,1,Public use,0.0,51.683407484599876,-0.05005895226368571,16974.905834756304
88195db6b7fffff,0.0,0.0,0.0,0.0,0.0,0.0,0.0,0.0,6.0,0.0,0.0,0.0,0.0,7961974.2867690055,0.0,5.0,2.0,1.0,0.0,0.0,145,0.0,7.0,0.0,0.0,0,nothing,0.0,51.675660721584784,-0.04579975980867591,16975.078814977354
88195db6b9fffff,0.0,0.0,0.0,0.0,0.0,0.0,0.0,0.0,0.0,0.0,0.0,0.0,0.0,11411271.749999998,0.0,0.0,0.0,0.0,0.0,0.0,115,0.0,0.0,0.0,0.0,0,nothing,0.0,51.68695145862087,-0.02988137411929786,16973.49904348373
88195db6bbfffff,0.0,0.0,0.0,0.0,0.0,0.0,0.0,0.0,3.0,0.0,0.0,0.0,1009648.0434233017,10110013.218434343,3.0,12.0,3.0,0.0,0.0,0.0,118,1.0,0.0,0.0,0.0,1,Public use,0.0,51.67920481989151,-0.02562540365066546,16973.67188814142
88195db6bdfffff,0.0,0.0,0.0,0.0,0.0,0.0,0.0,0.0,0.0,0.0,0.0,0.0,0.0,28104.458333333332,0.0,0.0,0.0,0.0,0.0,0.0,127,0.0,0.0,0.0,0.0,0,nothing,0.0,51.689053191294946,-0.04209932474098663,16974.115862826497
